{"type": "FeatureCollection", "features": [{"geometry": {"type": "Polygon", "coordinates": [[[301625.34627149894, 2772748.8927914198], [301783.5709359286, 2772749.49230401], [301784.0712460357, 2772617.6481814254], [301625.8450527737, 2772617.048689678], [301625.34627149894, 2772748.8927914198]]]}, "properties": {"height": 10.5, "color": "rgb(0,0,255)"}}, {"geometry": {"type": "Polygon", "coordinates": [[[302355.22052987304, 2772706.422563951], [302444.0969012948, 2772706.763837837], [302444.41234931763, 2772624.681653135], [302355.53544326144, 2772624.340386635], [302355.22052987304, 2772706.422563951]]]}, "properties": {"height": 21, "color": "rgb(0,0,255)"}}, {"geometry": {"type": "Polygon", "coordinates": [[[301973.640193335, 2772611.5878884275], [302007.0249884966, 2772611.715075459], [302007.1264208777, 2772585.0989378877], [301973.7415605979, 2772584.9717517495], [301973.640193335, 2772611.5878884275]]]}, "properties": {"height": 49, "color": "rgb(0,0,255)"}}, {"geometry": {"type": "Polygon", "coordinates": [[[302012.19112614065, 2772614.4919546014], [302041.4557876028, 2772614.603523421], [302041.5684152736, 2772585.0692833466], [302012.3036904714, 2772584.957715397], [302012.19112614065, 2772614.4919546014]]]}, "properties": {"height": 49, "color": "rgb(0,0,255)"}}, {"geometry": {"type": "Polygon", "coordinates": [[[301894.5197918488, 2772666.531670365], [301925.5978725577, 2772666.649889301], [301925.7064464567, 2772638.1157567487], [301894.62830075924, 2772637.997538702], [301894.5197918488, 2772666.531670365]]]}, "properties": {"height": 45.5, "color": "rgb(0,0,255)"}}, {"geometry": {"type": "Polygon", "coordinates": [[[301889.92859130044, 2772531.4724466694], [301925.1710944004, 2772531.606492883], [301925.4087259359, 2772469.1505992203], [301890.166061537, 2772469.0165552143], [301889.92859130044, 2772531.4724466694]]]}, "properties": {"height": 17.5, "color": "rgb(0,0,255)"}}, {"geometry": {"type": "Polygon", "coordinates": [[[301882.15858841274, 2772702.94747777], [301909.2375302793, 2772703.050457293], [301909.31999149383, 2772681.372476353], [301882.2410066068, 2772681.2694974183], [301882.15858841274, 2772702.94747777]]]}, "properties": {"height": 49, "color": "rgb(0,0,255)"}}, {"geometry": {"type": "Polygon", "coordinates": [[[301911.74478506093, 2772585.111194004], [301947.397819781, 2772585.2468622047], [301947.5233167932, 2772552.2779080244], [301911.8701959331, 2772552.1422410035], [301911.74478506093, 2772585.111194004]]]}, "properties": {"height": 17.5, "color": "rgb(0,0,255)"}}, {"geometry": {"type": "Polygon", "coordinates": [[[302065.68115446594, 2772615.5576790795], [302130.9680882447, 2772615.806921653], [302131.0540810148, 2772593.295880148], [302065.76703953213, 2772593.046639054], [302065.68115446594, 2772615.5576790795]]]}, "properties": {"height": 14, "color": "rgb(0,0,255)"}}, {"geometry": {"type": "Polygon", "coordinates": [[[302096.18422987626, 2772798.1091796705], [302119.19853559026, 2772798.197062577], [302119.29085096176, 2772774.0272460277], [302096.27650448034, 2772773.9393636812], [302096.18422987626, 2772798.1091796705]]]}, "properties": {"height": 56, "color": "rgb(0,0,255)"}}, {"geometry": {"type": "Polygon", "coordinates": [[[302063.282895599, 2772799.030363338], [302085.9374680511, 2772799.1168176737], [302086.029653659, 2772774.965572759], [302063.37504110753, 2772774.8791189743], [302063.282895599, 2772799.030363338]]]}, "properties": {"height": 56, "color": "rgb(0,0,255)"}}, {"geometry": {"type": "Polygon", "coordinates": [[[301861.18565079843, 2772763.3760473137], [301886.83600008197, 2772763.4735556426], [301886.9615479997, 2772730.4551472566], [301861.3111366458, 2772730.357639776], [301861.18565079843, 2772763.3760473137]]]}, "properties": {"height": 35, "color": "rgb(0,0,255)"}}, {"geometry": {"type": "Polygon", "coordinates": [[[302025.01365571923, 2772830.507995914], [302044.839852106, 2772830.583599928], [302044.94126041594, 2772803.995499609], [302025.1150253947, 2772803.919896125], [302025.01365571923, 2772830.507995914]]]}, "properties": {"height": 49, "color": "rgb(0,0,255)"}}, {"geometry": {"type": "Polygon", "coordinates": [[[302071.3902262557, 2772900.0940399054], [302162.08538551687, 2772900.4404449626], [302162.1421446287, 2772885.5927572604], [302071.44688667054, 2772885.2463535587], [302071.3902262557, 2772900.0940399054]]]}, "properties": {"height": 17.5, "color": "rgb(0,0,255)"}}, {"geometry": {"type": "Polygon", "coordinates": [[[302025.8483669418, 2772829.6484174593], [302043.26064968825, 2772829.7148159025], [302043.3541513232, 2772805.1990113896], [302025.94183729077, 2772805.132613375], [302025.8483669418, 2772829.6484174593]]]}, "properties": {"height": 49, "color": "rgb(0,0,255)"}}, {"geometry": {"type": "Polygon", "coordinates": [[[302025.5758456667, 2772762.9631057032], [302047.8363572731, 2772763.047993137], [302047.97265701933, 2772727.3127690502], [302025.7120871132, 2772727.2278824155], [302025.5758456667, 2772762.9631057032]]]}, "properties": {"height": 24.5, "color": "rgb(0,0,255)"}}, {"geometry": {"type": "Polygon", "coordinates": [[[302026.55299834604, 2772797.66752758], [302044.2165599789, 2772797.734884419], [302044.29592240934, 2772776.926452506], [302026.63233383885, 2772776.8590960363], [302026.55299834604, 2772797.66752758]]]}, "properties": {"height": 49, "color": "rgb(0,0,255)"}}, {"geometry": {"type": "Polygon", "coordinates": [[[302302.5437503871, 2772417.716527934], [302341.9520618009, 2772417.8676093607], [302342.0353916769, 2772396.1398197366], [302302.6270175182, 2772395.988739176], [302302.5437503871, 2772417.716527934]]]}, "properties": {"height": 24.5, "color": "rgb(0,0,255)"}}, {"geometry": {"type": "Polygon", "coordinates": [[[302243.1200995511, 2772630.8936711517], [302266.03397037374, 2772630.9814111567], [302266.17922160635, 2772593.0561837377], [302243.2652870986, 2772592.968444611], [302243.1200995511, 2772630.8936711517]]]}, "properties": {"height": 35, "color": "rgb(0,0,255)"}}, {"geometry": {"type": "Polygon", "coordinates": [[[302127.1346642224, 2772592.0421671425], [302223.2151431093, 2772592.4095061617], [302223.30132403085, 2772569.888843215], [302127.22068657365, 2772569.5215063766], [302127.1346642224, 2772592.0421671425]]]}, "properties": {"height": 14, "color": "rgb(0,0,255)"}}, {"geometry": {"type": "Polygon", "coordinates": [[[302332.8518228545, 2772638.9312096247], [302346.14061028615, 2772638.9821768687], [302346.3628487201, 2772581.044312503], [302333.074004865, 2772580.993346038], [302332.8518228545, 2772638.9312096247]]]}, "properties": {"height": 31.5, "color": "rgb(0,0,255)"}}, {"geometry": {"type": "Polygon", "coordinates": [[[302192.84808464185, 2772689.158638318], [302221.2194987327, 2772689.267179678], [302221.3872873363, 2772645.4208347653], [302193.01578207884, 2772645.3122946597], [302192.84808464185, 2772689.158638318]]]}, "properties": {"height": 17.5, "color": "rgb(0,0,255)"}}, {"geometry": {"type": "Polygon", "coordinates": [[[302311.4889589342, 2772639.3065528395], [302323.13232236024, 2772639.3511903733], [302323.3545209934, 2772581.3982391604], [302311.7111081175, 2772581.353602309], [302311.4889589342, 2772639.3065528395]]]}, "properties": {"height": 31.5, "color": "rgb(0,0,255)"}}, {"geometry": {"type": "Polygon", "coordinates": [[[302326.53309906594, 2772531.745151925], [302346.3729058558, 2772531.821236897], [302346.58628243936, 2772476.1914919373], [302326.7463947703, 2772476.115408081], [302326.53309906594, 2772531.745151925]]]}, "properties": {"height": 17.5, "color": "rgb(0,0,255)"}}, {"geometry": {"type": "Polygon", "coordinates": [[[302149.4206246541, 2772827.0202231333], [302182.0814772061, 2772827.145082986], [302182.1843725066, 2772800.2380216657], [302149.52345554647, 2772800.1131626987], [302149.4206246541, 2772827.0202231333]]]}, "properties": {"height": 49, "color": "rgb(0,0,255)"}}, {"geometry": {"type": "Polygon", "coordinates": [[[302312.0332876378, 2772816.810868911], [302342.1329801417, 2772816.926293023], [302342.2767852597, 2772779.4360973015], [302312.1770100523, 2772779.3206743305], [302312.0332876378, 2772816.810868911]]]}, "properties": {"height": 38.5, "color": "rgb(0,0,255)"}}, {"geometry": {"type": "Polygon", "coordinates": [[[302313.4560317983, 2772764.4656459447], [302351.5257843891, 2772764.6116450164], [302351.64779895416, 2772732.8073318424], [302313.57795762696, 2772732.6613339954], [302313.4560317983, 2772764.4656459447]]]}, "properties": {"height": 17.5, "color": "rgb(0,0,255)"}}, {"geometry": {"type": "Polygon", "coordinates": [[[302209.57928503456, 2772920.672176679], [302262.4725790163, 2772920.8746637255], [302262.6631963221, 2772871.1067420384], [302209.7697094049, 2772870.9042576496], [302209.57928503456, 2772920.672176679]]]}, "properties": {"height": 7, "color": "rgb(0,0,255)"}}, {"geometry": {"type": "Polygon", "coordinates": [[[302308.5257351436, 2772819.0039892714], [302341.3961539423, 2772819.130033365], [302341.557452972, 2772777.0785641423], [302308.6869328683, 2772776.952521446], [302308.5257351436, 2772819.0039892714]]]}, "properties": {"height": 14, "color": "rgb(0,0,255)"}}, {"geometry": {"type": "Polygon", "coordinates": [[[301750.0515608572, 2772375.0743163824], [301787.56721972197, 2772375.216618125], [301787.6642696274, 2772349.6400652374], [301750.14854045206, 2772349.497764456], [301750.0515608572, 2772375.0743163824]]]}, "properties": {"height": 17.5, "color": "rgb(0,0,255)"}}, {"geometry": {"type": "Polygon", "coordinates": [[[301679.66653822304, 2772458.223242615], [301717.1050203597, 2772458.3650632803], [301717.2270142034, 2772426.1720405174], [301679.78844374645, 2772426.030221056], [301679.66653822304, 2772458.223242615]]]}, "properties": {"height": 14, "color": "rgb(0,0,255)"}}, {"geometry": {"type": "Polygon", "coordinates": [[[301610.47524688503, 2772452.0898192255], [301627.4452448391, 2772452.1540043335], [301627.56279338116, 2772421.0801123087], [301610.5927567854, 2772421.0159277273], [301610.47524688503, 2772452.0898192255]]]}, "properties": {"height": 31.5, "color": "rgb(0,0,255)"}}, {"geometry": {"type": "Polygon", "coordinates": [[[301788.6184311941, 2772385.7546712086], [301808.8296587944, 2772385.83137964], [301808.9932432417, 2772342.73805191], [301788.7819518195, 2772342.6613443503], [301788.6184311941, 2772385.7546712086]]]}, "properties": {"height": 17.5, "color": "rgb(0,0,255)"}}, {"geometry": {"type": "Polygon", "coordinates": [[[301696.96821244236, 2772389.184677819], [301733.20774451597, 2772389.3219972025], [301733.2754741821, 2772371.453878278], [301697.03589465906, 2772371.316559542], [301696.96821244236, 2772389.184677819]]]}, "properties": {"height": 24.5, "color": "rgb(0,0,255)"}}, {"geometry": {"type": "Polygon", "coordinates": [[[301642.83804601204, 2772350.611512016], [301663.4367285989, 2772350.689470124], [301663.5337396359, 2772325.061477654], [301642.93501836644, 2772324.9835200734], [301642.83804601204, 2772350.611512016]]]}, "properties": {"height": 28, "color": "rgb(0,0,255)"}}, {"geometry": {"type": "Polygon", "coordinates": [[[301681.79903523, 2772371.308702858], [301711.2338803027, 2772371.4201969476], [301711.3503617572, 2772340.677262726], [301681.9154503755, 2772340.5657695406], [301681.79903523, 2772371.308702858]]]}, "properties": {"height": 17.5, "color": "rgb(0,0,255)"}}, {"geometry": {"type": "Polygon", "coordinates": [[[301723.1597876208, 2772342.9134126143], [301744.3040627446, 2772342.9935601815], [301744.36207143834, 2772327.692979464], [301723.2177726084, 2772327.61283222], [301723.1597876208, 2772342.9134126143]]]}, "properties": {"height": 38.5, "color": "rgb(0,0,255)"}}, {"geometry": {"type": "Polygon", "coordinates": [[[301626.3819448651, 2772380.219492189], [301656.9740333058, 2772380.3352472256], [301657.06708347105, 2772355.7508503315], [301626.47493991966, 2772355.635096046], [301626.3819448651, 2772380.219492189]]]}, "properties": {"height": 17.5, "color": "rgb(0,0,255)"}}, {"geometry": {"type": "Polygon", "coordinates": [[[301683.7240196162, 2772311.677183736], [301704.62752469734, 2772311.756357067], [301704.69853414025, 2772293.012029132], [301683.79500034836, 2772292.9328561923], [301683.7240196162, 2772311.677183736]]]}, "properties": {"height": 31.5, "color": "rgb(0,0,255)"}}, {"geometry": {"type": "Polygon", "coordinates": [[[301658.96471793274, 2772461.2073512324], [301669.8686728048, 2772461.2486293996], [301669.9812411622, 2772431.5157952583], [301659.0772625326, 2772431.4745174143], [301658.96471793274, 2772461.2073512324]]]}, "properties": {"height": 38.5, "color": "rgb(0,0,255)"}}, {"geometry": {"type": "Polygon", "coordinates": [[[301642.44432203245, 2772350.3551728907], [301659.31388232333, 2772350.4190149037], [301659.3930107537, 2772329.5135248876], [301642.5234246208, 2772329.449683226], [301642.44432203245, 2772350.3551728907]]]}, "properties": {"height": 35, "color": "rgb(0,0,255)"}}, {"geometry": {"type": "Polygon", "coordinates": [[[301756.5117074135, 2772384.771232349], [301781.67945178354, 2772384.866697762], [301781.7298676272, 2772371.578664972], [301756.5620987511, 2772371.483199894], [301756.5117074135, 2772384.771232349]]]}, "properties": {"height": 28, "color": "rgb(0,0,255)"}}, {"geometry": {"type": "Polygon", "coordinates": [[[301785.74158560176, 2772428.289821863], [301807.6555167721, 2772428.3729908285], [301807.80164542084, 2772389.8779029725], [301785.8876524346, 2772389.794734851], [301785.74158560176, 2772428.289821863]]]}, "properties": {"height": 10.5, "color": "rgb(0,0,255)"}}, {"geometry": {"type": "Polygon", "coordinates": [[[301721.5598913968, 2772361.4475871655], [301738.4952522904, 2772361.5117766974], [301738.5694995816, 2772341.9259814383], [301721.63411438273, 2772341.8617922384], [301721.5598913968, 2772361.4475871655]]]}, "properties": {"height": 28, "color": "rgb(0,0,255)"}}, {"geometry": {"type": "Polygon", "coordinates": [[[301683.6919091804, 2772394.970979205], [301695.05989864934, 2772395.014033648], [301695.1605732875, 2772368.434953216], [301683.79256167775, 2772368.391899075], [301683.6919091804, 2772394.970979205]]]}, "properties": {"height": 28, "color": "rgb(0,0,255)"}}, {"geometry": {"type": "Polygon", "coordinates": [[[301707.570450549, 2772411.6888782796], [301719.6542061888, 2772411.7346653445], [301719.70595133264, 2772398.080065214], [301707.62218360207, 2772398.0342783146], [301707.570450549, 2772411.6888782796]]]}, "properties": {"height": 45.5, "color": "rgb(0,0,255)"}}, {"geometry": {"type": "Polygon", "coordinates": [[[301603.11765667744, 2772574.4640172184], [301622.79068934545, 2772574.5384210106], [301622.8613192005, 2772555.86675107], [301603.18825961364, 2772555.7923476445], [301603.11765667744, 2772574.4640172184]]]}, "properties": {"height": 31.5, "color": "rgb(0,0,255)"}}, {"geometry": {"type": "Polygon", "coordinates": [[[301707.3149560859, 2772524.804345818], [301722.60941610683, 2772524.8623028994], [301722.6935804496, 2772502.655134782], [301707.3990955389, 2772502.59717804], [301707.3149560859, 2772524.804345818]]]}, "properties": {"height": 35, "color": "rgb(0,0,255)"}}, {"geometry": {"type": "Polygon", "coordinates": [[[301756.7111451475, 2772546.045842976], [301775.4099671745, 2772546.116771232], [301775.45537240244, 2772534.1487247306], [301756.7565339757, 2772534.077796698], [301756.7111451475, 2772546.045842976]]]}, "properties": {"height": 49, "color": "rgb(0,0,255)"}}, {"geometry": {"type": "Polygon", "coordinates": [[[301743.9099236439, 2772503.417321572], [301776.6471525236, 2772503.541484187], [301776.69209117035, 2772491.6964969495], [301743.95483387436, 2772491.5723347226], [301743.9099236439, 2772503.417321572]]]}, "properties": {"height": 28, "color": "rgb(0,0,255)"}}, {"geometry": {"type": "Polygon", "coordinates": [[[301743.3156967685, 2772459.6851842385], [301754.9250654493, 2772459.729204854], [301754.98072488455, 2772445.0519901114], [301743.37134371744, 2772445.007969666], [301743.3156967685, 2772459.6851842385]]]}, "properties": {"height": 56, "color": "rgb(0,0,255)"}}, {"geometry": {"type": "Polygon", "coordinates": [[[301674.7799833908, 2772524.0590311117], [301696.4265805782, 2772524.141012498], [301696.5281998224, 2772497.31467622], [301674.88156008074, 2772497.232695414], [301674.7799833908, 2772524.0590311117]]]}, "properties": {"height": 17.5, "color": "rgb(0,0,255)"}}, {"geometry": {"type": "Polygon", "coordinates": [[[301618.5835661296, 2772590.4252871736], [301640.6257528115, 2772590.5086785904], [301640.68292651867, 2772575.3995964555], [301618.6407154307, 2772575.316205371], [301618.5835661296, 2772590.4252871736]]]}, "properties": {"height": 24.5, "color": "rgb(0,0,255)"}}, {"geometry": {"type": "Polygon", "coordinates": [[[301782.4317508485, 2772493.756058173], [301803.30092299846, 2772493.8352582785], [301803.38492159935, 2772471.706061967], [301782.51571560727, 2772471.626862324], [301782.4317508485, 2772493.756058173]]]}, "properties": {"height": 17.5, "color": "rgb(0,0,255)"}}, {"geometry": {"type": "Polygon", "coordinates": [[[301625.1141573502, 2772504.6862152466], [301650.2769908561, 2772504.781424464], [301650.3496987836, 2772485.5700731394], [301625.186829853, 2772485.4748644046], [301625.1141573502, 2772504.6862152466]]]}, "properties": {"height": 17.5, "color": "rgb(0,0,255)"}}, {"geometry": {"type": "Polygon", "coordinates": [[[301737.0544347325, 2772832.425584862], [301758.6211128201, 2772832.5073722634], [301758.7008382848, 2772811.4887160477], [301737.13412697444, 2772811.4069290985], [301737.0544347325, 2772832.425584862]]]}, "properties": {"height": 38.5, "color": "rgb(0,0,255)"}}, {"geometry": {"type": "Polygon", "coordinates": [[[301686.5068956066, 2772829.980856942], [301709.7976723333, 2772830.0690977606], [301709.87418456236, 2772809.878510215], [301686.5833733704, 2772809.7902698666], [301686.5068956066, 2772829.980856942]]]}, "properties": {"height": 35, "color": "rgb(0,0,255)"}}, {"geometry": {"type": "Polygon", "coordinates": [[[301763.71565711277, 2772833.2657758673], [301774.84218690044, 2772833.307988548], [301774.92097029806, 2772812.544211728], [301763.79442357813, 2772812.501999278], [301763.71565711277, 2772833.2657758673]]]}, "properties": {"height": 35, "color": "rgb(0,0,255)"}}, {"geometry": {"type": "Polygon", "coordinates": [[[301653.25836012274, 2772770.2438898343], [301694.910390003, 2772770.4016178595], [301694.94884013396, 2772760.2519725026], [301653.29677927063, 2772760.0942449], [301653.25836012274, 2772770.2438898343]]]}, "properties": {"height": 17.5, "color": "rgb(0,0,255)"}}, {"geometry": {"type": "Polygon", "coordinates": [[[301768.65195682173, 2772809.533727386], [301784.03442834225, 2772809.5920939804], [301784.1097048023, 2772789.75592061], [301768.72721091885, 2772789.6975543215], [301768.65195682173, 2772809.533727386]]]}, "properties": {"height": 24.5, "color": "rgb(0,0,255)"}}, {"geometry": {"type": "Polygon", "coordinates": [[[301631.89046629134, 2772826.730428834], [301651.3610588745, 2772826.8041155245], [301651.45455469296, 2772802.103814327], [301631.9839268623, 2772802.0301281167], [301631.89046629134, 2772826.730428834]]]}, "properties": {"height": 14, "color": "rgb(0,0,255)"}}, {"geometry": {"type": "Polygon", "coordinates": [[[301714.5722404493, 2772770.841830746], [301741.5090952501, 2772770.943941833], [301741.57943967136, 2772752.39189055], [301714.64254824567, 2772752.289779962], [301714.5722404493, 2772770.841830746]]]}, "properties": {"height": 14, "color": "rgb(0,0,255)"}}, {"geometry": {"type": "Polygon", "coordinates": [[[301982.2876122972, 2772351.3057527193], [302005.5761486249, 2772351.394472405], [302005.6764384035, 2772325.07461424], [301982.38785716123, 2772324.98589517], [301982.2876122972, 2772351.3057527193]]]}, "properties": {"height": 24.5, "color": "rgb(0,0,255)"}}, {"geometry": {"type": "Polygon", "coordinates": [[[301841.5562707657, 2772355.391603351], [301878.92881037167, 2772355.5336114373], [301878.96561124694, 2772345.852127484], [301841.59304512804, 2772345.71011976], [301841.5562707657, 2772355.391603351]]]}, "properties": {"height": 38.5, "color": "rgb(0,0,255)"}}, {"geometry": {"type": "Polygon", "coordinates": [[[301969.01269184856, 2772393.2521892674], [301990.6771934913, 2772393.3347011125], [301990.75256216666, 2772373.5497839865], [301969.088029115, 2772373.4672725718], [301969.01269184856, 2772393.2521892674]]]}, "properties": {"height": 28, "color": "rgb(0,0,255)"}}, {"geometry": {"type": "Polygon", "coordinates": [[[301838.1721179579, 2772388.5268041845], [301868.6612059461, 2772388.6426428747], [301868.74574661336, 2772366.3977442253], [301838.2566089266, 2772366.2819062155], [301838.1721179579, 2772388.5268041845]]]}, "properties": {"height": 14, "color": "rgb(0,0,255)"}}, {"geometry": {"type": "Polygon", "coordinates": [[[301931.4087358319, 2772392.27162566], [301962.2108947681, 2772392.3888647654], [301962.395260918, 2772343.9644203717], [301931.5929926835, 2772343.8471827633], [301931.4087358319, 2772392.27162566]]]}, "properties": {"height": 7, "color": "rgb(0,0,255)"}}, {"geometry": {"type": "Polygon", "coordinates": [[[301916.82506399666, 2772327.63566867], [301935.26056866796, 2772327.7058079336], [301935.31091586314, 2772314.4747982435], [301916.8753933184, 2772314.404659224], [301916.82506399666, 2772327.63566867]]]}, "properties": {"height": 38.5, "color": "rgb(0,0,255)"}}, {"geometry": {"type": "Polygon", "coordinates": [[[301952.53163915535, 2772324.595136713], [301973.65870793205, 2772324.6755734873], [301973.713449879, 2772310.300250596], [301952.58635884797, 2772310.219814126], [301952.53163915535, 2772324.595136713]]]}, "properties": {"height": 28, "color": "rgb(0,0,255)"}}, {"geometry": {"type": "Polygon", "coordinates": [[[301861.97703950544, 2772320.5119217006], [301885.9219701834, 2772320.6029303344], [301886.0021111084, 2772299.5221513044], [301862.0571434428, 2772299.4311431763], [301861.97703950544, 2772320.5119217006]]]}, "properties": {"height": 17.5, "color": "rgb(0,0,255)"}}, {"geometry": {"type": "Polygon", "coordinates": [[[301842.1095211834, 2772444.271513296], [301945.3049964483, 2772444.6639025635], [301945.48610687495, 2772397.0801320714], [301842.29027178074, 2772396.6877477276], [301842.1095211834, 2772444.271513296]]]}, "properties": {"height": 24.5, "color": "rgb(0,0,255)"}}, {"geometry": {"type": "Polygon", "coordinates": [[[301748.2511787329, 2772553.7403337904], [301784.50596511964, 2772553.877856503], [301784.60967203317, 2772526.547293964], [301748.3548130339, 2772526.409772242], [301748.2511787329, 2772553.7403337904]]]}, "properties": {"height": 52.5, "color": "rgb(0,0,255)"}}, {"geometry": {"type": "Polygon", "coordinates": [[[301828.95186645695, 2772574.890502631], [301843.9544645196, 2772574.947488449], [301844.0449398826, 2772551.131482867], [301829.04231563595, 2772551.0744974073], [301828.95186645695, 2772574.890502631]]]}, "properties": {"height": 49, "color": "rgb(0,0,255)"}}, {"geometry": {"type": "Polygon", "coordinates": [[[301835.7863638195, 2772468.961891587], [301872.21436920343, 2772469.100300423], [301872.2980207241, 2772447.0915949293], [301835.8699565894, 2772446.953186897], [301835.7863638195, 2772468.961891587]]]}, "properties": {"height": 17.5, "color": "rgb(0,0,255)"}}, {"geometry": {"type": "Polygon", "coordinates": [[[301891.11483442865, 2772480.112467198], [301921.2853543557, 2772480.2272165273], [301921.38544402935, 2772453.918622778], [301891.2148659368, 2772453.803874245], [301891.11483442865, 2772480.112467198]]]}, "properties": {"height": 17.5, "color": "rgb(0,0,255)"}}, {"geometry": {"type": "Polygon", "coordinates": [[[301877.81221768365, 2772574.043480246], [301898.431027324, 2772574.1218766966], [301898.4969452903, 2772556.7883883156], [301877.87810945895, 2772556.709992223], [301877.81221768365, 2772574.043480246]]]}, "properties": {"height": 35, "color": "rgb(0,0,255)"}}, {"geometry": {"type": "Polygon", "coordinates": [[[301932.0505309425, 2772514.656811565], [301956.58862675895, 2772514.7502086204], [301956.69574077154, 2772486.6147853676], [301932.15759436274, 2772486.5213890057], [301932.0505309425, 2772514.656811565]]]}, "properties": {"height": 17.5, "color": "rgb(0,0,255)"}}, {"geometry": {"type": "Polygon", "coordinates": [[[301919.6778055238, 2772558.885562266], [301955.6923017914, 2772559.02262585], [301955.79164515337, 2772532.9283366287], [301919.777080017, 2772532.791273988], [301919.6778055238, 2772558.885562266]]]}, "properties": {"height": 10.5, "color": "rgb(0,0,255)"}}, {"geometry": {"type": "Polygon", "coordinates": [[[301944.1815108592, 2772587.494044672], [301967.9872426169, 2772587.584677428], [301968.0985271399, 2772558.361073636], [301944.2927444, 2772558.270441579], [301944.1815108592, 2772587.494044672]]]}, "properties": {"height": 17.5, "color": "rgb(0,0,255)"}}, {"geometry": {"type": "Polygon", "coordinates": [[[301990.58454989846, 2772457.191720751], [302009.1720174129, 2772457.262542485], [302009.2249246938, 2772443.3792487015], [301990.63743826916, 2772443.308427227], [301990.58454989846, 2772457.191720751]]]}, "properties": {"height": 42, "color": "rgb(0,0,255)"}}, {"geometry": {"type": "Polygon", "coordinates": [[[301830.8842605397, 2772600.2463335544], [301846.53574099066, 2772600.3057872914], [301846.6044930131, 2772582.209165563], [301830.9529918054, 2772582.1497121104], [301830.8842605397, 2772600.2463335544]]]}, "properties": {"height": 38.5, "color": "rgb(0,0,255)"}}, {"geometry": {"type": "Polygon", "coordinates": [[[301829.54212892975, 2772548.7640978536], [301858.4438426432, 2772548.8738928162], [301858.5238574725, 2772527.8171030274], [301829.6220991614, 2772527.707308674], [301829.54212892975, 2772548.7640978536]]]}, "properties": {"height": 17.5, "color": "rgb(0,0,255)"}}, {"geometry": {"type": "Polygon", "coordinates": [[[301874.65001692274, 2772561.1998825935], [301901.2131597067, 2772561.3008795744], [301901.2621930413, 2772548.407930041], [301874.69902515976, 2772548.306933404], [301874.65001692274, 2772561.1998825935]]]}, "properties": {"height": 28, "color": "rgb(0,0,255)"}}, {"geometry": {"type": "Polygon", "coordinates": [[[301984.173468696, 2772603.813764759], [301996.6522834392, 2772603.8613055865], [301996.69482838036, 2772592.6951613734], [301984.2160034258, 2772592.6476206863], [301984.173468696, 2772603.813764759]]]}, "properties": {"height": 56, "color": "rgb(0,0,255)"}}, {"geometry": {"type": "Polygon", "coordinates": [[[301891.7702000327, 2772761.2597641973], [301917.6445683552, 2772761.358182239], [301917.74962085683, 2772733.74635039], [301891.87520017434, 2772733.647933065], [301891.7702000327, 2772761.2597641973]]]}, "properties": {"height": 14, "color": "rgb(0,0,255)"}}, {"geometry": {"type": "Polygon", "coordinates": [[[301847.05177177675, 2772756.4936429393], [301861.94979593897, 2772756.5502554625], [301862.0397538579, 2772732.8804379893], [301847.14170385175, 2772732.82382582], [301847.05177177675, 2772756.4936429393]]]}, "properties": {"height": 28, "color": "rgb(0,0,255)"}}, {"geometry": {"type": "Polygon", "coordinates": [[[301891.41727085796, 2772696.331106299], [301901.7250069787, 2772696.3703065277], [301901.78021376743, 2772681.8550368263], [301891.4724666815, 2772681.815836747], [301891.41727085796, 2772696.331106299]]]}, "properties": {"height": 59.5, "color": "rgb(0,0,255)"}}, {"geometry": {"type": "Polygon", "coordinates": [[[301901.8961893958, 2772661.9146530437], [301913.0458603274, 2772661.95706345], [301913.09820720454, 2772648.196546029], [301901.9485250292, 2772648.154135776], [301901.8961893958, 2772661.9146530437]]]}, "properties": {"height": 52.5, "color": "rgb(0,0,255)"}}, {"geometry": {"type": "Polygon", "coordinates": [[[301884.3473225201, 2772680.0971336057], [301902.0596773673, 2772680.1644887147], [301902.11907273676, 2772664.5479285005], [301884.4066976182, 2772664.480573669], [301884.3473225201, 2772680.0971336057]]]}, "properties": {"height": 28, "color": "rgb(0,0,255)"}}, {"geometry": {"type": "Polygon", "coordinates": [[[301885.3392433073, 2772734.654734794], [301910.3639668011, 2772734.7499074405], [301910.42966121825, 2772717.4803116242], [301885.40490605193, 2772717.385139412], [301885.3392433073, 2772734.654734794]]]}, "properties": {"height": 17.5, "color": "rgb(0,0,255)"}}, {"geometry": {"type": "Polygon", "coordinates": [[[301876.7945128237, 2772808.424624303], [301905.7940595916, 2772808.5349031803], [301905.92784257815, 2772773.364204721], [301876.9282210596, 2772773.253926866], [301876.7945128237, 2772808.424624303]]]}, "properties": {"height": 17.5, "color": "rgb(0,0,255)"}}, {"geometry": {"type": "Polygon", "coordinates": [[[301828.6139180331, 2772783.7378272656], [301846.90841683827, 2772783.8073247354], [301847.08986842097, 2772736.0500928583], [301828.7953055838, 2772735.980596264], [301828.6139180331, 2772783.7378272656]]]}, "properties": {"height": 17.5, "color": "rgb(0,0,255)"}}, {"geometry": {"type": "Polygon", "coordinates": [[[301955.23220835376, 2772884.017058496], [302012.8942377082, 2772884.236733282], [302012.9446332395, 2772871.015806512], [301955.28254801105, 2772870.796132492], [301955.23220835376, 2772884.017058496]]]}, "properties": {"height": 17.5, "color": "rgb(0,0,255)"}}, {"geometry": {"type": "Polygon", "coordinates": [[[301849.92681963614, 2772801.641132093], [301862.42201165203, 2772801.688616261], [301862.475271243, 2772787.6753093577], [301849.98006639414, 2772787.6278253654], [301849.92681963614, 2772801.641132093]]]}, "properties": {"height": 59.5, "color": "rgb(0,0,255)"}}, {"geometry": {"type": "Polygon", "coordinates": [[[301829.93390075176, 2772835.2225786922], [301847.8383547082, 2772835.2905973657], [301847.906437806, 2772817.372225359], [301830.0019603365, 2772817.304207008], [301829.93390075176, 2772835.2225786922]]]}, "properties": {"height": 28, "color": "rgb(0,0,255)"}}, {"geometry": {"type": "Polygon", "coordinates": [[[301876.7225749173, 2772818.785153754], [301909.59870156343, 2772818.910179438], [301909.6523863018, 2772804.797946804], [301876.77622565225, 2772804.672921586], [301876.7225749173, 2772818.785153754]]]}, "properties": {"height": 21, "color": "rgb(0,0,255)"}}, {"geometry": {"type": "Polygon", "coordinates": [[[302179.3994416095, 2772435.2443138333], [302210.7557162893, 2772435.3642344987], [302210.86400108173, 2772407.05881913], [302179.50766136346, 2772406.938899359], [302179.3994416095, 2772435.2443138333]]]}, "properties": {"height": 14, "color": "rgb(0,0,255)"}}, {"geometry": {"type": "Polygon", "coordinates": [[[302133.0886943043, 2772406.254924072], [302162.3786016707, 2772406.366839075], [302162.48944447795, 2772377.36554532], [302133.19947486615, 2772377.253631173], [302133.0886943043, 2772406.254924072]]]}, "properties": {"height": 14, "color": "rgb(0,0,255)"}}, {"geometry": {"type": "Polygon", "coordinates": [[[302127.0470401787, 2772409.9681141838], [302156.9743115166, 2772410.082452142], [302157.108788731, 2772374.8937421143], [302127.1814402242, 2772374.779405217], [302127.0470401787, 2772409.9681141838]]]}, "properties": {"height": 10.5, "color": "rgb(0,0,255)"}}, {"geometry": {"type": "Polygon", "coordinates": [[[302038.3016103281, 2772441.6525020306], [302055.50813958177, 2772441.7181209996], [302055.6093681985, 2772415.178339882], [302038.4028054815, 2772415.1127213724], [302038.3016103281, 2772441.6525020306]]]}, "properties": {"height": 21, "color": "rgb(0,0,255)"}}, {"geometry": {"type": "Polygon", "coordinates": [[[302162.9157950869, 2772403.25146545], [302188.46468062175, 2772403.349138442], [302188.5772699248, 2772373.9055707357], [302163.0283292668, 2772373.8078985023], [302162.9157950869, 2772403.25146545]]]}, "properties": {"height": 10.5, "color": "rgb(0,0,255)"}}, {"geometry": {"type": "Polygon", "coordinates": [[[302064.91711375245, 2772584.079034479], [302123.8125788693, 2772584.303856678], [302123.87691148324, 2772567.4604607127], [302064.98137366946, 2772567.2356395116], [302064.91711375245, 2772584.079034479]]]}, "properties": {"height": 14, "color": "rgb(0,0,255)"}}, {"geometry": {"type": "Polygon", "coordinates": [[[302028.0522453273, 2772463.111825967], [302049.8386165439, 2772463.194898687], [302049.93146363413, 2772438.8501303876], [302028.14505355124, 2772438.767058201], [302028.0522453273, 2772463.111825967]]]}, "properties": {"height": 14, "color": "rgb(0,0,255)"}}, {"geometry": {"type": "Polygon", "coordinates": [[[302066.36595089, 2772645.576531448], [302129.19291548897, 2772645.816383167], [302129.25797152997, 2772628.785768578], [302066.43092851737, 2772628.5459179357], [302066.36595089, 2772645.576531448]]]}, "properties": {"height": 14, "color": "rgb(0,0,255)"}}, {"geometry": {"type": "Polygon", "coordinates": [[[302066.9296823068, 2772675.950457905], [302129.84820521687, 2772676.190664965], [302129.91338724527, 2772659.127495943], [302066.9947856562, 2772658.887289963], [302066.9296823068, 2772675.950457905]]]}, "properties": {"height": 14, "color": "rgb(0,0,255)"}}, {"geometry": {"type": "Polygon", "coordinates": [[[302111.14760595607, 2772691.9255520194], [302197.54262024, 2772692.2557428186], [302197.591176059, 2772679.5615131604], [302111.19608140044, 2772679.231323466], [302111.14760595607, 2772691.9255520194]]]}, "properties": {"height": 10.5, "color": "rgb(0,0,255)"}}, {"geometry": {"type": "Polygon", "coordinates": [[[302085.4254533464, 2772754.936348707], [302102.3071840025, 2772755.000795391], [302102.4183862299, 2772725.8760830583], [302085.53661953984, 2772725.81163687], [302085.4254533464, 2772754.936348707]]]}, "properties": {"height": 24.5, "color": "rgb(0,0,255)"}}, {"geometry": {"type": "Polygon", "coordinates": [[[302127.9594444758, 2772681.016385353], [302136.58620581205, 2772681.0493416395], [302136.9651567028, 2772581.860282851], [302128.3383326579, 2772581.827327426], [302127.9594444758, 2772681.016385353]]]}, "properties": {"height": 14, "color": "rgb(0,0,255)"}}, {"geometry": {"type": "Polygon", "coordinates": [[[302020.82708462863, 2772604.4794380856], [302035.5126512196, 2772604.5354266698], [302035.552846801, 2772593.9937664513], [302020.8672688649, 2772593.937778022], [302020.82708462863, 2772604.4794380856]]]}, "properties": {"height": 56, "color": "rgb(0,0,255)"}}, {"geometry": {"type": "Polygon", "coordinates": [[[302134.536649562, 2772827.596294693], [302145.48283796036, 2772827.638120465], [302145.59826440096, 2772797.432978776], [302134.65205177054, 2772797.391153337], [302134.536649562, 2772827.596294693]]]}, "properties": {"height": 49, "color": "rgb(0,0,255)"}}, {"geometry": {"type": "Polygon", "coordinates": [[[302093.7688880656, 2772885.453582482], [302156.89180248586, 2772885.694715197], [302156.96133225004, 2772867.504405091], [302093.8383336738, 2772867.263273534], [302093.7688880656, 2772885.453582482]]]}, "properties": {"height": 14, "color": "rgb(0,0,255)"}}, {"geometry": {"type": "Polygon", "coordinates": [[[302118.37626032764, 2772827.8656872218], [302134.3109577934, 2772827.9265583125], [302134.3827799327, 2772809.1279336903], [302118.4480605128, 2772809.067062902], [302118.37626032764, 2772827.8656872218]]]}, "properties": {"height": 49, "color": "rgb(0,0,255)"}}, {"geometry": {"type": "Polygon", "coordinates": [[[302178.7853810929, 2772886.4887227174], [302192.6747522403, 2772886.5418423135], [302192.7515078287, 2772866.474886263], [302178.86211625347, 2772866.421766948], [302178.7853810929, 2772886.4887227174]]]}, "properties": {"height": 38.5, "color": "rgb(0,0,255)"}}, {"geometry": {"type": "Polygon", "coordinates": [[[302149.62866160076, 2772798.417781801], [302167.13844920316, 2772798.4847100927], [302167.26165459584, 2772766.256935356], [302149.7518256361, 2772766.190007633], [302149.62866160076, 2772798.417781801]]]}, "properties": {"height": 14, "color": "rgb(0,0,255)"}}, {"geometry": {"type": "Polygon", "coordinates": [[[302126.2764236676, 2772793.6033402877], [302144.4050101419, 2772793.672603088], [302144.50803494855, 2772766.711840481], [302126.37941265333, 2772766.6425781725], [302126.2764236676, 2772793.6033402877]]]}, "properties": {"height": 17.5, "color": "rgb(0,0,255)"}}, {"geometry": {"type": "Polygon", "coordinates": [[[302377.57139985287, 2772425.78441417], [302412.6524301051, 2772425.9190936326], [302412.72870068304, 2772406.0588724148], [302377.6476193765, 2772405.924193657], [302377.57139985287, 2772425.78441417]]]}, "properties": {"height": 17.5, "color": "rgb(0,0,255)"}}, {"geometry": {"type": "Polygon", "coordinates": [[[302243.3107871971, 2772415.044558313], [302262.8982914773, 2772415.1195524996], [302263.02270898846, 2772382.62923203], [302243.43515807384, 2772382.554238486], [302243.3107871971, 2772415.044558313]]]}, "properties": {"height": 17.5, "color": "rgb(0,0,255)"}}, {"geometry": {"type": "Polygon", "coordinates": [[[302374.72435824026, 2772402.93001918], [302410.7319864573, 2772403.0682483567], [302410.8036561217, 2772384.4052116093], [302374.7959786611, 2772384.266983112], [302374.72435824026, 2772402.93001918]]]}, "properties": {"height": 17.5, "color": "rgb(0,0,255)"}}, {"geometry": {"type": "Polygon", "coordinates": [[[302311.03195604595, 2772351.5198167134], [302346.26241079683, 2772351.654894151], [302346.3199242931, 2772336.659422658], [302311.0894308305, 2772336.524345754], [302311.03195604595, 2772351.5198167134]]]}, "properties": {"height": 17.5, "color": "rgb(0,0,255)"}}, {"geometry": {"type": "Polygon", "coordinates": [[[302338.82319213793, 2772433.7172667217], [302357.3712896541, 2772433.7884109975], [302357.49702539796, 2772401.0133410837], [302338.94888333464, 2772400.9421974234], [302338.82319213793, 2772433.7172667217]]]}, "properties": {"height": 14, "color": "rgb(0,0,255)"}}, {"geometry": {"type": "Polygon", "coordinates": [[[302351.86722192506, 2772355.465833198], [302366.42002987606, 2772355.5216628695], [302366.5446774895, 2772323.0348044443], [302351.9918348954, 2772322.9789752504], [302351.86722192506, 2772355.465833198]]]}, "properties": {"height": 17.5, "color": "rgb(0,0,255)"}}, {"geometry": {"type": "Polygon", "coordinates": [[[302191.18158176204, 2772380.934519541], [302217.671231353, 2772381.035843904], [302217.7376239805, 2772363.6828952837], [302191.247940706, 2772363.581571384], [302191.18158176204, 2772380.934519541]]]}, "properties": {"height": 17.5, "color": "rgb(0,0,255)"}}, {"geometry": {"type": "Polygon", "coordinates": [[[302205.665877761, 2772339.4381212275], [302227.3785559344, 2772339.5211912403], [302227.47868399136, 2772313.355239827], [302205.7659641876, 2772313.272170387], [302205.665877761, 2772339.4381212275]]]}, "properties": {"height": 14, "color": "rgb(0,0,255)"}}, {"geometry": {"type": "Polygon", "coordinates": [[[302304.65740198334, 2772525.90726062], [302320.54995648103, 2772525.9681800976], [302320.6521034137, 2772499.3242154685], [302304.75951788574, 2772499.263296419], [302304.65740198334, 2772525.90726062]]]}, "properties": {"height": 42, "color": "rgb(0,0,255)"}}, {"geometry": {"type": "Polygon", "coordinates": [[[302206.46708682354, 2772505.303952522], [302233.27093785355, 2772505.4065142837], [302233.3782089849, 2772477.3789608404], [302206.5743029031, 2772477.2763998373], [302206.46708682354, 2772505.303952522]]]}, "properties": {"height": 21, "color": "rgb(0,0,255)"}}, {"geometry": {"type": "Polygon", "coordinates": [[[302303.85420077265, 2772539.8814042113], [302322.50677262654, 2772539.95290461], [302322.69525666395, 2772490.7907386445], [302304.0426176109, 2772490.719239172], [302303.85420077265, 2772539.8814042113]]]}, "properties": {"height": 17.5, "color": "rgb(0,0,255)"}}, {"geometry": {"type": "Polygon", "coordinates": [[[302236.14466020354, 2772540.5277890605], [302264.966228452, 2772540.6381377755], [302265.07915290643, 2772511.1518079406], [302236.25752238004, 2772511.041460084], [302236.14466020354, 2772540.5277890605]]]}, "properties": {"height": 17.5, "color": "rgb(0,0,255)"}}, {"geometry": {"type": "Polygon", "coordinates": [[[302365.34478802525, 2772546.2402389096], [302398.8734725071, 2772546.368933184], [302398.9561891007, 2772524.8256182265], [302365.4274516858, 2772524.6969246836], [302365.34478802525, 2772546.2402389096]]]}, "properties": {"height": 17.5, "color": "rgb(0,0,255)"}}, {"geometry": {"type": "Polygon", "coordinates": [[[302202.027390527, 2772520.511578749], [302242.8060910133, 2772520.667622203], [302242.869656458, 2772504.0625566975], [302202.09090635047, 2772503.906513926], [302202.027390527, 2772520.511578749]]]}, "properties": {"height": 17.5, "color": "rgb(0,0,255)"}}, {"geometry": {"type": "Polygon", "coordinates": [[[302242.7691030063, 2772492.394195689], [302264.3014101238, 2772492.4766391893], [302264.4036159333, 2772465.7882599127], [302242.87126670434, 2772465.7058169926], [302242.7691030063, 2772492.394195689]]]}, "properties": {"height": 21, "color": "rgb(0,0,255)"}}, {"geometry": {"type": "Polygon", "coordinates": [[[302208.6051193813, 2772484.0574839045], [302237.454900773, 2772484.1678798953], [302237.5124802125, 2772469.1247636927], [302208.6626670178, 2772469.0143681397], [302208.6051193813, 2772484.0574839045]]]}, "properties": {"height": 21, "color": "rgb(0,0,255)"}}, {"geometry": {"type": "Polygon", "coordinates": [[[302232.3640908524, 2772574.383112505], [302265.2681745148, 2772574.5090894434], [302265.3398750414, 2772555.7873700312], [302232.4357462352, 2772555.6613937137], [302232.3640908524, 2772574.383112505]]]}, "properties": {"height": 14, "color": "rgb(0,0,255)"}}, {"geometry": {"type": "Polygon", "coordinates": [[[302210.43917053414, 2772540.855952392], [302231.6246506911, 2772540.9370191097], [302231.7176932807, 2772516.626669594], [302210.5321753817, 2772516.5456033964], [302210.43917053414, 2772540.855952392]]]}, "properties": {"height": 14, "color": "rgb(0,0,255)"}}, {"geometry": {"type": "Polygon", "coordinates": [[[302209.799817988, 2772513.7432319634], [302238.6963472874, 2772513.853810765], [302238.74748568714, 2772500.493954716], [302209.8509280974, 2772500.3833763036], [302209.799817988, 2772513.7432319634]]]}, "properties": {"height": 17.5, "color": "rgb(0,0,255)"}}, {"geometry": {"type": "Polygon", "coordinates": [[[302312.30565797776, 2772732.9313683403], [302326.3806465651, 2772732.9853322417], [302326.5460959759, 2772689.8379280525], [302312.4710628812, 2772689.7839647643], [302312.30565797776, 2772732.9313683403]]]}, "properties": {"height": 28, "color": "rgb(0,0,255)"}}, {"geometry": {"type": "Polygon", "coordinates": [[[301587.5543581355, 2772825.4860077105], [301648.3710065159, 2772825.7160634724], [301648.56185877195, 2772775.29237907], [301587.74498564063, 2772775.0623263665], [301587.5543581355, 2772825.4860077105]]]}, "properties": {"height": 35, "color": "rgb(0,0,255)"}}, {"geometry": {"type": "Polygon", "coordinates": [[[301624.13322235324, 2772730.251642944], [301656.9184613721, 2772730.37571152], [301657.30807823525, 2772627.449974052], [301624.52259191533, 2772627.3259088434], [301624.13322235324, 2772730.251642944]]]}, "properties": {"height": 17.5, "color": "rgb(0,0,255)"}}, {"geometry": {"type": "Polygon", "coordinates": [[[302325.9832207854, 2772877.7691205945], [302356.7613185876, 2772877.8871813864], [302356.82172079815, 2772862.1450913106], [302326.043587485, 2772862.0270310086], [302325.9832207854, 2772877.7691205945]]]}, "properties": {"height": 35, "color": "rgb(0,0,255)"}}, {"geometry": {"type": "Polygon", "coordinates": [[[302188.9597020722, 2772785.090674125], [302222.717320548, 2772785.219823773], [302222.768922546, 2772771.7362293447], [302189.0112707108, 2772771.6070801555], [302188.9597020722, 2772785.090674125]]]}, "properties": {"height": 35, "color": "rgb(0,0,255)"}}, {"geometry": {"type": "Polygon", "coordinates": [[[302208.58801747643, 2772816.6098180315], [302220.961619323, 2772816.657165581], [302221.0590802505, 2772791.190060528], [302208.68545530876, 2772791.1427132967], [302208.58801747643, 2772816.6098180315]]]}, "properties": {"height": 49, "color": "rgb(0,0,255)"}}, {"geometry": {"type": "Polygon", "coordinates": [[[302344.13508782734, 2772822.6937542353], [302383.2686749735, 2772822.8439262463], [302383.33573768934, 2772805.374412388], [302344.20210043853, 2772805.224241069], [302344.13508782734, 2772822.6937542353]]]}, "properties": {"height": 17.5, "color": "rgb(0,0,255)"}}, {"geometry": {"type": "Polygon", "coordinates": [[[302191.9665762112, 2772890.500159143], [302209.69566102646, 2772890.567983372], [302209.7658981397, 2772872.2112371437], [302192.0367894715, 2772872.1434132433], [302191.9665762112, 2772890.500159143]]]}, "properties": {"height": 35, "color": "rgb(0,0,255)"}}, {"geometry": {"type": "Polygon", "coordinates": [[[302210.2212688751, 2772909.9279649537], [302240.62410620315, 2772910.044329495], [302240.7310878407, 2772882.1009879005], [302210.3281882462, 2772881.984624216], [302210.2212688751, 2772909.9279649537]]]}, "properties": {"height": 14, "color": "rgb(0,0,255)"}}, {"geometry": {"type": "Polygon", "coordinates": [[[302194.23885649163, 2772891.1471071825], [302207.7930274283, 2772891.198960095], [302207.84974227205, 2772876.3757847627], [302194.29555660975, 2772876.323932053], [302194.23885649163, 2772891.1471071825]]]}, "properties": {"height": 42, "color": "rgb(0,0,255)"}}, {"geometry": {"type": "Polygon", "coordinates": [[[301684.11375792755, 2772338.5059386897], [301711.8134928058, 2772338.6108620083], [301711.8616815227, 2772325.8924305937], [301684.1619208295, 2772325.7875076276], [301684.11375792755, 2772338.5059386897]]]}, "properties": {"height": 17.5, "color": "rgb(0,0,255)"}}, {"geometry": {"type": "Polygon", "coordinates": [[[301715.2364633177, 2772310.5447752397], [301726.83341617836, 2772310.5887222234], [301726.8906186375, 2772295.495500993], [301715.29365295114, 2772295.4515541843], [301715.2364633177, 2772310.5447752397]]]}, "properties": {"height": 35, "color": "rgb(0,0,255)"}}, {"geometry": {"type": "Polygon", "coordinates": [[[301703.16856986535, 2772359.519362854], [301720.33851803164, 2772359.5844184943], [301720.42049534724, 2772337.951893644], [301703.25051996397, 2772337.8868383756], [301703.16856986535, 2772359.519362854]]]}, "properties": {"height": 14, "color": "rgb(0,0,255)"}}, {"geometry": {"type": "Polygon", "coordinates": [[[301697.1558787599, 2772407.800262006], [301708.6233607712, 2772407.843704844], [301708.66818289564, 2772396.013425014], [301697.2006909432, 2772395.9699823116], [301697.1558787599, 2772407.800262006]]]}, "properties": {"height": 35, "color": "rgb(0,0,255)"}}, {"geometry": {"type": "Polygon", "coordinates": [[[301685.15575053816, 2772414.5122985337], [301698.7689259426, 2772414.5638592523], [301698.85844775714, 2772390.9311292013], [301685.245248778, 2772390.879568803], [301685.15575053816, 2772414.5122985337]]]}, "properties": {"height": 14, "color": "rgb(0,0,255)"}}, {"geometry": {"type": "Polygon", "coordinates": [[[301610.83883985813, 2772406.2262104317], [301629.1764100326, 2772406.295568168], [301629.27357364696, 2772380.6108217984], [301610.935968959, 2772380.541464532], [301610.83883985813, 2772406.2262104317]]]}, "properties": {"height": 10.5, "color": "rgb(0,0,255)"}}, {"geometry": {"type": "Polygon", "coordinates": [[[301704.44015509123, 2772309.4404878365], [301715.25740859914, 2772309.481471243], [301715.30152145063, 2772297.839419828], [301704.48425871483, 2772297.7984365476], [301704.44015509123, 2772309.4404878365]]]}, "properties": {"height": 38.5, "color": "rgb(0,0,255)"}}, {"geometry": {"type": "Polygon", "coordinates": [[[301747.56661481713, 2772394.4002066865], [301770.23279386014, 2772394.4861666565], [301770.2834193073, 2772381.139991364], [301747.6172180974, 2772381.054031697], [301747.56661481713, 2772394.4002066865]]]}, "properties": {"height": 14, "color": "rgb(0,0,255)"}}, {"geometry": {"type": "Polygon", "coordinates": [[[301668.96210800123, 2772339.902754616], [301679.7951612279, 2772339.943770244], [301679.8479208705, 2772326.010313957], [301669.01485658344, 2772325.96929848], [301668.96210800123, 2772339.902754616]]]}, "properties": {"height": 24.5, "color": "rgb(0,0,255)"}}, {"geometry": {"type": "Polygon", "coordinates": [[[301710.98728399305, 2772395.7285669274], [301737.5484681244, 2772395.8292311025], [301737.5801533296, 2772387.4709277083], [301711.0189529301, 2772387.3702637553], [301710.98728399305, 2772395.7285669274]]]}, "properties": {"height": 17.5, "color": "rgb(0,0,255)"}}, {"geometry": {"type": "Polygon", "coordinates": [[[301674.87196561886, 2772413.4732525926], [301686.9442010807, 2772413.518967112], [301687.0185702009, 2772393.881887732], [301674.94631736755, 2772393.8361734496], [301674.87196561886, 2772413.4732525926]]]}, "properties": {"height": 14, "color": "rgb(0,0,255)"}}, {"geometry": {"type": "Polygon", "coordinates": [[[301618.95519347, 2772356.9527512253], [301642.1637230225, 2772357.0405484387], [301642.19597939134, 2772348.5157250925], [301618.98743534123, 2772348.427928076], [301618.95519347, 2772356.9527512253]]]}, "properties": {"height": 17.5, "color": "rgb(0,0,255)"}}, {"geometry": {"type": "Polygon", "coordinates": [[[301717.95605857286, 2772418.3805830386], [301729.6582141343, 2772418.4249330293], [301729.7293161831, 2772399.666062238], [301718.0271445357, 2772399.6217124662], [301717.95605857286, 2772418.3805830386]]]}, "properties": {"height": 14, "color": "rgb(0,0,255)"}}, {"geometry": {"type": "Polygon", "coordinates": [[[301744.6069254207, 2772422.0565272225], [301755.1121180934, 2772422.0963609577], [301755.17697309726, 2772404.9940950195], [301744.6717672592, 2772404.9542614645], [301744.6069254207, 2772422.0565272225]]]}, "properties": {"height": 17.5, "color": "rgb(0,0,255)"}}, {"geometry": {"type": "Polygon", "coordinates": [[[301626.0543083325, 2772309.5474493965], [301640.02086246276, 2772309.6002859855], [301640.07280990516, 2772295.870589486], [301626.10624172405, 2772295.817753088], [301626.0543083325, 2772309.5474493965]]]}, "properties": {"height": 14, "color": "rgb(0,0,255)"}}, {"geometry": {"type": "Polygon", "coordinates": [[[301633.2641745919, 2772407.465266573], [301641.9388657693, 2772407.49808784], [301642.03012372984, 2772383.380453163], [301633.3554172218, 2772383.347632104], [301633.2641745919, 2772407.465266573]]]}, "properties": {"height": 10.5, "color": "rgb(0,0,255)"}}, {"geometry": {"type": "Polygon", "coordinates": [[[301727.6047018147, 2772419.202645927], [301736.4418536139, 2772419.236143174], [301736.5145540622, 2772400.058086101], [301727.6773898439, 2772400.0245890245], [301727.6047018147, 2772419.202645927]]]}, "properties": {"height": 14, "color": "rgb(0,0,255)"}}, {"geometry": {"type": "Polygon", "coordinates": [[[301731.65944153833, 2772390.126427454], [301739.42675518116, 2772390.155871128], [301739.4880021974, 2772373.999926371], [301731.72067935916, 2772373.970482823], [301731.65944153833, 2772390.126427454]]]}, "properties": {"height": 17.5, "color": "rgb(0,0,255)"}}, {"geometry": {"type": "Polygon", "coordinates": [[[301713.3342460367, 2772338.3103808663], [301724.67626436125, 2772338.3533605714], [301724.71863686503, 2772327.1727829133], [301713.3766092484, 2772327.1298033353], [301713.3342460367, 2772338.3103808663]]]}, "properties": {"height": 17.5, "color": "rgb(0,0,255)"}}, {"geometry": {"type": "Polygon", "coordinates": [[[301718.05306958826, 2772369.4969320893], [301740.6901255363, 2772369.58273176], [301740.72197457653, 2772361.1816295735], [301718.084904693, 2772361.095830092], [301718.05306958826, 2772369.4969320893]]]}, "properties": {"height": 10.5, "color": "rgb(0,0,255)"}}, {"geometry": {"type": "Polygon", "coordinates": [[[301614.19171674695, 2772380.6616793307], [301626.5365681246, 2772380.7083707885], [301626.57857200946, 2772369.6041835425], [301614.233710587, 2772369.5574922212], [301614.19171674695, 2772380.6616793307]]]}, "properties": {"height": 17.5, "color": "rgb(0,0,255)"}}, {"geometry": {"type": "Polygon", "coordinates": [[[301613.32709592395, 2772353.5209064255], [301628.75211924827, 2772353.579248013], [301628.7926874397, 2772342.8549435716], [301613.3676519939, 2772342.7966021495], [301613.32709592395, 2772353.5209064255]]]}, "properties": {"height": 14, "color": "rgb(0,0,255)"}}, {"geometry": {"type": "Polygon", "coordinates": [[[301717.60776689794, 2772374.471686755], [301740.04034861526, 2772374.556710695], [301740.06785359717, 2772367.301404167], [301717.6352599537, 2772367.2163803894], [301717.60776689794, 2772374.471686755]]]}, "properties": {"height": 14, "color": "rgb(0,0,255)"}}, {"geometry": {"type": "Polygon", "coordinates": [[[301613.9303999995, 2772343.4841365996], [301633.41873891023, 2772343.557850199], [301633.4567536956, 2772333.509413181], [301613.96840043546, 2772333.4356997767], [301613.9303999995, 2772343.4841365996]]]}, "properties": {"height": 10.5, "color": "rgb(0,0,255)"}}, {"geometry": {"type": "Polygon", "coordinates": [[[301644.7751926216, 2772406.868704987], [301654.15827171796, 2772406.9042146364], [301654.20571555, 2772394.3687560554], [301644.82262783457, 2772394.333246524], [301644.7751926216, 2772406.868704987]]]}, "properties": {"height": 17.5, "color": "rgb(0,0,255)"}}, {"geometry": {"type": "Polygon", "coordinates": [[[301638.91051215754, 2772408.248836005], [301646.19282246573, 2772408.276391758], [301646.24976918765, 2772393.22779141], [301638.96745084896, 2772393.2002357664], [301638.91051215754, 2772408.248836005]]]}, "properties": {"height": 17.5, "color": "rgb(0,0,255)"}}, {"geometry": {"type": "Polygon", "coordinates": [[[301758.58443319064, 2772423.4204378333], [301766.8161373582, 2772423.4516586848], [301766.9103943747, 2772398.6016821205], [301758.6786752175, 2772398.570461474], [301758.58443319064, 2772423.4204378333]]]}, "properties": {"height": 7, "color": "rgb(0,0,255)"}}, {"geometry": {"type": "Polygon", "coordinates": [[[301653.3263445769, 2772310.298619509], [301664.3101653978, 2772310.3401929396], [301664.36169237026, 2772296.7280332753], [301653.3778605937, 2772296.686459995], [301653.3263445769, 2772310.298619509]]]}, "properties": {"height": 7, "color": "rgb(0,0,255)"}}, {"geometry": {"type": "Polygon", "coordinates": [[[301614.51433376066, 2772333.6733241337], [301632.99890146084, 2772333.743240852], [301633.0378051889, 2772323.459704454], [301614.5532235599, 2772323.3897879254], [301614.51433376066, 2772333.6733241337]]]}, "properties": {"height": 7, "color": "rgb(0,0,255)"}}, {"geometry": {"type": "Polygon", "coordinates": [[[301752.7573474739, 2772461.667421382], [301761.9762235796, 2772461.702383283], [301762.0217749153, 2772449.692293328], [301752.8028906961, 2772449.6573315384], [301752.7573474739, 2772461.667421382]]]}, "properties": {"height": 63, "color": "rgb(0,0,255)"}}, {"geometry": {"type": "Polygon", "coordinates": [[[301604.1255194605, 2772508.73247564], [301620.70219887246, 2772508.7951666163], [301620.7453382121, 2772497.3901193147], [301604.1686449458, 2772497.3274285262], [301604.1255194605, 2772508.73247564]]]}, "properties": {"height": 35, "color": "rgb(0,0,255)"}}, {"geometry": {"type": "Polygon", "coordinates": [[[301693.90049959486, 2772522.0831710645], [301706.55847951747, 2772522.1311237076], [301706.63557311567, 2772501.7832750385], [301693.97757431853, 2772501.735322653], [301693.90049959486, 2772522.0831710645]]]}, "properties": {"height": 21, "color": "rgb(0,0,255)"}}, {"geometry": {"type": "Polygon", "coordinates": [[[301603.1525657009, 2772526.2974086036], [301623.210090118, 2772526.3732653856], [301623.2762712829, 2772508.8774486366], [301603.2187211497, 2772508.8015922047], [301603.1525657009, 2772526.2974086036]]]}, "properties": {"height": 17.5, "color": "rgb(0,0,255)"}}, {"geometry": {"type": "Polygon", "coordinates": [[[301604.72338630696, 2772498.3091531224], [301623.60038076265, 2772498.380545722], [301623.6656059722, 2772481.1373807928], [301604.7885876637, 2772481.065988518], [301604.72338630696, 2772498.3091531224]]]}, "properties": {"height": 17.5, "color": "rgb(0,0,255)"}}, {"geometry": {"type": "Polygon", "coordinates": [[[301626.35684282286, 2772487.4710610127], [301646.2699117289, 2772487.546404021], [301646.3358354527, 2772470.1261488493], [301626.42274112644, 2772470.050806188], [301626.35684282286, 2772487.4710610127]]]}, "properties": {"height": 17.5, "color": "rgb(0,0,255)"}}, {"geometry": {"type": "Polygon", "coordinates": [[[301667.17408220674, 2772467.8210087623], [301691.3098798923, 2772467.9124040506], [301691.3684518742, 2772452.448202718], [301667.2326268377, 2772452.3568078023], [301667.17408220674, 2772467.8210087623]]]}, "properties": {"height": 14, "color": "rgb(0,0,255)"}}, {"geometry": {"type": "Polygon", "coordinates": [[[301621.7425934247, 2772538.221667327], [301646.69511021837, 2772538.3160757064], [301646.7441785104, 2772525.350232217], [301621.7916380078, 2772525.2558241603], [301621.7425934247, 2772538.221667327]]]}, "properties": {"height": 14, "color": "rgb(0,0,255)"}}, {"geometry": {"type": "Polygon", "coordinates": [[[301623.16126354726, 2772516.734364543], [301649.2174902066, 2772516.832951726], [301649.2674347126, 2772503.636104427], [301623.2111828548, 2772503.537517587], [301623.16126354726, 2772516.734364543]]]}, "properties": {"height": 10.5, "color": "rgb(0,0,255)"}}, {"geometry": {"type": "Polygon", "coordinates": [[[301632.28749890183, 2772470.732660601], [301649.36420575844, 2772470.7972771632], [301649.42783387407, 2772453.984526799], [301632.3511059784, 2772453.9199105236], [301632.28749890183, 2772470.732660601]]]}, "properties": {"height": 14, "color": "rgb(0,0,255)"}}, {"geometry": {"type": "Polygon", "coordinates": [[[301721.12345098256, 2772448.4470581263], [301733.56540371984, 2772448.49421568], [301733.63064159773, 2772431.2840072005], [301721.1886731693, 2772431.2368498603], [301721.12345098256, 2772448.4470581263]]]}, "properties": {"height": 17.5, "color": "rgb(0,0,255)"}}, {"geometry": {"type": "Polygon", "coordinates": [[[301740.9759770513, 2772491.9932544082], [301755.16453271866, 2772492.0470544533], [301755.22816767805, 2772475.2670137286], [301741.0395945638, 2772475.213213921], [301740.9759770513, 2772491.9932544082]]]}, "properties": {"height": 14, "color": "rgb(0,0,255)"}}, {"geometry": {"type": "Polygon", "coordinates": [[[301710.224993006, 2772463.9732020395], [301732.00017997297, 2772464.0557250497], [301732.037517401, 2772454.2056274866], [301710.26231471635, 2772454.12310469], [301710.224993006, 2772463.9732020395]]]}, "properties": {"height": 17.5, "color": "rgb(0,0,255)"}}, {"geometry": {"type": "Polygon", "coordinates": [[[301754.8878086858, 2772492.040610229], [301769.3094543421, 2772492.0953089274], [301769.3706188228, 2772475.971122837], [301754.948956126, 2772475.9164243713], [301754.8878086858, 2772492.040610229]]]}, "properties": {"height": 14, "color": "rgb(0,0,255)"}}, {"geometry": {"type": "Polygon", "coordinates": [[[301657.85429435264, 2772505.5771582513], [301677.28085878154, 2772505.6507055564], [301677.3277870972, 2772493.257505161], [301657.90120502544, 2772493.183958097], [301657.85429435264, 2772505.5771582513]]]}, "properties": {"height": 14, "color": "rgb(0,0,255)"}}, {"geometry": {"type": "Polygon", "coordinates": [[[301627.20628852217, 2772453.637353254], [301650.72028206324, 2772453.7263240363], [301650.76004118705, 2772443.2208008417], [301627.24602954404, 2772443.1318303053], [301627.20628852217, 2772453.637353254]]]}, "properties": {"height": 14, "color": "rgb(0,0,255)"}}, {"geometry": {"type": "Polygon", "coordinates": [[[301740.7908032802, 2772513.8289843253], [301783.83982835064, 2772513.992263653], [301783.8806207697, 2772503.241685982], [301740.83156178455, 2772503.0784071176], [301740.7908032802, 2772513.8289843253]]]}, "properties": {"height": 7, "color": "rgb(0,0,255)"}}, {"geometry": {"type": "Polygon", "coordinates": [[[301630.38009104, 2772435.2358881733], [301641.97638379445, 2772435.2797628045], [301642.0355345675, 2772419.6476207883], [301630.43922852946, 2772419.603746338], [301630.38009104, 2772435.2358881733]]]}, "properties": {"height": 17.5, "color": "rgb(0,0,255)"}}, {"geometry": {"type": "Polygon", "coordinates": [[[301664.51043313777, 2772487.0159303052], [301673.3678895781, 2772487.0494645094], [301673.4441535919, 2772466.907356083], [301664.5866840778, 2772466.873822057], [301664.51043313777, 2772487.0159303052]]]}, "properties": {"height": 17.5, "color": "rgb(0,0,255)"}}, {"geometry": {"type": "Polygon", "coordinates": [[[301645.5347258286, 2772436.9943055497], [301653.30171329394, 2772437.023699541], [301653.35899532447, 2772421.888752833], [301645.591999245, 2772421.859358959], [301645.5347258286, 2772436.9943055497]]]}, "properties": {"height": 17.5, "color": "rgb(0,0,255)"}}, {"geometry": {"type": "Polygon", "coordinates": [[[301602.79618270544, 2772532.195729793], [301620.6148590078, 2772532.263117574], [301620.6392064177, 2772525.8262799173], [301602.8205217102, 2772525.7588922502], [301602.79618270544, 2772532.195729793]]]}, "properties": {"height": 17.5, "color": "rgb(0,0,255)"}}, {"geometry": {"type": "Polygon", "coordinates": [[[301635.00953890197, 2772455.8949096776], [301650.09911261004, 2772455.952008689], [301650.1262004436, 2772448.7945354325], [301635.0366188211, 2772448.7374365297], [301635.00953890197, 2772455.8949096776]]]}, "properties": {"height": 17.5, "color": "rgb(0,0,255)"}}, {"geometry": {"type": "Polygon", "coordinates": [[[301624.71933147137, 2772503.0616645697], [301634.71550417, 2772503.0994814592], [301634.75971779577, 2772491.4135619905], [301624.7635365369, 2772491.3757452173], [301624.71933147137, 2772503.0616645697]]]}, "properties": {"height": 14, "color": "rgb(0,0,255)"}}, {"geometry": {"type": "Polygon", "coordinates": [[[301629.90964151407, 2772445.4820149145], [301651.4592989669, 2772445.5635556094], [301651.4904708264, 2772437.3271321896], [301629.94080036704, 2772437.245591671], [301629.90964151407, 2772445.4820149145]]]}, "properties": {"height": 10.5, "color": "rgb(0,0,255)"}}, {"geometry": {"type": "Polygon", "coordinates": [[[301680.84407439764, 2772490.1355377557], [301689.5331887794, 2772490.168445006], [301689.61433139583, 2772468.744572239], [301680.9252033726, 2772468.7116651735], [301680.84407439764, 2772490.1355377557]]]}, "properties": {"height": 10.5, "color": "rgb(0,0,255)"}}, {"geometry": {"type": "Polygon", "coordinates": [[[301670.4072552462, 2772488.6817780593], [301677.3734409263, 2772488.7081544846], [301677.44529575604, 2772469.7320443513], [301670.4791003889, 2772469.705668058], [301670.4072552462, 2772488.6817780593]]]}, "properties": {"height": 14, "color": "rgb(0,0,255)"}}, {"geometry": {"type": "Polygon", "coordinates": [[[301653.4913203683, 2772523.8833041172], [301672.7718849017, 2772523.956292961], [301672.80879681744, 2772514.2075295784], [301653.52821851, 2772514.134540923], [301653.4913203683, 2772523.8833041172]]]}, "properties": {"height": 10.5, "color": "rgb(0,0,255)"}}, {"geometry": {"type": "Polygon", "coordinates": [[[301715.4736294832, 2772448.923808394], [301722.77046469727, 2772448.9514605063], [301722.8387086408, 2772430.944474591], [301715.5418637983, 2772430.91682261], [301715.4736294832, 2772448.923808394]]]}, "properties": {"height": 10.5, "color": "rgb(0,0,255)"}}, {"geometry": {"type": "Polygon", "coordinates": [[[301623.9445589852, 2772526.085938887], [301635.7970368289, 2772526.1307789898], [301635.8383871677, 2772515.201976534], [301623.9858998317, 2772515.1571365604], [301623.9445589852, 2772526.085938887]]]}, "properties": {"height": 14, "color": "rgb(0,0,255)"}}, {"geometry": {"type": "Polygon", "coordinates": [[[301717.5935658946, 2772456.220231351], [301732.2687923382, 2772456.2758510537], [301732.29526203114, 2772449.292820226], [301717.62002807803, 2772449.237200626], [301717.5935658946, 2772456.220231351]]]}, "properties": {"height": 14, "color": "rgb(0,0,255)"}}, {"geometry": {"type": "Polygon", "coordinates": [[[301690.4336182146, 2772594.9289492355], [301706.504734027, 2772594.98983172], [301706.5704875383, 2772577.6355603915], [301690.4993512869, 2772577.5746781854], [301690.4336182146, 2772594.9289492355]]]}, "properties": {"height": 24.5, "color": "rgb(0,0,255)"}}, {"geometry": {"type": "Polygon", "coordinates": [[[301706.70511287573, 2772595.7046852456], [301723.97767278895, 2772595.770140556], [301724.0454414931, 2772577.8900470096], [301706.77285894734, 2772577.824592007], [301706.70511287573, 2772595.7046852456]]]}, "properties": {"height": 21, "color": "rgb(0,0,255)"}}, {"geometry": {"type": "Polygon", "coordinates": [[[301673.70425010205, 2772568.1635298403], [301713.82179705193, 2772568.3154923334], [301713.9669859719, 2772530.000764561], [301673.8493263802, 2772529.8488036036], [301673.70425010205, 2772568.1635298403]]]}, "properties": {"height": 3.5, "color": "rgb(0,0,255)"}}, {"geometry": {"type": "Polygon", "coordinates": [[[301601.2110897335, 2772556.256910056], [301619.22307633003, 2772556.325027618], [301619.25967913755, 2772546.6480030147], [301601.2476797678, 2772546.5798856267], [301601.2110897335, 2772556.256910056]]]}, "properties": {"height": 17.5, "color": "rgb(0,0,255)"}}, {"geometry": {"type": "Polygon", "coordinates": [[[301678.3288140377, 2772593.8928919053], [301685.2451321881, 2772593.9190846467], [301685.3129949958, 2772576.0007318505], [301678.3966677635, 2772575.9745392324], [301678.3288140377, 2772593.8928919053]]]}, "properties": {"height": 17.5, "color": "rgb(0,0,255)"}}, {"geometry": {"type": "Polygon", "coordinates": [[[301672.59907620953, 2772568.268898555], [301708.10675191093, 2772568.4033903074], [301708.1585339265, 2772554.7368874266], [301672.65082266356, 2772554.6023961585], [301672.59907620953, 2772568.268898555]]]}, "properties": {"height": 3.5, "color": "rgb(0,0,255)"}}, {"geometry": {"type": "Polygon", "coordinates": [[[301599.8603959234, 2772588.6521903505], [301613.05430975487, 2772588.702083999], [301613.1200756985, 2772571.3130602785], [301599.9261450537, 2772571.2631668593], [301599.8603959234, 2772588.6521903505]]]}, "properties": {"height": 7, "color": "rgb(0,0,255)"}}, {"geometry": {"type": "Polygon", "coordinates": [[[301665.1712821738, 2772762.678386689], [301695.4116718147, 2772762.7929144814], [301695.45424215175, 2772751.5557339555], [301665.2138276062, 2772751.4412065023], [301665.1712821738, 2772762.678386689]]]}, "properties": {"height": 17.5, "color": "rgb(0,0,255)"}}, {"geometry": {"type": "Polygon", "coordinates": [[[301695.0923158952, 2772773.597402378], [301712.81140976015, 2772773.6645399653], [301712.89720699366, 2772751.0245460463], [301695.1780837282, 2772750.9574088594], [301695.0923158952, 2772773.597402378]]]}, "properties": {"height": 17.5, "color": "rgb(0,0,255)"}}, {"geometry": {"type": "Polygon", "coordinates": [[[301624.8873216534, 2772767.5814065407], [301636.30105895625, 2772767.624591691], [301636.379429367, 2772746.913686689], [301624.9656747396, 2772746.870501775], [301624.8873216534, 2772767.5814065407]]]}, "properties": {"height": 14, "color": "rgb(0,0,255)"}}, {"geometry": {"type": "Polygon", "coordinates": [[[301607.23661898804, 2772769.5009148484], [301624.8078927238, 2772769.567379015], [301624.8980658059, 2772745.73209006], [301607.32676137565, 2772745.6656263117], [301607.23661898804, 2772769.5009148484]]]}, "properties": {"height": 7, "color": "rgb(0,0,255)"}}, {"geometry": {"type": "Polygon", "coordinates": [[[301647.0117951317, 2772770.459352416], [301654.27488910285, 2772770.4868438467], [301654.3549472712, 2772749.3373009106], [301647.0918420421, 2772749.3098096335], [301647.0117951317, 2772770.459352416]]]}, "properties": {"height": 17.5, "color": "rgb(0,0,255)"}}, {"geometry": {"type": "Polygon", "coordinates": [[[301635.72215139394, 2772770.864131757], [301648.3994009653, 2772770.912108264], [301648.49119867466, 2772746.6584791285], [301635.81392656924, 2772746.610502929], [301635.72215139394, 2772770.864131757]]]}, "properties": {"height": 7, "color": "rgb(0,0,255)"}}, {"geometry": {"type": "Polygon", "coordinates": [[[301653.81747391867, 2772760.726215607], [301664.1996617805, 2772760.7655192814], [301664.2440117466, 2772749.0514918272], [301653.8618149716, 2772749.012188275], [301653.81747391867, 2772760.726215607]]]}, "properties": {"height": 17.5, "color": "rgb(0,0,255)"}}, {"geometry": {"type": "Polygon", "coordinates": [[[301624.22948684124, 2772767.5657897154], [301630.46916906664, 2772767.5893967655], [301630.5276983685, 2772752.120157021], [301624.288009069, 2772752.0965500665], [301624.22948684124, 2772767.5657897154]]]}, "properties": {"height": 17.5, "color": "rgb(0,0,255)"}}, {"geometry": {"type": "Polygon", "coordinates": [[[301636.2405052563, 2772886.1356191495], [301658.44193806004, 2772886.2196520837], [301658.5185447869, 2772865.9844975458], [301636.3170790567, 2772865.90046506], [301636.2405052563, 2772886.1356191495]]]}, "properties": {"height": 17.5, "color": "rgb(0,0,255)"}}, {"geometry": {"type": "Polygon", "coordinates": [[[301650.03323795414, 2772827.3383513354], [301659.8838597616, 2772827.3756407644], [301659.96091627004, 2772807.021755778], [301650.11027976807, 2772806.9844665495], [301650.03323795414, 2772827.3383513354]]]}, "properties": {"height": 17.5, "color": "rgb(0,0,255)"}}, {"geometry": {"type": "Polygon", "coordinates": [[[301725.02420684416, 2772831.587621841], [301737.5850395454, 2772831.635241104], [301737.6688814109, 2772809.522346658], [301725.1080283528, 2772809.4747276735], [301725.02420684416, 2772831.587621841]]]}, "properties": {"height": 10.5, "color": "rgb(0,0,255)"}}, {"geometry": {"type": "Polygon", "coordinates": [[[301669.9459250123, 2772827.8543116786], [301676.26519533776, 2772827.878241621], [301676.351600587, 2772805.0621884433], [301670.03231969447, 2772805.038258645], [301669.9459250123, 2772827.8543116786]]]}, "properties": {"height": 17.5, "color": "rgb(0,0,255)"}}, {"geometry": {"type": "Polygon", "coordinates": [[[301658.8514882491, 2772827.2170803593], [301665.5925024061, 2772827.242601987], [301665.67979534384, 2772804.187378674], [301658.93876979634, 2772804.1618572013], [301658.8514882491, 2772827.2170803593]]]}, "properties": {"height": 14, "color": "rgb(0,0,255)"}}, {"geometry": {"type": "Polygon", "coordinates": [[[301751.16322008776, 2772810.035645944], [301757.2946022097, 2772810.058900668], [301757.3704079525, 2772790.072939043], [301751.23901684955, 2772790.049684442], [301751.16322008776, 2772810.035645944]]]}, "properties": {"height": 17.5, "color": "rgb(0,0,255)"}}, {"geometry": {"type": "Polygon", "coordinates": [[[301740.0859450256, 2772809.401586063], [301746.49841987033, 2772809.4259017524], [301746.584819785, 2772786.642048823], [301740.1723342326, 2772786.6177332806], [301740.0859450256, 2772809.401586063]]]}, "properties": {"height": 14, "color": "rgb(0,0,255)"}}, {"geometry": {"type": "Polygon", "coordinates": [[[301675.0492205844, 2772828.1065005856], [301681.8336963735, 2772828.1321948334], [301681.91231970506, 2772807.37327049], [301675.12783359387, 2772807.347576383], [301675.0492205844, 2772828.1065005856]]]}, "properties": {"height": 14, "color": "rgb(0,0,255)"}}, {"geometry": {"type": "Polygon", "coordinates": [[[301657.93994606414, 2772887.1799895815], [301664.180028876, 2772887.2036147215], [301664.2560413054, 2772867.1276784022], [301658.0159493119, 2772867.1040533874], [301657.93994606414, 2772887.1799895815]]]}, "properties": {"height": 14, "color": "rgb(0,0,255)"}}, {"geometry": {"type": "Polygon", "coordinates": [[[301734.5153839178, 2772809.0514965835], [301741.15261667466, 2772809.0766618815], [301741.2397993898, 2772786.0840034042], [301734.6025554483, 2772786.0588382594], [301734.5153839178, 2772809.0514965835]]]}, "properties": {"height": 14, "color": "rgb(0,0,255)"}}, {"geometry": {"type": "Polygon", "coordinates": [[[301729.4260995989, 2772806.561892044], [301735.5151299004, 2772806.5849763956], [301735.5863555921, 2772787.798603888], [301729.49731690687, 2772787.7755196504], [301729.4260995989, 2772806.561892044]]]}, "properties": {"height": 17.5, "color": "rgb(0,0,255)"}}, {"geometry": {"type": "Polygon", "coordinates": [[[301716.9709612946, 2772827.7126359614], [301725.81827353145, 2772827.746170451], [301725.88494382886, 2772810.1581811346], [301717.0376201875, 2772810.1246468015], [301716.9709612946, 2772827.7126359614]]]}, "properties": {"height": 10.5, "color": "rgb(0,0,255)"}}, {"geometry": {"type": "Polygon", "coordinates": [[[301697.2669122586, 2772882.8297772785], [301711.08200270694, 2772882.8821251807], [301711.11330678966, 2772874.6217833953], [301697.2982079774, 2772874.569435607], [301697.2669122586, 2772882.8297772785]]]}, "properties": {"height": 14, "color": "rgb(0,0,255)"}}, {"geometry": {"type": "Polygon", "coordinates": [[[301664.5455095463, 2772827.394758312], [301671.1624970306, 2772827.4198131044], [301671.2446092, 2772805.7352437116], [301664.62761119957, 2772805.7101890626], [301664.5455095463, 2772827.394758312]]]}, "properties": {"height": 10.5, "color": "rgb(0,0,255)"}}, {"geometry": {"type": "Polygon", "coordinates": [[[301745.4288175564, 2772809.4652409465], [301752.11844210344, 2772809.490610256], [301752.1937320047, 2772789.6386592905], [301745.5040977247, 2772789.6132901134], [301745.4288175564, 2772809.4652409465]]]}, "properties": {"height": 14, "color": "rgb(0,0,255)"}}, {"geometry": {"type": "Polygon", "coordinates": [[[301756.35524834914, 2772810.2052207445], [301762.9733214558, 2772810.2303239964], [301763.05274091946, 2772789.2939106105], [301756.43465765787, 2772789.268807497], [301756.35524834914, 2772810.2052207445]]]}, "properties": {"height": 10.5, "color": "rgb(0,0,255)"}}, {"geometry": {"type": "Polygon", "coordinates": [[[301663.78977513674, 2772887.33164015], [301669.0629274134, 2772887.351606538], [301669.14161121077, 2772866.57208754], [301663.8684509033, 2772866.5521212616], [301663.78977513674, 2772887.33164015]]]}, "properties": {"height": 14, "color": "rgb(0,0,255)"}}, {"geometry": {"type": "Polygon", "coordinates": [[[301868.289656117, 2772403.3739230456], [301928.3315373795, 2772403.6022420046], [301928.35292968206, 2772397.9798761415], [301868.31102368265, 2772397.751557521], [301868.289656117, 2772403.3739230456]]]}, "properties": {"height": 17.5, "color": "rgb(0,0,255)"}}, {"geometry": {"type": "Polygon", "coordinates": [[[301752.7250421598, 2772353.506071507], [301790.43253921537, 2772353.6491073007], [301790.46957265155, 2772343.889787167], [301752.7620486304, 2772343.7467517415], [301752.7250421598, 2772353.506071507]]]}, "properties": {"height": 14, "color": "rgb(0,0,255)"}}, {"geometry": {"type": "Polygon", "coordinates": [[[301855.3283513467, 2772343.604937584], [301868.7168218244, 2772343.655812562], [301868.7847316084, 2772325.786644259], [301855.3962436002, 2772325.7357695214], [301855.3283513467, 2772343.604937584]]]}, "properties": {"height": 17.5, "color": "rgb(0,0,255)"}}, {"geometry": {"type": "Polygon", "coordinates": [[[301848.03829280526, 2772404.5367686776], [301865.2217477264, 2772404.602059095], [301865.24749174557, 2772397.827735579], [301848.06402829447, 2772397.7624452775], [301848.03829280526, 2772404.5367686776]]]}, "properties": {"height": 31.5, "color": "rgb(0,0,255)"}}, {"geometry": {"type": "Polygon", "coordinates": [[[301840.6249522132, 2772307.059999989], [301860.70499277615, 2772307.1362844743], [301860.7472388112, 2772296.01817251], [301840.66718188947, 2772295.9418882476], [301840.6249522132, 2772307.059999989]]]}, "properties": {"height": 14, "color": "rgb(0,0,255)"}}, {"geometry": {"type": "Polygon", "coordinates": [[[301840.2103083541, 2772318.243191528], [301859.51360404195, 2772318.3165243445], [301859.5567827032, 2772306.9527588384], [301840.2534709418, 2772306.879426242], [301840.2103083541, 2772318.243191528]]]}, "properties": {"height": 14, "color": "rgb(0,0,255)"}}, {"geometry": {"type": "Polygon", "coordinates": [[[301768.5737139019, 2772370.223459075], [301788.6391883635, 2772370.2995842635], [301788.66998578043, 2772362.1834019036], [301768.60449938534, 2772362.1072768783], [301768.5737139019, 2772370.223459075]]]}, "properties": {"height": 17.5, "color": "rgb(0,0,255)"}}, {"geometry": {"type": "Polygon", "coordinates": [[[301792.5980291824, 2772343.056096068], [301805.06104105146, 2772343.103396673], [301805.10711256164, 2772330.9656684636], [301792.644089608, 2772330.918368011], [301792.5980291824, 2772343.056096068]]]}, "properties": {"height": 17.5, "color": "rgb(0,0,255)"}}, {"geometry": {"type": "Polygon", "coordinates": [[[301910.0242927544, 2772353.14737409], [301923.3372703671, 2772353.1980157127], [301923.40183462156, 2772336.227099453], [301910.08884045336, 2772336.1764580566], [301910.0242927544, 2772353.14737409]]]}, "properties": {"height": 10.5, "color": "rgb(0,0,255)"}}, {"geometry": {"type": "Polygon", "coordinates": [[[301776.40192544024, 2772425.955210193], [301783.41650269425, 2772425.98182365], [301783.495557889, 2772405.1463813786], [301776.4809699253, 2772405.1197680673], [301776.40192544024, 2772425.955210193]]]}, "properties": {"height": 14, "color": "rgb(0,0,255)"}}, {"geometry": {"type": "Polygon", "coordinates": [[[301772.10182807985, 2772425.13192726], [301779.0861344157, 2772425.1584236524], [301779.16423206887, 2772404.5736194663], [301772.1799151977, 2772404.5471232184], [301772.10182807985, 2772425.13192726]]]}, "properties": {"height": 14, "color": "rgb(0,0,255)"}}, {"geometry": {"type": "Polygon", "coordinates": [[[301876.7404654396, 2772347.282335345], [301885.2613995339, 2772347.3147260216], [301885.33371040545, 2772328.2935870118], [301876.8127644348, 2772328.2611964988], [301876.7404654396, 2772347.282335345]]]}, "properties": {"height": 14, "color": "rgb(0,0,255)"}}, {"geometry": {"type": "Polygon", "coordinates": [[[301839.0486053102, 2772345.5092048114], [301850.4717510373, 2772345.5525973183], [301850.51407494035, 2772334.411969747], [301839.09091988805, 2772334.3685773676], [301839.0486053102, 2772345.5092048114]]]}, "properties": {"height": 17.5, "color": "rgb(0,0,255)"}}, {"geometry": {"type": "Polygon", "coordinates": [[[301768.5569133548, 2772402.215779686], [301785.8864575024, 2772402.2815242982], [301785.9359686151, 2772389.2331039854], [301768.60640789784, 2772389.1673595994], [301768.5569133548, 2772402.215779686]]]}, "properties": {"height": 7, "color": "rgb(0,0,255)"}}, {"geometry": {"type": "Polygon", "coordinates": [[[301870.7923825238, 2772379.5164533984], [301891.5738283188, 2772379.595451351], [301891.6192663265, 2772367.6447579637], [301870.83780233306, 2772367.5657602604], [301870.7923825238, 2772379.5164533984]]]}, "properties": {"height": 7, "color": "rgb(0,0,255)"}}, {"geometry": {"type": "Polygon", "coordinates": [[[301770.8475233366, 2772359.339579963], [301787.91736344236, 2772359.4043408767], [301787.94687700307, 2772351.6263562045], [301770.8770271685, 2772351.5615954236], [301770.8475233366, 2772359.339579963]]]}, "properties": {"height": 10.5, "color": "rgb(0,0,255)"}}, {"geometry": {"type": "Polygon", "coordinates": [[[301847.963224908, 2772340.635884061], [301856.6237700797, 2772340.6687871357], [301856.6860803381, 2772324.269188144], [301848.025524759, 2772324.236285211], [301847.963224908, 2772340.635884061]]]}, "properties": {"height": 10.5, "color": "rgb(0,0,255)"}}, {"geometry": {"type": "Polygon", "coordinates": [[[301839.26406036504, 2772334.704010544], [301848.79395921464, 2772334.7402106016], [301848.8353025754, 2772323.857284461], [301839.3053961261, 2772323.821084507], [301839.26406036504, 2772334.704010544]]]}, "properties": {"height": 14, "color": "rgb(0,0,255)"}}, {"geometry": {"type": "Polygon", "coordinates": [[[301832.95132925076, 2772486.4229326127], [301856.9948388306, 2772486.514271094], [301857.07412317843, 2772465.648599505], [301833.0305768351, 2772465.557261527], [301832.95132925076, 2772486.4229326127]]]}, "properties": {"height": 10.5, "color": "rgb(0,0,255)"}}, {"geometry": {"type": "Polygon", "coordinates": [[[301892.86926448, 2772439.242750501], [301914.6492662688, 2772439.3255823893], [301914.6823433745, 2772430.6300261435], [301892.9023277074, 2772430.547194445], [301892.86926448, 2772439.242750501]]]}, "properties": {"height": 28, "color": "rgb(0,0,255)"}}, {"geometry": {"type": "Polygon", "coordinates": [[[301831.4862989282, 2772503.463137534], [301849.5910192371, 2772503.531909847], [301849.66429773864, 2772484.2442139983], [301831.55955184024, 2772484.1754420353], [301831.4862989282, 2772503.463137534]]]}, "properties": {"height": 14, "color": "rgb(0,0,255)"}}, {"geometry": {"type": "Polygon", "coordinates": [[[301875.08619574516, 2772487.489729762], [301896.6034410114, 2772487.5715357335], [301896.62947621953, 2772480.7249638117], [301875.11222015775, 2772480.6431579883], [301875.08619574516, 2772487.489729762]]]}, "properties": {"height": 31.5, "color": "rgb(0,0,255)"}}, {"geometry": {"type": "Polygon", "coordinates": [[[301771.9737176944, 2772492.4936153544], [301783.415469329, 2772492.5370249352], [301783.4975633882, 2772470.9012602298], [301772.055793613, 2772470.857850896], [301771.9737176944, 2772492.4936153544]]]}, "properties": {"height": 14, "color": "rgb(0,0,255)"}}, {"geometry": {"type": "Polygon", "coordinates": [[[301835.1594922373, 2772466.6790683875], [301851.902805547, 2772466.742671991], [301851.94976073905, 2772454.383935397], [301835.20643226587, 2772454.320332], [301835.1594922373, 2772466.6790683875]]]}, "properties": {"height": 17.5, "color": "rgb(0,0,255)"}}, {"geometry": {"type": "Polygon", "coordinates": [[[301852.975603524, 2772524.8881459367], [301873.36311977496, 2772524.965624131], [301873.408897192, 2772512.9221539344], [301853.02136294777, 2772512.8446759866], [301852.975603524, 2772524.8881459367]]]}, "properties": {"height": 14, "color": "rgb(0,0,255)"}}, {"geometry": {"type": "Polygon", "coordinates": [[[301905.07858182245, 2772469.464879074], [301918.4623188314, 2772469.5157874753], [301918.5095720213, 2772457.094574799], [301905.1258228301, 2772457.0436665644], [301905.07858182245, 2772469.464879074]]]}, "properties": {"height": 17.5, "color": "rgb(0,0,255)"}}, {"geometry": {"type": "Polygon", "coordinates": [[[301782.3169810332, 2772504.8056199728], [301801.3329871125, 2772504.8777860473], [301801.3594737239, 2772497.899746754], [301782.34345792065, 2772497.827580813], [301782.3169810332, 2772504.8056199728]]]}, "properties": {"height": 21, "color": "rgb(0,0,255)"}}, {"geometry": {"type": "Polygon", "coordinates": [[[301782.3762720056, 2772498.9468145557], [301801.6693221997, 2772499.0200321213], [301801.69366661896, 2772492.6063916413], [301782.4006073572, 2772492.5331741995], [301782.3762720056, 2772498.9468145557]]]}, "properties": {"height": 17.5, "color": "rgb(0,0,255)"}}, {"geometry": {"type": "Polygon", "coordinates": [[[301826.988096958, 2772547.339890872], [301834.94618807535, 2772547.3701153174], [301835.0214475593, 2772527.555761628], [301827.0633448865, 2772527.5255373404], [301826.988096958, 2772547.339890872]]]}, "properties": {"height": 14, "color": "rgb(0,0,255)"}}, {"geometry": {"type": "Polygon", "coordinates": [[[301782.9687225107, 2772518.343878576], [301800.618540312, 2772518.4108602735], [301800.6723761816, 2772504.227378701], [301783.02254003537, 2772504.160397253], [301782.9687225107, 2772518.343878576]]]}, "properties": {"height": 7, "color": "rgb(0,0,255)"}}, {"geometry": {"type": "Polygon", "coordinates": [[[301873.76362545753, 2772606.056346727], [301893.36895150965, 2772606.1308841645], [301893.4772216205, 2772577.658212022], [301873.8718546602, 2772577.5836751447], [301873.76362545753, 2772606.056346727]]]}, "properties": {"height": 14, "color": "rgb(0,0,255)"}}, {"geometry": {"type": "Polygon", "coordinates": [[[301908.6699181148, 2772593.0066771233], [301930.5938097138, 2772593.0900870003], [301930.6480678553, 2772578.8315674756], [301908.7241533478, 2772578.7481579124], [301908.6699181148, 2772593.0066771233]]]}, "properties": {"height": 21, "color": "rgb(0,0,255)"}}, {"geometry": {"type": "Polygon", "coordinates": [[[301774.7675378834, 2772546.5315878936], [301784.40646371385, 2772546.568159768], [301784.4492078959, 2772535.303480421], [301774.8102741086, 2772535.266908655], [301774.7675378834, 2772546.5315878936]]]}, "properties": {"height": 59.5, "color": "rgb(0,0,255)"}}, {"geometry": {"type": "Polygon", "coordinates": [[[301845.96842510597, 2772564.255295553], [301856.3056112415, 2772564.2945712362], [301856.35300117603, 2772551.822967098], [301846.0158055928, 2772551.7836915436], [301845.96842510597, 2772564.255295553]]]}, "properties": {"height": 49, "color": "rgb(0,0,255)"}}, {"geometry": {"type": "Polygon", "coordinates": [[[301840.2787027907, 2772570.372924379], [301850.13812573726, 2772570.4103806335], [301850.17548798316, 2772560.5766217797], [301840.31605793146, 2772560.5391656226], [301840.2787027907, 2772570.372924379]]]}, "properties": {"height": 56, "color": "rgb(0,0,255)"}}, {"geometry": {"type": "Polygon", "coordinates": [[[301910.585492794, 2772639.0556987934], [301928.02645680524, 2772639.122054121], [301928.0930970056, 2772621.60910354], [301910.6521106101, 2772621.5427485188], [301910.585492794, 2772639.0556987934]]]}, "properties": {"height": 14, "color": "rgb(0,0,255)"}}, {"geometry": {"type": "Polygon", "coordinates": [[[301904.7162431701, 2772608.5989606786], [301922.83683336707, 2772608.6678934866], [301922.91090758215, 2772589.199099113], [301904.79029153165, 2772589.130166658], [301904.7162431701, 2772608.5989606786]]]}, "properties": {"height": 10.5, "color": "rgb(0,0,255)"}}, {"geometry": {"type": "Polygon", "coordinates": [[[301827.27004780615, 2772603.9979004804], [301844.69272856985, 2772604.06407892], [301844.77653961896, 2772582.0029178364], [301827.35383068764, 2772581.936739782], [301827.27004780615, 2772603.9979004804]]]}, "properties": {"height": 10.5, "color": "rgb(0,0,255)"}}, {"geometry": {"type": "Polygon", "coordinates": [[[301854.3332265293, 2772603.8586416063], [301862.9894055648, 2772603.891535684], [301863.0560334632, 2772586.3596080784], [301854.3998433062, 2772586.3267141525], [301854.3332265293, 2772603.8586416063]]]}, "properties": {"height": 21, "color": "rgb(0,0,255)"}}, {"geometry": {"type": "Polygon", "coordinates": [[[301854.9353516954, 2772549.0325304912], [301863.5395186762, 2772549.0652265484], [301863.61447224853, 2772529.3423065827], [301855.0102928318, 2772529.309610696], [301854.9353516954, 2772549.0325304912]]]}, "properties": {"height": 14, "color": "rgb(0,0,255)"}}, {"geometry": {"type": "Polygon", "coordinates": [[[301875.7640345055, 2772553.884040559], [301903.5404194984, 2772553.9896536516], [301903.57890238287, 2772543.871294361], [301875.8024967938, 2772543.7656815513], [301875.7640345055, 2772553.884040559]]]}, "properties": {"height": 7, "color": "rgb(0,0,255)"}}, {"geometry": {"type": "Polygon", "coordinates": [[[301848.7632632898, 2772604.5269370074], [301855.64661785617, 2772604.5530909807], [301855.71931218234, 2772585.422184118], [301848.8359479657, 2772585.396030277], [301848.7632632898, 2772604.5269370074]]]}, "properties": {"height": 14, "color": "rgb(0,0,255)"}}, {"geometry": {"type": "Polygon", "coordinates": [[[301897.03991732525, 2772629.480066376], [301911.91500391066, 2772629.5366432643], [301911.9483061647, 2772620.7821203023], [301897.0732100359, 2772620.725543545], [301897.03991732525, 2772629.480066376]]]}, "properties": {"height": 14, "color": "rgb(0,0,255)"}}, {"geometry": {"type": "Polygon", "coordinates": [[[301869.836111094, 2772772.3201500853], [301893.0286666914, 2772772.40832819], [301893.08626195963, 2772757.262999636], [301869.89368061896, 2772757.174821884], [301869.836111094, 2772772.3201500853]]]}, "properties": {"height": 21, "color": "rgb(0,0,255)"}}, {"geometry": {"type": "Polygon", "coordinates": [[[301781.1914050379, 2772765.687758053], [301799.03049661475, 2772765.7554627224], [301799.0752284699, 2772753.9713443634], [301781.2361214865, 2772753.903639905], [301781.1914050379, 2772765.687758053]]]}, "properties": {"height": 28, "color": "rgb(0,0,255)"}}, {"geometry": {"type": "Polygon", "coordinates": [[[301904.58343670814, 2772683.563051726], [301922.3415906279, 2772683.630607454], [301922.40936979407, 2772665.816712521], [301904.6511926908, 2772665.7491571107], [301904.58343670814, 2772683.563051726]]]}, "properties": {"height": 17.5, "color": "rgb(0,0,255)"}}, {"geometry": {"type": "Polygon", "coordinates": [[[301848.78079209, 2772779.8671072633], [301869.5137848268, 2772779.945900494], [301869.56899459544, 2772765.42133113], [301848.8359797885, 2772765.3425382003], [301848.78079209, 2772779.8671072633]]]}, "properties": {"height": 21, "color": "rgb(0,0,255)"}}, {"geometry": {"type": "Polygon", "coordinates": [[[301775.7232573229, 2772736.1689059273], [301794.80315655173, 2772736.241312177], [301794.92845574114, 2772703.229398439], [301775.8485103512, 2772703.156992821], [301775.7232573229, 2772736.1689059273]]]}, "properties": {"height": 7, "color": "rgb(0,0,255)"}}, {"geometry": {"type": "Polygon", "coordinates": [[[301895.33244514035, 2772754.1273038588], [301911.7784965313, 2772754.1898579462], [301911.83624393767, 2772739.0098939203], [301895.39017425023, 2772738.947340084], [301895.33244514035, 2772754.1273038588]]]}, "properties": {"height": 17.5, "color": "rgb(0,0,255)"}}, {"geometry": {"type": "Polygon", "coordinates": [[[301900.5521382439, 2772766.6319865156], [301920.62870944024, 2772766.7083603647], [301920.6700080911, 2772755.8541672253], [301900.59342092404, 2772755.7777935956], [301900.5521382439, 2772766.6319865156]]]}, "properties": {"height": 17.5, "color": "rgb(0,0,255)"}}, {"geometry": {"type": "Polygon", "coordinates": [[[301828.26593233045, 2772713.6985754566], [301840.3304486428, 2772713.7444019793], [301840.39396122005, 2772697.025666195], [301828.3294301254, 2772696.9798398744], [301828.26593233045, 2772713.6985754566]]]}, "properties": {"height": 17.5, "color": "rgb(0,0,255)"}}, {"geometry": {"type": "Polygon", "coordinates": [[[301840.77240062103, 2772714.157976626], [301856.73982747237, 2772714.218645106], [301856.7944418601, 2772699.8467820883], [301840.8269981907, 2772699.7861138373], [301840.77240062103, 2772714.157976626]]]}, "properties": {"height": 14, "color": "rgb(0,0,255)"}}, {"geometry": {"type": "Polygon", "coordinates": [[[301828.7474866562, 2772736.5237009744], [301845.92970287765, 2772736.588971289], [301845.9554046236, 2772729.8241765634], [301828.7731798836, 2772729.758906365], [301828.7474866562, 2772736.5237009744]]]}, "properties": {"height": 21, "color": "rgb(0,0,255)"}}, {"geometry": {"type": "Polygon", "coordinates": [[[301881.54951561487, 2772721.1164122703], [301908.5980014395, 2772721.2192755], [301908.6388480166, 2772710.481209093], [301881.59034090576, 2772710.3783461535], [301881.54951561487, 2772721.1164122703]]]}, "properties": {"height": 7, "color": "rgb(0,0,255)"}}, {"geometry": {"type": "Polygon", "coordinates": [[[301848.8326944834, 2772765.455714854], [301862.22889598255, 2772765.5066216458], [301862.25946875475, 2772757.462377298], [301848.86325935787, 2772757.411470614], [301848.8326944834, 2772765.455714854]]]}, "properties": {"height": 17.5, "color": "rgb(0,0,255)"}}, {"geometry": {"type": "Polygon", "coordinates": [[[301775.34892461466, 2772753.3723376924], [301794.6399673725, 2772753.4455453465], [301794.691276269, 2772739.927559395], [301775.4002143993, 2772739.8543520025], [301775.34892461466, 2772753.3723376924]]]}, "properties": {"height": 3.5, "color": "rgb(0,0,255)"}}, {"geometry": {"type": "Polygon", "coordinates": [[[302006.4988559108, 2772340.7557643903], [302086.3145131517, 2772341.060134573], [302086.49889798975, 2772292.745150365], [302006.68295817723, 2772292.4407840613], [302006.4988559108, 2772340.7557643903]]]}, "properties": {"height": 17.5, "color": "rgb(0,0,255)"}}, {"geometry": {"type": "Polygon", "coordinates": [[[301785.4580168822, 2772811.352217161], [301799.53312490426, 2772811.405639851], [301799.5843226053, 2772797.918544639], [301785.50920067047, 2772797.8651221395], [301785.4580168822, 2772811.352217161]]]}, "properties": {"height": 35, "color": "rgb(0,0,255)"}}, {"geometry": {"type": "Polygon", "coordinates": [[[301840.64682063024, 2772893.2640223494], [301860.3854760675, 2772893.3390277266], [301860.4558592543, 2772874.8202299867], [301840.71717702603, 2772874.7452249755], [301840.64682063024, 2772893.2640223494]]]}, "properties": {"height": 17.5, "color": "rgb(0,0,255)"}}, {"geometry": {"type": "Polygon", "coordinates": [[[301784.0957568341, 2772798.447169183], [301799.50112536235, 2772798.505639838], [301799.5381026401, 2772788.7646028744], [301784.1327231137, 2772788.7061323696], [301784.0957568341, 2772798.447169183]]]}, "properties": {"height": 31.5, "color": "rgb(0,0,255)"}}, {"geometry": {"type": "Polygon", "coordinates": [[[301833.14773799607, 2772818.8656259533], [301849.87832655245, 2772818.9291879283], [301849.9943306832, 2772788.3997051865], [301833.263704692, 2772788.336143723], [301833.14773799607, 2772818.8656259533]]]}, "properties": {"height": 7, "color": "rgb(0,0,255)"}}, {"geometry": {"type": "Polygon", "coordinates": [[[301869.8645916162, 2772831.1069500064], [301908.37324256107, 2772831.253385134], [301908.4187633055, 2772819.2870230908], [301869.9100785877, 2772819.1405884256], [301869.8645916162, 2772831.1069500064]]]}, "properties": {"height": 7, "color": "rgb(0,0,255)"}}, {"geometry": {"type": "Polygon", "coordinates": [[[301753.65513962525, 2772905.8894985626], [301788.698031967, 2772906.022455809], [301788.80418395443, 2772878.053829002], [301753.7612197784, 2772877.920872736], [301753.65513962525, 2772905.8894985626]]]}, "properties": {"height": 3.5, "color": "rgb(0,0,255)"}}, {"geometry": {"type": "Polygon", "coordinates": [[[301863.3446180725, 2772888.0735197593], [301879.9325959509, 2772888.136578346], [301879.98484299396, 2772874.3948138915], [301863.3968484088, 2772874.331755534], [301863.3446180725, 2772888.0735197593]]]}, "properties": {"height": 14, "color": "rgb(0,0,255)"}}, {"geometry": {"type": "Polygon", "coordinates": [[[301795.0968524861, 2772900.804798608], [301802.66291889927, 2772900.833520539], [301802.72712591407, 2772883.920992821], [301795.16105012223, 2772883.8922710186], [301795.0968524861, 2772900.804798608]]]}, "properties": {"height": 14, "color": "rgb(0,0,255)"}}, {"geometry": {"type": "Polygon", "coordinates": [[[301995.6564119651, 2772381.0455235224], [302011.63571153535, 2772381.1064101565], [302011.7203163999, 2772358.905743651], [301995.74099083454, 2772358.844857374], [301995.6564119651, 2772381.0455235224]]]}, "properties": {"height": 17.5, "color": "rgb(0,0,255)"}}, {"geometry": {"type": "Polygon", "coordinates": [[[302026.3607566718, 2772392.745293116], [302051.5469284713, 2772392.84132672], [302051.63055904064, 2772370.913251781], [302026.4443467712, 2772370.8172187335], [302026.3607566718, 2772392.745293116]]]}, "properties": {"height": 10.5, "color": "rgb(0,0,255)"}}, {"geometry": {"type": "Polygon", "coordinates": [[[302003.8767876501, 2772353.5102426927], [302022.6755654899, 2772353.5818849644], [302022.74591382145, 2772335.1259121355], [302003.9471105585, 2772335.054270212], [302003.8767876501, 2772353.5102426927]]]}, "properties": {"height": 17.5, "color": "rgb(0,0,255)"}}, {"geometry": {"type": "Polygon", "coordinates": [[[302038.564388011, 2772370.141260276], [302062.4397155551, 2772370.2323150528], [302062.5012685607, 2772354.0962568684], [302038.62591278646, 2772354.005202479], [302038.564388011, 2772370.141260276]]]}, "properties": {"height": 14, "color": "rgb(0,0,255)"}}, {"geometry": {"type": "Polygon", "coordinates": [[[302006.7523128676, 2772424.9528061836], [302018.18588857225, 2772424.9963802206], [302018.2299722461, 2772413.430327348], [302006.79638685106, 2772413.3867534446], [302006.7523128676, 2772424.9528061836]]]}, "properties": {"height": 35, "color": "rgb(0,0,255)"}}, {"geometry": {"type": "Polygon", "coordinates": [[[301979.3332184772, 2772427.2427114537], [301999.90063308016, 2772427.32106073], [301999.9650314781, 2772410.4191768533], [301979.3975914014, 2772410.3408279256], [301979.3332184772, 2772427.2427114537]]]}, "properties": {"height": 14, "color": "rgb(0,0,255)"}}, {"geometry": {"type": "Polygon", "coordinates": [[[301973.41470384377, 2772379.10062626], [301994.81846896815, 2772379.1821512845], [301994.8619499363, 2772367.768886922], [301973.4581669113, 2772367.687362143], [301973.41470384377, 2772379.10062626]]]}, "properties": {"height": 17.5, "color": "rgb(0,0,255)"}}, {"geometry": {"type": "Polygon", "coordinates": [[[301935.6979055101, 2772338.4081820194], [301949.4787688249, 2772338.4606292876], [301949.5143970715, 2772329.100300968], [301935.7335243046, 2772329.04785383], [301935.6979055101, 2772338.4081820194]]]}, "properties": {"height": 28, "color": "rgb(0,0,255)"}}, {"geometry": {"type": "Polygon", "coordinates": [[[301953.1966483625, 2772341.81265577], [301967.21169264184, 2772341.8660124475], [301967.2470959149, 2772332.567976485], [301953.2320420868, 2772332.5146199386], [301953.1966483625, 2772341.81265577]]]}, "properties": {"height": 28, "color": "rgb(0,0,255)"}}, {"geometry": {"type": "Polygon", "coordinates": [[[302005.1627349153, 2772405.274349934], [302021.63336317026, 2772405.3371210913], [302021.71653189446, 2772383.5177160418], [302005.24587730505, 2772383.4549452458], [302005.1627349153, 2772405.274349934]]]}, "properties": {"height": 7, "color": "rgb(0,0,255)"}}, {"geometry": {"type": "Polygon", "coordinates": [[[302061.7434469296, 2772400.7987283934], [302077.7908870105, 2772400.8599529043], [302077.8790870333, 2772377.7454847083], [302061.83161977166, 2772377.68426057], [302061.7434469296, 2772400.7987283934]]]}, "properties": {"height": 7, "color": "rgb(0,0,255)"}}, {"geometry": {"type": "Polygon", "coordinates": [[[301933.8427138114, 2772358.8691635113], [301947.60256729595, 2772358.9215293787], [301947.6676817421, 2772341.8140277914], [301933.9078110085, 2772341.7616621605], [301933.8427138114, 2772358.8691635113]]]}, "properties": {"height": 7, "color": "rgb(0,0,255)"}}, {"geometry": {"type": "Polygon", "coordinates": [[[302030.7180561481, 2772411.480350798], [302044.66655097506, 2772411.5335348244], [302044.7423169539, 2772391.665101711], [302030.7938018191, 2772391.6119179637], [302030.7180561481, 2772411.480350798]]]}, "properties": {"height": 7, "color": "rgb(0,0,255)"}}, {"geometry": {"type": "Polygon", "coordinates": [[[301921.2062130079, 2772352.6146029388], [301933.6643369101, 2772352.662002564], [301933.7183736423, 2772338.461106282], [301921.2602367763, 2772338.413706834], [301921.2062130079, 2772352.6146029388]]]}, "properties": {"height": 10.5, "color": "rgb(0,0,255)"}}, {"geometry": {"type": "Polygon", "coordinates": [[[302054.9589052884, 2772498.2749076486], [302070.6302450316, 2772498.3346916395], [302070.7064913406, 2772478.3509800606], [302055.03512864804, 2772478.291196386], [302054.9589052884, 2772498.2749076486]]]}, "properties": {"height": 17.5, "color": "rgb(0,0,255)"}}, {"geometry": {"type": "Polygon", "coordinates": [[[301973.7644594376, 2772501.857980248], [301991.0105555217, 2772501.9236702067], [301991.0540796835, 2772490.4988065925], [301973.80796916055, 2772490.433116832], [301973.7644594376, 2772501.857980248]]]}, "properties": {"height": 24.5, "color": "rgb(0,0,255)"}}, {"geometry": {"type": "Polygon", "coordinates": [[[302018.2070343051, 2772488.7521017953], [302036.7560936145, 2772488.822815617], [302036.8117058681, 2772474.237637785], [302018.2626267333, 2772474.166924235], [302018.2070343051, 2772488.7521017953]]]}, "properties": {"height": 17.5, "color": "rgb(0,0,255)"}}, {"geometry": {"type": "Polygon", "coordinates": [[[302026.1146335093, 2772473.5308588925], [302042.67721022305, 2772473.5940077235], [302042.73879660945, 2772457.4437531205], [302026.17620029417, 2772457.380604558], [302026.1146335093, 2772473.5308588925]]]}, "properties": {"height": 14, "color": "rgb(0,0,255)"}}, {"geometry": {"type": "Polygon", "coordinates": [[[302027.24159339827, 2772540.3887976897], [302044.5245518165, 2772540.454696841], [302044.59070686944, 2772523.107455085], [302027.3077264804, 2772523.0415562345], [302027.24159339827, 2772540.3887976897]]]}, "properties": {"height": 14, "color": "rgb(0,0,255)"}}, {"geometry": {"type": "Polygon", "coordinates": [[[302008.73410032, 2772514.791153998], [302022.96393189783, 2772514.8453902546], [302023.01943772985, 2772500.2844194327], [302008.78959096817, 2772500.2301833844], [302008.73410032, 2772514.791153998]]]}, "properties": {"height": 17.5, "color": "rgb(0,0,255)"}}, {"geometry": {"type": "Polygon", "coordinates": [[[302049.8249818721, 2772495.7246477376], [302062.66538472706, 2772495.773625882], [302062.7430779424, 2772475.4075507973], [302049.902655924, 2772475.358572915], [302049.8249818721, 2772495.7246477376]]]}, "properties": {"height": 14, "color": "rgb(0,0,255)"}}, {"geometry": {"type": "Polygon", "coordinates": [[[301991.33416210616, 2772505.1085415646], [302006.4958777126, 2772505.166310607], [302006.5370791989, 2772494.354372724], [301991.37535157974, 2772494.2966038464], [301991.33416210616, 2772505.1085415646]]]}, "properties": {"height": 21, "color": "rgb(0,0,255)"}}, {"geometry": {"type": "Polygon", "coordinates": [[[302010.8662125501, 2772545.337189322], [302032.4528596702, 2772545.4194759177], [302032.54362825165, 2772521.6125518065], [302010.95694347104, 2772521.5302657275], [302010.8662125501, 2772545.337189322]]]}, "properties": {"height": 7, "color": "rgb(0,0,255)"}}, {"geometry": {"type": "Polygon", "coordinates": [[[301944.5136656663, 2772534.358229399], [301964.41311014094, 2772534.433986193], [301964.4739365395, 2772518.4594052294], [301944.57446876966, 2772518.383648756], [301944.5136656663, 2772534.358229399]]]}, "properties": {"height": 10.5, "color": "rgb(0,0,255)"}}, {"geometry": {"type": "Polygon", "coordinates": [[[301950.4757199099, 2772521.376820514], [301962.6540697795, 2772521.42318488], [301962.70909997297, 2772506.970274185], [301950.530737205, 2772506.9239099952], [301950.4757199099, 2772521.376820514]]]}, "properties": {"height": 17.5, "color": "rgb(0,0,255)"}}, {"geometry": {"type": "Polygon", "coordinates": [[[302044.2318068851, 2772475.331618248], [302067.408952371, 2772475.4200231717], [302067.4676904234, 2772460.0240379767], [302044.2905187887, 2772459.935633411], [302044.2318068851, 2772475.331618248]]]}, "properties": {"height": 7, "color": "rgb(0,0,255)"}}, {"geometry": {"type": "Polygon", "coordinates": [[[302035.4167083637, 2772491.2542614653], [302056.70071391953, 2772491.335430666], [302056.7826092898, 2772469.865322884], [302035.4985702471, 2772469.7841541437], [302035.4167083637, 2772491.2542614653]]]}, "properties": {"height": 7, "color": "rgb(0,0,255)"}}, {"geometry": {"type": "Polygon", "coordinates": [[[302065.71450527915, 2772429.017095094], [302089.8766941069, 2772429.109294436], [302089.934498875, 2772413.9641826353], [302065.7722832318, 2772413.8719836613], [302065.71450527915, 2772429.017095094]]]}, "properties": {"height": 7, "color": "rgb(0,0,255)"}}, {"geometry": {"type": "Polygon", "coordinates": [[[301985.9883221444, 2772523.3424255857], [301996.9096734063, 2772523.3840323635], [301996.9584742527, 2772510.5756297894], [301986.03711273987, 2772510.5340231517], [301985.9883221444, 2772523.3424255857]]]}, "properties": {"height": 17.5, "color": "rgb(0,0,255)"}}, {"geometry": {"type": "Polygon", "coordinates": [[[301988.510466544, 2772467.3160010213], [302014.39857519255, 2772467.4146429654], [302014.45330796565, 2772453.053827187], [301988.5651720736, 2772452.955185617], [301988.510466544, 2772467.3160010213]]]}, "properties": {"height": 7, "color": "rgb(0,0,255)"}}, {"geometry": {"type": "Polygon", "coordinates": [[[301953.0837674225, 2772510.895981079], [301971.81590089144, 2772510.967304217], [301971.88785656786, 2772492.0723882634], [301953.15569716174, 2772492.0010654805], [301953.0837674225, 2772510.895981079]]]}, "properties": {"height": 7, "color": "rgb(0,0,255)"}}, {"geometry": {"type": "Polygon", "coordinates": [[[301963.4129814692, 2772538.0789630353], [301982.2738461514, 2772538.150791486], [301982.32858828193, 2772523.7790615386], [301963.4677037357, 2772523.7072333596], [301963.4129814692, 2772538.0789630353]]]}, "properties": {"height": 7, "color": "rgb(0,0,255)"}}, {"geometry": {"type": "Polygon", "coordinates": [[[301979.8392901835, 2772542.224981515], [301997.89788449253, 2772542.293775975], [301997.96616790025, 2772524.372391709], [301979.90754987457, 2772524.303597574], [301979.8392901835, 2772542.224981515]]]}, "properties": {"height": 7, "color": "rgb(0,0,255)"}}, {"geometry": {"type": "Polygon", "coordinates": [[[301929.7511212845, 2772596.7171384776], [301951.41822978435, 2772596.7996048094], [301951.4724504546, 2772582.5566653246], [301929.8053193392, 2772582.4741993025], [301929.7511212845, 2772596.7171384776]]]}, "properties": {"height": 21, "color": "rgb(0,0,255)"}}, {"geometry": {"type": "Polygon", "coordinates": [[[301997.46623300004, 2772606.6925291875], [302021.30035544094, 2772606.783363829], [302021.41640321416, 2772576.340381554], [301997.5822276, 2772576.249547641], [301997.46623300004, 2772606.6925291875]]]}, "properties": {"height": 7, "color": "rgb(0,0,255)"}}, {"geometry": {"type": "Polygon", "coordinates": [[[301966.7468655288, 2772643.5509508825], [301992.02911065595, 2772643.647250378], [301992.1032970321, 2772624.1752039716], [301966.821015827, 2772624.0789049696], [301966.7468655288, 2772643.5509508825]]]}, "properties": {"height": 10.5, "color": "rgb(0,0,255)"}}, {"geometry": {"type": "Polygon", "coordinates": [[[301993.0912763146, 2772645.4716282734], [302012.92401525023, 2772645.54720511], [302012.99899062107, 2772625.875987502], [301993.16622309445, 2772625.8004110586], [301993.0912763146, 2772645.4716282734]]]}, "properties": {"height": 14, "color": "rgb(0,0,255)"}}, {"geometry": {"type": "Polygon", "coordinates": [[[301962.99338339904, 2772557.949719704], [301982.3477139084, 2772558.023427793], [301982.4129443182, 2772540.898312531], [301963.05858951976, 2772540.824604775], [301962.99338339904, 2772557.949719704]]]}, "properties": {"height": 14, "color": "rgb(0,0,255)"}}, {"geometry": {"type": "Polygon", "coordinates": [[[301920.67387592676, 2772609.924650573], [301938.993274196, 2772609.9943612623], [301939.0414070057, 2772597.3476568116], [301920.7219917581, 2772597.2779463553], [301920.67387592676, 2772609.924650573]]]}, "properties": {"height": 17.5, "color": "rgb(0,0,255)"}}, {"geometry": {"type": "Polygon", "coordinates": [[[301928.7500886188, 2772546.5598770827], [301949.42438809405, 2772546.638560835], [301949.4753552218, 2772533.249489716], [301928.80103546125, 2772533.1708062417], [301928.7500886188, 2772546.5598770827]]]}, "properties": {"height": 14, "color": "rgb(0,0,255)"}}, {"geometry": {"type": "Polygon", "coordinates": [[[302002.59216151567, 2772661.670639605], [302027.10934351594, 2772661.7640893967], [302027.16639727115, 2772646.7991418717], [302002.64918838255, 2772646.705692449], [302002.59216151567, 2772661.670639605]]]}, "properties": {"height": 10.5, "color": "rgb(0,0,255)"}}, {"geometry": {"type": "Polygon", "coordinates": [[[302020.76088390057, 2772562.275040672], [302044.8424295213, 2772562.366857922], [302044.91810019274, 2772542.5247127274], [302020.8365195555, 2772542.432895957], [302020.76088390057, 2772562.275040672]]]}, "properties": {"height": 7, "color": "rgb(0,0,255)"}}, {"geometry": {"type": "Polygon", "coordinates": [[[302029.3602333375, 2772647.3893587207], [302044.92030743416, 2772647.4486926296], [302044.95223136444, 2772639.078012605], [302029.3921477225, 2772639.018678827], [302029.3602333375, 2772647.3893587207]]]}, "properties": {"height": 21, "color": "rgb(0,0,255)"}}, {"geometry": {"type": "Polygon", "coordinates": [[[302017.3159411778, 2772646.3589841], [302027.2996172577, 2772646.397043137], [302027.37217450526, 2772627.365534749], [302017.3884845009, 2772627.3274759036], [302017.3159411778, 2772646.3589841]]]}, "properties": {"height": 10.5, "color": "rgb(0,0,255)"}}, {"geometry": {"type": "Polygon", "coordinates": [[[302011.89029902086, 2772646.571812978], [302018.30242987507, 2772646.596253446], [302018.3770062379, 2772627.031754942], [302011.9648661901, 2772627.0073146], [302011.89029902086, 2772646.571812978]]]}, "properties": {"height": 17.5, "color": "rgb(0,0,255)"}}, {"geometry": {"type": "Polygon", "coordinates": [[[301991.55916082964, 2772661.8884830456], [302003.0503603157, 2772661.9322681786], [302003.1348305442, 2772639.7658256604], [301991.64361239085, 2772639.722040783], [301991.55916082964, 2772661.8884830456]]]}, "properties": {"height": 7, "color": "rgb(0,0,255)"}}, {"geometry": {"type": "Polygon", "coordinates": [[[302030.4653434362, 2772637.4577510734], [302042.59871489764, 2772637.5040174983], [302042.6344415152, 2772628.135788331], [302030.5010617236, 2772628.08952202], [302030.4653434362, 2772637.4577510734]]]}, "properties": {"height": 17.5, "color": "rgb(0,0,255)"}}, {"geometry": {"type": "Polygon", "coordinates": [[[302025.9075323597, 2772573.793438256], [302041.1068710659, 2772573.851390806], [302041.1674704106, 2772557.960150335], [302025.96811400383, 2772557.902198027], [302025.9075323597, 2772573.793438256]]]}, "properties": {"height": 7, "color": "rgb(0,0,255)"}}, {"geometry": {"type": "Polygon", "coordinates": [[[302059.4297371646, 2772760.8313676114], [302070.66431170143, 2772760.8742324277], [302070.76090180443, 2772735.561251791], [302059.52630642575, 2772735.518387261], [302059.4297371646, 2772760.8313676114]]]}, "properties": {"height": 24.5, "color": "rgb(0,0,255)"}}, {"geometry": {"type": "Polygon", "coordinates": [[[302032.8653149314, 2772685.811970814], [302046.1521699296, 2772685.862639554], [302046.2234246548, 2772667.17985142], [302032.9365514644, 2772667.12918293], [302032.8653149314, 2772685.811970814]]]}, "properties": {"height": 21, "color": "rgb(0,0,255)"}}, {"geometry": {"type": "Polygon", "coordinates": [[[302012.72941176756, 2772699.645234258], [302025.71021952224, 2772699.694716884], [302025.8126109892, 2772672.837530057], [302012.8317776848, 2772672.7880477807], [302012.72941176756, 2772699.645234258]]]}, "properties": {"height": 7, "color": "rgb(0,0,255)"}}, {"geometry": {"type": "Polygon", "coordinates": [[[302012.0315439156, 2772722.7229773006], [302036.0385949552, 2772722.8145011235], [302036.1008314624, 2772706.493346792], [302012.0937517073, 2772706.401823363], [302012.0315439156, 2772722.7229773006]]]}, "properties": {"height": 7, "color": "rgb(0,0,255)"}}, {"geometry": {"type": "Polygon", "coordinates": [[[302026.2111513747, 2772761.2996062585], [302034.8779693516, 2772761.3326520547], [302034.91616280645, 2772751.3165909275], [302026.2493384675, 2772751.283545219], [302026.2111513747, 2772761.2996062585]]]}, "properties": {"height": 24.5, "color": "rgb(0,0,255)"}}, {"geometry": {"type": "Polygon", "coordinates": [[[301945.62959676085, 2772700.257791372], [301958.9746621253, 2772700.308597117], [301959.0390525733, 2772683.3973831045], [301945.69397066947, 2772683.346577585], [301945.62959676085, 2772700.257791372]]]}, "properties": {"height": 10.5, "color": "rgb(0,0,255)"}}, {"geometry": {"type": "Polygon", "coordinates": [[[301963.88853826077, 2772785.8335937224], [301975.5548282109, 2772785.8780246843], [301975.6133567023, 2772770.511815015], [301963.94705361384, 2772770.467384233], [301963.88853826077, 2772785.8335937224]]]}, "properties": {"height": 10.5, "color": "rgb(0,0,255)"}}, {"geometry": {"type": "Polygon", "coordinates": [[[301972.32783604006, 2772753.3530037105], [301985.0746964811, 2772753.4015577566], [301985.13782518293, 2772736.8304087427], [301972.39094926114, 2772736.7818549084], [301972.32783604006, 2772753.3530037105]]]}, "properties": {"height": 7, "color": "rgb(0,0,255)"}}, {"geometry": {"type": "Polygon", "coordinates": [[[301983.5703884106, 2772750.7832271466], [301998.0482764071, 2772750.838387635], [301998.1050107216, 2772735.9494557194], [301983.6271069271, 2772735.894295447], [301983.5703884106, 2772750.7832271466]]]}, "properties": {"height": 7, "color": "rgb(0,0,255)"}}, {"geometry": {"type": "Polygon", "coordinates": [[[301968.5730402711, 2772701.3171066693], [301977.1806527962, 2772701.349889539], [301977.2598101352, 2772680.567643448], [301968.65218450024, 2772680.5348607576], [301968.5730402711, 2772701.3171066693]]]}, "properties": {"height": 7, "color": "rgb(0,0,255)"}}, {"geometry": {"type": "Polygon", "coordinates": [[[301983.3502254099, 2772765.129538442], [301996.05415567505, 2772765.177939438], [301996.1108944477, 2772750.287354117], [301983.40695031866, 2772750.2389533105], [301983.3502254099, 2772765.129538442]]]}, "properties": {"height": 7, "color": "rgb(0,0,255)"}}, {"geometry": {"type": "Polygon", "coordinates": [[[301994.81720329676, 2772700.2955797557], [302004.14405938395, 2772700.3311200975], [302004.22472526657, 2772679.1637856127], [301994.8978547108, 2772679.12824547], [301994.81720329676, 2772700.2955797557]]]}, "properties": {"height": 7, "color": "rgb(0,0,255)"}}, {"geometry": {"type": "Polygon", "coordinates": [[[302025.8379906049, 2772698.795918293], [302043.55252990185, 2772698.8634658903], [302043.5936798284, 2772688.0736040967], [302025.8791265236, 2772688.0060566906], [302025.8379906049, 2772698.795918293]]]}, "properties": {"height": 7, "color": "rgb(0,0,255)"}}, {"geometry": {"type": "Polygon", "coordinates": [[[301999.1230425547, 2772764.669988546], [302009.7874938707, 2772764.710630805], [302009.84428077703, 2772749.811345423], [301999.17981781607, 2772749.770703323], [301999.1230425547, 2772764.669988546]]]}, "properties": {"height": 7, "color": "rgb(0,0,255)"}}, {"geometry": {"type": "Polygon", "coordinates": [[[302021.3453526381, 2772797.670045289], [302027.05438125983, 2772797.691810971], [302027.1320350866, 2772777.324651535], [302021.422997943, 2772777.30288597], [302021.3453526381, 2772797.670045289]]]}, "properties": {"height": 49, "color": "rgb(0,0,255)"}}, {"geometry": {"type": "Polygon", "coordinates": [[[301932.0585740119, 2772800.821813254], [301953.5185904681, 2772800.9035016866], [301953.6291615162, 2772771.861714765], [301932.1690993832, 2772771.780026959], [301932.0585740119, 2772800.821813254]]]}, "properties": {"height": 7, "color": "rgb(0,0,255)"}}, {"geometry": {"type": "Polygon", "coordinates": [[[301938.9997222542, 2772832.499725887], [301963.2695822495, 2772832.5921261483], [301963.3221921237, 2772818.776807334], [301939.0523075543, 2772818.6844074093], [301938.9997222542, 2772832.499725887]]]}, "properties": {"height": 14, "color": "rgb(0,0,255)"}}, {"geometry": {"type": "Polygon", "coordinates": [[[301964.00027453434, 2772801.0336537636], [301975.8121570836, 2772801.0786396544], [301975.87097986, 2772785.635340254], [301964.0590839416, 2772785.5903545464], [301964.00027453434, 2772801.0336537636]]]}, "properties": {"height": 17.5, "color": "rgb(0,0,255)"}}, {"geometry": {"type": "Polygon", "coordinates": [[[301952.23183500045, 2772790.192577019], [301964.0923736426, 2772790.2377378093], [301964.1626283466, 2772771.788855282], [301952.30207366776, 2772771.7436947105], [301952.23183500045, 2772790.192577019]]]}, "properties": {"height": 14, "color": "rgb(0,0,255)"}}, {"geometry": {"type": "Polygon", "coordinates": [[[302012.5757742291, 2772882.513316273], [302025.19091964915, 2772882.5614082976], [302025.23522308713, 2772870.9414431797], [302012.6200669233, 2772870.893351303], [302012.5757742291, 2772882.513316273]]]}, "properties": {"height": 17.5, "color": "rgb(0,0,255)"}}, {"geometry": {"type": "Polygon", "coordinates": [[[302042.91431566066, 2772811.9815588547], [302048.62007461215, 2772812.003321217], [302048.7041807804, 2772789.953095063], [302042.9984126081, 2772789.9313328275], [302042.91431566066, 2772811.9815588547]]]}, "properties": {"height": 17.5, "color": "rgb(0,0,255)"}}, {"geometry": {"type": "Polygon", "coordinates": [[[301935.1377541438, 2772794.327634854], [301948.2918213686, 2772794.377705181], [301948.3572183116, 2772777.199280201], [301935.2031345258, 2772777.149210101], [301935.1377541438, 2772794.327634854]]]}, "properties": {"height": 7, "color": "rgb(0,0,255)"}}, {"geometry": {"type": "Polygon", "coordinates": [[[302062.4460569688, 2772899.2992799664], [302070.9743584887, 2772899.3318220554], [302071.01696611947, 2772888.1665385435], [302062.4886576207, 2772888.1339965505], [302062.4460569688, 2772899.2992799664]]]}, "properties": {"height": 17.5, "color": "rgb(0,0,255)"}}, {"geometry": {"type": "Polygon", "coordinates": [[[301980.88126635674, 2772804.563913711], [301988.15915917204, 2772804.591639607], [301988.2875437357, 2772770.893576425], [301981.0096329461, 2772770.865850775], [301980.88126635674, 2772804.563913711]]]}, "properties": {"height": 7, "color": "rgb(0,0,255)"}}, {"geometry": {"type": "Polygon", "coordinates": [[[302094.09441982245, 2772318.6931465557], [302114.27582715655, 2772318.770191358], [302114.3386658382, 2772302.313130592], [302094.1572341674, 2772302.2360861246], [302094.09441982245, 2772318.6931465557]]]}, "properties": {"height": 17.5, "color": "rgb(0,0,255)"}}, {"geometry": {"type": "Polygon", "coordinates": [[[302189.45410331566, 2772414.122142841], [302213.7136561838, 2772414.2149331733], [302213.7815740138, 2772396.462239501], [302189.52198958694, 2772396.369449604], [302189.45410331566, 2772414.122142841]]]}, "properties": {"height": 14, "color": "rgb(0,0,255)"}}, {"geometry": {"type": "Polygon", "coordinates": [[[302221.86563963664, 2772398.487824301], [302238.6064014917, 2772398.5518907513], [302238.67807790294, 2772379.8255646536], [302221.9372930759, 2772379.761498519], [302221.86563963664, 2772398.487824301]]]}, "properties": {"height": 17.5, "color": "rgb(0,0,255)"}}, {"geometry": {"type": "Polygon", "coordinates": [[[302138.6624603562, 2772380.405143378], [302155.53772907826, 2772380.4696213137], [302155.60467425245, 2772362.9514058745], [302138.7293838679, 2772362.886928236], [302138.6624603562, 2772380.405143378]]]}, "properties": {"height": 17.5, "color": "rgb(0,0,255)"}}, {"geometry": {"type": "Polygon", "coordinates": [[[302089.9628024629, 2772381.989931403], [302105.7936192991, 2772382.0503615886], [302105.8509291786, 2772367.039209978], [302090.0200949289, 2772366.978780032], [302089.9628024629, 2772381.989931403]]]}, "properties": {"height": 17.5, "color": "rgb(0,0,255)"}}, {"geometry": {"type": "Polygon", "coordinates": [[[302161.2654475334, 2772350.6790740243], [302171.5899880015, 2772350.718536723], [302171.6524196246, 2772334.3862577938], [302161.3278668005, 2772334.3467952646], [302161.2654475334, 2772350.6790740243]]]}, "properties": {"height": 24.5, "color": "rgb(0,0,255)"}}, {"geometry": {"type": "Polygon", "coordinates": [[[302130.00657215115, 2772430.933132376], [302157.57066253934, 2772431.038446233], [302157.65686183254, 2772408.4831402474], [302130.0927258859, 2772408.377827016], [302130.00657215115, 2772430.933132376]]]}, "properties": {"height": 7, "color": "rgb(0,0,255)"}}, {"geometry": {"type": "Polygon", "coordinates": [[[302077.995807611, 2772399.031274276], [302096.59910807223, 2772399.102273799], [302096.65800963005, 2772383.6715986785], [302078.0546881336, 2772383.6005994445], [302077.995807611, 2772399.031274276]]]}, "properties": {"height": 14, "color": "rgb(0,0,255)"}}, {"geometry": {"type": "Polygon", "coordinates": [[[302174.24342645763, 2772327.4916474596], [302198.1203098857, 2772327.58294393], [302198.1758561302, 2772313.0591502152], [302174.29894729145, 2772312.9678540947], [302174.24342645763, 2772327.4916474596]]]}, "properties": {"height": 10.5, "color": "rgb(0,0,255)"}}, {"geometry": {"type": "Polygon", "coordinates": [[[302157.30812782596, 2772418.4211653518], [302176.25482995325, 2772418.493586382], [302176.330441538, 2772398.715701249], [302157.3837119515, 2772398.6432805965], [302157.30812782596, 2772418.4211653518]]]}, "properties": {"height": 10.5, "color": "rgb(0,0,255)"}}, {"geometry": {"type": "Polygon", "coordinates": [[[302096.7317525417, 2772368.0070412783], [302110.7089682666, 2772368.060401481], [302110.76168259326, 2772354.2541868975], [302096.78445272794, 2772354.200826889], [302096.7317525417, 2772368.0070412783]]]}, "properties": {"height": 17.5, "color": "rgb(0,0,255)"}}, {"geometry": {"type": "Polygon", "coordinates": [[[302231.51077564055, 2772340.5573335495], [302249.169541779, 2772340.624924645], [302249.24852463766, 2772319.993375781], [302231.5897318028, 2772319.9257850535], [302231.51077564055, 2772340.5573335495]]]}, "properties": {"height": 10.5, "color": "rgb(0,0,255)"}}, {"geometry": {"type": "Polygon", "coordinates": [[[302218.79671355, 2772415.6395573686], [302240.15664198884, 2772415.721300634], [302240.19077342306, 2772406.8043943457], [302218.8308310273, 2772406.722651272], [302218.79671355, 2772415.6395573686]]]}, "properties": {"height": 17.5, "color": "rgb(0,0,255)"}}, {"geometry": {"type": "Polygon", "coordinates": [[[302228.0928253229, 2772370.123115506], [302243.35290541616, 2772370.181520882], [302243.3997295065, 2772357.9491454987], [302228.1396357348, 2772357.8907403112], [302228.0928253229, 2772370.123115506]]]}, "properties": {"height": 17.5, "color": "rgb(0,0,255)"}}, {"geometry": {"type": "Polygon", "coordinates": [[[302106.09006748337, 2772353.960337957], [302118.457614796, 2772354.0075604776], [302118.50779177377, 2772340.867773037], [302106.1402325532, 2772340.8205506797], [302106.09006748337, 2772353.960337957]]]}, "properties": {"height": 21, "color": "rgb(0,0,255)"}}, {"geometry": {"type": "Polygon", "coordinates": [[[302109.93164322304, 2772345.523314422], [302125.04552962456, 2772345.581028756], [302125.09290114744, 2772333.1774289845], [302109.97900100914, 2772333.119714839], [302109.93164322304, 2772345.523314422]]]}, "properties": {"height": 17.5, "color": "rgb(0,0,255)"}}, {"geometry": {"type": "Polygon", "coordinates": [[[302083.922215672, 2772328.1061925325], [302102.53712204733, 2772328.177242373], [302102.6266762172, 2772304.7183399885], [302084.01173784357, 2772304.6472905874], [302083.922215672, 2772328.1061925325]]]}, "properties": {"height": 7, "color": "rgb(0,0,255)"}}, {"geometry": {"type": "Polygon", "coordinates": [[[302125.3572759528, 2772354.0216596434], [302146.69609621976, 2772354.103173963], [302146.76579295093, 2772335.8616392347], [302125.42694416107, 2772335.7801253074], [302125.3572759528, 2772354.0216596434]]]}, "properties": {"height": 7, "color": "rgb(0,0,255)"}}, {"geometry": {"type": "Polygon", "coordinates": [[[302220.1229952467, 2772409.059694756], [302235.54109184485, 2772409.118696942], [302235.5902540654, 2772396.273789161], [302220.172142955, 2772396.2147871745], [302220.1229952467, 2772409.059694756]]]}, "properties": {"height": 14, "color": "rgb(0,0,255)"}}, {"geometry": {"type": "Polygon", "coordinates": [[[302148.1042243804, 2772394.802522086], [302169.1767743454, 2772394.8830555133], [302169.25708987296, 2772373.8716918365], [302148.1845074634, 2772373.7911588554], [302148.1042243804, 2772394.802522086]]]}, "properties": {"height": 7, "color": "rgb(0,0,255)"}}, {"geometry": {"type": "Polygon", "coordinates": [[[302085.69559297187, 2772345.33483759], [302106.0488209933, 2772345.4125267896], [302106.1273744041, 2772324.836838525], [302085.7741156961, 2772324.7591497465], [302085.69559297187, 2772345.33483759]]]}, "properties": {"height": 7, "color": "rgb(0,0,255)"}}, {"geometry": {"type": "Polygon", "coordinates": [[[302158.8972873387, 2772374.5158163523], [302176.85916207207, 2772374.5844732295], [302176.9260378532, 2772357.091525276], [302158.96414009575, 2772357.022868716], [302158.8972873387, 2772374.5158163523]]]}, "properties": {"height": 7, "color": "rgb(0,0,255)"}}, {"geometry": {"type": "Polygon", "coordinates": [[[302225.2713460754, 2772381.390374198], [302241.7825957113, 2772381.453565849], [302241.81456209754, 2772373.102426028], [302225.3033023576, 2772373.039234516], [302225.2713460754, 2772381.390374198]]]}, "properties": {"height": 17.5, "color": "rgb(0,0,255)"}}, {"geometry": {"type": "Polygon", "coordinates": [[[302223.1936065088, 2772404.772562709], [302240.39402372163, 2772404.838390381], [302240.4254296815, 2772396.633521414], [302223.2250021271, 2772396.567693884], [302223.1936065088, 2772404.772562709]]]}, "properties": {"height": 14, "color": "rgb(0,0,255)"}}, {"geometry": {"type": "Polygon", "coordinates": [[[302093.7724792476, 2772400.3683110783], [302106.33650756895, 2772400.4162734803], [302106.37936199975, 2772389.191639911], [302093.8153233442, 2772389.1436776514], [302093.7724792476, 2772400.3683110783]]]}, "properties": {"height": 14, "color": "rgb(0,0,255)"}}, {"geometry": {"type": "Polygon", "coordinates": [[[302208.90778368746, 2772311.794808539], [302222.72964315215, 2772311.8476879466], [302222.7944091993, 2772294.9210366867], [302208.9725325914, 2772294.868157516], [302208.90778368746, 2772311.794808539]]]}, "properties": {"height": 10.5, "color": "rgb(0,0,255)"}}, {"geometry": {"type": "Polygon", "coordinates": [[[302174.83459022385, 2772323.0287668686], [302192.85270439077, 2772323.0976583343], [302192.9112719464, 2772307.782300313], [302174.8931375588, 2772307.713409125], [302174.83459022385, 2772323.0287668686]]]}, "properties": {"height": 7, "color": "rgb(0,0,255)"}}, {"geometry": {"type": "Polygon", "coordinates": [[[302119.7587029772, 2772357.9272848885], [302133.92784848204, 2772357.9814015944], [302133.9820396297, 2772343.7946595456], [302119.8128793954, 2772343.7405430423], [302119.7587029772, 2772357.9272848885]]]}, "properties": {"height": 10.5, "color": "rgb(0,0,255)"}}, {"geometry": {"type": "Polygon", "coordinates": [[[302194.73847791704, 2772399.19229691], [302214.0117678185, 2772399.266018781], [302214.0549440246, 2772387.9804189596], [302194.78163818445, 2772387.906697308], [302194.73847791704, 2772399.19229691]]]}, "properties": {"height": 7, "color": "rgb(0,0,255)"}}, {"geometry": {"type": "Polygon", "coordinates": [[[302171.2768040031, 2772346.922375151], [302184.186558718, 2772346.971729732], [302184.24471685744, 2772331.761057401], [302171.3349477536, 2772331.7117030174], [302171.2768040031, 2772346.922375151]]]}, "properties": {"height": 7, "color": "rgb(0,0,255)"}}, {"geometry": {"type": "Polygon", "coordinates": [[[302228.6190836908, 2772360.032183625], [302246.3862309724, 2772360.1001864118], [302246.4251791035, 2772349.9258871768], [302228.6580185758, 2772349.857884573], [302228.6190836908, 2772360.032183625]]]}, "properties": {"height": 7, "color": "rgb(0,0,255)"}}, {"geometry": {"type": "Polygon", "coordinates": [[[302231.5254038236, 2772540.9366392624], [302251.5158741432, 2772541.013163261], [302251.5978589318, 2772519.600183013], [302231.6073572434, 2772519.5236594463], [302231.5254038236, 2772540.9366392624]]]}, "properties": {"height": 14, "color": "rgb(0,0,255)"}}, {"geometry": {"type": "Polygon", "coordinates": [[[302199.4084941115, 2772535.787369703], [302213.27143234725, 2772535.8404015144], [302213.3365958795, 2772518.8083473584], [302199.4736403409, 2772518.755315785], [302199.4084941115, 2772535.787369703]]]}, "properties": {"height": 21, "color": "rgb(0,0,255)"}}, {"geometry": {"type": "Polygon", "coordinates": [[[302179.64324244356, 2772477.2564032036], [302201.1997478915, 2772477.338839158], [302201.2546434214, 2772462.986918099], [302179.6981153023, 2772462.904482457], [302179.64324244356, 2772477.2564032036]]]}, "properties": {"height": 14, "color": "rgb(0,0,255)"}}, {"geometry": {"type": "Polygon", "coordinates": [[[302105.2419361012, 2772460.1016693437], [302134.0957798773, 2772460.211861277], [302134.1778904145, 2772438.7170252153], [302105.3240011899, 2772438.606833906], [302105.2419361012, 2772460.1016693437]]]}, "properties": {"height": 7, "color": "rgb(0,0,255)"}}, {"geometry": {"type": "Polygon", "coordinates": [[[302086.0678878696, 2772452.4656223734], [302109.7467400248, 2772452.556013136], [302109.84172682173, 2772427.678728671], [302086.1628315003, 2772427.5883385013], [302086.0678878696, 2772452.4656223734]]]}, "properties": {"height": 7, "color": "rgb(0,0,255)"}}, {"geometry": {"type": "Polygon", "coordinates": [[[302215.58936091384, 2772437.071827096], [302238.72249681235, 2772437.1603531726], [302238.8174703025, 2772412.3478072295], [302215.68429234263, 2772412.259281732], [302215.58936091384, 2772437.071827096]]]}, "properties": {"height": 7, "color": "rgb(0,0,255)"}}, {"geometry": {"type": "Polygon", "coordinates": [[[302182.5720371375, 2772460.438436143], [302205.8859840057, 2772460.527598758], [302205.9814991403, 2772435.558087876], [302182.66750961344, 2772435.468925848], [302182.5720371375, 2772460.438436143]]]}, "properties": {"height": 7, "color": "rgb(0,0,255)"}}, {"geometry": {"type": "Polygon", "coordinates": [[[302121.19615435664, 2772443.4023224595], [302142.5292089013, 2772443.483811233], [302142.60468122107, 2772423.7297884044], [302121.2715957957, 2772423.6483000554], [302121.19615435664, 2772443.4023224595]]]}, "properties": {"height": 7, "color": "rgb(0,0,255)"}}, {"geometry": {"type": "Polygon", "coordinates": [[[302212.888576997, 2772458.8508053795], [302224.4023451686, 2772458.894859577], [302224.4516918764, 2772445.999263161], [302212.9379128245, 2772445.9552091127], [302212.888576997, 2772458.8508053795]]]}, "properties": {"height": 14, "color": "rgb(0,0,255)"}}, {"geometry": {"type": "Polygon", "coordinates": [[[302134.5752681898, 2772464.8264107197], [302148.41678591864, 2772464.879293285], [302148.4813980675, 2772447.9698626567], [302134.6398631874, 2772447.9169803276], [302134.5752681898, 2772464.8264107197]]]}, "properties": {"height": 7, "color": "rgb(0,0,255)"}}, {"geometry": {"type": "Polygon", "coordinates": [[[302073.27665267844, 2772559.5905076135], [302111.3990158929, 2772559.736025334], [302111.4769256329, 2772539.3328251387], [302073.3545054181, 2772539.187308201], [302073.27665267844, 2772559.5905076135]]]}, "properties": {"height": 10.5, "color": "rgb(0,0,255)"}}, {"geometry": {"type": "Polygon", "coordinates": [[[302232.5383551521, 2772585.2918000366], [302248.19618683436, 2772585.351738358], [302248.2407563604, 2772573.7104558703], [302232.5829113203, 2772573.650517733], [302232.5383551521, 2772585.2918000366]]]}, "properties": {"height": 10.5, "color": "rgb(0,0,255)"}}, {"geometry": {"type": "Polygon", "coordinates": [[[302177.41069115116, 2772785.328734215], [302185.3619831666, 2772785.3591399645], [302185.4113601866, 2772772.4476986974], [302177.46006064705, 2772772.4172930513], [302177.41069115116, 2772785.328734215]]]}, "properties": {"height": 35, "color": "rgb(0,0,255)"}}, {"geometry": {"type": "Polygon", "coordinates": [[[302234.01630891993, 2772746.596874143], [302241.1486308169, 2772746.624177088], [302241.2840092351, 2772711.2616061773], [302234.15166885365, 2772711.2343034875], [302234.01630891993, 2772746.596874143]]]}, "properties": {"height": 10.5, "color": "rgb(0,0,255)"}}, {"geometry": {"type": "Polygon", "coordinates": [[[302156.28816316865, 2772720.447059958], [302165.1789698645, 2772720.4810440517], [302165.2423262283, 2772703.907327376], [302156.3515087333, 2772703.87334343], [302156.28816316865, 2772720.447059958]]]}, "properties": {"height": 14, "color": "rgb(0,0,255)"}}, {"geometry": {"type": "Polygon", "coordinates": [[[302351.37547117734, 2772763.7173173693], [302412.3972992026, 2772763.9515594062], [302412.6389112633, 2772701.0457594055], [302351.61680191243, 2772700.8115212535], [302351.37547117734, 2772763.7173173693]]]}, "properties": {"height": 21, "color": "rgb(0,0,255)"}}, {"geometry": {"type": "Polygon", "coordinates": [[[302057.7308644045, 2772762.3371633417], [302106.2975813288, 2772762.522527118], [302106.5151301934, 2772705.549090351], [302057.94821048016, 2772705.36372936], [302057.7308644045, 2772762.3371633417]]]}, "properties": {"height": 24.5, "color": "rgb(0,0,255)"}}, {"geometry": {"type": "Polygon", "coordinates": [[[302312.8895560163, 2772647.2072615726], [302345.00811789464, 2772647.33042332], [302345.2615031047, 2772581.2712584524], [302313.1427857368, 2772581.14809885], [302312.8895560163, 2772647.2072615726]]]}, "properties": {"height": 31.5, "color": "rgb(0,0,255)"}}, {"geometry": {"type": "Polygon", "coordinates": [[[302235.97578680917, 2772684.3589778985], [302263.6670685876, 2772684.465003869], [302263.8216199447, 2772644.110547084], [302236.1302562717, 2772644.004522242], [302235.97578680917, 2772684.3589778985]]]}, "properties": {"height": 59.5, "color": "rgb(0,0,255)"}}, {"geometry": {"type": "Polygon", "coordinates": [[[302183.31314025284, 2772826.332487292], [302230.4062877556, 2772826.512662484], [302230.5242904618, 2772795.683543958], [302183.4310365531, 2772795.503370231], [302183.31314025284, 2772826.332487292]]]}, "properties": {"height": 45.5, "color": "rgb(0,0,255)"}}, {"geometry": {"type": "Polygon", "coordinates": [[[302063.94044624816, 2772829.4167010253], [302111.12637467467, 2772829.596818809], [302111.21430008986, 2772806.573106646], [302064.0282920409, 2772806.392989956], [302063.94044624816, 2772829.4167010253]]]}, "properties": {"height": 59.5, "color": "rgb(0,0,255)"}}, {"geometry": {"type": "Polygon", "coordinates": [[[302125.0094151937, 2772804.51692907], [302138.2147256545, 2772804.5673784236], [302138.2488134904, 2772795.6458740733], [302125.0434943952, 2772795.5954248384], [302125.0094151937, 2772804.51692907]]]}, "properties": {"height": 49, "color": "rgb(0,0,255)"}}, {"geometry": {"type": "Polygon", "coordinates": [[[302086.816186782, 2772889.0062253308], [302093.99737908156, 2772889.0336395074], [302094.07392246916, 2772868.984277294], [302086.89271961706, 2772868.9568632627], [302086.816186782, 2772889.0062253308]]]}, "properties": {"height": 17.5, "color": "rgb(0,0,255)"}}, {"geometry": {"type": "Polygon", "coordinates": [[[302339.5997189384, 2772379.879106605], [302361.3401239253, 2772379.9624974383], [302361.40574612835, 2772362.8579651415], [302339.66531389265, 2772362.7745746844], [302339.5997189384, 2772379.879106605]]]}, "properties": {"height": 17.5, "color": "rgb(0,0,255)"}}, {"geometry": {"type": "Polygon", "coordinates": [[[302300.491319107, 2772312.3631408247], [302317.69026338327, 2772312.429057765], [302317.7751890139, 2772290.2739556986], [302300.5762168166, 2772290.2080391427], [302300.491319107, 2772312.3631408247]]]}, "properties": {"height": 17.5, "color": "rgb(0,0,255)"}}, {"geometry": {"type": "Polygon", "coordinates": [[[302383.41494666843, 2772385.2710904256], [302403.55878779467, 2772385.3484208924], [302403.62385807483, 2772368.401449748], [302383.4799919334, 2772368.324119626], [302383.41494666843, 2772385.2710904256]]]}, "properties": {"height": 17.5, "color": "rgb(0,0,255)"}}, {"geometry": {"type": "Polygon", "coordinates": [[[302301.35215122765, 2772333.4101323686], [302317.36499284947, 2772333.471504278], [302317.4261121326, 2772317.5269742454], [302301.4132518022, 2772317.465602595], [302301.35215122765, 2772333.4101323686]]]}, "properties": {"height": 21, "color": "rgb(0,0,255)"}}, {"geometry": {"type": "Polygon", "coordinates": [[[302382.7544663456, 2772309.6364882174], [302399.6267011484, 2772309.7012544223], [302399.68299584294, 2772295.0382562764], [302382.8107429121, 2772294.973490323], [302382.7544663456, 2772309.6364882174]]]}, "properties": {"height": 21, "color": "rgb(0,0,255)"}}, {"geometry": {"type": "Polygon", "coordinates": [[[302302.18102660956, 2772391.6578147467], [302323.0127543254, 2772391.737662698], [302323.07927093, 2772374.387386783], [302302.247516729, 2772374.3075391967], [302302.18102660956, 2772391.6578147467]]]}, "properties": {"height": 14, "color": "rgb(0,0,255)"}}, {"geometry": {"type": "Polygon", "coordinates": [[[302343.5040078585, 2772395.335346629], [302359.75947346305, 2772395.3977003656], [302359.81711099163, 2772380.374033151], [302343.5616274915, 2772380.311679662], [302343.5040078585, 2772395.335346629]]]}, "properties": {"height": 17.5, "color": "rgb(0,0,255)"}}, {"geometry": {"type": "Polygon", "coordinates": [[[302366.8971801821, 2772421.2228244776], [302379.533348326, 2772421.271315583], [302379.59075351025, 2772406.31401814], [302366.95457151654, 2772406.2655272256], [302366.8971801821, 2772421.2228244776]]]}, "properties": {"height": 21, "color": "rgb(0,0,255)"}}, {"geometry": {"type": "Polygon", "coordinates": [[[302247.98415982025, 2772365.9334492856], [302259.69553964696, 2772365.9782880796], [302259.7487369919, 2772352.0852747643], [302248.0373452426, 2772352.0404361347], [302247.98415982025, 2772365.9334492856]]]}, "properties": {"height": 24.5, "color": "rgb(0,0,255)"}}, {"geometry": {"type": "Polygon", "coordinates": [[[302302.8862919541, 2772429.0062464536], [302322.2583038243, 2772429.080500421], [302322.33565744234, 2772408.9034927096], [302302.9636169297, 2772408.829239137], [302302.8862919541, 2772429.0062464536]]]}, "properties": {"height": 10.5, "color": "rgb(0,0,255)"}}, {"geometry": {"type": "Polygon", "coordinates": [[[302325.61404371663, 2772310.171948171], [302337.890025431, 2772310.219017629], [302337.9462703456, 2772295.551708613], [302325.67027543765, 2772295.5046393382], [302325.61404371663, 2772310.171948171]]]}, "properties": {"height": 21, "color": "rgb(0,0,255)"}}, {"geometry": {"type": "Polygon", "coordinates": [[[302245.56596002576, 2772342.53342556], [302261.74532593525, 2772342.5953699034], [302261.83001673175, 2772320.4781545396], [302245.65062460105, 2772320.416210558], [302245.56596002576, 2772342.53342556]]]}, "properties": {"height": 10.5, "color": "rgb(0,0,255)"}}, {"geometry": {"type": "Polygon", "coordinates": [[[302318.1831521485, 2772375.7049119896], [302331.9659025959, 2772375.7577534863], [302332.0246841934, 2772360.4276144416], [302318.2419182632, 2772360.3747731587], [302318.1831521485, 2772375.7049119896]]]}, "properties": {"height": 17.5, "color": "rgb(0,0,255)"}}, {"geometry": {"type": "Polygon", "coordinates": [[[302332.025241117, 2772393.80752353], [302344.8473565033, 2772393.856694979], [302344.9040974673, 2772379.0625022524], [302332.0819681808, 2772379.0133309956], [302332.025241117, 2772393.80752353]]]}, "properties": {"height": 14, "color": "rgb(0,0,255)"}}, {"geometry": {"type": "Polygon", "coordinates": [[[302321.81954324985, 2772392.704150678], [302333.4755242358, 2772392.7488408918], [302333.5290196951, 2772378.79782047], [302321.87302679336, 2772378.75313042], [302321.81954324985, 2772392.704150678]]]}, "properties": {"height": 17.5, "color": "rgb(0,0,255)"}}, {"geometry": {"type": "Polygon", "coordinates": [[[302328.3072621313, 2772338.555235725], [302345.05082093744, 2772338.619441882], [302345.1227553356, 2772319.8634679457], [302328.3791735178, 2772319.799262107], [302328.3072621313, 2772338.555235725]]]}, "properties": {"height": 10.5, "color": "rgb(0,0,255)"}}, {"geometry": {"type": "Polygon", "coordinates": [[[302372.82861091767, 2772381.668856127], [302384.85034821444, 2772381.7149935695], [302384.89509801724, 2772370.056139492], [302372.87335044995, 2772370.0100021926], [302372.82861091767, 2772381.668856127]]]}, "properties": {"height": 21, "color": "rgb(0,0,255)"}}, {"geometry": {"type": "Polygon", "coordinates": [[[302351.29051968525, 2772319.58579627], [302369.0445536049, 2772319.6539072962], [302369.1274690048, 2772298.044503837], [302351.3734069728, 2772297.976393199], [302351.29051968525, 2772319.58579627]]]}, "properties": {"height": 7, "color": "rgb(0,0,255)"}}, {"geometry": {"type": "Polygon", "coordinates": [[[302335.9383031602, 2772354.0429315153], [302350.79322680866, 2772354.0999030033], [302350.84915688745, 2772339.5185530027], [302335.99421736697, 2772339.4615817335], [302335.9383031602, 2772354.0429315153]]]}, "properties": {"height": 14, "color": "rgb(0,0,255)"}}, {"geometry": {"type": "Polygon", "coordinates": [[[302377.638166225, 2772322.3619379224], [302386.5602661043, 2772322.3961807652], [302386.6213811187, 2772306.4737501224], [302377.6992708298, 2772306.4395074234], [302377.638166225, 2772322.3619379224]]]}, "properties": {"height": 17.5, "color": "rgb(0,0,255)"}}, {"geometry": {"type": "Polygon", "coordinates": [[[302330.13681419543, 2772378.4595322544], [302341.3625472193, 2772378.5025792657], [302341.42803632125, 2772361.4262149283], [302330.20228925056, 2772361.38316811], [302330.13681419543, 2772378.4595322544]]]}, "properties": {"height": 14, "color": "rgb(0,0,255)"}}, {"geometry": {"type": "Polygon", "coordinates": [[[302340.8066705078, 2772315.9223821573], [302348.80299579503, 2772315.9530499647], [302348.87781283876, 2772296.446677379], [302340.8814761222, 2772296.416009729], [302340.8066705078, 2772315.9223821573]]]}, "properties": {"height": 17.5, "color": "rgb(0,0,255)"}}, {"geometry": {"type": "Polygon", "coordinates": [[[302381.9328866836, 2772309.2645776826], [302395.2421709746, 2772309.315664505], [302395.27821355074, 2772299.926927817], [302381.9689201035, 2772299.8758411207], [302381.9328866836, 2772309.2645776826]]]}, "properties": {"height": 17.5, "color": "rgb(0,0,255)"}}, {"geometry": {"type": "Polygon", "coordinates": [[[302374.7892773478, 2772341.3189962674], [302383.2127076832, 2772341.3513235655], [302383.26551516174, 2772327.592506573], [302374.8420763339, 2772327.5601793923], [302374.7892773478, 2772341.3189962674]]]}, "properties": {"height": 17.5, "color": "rgb(0,0,255)"}}, {"geometry": {"type": "Polygon", "coordinates": [[[302233.77613164217, 2772322.2896503704], [302254.18830550095, 2772322.3677853323], [302254.2388206241, 2772309.1736359503], [302233.8266270307, 2772309.09550126], [302233.77613164217, 2772322.2896503704]]]}, "properties": {"height": 7, "color": "rgb(0,0,255)"}}, {"geometry": {"type": "Polygon", "coordinates": [[[302368.0408068063, 2772398.325324821], [302376.64046057744, 2772398.358325002], [302376.7032608864, 2772381.994230986], [302368.1035968032, 2772381.9612309476], [302368.0408068063, 2772398.325324821]]]}, "properties": {"height": 14, "color": "rgb(0,0,255)"}}, {"geometry": {"type": "Polygon", "coordinates": [[[302346.1563892042, 2772315.2379364], [302354.2185591094, 2772315.268859908], [302354.29175175645, 2772296.187971485], [302346.2295705791, 2772296.157048132], [302346.1563892042, 2772315.2379364]]]}, "properties": {"height": 10.5, "color": "rgb(0,0,255)"}}, {"geometry": {"type": "Polygon", "coordinates": [[[302319.4936259176, 2772311.6768975095], [302326.82798640116, 2772311.705014845], [302326.8902725285, 2772295.458876105], [302319.5559033138, 2772295.430758889], [302319.4936259176, 2772311.6768975095]]]}, "properties": {"height": 14, "color": "rgb(0,0,255)"}}, {"geometry": {"type": "Polygon", "coordinates": [[[302244.33660653525, 2772377.061239234], [302261.44747577835, 2772377.1267499034], [302261.49138956907, 2772365.6586702694], [302244.38050594693, 2772365.593159798], [302244.33660653525, 2772377.061239234]]]}, "properties": {"height": 7, "color": "rgb(0,0,255)"}}, {"geometry": {"type": "Polygon", "coordinates": [[[302244.5646244009, 2772426.159980433], [302253.04630272614, 2772426.192451499], [302253.0895075222, 2772414.9079392496], [302244.60782218334, 2772414.87546828], [302244.5646244009, 2772426.159980433]]]}, "properties": {"height": 14, "color": "rgb(0,0,255)"}}, {"geometry": {"type": "Polygon", "coordinates": [[[302309.22248980985, 2772456.2434714534], [302318.82223318686, 2772456.2802692195], [302318.8743298708, 2772442.690583886], [302309.27457693394, 2772442.6537862523], [302309.22248980985, 2772456.2434714534]]]}, "properties": {"height": 52.5, "color": "rgb(0,0,255)"}}, {"geometry": {"type": "Polygon", "coordinates": [[[302308.98604980437, 2772517.532317425], [302319.8843550514, 2772517.574094222], [302319.92175188416, 2772507.8193895617], [302309.02343884663, 2772507.777612872], [302308.98604980437, 2772517.532317425]]]}, "properties": {"height": 49, "color": "rgb(0,0,255)"}}, {"geometry": {"type": "Polygon", "coordinates": [[[302240.3068989615, 2772431.7336615687], [302263.19498560467, 2772431.8212909424], [302263.2607563266, 2772414.646220287], [302240.37264087726, 2772414.5585913095], [302240.3068989615, 2772431.7336615687]]]}, "properties": {"height": 14, "color": "rgb(0,0,255)"}}, {"geometry": {"type": "Polygon", "coordinates": [[[302354.64509046957, 2772498.6886533685], [302372.25026585785, 2772498.7562025124], [302372.3097434187, 2772483.257270023], [302354.704548035, 2772483.189721155], [302354.64509046957, 2772498.6886533685]]]}, "properties": {"height": 17.5, "color": "rgb(0,0,255)"}}, {"geometry": {"type": "Polygon", "coordinates": [[[302245.2492823878, 2772526.5156247783], [302261.6776957857, 2772526.578527142], [302261.73660293873, 2772511.195934098], [302245.3081710217, 2772511.13303199], [302245.2492823878, 2772526.5156247783]]]}, "properties": {"height": 17.5, "color": "rgb(0,0,255)"}}, {"geometry": {"type": "Polygon", "coordinates": [[[302247.49779837584, 2772511.116483014], [302261.9629706347, 2772511.1718693627], [302262.01242633443, 2772498.257355534], [302247.5472403859, 2772498.2019693735], [302247.49779837584, 2772511.116483014]]]}, "properties": {"height": 21, "color": "rgb(0,0,255)"}}, {"geometry": {"type": "Polygon", "coordinates": [[[302357.70712206827, 2772474.973252284], [302372.53122357617, 2772475.030132012], [302372.59671727277, 2772457.9634085116], [302357.7725972252, 2772457.9065290396], [302357.70712206827, 2772474.973252284]]]}, "properties": {"height": 14, "color": "rgb(0,0,255)"}}, {"geometry": {"type": "Polygon", "coordinates": [[[302324.55979733536, 2772541.548625026], [302340.00389791495, 2772541.607848135], [302340.0445474825, 2772531.008868821], [302324.60043490725, 2772530.949645878], [302324.55979733536, 2772541.548625026]]]}, "properties": {"height": 17.5, "color": "rgb(0,0,255)"}}, {"geometry": {"type": "Polygon", "coordinates": [[[302320.0027455564, 2772430.190369256], [302332.10667519126, 2772430.2367762513], [302332.16438787483, 2772415.1857857136], [302320.0604448904, 2772415.1393789025], [302320.0027455564, 2772430.190369256]]]}, "properties": {"height": 17.5, "color": "rgb(0,0,255)"}}, {"geometry": {"type": "Polygon", "coordinates": [[[302244.1078503721, 2772498.5631084517], [302263.93401200674, 2772498.639020312], [302263.9772204982, 2772487.356229136], [302244.15104247106, 2772487.280317501], [302244.1078503721, 2772498.5631084517]]]}, "properties": {"height": 14, "color": "rgb(0,0,255)"}}, {"geometry": {"type": "Polygon", "coordinates": [[[302322.6916516794, 2772450.0600145985], [302337.5935840884, 2772450.117154188], [302337.6470764728, 2772436.1683615656], [302322.74512883177, 2772436.111222186], [302322.6916516794, 2772450.0600145985]]]}, "properties": {"height": 14, "color": "rgb(0,0,255)"}}, {"geometry": {"type": "Polygon", "coordinates": [[[302247.43412940745, 2772509.9123778553], [302257.39102615276, 2772509.9505005553], [302257.4352994926, 2772498.3882571603], [302247.4783943109, 2772498.350134576], [302247.43412940745, 2772509.9123778553]]]}, "properties": {"height": 24.5, "color": "rgb(0,0,255)"}}, {"geometry": {"type": "Polygon", "coordinates": [[[302370.80932886444, 2772500.504975324], [302383.834576981, 2772500.5549650635], [302383.91035626206, 2772480.8124235827], [302370.8850893012, 2772480.762434104], [302370.80932886444, 2772500.504975324]]]}, "properties": {"height": 10.5, "color": "rgb(0,0,255)"}}, {"geometry": {"type": "Polygon", "coordinates": [[[302376.90196277306, 2772476.6072110697], [302388.0447091701, 2772476.6499797218], [302388.11055500805, 2772459.4965852476], [302376.9677946045, 2772459.4538167887], [302376.90196277306, 2772476.6072110697]]]}, "properties": {"height": 14, "color": "rgb(0,0,255)"}}, {"geometry": {"type": "Polygon", "coordinates": [[[302390.52868682373, 2772478.2774825813], [302401.6995320235, 2772478.320370278], [302401.7590174677, 2772462.8279646877], [302390.5881595858, 2772462.7850771667], [302390.52868682373, 2772478.2774825813]]]}, "properties": {"height": 14, "color": "rgb(0,0,255)"}}, {"geometry": {"type": "Polygon", "coordinates": [[[302370.81024488603, 2772475.4976453884], [302378.4972672916, 2772475.5271456884], [302378.5590783718, 2772459.421899978], [302370.87204689404, 2772459.3923998033], [302370.81024488603, 2772475.4976453884]]]}, "properties": {"height": 17.5, "color": "rgb(0,0,255)"}}, {"geometry": {"type": "Polygon", "coordinates": [[[302349.6998973288, 2772527.7097452744], [302369.3188121936, 2772527.7850161525], [302369.3694408892, 2772514.5913848896], [302349.7505070559, 2772514.516114272], [302349.6998973288, 2772527.7097452744]]]}, "properties": {"height": 7, "color": "rgb(0,0,255)"}}, {"geometry": {"type": "Polygon", "coordinates": [[[302381.9090379306, 2772501.98773791], [302391.42780600116, 2772502.0242766323], [302391.5045004819, 2772482.0462080147], [302381.9857184758, 2772482.0096694846], [302381.9090379306, 2772501.98773791]]]}, "properties": {"height": 7, "color": "rgb(0,0,255)"}}, {"geometry": {"type": "Polygon", "coordinates": [[[302237.1392519134, 2772437.8614718234], [302263.0999777525, 2772437.9608622575], [302263.1252025145, 2772431.3737976667], [302237.1644641444, 2772431.2744074054], [302237.1392519134, 2772437.8614718234]]]}, "properties": {"height": 7, "color": "rgb(0,0,255)"}}, {"geometry": {"type": "Polygon", "coordinates": [[[302303.36034913606, 2772491.132892146], [302318.8955196424, 2772491.192439167], [302318.9418014533, 2772479.119785982], [302303.4066172032, 2772479.060239151], [302303.36034913606, 2772491.132892146]]]}, "properties": {"height": 7, "color": "rgb(0,0,255)"}}, {"geometry": {"type": "Polygon", "coordinates": [[[302248.4739073994, 2772585.2152035614], [302265.64005943446, 2772585.2809367375], [302265.6826798647, 2772574.1524618207], [302248.51651383005, 2772574.0867288373], [302248.4739073994, 2772585.2152035614]]]}, "properties": {"height": 14, "color": "rgb(0,0,255)"}}, {"geometry": {"type": "Polygon", "coordinates": [[[302323.62237782514, 2772646.220494413], [302335.29673683003, 2772646.2652612957], [302335.3248069192, 2772638.9459186466], [302323.6504416523, 2772638.9011518504], [302323.62237782514, 2772646.220494413]]]}, "properties": {"height": 28, "color": "rgb(0,0,255)"}}, {"geometry": {"type": "Polygon", "coordinates": [[[302252.7281409658, 2772574.5980827324], [302265.50764445163, 2772574.647020131], [302265.56080496346, 2772560.766358359], [302252.7812884782, 2772560.717421139], [302252.7281409658, 2772574.5980827324]]]}, "properties": {"height": 14, "color": "rgb(0,0,255)"}}, {"geometry": {"type": "Polygon", "coordinates": [[[302325.7825450773, 2772723.120300451], [302355.5738793574, 2772723.234567381], [302355.6281271356, 2772709.0952383406], [302325.8367619847, 2772708.980971836], [302325.7825450773, 2772723.120300451]]]}, "properties": {"height": 17.5, "color": "rgb(0,0,255)"}}, {"geometry": {"type": "Polygon", "coordinates": [[[302389.7487034906, 2772736.751497412], [302405.1472990708, 2772736.8106242847], [302405.2278726155, 2772715.8296141154], [302389.8292533576, 2772715.7704875697], [302389.7487034906, 2772736.751497412]]]}, "properties": {"height": 17.5, "color": "rgb(0,0,255)"}}, {"geometry": {"type": "Polygon", "coordinates": [[[302234.00349243847, 2772711.289640105], [302249.0516454533, 2772711.3472488285], [302249.08764212613, 2772701.9457856375], [302234.03947874304, 2772701.8881770573], [302234.00349243847, 2772711.289640105]]]}, "properties": {"height": 14, "color": "rgb(0,0,255)"}}, {"geometry": {"type": "Polygon", "coordinates": [[[302245.1091238282, 2772746.319559772], [302250.42732628254, 2772746.339922128], [302250.5056339741, 2772725.888634766], [302245.18742354866, 2772725.8682725197], [302245.1091238282, 2772746.319559772]]]}, "properties": {"height": 10.5, "color": "rgb(0,0,255)"}}, {"geometry": {"type": "Polygon", "coordinates": [[[302330.4596209572, 2772794.211157674], [302340.8956573724, 2772794.2511832286], [302340.93531976803, 2772783.910847809], [302330.499275444, 2772783.870822363], [302330.4596209572, 2772794.211157674]]]}, "properties": {"height": 45.5, "color": "rgb(0,0,255)"}}, {"geometry": {"type": "Polygon", "coordinates": [[[302370.08724407223, 2772890.4278602363], [302394.8292696136, 2772890.5228424263], [302394.89974088303, 2772872.1699739], [302370.1576820605, 2772872.07499217], [302370.08724407223, 2772890.4278602363]]]}, "properties": {"height": 7, "color": "rgb(0,0,255)"}}, {"geometry": {"type": "Polygon", "coordinates": [[[302373.8233417406, 2772884.1490039364], [302398.83786199347, 2772884.2450390575], [302398.9118846906, 2772864.9686924736], [302373.89732909703, 2772864.8726578406], [302373.8233417406, 2772884.1490039364]]]}, "properties": {"height": 7, "color": "rgb(0,0,255)"}}, {"geometry": {"type": "Polygon", "coordinates": [[[302356.42593301577, 2772877.747784512], [302367.3784031184, 2772877.789813244], [302367.44059246016, 2772861.5852430454], [302356.4881093496, 2772861.5432144934], [302356.42593301577, 2772877.747784512]]]}, "properties": {"height": 17.5, "color": "rgb(0,0,255)"}}, {"geometry": {"type": "Polygon", "coordinates": [[[301753.21527591825, 2772347.5548702925], [301791.19670576, 2772347.6989465896], [301791.26639794355, 2772329.3333556433], [301753.28491698805, 2772329.1892800448], [301753.21527591825, 2772347.5548702925]]]}, "properties": {"height": 31.5, "color": "rgb(0,0,255)"}}, {"geometry": {"type": "Polygon", "coordinates": [[[301838.6226382425, 2772367.7022040254], [301883.5221517153, 2772367.872816681], [301883.5689415889, 2772355.564598135], [301838.669387621, 2772355.3939860333], [301838.6226382425, 2772367.7022040254]]]}, "properties": {"height": 38.5, "color": "rgb(0,0,255)"}}, {"geometry": {"type": "Polygon", "coordinates": [[[301607.95765454764, 2772450.9052029173], [301627.659833145, 2772450.9797201706], [301627.782591295, 2772418.5287828827], [301608.0803658465, 2772418.454266267], [301607.95765454764, 2772450.9052029173]]]}, "properties": {"height": 31.5, "color": "rgb(0,0,255)"}}, {"geometry": {"type": "Polygon", "coordinates": [[[301829.0958943215, 2772526.2270961474], [301851.9775963621, 2772526.3140150383], [301852.06984689884, 2772502.033997934], [301829.18810414546, 2772501.9470795994], [301829.0958943215, 2772526.2270961474]]]}, "properties": {"height": 38.5, "color": "rgb(0,0,255)"}}, {"geometry": {"type": "Polygon", "coordinates": [[[301856.1042255529, 2772600.0527401147], [301876.49271419225, 2772600.1302290675], [301876.6375512458, 2772562.0287044086], [301856.2490056775, 2772561.9512162344], [301856.1042255529, 2772600.0527401147]]]}, "properties": {"height": 28, "color": "rgb(0,0,255)"}}, {"geometry": {"type": "Polygon", "coordinates": [[[301705.5414034336, 2772527.8916085875], [301725.9245456908, 2772527.968850056], [301726.034787322, 2772498.88293104], [301705.651601619, 2772498.8056901637], [301705.5414034336, 2772527.8916085875]]]}, "properties": {"height": 35, "color": "rgb(0,0,255)"}}, {"geometry": {"type": "Polygon", "coordinates": [[[301752.3444671453, 2772781.8118313756], [301799.13132937736, 2772781.989353362], [301799.237382707, 2772754.0509271594], [301752.45042467525, 2772753.873406481], [301752.3444671453, 2772781.8118313756]]]}, "properties": {"height": 38.5, "color": "rgb(0,0,255)"}}, {"geometry": {"type": "Polygon", "coordinates": [[[301841.07758645376, 2772820.706999432], [301872.1304845477, 2772820.8250084063], [301872.2535112205, 2772788.461266326], [301841.20053947094, 2772788.3432583585], [301841.07758645376, 2772820.706999432]]]}, "properties": {"height": 49, "color": "rgb(0,0,255)"}}, {"geometry": {"type": "Polygon", "coordinates": [[[301774.7827103691, 2772834.247516855], [301799.6959515431, 2772834.3420674475], [301799.77394830494, 2772813.79548473], [301774.86066961475, 2772813.700934651], [301774.7827103691, 2772834.247516855]]]}, "properties": {"height": 38.5, "color": "rgb(0,0,255)"}}, {"geometry": {"type": "Polygon", "coordinates": [[[301652.64108947036, 2772802.327947884], [301701.25886144605, 2772802.512066434], [301701.34261083946, 2772780.4077779497], [301652.7247601022, 2772780.2236604714], [301652.64108947036, 2772802.327947884]]]}, "properties": {"height": 17.5, "color": "rgb(0,0,255)"}}, {"geometry": {"type": "Polygon", "coordinates": [[[301852.39621498185, 2772521.5491720997], [301897.0334396492, 2772521.718843416], [301897.2220692174, 2772472.114998938], [301852.58468229324, 2772471.9453298408], [301852.39621498185, 2772521.5491720997]]]}, "properties": {"height": 21, "color": "rgb(0,0,255)"}}, {"geometry": {"type": "Polygon", "coordinates": [[[302000.6107875055, 2772459.309780804], [302025.58900704916, 2772459.4049767805], [302025.7552462774, 2772415.7960579772], [302000.77694691275, 2772415.700863096], [302000.6107875055, 2772459.309780804]]]}, "properties": {"height": 38.5, "color": "rgb(0,0,255)"}}, {"geometry": {"type": "Polygon", "coordinates": [[[301893.5804393319, 2772314.3088478046], [301944.5762429767, 2772314.502838097], [301944.6503251772, 2772295.0377443703], [301893.65444879676, 2772294.843755074], [301893.5804393319, 2772314.3088478046]]]}, "properties": {"height": 42, "color": "rgb(0,0,255)"}}, {"geometry": {"type": "Polygon", "coordinates": [[[301957.7038734296, 2772458.5727099054], [301990.4354729333, 2772458.697361608], [301990.67725890095, 2772395.227432217], [301957.9455071626, 2772395.102782601], [301957.7038734296, 2772458.5727099054]]]}, "properties": {"height": 14, "color": "rgb(0,0,255)"}}, {"geometry": {"type": "Polygon", "coordinates": [[[302006.1267488613, 2772396.415302363], [302066.9431163108, 2772396.647181683], [302067.0764224572, 2772361.704400583], [302006.25989928655, 2772361.4725233996], [302006.1267488613, 2772396.415302363]]]}, "properties": {"height": 10.5, "color": "rgb(0,0,255)"}}, {"geometry": {"type": "Polygon", "coordinates": [[[301625.05734453525, 2773295.7863221304], [301756.90943738236, 2773296.2858910095], [301757.2793073975, 2773198.788196183], [301625.4262722135, 2773198.288640142], [301625.05734453525, 2773295.7863221304]]]}, "properties": {"height": 14, "color": "rgb(0,0,255)"}}, {"geometry": {"type": "Polygon", "coordinates": [[[301943.3125761561, 2773233.3872702005], [302049.17323997465, 2773233.790719434], [302049.35177599755, 2773186.992092634], [301943.49074902944, 2773186.5886483775], [301943.3125761561, 2773233.3872702005]]]}, "properties": {"height": 24.5, "color": "rgb(0,0,255)"}}, {"geometry": {"type": "Polygon", "coordinates": [[[301929.4867568132, 2773153.2986452165], [301960.31049914646, 2773153.415998789], [301960.5110418558, 2773100.757200521], [301929.68718054646, 2773100.639848578], [301929.4867568132, 2773153.2986452165]]]}, "properties": {"height": 14, "color": "rgb(0,0,255)"}}, {"geometry": {"type": "Polygon", "coordinates": [[[302034.44662481756, 2773319.468623912], [302052.02006410586, 2773319.53566154], [302052.3141952129, 2773242.4432908613], [302034.74065661326, 2773242.3762545954], [302034.44662481756, 2773319.468623912]]]}, "properties": {"height": 17.5, "color": "rgb(0,0,255)"}}, {"geometry": {"type": "Polygon", "coordinates": [[[301957.3029952645, 2773131.4879424954], [301991.5891649966, 2773131.6185514606], [301991.69873552315, 2773102.8645291203], [301957.4124935276, 2773102.7339211446], [301957.3029952645, 2773131.4879424954]]]}, "properties": {"height": 17.5, "color": "rgb(0,0,255)"}}, {"geometry": {"type": "Polygon", "coordinates": [[[301965.8837516813, 2773306.0839337436], [302029.023992377, 2773306.3245824683], [302029.07765617955, 2773292.25304567], [301965.9373503539, 2773292.012397838], [301965.8837516813, 2773306.0839337436]]]}, "properties": {"height": 17.5, "color": "rgb(0,0,255)"}}, {"geometry": {"type": "Polygon", "coordinates": [[[302001.46223337634, 2773232.4409984844], [302019.0745644774, 2773232.508139522], [302019.17575510906, 2773205.968347828], [302001.5633897444, 2773205.90120726], [302001.46223337634, 2773232.4409984844]]]}, "properties": {"height": 31.5, "color": "rgb(0,0,255)"}}, {"geometry": {"type": "Polygon", "coordinates": [[[302055.64869220555, 2773394.4479417223], [302082.56533966126, 2773394.5506752147], [302082.7144401286, 2773355.4955049735], [302055.79771560983, 2773355.3927725395], [302055.64869220555, 2773394.4479417223]]]}, "properties": {"height": 24.5, "color": "rgb(0,0,255)"}}, {"geometry": {"type": "Polygon", "coordinates": [[[301964.3735269132, 2773324.0469746697], [302031.15655207424, 2773324.3015106716], [302031.21304595406, 2773309.4885952985], [301964.4299482755, 2773309.2340602903], [301964.3735269132, 2773324.0469746697]]]}, "properties": {"height": 17.5, "color": "rgb(0,0,255)"}}, {"geometry": {"type": "Polygon", "coordinates": [[[302005.1198009308, 2773364.9583061608], [302030.62868771394, 2773365.0555696464], [302030.74371759547, 2773334.894406826], [302005.23477441195, 2773334.7971441145], [302005.1198009308, 2773364.9583061608]]]}, "properties": {"height": 21, "color": "rgb(0,0,255)"}}, {"geometry": {"type": "Polygon", "coordinates": [[[302328.63252073113, 2772909.417200796], [302360.13055805815, 2772909.5380316973], [302360.1977779994, 2772892.0204466544], [302328.69970023155, 2772891.8996163113], [302328.63252073113, 2772909.417200796]]]}, "properties": {"height": 49, "color": "rgb(0,0,255)"}}, {"geometry": {"type": "Polygon", "coordinates": [[[302337.93956780224, 2772945.7283676267], [302353.1817853981, 2772945.7868411047], [302353.3155643899, 2772910.919689241], [302338.0733078419, 2772910.8612163006], [302337.93956780224, 2772945.7283676267]]]}, "properties": {"height": 49, "color": "rgb(0,0,255)"}}, {"geometry": {"type": "Polygon", "coordinates": [[[302315.3148840127, 2772945.865044913], [302330.6210524505, 2772945.923738385], [302330.75367973873, 2772911.3418596773], [302315.4474725053, 2772911.2831667406], [302315.3148840127, 2772945.865044913]]]}, "properties": {"height": 49, "color": "rgb(0,0,255)"}}, {"geometry": {"type": "Polygon", "coordinates": [[[302205.2518004416, 2772983.0010255636], [302249.2394284576, 2772983.169395781], [302249.33759631787, 2772957.533197959], [302205.3498856488, 2772957.364828879], [302205.2518004416, 2772983.0010255636]]]}, "properties": {"height": 24.5, "color": "rgb(0,0,255)"}}, {"geometry": {"type": "Polygon", "coordinates": [[[302311.7519413858, 2773036.870101414], [302334.5218790848, 2773036.9574192124], [302334.6917996311, 2772992.656400654], [302311.9217879956, 2772992.5690838755], [302311.7519413858, 2773036.870101414]]]}, "properties": {"height": 17.5, "color": "rgb(0,0,255)"}}, {"geometry": {"type": "Polygon", "coordinates": [[[302135.5422341204, 2772987.739279402], [302161.48621195264, 2772987.8384349407], [302161.61766343744, 2772953.4525997574], [302135.67362021835, 2772953.353445118], [302135.5422341204, 2772987.739279402]]]}, "properties": {"height": 17.5, "color": "rgb(0,0,255)"}}, {"geometry": {"type": "Polygon", "coordinates": [[[302144.65482898033, 2773123.939275508], [302217.27267660614, 2773124.2170025758], [302217.3759941423, 2773097.221023772], [302144.7580028213, 2773096.9432986807], [302144.65482898033, 2773123.939275508]]]}, "properties": {"height": 14, "color": "rgb(0,0,255)"}}, {"geometry": {"type": "Polygon", "coordinates": [[[302183.33339369146, 2773228.1628851457], [302242.1677631978, 2773228.3880439675], [302242.2519916463, 2773206.391324309], [302183.4175272745, 2773206.1661667926], [302183.33339369146, 2773228.1628851457]]]}, "properties": {"height": 17.5, "color": "rgb(0,0,255)"}}, {"geometry": {"type": "Polygon", "coordinates": [[[302180.1010077243, 2773201.898734937], [302234.2507914408, 2773202.105941516], [302234.329071205, 2773181.6594398087], [302180.1792063308, 2773181.4522343464], [302180.1010077243, 2773201.898734937]]]}, "properties": {"height": 14, "color": "rgb(0,0,255)"}}, {"geometry": {"type": "Polygon", "coordinates": [[[302256.2160775817, 2773228.0173568255], [302275.01359625463, 2773228.0893676565], [302275.1932657957, 2773181.196963521], [302256.39568250976, 2773181.1249535806], [302256.2160775817, 2773228.0173568255]]]}, "properties": {"height": 17.5, "color": "rgb(0,0,255)"}}, {"geometry": {"type": "Polygon", "coordinates": [[[301595.0404294848, 2772988.844969642], [301634.4949503159, 2772988.9942180207], [301634.5722250126, 2772968.57401796], [301595.11764512974, 2772968.424770385], [301595.0404294848, 2772988.844969642]]]}, "properties": {"height": 14, "color": "rgb(0,0,255)"}}, {"geometry": {"type": "Polygon", "coordinates": [[[301592.9707656559, 2773012.5603949404], [301635.1080361952, 2773012.719790914], [301635.1806006796, 2772993.544704811], [301593.0432709182, 2772993.385309643], [301592.9707656559, 2773012.5603949404]]]}, "properties": {"height": 14, "color": "rgb(0,0,255)"}}, {"geometry": {"type": "Polygon", "coordinates": [[[301633.87840691576, 2773010.841542675], [301654.14506383246, 2773010.9182514176], [301654.231645015, 2772988.047668537], [301633.96495412494, 2772987.970960257], [301633.87840691576, 2773010.841542675]]]}, "properties": {"height": 21, "color": "rgb(0,0,255)"}}, {"geometry": {"type": "Polygon", "coordinates": [[[301602.3855489094, 2772964.940574161], [301636.65306646074, 2772965.070211828], [301636.7238367038, 2772946.369447532], [301602.4562721832, 2772946.2398105036], [301602.3855489094, 2772964.940574161]]]}, "properties": {"height": 14, "color": "rgb(0,0,255)"}}, {"geometry": {"type": "Polygon", "coordinates": [[[301631.2428988442, 2773061.801002629], [301654.19038701727, 2773061.8878578814], [301654.27636000875, 2773039.178425172], [301631.32883363863, 2773039.0915704397], [301631.2428988442, 2773061.801002629]]]}, "properties": {"height": 17.5, "color": "rgb(0,0,255)"}}, {"geometry": {"type": "Polygon", "coordinates": [[[301582.30875209207, 2773156.7377588674], [301650.05823708774, 2773156.9940659916], [301650.1016295163, 2773145.5316760093], [301582.3520875977, 2773145.27536966], [301582.30875209207, 2773156.7377588674]]]}, "properties": {"height": 14, "color": "rgb(0,0,255)"}}, {"geometry": {"type": "Polygon", "coordinates": [[[301763.60669410083, 2773113.089059636], [301777.75247911114, 2773113.1427346114], [301777.88144581387, 2773079.158621064], [301763.73562556645, 2773079.1049465686], [301763.60669410083, 2773113.089059636]]]}, "properties": {"height": 21, "color": "rgb(0,0,255)"}}, {"geometry": {"type": "Polygon", "coordinates": [[[301603.9019897635, 2773059.984905646], [301626.5717605654, 2773060.0706640305], [301626.65021959913, 2773039.3349190224], [301603.9804143421, 2773039.249161107], [301603.9019897635, 2773059.984905646]]]}, "properties": {"height": 17.5, "color": "rgb(0,0,255)"}}, {"geometry": {"type": "Polygon", "coordinates": [[[301709.79137632117, 2773065.3819428715], [301748.4537009859, 2773065.528523149], [301748.5405985197, 2773042.6167193893], [301709.8782089265, 2773042.4701399975], [301709.79137632117, 2773065.3819428715]]]}, "properties": {"height": 7, "color": "rgb(0,0,255)"}}, {"geometry": {"type": "Polygon", "coordinates": [[[301709.411665126, 2773087.3721364527], [301736.899513415, 2773087.4763399125], [301736.9752192765, 2773067.511116063], [301709.4873307614, 2773067.4069131524], [301709.411665126, 2773087.3721364527]]]}, "properties": {"height": 14, "color": "rgb(0,0,255)"}}, {"geometry": {"type": "Polygon", "coordinates": [[[301773.3098976323, 2773273.0073020477], [301800.96642508276, 2773273.112282632], [301801.045931716, 2773252.1722380146], [301773.3893618131, 2773252.067258009], [301773.3098976323, 2773273.0073020477]]]}, "properties": {"height": 21, "color": "rgb(0,0,255)"}}, {"geometry": {"type": "Polygon", "coordinates": [[[301649.91601523035, 2773312.773232664], [301701.2170320361, 2773312.967548313], [301701.32108140906, 2773285.5111135375], [301650.0199613503, 2773285.316799294], [301649.91601523035, 2773312.773232664]]]}, "properties": {"height": 7, "color": "rgb(0,0,255)"}}, {"geometry": {"type": "Polygon", "coordinates": [[[301624.9050480459, 2773346.086466336], [301658.58403994126, 2773346.2139523346], [301658.65021262725, 2773328.73823388], [301624.9711775866, 2773328.6107484694], [301624.9050480459, 2773346.086466336]]]}, "properties": {"height": 17.5, "color": "rgb(0,0,255)"}}, {"geometry": {"type": "Polygon", "coordinates": [[[301779.2186911835, 2773265.0608208394], [301800.94704470143, 2773265.1433032663], [301800.993852923, 2773252.8151696655], [301779.2654797692, 2773252.732687507], [301779.2186911835, 2773265.0608208394]]]}, "properties": {"height": 31.5, "color": "rgb(0,0,255)"}}, {"geometry": {"type": "Polygon", "coordinates": [[[301622.5946651948, 2773362.0862166556], [301657.4341483432, 2773362.218091939], [301657.5091167905, 2773342.419159296], [301622.66958307644, 2773342.2872847], [301622.5946651948, 2773362.0862166556]]]}, "properties": {"height": 17.5, "color": "rgb(0,0,255)"}}, {"geometry": {"type": "Polygon", "coordinates": [[[301695.220356688, 2773397.2015310675], [301733.44382291066, 2773397.34642579], [301733.5079484643, 2773380.4362006476], [301695.284434858, 2773380.29130657], [301695.220356688, 2773397.2015310675]]]}, "properties": {"height": 17.5, "color": "rgb(0,0,255)"}}, {"geometry": {"type": "Polygon", "coordinates": [[[301744.6330869943, 2773398.4570522923], [301767.24208299967, 2773398.542825814], [301767.31987629033, 2773378.041741694], [301744.71084630623, 2773377.955968636], [301744.6330869943, 2773398.4570522923]]]}, "properties": {"height": 21, "color": "rgb(0,0,255)"}}, {"geometry": {"type": "Polygon", "coordinates": [[[301741.8865592672, 2773418.0491461838], [301768.83788771875, 2773418.1513932375], [301768.9034125934, 2773400.884119745], [301741.952050026, 2773400.781873157], [301741.8865592672, 2773418.0491461838]]]}, "properties": {"height": 17.5, "color": "rgb(0,0,255)"}}, {"geometry": {"type": "Polygon", "coordinates": [[[301608.0095863047, 2773469.0022765175], [301640.5624289995, 2773469.125464226], [301640.63753630157, 2773449.2842500936], [301608.08464625693, 2773449.1610630285], [301608.0095863047, 2773469.0022765175]]]}, "properties": {"height": 10.5, "color": "rgb(0,0,255)"}}, {"geometry": {"type": "Polygon", "coordinates": [[[301632.7127879647, 2773379.902211438], [301657.6645296357, 2773379.996669549], [301657.730114251, 2773362.6761883744], [301632.7783408985, 2773362.5817306954], [301632.7127879647, 2773379.902211438]]]}, "properties": {"height": 17.5, "color": "rgb(0,0,255)"}}, {"geometry": {"type": "Polygon", "coordinates": [[[301869.6382386626, 2773043.9082611073], [301902.1934958162, 2773044.0320606944], [301902.2773868763, 2773021.978282647], [301869.722077098, 2773021.85448378], [301869.6382386626, 2773043.9082611073]]]}, "properties": {"height": 17.5, "color": "rgb(0,0,255)"}}, {"geometry": {"type": "Polygon", "coordinates": [[[301951.8328036618, 2773006.8450350077], [301976.7156711458, 2773006.939799849], [301976.8119453316, 2772981.6665598755], [301951.929031754, 2772981.571795666], [301951.8328036618, 2773006.8450350077]]]}, "properties": {"height": 14, "color": "rgb(0,0,255)"}}, {"geometry": {"type": "Polygon", "coordinates": [[[301945.4452444433, 2772979.400434027], [301968.1477374842, 2772979.4868816333], [301968.23105897557, 2772957.6100544217], [301945.52852953214, 2772957.523607313], [301945.4452444433, 2772979.400434027]]]}, "properties": {"height": 17.5, "color": "rgb(0,0,255)"}}, {"geometry": {"type": "Polygon", "coordinates": [[[301927.9996859375, 2773009.4010367654], [301953.7071982269, 2773009.498898192], [301953.7850203692, 2772989.0605533672], [301928.07746956876, 2772988.9626924675], [301927.9996859375, 2773009.4010367654]]]}, "properties": {"height": 17.5, "color": "rgb(0,0,255)"}}, {"geometry": {"type": "Polygon", "coordinates": [[[301972.32484822633, 2773047.356993645], [301992.881028175, 2773047.435309481], [301992.9756906019, 2773022.593317797], [301972.4194732237, 2773022.5150024737], [301972.32484822633, 2773047.356993645]]]}, "properties": {"height": 17.5, "color": "rgb(0,0,255)"}}, {"geometry": {"type": "Polygon", "coordinates": [[[301899.2437316962, 2773036.402496039], [301921.15140388074, 2773036.4858442238], [301921.22533030866, 2773017.0586717417], [301899.3176269288, 2773016.9753239844], [301899.2437316962, 2773036.402496039]]]}, "properties": {"height": 17.5, "color": "rgb(0,0,255)"}}, {"geometry": {"type": "Polygon", "coordinates": [[[301853.94521284604, 2772966.573642031], [301952.6067388199, 2772966.948941039], [301952.916551097, 2772885.5792998928], [301854.25443671615, 2772885.2040089364], [301853.94521284604, 2772966.573642031]]]}, "properties": {"height": 14, "color": "rgb(0,0,255)"}}, {"geometry": {"type": "Polygon", "coordinates": [[[301933.4884564568, 2773095.765485355], [301978.8067523819, 2773095.938056551], [301979.0627115928, 2773028.7500787596], [301933.7441924869, 2773028.57751062], [301933.4884564568, 2773095.765485355]]]}, "properties": {"height": 14, "color": "rgb(0,0,255)"}}, {"geometry": {"type": "Polygon", "coordinates": [[[301843.9438562025, 2773170.895747236], [301864.7570665245, 2773170.974850696], [301864.8986852816, 2773133.720247332], [301844.08541812317, 2773133.641144648], [301843.9438562025, 2773170.895747236]]]}, "properties": {"height": 17.5, "color": "rgb(0,0,255)"}}, {"geometry": {"type": "Polygon", "coordinates": [[[301950.69020605524, 2773107.3065961306], [301984.6730179604, 2773107.43603136], [301984.7474289186, 2773087.9059901144], [301950.76456836605, 2773087.776555551], [301950.69020605524, 2773107.3065961306]]]}, "properties": {"height": 17.5, "color": "rgb(0,0,255)"}}, {"geometry": {"type": "Polygon", "coordinates": [[[301883.5498855046, 2773202.2588136066], [301925.80700837926, 2773202.419575538], [301925.87268651504, 2773185.162705301], [301883.6155101869, 2773185.0019441005], [301883.5498855046, 2773202.2588136066]]]}, "properties": {"height": 17.5, "color": "rgb(0,0,255)"}}, {"geometry": {"type": "Polygon", "coordinates": [[[301980.9146588494, 2773082.9974856335], [302005.2103552712, 2773083.0900684213], [302005.32645113656, 2773052.630999765], [301981.0307004725, 2773052.5384177207], [301980.9146588494, 2773082.9974856335]]]}, "properties": {"height": 17.5, "color": "rgb(0,0,255)"}}, {"geometry": {"type": "Polygon", "coordinates": [[[301879.9503053516, 2773135.017000506], [301903.09079438145, 2773135.105010853], [301903.19850294886, 2773106.791463004], [301880.0579658939, 2773106.7034533136], [301879.9503053516, 2773135.017000506]]]}, "properties": {"height": 17.5, "color": "rgb(0,0,255)"}}, {"geometry": {"type": "Polygon", "coordinates": [[[301906.2547839815, 2773153.3705758136], [301929.12612257875, 2773153.457607022], [301929.2414129607, 2773123.166425613], [301906.3700235811, 2773123.0793951], [301906.2547839815, 2773153.3705758136]]]}, "properties": {"height": 14, "color": "rgb(0,0,255)"}}, {"geometry": {"type": "Polygon", "coordinates": [[[301897.3075018259, 2773170.2145015234], [301914.07339270995, 2773170.2782856594], [301914.16155883635, 2773147.107152175], [301897.39563947613, 2773147.043368429], [301897.3075018259, 2773170.2145015234]]]}, "properties": {"height": 24.5, "color": "rgb(0,0,255)"}}, {"geometry": {"type": "Polygon", "coordinates": [[[301863.66438298003, 2773161.615015718], [301875.64916685544, 2773161.660578803], [301875.7288145963, 2773140.712610832], [301863.7440123183, 2773140.667047998], [301863.66438298003, 2773161.615015718]]]}, "properties": {"height": 35, "color": "rgb(0,0,255)"}}, {"geometry": {"type": "Polygon", "coordinates": [[[301844.37816348067, 2773202.1469688816], [301871.4080167627, 2773202.2497078814], [301871.47081268043, 2773185.732835901], [301844.44092667295, 2773185.6300973482], [301844.37816348067, 2773202.1469688816]]]}, "properties": {"height": 17.5, "color": "rgb(0,0,255)"}}, {"geometry": {"type": "Polygon", "coordinates": [[[301936.8297425944, 2773169.6550988797], [301962.6157140581, 2773169.753282194], [301962.68311615934, 2773152.055747706], [301936.89711124497, 2773151.9575648503], [301936.8297425944, 2773169.6550988797]]]}, "properties": {"height": 17.5, "color": "rgb(0,0,255)"}}, {"geometry": {"type": "Polygon", "coordinates": [[[301843.2652864288, 2773086.3046898944], [301865.0151676651, 2773086.3873500978], [301865.05699649954, 2773075.383468312], [301843.3070977205, 2773075.3008083487], [301843.2652864288, 2773086.3046898944]]]}, "properties": {"height": 31.5, "color": "rgb(0,0,255)"}}, {"geometry": {"type": "Polygon", "coordinates": [[[301872.56797229795, 2773067.3699871446], [301911.8471903324, 2773067.519375841], [301911.93704340194, 2773043.9028832777], [301872.6577573739, 2773043.753495511], [301872.56797229795, 2773067.3699871446]]]}, "properties": {"height": 7, "color": "rgb(0,0,255)"}}, {"geometry": {"type": "Polygon", "coordinates": [[[301943.2421832621, 2773283.4683967745], [301956.51798762416, 2773283.5189485736], [301956.69976564834, 2773235.786511837], [301943.4239148346, 2773235.735960673], [301943.2421832621, 2773283.4683967745]]]}, "properties": {"height": 17.5, "color": "rgb(0,0,255)"}}, {"geometry": {"type": "Polygon", "coordinates": [[[301958.9654317224, 2773279.1581076127], [301991.6783760462, 2773279.282733217], [301991.72959936166, 2773265.841337353], [301959.01662280544, 2773265.7167121903], [301958.9654317224, 2773279.1581076127]]]}, "properties": {"height": 17.5, "color": "rgb(0,0,255)"}}, {"geometry": {"type": "Polygon", "coordinates": [[[301959.1899006122, 2773262.090097888], [301991.95751979825, 2773262.214931516], [301992.011587358, 2773248.027158916], [301959.24393409316, 2773247.902325754], [301959.1899006122, 2773262.090097888]]]}, "properties": {"height": 17.5, "color": "rgb(0,0,255)"}}, {"geometry": {"type": "Polygon", "coordinates": [[[301906.26742218906, 2773321.5329189496], [301929.4142865121, 2773321.6210049335], [301929.48244501563, 2773303.7145378743], [301906.3355503091, 2773303.6264523063], [301906.26742218906, 2773321.5329189496]]]}, "properties": {"height": 17.5, "color": "rgb(0,0,255)"}}, {"geometry": {"type": "Polygon", "coordinates": [[[301954.0770389994, 2773402.6225231746], [301969.8713574975, 2773402.682681949], [301969.99770935526, 2773369.5146298422], [301954.20335245377, 2773369.4544715933], [301954.0770389994, 2773402.6225231746]]]}, "properties": {"height": 21, "color": "rgb(0,0,255)"}}, {"geometry": {"type": "Polygon", "coordinates": [[[301974.3805241364, 2773382.957122313], [301988.87355623377, 2773383.012345067], [301988.9541298423, 2773361.868935874], [301974.4610752813, 2773361.813713428], [301974.3805241364, 2773382.957122313]]]}, "properties": {"height": 28, "color": "rgb(0,0,255)"}}, {"geometry": {"type": "Polygon", "coordinates": [[[301911.7785854883, 2773390.038509667], [301932.5299372826, 2773390.1174882464], [301932.62415642664, 2773365.3665731675], [301911.87276698055, 2773365.287595103], [301911.7785854883, 2773390.038509667]]]}, "properties": {"height": 17.5, "color": "rgb(0,0,255)"}}, {"geometry": {"type": "Polygon", "coordinates": [[[301977.6039541258, 2773392.3667117255], [301998.78132522997, 2773392.4474142985], [301998.8276021317, 2773380.306220751], [301977.65021217876, 2773380.225518437], [301977.6039541258, 2773392.3667117255]]]}, "properties": {"height": 28, "color": "rgb(0,0,255)"}}, {"geometry": {"type": "Polygon", "coordinates": [[[302063.5448631017, 2772991.025027968], [302082.7088953524, 2772991.0981653873], [302082.91477055475, 2772937.16258786], [302063.75066254474, 2772937.0894514797], [302063.5448631017, 2772991.025027968]]]}, "properties": {"height": 14, "color": "rgb(0,0,255)"}}, {"geometry": {"type": "Polygon", "coordinates": [[[302088.33474800456, 2772990.2275089496], [302106.8842966418, 2772990.29833452], [302107.0885466611, 2772936.8133372776], [302088.5389253063, 2772936.7425127067], [302088.33474800456, 2772990.2275089496]]]}, "properties": {"height": 14, "color": "rgb(0,0,255)"}}, {"geometry": {"type": "Polygon", "coordinates": [[[302118.8602399438, 2772950.619935125], [302154.9736223147, 2772950.757924415], [302155.021077251, 2772938.3426964264], [302118.9076620182, 2772938.2047075876], [302118.8602399438, 2772950.619935125]]]}, "properties": {"height": 24.5, "color": "rgb(0,0,255)"}}, {"geometry": {"type": "Polygon", "coordinates": [[[302009.57897469786, 2773049.347415673], [302055.1528465493, 2773049.5212113624], [302055.26300081454, 2773020.648325194], [302009.6890325152, 2773020.474530828], [302009.57897469786, 2773049.347415673]]]}, "properties": {"height": 7, "color": "rgb(0,0,255)"}}, {"geometry": {"type": "Polygon", "coordinates": [[[302185.6357800981, 2772973.6659263875], [302203.6387322392, 2772973.734792498], [302203.68432711216, 2772961.817429805], [302185.6813592458, 2772961.7485639104], [302185.6357800981, 2772973.6659263875]]]}, "properties": {"height": 38.5, "color": "rgb(0,0,255)"}}, {"geometry": {"type": "Polygon", "coordinates": [[[302171.4065712881, 2772926.400999209], [302204.53791919735, 2772926.5277168453], [302204.5868387979, 2772913.741324024], [302171.45545983926, 2772913.6146068154], [302171.4065712881, 2772926.400999209]]]}, "properties": {"height": 17.5, "color": "rgb(0,0,255)"}}, {"geometry": {"type": "Polygon", "coordinates": [[[302031.738413153, 2773167.011074569], [302057.1226596215, 2773167.1079043583], [302057.22094076657, 2773141.3493503393], [302031.83664636954, 2773141.2525212076], [302031.738413153, 2773167.011074569]]]}, "properties": {"height": 21, "color": "rgb(0,0,255)"}}, {"geometry": {"type": "Polygon", "coordinates": [[[302074.95296627004, 2773161.124211836], [302106.35842883604, 2773161.244116038], [302106.40417853015, 2773149.264884513], [302074.9986883875, 2773149.1449806895], [302074.95296627004, 2773161.124211836]]]}, "properties": {"height": 31.5, "color": "rgb(0,0,255)"}}, {"geometry": {"type": "Polygon", "coordinates": [[[302114.5962441201, 2773167.4298928487], [302141.2528869832, 2773167.5317394123], [302141.33915936237, 2773144.9570664777], [302114.6824723895, 2773144.85522052], [302114.5962441201, 2773167.4298928487]]]}, "properties": {"height": 17.5, "color": "rgb(0,0,255)"}}, {"geometry": {"type": "Polygon", "coordinates": [[[302092.8769858528, 2773201.205995251], [302119.64556441194, 2773201.308228401], [302119.70380449336, 2773186.0626076055], [302092.93519601953, 2773185.9603748666], [302092.8769858528, 2773201.205995251]]]}, "properties": {"height": 21, "color": "rgb(0,0,255)"}}, {"geometry": {"type": "Polygon", "coordinates": [[[302137.1425811604, 2773158.445473077], [302151.0736424725, 2773158.498715563], [302151.1175985344, 2773146.998989905], [302137.1865254793, 2773146.9457475804], [302137.1425811604, 2773158.445473077]]]}, "properties": {"height": 49, "color": "rgb(0,0,255)"}}, {"geometry": {"type": "Polygon", "coordinates": [[[302019.92282233556, 2773131.1062543616], [302047.0525240468, 2773131.2097190158], [302047.1766394431, 2773098.673443464], [302020.0468730305, 2773098.5699796965], [302019.92282233556, 2773131.1062543616]]]}, "properties": {"height": 7, "color": "rgb(0,0,255)"}}, {"geometry": {"type": "Polygon", "coordinates": [[[301994.3305308772, 2773280.6389644444], [302009.38102853624, 2773280.696331215], [302009.5366833474, 2773239.8650369924], [301994.48614064086, 2773239.807670839], [301994.3305308772, 2773280.6389644444]]]}, "properties": {"height": 17.5, "color": "rgb(0,0,255)"}}, {"geometry": {"type": "Polygon", "coordinates": [[[302019.25587365584, 2773282.332416372], [302034.78280919715, 2773282.391627821], [302034.9383235397, 2773241.617123712], [302019.41134158947, 2773241.5579128982], [302019.25587365584, 2773282.332416372]]]}, "properties": {"height": 14, "color": "rgb(0,0,255)"}}, {"geometry": {"type": "Polygon", "coordinates": [[[302127.08621831355, 2773353.0120106833], [302144.85271099786, 2773353.079906451], [302144.8954863126, 2773341.888645076], [302127.1289790529, 2773341.8207495096], [302127.08621831355, 2773353.0120106833]]]}, "properties": {"height": 42, "color": "rgb(0,0,255)"}}, {"geometry": {"type": "Polygon", "coordinates": [[[302150.5857789846, 2773352.345578897], [302168.3470491236, 2773352.4134852765], [302168.38912772934, 2773341.409458263], [302150.62784326286, 2773341.3415520806], [302150.5857789846, 2773352.345578897]]]}, "properties": {"height": 42, "color": "rgb(0,0,255)"}}, {"geometry": {"type": "Polygon", "coordinates": [[[302058.9968179052, 2773346.5627257056], [302088.15312767366, 2773346.6740147397], [302088.19322644814, 2773336.17156819], [302059.0368942324, 2773336.0602794643], [302058.9968179052, 2773346.5627257056]]]}, "properties": {"height": 24.5, "color": "rgb(0,0,255)"}}, {"geometry": {"type": "Polygon", "coordinates": [[[302092.86095607217, 2773362.866788255], [302112.8735135417, 2773362.9432192533], [302112.96116953273, 2773339.9958478766], [302092.9485783982, 2773339.9194173417], [302092.86095607217, 2773362.866788255]]]}, "properties": {"height": 24.5, "color": "rgb(0,0,255)"}}, {"geometry": {"type": "Polygon", "coordinates": [[[302025.65826564026, 2773395.40913949], [302044.03352017753, 2773395.4792267], [302044.1315238013, 2773369.789355487], [302025.7562346587, 2773369.7192687523], [302025.65826564026, 2773395.40913949]]]}, "properties": {"height": 21, "color": "rgb(0,0,255)"}}, {"geometry": {"type": "Polygon", "coordinates": [[[302127.0036948993, 2773368.046998583], [302169.0510055353, 2773368.2077231766], [302169.1547304064, 2773341.0829748814], [302127.1073361626, 2773340.9222514373], [302127.0036948993, 2773368.046998583]]]}, "properties": {"height": 7, "color": "rgb(0,0,255)"}}, {"geometry": {"type": "Polygon", "coordinates": [[[302251.0278335491, 2773047.0680076885], [302272.6531112455, 2773047.1508391625], [302272.74380591855, 2773023.477475747], [302251.1184906982, 2773023.394644789], [302251.0278335491, 2773047.0680076885]]]}, "properties": {"height": 24.5, "color": "rgb(0,0,255)"}}, {"geometry": {"type": "Polygon", "coordinates": [[[302248.6230014229, 2773023.9471203876], [302272.1479672593, 2773024.0372248897], [302272.21535967226, 2773006.445960291], [302248.6903635033, 2773006.3558562067], [302248.6230014229, 2773023.9471203876]]]}, "properties": {"height": 24.5, "color": "rgb(0,0,255)"}}, {"geometry": {"type": "Polygon", "coordinates": [[[302252.3713519277, 2772986.066611997], [302271.5427607873, 2772986.140042724], [302271.65952469263, 2772955.6605742206], [302252.4880730042, 2772955.587144084], [302252.3713519277, 2772986.066611997]]]}, "properties": {"height": 17.5, "color": "rgb(0,0,255)"}}, {"geometry": {"type": "Polygon", "coordinates": [[[302331.248374543, 2772979.1336554466], [302346.0420532546, 2772979.1904014824], [302346.15928263805, 2772948.6328889877], [302331.36557079287, 2772948.576143409], [302331.248374543, 2772979.1336554466]]]}, "properties": {"height": 21, "color": "rgb(0,0,255)"}}, {"geometry": {"type": "Polygon", "coordinates": [[[302310.9503275377, 2772976.99810682], [302327.5559766559, 2772977.0617796113], [302327.6727172268, 2772946.6209073584], [302311.0670310587, 2772946.5572350784], [302310.9503275377, 2772976.99810682]]]}, "properties": {"height": 17.5, "color": "rgb(0,0,255)"}}, {"geometry": {"type": "Polygon", "coordinates": [[[302337.5468006241, 2773036.2069647857], [302351.0446454452, 2773036.2587470245], [302351.2098418523, 2772993.202976908], [302337.7119544343, 2772993.151195257], [302337.5468006241, 2773036.2069647857]]]}, "properties": {"height": 14, "color": "rgb(0,0,255)"}}, {"geometry": {"type": "Polygon", "coordinates": [[[302360.7805725814, 2772952.6772637516], [302381.7756143527, 2772952.7578464965], [302381.9383901067, 2772910.356421182], [302360.9432830876, 2772910.2758393367], [302360.7805725814, 2772952.6772637516]]]}, "properties": {"height": 7, "color": "rgb(0,0,255)"}}, {"geometry": {"type": "Polygon", "coordinates": [[[302255.0162207528, 2773090.7714085924], [302273.0682630931, 2773090.840557627], [302273.23584133043, 2773047.099826375], [302255.1837411132, 2773047.030678137], [302255.0162207528, 2773090.7714085924]]]}, "properties": {"height": 17.5, "color": "rgb(0,0,255)"}}, {"geometry": {"type": "Polygon", "coordinates": [[[302254.64559595706, 2773166.274188118], [302274.0176576395, 2773166.348396247], [302274.17076876794, 2773126.3858121266], [302254.79865033936, 2773126.3116047797], [302254.64559595706, 2773166.274188118]]]}, "properties": {"height": 17.5, "color": "rgb(0,0,255)"}}, {"geometry": {"type": "Polygon", "coordinates": [[[302262.2860344098, 2773121.622544282], [302273.71634851466, 2773121.6663324055], [302273.83287679683, 2773091.2513258066], [302262.4025372093, 2773091.207538034], [302262.2860344098, 2773121.622544282]]]}, "properties": {"height": 35, "color": "rgb(0,0,255)"}}, {"geometry": {"type": "Polygon", "coordinates": [[[302313.42166267114, 2773137.1255239667], [302333.66022964433, 2773137.203138295], [302333.7940978054, 2773102.3024720824], [302313.5554790577, 2773102.2248584684], [302313.42166267114, 2773137.1255239667]]]}, "properties": {"height": 17.5, "color": "rgb(0,0,255)"}}, {"geometry": {"type": "Polygon", "coordinates": [[[302345.3369622589, 2773166.1537588835], [302364.65657528, 2773166.227894472], [302364.77291713905, 2773135.9148347666], [302345.45326119044, 2773135.84069977], [302345.3369622589, 2773166.1537588835]]]}, "properties": {"height": 17.5, "color": "rgb(0,0,255)"}}, {"geometry": {"type": "Polygon", "coordinates": [[[302247.43802315055, 2773119.7713094316], [302258.7482017778, 2773119.81462494], [302258.84912700986, 2773093.464618324], [302247.5389265377, 2773093.421303116], [302247.43802315055, 2773119.7713094316]]]}, "properties": {"height": 35, "color": "rgb(0,0,255)"}}, {"geometry": {"type": "Polygon", "coordinates": [[[302328.27352032793, 2773071.708682593], [302337.5840709872, 2773071.7443937375], [302337.64969236107, 2773054.6371698864], [302328.33913002705, 2773054.601458903], [302328.27352032793, 2773071.708682593]]]}, "properties": {"height": 52.5, "color": "rgb(0,0,255)"}}, {"geometry": {"type": "Polygon", "coordinates": [[[302339.6080614316, 2773136.566792132], [302359.57905195013, 2773136.643418427], [302359.68239749107, 2773109.713647887], [302339.71136755095, 2773109.637022136], [302339.6080614316, 2773136.566792132]]]}, "properties": {"height": 14, "color": "rgb(0,0,255)"}}, {"geometry": {"type": "Polygon", "coordinates": [[[302207.3030815722, 2773166.6945895557], [302235.3083422255, 2773166.8017803957], [302235.3897976619, 2773145.525919763], [302207.38449333346, 2773145.418729524], [302207.3030815722, 2773166.6945895557]]]}, "properties": {"height": 14, "color": "rgb(0,0,255)"}}, {"geometry": {"type": "Polygon", "coordinates": [[[302192.08236584614, 2773157.7377848835], [302206.07001441624, 2773157.791299974], [302206.1138476751, 2773146.335778622], [302192.1261873597, 2773146.282263693], [302192.08236584614, 2773157.7377848835]]]}, "properties": {"height": 49, "color": "rgb(0,0,255)"}}, {"geometry": {"type": "Polygon", "coordinates": [[[302204.2264261638, 2773087.5414507], [302218.3386757238, 2773087.595453569], [302218.56112270633, 2773029.4719891474], [302204.44881302357, 2773029.4179871054], [302204.2264261638, 2773087.5414507]]]}, "properties": {"height": 10.5, "color": "rgb(0,0,255)"}}, {"geometry": {"type": "Polygon", "coordinates": [[[302209.33039938146, 2773256.8078182265], [302254.24272713123, 2773256.9797621476], [302254.3173035118, 2773237.5084697623], [302209.4049116581, 2773237.336526723], [302209.33039938146, 2773256.8078182265]]]}, "properties": {"height": 14, "color": "rgb(0,0,255)"}}, {"geometry": {"type": "Polygon", "coordinates": [[[302316.2345274326, 2773326.8343705926], [302337.03856376826, 2773326.9141644086], [302337.1929656709, 2773286.6658561984], [302316.38886795467, 2773286.586063229], [302316.2345274326, 2773326.8343705926]]]}, "properties": {"height": 17.5, "color": "rgb(0,0,255)"}}, {"geometry": {"type": "Polygon", "coordinates": [[[302338.93573977886, 2773278.066807937], [302386.39031349064, 2773278.2489414746], [302386.45446861273, 2773261.5409611897], [302338.9998367803, 2773261.3588284533], [302338.93573977886, 2773278.066807937]]]}, "properties": {"height": 17.5, "color": "rgb(0,0,255)"}}, {"geometry": {"type": "Polygon", "coordinates": [[[302333.6211531654, 2773236.058495442], [302380.05745443935, 2773236.236697897], [302380.12597311987, 2773218.3898435845], [302333.6896110968, 2773218.2116419687], [302333.6211531654, 2773236.058495442]]]}, "properties": {"height": 14, "color": "rgb(0,0,255)"}}, {"geometry": {"type": "Polygon", "coordinates": [[[302257.66700317315, 2773277.9038814725], [302275.8790474685, 2773277.9736524015], [302276.03998015984, 2773235.973015042], [302257.8278797931, 2773235.9032448856], [302257.66700317315, 2773277.9038814725]]]}, "properties": {"height": 17.5, "color": "rgb(0,0,255)"}}, {"geometry": {"type": "Polygon", "coordinates": [[[302338.44258395425, 2773261.8761549406], [302384.779503537, 2773262.0539940996], [302384.84703928034, 2773244.464935099], [302338.51005995343, 2773244.2870967635], [302338.44258395425, 2773261.8761549406]]]}, "properties": {"height": 14, "color": "rgb(0,0,255)"}}, {"geometry": {"type": "Polygon", "coordinates": [[[302315.4655007246, 2773280.822525441], [302334.52764285926, 2773280.8956345567], [302334.67199257755, 2773243.265153996], [302315.6097978607, 2773243.1920456057], [302315.4655007246, 2773280.822525441]]]}, "properties": {"height": 17.5, "color": "rgb(0,0,255)"}}, {"geometry": {"type": "Polygon", "coordinates": [[[302195.94718631095, 2773311.668098934], [302223.5500689127, 2773311.773732563], [302223.6493384505, 2773285.8405782552], [302196.04640337493, 2773285.7349453485], [302195.94718631095, 2773311.668098934]]]}, "properties": {"height": 17.5, "color": "rgb(0,0,255)"}}, {"geometry": {"type": "Polygon", "coordinates": [[[302333.3831598324, 2773216.48598743], [302378.26980309305, 2773216.658238251], [302378.3389587255, 2773198.6447190773], [302333.45225619513, 2773198.4724690737], [302333.3831598324, 2773216.48598743]]]}, "properties": {"height": 14, "color": "rgb(0,0,255)"}}, {"geometry": {"type": "Polygon", "coordinates": [[[302314.91278436134, 2773237.2603516355], [302332.74342453724, 2773237.328734817], [302332.89050635265, 2773198.98402773], [302315.05981605896, 2773198.9156452394], [302314.91278436134, 2773237.2603516355]]]}, "properties": {"height": 14, "color": "rgb(0,0,255)"}}, {"geometry": {"type": "Polygon", "coordinates": [[[302216.2616693848, 2773277.330458825], [302254.67304480314, 2773277.4775258736], [302254.7370986563, 2773260.753866715], [302216.325676149, 2773260.606800314], [302216.2616693848, 2773277.330458825]]]}, "properties": {"height": 17.5, "color": "rgb(0,0,255)"}}, {"geometry": {"type": "Polygon", "coordinates": [[[302258.9245666756, 2773323.826764466], [302276.6977599789, 2773323.894856777], [302276.8510789748, 2773283.8826553985], [302259.0778335409, 2773283.8145638052], [302258.9245666756, 2773323.826764466]]]}, "properties": {"height": 14, "color": "rgb(0,0,255)"}}, {"geometry": {"type": "Polygon", "coordinates": [[[302225.2989684255, 2773304.159704633], [302255.11835727515, 2773304.2738868445], [302255.1858915933, 2773286.641863214], [302225.36646420165, 2773286.5276815332], [302225.2989684255, 2773304.159704633]]]}, "properties": {"height": 17.5, "color": "rgb(0,0,255)"}}, {"geometry": {"type": "Polygon", "coordinates": [[[302233.3972526028, 2773324.7354337503], [302255.59298166126, 2773324.8204316944], [302255.66786739865, 2773305.269417706], [302233.47210652934, 2773305.184420199], [302233.3972526028, 2773324.7354337503]]]}, "properties": {"height": 17.5, "color": "rgb(0,0,255)"}}, {"geometry": {"type": "Polygon", "coordinates": [[[301848.41380822007, 2773277.507384825], [301875.65337441827, 2773277.610932399], [301875.937052554, 2773203.0042826724], [301848.697337385, 2773202.9007371347], [301848.41380822007, 2773277.507384825]]]}, "properties": {"height": 45.5, "color": "rgb(0,0,255)"}}, {"geometry": {"type": "Polygon", "coordinates": [[[301790.0916284251, 2773251.6237748223], [301805.08531075064, 2773251.680699877], [301805.30216595, 2773194.570193195], [301790.30842085555, 2773194.513268997], [301790.0916284251, 2773251.6237748223]]]}, "properties": {"height": 49, "color": "rgb(0,0,255)"}}, {"geometry": {"type": "Polygon", "coordinates": [[[301642.0298235387, 2772961.372500813], [301657.9954235152, 2772961.432935966], [301658.04787744716, 2772947.5779033033], [301642.0822612575, 2772947.5174683705], [301642.0298235387, 2772961.372500813]]]}, "properties": {"height": 17.5, "color": "rgb(0,0,255)"}}, {"geometry": {"type": "Polygon", "coordinates": [[[301601.4080579027, 2772966.5172612914], [301612.10379351815, 2772966.5577144194], [301612.1727233572, 2772948.3346190457], [301601.47697345604, 2772948.2941661123], [301601.4080579027, 2772966.5172612914]]]}, "properties": {"height": 14, "color": "rgb(0,0,255)"}}, {"geometry": {"type": "Polygon", "coordinates": [[[301639.24685953837, 2772971.733009868], [301651.77084690623, 2772971.780413431], [301651.8138349032, 2772960.4243706265], [301639.28983711114, 2772960.3769672057], [301639.24685953837, 2772971.733009868]]]}, "properties": {"height": 17.5, "color": "rgb(0,0,255)"}}, {"geometry": {"type": "Polygon", "coordinates": [[[301636.7072709931, 2772988.903568815], [301659.7634335834, 2772988.9908421105], [301659.80917555984, 2772976.9092399734], [301636.75299255276, 2772976.821966956], [301636.7072709931, 2772988.903568815]]]}, "properties": {"height": 7, "color": "rgb(0,0,255)"}}, {"geometry": {"type": "Polygon", "coordinates": [[[301638.29144575895, 2772977.4650772894], [301656.2370322795, 2772977.5330041903], [301656.2590674985, 2772971.712532192], [301638.3134733222, 2772971.644605395], [301638.29144575895, 2772977.4650772894]]]}, "properties": {"height": 17.5, "color": "rgb(0,0,255)"}}, {"geometry": {"type": "Polygon", "coordinates": [[[301623.09825077717, 2773086.6422715145], [301656.4583816573, 2773086.768532274], [301656.54524848267, 2773063.8242374766], [301623.1850614983, 2773063.6979774805], [301623.09825077717, 2773086.6422715145]]]}, "properties": {"height": 10.5, "color": "rgb(0,0,255)"}}, {"geometry": {"type": "Polygon", "coordinates": [[[301605.2812212363, 2773033.218793774], [301626.33751515846, 2773033.2984484816], [301626.4107761551, 2773013.936183897], [301605.3544523502, 2773013.8565295963], [301605.2812212363, 2773033.218793774]]]}, "properties": {"height": 14, "color": "rgb(0,0,255)"}}, {"geometry": {"type": "Polygon", "coordinates": [[[301666.5974975896, 2773088.342735464], [301700.29387416446, 2773088.470376768], [301700.3785566966, 2773066.122005143], [301666.6821249238, 2773065.9943645913], [301666.5974975896, 2773088.342735464]]]}, "properties": {"height": 7, "color": "rgb(0,0,255)"}}, {"geometry": {"type": "Polygon", "coordinates": [[[301614.10752690124, 2773139.5631943364], [301648.304237365, 2773139.6926026894], [301648.353202239, 2773126.7576810503], [301614.15645935235, 2773126.628273138], [301614.10752690124, 2773139.5631943364]]]}, "properties": {"height": 10.5, "color": "rgb(0,0,255)"}}, {"geometry": {"type": "Polygon", "coordinates": [[[301593.24183482653, 2773108.7270759563], [301623.04407296074, 2773108.839802799], [301623.12063158833, 2773088.6053353637], [301593.3183492526, 2773088.4926091232], [301593.24183482653, 2773108.7270759563]]]}, "properties": {"height": 7, "color": "rgb(0,0,255)"}}, {"geometry": {"type": "Polygon", "coordinates": [[[301626.05621170875, 2773110.172733285], [301644.54762042756, 2773110.2427138085], [301644.61267999385, 2773093.054629697], [301626.12124797836, 2773092.98464949], [301626.05621170875, 2773110.172733285]]]}, "properties": {"height": 14, "color": "rgb(0,0,255)"}}, {"geometry": {"type": "Polygon", "coordinates": [[[301666.18169026705, 2773059.995932811], [301682.37978221977, 2773060.0572793153], [301682.43581240065, 2773045.265204858], [301666.23770288564, 2773045.203858593], [301666.18169026705, 2773059.995932811]]]}, "properties": {"height": 21, "color": "rgb(0,0,255)"}}, {"geometry": {"type": "Polygon", "coordinates": [[[301686.9986015376, 2773115.7869099067], [301704.5806257834, 2773115.8535269713], [301704.66424257983, 2773093.788489586], [301687.0821898978, 2773093.721872908], [301686.9986015376, 2773115.7869099067]]]}, "properties": {"height": 14, "color": "rgb(0,0,255)"}}, {"geometry": {"type": "Polygon", "coordinates": [[[301594.994644213, 2773032.271566669], [301609.3854894194, 2773032.3259919947], [301609.4575932112, 2773013.263301129], [301595.0667278975, 2773013.2088760766], [301594.994644213, 2773032.271566669]]]}, "properties": {"height": 17.5, "color": "rgb(0,0,255)"}}, {"geometry": {"type": "Polygon", "coordinates": [[[301742.0768420743, 2773090.166706799], [301753.42672978365, 2773090.209753504], [301753.50928160135, 2773068.4460772546], [301742.1593757862, 2773068.4030307964], [301742.0768420743, 2773090.166706799]]]}, "properties": {"height": 17.5, "color": "rgb(0,0,255)"}}, {"geometry": {"type": "Polygon", "coordinates": [[[301638.1479088795, 2773034.4738209625], [301662.9426221111, 2773034.5676810564], [301663.0339033, 2773010.459917288], [301638.2391462558, 2773010.366057791], [301638.1479088795, 2773034.4738209625]]]}, "properties": {"height": 7, "color": "rgb(0,0,255)"}}, {"geometry": {"type": "Polygon", "coordinates": [[[301742.93908427923, 2773065.592541239], [301754.40812075534, 2773065.636040176], [301754.4917053972, 2773043.6002684264], [301743.0226503967, 2773043.556769742], [301742.93908427923, 2773065.592541239]]]}, "properties": {"height": 14, "color": "rgb(0,0,255)"}}, {"geometry": {"type": "Polygon", "coordinates": [[[301659.80907553213, 2773114.1901641493], [301671.8342959703, 2773114.235700431], [301671.9154208449, 2773092.814660425], [301659.8901815255, 2773092.769124401], [301659.80907553213, 2773114.1901641493]]]}, "properties": {"height": 14, "color": "rgb(0,0,255)"}}, {"geometry": {"type": "Polygon", "coordinates": [[[301609.78496460675, 2773082.4814442294], [301624.3169517902, 2773082.536420305], [301624.3892036303, 2773063.4405065076], [301609.8571961065, 2773063.3855307084], [301609.78496460675, 2773082.4814442294]]]}, "properties": {"height": 10.5, "color": "rgb(0,0,255)"}}, {"geometry": {"type": "Polygon", "coordinates": [[[301685.8157553998, 2773060.6199308927], [301696.02636672684, 2773060.6586136688], [301696.0748921818, 2773047.8511902117], [301685.86427126953, 2773047.8125075665], [301685.8157553998, 2773060.6199308927]]]}, "properties": {"height": 24.5, "color": "rgb(0,0,255)"}}, {"geometry": {"type": "Polygon", "coordinates": [[[301672.86475087743, 2773059.1707895678], [301682.88754613156, 2773059.2087511998], [301682.93327056675, 2773047.1375331436], [301672.91046644456, 2773047.099571632], [301672.86475087743, 2773059.1707895678]]]}, "properties": {"height": 24.5, "color": "rgb(0,0,255)"}}, {"geometry": {"type": "Polygon", "coordinates": [[[301671.1439471407, 2773115.476867149], [301687.86196196044, 2773115.5401905794], [301687.9470044802, 2773093.091666534], [301671.22896215174, 2773093.028343478], [301671.1439471407, 2773115.476867149]]]}, "properties": {"height": 7, "color": "rgb(0,0,255)"}}, {"geometry": {"type": "Polygon", "coordinates": [[[301709.80020891427, 2773063.0513675166], [301721.0058103729, 2773063.0938399485], [301721.0838272893, 2773042.512612199], [301709.8782089265, 2773042.4701399975], [301709.80020891427, 2773063.0513675166]]]}, "properties": {"height": 10.5, "color": "rgb(0,0,255)"}}, {"geometry": {"type": "Polygon", "coordinates": [[[301669.24896729673, 2773139.9230277203], [301681.50782098074, 2773139.9694577837], [301681.59089199954, 2773118.038873134], [301669.3320186094, 2773117.9924433394], [301669.24896729673, 2773139.9230277203]]]}, "properties": {"height": 10.5, "color": "rgb(0,0,255)"}}, {"geometry": {"type": "Polygon", "coordinates": [[[301644.08517874166, 2773108.1856533173], [301654.87807921745, 2773108.2265101075], [301654.92362265894, 2773096.196796885], [301644.13071266643, 2773096.1559402244], [301644.08517874166, 2773108.1856533173]]]}, "properties": {"height": 17.5, "color": "rgb(0,0,255)"}}, {"geometry": {"type": "Polygon", "coordinates": [[[301700.0883457489, 2773066.055481595], [301707.13911023585, 2773066.0821999484], [301707.22958375304, 2773042.2084782207], [301700.17880692804, 2773042.1817600355], [301700.0883457489, 2773066.055481595]]]}, "properties": {"height": 14, "color": "rgb(0,0,255)"}}, {"geometry": {"type": "Polygon", "coordinates": [[[301642.5457316268, 2773137.251007915], [301648.88931594323, 2773137.275020246], [301648.96920711716, 2773116.1705685933], [301642.62561298755, 2773116.1465563956], [301642.5457316268, 2773137.251007915]]]}, "properties": {"height": 17.5, "color": "rgb(0,0,255)"}}, {"geometry": {"type": "Polygon", "coordinates": [[[301664.1906754144, 2773137.075782364], [301670.4230097202, 2773137.099383441], [301670.4976267341, 2773117.3963978095], [301664.2652834273, 2773117.372796855], [301664.1906754144, 2773137.075782364]]]}, "properties": {"height": 17.5, "color": "rgb(0,0,255)"}}, {"geometry": {"type": "Polygon", "coordinates": [[[301652.7711317198, 2773064.2274712585], [301659.8443517031, 2773064.2542501623], [301659.93475053913, 2773040.378379538], [301652.86151817744, 2773040.351600802], [301652.7711317198, 2773064.2274712585]]]}, "properties": {"height": 14, "color": "rgb(0,0,255)"}}, {"geometry": {"type": "Polygon", "coordinates": [[[301648.26481339504, 2773131.323096649], [301654.38160908123, 2773131.346252975], [301654.44599429227, 2773114.3397126943], [301648.3291909811, 2773114.3165564723], [301648.26481339504, 2773131.323096649]]]}, "properties": {"height": 21, "color": "rgb(0,0,255)"}}, {"geometry": {"type": "Polygon", "coordinates": [[[301653.4882604651, 2773137.0076158913], [301659.8307816133, 2773137.0316292816], [301659.9034373209, 2773117.8426037338], [301653.5609072516, 2773117.8185904645], [301653.4882604651, 2773137.0076158913]]]}, "properties": {"height": 17.5, "color": "rgb(0,0,255)"}}, {"geometry": {"type": "Polygon", "coordinates": [[[301655.7766055227, 2773087.112459643], [301667.2794679787, 2773087.1560137914], [301667.363612682, 2773064.9353789706], [301655.86073149095, 2773064.8918250776], [301655.7766055227, 2773087.112459643]]]}, "properties": {"height": 7, "color": "rgb(0,0,255)"}}, {"geometry": {"type": "Polygon", "coordinates": [[[301720.82012410986, 2773067.4099302017], [301726.67881215666, 2773067.432139927], [301726.7705918032, 2773043.2229230944], [301720.9118933603, 2773043.2007135106], [301720.82012410986, 2773067.4099302017]]]}, "properties": {"height": 14, "color": "rgb(0,0,255)"}}, {"geometry": {"type": "Polygon", "coordinates": [[[301597.81795261137, 2773139.37892494], [301614.6572242599, 2773139.442617863], [301614.71357710805, 2773124.5463241474], [301597.8742870728, 2773124.4826314733], [301597.81795261137, 2773139.37892494]]]}, "properties": {"height": 7, "color": "rgb(0,0,255)"}}, {"geometry": {"type": "Polygon", "coordinates": [[[301632.21899368643, 2773033.8206939106], [301639.11020298867, 2773033.8467729795], [301639.1644798151, 2773019.505428099], [301632.27326326905, 2773019.4793491284], [301632.21899368643, 2773033.8206939106]]]}, "properties": {"height": 17.5, "color": "rgb(0,0,255)"}}, {"geometry": {"type": "Polygon", "coordinates": [[[301622.165071605, 2773110.4277327782], [301633.02462242806, 2773110.468824494], [301633.0560115081, 2773102.174307329], [301622.1964540827, 2773102.133215704], [301622.165071605, 2773110.4277327782]]]}, "properties": {"height": 17.5, "color": "rgb(0,0,255)"}}, {"geometry": {"type": "Polygon", "coordinates": [[[301680.50130337535, 2773139.6625399827], [301686.886451105, 2773139.6867274386], [301686.969733846, 2773117.702533659], [301680.58457582706, 2773117.6783463433], [301680.50130337535, 2773139.6625399827]]]}, "properties": {"height": 7, "color": "rgb(0,0,255)"}}, {"geometry": {"type": "Polygon", "coordinates": [[[301736.7176870948, 2773087.522083185], [301742.24411480804, 2773087.5430398886], [301742.31684936176, 2773068.363396542], [301736.7904138793, 2773068.342439946], [301736.7176870948, 2773087.522083185]]]}, "properties": {"height": 10.5, "color": "rgb(0,0,255)"}}, {"geometry": {"type": "Polygon", "coordinates": [[[301626.5731528807, 2773240.7224111767], [301642.69715003134, 2773240.7834347384], [301642.7942100414, 2773215.1415724833], [301626.67018258385, 2773215.0805493346], [301626.5731528807, 2773240.7224111767]]]}, "properties": {"height": 14, "color": "rgb(0,0,255)"}}, {"geometry": {"type": "Polygon", "coordinates": [[[301705.9438292315, 2773160.5553468945], [301748.6401619451, 2773160.7172218785], [301748.6967117897, 2773145.807685534], [301706.00033241435, 2773145.6458111866], [301705.9438292315, 2773160.5553468945]]]}, "properties": {"height": 7, "color": "rgb(0,0,255)"}}, {"geometry": {"type": "Polygon", "coordinates": [[[301615.09349053557, 2773171.117169991], [301633.45349460235, 2773171.1866401127], [301633.5088381783, 2773156.562653572], [301615.14881443046, 2773156.493183718], [301615.09349053557, 2773171.117169991]]]}, "properties": {"height": 17.5, "color": "rgb(0,0,255)"}}, {"geometry": {"type": "Polygon", "coordinates": [[[301697.5738677596, 2773171.405385145], [301746.9111289387, 2773171.592420514], [301746.95433904754, 2773160.1996225105], [301697.61703666684, 2773160.0125877033], [301697.5738677596, 2773171.405385145]]]}, "properties": {"height": 7, "color": "rgb(0,0,255)"}}, {"geometry": {"type": "Polygon", "coordinates": [[[301598.83841651806, 2773171.7373339385], [301615.170248683, 2773171.799109259], [301615.2268563911, 2773156.835793102], [301598.89500631305, 2773156.774018025], [301598.83841651806, 2773171.7373339385]]]}, "properties": {"height": 14, "color": "rgb(0,0,255)"}}, {"geometry": {"type": "Polygon", "coordinates": [[[301633.14513750316, 2773171.2915324452], [301655.39350979484, 2773171.375747888], [301655.448424728, 2773156.871190314], [301633.20002878195, 2773156.7869751933], [301633.14513750316, 2773171.2915324452]]]}, "properties": {"height": 7, "color": "rgb(0,0,255)"}}, {"geometry": {"type": "Polygon", "coordinates": [[[301666.999116257, 2773156.9711405938], [301683.78692951007, 2773157.034724428], [301683.8293039798, 2773145.848540049], [301667.04147696163, 2773145.784956403], [301666.999116257, 2773156.9711405938]]]}, "properties": {"height": 14, "color": "rgb(0,0,255)"}}, {"geometry": {"type": "Polygon", "coordinates": [[[301689.0599821246, 2773171.152282813], [301697.60010632355, 2773171.184639944], [301697.64531529055, 2773159.2534498987], [301689.1051836227, 2773159.2210928695], [301689.0599821246, 2773171.152282813]]]}, "properties": {"height": 17.5, "color": "rgb(0,0,255)"}}, {"geometry": {"type": "Polygon", "coordinates": [[[301696.5495165717, 2773160.7292053914], [301706.0020604454, 2773160.7650248827], [301706.0588768453, 2773145.7728583296], [301696.6063225839, 2773145.73703898], [301696.5495165717, 2773160.7292053914]]]}, "properties": {"height": 14, "color": "rgb(0,0,255)"}}, {"geometry": {"type": "Polygon", "coordinates": [[[301605.85511144984, 2773205.343648249], [301611.8403150705, 2773205.3662884627], [301611.9126392834, 2773186.247589343], [301605.9274272749, 2773186.2249492435], [301605.85511144984, 2773205.343648249]]]}, "properties": {"height": 10.5, "color": "rgb(0,0,255)"}}, {"geometry": {"type": "Polygon", "coordinates": [[[301623.2794138772, 2773280.292525028], [301643.3418756891, 2773280.3684535543], [301643.4843308237, 2773242.734855493], [301623.42181366583, 2773242.6589277196], [301623.2794138772, 2773280.292525028]]]}, "properties": {"height": 10.5, "color": "rgb(0,0,255)"}}, {"geometry": {"type": "Polygon", "coordinates": [[[301707.2170541035, 2773346.819642195], [301724.9768019707, 2773346.8869654546], [301725.0423783417, 2773329.590962918], [301707.2826079569, 2773329.5236399653], [301707.2170541035, 2773346.819642195]]]}, "properties": {"height": 21, "color": "rgb(0,0,255)"}}, {"geometry": {"type": "Polygon", "coordinates": [[[301617.7480484273, 2773315.5631519877], [301642.42521647597, 2773315.656540883], [301642.47310683155, 2773303.004945602], [301617.7959158965, 2773302.9115570188], [301617.7480484273, 2773315.5631519877]]]}, "properties": {"height": 14, "color": "rgb(0,0,255)"}}, {"geometry": {"type": "Polygon", "coordinates": [[[301658.40333152586, 2773375.426865356], [301673.9949981837, 2773375.4859135705], [301674.0571546214, 2773359.0759519585], [301658.4654692074, 2773359.016904], [301658.40333152586, 2773375.426865356]]]}, "properties": {"height": 17.5, "color": "rgb(0,0,255)"}}, {"geometry": {"type": "Polygon", "coordinates": [[[301699.0927965505, 2773370.668058668], [301711.73031129217, 2773370.7159552495], [301711.79218577524, 2773354.3923208946], [301699.154655911, 2773354.3444245183], [301699.0927965505, 2773370.668058668]]]}, "properties": {"height": 17.5, "color": "rgb(0,0,255)"}}, {"geometry": {"type": "Polygon", "coordinates": [[[301698.818562635, 2773348.945878868], [301707.5158086676, 2773348.9788399814], [301707.58703585004, 2773330.1860834304], [301698.88977783587, 2773330.1531224796], [301698.818562635, 2773348.945878868]]]}, "properties": {"height": 21, "color": "rgb(0,0,255)"}}, {"geometry": {"type": "Polygon", "coordinates": [[[301688.95747355523, 2773346.550573856], [301698.63410684903, 2773346.5872400017], [301698.6996084234, 2773329.302160639], [301689.02296286833, 2773329.2654946605], [301688.95747355523, 2773346.550573856]]]}, "properties": {"height": 17.5, "color": "rgb(0,0,255)"}}, {"geometry": {"type": "Polygon", "coordinates": [[[301746.0259956287, 2773347.934232452], [301754.93841652665, 2773347.968039938], [301755.0065466412, 2773330.0088867373], [301746.0941140099, 2773329.975079412], [301746.0259956287, 2773347.934232452]]]}, "properties": {"height": 17.5, "color": "rgb(0,0,255)"}}, {"geometry": {"type": "Polygon", "coordinates": [[[301690.22683045175, 2773368.6579363644], [301699.3242714738, 2773368.692408834], [301699.3870567087, 2773352.124512261], [301690.2896046374, 2773352.090039942], [301690.22683045175, 2773368.6579363644]]]}, "properties": {"height": 17.5, "color": "rgb(0,0,255)"}}, {"geometry": {"type": "Polygon", "coordinates": [[[301662.62618306954, 2773348.6038913396], [301673.46480241907, 2773348.6449399935], [301673.53853439685, 2773329.178488459], [301662.6998995805, 2773329.1374400146], [301662.62618306954, 2773348.6038913396]]]}, "properties": {"height": 14, "color": "rgb(0,0,255)"}}, {"geometry": {"type": "Polygon", "coordinates": [[[301609.4877294169, 2773380.5331438305], [301621.84750030143, 2773380.579906641], [301621.9078152116, 2773364.640077252], [301609.5480298847, 2773364.593314638], [301609.4877294169, 2773380.5331438305]]]}, "properties": {"height": 14, "color": "rgb(0,0,255)"}}, {"geometry": {"type": "Polygon", "coordinates": [[[301681.92710882844, 2773372.664443022], [301691.14484703215, 2773372.6993658184], [301691.2275449597, 2773350.873430622], [301682.0097920077, 2773350.8385080267], [301681.92710882844, 2773372.664443022]]]}, "properties": {"height": 14, "color": "rgb(0,0,255)"}}, {"geometry": {"type": "Polygon", "coordinates": [[[301618.83930398786, 2773380.385455051], [301629.00397425296, 2773380.4239189136], [301629.0624391486, 2773364.975147296], [301618.89775737195, 2773364.93668359], [301618.83930398786, 2773380.385455051]]]}, "properties": {"height": 14, "color": "rgb(0,0,255)"}}, {"geometry": {"type": "Polygon", "coordinates": [[[301682.30917777476, 2773349.853894195], [301689.2849662432, 2773349.8803223995], [301689.3543555234, 2773331.56603388], [301682.37855768966, 2773331.539605803], [301682.30917777476, 2773349.853894195]]]}, "properties": {"height": 14, "color": "rgb(0,0,255)"}}, {"geometry": {"type": "Polygon", "coordinates": [[[301660.6424855402, 2773355.9684293782], [301673.7406376842, 2773356.0180347976], [301673.7680962739, 2773348.768592265], [301660.6699371691, 2773348.71898694], [301660.6424855402, 2773355.9684293782]]]}, "properties": {"height": 14, "color": "rgb(0,0,255)"}}, {"geometry": {"type": "Polygon", "coordinates": [[[301716.50836903637, 2773372.2222010945], [301762.51604794513, 2773372.396686769], [301762.5259162691, 2773369.7958021704], [301716.5182285884, 2773369.6213166164], [301716.50836903637, 2773372.2222010945]]]}, "properties": {"height": 14, "color": "rgb(0,0,255)"}}, {"geometry": {"type": "Polygon", "coordinates": [[[301754.6372810042, 2773351.0435269363], [301763.39151861955, 2773351.076739903], [301763.47186761996, 2773329.9001526576], [301754.7176164148, 2773329.866939877], [301754.6372810042, 2773351.0435269363]]]}, "properties": {"height": 7, "color": "rgb(0,0,255)"}}, {"geometry": {"type": "Polygon", "coordinates": [[[301737.5258319832, 2773350.3896875577], [301742.28581454494, 2773350.407739927], [301742.36330317357, 2773329.976692211], [301737.60331348266, 2773329.958639939], [301737.5258319832, 2773350.3896875577]]]}, "properties": {"height": 10.5, "color": "rgb(0,0,255)"}}, {"geometry": {"type": "Polygon", "coordinates": [[[301650.26050017134, 2773450.199207654], [301667.5318449802, 2773450.264609847], [301667.58810871013, 2773435.4089873363], [301650.3167450919, 2773435.3435853994], [301650.26050017134, 2773450.199207654]]]}, "properties": {"height": 17.5, "color": "rgb(0,0,255)"}}, {"geometry": {"type": "Polygon", "coordinates": [[[301733.29037321836, 2773397.7522270987], [301746.17596586805, 2773397.8010968626], [301746.23694793746, 2773381.7237859066], [301733.351340101, 2773381.6749163494], [301733.29037321836, 2773397.7522270987]]]}, "properties": {"height": 17.5, "color": "rgb(0,0,255)"}}, {"geometry": {"type": "Polygon", "coordinates": [[[301683.1698153808, 2773436.737378578], [301705.0010000758, 2773436.82010358], [301705.04313884216, 2773425.7019811356], [301683.2119363536, 2773425.619256377], [301683.1698153808, 2773436.737378578]]]}, "properties": {"height": 14, "color": "rgb(0,0,255)"}}, {"geometry": {"type": "Polygon", "coordinates": [[[301682.4180544712, 2773398.071571747], [301695.29007163254, 2773398.1203420274], [301695.36271438043, 2773378.949951826], [301682.4906791296, 2773378.901181793], [301682.4180544712, 2773398.071571747]]]}, "properties": {"height": 14, "color": "rgb(0,0,255)"}}, {"geometry": {"type": "Polygon", "coordinates": [[[301662.58044054, 2773449.8751642588], [301675.10104650335, 2773449.9225857314], [301675.1536057772, 2773436.0471041664], [301662.6329870778, 2773435.9996828674], [301662.58044054, 2773449.8751642588]]]}, "properties": {"height": 17.5, "color": "rgb(0,0,255)"}}, {"geometry": {"type": "Polygon", "coordinates": [[[301611.0102463226, 2773396.8542110566], [301626.7944970516, 2773396.9139344236], [301626.8333928486, 2773386.6357425973], [301611.0491302266, 2773386.5760193923], [301611.0102463226, 2773396.8542110566]]]}, "properties": {"height": 17.5, "color": "rgb(0,0,255)"}}, {"geometry": {"type": "Polygon", "coordinates": [[[301621.4361335042, 2773449.546397705], [301650.52895393013, 2773449.6565159294], [301650.58179293503, 2773435.7005485985], [301621.4889427443, 2773435.590430779], [301621.4361335042, 2773449.546397705]]]}, "properties": {"height": 7, "color": "rgb(0,0,255)"}}, {"geometry": {"type": "Polygon", "coordinates": [[[301627.16202066053, 2773429.1754044853], [301637.57024788886, 2773429.214797216], [301637.6381301854, 2773411.2808972583], [301627.2298892733, 2773411.2415047134], [301627.16202066053, 2773429.1754044853]]]}, "properties": {"height": 14, "color": "rgb(0,0,255)"}}, {"geometry": {"type": "Polygon", "coordinates": [[[301695.3218209232, 2773381.954337537], [301744.7418419968, 2773382.141694818], [301744.7565161586, 2773378.2728751255], [301695.33648106887, 2773378.0855180356], [301695.3218209232, 2773381.954337537]]]}, "properties": {"height": 10.5, "color": "rgb(0,0,255)"}}, {"geometry": {"type": "Polygon", "coordinates": [[[301611.3388805721, 2773411.0661319126], [301627.1015936646, 2773411.1257745014], [301627.1396136829, 2773401.0791253974], [301611.37688898115, 2773401.019482966], [301611.3388805721, 2773411.0661319126]]]}, "properties": {"height": 14, "color": "rgb(0,0,255)"}}, {"geometry": {"type": "Polygon", "coordinates": [[[301611.5977684703, 2773425.4933164497], [301627.0099275545, 2773425.5516330604], [301627.04862747615, 2773415.325364058], [301611.6364568379, 2773415.267047605], [301611.5977684703, 2773425.4933164497]]]}, "properties": {"height": 14, "color": "rgb(0,0,255)"}}, {"geometry": {"type": "Polygon", "coordinates": [[[301610.07986167865, 2773448.216507559], [301621.4109944101, 2773448.2593798037], [301621.4490921369, 2773438.191240102], [301610.1179510421, 2773438.148367971], [301610.07986167865, 2773448.216507559]]]}, "properties": {"height": 14, "color": "rgb(0,0,255)"}}, {"geometry": {"type": "Polygon", "coordinates": [[[301879.10511715006, 2772994.942578684], [301899.278440382, 2772995.019296142], [301899.3525331449, 2772975.5398752415], [301879.1791811104, 2772975.4631581777], [301879.10511715006, 2772994.942578684]]]}, "properties": {"height": 17.5, "color": "rgb(0,0,255)"}}, {"geometry": {"type": "Polygon", "coordinates": [[[301881.2418052211, 2773022.901984193], [301895.60277695314, 2773022.956597581], [301895.6715819038, 2773004.866303836], [301881.3105911299, 2773004.811690708], [301881.2418052211, 2773022.901984193]]]}, "properties": {"height": 14, "color": "rgb(0,0,255)"}}, {"geometry": {"type": "Polygon", "coordinates": [[[301862.771865119, 2773001.994157771], [301883.00649541814, 2773002.0710844225], [301883.09890745126, 2772977.7678512875], [301862.8642411077, 2772977.6909251297], [301862.771865119, 2773001.994157771]]]}, "properties": {"height": 7, "color": "rgb(0,0,255)"}}, {"geometry": {"type": "Polygon", "coordinates": [[[301842.5251610037, 2773014.854123365], [301863.1750546983, 2773014.9325988237], [301863.19914566755, 2773008.59459902], [301842.54924238, 2773008.5161236925], [301842.5251610037, 2773014.854123365]]]}, "properties": {"height": 17.5, "color": "rgb(0,0,255)"}}, {"geometry": {"type": "Polygon", "coordinates": [[[301842.1919376238, 2773003.6214058236], [301857.75711338967, 2773003.6805543583], [301857.8323517761, 2772983.884174409], [301842.2671534253, 2772983.8250261834], [301842.1919376238, 2773003.6214058236]]]}, "properties": {"height": 7, "color": "rgb(0,0,255)"}}, {"geometry": {"type": "Polygon", "coordinates": [[[301842.69347366085, 2773020.186697056], [301863.8102482935, 2773020.266947592], [301863.83359694085, 2773014.1243312564], [301842.71681280073, 2773014.04408085], [301842.69347366085, 2773020.186697056]]]}, "properties": {"height": 14, "color": "rgb(0,0,255)"}}, {"geometry": {"type": "Polygon", "coordinates": [[[301895.2574995063, 2773086.152861494], [301912.6573472934, 2773086.219052962], [301912.7303640088, 2773067.028197236], [301895.3304917461, 2773066.9620061032], [301895.2574995063, 2773086.152861494]]]}, "properties": {"height": 17.5, "color": "rgb(0,0,255)"}}, {"geometry": {"type": "Polygon", "coordinates": [[[301900.355988176, 2773109.88283611], [301917.4486425878, 2773109.9478657986], [301917.5107065025, 2773093.6373875556], [301900.41803165566, 2773093.572358147], [301900.355988176, 2773109.88283611]]]}, "properties": {"height": 17.5, "color": "rgb(0,0,255)"}}, {"geometry": {"type": "Polygon", "coordinates": [[[301873.2649160399, 2773097.741377018], [301896.34390948794, 2773097.8291407763], [301896.4634910299, 2773066.3899386013], [301873.38444439764, 2773066.3021755703], [301873.2649160399, 2773097.741377018]]]}, "properties": {"height": 7, "color": "rgb(0,0,255)"}}, {"geometry": {"type": "Polygon", "coordinates": [[[301902.1258989982, 2773121.3150652056], [301922.70101958857, 2773121.3933497383], [301922.7561736842, 2773106.9003196647], [301902.18103123625, 2773106.822035431], [301902.1258989982, 2773121.3150652056]]]}, "properties": {"height": 17.5, "color": "rgb(0,0,255)"}}, {"geometry": {"type": "Polygon", "coordinates": [[[301842.9453704125, 2773069.4863286377], [301865.29373979056, 2773069.5712627685], [301865.35517845803, 2773053.4085973967], [301843.00678260415, 2773053.3236636273], [301842.9453704125, 2773069.4863286377]]]}, "properties": {"height": 10.5, "color": "rgb(0,0,255)"}}, {"geometry": {"type": "Polygon", "coordinates": [[[301861.07244179345, 2773136.4858340183], [301873.58659714775, 2773136.5334070143], [301873.6734434239, 2773113.691018039], [301861.1592671167, 2773113.6434453293], [301861.07244179345, 2773136.4858340183]]]}, "properties": {"height": 14, "color": "rgb(0,0,255)"}}, {"geometry": {"type": "Polygon", "coordinates": [[[301761.209098988, 2773138.5677534444], [301781.14887988666, 2773138.6434147647], [301781.23167704744, 2773116.827176122], [301761.29186426254, 2773116.7515152367], [301761.209098988, 2773138.5677534444]]]}, "properties": {"height": 7, "color": "rgb(0,0,255)"}}, {"geometry": {"type": "Polygon", "coordinates": [[[301759.5620147874, 2773063.5287659797], [301770.07789339946, 2773063.568662258], [301770.14634015935, 2773045.529212646], [301759.6304476427, 2773045.4893165575], [301759.5620147874, 2773063.5287659797]]]}, "properties": {"height": 17.5, "color": "rgb(0,0,255)"}}, {"geometry": {"type": "Polygon", "coordinates": [[[301842.72891987226, 2773042.127178594], [301863.14060703624, 2773042.204749795], [301863.18437419215, 2773030.690329357], [301842.77266980126, 2773030.6127583915], [301842.72891987226, 2773042.127178594]]]}, "properties": {"height": 14, "color": "rgb(0,0,255)"}}, {"geometry": {"type": "Polygon", "coordinates": [[[301787.0253870858, 2773066.9433126086], [301802.9916635124, 2773067.003922606], [301803.08093045076, 2773043.492180701], [301787.11462650856, 2773043.43157108], [301787.0253870858, 2773066.9433126086]]]}, "properties": {"height": 7, "color": "rgb(0,0,255)"}}, {"geometry": {"type": "Polygon", "coordinates": [[[301876.4335599857, 2773107.493158948], [301897.62789014704, 2773107.573759574], [301897.6715076226, 2773096.1066502747], [301876.4771596468, 2773096.0260498924], [301876.4335599857, 2773107.493158948]]]}, "properties": {"height": 14, "color": "rgb(0,0,255)"}}, {"geometry": {"type": "Polygon", "coordinates": [[[301760.18542113935, 2773079.4028892033], [301778.9997833854, 2773079.474276213], [301779.0471260583, 2773066.9991460154], [301760.2327466083, 2773066.927759241], [301760.18542113935, 2773079.4028892033]]]}, "properties": {"height": 14, "color": "rgb(0,0,255)"}}, {"geometry": {"type": "Polygon", "coordinates": [[[301899.21747230866, 2773097.0611235444], [301919.3799972209, 2773097.1378328614], [301919.4351154844, 2773082.6531480136], [301899.27256916545, 2773082.5764389895], [301899.21747230866, 2773097.0611235444]]]}, "properties": {"height": 10.5, "color": "rgb(0,0,255)"}}, {"geometry": {"type": "Polygon", "coordinates": [[[301770.40393910336, 2773064.164979637], [301781.57564567315, 2773064.2073732233], [301781.64575550955, 2773045.7337185275], [301770.47403381247, 2773045.691325148], [301770.40393910336, 2773064.164979637]]]}, "properties": {"height": 14, "color": "rgb(0,0,255)"}}, {"geometry": {"type": "Polygon", "coordinates": [[[301843.26770909934, 2773075.4680375285], [301865.305694404, 2773075.5517925327], [301865.3310042846, 2773068.8935527913], [301843.2930082246, 2773068.8097979347], [301843.26770909934, 2773075.4680375285]]]}, "properties": {"height": 17.5, "color": "rgb(0,0,255)"}}, {"geometry": {"type": "Polygon", "coordinates": [[[301895.09263014887, 2773075.228058524], [301908.1929827357, 2773075.2778916624], [301908.2311634741, 2773065.2420223244], [301895.13080125046, 2773065.1921893177], [301895.09263014887, 2773075.228058524]]]}, "properties": {"height": 17.5, "color": "rgb(0,0,255)"}}, {"geometry": {"type": "Polygon", "coordinates": [[[301903.397818832, 2773126.0932661244], [301923.88204228214, 2773126.171206805], [301923.91463585186, 2773117.6067032954], [301903.43039954227, 2773117.528762791], [301903.397818832, 2773126.0932661244]]]}, "properties": {"height": 10.5, "color": "rgb(0,0,255)"}}, {"geometry": {"type": "Polygon", "coordinates": [[[301842.8213132752, 2773031.062098973], [301865.7411065945, 2773031.1492036777], [301865.78504517634, 2773019.5902109346], [301842.86523243855, 2773019.5031064954], [301842.8213132752, 2773031.062098973]]]}, "properties": {"height": 7, "color": "rgb(0,0,255)"}}, {"geometry": {"type": "Polygon", "coordinates": [[[301847.22280082904, 2773047.5729056997], [301867.0323271173, 2773047.6481947443], [301867.0563161891, 2773041.3375567715], [301847.24678073794, 2773041.2622678517], [301847.22280082904, 2773047.5729056997]]]}, "properties": {"height": 14, "color": "rgb(0,0,255)"}}, {"geometry": {"type": "Polygon", "coordinates": [[[301781.7889859105, 2773116.4780393145], [301803.41314074374, 2773116.5601251833], [301803.4546392452, 2773105.630297932], [301781.83046708774, 2773105.548212299], [301781.7889859105, 2773116.4780393145]]]}, "properties": {"height": 7, "color": "rgb(0,0,255)"}}, {"geometry": {"type": "Polygon", "coordinates": [[[301784.1279143888, 2773122.314143195], [301803.4852596439, 2773122.387626081], [301803.50856886833, 2773116.248497698], [301784.1512149026, 2773116.175014931], [301784.1279143888, 2773122.314143195]]]}, "properties": {"height": 10.5, "color": "rgb(0,0,255)"}}, {"geometry": {"type": "Polygon", "coordinates": [[[301885.4678380131, 2773235.2456407594], [301905.40721847594, 2773235.3214851553], [301905.4731579404, 2773217.989375777], [301885.5337521447, 2773217.913531728], [301885.4678380131, 2773235.2456407594]]]}, "properties": {"height": 14, "color": "rgb(0,0,255)"}}, {"geometry": {"type": "Polygon", "coordinates": [[[301884.2077296913, 2773255.9007814624], [301930.3014113003, 2773256.0761516625], [301930.3581104952, 2773241.1801130134], [301884.2643785551, 2773241.004743502], [301884.2077296913, 2773255.9007814624]]]}, "properties": {"height": 7, "color": "rgb(0,0,255)"}}, {"geometry": {"type": "Polygon", "coordinates": [[[301881.3450768608, 2773152.3331738976], [301900.04160513275, 2773152.4042818756], [301900.11215492676, 2773133.857801245], [301881.4156012377, 2773133.7866936144], [301881.3450768608, 2773152.3331738976]]]}, "properties": {"height": 14, "color": "rgb(0,0,255)"}}, {"geometry": {"type": "Polygon", "coordinates": [[[301844.6587567436, 2773277.21297833], [301850.3965402799, 2773277.234783645], [301850.677341044, 2773203.3489016797], [301844.93952643144, 2773203.32709679], [301844.6587567436, 2773277.21297833]]]}, "properties": {"height": 7, "color": "rgb(0,0,255)"}}, {"geometry": {"type": "Polygon", "coordinates": [[[301888.4794288466, 2773209.9752692133], [301905.48763704393, 2773210.0399654224], [301905.52206705743, 2773200.990010352], [301888.51384757715, 2773200.9253142974], [301888.4794288466, 2773209.9752692133]]]}, "properties": {"height": 21, "color": "rgb(0,0,255)"}}, {"geometry": {"type": "Polygon", "coordinates": [[[301760.92529243784, 2773145.9966936023], [301781.1206816946, 2773146.0733248293], [301781.1499215796, 2773138.368939908], [301760.9545209179, 2773138.2923088376], [301760.92529243784, 2773145.9966936023]]]}, "properties": {"height": 17.5, "color": "rgb(0,0,255)"}}, {"geometry": {"type": "Polygon", "coordinates": [[[301886.48758393916, 2773218.3451759103], [301905.2027760151, 2773218.4163638665], [301905.23534357327, 2773209.8559397263], [301886.5201397535, 2773209.7847519307], [301886.48758393916, 2773218.3451759103]]]}, "properties": {"height": 17.5, "color": "rgb(0,0,255)"}}, {"geometry": {"type": "Polygon", "coordinates": [[[301907.43997317436, 2773240.7029385604], [301930.89362748974, 2773240.792191361], [301930.9411730322, 2773228.301073683], [301907.4874972419, 2773228.211821176], [301907.43997317436, 2773240.7029385604]]]}, "properties": {"height": 7, "color": "rgb(0,0,255)"}}, {"geometry": {"type": "Polygon", "coordinates": [[[301756.6701714151, 2773259.3240511925], [301764.5220048925, 2773259.3538402887], [301764.5913639772, 2773241.0734489136], [301756.7395199781, 2773241.04365996], [301756.6701714151, 2773259.3240511925]]]}, "properties": {"height": 10.5, "color": "rgb(0,0,255)"}}, {"geometry": {"type": "Polygon", "coordinates": [[[301771.8962105122, 2773204.90396269], [301780.7676988453, 2773204.9376297398], [301780.83871043596, 2773186.2271539327], [301771.9672099355, 2773186.1934870486], [301771.8962105122, 2773204.90396269]]]}, "properties": {"height": 10.5, "color": "rgb(0,0,255)"}}, {"geometry": {"type": "Polygon", "coordinates": [[[301880.7791742398, 2773170.6883144225], [301893.6881448158, 2773170.737407842], [301893.7575642704, 2773152.4859804097], [301880.8485764242, 2773152.436887226], [301880.7791742398, 2773170.6883144225]]]}, "properties": {"height": 7, "color": "rgb(0,0,255)"}}, {"geometry": {"type": "Polygon", "coordinates": [[[301884.0852619178, 2773248.1666621747], [301906.28102285566, 2773248.2510893093], [301906.2990342619, 2773243.516927566], [301884.10326562147, 2773243.4325005375], [301884.0852619178, 2773248.1666621747]]]}, "properties": {"height": 14, "color": "rgb(0,0,255)"}}, {"geometry": {"type": "Polygon", "coordinates": [[[301884.0098287593, 2773243.6754879635], [301903.70762408245, 2773243.7504114094], [301903.7404508618, 2773235.12169167], [301884.04264307953, 2773235.0467683943], [301884.0098287593, 2773243.6754879635]]]}, "properties": {"height": 7, "color": "rgb(0,0,255)"}}, {"geometry": {"type": "Polygon", "coordinates": [[[301763.0691233841, 2773347.755865928], [301784.5905224973, 2773347.8375398736], [301784.6574446259, 2773330.2069135006], [301763.13601769775, 2773330.1252399343], [301763.0691233841, 2773347.755865928]]]}, "properties": {"height": 17.5, "color": "rgb(0,0,255)"}}, {"geometry": {"type": "Polygon", "coordinates": [[[301846.20535417437, 2773349.2967358525], [301865.1520304122, 2773349.368752408], [301865.22443595796, 2773330.3231559214], [301846.2777332676, 2773330.251139727], [301846.20535417437, 2773349.2967358525]]]}, "properties": {"height": 17.5, "color": "rgb(0,0,255)"}}, {"geometry": {"type": "Polygon", "coordinates": [[[301893.57499913056, 2773275.0961623746], [301930.40965827904, 2773275.236319153], [301930.4698784958, 2773259.4153908733], [301893.63517662877, 2773259.275234679], [301893.57499913056, 2773275.0961623746]]]}, "properties": {"height": 7, "color": "rgb(0,0,255)"}}, {"geometry": {"type": "Polygon", "coordinates": [[[301852.2200375598, 2773296.7402429366], [301867.7728189954, 2773296.799362903], [301867.7967404819, 2773290.507237065], [301852.24395187275, 2773290.4481171966], [301852.2200375598, 2773296.7402429366]]]}, "properties": {"height": 49, "color": "rgb(0,0,255)"}}, {"geometry": {"type": "Polygon", "coordinates": [[[301884.6561071624, 2773300.6077858], [301929.65574168967, 2773300.778996351], [301929.7017258775, 2773288.698086336], [301884.7020514991, 2773288.52687633], [301884.6561071624, 2773300.6077858]]]}, "properties": {"height": 7, "color": "rgb(0,0,255)"}}, {"geometry": {"type": "Polygon", "coordinates": [[[301863.92778612423, 2773347.3545061736], [301879.31246288837, 2773347.413001453], [301879.3757261246, 2773330.776738638], [301863.99103059823, 2773330.718243615], [301863.92778612423, 2773347.3545061736]]]}, "properties": {"height": 17.5, "color": "rgb(0,0,255)"}}, {"geometry": {"type": "Polygon", "coordinates": [[[301867.803812551, 2773372.986679396], [301878.50252813444, 2773373.027359447], [301878.5951628087, 2773348.667166219], [301867.89642811986, 2773348.626486429], [301867.803812551, 2773372.986679396]]]}, "properties": {"height": 17.5, "color": "rgb(0,0,255)"}}, {"geometry": {"type": "Polygon", "coordinates": [[[301890.2014654287, 2773286.5300772786], [301930.2251659897, 2773286.6823639334], [301930.26894848875, 2773275.1799396747], [301890.2452141806, 2773275.027653481], [301890.2014654287, 2773286.5300772786]]]}, "properties": {"height": 10.5, "color": "rgb(0,0,255)"}}, {"geometry": {"type": "Polygon", "coordinates": [[[301905.3072921786, 2773350.3291937304], [301917.51401659596, 2773350.3756415276], [301917.5815370295, 2773332.632950887], [301905.3747967355, 2773332.5865033073], [301905.3072921786, 2773350.3291937304]]]}, "properties": {"height": 17.5, "color": "rgb(0,0,255)"}}, {"geometry": {"type": "Polygon", "coordinates": [[[301898.708725428, 2773351.226132585], [301909.77315419714, 2773351.268228035], [301909.8460409564, 2773332.112546946], [301898.7815966502, 2773332.070451709], [301898.708725428, 2773351.226132585]]]}, "properties": {"height": 14, "color": "rgb(0,0,255)"}}, {"geometry": {"type": "Polygon", "coordinates": [[[301784.62191482866, 2773338.8036266537], [301806.1359275507, 2773338.885306249], [301806.1680486066, 2773330.426519301], [301784.65402254416, 2773330.344839887], [301784.62191482866, 2773338.8036266537]]]}, "properties": {"height": 17.5, "color": "rgb(0,0,255)"}}, {"geometry": {"type": "Polygon", "coordinates": [[[301846.71052252117, 2773365.6623517014], [301862.9999618638, 2773365.7242674986], [301863.0634361356, 2773349.0273842937], [301846.77397685486, 2773348.9654687694], [301846.71052252117, 2773365.6623517014]]]}, "properties": {"height": 10.5, "color": "rgb(0,0,255)"}}, {"geometry": {"type": "Polygon", "coordinates": [[[301846.23709269316, 2773319.501533718], [301864.1553364423, 2773319.569639723], [301864.1918893849, 2773309.9544456378], [301846.2736330061, 2773309.8863398056], [301846.23709269316, 2773319.501533718]]]}, "properties": {"height": 17.5, "color": "rgb(0,0,255)"}}, {"geometry": {"type": "Polygon", "coordinates": [[[301885.54448898265, 2773345.0354304994], [301898.7422030638, 2773345.085630363], [301898.7901345401, 2773332.485858561], [301885.59240826906, 2773332.4356588637], [301885.54448898265, 2773345.0354304994]]]}, "properties": {"height": 17.5, "color": "rgb(0,0,255)"}}, {"geometry": {"type": "Polygon", "coordinates": [[[301775.6554663291, 2773318.898134869], [301793.4204377228, 2773318.965566275], [301793.468891825, 2773306.2023746166], [301775.7039038102, 2773306.1349434378], [301775.6554663291, 2773318.898134869]]]}, "properties": {"height": 10.5, "color": "rgb(0,0,255)"}}, {"geometry": {"type": "Polygon", "coordinates": [[[301786.96677850507, 2773349.6418925603], [301806.26961667376, 2773349.7151793414], [301806.3120379238, 2773338.5440036184], [301787.00918394764, 2773338.4707170534], [301786.96677850507, 2773349.6418925603]]]}, "properties": {"height": 10.5, "color": "rgb(0,0,255)"}}, {"geometry": {"type": "Polygon", "coordinates": [[[301894.0524881029, 2773317.6859228704], [301902.1174317092, 2773317.7166024926], [301902.17549412715, 2773302.4545192095], [301894.1105414978, 2773302.42383971], [301894.0524881029, 2773317.6859228704]]]}, "properties": {"height": 17.5, "color": "rgb(0,0,255)"}}, {"geometry": {"type": "Polygon", "coordinates": [[[301763.1230317326, 2773346.225765837], [301771.7830446779, 2773346.2586266124], [301771.83281494334, 2773333.1434143865], [301763.172793672, 2773333.1105537247], [301763.1230317326, 2773346.225765837]]]}, "properties": {"height": 17.5, "color": "rgb(0,0,255)"}}, {"geometry": {"type": "Polygon", "coordinates": [[[301845.5065402369, 2773309.4862876274], [301852.4103149542, 2773309.5125251324], [301852.529142542, 2773278.24779217], [301845.6253520023, 2773278.2215548805], [301845.5065402369, 2773309.4862876274]]]}, "properties": {"height": 7, "color": "rgb(0,0,255)"}}, {"geometry": {"type": "Polygon", "coordinates": [[[301889.15796372877, 2773368.7194639975], [301904.5145853641, 2773368.777881502], [301904.53825659136, 2773362.55617296], [301889.18162795197, 2773362.4977555512], [301889.15796372877, 2773368.7194639975]]]}, "properties": {"height": 17.5, "color": "rgb(0,0,255)"}}, {"geometry": {"type": "Polygon", "coordinates": [[[301785.59961565246, 2773371.728989377], [301806.5387431183, 2773371.8084885096], [301806.5822772113, 2773360.344420538], [301785.6431321483, 2773360.2649216456], [301785.59961565246, 2773371.728989377]]]}, "properties": {"height": 7, "color": "rgb(0,0,255)"}}, {"geometry": {"type": "Polygon", "coordinates": [[[301864.0226308499, 2773319.8411579835], [301878.71894491935, 2773319.8970350865], [301878.74925009254, 2773311.9275479517], [301864.05292743735, 2773311.8716709656], [301864.0226308499, 2773319.8411579835]]]}, "properties": {"height": 14, "color": "rgb(0,0,255)"}}, {"geometry": {"type": "Polygon", "coordinates": [[[301884.9411738883, 2773317.2846949063], [301894.2164588818, 2773317.319972965], [301894.25731562526, 2773306.5788842565], [301884.98202332854, 2773306.5436062976], [301884.9411738883, 2773317.2846949063]]]}, "properties": {"height": 14, "color": "rgb(0,0,255)"}}, {"geometry": {"type": "Polygon", "coordinates": [[[302084.96918040677, 2773064.800324419], [302200.24505008047, 2773065.2408624273], [302200.4567507899, 2773009.905651809], [302085.180413567, 2773009.465120227], [302084.96918040677, 2773064.800324419]]]}, "properties": {"height": 14, "color": "rgb(0,0,255)"}}, {"geometry": {"type": "Polygon", "coordinates": [[[302311.9898917434, 2773081.125515116], [302348.01533031475, 2773081.263685536], [302348.1530516329, 2773045.3674816163], [302312.12751827436, 2773045.2293125032], [302311.9898917434, 2773081.125515116]]]}, "properties": {"height": 49, "color": "rgb(0,0,255)"}}, {"geometry": {"type": "Polygon", "coordinates": [[[302211.04795478313, 2772956.4539988367], [302271.14307208906, 2772956.6840817356], [302271.2362826589, 2772932.3524038354], [302211.1410581809, 2772932.1223224127], [302211.04795478313, 2772956.4539988367]]]}, "properties": {"height": 24.5, "color": "rgb(0,0,255)"}}, {"geometry": {"type": "Polygon", "coordinates": [[[301887.5957068977, 2773389.9695627047], [301907.6294116857, 2773390.045773916], [301907.706178597, 2773369.8698176974], [301887.6724441782, 2773369.7936068913], [301887.5957068977, 2773389.9695627047]]]}, "properties": {"height": 14, "color": "rgb(0,0,255)"}}, {"geometry": {"type": "Polygon", "coordinates": [[[301885.55571595154, 2773406.513358905], [301910.29086809926, 2773406.6074563283], [301910.34555660246, 2773392.2350179246], [301885.61037839344, 2773392.1409208574], [301885.55571595154, 2773406.513358905]]]}, "properties": {"height": 17.5, "color": "rgb(0,0,255)"}}, {"geometry": {"type": "Polygon", "coordinates": [[[301846.98326627864, 2773392.531839753], [301867.87392857193, 2773392.6112495116], [301867.9583379189, 2773370.4097133325], [301847.0676416253, 2773370.3303040387], [301846.98326627864, 2773392.531839753]]]}, "properties": {"height": 10.5, "color": "rgb(0,0,255)"}}, {"geometry": {"type": "Polygon", "coordinates": [[[301792.15801173804, 2773416.239105129], [301805.8944913976, 2773416.2912620534], [301805.9406490973, 2773404.1363747586], [301792.20415719773, 2773404.0842180015], [301792.15801173804, 2773416.239105129]]]}, "properties": {"height": 28, "color": "rgb(0,0,255)"}}, {"geometry": {"type": "Polygon", "coordinates": [[[301774.52532463416, 2773417.0268924315], [301785.4115491399, 2773417.068211845], [301785.47265402274, 2773400.970854619], [301774.58641667047, 2773400.929535381], [301774.52532463416, 2773417.0268924315]]]}, "properties": {"height": 17.5, "color": "rgb(0,0,255)"}}, {"geometry": {"type": "Polygon", "coordinates": [[[301775.33265487634, 2773398.76875266], [301785.50471959315, 2773398.8073614775], [301785.5844089219, 2773377.814015432], [301775.4123285506, 2773377.775406829], [301775.33265487634, 2773398.76875266]]]}, "properties": {"height": 14, "color": "rgb(0,0,255)"}}, {"geometry": {"type": "Polygon", "coordinates": [[[301867.89234387805, 2773408.2779117064], [301879.67529049935, 2773408.3227155553], [301879.7526029732, 2773387.9925778084], [301867.9696387911, 2773387.9477741993], [301867.89234387805, 2773408.2779117064]]]}, "properties": {"height": 14, "color": "rgb(0,0,255)"}}, {"geometry": {"type": "Polygon", "coordinates": [[[301766.9699070905, 2773397.3726902003], [301775.6526033394, 2773397.405640195], [301775.7195406939, 2773379.768317025], [301767.03683321876, 2773379.7353671845], [301766.9699070905, 2773397.3726902003]]]}, "properties": {"height": 17.5, "color": "rgb(0,0,255)"}}, {"geometry": {"type": "Polygon", "coordinates": [[[301788.72476312565, 2773399.7852802067], [301807.0518800388, 2773399.85486562], [301807.0942875257, 2773388.6877125534], [301788.7671556092, 2773388.618127346], [301788.72476312565, 2773399.7852802067]]]}, "properties": {"height": 14, "color": "rgb(0,0,255)"}}, {"geometry": {"type": "Polygon", "coordinates": [[[301910.79262519337, 2773403.9063948994], [301921.44080298365, 2773403.946916835], [301921.48378920846, 2773392.6523207366], [301910.83560260176, 2773392.611798921], [301910.79262519337, 2773403.9063948994]]]}, "properties": {"height": 17.5, "color": "rgb(0,0,255)"}}, {"geometry": {"type": "Polygon", "coordinates": [[[301866.1948382171, 2773386.1131940084], [301879.0515600593, 2773386.1620792756], [301879.10203506256, 2773372.8888755813], [301866.24530071043, 2773372.839990485], [301866.1948382171, 2773386.1131940084]]]}, "properties": {"height": 14, "color": "rgb(0,0,255)"}}, {"geometry": {"type": "Polygon", "coordinates": [[[301849.67889238056, 2773398.3022690406], [301867.241341247, 2773398.3690290526], [301867.2643426038, 2773392.3191174525], [301849.7018859483, 2773392.2523575467], [301849.67889238056, 2773398.3022690406]]]}, "properties": {"height": 17.5, "color": "rgb(0,0,255)"}}, {"geometry": {"type": "Polygon", "coordinates": [[[301785.7168251376, 2773383.696049622], [301803.6334749203, 2773383.764071882], [301803.65672192513, 2773377.6420046794], [301785.74006410164, 2773377.5739825293], [301785.7168251376, 2773383.696049622]]]}, "properties": {"height": 17.5, "color": "rgb(0,0,255)"}}, {"geometry": {"type": "Polygon", "coordinates": [[[302000.9174455849, 2772919.073327892], [302022.20089693274, 2772919.154455415], [302022.2662547232, 2772902.011582679], [302000.9827766335, 2772901.930455523], [302000.9174455849, 2772919.073327892]]]}, "properties": {"height": 14, "color": "rgb(0,0,255)"}}, {"geometry": {"type": "Polygon", "coordinates": [[[301938.70577556273, 2773023.5404243325], [301958.55391530687, 2773023.61599249], [301958.619162586, 2773006.481877474], [301938.7709979152, 2773006.406309658], [301938.70577556273, 2773023.5404243325]]]}, "properties": {"height": 14, "color": "rgb(0,0,255)"}}, {"geometry": {"type": "Polygon", "coordinates": [[[302022.23271564406, 2772992.392527201], [302053.7714225893, 2772992.5128100878], [302053.85410247237, 2772970.8402663227], [302022.31534542795, 2772970.7199841235], [302022.23271564406, 2772992.392527201]]]}, "properties": {"height": 7, "color": "rgb(0,0,255)"}}, {"geometry": {"type": "Polygon", "coordinates": [[[301992.7838142021, 2772921.3951401473], [302004.358395146, 2772921.4392487593], [302004.4246159408, 2772904.0640728045], [301992.8500202569, 2772904.0199643946], [301992.7838142021, 2772921.3951401473]]]}, "properties": {"height": 17.5, "color": "rgb(0,0,255)"}}, {"geometry": {"type": "Polygon", "coordinates": [[[301991.3166039954, 2773023.3814085172], [302004.853911489, 2773023.432998398], [302004.91312025674, 2773007.89845827], [301991.37579734914, 2773007.846868601], [301991.3166039954, 2773023.3814085172]]]}, "properties": {"height": 17.5, "color": "rgb(0,0,255)"}}, {"geometry": {"type": "Polygon", "coordinates": [[[302021.5016821755, 2772949.429390395], [302039.28769869, 2772949.4972119126], [302039.3282997535, 2772938.8514891225], [302021.5422693611, 2772938.7836677954], [302021.5016821755, 2772949.429390395]]]}, "properties": {"height": 17.5, "color": "rgb(0,0,255)"}}, {"geometry": {"type": "Polygon", "coordinates": [[[302047.8962262826, 2773016.357554568], [302054.3673021277, 2773016.382240542], [302054.42072160495, 2773002.3799242377], [302047.94963911845, 2773002.3552383548], [302047.8962262826, 2773016.357554568]]]}, "properties": {"height": 35, "color": "rgb(0,0,255)"}}, {"geometry": {"type": "Polygon", "coordinates": [[[302019.87538712245, 2773021.01424028], [302031.81335385714, 2773021.0597594087], [302031.8937620492, 2772999.9740394545], [302019.95577686426, 2772999.9285205775], [302019.87538712245, 2773021.01424028]]]}, "properties": {"height": 14, "color": "rgb(0,0,255)"}}, {"geometry": {"type": "Polygon", "coordinates": [[[301960.02484712936, 2773017.351828555], [301979.60635250097, 2773017.4264117638], [301979.6447650454, 2773007.3432435924], [301960.06324520183, 2773007.268660582], [301960.02484712936, 2773017.351828555]]]}, "properties": {"height": 17.5, "color": "rgb(0,0,255)"}}, {"geometry": {"type": "Polygon", "coordinates": [[[301988.63270697504, 2773012.0299536795], [302003.79122001346, 2773012.0877195285], [302003.8345593055, 2773000.7165592085], [301988.676033633, 2773000.6587935328], [301988.63270697504, 2773012.0299536795]]]}, "properties": {"height": 17.5, "color": "rgb(0,0,255)"}}, {"geometry": {"type": "Polygon", "coordinates": [[[302031.13297319564, 2773020.6866395613], [302048.1660295352, 2773020.7516033472], [302048.2471145622, 2772999.4950715424], [302031.2140316848, 2772999.430108121], [302031.13297319564, 2773020.6866395613]]]}, "properties": {"height": 7, "color": "rgb(0,0,255)"}}, {"geometry": {"type": "Polygon", "coordinates": [[[302003.6210484129, 2773021.4244671096], [302020.55536433426, 2773021.489020115], [302020.6361431143, 2773000.301538866], [302003.7018008946, 2773000.2369862203], [302003.6210484129, 2773021.4244671096]]]}, "properties": {"height": 7, "color": "rgb(0,0,255)"}}, {"geometry": {"type": "Polygon", "coordinates": [[[301954.2724263449, 2772996.5186588704], [301970.51850222173, 2772996.5805285326], [301970.5527889606, 2772987.5787218297], [301954.3067023647, 2772987.516852314], [301954.2724263449, 2772996.5186588704]]]}, "properties": {"height": 17.5, "color": "rgb(0,0,255)"}}, {"geometry": {"type": "Polygon", "coordinates": [[[302042.31158831407, 2772952.619983066], [302053.303733595, 2772952.661912321], [302053.3597868008, 2772937.968556974], [302042.36762968206, 2772937.9266278814], [302042.31158831407, 2772952.619983066]]]}, "properties": {"height": 14, "color": "rgb(0,0,255)"}}, {"geometry": {"type": "Polygon", "coordinates": [[[302066.13809410477, 2772967.0071467697], [302082.4624831785, 2772967.0694477935], [302082.50226775644, 2772956.6465326617], [302066.17786621174, 2772956.5842318092], [302066.13809410477, 2772967.0071467697]]]}, "properties": {"height": 14, "color": "rgb(0,0,255)"}}, {"geometry": {"type": "Polygon", "coordinates": [[[302022.16992098675, 2772966.0999203753], [302039.87305863365, 2772966.1674271342], [302039.93646670366, 2772949.5419215667], [302022.2333074844, 2772949.4744151034], [302022.16992098675, 2772966.0999203753]]]}, "properties": {"height": 7, "color": "rgb(0,0,255)"}}, {"geometry": {"type": "Polygon", "coordinates": [[[301935.8573320158, 2772928.518137176], [301946.651225111, 2772928.559225511], [301946.6924821584, 2772917.7221178915], [301935.8985804898, 2772917.681029674], [301935.8573320158, 2772928.518137176]]]}, "properties": {"height": 17.5, "color": "rgb(0,0,255)"}}, {"geometry": {"type": "Polygon", "coordinates": [[[302021.2201796672, 2772932.326109738], [302040.3159339296, 2772932.3989255503], [302040.3785255774, 2772915.987397634], [302021.28274834546, 2772915.9145821375], [302021.2201796672, 2772932.326109738]]]}, "properties": {"height": 7, "color": "rgb(0,0,255)"}}, {"geometry": {"type": "Polygon", "coordinates": [[[302063.5633012166, 2772929.589686084], [302074.96077701566, 2772929.6331789712], [302074.99847396614, 2772919.75561501], [302063.6009899157, 2772919.712122236], [302063.5633012166, 2772929.589686084]]]}, "properties": {"height": 14, "color": "rgb(0,0,255)"}}, {"geometry": {"type": "Polygon", "coordinates": [[[301974.3228140147, 2772915.187653452], [301992.1753166338, 2772915.255665857], [301992.23269943235, 2772900.195864978], [301974.38017710805, 2772900.1278528427], [301974.3228140147, 2772915.187653452]]]}, "properties": {"height": 7, "color": "rgb(0,0,255)"}}, {"geometry": {"type": "Polygon", "coordinates": [[[302063.3468551047, 2772920.0039740405], [302074.00805727794, 2772920.044656683], [302074.0434994196, 2772910.757704743], [302063.38228998956, 2772910.7170222], [302063.3468551047, 2772920.0039740405]]]}, "properties": {"height": 17.5, "color": "rgb(0,0,255)"}}, {"geometry": {"type": "Polygon", "coordinates": [[[302022.0834063069, 2772972.0770315584], [302039.6114018442, 2772972.143870394], [302039.63552136696, 2772965.8197605903], [302022.107517705, 2772965.7529218663], [302022.0834063069, 2772972.0770315584]]]}, "properties": {"height": 10.5, "color": "rgb(0,0,255)"}}, {"geometry": {"type": "Polygon", "coordinates": [[[302039.52858925826, 2772965.3914659927], [302052.69014384947, 2772965.441669029], [302052.73993298237, 2772952.390247672], [302039.5783658008, 2772952.3400448076], [302039.52858925826, 2772965.3914659927]]]}, "properties": {"height": 7, "color": "rgb(0,0,255)"}}, {"geometry": {"type": "Polygon", "coordinates": [[[301991.3440385631, 2773102.2766087116], [302008.8189194583, 2773102.343209164], [302008.8735879341, 2773088.0014610477], [301991.39868866873, 2773087.9348608474], [301991.3440385631, 2773102.2766087116]]]}, "properties": {"height": 17.5, "color": "rgb(0,0,255)"}}, {"geometry": {"type": "Polygon", "coordinates": [[[301995.3967429048, 2773110.0481065167], [302011.96191104373, 2773110.111244431], [302012.00889030815, 2773097.787475046], [301995.44370720553, 2773097.724337336], [301995.3967429048, 2773110.0481065167]]]}, "properties": {"height": 21, "color": "rgb(0,0,255)"}}, {"geometry": {"type": "Polygon", "coordinates": [[[302030.8141285282, 2773141.281932932], [302047.8465772817, 2773141.346897215], [302047.8880709546, 2773130.469774155], [302030.8556086212, 2773130.404810057], [302030.8141285282, 2773141.281932932]]]}, "properties": {"height": 21, "color": "rgb(0,0,255)"}}, {"geometry": {"type": "Polygon", "coordinates": [[[302002.05174913694, 2773136.1200355375], [302019.8215047039, 2773136.1877748966], [302019.8720468982, 2773122.9315077597], [302002.1022740647, 2773122.863768637], [302002.05174913694, 2773136.1200355375]]]}, "properties": {"height": 14, "color": "rgb(0,0,255)"}}, {"geometry": {"type": "Polygon", "coordinates": [[[302043.5502595147, 2773142.4902267223], [302057.8358209742, 2773142.5447258954], [302057.8964810187, 2773126.6463887654], [302043.61090291163, 2773126.591889822], [302043.5502595147, 2773142.4902267223]]]}, "properties": {"height": 14, "color": "rgb(0,0,255)"}}, {"geometry": {"type": "Polygon", "coordinates": [[[302043.18412935047, 2773118.8852902106], [302056.96326912293, 2773118.9378562574], [302057.018620245, 2773104.430549687], [302043.23946582, 2773104.37798384], [302043.18412935047, 2773118.8852902106]]]}, "properties": {"height": 14, "color": "rgb(0,0,255)"}}, {"geometry": {"type": "Polygon", "coordinates": [[[301989.93558898283, 2773092.5660028267], [302006.8237320737, 2773092.630364735], [302006.861979788, 2773082.5960276374], [301989.97382427583, 2773082.5316658993], [301989.93558898283, 2773092.5660028267]]]}, "properties": {"height": 14, "color": "rgb(0,0,255)"}}, {"geometry": {"type": "Polygon", "coordinates": [[[301985.20638644486, 2773144.184431091], [301998.6942776106, 2773144.2358291303], [301998.7401139718, 2773132.2089713416], [301985.25221091555, 2773132.1575734643], [301985.20638644486, 2773144.184431091]]]}, "properties": {"height": 14, "color": "rgb(0,0,255)"}}, {"geometry": {"type": "Polygon", "coordinates": [[[301914.90654412255, 2773065.899401986], [301937.62514968787, 2773065.9858631827], [301937.684020579, 2773050.520249003], [301914.96538926, 2773050.433788159], [301914.90654412255, 2773065.899401986]]]}, "properties": {"height": 7, "color": "rgb(0,0,255)"}}, {"geometry": {"type": "Polygon", "coordinates": [[[301994.73298170546, 2773121.0288458695], [302014.782171137, 2773121.1052650134], [302014.83962950855, 2773106.0334568103], [301994.79041792755, 2773105.9570379704], [301994.73298170546, 2773121.0288458695]]]}, "properties": {"height": 7, "color": "rgb(0,0,255)"}}, {"geometry": {"type": "Polygon", "coordinates": [[[302020.3450283757, 2773075.2374106273], [302038.7088494161, 2773075.3074378707], [302038.7843126837, 2773055.5215093493], [302020.4204650108, 2773055.4514824715], [302020.3450283757, 2773075.2374106273]]]}, "properties": {"height": 7, "color": "rgb(0,0,255)"}}, {"geometry": {"type": "Polygon", "coordinates": [[[302038.5801181184, 2773073.221234006], [302055.67412801017, 2773073.28644104], [302055.7386786875, 2773056.367225353], [302038.64464759664, 2773056.3020186094], [302038.5801181184, 2773073.221234006]]]}, "properties": {"height": 7, "color": "rgb(0,0,255)"}}, {"geometry": {"type": "Polygon", "coordinates": [[[302038.63248783076, 2773079.8282906585], [302055.9969316636, 2773079.894529712], [302056.02565334324, 2773072.3664414887], [302038.6611999288, 2773072.300202566], [302038.63248783076, 2773079.8282906585]]]}, "properties": {"height": 10.5, "color": "rgb(0,0,255)"}}, {"geometry": {"type": "Polygon", "coordinates": [[[301960.3574001103, 2773147.8606690294], [301980.7664190262, 2773147.9384093992], [301980.8268893174, 2773132.0663428013], [301960.4178466571, 2773131.988602756], [301960.3574001103, 2773147.8606690294]]]}, "properties": {"height": 17.5, "color": "rgb(0,0,255)"}}, {"geometry": {"type": "Polygon", "coordinates": [[[301964.33852898446, 2773200.2799449433], [301978.79776258476, 2773200.335024127], [301978.8470657925, 2773187.3938556327], [301964.387818476, 2773187.3387766373], [301964.33852898446, 2773200.2799449433]]]}, "properties": {"height": 31.5, "color": "rgb(0,0,255)"}}, {"geometry": {"type": "Polygon", "coordinates": [[[301964.39041463466, 2773168.4595153634], [301978.15766667435, 2773168.511957619], [301978.20937073015, 2773154.94026575], [301964.44210499455, 2773154.887823683], [301964.39041463466, 2773168.4595153634]]]}, "properties": {"height": 21, "color": "rgb(0,0,255)"}}, {"geometry": {"type": "Polygon", "coordinates": [[[302066.0644732763, 2773202.8622003775], [302077.9471793113, 2773202.907552381], [302078.00897470093, 2773186.718307945], [302066.12625456473, 2773186.6729561347], [302066.0644732763, 2773202.8622003775]]]}, "properties": {"height": 17.5, "color": "rgb(0,0,255)"}}, {"geometry": {"type": "Polygon", "coordinates": [[[302041.8519824393, 2773209.106000539], [302050.135329579, 2773209.137599377], [302050.1757641168, 2773198.538878543], [302041.89241054165, 2773198.5072797933], [302041.8519824393, 2773209.106000539]]]}, "properties": {"height": 31.5, "color": "rgb(0,0,255)"}}, {"geometry": {"type": "Polygon", "coordinates": [[[302005.4728160907, 2773164.574521458], [302023.2181175646, 2773164.6421728195], [302023.252562763, 2773155.608546702], [302005.50724953867, 2773155.5408955016], [302005.4728160907, 2773164.574521458]]]}, "properties": {"height": 14, "color": "rgb(0,0,255)"}}, {"geometry": {"type": "Polygon", "coordinates": [[[301925.527710743, 2773209.2898195945], [301931.9004922563, 2773209.3140753396], [301931.9925591392, 2773185.126464324], [301925.619766327, 2773185.1022087336], [301925.527710743, 2773209.2898195945]]]}, "properties": {"height": 14, "color": "rgb(0,0,255)"}}, {"geometry": {"type": "Polygon", "coordinates": [[[302068.32153578434, 2773228.55642073], [302074.28253469727, 2773228.5791716455], [302074.3391189741, 2773213.754258321], [302068.37811358337, 2773213.7315074946], [302068.32153578434, 2773228.55642073]]]}, "properties": {"height": 17.5, "color": "rgb(0,0,255)"}}, {"geometry": {"type": "Polygon", "coordinates": [[[302007.43708910415, 2773151.7348334803], [302022.66221960733, 2773151.7928775395], [302022.69139003207, 2773144.1424976178], [302007.466250991, 2773144.084453676], [302007.43708910415, 2773151.7348334803]]]}, "properties": {"height": 14, "color": "rgb(0,0,255)"}}, {"geometry": {"type": "Polygon", "coordinates": [[[301913.90447735775, 2773169.7925036377], [301931.4131827915, 2773169.8591354988], [301931.455406172, 2773158.766041751], [301913.9466865013, 2773158.6994100846], [301913.90447735775, 2773169.7925036377]]]}, "properties": {"height": 7, "color": "rgb(0,0,255)"}}, {"geometry": {"type": "Polygon", "coordinates": [[[302030.1789667479, 2773366.493067505], [302038.74731265265, 2773366.5257484075], [302038.8322692228, 2773344.2534116847], [302030.2639093285, 2773344.220730973], [302030.1789667479, 2773366.493067505]]]}, "properties": {"height": 35, "color": "rgb(0,0,255)"}}, {"geometry": {"type": "Polygon", "coordinates": [[[301970.7528269845, 2773353.1364064915], [302003.836985196, 2773353.2624791577], [302003.91188866924, 2773333.612396928], [301970.8276828009, 2773333.486324915], [301970.7528269845, 2773353.1364064915]]]}, "properties": {"height": 10.5, "color": "rgb(0,0,255)"}}, {"geometry": {"type": "Polygon", "coordinates": [[[301938.0737169786, 2773352.246275428], [301971.27718441025, 2773352.37272331], [301971.3523190536, 2773332.6496406076], [301938.1488036156, 2773332.523193384], [301938.0737169786, 2773352.246275428]]]}, "properties": {"height": 7, "color": "rgb(0,0,255)"}}, {"geometry": {"type": "Polygon", "coordinates": [[[301942.6486656711, 2773318.1628957232], [301961.1089132111, 2773318.2331926245], [301961.21496311406, 2773290.388880554], [301942.75467789435, 2773290.3185841683], [301942.6486656711, 2773318.1628957232]]]}, "properties": {"height": 7, "color": "rgb(0,0,255)"}}, {"geometry": {"type": "Polygon", "coordinates": [[[302060.052922989, 2773353.9462747993], [302082.45113005076, 2773354.031764739], [302082.47788732295, 2773347.0229078317], [302060.07966875314, 2773346.9374180497], [302060.052922989, 2773353.9462747993]]]}, "properties": {"height": 17.5, "color": "rgb(0,0,255)"}}, {"geometry": {"type": "Polygon", "coordinates": [[[301916.15310841944, 2773350.6940090125], [301932.37692569, 2773350.7557575414], [301932.4468526047, 2773332.385963088], [301916.2230134868, 2773332.324214858], [301916.15310841944, 2773350.6940090125]]]}, "properties": {"height": 7, "color": "rgb(0,0,255)"}}, {"geometry": {"type": "Polygon", "coordinates": [[[302037.3015267934, 2773366.9243727243], [302044.3392434199, 2773366.9512188714], [302044.39481108304, 2773352.3851069324], [302037.3570869417, 2773352.3582608886], [302037.3015267934, 2773366.9243727243]]]}, "properties": {"height": 21, "color": "rgb(0,0,255)"}}, {"geometry": {"type": "Polygon", "coordinates": [[[301913.30368043296, 2773364.3885642914], [301931.04139851633, 2773364.456072449], [301931.0912633738, 2773351.356327058], [301913.35352825694, 2773351.2888191333], [301913.30368043296, 2773364.3885642914]]]}, "properties": {"height": 7, "color": "rgb(0,0,255)"}}, {"geometry": {"type": "Polygon", "coordinates": [[[301940.6242099384, 2773362.043796329], [301959.0925265474, 2773362.114122489], [301959.1320814205, 2773351.728465577], [301940.66375075094, 2773351.6581396097], [301940.6242099384, 2773362.043796329]]]}, "properties": {"height": 7, "color": "rgb(0,0,255)"}}, {"geometry": {"type": "Polygon", "coordinates": [[[301921.55554332864, 2773406.468946434], [301937.370345857, 2773406.529145638], [301937.4349519699, 2773389.5591492453], [301921.62012976734, 2773389.4989503105], [301921.55554332864, 2773406.468946434]]]}, "properties": {"height": 17.5, "color": "rgb(0,0,255)"}}, {"geometry": {"type": "Polygon", "coordinates": [[[301999.45421775983, 2773392.5911530405], [302012.32379476866, 2773392.640213029], [302012.3849703113, 2773376.5943861594], [301999.51537816424, 2773376.545326379], [301999.45421775983, 2773392.5911530405]]]}, "properties": {"height": 21, "color": "rgb(0,0,255)"}}, {"geometry": {"type": "Polygon", "coordinates": [[[302011.54086782277, 2773391.729957307], [302024.060464348, 2773391.777694053], [302024.12486167595, 2773374.8906222405], [302011.60524965206, 2773374.842885708], [302011.54086782277, 2773391.729957307]]]}, "properties": {"height": 17.5, "color": "rgb(0,0,255)"}}, {"geometry": {"type": "Polygon", "coordinates": [[[302171.9327990994, 2772979.1398010575], [302186.68388900725, 2772979.1962114805], [302186.72037968115, 2772969.655385996], [302171.96927945793, 2772969.5989757157], [302171.9327990994, 2772979.1398010575]]]}, "properties": {"height": 31.5, "color": "rgb(0,0,255)"}}, {"geometry": {"type": "Polygon", "coordinates": [[[302171.43488617224, 2772949.2846832136], [302195.4317016708, 2772949.376456836], [302195.4905847119, 2772933.9833157123], [302171.4937421395, 2772933.891542463], [302171.43488617224, 2772949.2846832136]]]}, "properties": {"height": 14, "color": "rgb(0,0,255)"}}, {"geometry": {"type": "Polygon", "coordinates": [[[302169.97143399523, 2772909.8104703883], [302186.97902673634, 2772909.8755071345], [302187.05210911034, 2772890.7669758177], [302170.0444925498, 2772890.7019393994], [302169.97143399523, 2772909.8104703883]]]}, "properties": {"height": 10.5, "color": "rgb(0,0,255)"}}, {"geometry": {"type": "Polygon", "coordinates": [[[302171.1062010813, 2772966.3712937827], [302185.9936963513, 2772966.4282247145], [302186.0566438041, 2772949.9697057097], [302171.169130575, 2772949.9127750243], [302171.1062010813, 2772966.3712937827]]]}, "properties": {"height": 7, "color": "rgb(0,0,255)"}}, {"geometry": {"type": "Polygon", "coordinates": [[[302184.8374565713, 2772911.4201640435], [302196.445879505, 2772911.464564836], [302196.51121349324, 2772894.385085443], [302184.902776028, 2772894.340684851], [302184.8374565713, 2772911.4201640435]]]}, "properties": {"height": 7, "color": "rgb(0,0,255)"}}, {"geometry": {"type": "Polygon", "coordinates": [[[302200.16403128905, 2773029.8347657262], [302219.02991825837, 2773029.9069551406], [302219.095955431, 2773012.6519543817], [302200.23004460137, 2773012.579765296], [302200.16403128905, 2773029.8347657262]]]}, "properties": {"height": 7, "color": "rgb(0,0,255)"}}, {"geometry": {"type": "Polygon", "coordinates": [[[302140.94604046445, 2773227.146239024], [302161.7960526538, 2773227.225938078], [302161.85433949047, 2773211.980569039], [302141.0043040008, 2773211.900870305], [302140.94604046445, 2773227.146239024]]]}, "properties": {"height": 17.5, "color": "rgb(0,0,255)"}}, {"geometry": {"type": "Polygon", "coordinates": [[[302177.2893877139, 2773255.9067830155], [302194.4716072979, 2773255.9725061865], [302194.542159157, 2773237.530885983], [302177.35991634545, 2773237.4651631312], [302177.2893877139, 2773255.9067830155]]]}, "properties": {"height": 17.5, "color": "rgb(0,0,255)"}}, {"geometry": {"type": "Polygon", "coordinates": [[[302182.99192861246, 2773266.253113861], [302203.77905411087, 2773266.3326378176], [302203.83779741137, 2773250.980479183], [302183.0506485197, 2773250.9009555494], [302182.99192861246, 2773266.253113861]]]}, "properties": {"height": 17.5, "color": "rgb(0,0,255)"}}, {"geometry": {"type": "Polygon", "coordinates": [[[302148.79768634273, 2773198.116746111], [302167.67825776426, 2773198.1889256304], [302167.7381350577, 2773182.5291386745], [302148.85754196334, 2773182.4569594525], [302148.79768634273, 2773198.116746111]]]}, "properties": {"height": 17.5, "color": "rgb(0,0,255)"}}, {"geometry": {"type": "Polygon", "coordinates": [[[302134.4666269914, 2773249.6099113435], [302154.52827135514, 2773249.6865874655], [302154.56685946, 2773239.59226812], [302134.5052002517, 2773239.5155922025], [302134.4666269914, 2773249.6099113435]]]}, "properties": {"height": 17.5, "color": "rgb(0,0,255)"}}, {"geometry": {"type": "Polygon", "coordinates": [[[302116.930769983, 2773201.1601276207], [302130.59277303406, 2773201.212322347], [302130.6511132353, 2773185.9436992276], [302116.98909489345, 2773185.8915047115], [302116.930769983, 2773201.1601276207]]]}, "properties": {"height": 17.5, "color": "rgb(0,0,255)"}}, {"geometry": {"type": "Polygon", "coordinates": [[[302102.8629846327, 2773228.002401255], [302114.8634211767, 2773228.048235484], [302114.92123638757, 2773212.912611478], [302102.92078652943, 2773212.866777432], [302102.8629846327, 2773228.002401255]]]}, "properties": {"height": 17.5, "color": "rgb(0,0,255)"}}, {"geometry": {"type": "Polygon", "coordinates": [[[302115.13472440076, 2773227.709265767], [302127.3978494549, 2773227.7561144456], [302127.455248173, 2773212.733136981], [302115.1921096144, 2773212.686288488], [302115.13472440076, 2773227.709265767]]]}, "properties": {"height": 17.5, "color": "rgb(0,0,255)"}}, {"geometry": {"type": "Polygon", "coordinates": [[[302129.1068028395, 2773227.587196663], [302140.8665911501, 2773227.632134273], [302140.9241250036, 2773212.577676552], [302129.1643237157, 2773212.5327391205], [302129.1068028395, 2773227.587196663]]]}, "properties": {"height": 17.5, "color": "rgb(0,0,255)"}}, {"geometry": {"type": "Polygon", "coordinates": [[[302089.5829970983, 2773228.287901614], [302100.9785147134, 2773228.331414088], [302101.0363536268, 2773213.1855515493], [302089.64082336007, 2773213.1420392487], [302089.5829970983, 2773228.287901614]]]}, "properties": {"height": 17.5, "color": "rgb(0,0,255)"}}, {"geometry": {"type": "Polygon", "coordinates": [[[302076.39372820314, 2773228.3829204864], [302088.13879844616, 2773228.427756486], [302088.1959143181, 2773213.467546091], [302076.4508311951, 2773213.4227102688], [302076.39372820314, 2773228.3829204864]]]}, "properties": {"height": 17.5, "color": "rgb(0,0,255)"}}, {"geometry": {"type": "Polygon", "coordinates": [[[302079.715197964, 2773201.351595606], [302091.2648118938, 2773201.3956877044], [302091.3225054327, 2773186.284909401], [302079.77287870995, 2773186.2408174784], [302079.715197964, 2773201.351595606]]]}, "properties": {"height": 17.5, "color": "rgb(0,0,255)"}}, {"geometry": {"type": "Polygon", "coordinates": [[[302122.1131332338, 2773249.875511259], [302131.66078429786, 2773249.9119903073], [302131.6983413889, 2773240.0830673766], [302122.15068344586, 2773240.0465884227], [302122.1131332338, 2773249.875511259]]]}, "properties": {"height": 17.5, "color": "rgb(0,0,255)"}}, {"geometry": {"type": "Polygon", "coordinates": [[[302157.4076186546, 2773249.1167108966], [302166.8911975935, 2773249.1529696416], [302166.9287704106, 2773239.3265683963], [302157.44518464064, 2773239.2903097454], [302157.4076186546, 2773249.1167108966]]]}, "properties": {"height": 17.5, "color": "rgb(0,0,255)"}}, {"geometry": {"type": "Polygon", "coordinates": [[[302132.4155135903, 2773200.7685343814], [302138.65244323545, 2773200.7923675124], [302138.7095285223, 2773185.8544844566], [302132.4725920479, 2773185.8306514197], [302132.4155135903, 2773200.7685343814]]]}, "properties": {"height": 17.5, "color": "rgb(0,0,255)"}}, {"geometry": {"type": "Polygon", "coordinates": [[[302106.1264498087, 2773201.05510637], [302117.0013923592, 2773201.0966436025], [302117.03084162617, 2773193.387269022], [302106.1558929301, 2773193.345731874], [302106.1264498087, 2773201.05510637]]]}, "properties": {"height": 17.5, "color": "rgb(0,0,255)"}}, {"geometry": {"type": "Polygon", "coordinates": [[[302203.14209900214, 2773324.7192614186], [302229.44152430457, 2773324.819919991], [302229.484599217, 2773313.5683957334], [302203.18515222287, 2773313.46773746], [302203.14209900214, 2773324.7192614186]]]}, "properties": {"height": 17.5, "color": "rgb(0,0,255)"}}, {"geometry": {"type": "Polygon", "coordinates": [[[302136.8458951562, 2773277.1565213213], [302160.98244693415, 2773277.2487807], [302161.0223737227, 2773266.8056828687], [302136.88580346765, 2773266.713423744], [302136.8458951562, 2773277.1565213213]]]}, "properties": {"height": 17.5, "color": "rgb(0,0,255)"}}, {"geometry": {"type": "Polygon", "coordinates": [[[302070.7828840884, 2773373.933092729], [302085.3040408142, 2773373.9885250637], [302085.35274103953, 2773361.2326750373], [302070.8315707351, 2773361.1772428905], [302070.7828840884, 2773373.933092729]]]}, "properties": {"height": 24.5, "color": "rgb(0,0,255)"}}, {"geometry": {"type": "Polygon", "coordinates": [[[302136.69731466897, 2773265.688521906], [302160.6712702787, 2773265.780158943], [302160.70825768943, 2773256.10577154], [302136.7342850781, 2773256.0141347363], [302136.69731466897, 2773265.688521906]]]}, "properties": {"height": 17.5, "color": "rgb(0,0,255)"}}, {"geometry": {"type": "Polygon", "coordinates": [[[302187.02951839525, 2773279.404049464], [302201.72497110796, 2773279.460270275], [302201.7696789269, 2773267.775798865], [302187.07421362726, 2773267.719578228], [302187.02951839525, 2773279.404049464]]]}, "properties": {"height": 17.5, "color": "rgb(0,0,255)"}}, {"geometry": {"type": "Polygon", "coordinates": [[[302140.7630963641, 2773276.334692718], [302156.9951716123, 2773276.3967380207], [302157.02836362476, 2773267.7144983015], [302140.79627804575, 2773267.6524531404], [302140.7630963641, 2773276.334692718]]]}, "properties": {"height": 17.5, "color": "rgb(0,0,255)"}}, {"geometry": {"type": "Polygon", "coordinates": [[[302169.59328013356, 2773346.241283537], [302198.4529290228, 2773346.35167384], [302198.49185401015, 2773336.1782002337], [302169.63218359806, 2773336.067810226], [302169.59328013356, 2773346.241283537]]]}, "properties": {"height": 7, "color": "rgb(0,0,255)"}}, {"geometry": {"type": "Polygon", "coordinates": [[[302121.8307791029, 2773265.8037399505], [302133.186968939, 2773265.847129748], [302133.22254313197, 2773256.5374777005], [302121.8663455461, 2773256.494088009], [302121.8307791029, 2773265.8037399505]]]}, "properties": {"height": 17.5, "color": "rgb(0,0,255)"}}, {"geometry": {"type": "Polygon", "coordinates": [[[302164.19785610255, 2773276.2597616944], [302175.11757818685, 2773276.3015177464], [302175.15339160204, 2773266.9368337914], [302164.2336620216, 2773266.8950778423], [302164.19785610255, 2773276.2597616944]]]}, "properties": {"height": 17.5, "color": "rgb(0,0,255)"}}, {"geometry": {"type": "Polygon", "coordinates": [[[302163.97190318257, 2773265.3894174243], [302174.9034832696, 2773265.4312184583], [302174.94031433284, 2773255.800351546], [302164.00872652826, 2773255.758550619], [302163.97190318257, 2773265.3894174243]]]}, "properties": {"height": 17.5, "color": "rgb(0,0,255)"}}, {"geometry": {"type": "Polygon", "coordinates": [[[302122.57901993557, 2773276.8660556707], [302133.55326687545, 2773276.9079867774], [302133.5879738915, 2773267.8253775043], [302122.6137196451, 2773267.7834464977], [302122.57901993557, 2773276.8660556707]]]}, "properties": {"height": 14, "color": "rgb(0,0,255)"}}, {"geometry": {"type": "Polygon", "coordinates": [[[302119.85290139815, 2773325.9684443306], [302196.16181790736, 2773326.260183686], [302196.31831313146, 2773285.356091429], [302120.00916781125, 2773285.064355219], [302119.85290139815, 2773325.9684443306]]]}, "properties": {"height": 21, "color": "rgb(0,0,255)"}}, {"geometry": {"type": "Polygon", "coordinates": [[[302337.9664669974, 2772933.257085671], [302346.17445204436, 2772933.288571574], [302346.2174883695, 2772922.0703926827], [302338.0094965737, 2772922.0389068737], [302337.9664669974, 2772933.257085671]]]}, "properties": {"height": 59.5, "color": "rgb(0,0,255)"}}, {"geometry": {"type": "Polygon", "coordinates": [[[302322.40039335657, 2772933.323363639], [302330.6374538476, 2772933.3549516886], [302330.68005614134, 2772922.2466143193], [302322.44298894395, 2772922.215026363], [302322.40039335657, 2772933.323363639]]]}, "properties": {"height": 59.5, "color": "rgb(0,0,255)"}}, {"geometry": {"type": "Polygon", "coordinates": [[[302311.2112541564, 2772993.0097937193], [302330.31880236906, 2772993.083062404], [302330.38153085456, 2772976.727206765], [302311.2739597356, 2772976.6539383964], [302311.2112541564, 2772993.0097937193]]]}, "properties": {"height": 7, "color": "rgb(0,0,255)"}}, {"geometry": {"type": "Polygon", "coordinates": [[[302341.2107436382, 2773017.616871319], [302347.64569567156, 2773017.6415578173], [302347.71635287255, 2772999.224641949], [302341.28139215277, 2772999.1999555705], [302341.2107436382, 2773017.616871319]]]}, "properties": {"height": 17.5, "color": "rgb(0,0,255)"}}, {"geometry": {"type": "Polygon", "coordinates": [[[302240.2969868517, 2773090.4286388187], [302254.4761328247, 2773090.482935261], [302254.60550978314, 2773056.7014157274], [302240.4263287008, 2773056.647119769], [302240.2969868517, 2773090.4286388187]]]}, "properties": {"height": 14, "color": "rgb(0,0,255)"}}, {"geometry": {"type": "Polygon", "coordinates": [[[302256.37371977366, 2773111.3815440857], [302267.00296165945, 2773111.4222583114], [302267.04090640286, 2773101.5170345157], [302256.4116567998, 2773101.4763203957], [302256.37371977366, 2773111.3815440857]]]}, "properties": {"height": 45.5, "color": "rgb(0,0,255)"}}, {"geometry": {"type": "Polygon", "coordinates": [[[302315.71786738053, 2773102.806102774], [302333.1646007296, 2773102.8730107094], [302333.2077923545, 2773091.6123347324], [302315.761044605, 2773091.545426996], [302315.71786738053, 2773102.806102774]]]}, "properties": {"height": 21, "color": "rgb(0,0,255)"}}, {"geometry": {"type": "Polygon", "coordinates": [[[302337.90613791853, 2773107.143576597], [302355.17578838713, 2773107.209833511], [302355.2360589937, 2773091.5030442243], [302337.96638864273, 2773091.4367875843], [302337.90613791853, 2773107.143576597]]]}, "properties": {"height": 14, "color": "rgb(0,0,255)"}}, {"geometry": {"type": "Polygon", "coordinates": [[[302241.2288918403, 2773145.31239787], [302251.867816642, 2773145.353137946], [302251.92130251194, 2773131.3871468385], [302241.28236681916, 2773131.3464069115], [302241.2288918403, 2773145.31239787]]]}, "properties": {"height": 14, "color": "rgb(0,0,255)"}}, {"geometry": {"type": "Polygon", "coordinates": [[[302241.3819729225, 2773056.66331626], [302253.00576171005, 2773056.707826649], [302253.042966997, 2773046.992813822], [302241.4191699322, 2773046.948303547], [302241.3819729225, 2773056.66331626]]]}, "properties": {"height": 17.5, "color": "rgb(0,0,255)"}}, {"geometry": {"type": "Polygon", "coordinates": [[[302358.84203508525, 2773185.3935554186], [302367.4054367726, 2773185.426421313], [302367.47463898966, 2773167.3967973487], [302358.9112259849, 2773167.3639316102], [302358.84203508525, 2773185.3935554186]]]}, "properties": {"height": 38.5, "color": "rgb(0,0,255)"}}, {"geometry": {"type": "Polygon", "coordinates": [[[302343.7195525269, 2773185.618455864], [302352.35893015837, 2773185.651603802], [302352.42810964916, 2773167.622722569], [302343.7887206004, 2773167.5895747873], [302343.7195525269, 2773185.618455864]]]}, "properties": {"height": 35, "color": "rgb(0,0,255)"}}, {"geometry": {"type": "Polygon", "coordinates": [[[302240.1590397671, 2773204.5873913635], [302256.48948000907, 2773204.6499298434], [302256.5787349555, 2773181.3466687645], [302240.24826681835, 2773181.2841306683], [302240.1590397671, 2773204.5873913635]]]}, "properties": {"height": 14, "color": "rgb(0,0,255)"}}, {"geometry": {"type": "Polygon", "coordinates": [[[302352.0250429513, 2773185.4949555714], [302359.1760380139, 2773185.5223967806], [302359.2451197951, 2773167.5213227184], [302352.09411529667, 2773167.4938816396], [302352.0250429513, 2773185.4949555714]]]}, "properties": {"height": 45.5, "color": "rgb(0,0,255)"}}, {"geometry": {"type": "Polygon", "coordinates": [[[302313.8930435778, 2773149.0054524457], [302334.1848744227, 2773149.08327216], [302334.23144451954, 2773136.942245136], [302313.93959561613, 2773136.8644256713], [302313.8930435778, 2773149.0054524457]]]}, "properties": {"height": 21, "color": "rgb(0,0,255)"}}, {"geometry": {"type": "Polygon", "coordinates": [[[302241.4491882189, 2773166.325024066], [302253.60792831035, 2773166.37158531], [302253.6801939674, 2773147.5026756576], [302241.52143705916, 2773147.456114645], [302241.4491882189, 2773166.325024066]]]}, "properties": {"height": 17.5, "color": "rgb(0,0,255)"}}, {"geometry": {"type": "Polygon", "coordinates": [[[302317.5380342142, 2773185.9749916354], [302337.6790673273, 2773186.0522394767], [302337.7483628663, 2773167.9880527034], [302317.6073030838, 2773167.9108052305], [302317.5380342142, 2773185.9749916354]]]}, "properties": {"height": 10.5, "color": "rgb(0,0,255)"}}, {"geometry": {"type": "Polygon", "coordinates": [[[302325.5393011646, 2773187.7156652985], [302346.4516178154, 2773187.7958841915], [302346.5272343593, 2773168.0872292165], [302325.6148874971, 2773168.0070107407], [302325.5393011646, 2773187.7156652985]]]}, "properties": {"height": 7, "color": "rgb(0,0,255)"}}, {"geometry": {"type": "Polygon", "coordinates": [[[302256.8586499136, 2773191.80610017], [302267.90663505014, 2773191.848420307], [302267.94707764545, 2773181.291678472], [302256.8990839597, 2773181.249358453], [302256.8586499136, 2773191.80610017]]]}, "properties": {"height": 21, "color": "rgb(0,0,255)"}}, {"geometry": {"type": "Polygon", "coordinates": [[[302317.8591649304, 2773160.2330504535], [302340.81416927464, 2773160.3210928272], [302340.85229511483, 2773150.382828622], [302317.89727404836, 2773150.294786479], [302317.8591649304, 2773160.2330504535]]]}, "properties": {"height": 7, "color": "rgb(0,0,255)"}}, {"geometry": {"type": "Polygon", "coordinates": [[[301743.3251935848, 2773019.225769832], [301774.8041993138, 2773019.3451828435], [301774.9989485755, 2772968.021610552], [301743.5198244287, 2772967.9021991557], [301743.3251935848, 2773019.225769832]]]}, "properties": {"height": 21, "color": "rgb(0,0,255)"}}, {"geometry": {"type": "Polygon", "coordinates": [[[301674.64238307416, 2773032.524478873], [301764.8870249827, 2773032.866556442], [301764.95272836275, 2773015.5481844665], [301674.7079718997, 2773015.2061084593], [301674.64238307416, 2773032.524478873]]]}, "properties": {"height": 17.5, "color": "rgb(0,0,255)"}}, {"geometry": {"type": "Polygon", "coordinates": [[[301678.4058695932, 2772966.5867504436], [301768.7554219181, 2772966.929241686], [301768.82078407664, 2772949.701631939], [301678.47111766814, 2772949.3591422527], [301678.4058695932, 2772966.5867504436]]]}, "properties": {"height": 17.5, "color": "rgb(0,0,255)"}}, {"geometry": {"type": "Polygon", "coordinates": [[[301780.47506846354, 2773105.906057136], [301803.20025209873, 2773105.992320895], [301803.345957594, 2773067.616074792], [301780.6207100345, 2773067.529811906], [301780.47506846354, 2773105.906057136]]]}, "properties": {"height": 17.5, "color": "rgb(0,0,255)"}}, {"geometry": {"type": "Polygon", "coordinates": [[[301792.0184428934, 2773319.1227962305], [301806.2108185875, 2773319.176682121], [301806.3981994566, 2773269.830972787], [301792.20577242476, 2773269.777087597], [301792.0184428934, 2773319.1227962305]]]}, "properties": {"height": 45.5, "color": "rgb(0,0,255)"}}, {"geometry": {"type": "Polygon", "coordinates": [[[301760.3451333908, 2773171.6886124914], [301804.36537381646, 2773171.855685231], [301804.5545519209, 2773122.031894628], [301760.5341507287, 2773121.8648240827], [301760.3451333908, 2773171.6886124914]]]}, "properties": {"height": 7, "color": "rgb(0,0,255)"}}, {"geometry": {"type": "Polygon", "coordinates": [[[301843.37394781044, 2773133.897840073], [301865.3978444243, 2773133.9815436993], [301865.57881606906, 2773086.3744487325], [301843.5548426014, 2773086.290746157], [301843.37394781044, 2773133.897840073]]]}, "properties": {"height": 17.5, "color": "rgb(0,0,255)"}}, {"geometry": {"type": "Polygon", "coordinates": [[[301850.1827281145, 2773309.3936719894], [301861.9178462815, 2773309.438276911], [301862.03681796277, 2773278.141368661], [301850.3016728729, 2773278.0967641077], [301850.1827281145, 2773309.3936719894]]]}, "properties": {"height": 45.5, "color": "rgb(0,0,255)"}}, {"geometry": {"type": "Polygon", "coordinates": [[[301711.4270863761, 2773372.2791102263], [301784.7875526569, 2773372.5573784993], [301784.86487330735, 2773352.1875374923], [301711.5042974812, 2773351.9092707126], [301711.4270863761, 2773372.2791102263]]]}, "properties": {"height": 17.5, "color": "rgb(0,0,255)"}}, {"geometry": {"type": "Polygon", "coordinates": [[[301717.8437730791, 2773440.6294197515], [301785.5001156093, 2773440.8860762194], [301785.56124313443, 2773424.782938996], [301717.9048207357, 2773424.5262836176], [301717.8437730791, 2773440.6294197515]]]}, "properties": {"height": 17.5, "color": "rgb(0,0,255)"}}, {"geometry": {"type": "Polygon", "coordinates": [[[301682.5357629143, 2773419.203672311], [301741.7513404941, 2773419.428134925], [301741.8248427482, 2773400.0485069635], [301682.60918104165, 2773399.8240454956], [301682.5357629143, 2773419.203672311]]]}, "properties": {"height": 17.5, "color": "rgb(0,0,255)"}}, {"geometry": {"type": "Polygon", "coordinates": [[[301895.104341406, 2772988.8916432927], [301947.1565102773, 2772989.0897146785], [301947.254471654, 2772963.358742045], [301895.2022046146, 2772963.1606720015], [301895.104341406, 2772988.8916432927]]]}, "properties": {"height": 21, "color": "rgb(0,0,255)"}}, {"geometry": {"type": "Polygon", "coordinates": [[[301949.3895732471, 2772931.207706303], [301979.139881794, 2772931.3210049523], [301979.31823661, 2772884.5010812636], [301949.56782597245, 2772884.3877840126], [301949.3895732471, 2772931.207706303]]]}, "properties": {"height": 14, "color": "rgb(0,0,255)"}}, {"geometry": {"type": "Polygon", "coordinates": [[[301891.3125777125, 2773020.030880841], [301931.9880197112, 2773020.1856346806], [301932.0843882537, 2772994.8659746544], [301891.40887076815, 2772994.711221847], [301891.3125777125, 2773020.030880841]]]}, "properties": {"height": 17.5, "color": "rgb(0,0,255)"}}, {"geometry": {"type": "Polygon", "coordinates": [[[301922.1660022872, 2773103.8674334954], [301948.91592186264, 2773103.96925661], [301949.05729236174, 2773066.8391860863], [301922.3072999842, 2773066.737363968], [301922.1660022872, 2773103.8674334954]]]}, "properties": {"height": 17.5, "color": "rgb(0,0,255)"}}, {"geometry": {"type": "Polygon", "coordinates": [[[302079.0611063439, 2772914.9331558957], [302162.37052868603, 2772915.251377769], [302162.41556158935, 2772903.471305803], [302079.10606731795, 2772903.1530849184], [302079.0611063439, 2772914.9331558957]]]}, "properties": {"height": 14, "color": "rgb(0,0,255)"}}, {"geometry": {"type": "Polygon", "coordinates": [[[302106.07691538683, 2772988.2963562254], [302134.9932666961, 2772988.40681264], [302135.11546117545, 2772956.426256303], [302106.1990420857, 2772956.31580082], [302106.07691538683, 2772988.2963562254]]]}, "properties": {"height": 17.5, "color": "rgb(0,0,255)"}}, {"geometry": {"type": "Polygon", "coordinates": [[[302011.457577173, 2773104.679983268], [302042.5904684872, 2773104.7986988686], [302042.71836696286, 2773071.267463186], [302011.58539913053, 2773071.1487486353], [302011.457577173, 2773104.679983268]]]}, "properties": {"height": 14, "color": "rgb(0,0,255)"}}, {"geometry": {"type": "Polygon", "coordinates": [[[302079.01601095597, 2772928.8559965016], [302162.4176571048, 2772929.174572473], [302162.47178062145, 2772915.016592152], [302079.0700479276, 2772914.69801737], [302079.01601095597, 2772928.8559965016]]]}, "properties": {"height": 14, "color": "rgb(0,0,255)"}}, {"geometry": {"type": "Polygon", "coordinates": [[[302032.42370089644, 2772929.97246563], [302053.25128132734, 2772930.0519035766], [302053.39720666886, 2772891.799614121], [302032.569567845, 2772891.7201769757], [302032.42370089644, 2772929.97246563]]]}, "properties": {"height": 17.5, "color": "rgb(0,0,255)"}}, {"geometry": {"type": "Polygon", "coordinates": [[[303038.3228435745, 2772547.8907411206], [303138.05535070226, 2772548.2787078056], [303138.3438041824, 2772474.196188002], [303038.61075561837, 2772473.8082288965], [303038.3228435745, 2772547.8907411206]]]}, "properties": {"height": 35, "color": "rgb(0,0,255)"}}, {"geometry": {"type": "Polygon", "coordinates": [[[302780.49213639897, 2772708.833691742], [302819.72859898966, 2772708.9855062314], [302819.83479904546, 2772681.548164412], [302780.5982575582, 2772681.396351021], [302780.49213639897, 2772708.833691742]]]}, "properties": {"height": 49, "color": "rgb(0,0,255)"}}, {"geometry": {"type": "Polygon", "coordinates": [[[302904.79129987414, 2772613.3347611525], [302957.14457018767, 2772613.537821507], [302957.21171413246, 2772596.235193835], [302904.8583774345, 2772596.032134407], [302904.79129987414, 2772613.3347611525]]]}, "properties": {"height": 56, "color": "rgb(0,0,255)"}}, {"geometry": {"type": "Polygon", "coordinates": [[[302901.35148318834, 2772590.7241123784], [302940.21041939175, 2772590.8748024404], [302940.2764395107, 2772573.856179371], [302901.417454843, 2772573.7054899856], [302901.35148318834, 2772590.7241123784]]]}, "properties": {"height": 56, "color": "rgb(0,0,255)"}}, {"geometry": {"type": "Polygon", "coordinates": [[[302780.7484932933, 2772558.238842059], [302807.133228848, 2772558.3409121586], [302807.25593893277, 2772526.6285737543], [302780.87114206114, 2772526.5265045078], [302780.7484932933, 2772558.238842059]]]}, "properties": {"height": 38.5, "color": "rgb(0,0,255)"}}, {"geometry": {"type": "Polygon", "coordinates": [[[302708.8998075387, 2772551.348581265], [302741.3506609135, 2772551.4739543335], [302741.43594563904, 2772529.4060493973], [302708.9850397853, 2772529.2806770583], [302708.8998075387, 2772551.348581265]]]}, "properties": {"height": 35, "color": "rgb(0,0,255)"}}, {"geometry": {"type": "Polygon", "coordinates": [[[302754.2920723024, 2772811.184032039], [302792.82464194973, 2772811.3330542976], [302792.94254887174, 2772780.856923083], [302754.4098931583, 2772780.7079020212], [302754.2920723024, 2772811.184032039]]]}, "properties": {"height": 42, "color": "rgb(0,0,255)"}}, {"geometry": {"type": "Polygon", "coordinates": [[[302682.61714355776, 2772770.684517741], [302723.26309079037, 2772770.8415004057], [302723.351367962, 2772747.9935003705], [302682.70535266766, 2772747.836518652], [302682.61714355776, 2772770.684517741]]]}, "properties": {"height": 49, "color": "rgb(0,0,255)"}}, {"geometry": {"type": "Polygon", "coordinates": [[[302784.9564708516, 2772810.35488578], [302823.50653796335, 2772810.504062309], [302823.56643289863, 2772795.0316736475], [302785.0163220722, 2772794.8824977274], [302784.9564708516, 2772810.35488578]]]}, "properties": {"height": 45.5, "color": "rgb(0,0,255)"}}, {"geometry": {"type": "Polygon", "coordinates": [[[302664.8964471063, 2772890.697874523], [302697.34078221413, 2772890.823135229], [302697.4149807709, 2772871.610489803], [302664.97059997683, 2772871.4852297315], [302664.8964471063, 2772890.697874523]]]}, "properties": {"height": 35, "color": "rgb(0,0,255)"}}, {"geometry": {"type": "Polygon", "coordinates": [[[303171.1810778604, 2772456.623885461], [303197.89878957486, 2772456.728004016], [303198.0648960753, 2772414.1140531246], [303171.34710092895, 2772414.0099357395], [303171.1810778604, 2772456.623885461]]]}, "properties": {"height": 38.5, "color": "rgb(0,0,255)"}}, {"geometry": {"type": "Polygon", "coordinates": [[[303031.77811380936, 2772363.7579836105], [303049.0348607743, 2772363.825048119], [303049.1887559825, 2772324.2315805717], [303031.93195895106, 2772324.164516764], [303031.77811380936, 2772363.7579836105]]]}, "properties": {"height": 42, "color": "rgb(0,0,255)"}}, {"geometry": {"type": "Polygon", "coordinates": [[[302979.2879582455, 2772495.1296800436], [303014.6646051201, 2772495.2670583497], [303014.82002438593, 2772455.2577208346], [302979.44327379053, 2772455.120343979], [302979.2879582455, 2772495.1296800436]]]}, "properties": {"height": 17.5, "color": "rgb(0,0,255)"}}, {"geometry": {"type": "Polygon", "coordinates": [[[302952.7448312826, 2772495.907952976], [302976.2131024499, 2772495.9990315754], [302976.36779427266, 2772456.148069053], [302952.8994545711, 2772456.0569914095], [302952.7448312826, 2772495.907952976]]]}, "properties": {"height": 28, "color": "rgb(0,0,255)"}}, {"geometry": {"type": "Polygon", "coordinates": [[[303080.7425526912, 2772345.5623764833], [303109.011648603, 2772345.672350034], [303109.0977363755, 2772323.548986378], [303080.82859463635, 2772323.439013469], [303080.7425526912, 2772345.5623764833]]]}, "properties": {"height": 38.5, "color": "rgb(0,0,255)"}}, {"geometry": {"type": "Polygon", "coordinates": [[[302955.9628756452, 2772495.5694509083], [302976.5026884433, 2772495.6491670087], [302976.64246717945, 2772459.640257025], [302956.10260018194, 2772459.560541682], [302955.9628756452, 2772495.5694509083]]]}, "properties": {"height": 28, "color": "rgb(0,0,255)"}}, {"geometry": {"type": "Polygon", "coordinates": [[[302995.97822953085, 2772367.821297438], [303012.4137602787, 2772367.885126974], [303012.58355316566, 2772324.1714432286], [302996.14796977176, 2772324.1076144287], [302995.97822953085, 2772367.821297438]]]}, "properties": {"height": 31.5, "color": "rgb(0,0,255)"}}, {"geometry": {"type": "Polygon", "coordinates": [[[303161.76423274615, 2772549.1787202815], [303198.9756428246, 2772549.323726771], [303199.1009424016, 2772517.1805555043], [303161.88944467093, 2772517.0355502437], [303161.76423274615, 2772549.1787202815]]]}, "properties": {"height": 42, "color": "rgb(0,0,255)"}}, {"geometry": {"type": "Polygon", "coordinates": [[[303098.83680902084, 2772608.010678049], [303172.6382068495, 2772608.2980350424], [303172.80984606175, 2772564.2465001564], [303099.00820998277, 2772563.959146501], [303098.83680902084, 2772608.010678049]]]}, "properties": {"height": 14, "color": "rgb(0,0,255)"}}, {"geometry": {"type": "Polygon", "coordinates": [[[303042.31662152597, 2772686.0575355813], [303194.25925753475, 2772686.6489720964], [303194.3406451219, 2772665.769933286], [303042.397776618, 2772665.1785000265], [303042.31662152597, 2772686.0575355813]]]}, "properties": {"height": 14, "color": "rgb(0,0,255)"}}, {"geometry": {"type": "Polygon", "coordinates": [[[302987.31776560517, 2772641.728287506], [303016.9510790739, 2772641.8433808177], [303017.07659888966, 2772609.5343901073], [302987.4432152563, 2772609.419297776], [302987.31776560517, 2772641.728287506]]]}, "properties": {"height": 42, "color": "rgb(0,0,255)"}}, {"geometry": {"type": "Polygon", "coordinates": [[[302990.8699283536, 2772641.5299154413], [303013.3994302348, 2772641.617418135], [303013.52297889005, 2772609.813676418], [302990.9934244986, 2772609.7261744575], [302990.8699283536, 2772641.5299154413]]]}, "properties": {"height": 52.5, "color": "rgb(0,0,255)"}}, {"geometry": {"type": "Polygon", "coordinates": [[[302991.1781712513, 2772522.292077743], [303014.4814309878, 2772522.382582407], [303014.56358215294, 2772501.2347664055], [302991.26028630236, 2772501.144262246], [302991.1781712513, 2772522.292077743]]]}, "properties": {"height": 42, "color": "rgb(0,0,255)"}}, {"geometry": {"type": "Polygon", "coordinates": [[[302973.1828423937, 2772805.9069381854], [302995.65218614147, 2772805.9941839436], [302995.80647187785, 2772766.2674673493], [302973.3370627092, 2772766.1802225057], [302973.1828423937, 2772805.9069381854]]]}, "properties": {"height": 38.5, "color": "rgb(0,0,255)"}}, {"geometry": {"type": "Polygon", "coordinates": [[[303042.79046010145, 2772738.6042447947], [303068.76103895355, 2772738.7052184427], [303068.94315719226, 2772691.875217753], [303042.9724892075, 2772691.7742453516], [303042.79046010145, 2772738.6042447947]]]}, "properties": {"height": 21, "color": "rgb(0,0,255)"}}, {"geometry": {"type": "Polygon", "coordinates": [[[302502.31006701826, 2772375.137042569], [302519.38007092633, 2772375.202719344], [302519.48754750355, 2772347.2729669586], [302502.41750865994, 2772347.207290668], [302502.31006701826, 2772375.137042569]]]}, "properties": {"height": 21, "color": "rgb(0,0,255)"}}, {"geometry": {"type": "Polygon", "coordinates": [[[302384.9273312476, 2772324.8867998077], [302421.48743418325, 2772325.0271734484], [302421.5503173768, 2772308.6550067705], [302384.9901705808, 2772308.514633736], [302384.9273312476, 2772324.8867998077]]]}, "properties": {"height": 17.5, "color": "rgb(0,0,255)"}}, {"geometry": {"type": "Polygon", "coordinates": [[[302478.99405234226, 2772533.841521691], [302498.34131389897, 2772533.9159336146], [302498.49589949485, 2772493.7304775408], [302479.1485809633, 2772493.656066406], [302478.99405234226, 2772533.841521691]]]}, "properties": {"height": 24.5, "color": "rgb(0,0,255)"}}, {"geometry": {"type": "Polygon", "coordinates": [[[302560.95902524557, 2772487.713696855], [302593.92702315364, 2772487.8407078357], [302593.9912941313, 2772471.163194709], [302561.0232559319, 2772471.036184288], [302560.95902524557, 2772487.713696855]]]}, "properties": {"height": 21, "color": "rgb(0,0,255)"}}, {"geometry": {"type": "Polygon", "coordinates": [[[302520.8229146259, 2772593.2841309435], [302538.3181032128, 2772593.351473645], [302538.403617609, 2772571.139014741], [302520.9084005434, 2772571.0716724335], [302520.8229146259, 2772593.2841309435]]]}, "properties": {"height": 21, "color": "rgb(0,0,255)"}}, {"geometry": {"type": "Polygon", "coordinates": [[[302574.75839243375, 2772504.6781966966], [302607.9366549354, 2772504.806052424], [302607.99872452865, 2772488.7041735644], [302574.8204228779, 2772488.57631838], [302574.75839243375, 2772504.6781966966]]]}, "properties": {"height": 17.5, "color": "rgb(0,0,255)"}}, {"geometry": {"type": "Polygon", "coordinates": [[[302538.0207678322, 2772685.76084438], [302562.9914672141, 2772685.857003866], [302563.1800316973, 2772636.901798691], [302538.2092427273, 2772636.805640446], [302538.0207678322, 2772685.76084438]]]}, "properties": {"height": 17.5, "color": "rgb(0,0,255)"}}, {"geometry": {"type": "Polygon", "coordinates": [[[302527.67622214335, 2772719.5594683057], [302562.16356073885, 2772719.6922630738], [302562.27261090797, 2772691.3806493273], [302527.7852007554, 2772691.24785555], [302527.67622214335, 2772719.5594683057]]]}, "properties": {"height": 21, "color": "rgb(0,0,255)"}}, {"geometry": {"type": "Polygon", "coordinates": [[[302499.70202295436, 2772648.1005509943], [302533.8409132492, 2772648.2319297823], [302533.96144116676, 2772616.9226589114], [302499.8224725403, 2772616.791281208], [302499.70202295436, 2772648.1005509943]]]}, "properties": {"height": 17.5, "color": "rgb(0,0,255)"}}, {"geometry": {"type": "Polygon", "coordinates": [[[302576.7227064608, 2772657.3813584726], [302612.3692398408, 2772657.5187428873], [302612.4383476825, 2772639.5936538894], [302576.7917674754, 2772639.456270124], [302576.7227064608, 2772657.3813584726]]]}, "properties": {"height": 17.5, "color": "rgb(0,0,255)"}}, {"geometry": {"type": "Polygon", "coordinates": [[[302455.78224487643, 2772748.2106389576], [302504.6697453034, 2772748.3986525354], [302504.7404657188, 2772730.0183555605], [302455.85289943754, 2772729.830342893], [302455.78224487643, 2772748.2106389576]]]}, "properties": {"height": 10.5, "color": "rgb(0,0,255)"}}, {"geometry": {"type": "Polygon", "coordinates": [[[302575.8602575797, 2772718.448930151], [302599.03359188547, 2772718.538232102], [302599.09149757813, 2772703.5153154624], [302575.91813775874, 2772703.4260138646], [302575.8602575797, 2772718.448930151]]]}, "properties": {"height": 24.5, "color": "rgb(0,0,255)"}}, {"geometry": {"type": "Polygon", "coordinates": [[[302431.57606704056, 2772819.83950883], [302452.2494483121, 2772819.9189596693], [302452.33516944374, 2772797.6183387535], [302431.6617543833, 2772797.5388883813], [302431.57606704056, 2772819.83950883]]]}, "properties": {"height": 38.5, "color": "rgb(0,0,255)"}}, {"geometry": {"type": "Polygon", "coordinates": [[[302510.247733323, 2772813.8709174832], [302537.4119129013, 2772813.975476222], [302537.4670013709, 2772799.667252712], [302510.3027933068, 2772799.562694367], [302510.247733323, 2772813.8709174832]]]}, "properties": {"height": 42, "color": "rgb(0,0,255)"}}, {"geometry": {"type": "Polygon", "coordinates": [[[302445.87242512876, 2772906.7881274815], [302479.70262209914, 2772906.918198286], [302479.80157781154, 2772881.188929545], [302445.9713170451, 2772881.058859623], [302445.87242512876, 2772906.7881274815]]]}, "properties": {"height": 17.5, "color": "rgb(0,0,255)"}}, {"geometry": {"type": "Polygon", "coordinates": [[[302406.18729061633, 2772890.5356119573], [302427.9874144443, 2772890.619355803], [302428.04969246173, 2772874.410523872], [302406.2495427356, 2772874.326780384], [302406.18729061633, 2772890.5356119573]]]}, "properties": {"height": 31.5, "color": "rgb(0,0,255)"}}, {"geometry": {"type": "Polygon", "coordinates": [[[302560.21036726533, 2772894.902860664], [302580.1822468953, 2772894.9798056483], [302580.24703714275, 2772878.165962081], [302560.27513290086, 2772878.089017438], [302560.21036726533, 2772894.902860664]]]}, "properties": {"height": 35, "color": "rgb(0,0,255)"}}, {"geometry": {"type": "Polygon", "coordinates": [[[302510.4865516461, 2772817.497285974], [302537.6168406327, 2772817.60171486], [302537.65247327153, 2772808.3468456813], [302510.52216588263, 2772808.2424170505], [302510.4865516461, 2772817.497285974]]]}, "properties": {"height": 42, "color": "rgb(0,0,255)"}}, {"geometry": {"type": "Polygon", "coordinates": [[[302548.54747563205, 2772894.4433129546], [302566.90992213273, 2772894.51404054], [302566.9748671948, 2772877.6557622156], [302548.6123980057, 2772877.585034945], [302548.54747563205, 2772894.4433129546]]]}, "properties": {"height": 31.5, "color": "rgb(0,0,255)"}}, {"geometry": {"type": "Polygon", "coordinates": [[[302572.50795517955, 2772872.4173753886], [302588.11611948785, 2772872.4775194507], [302588.1811472883, 2772855.6044179928], [302572.5729636779, 2772855.544274199], [302572.50795517955, 2772872.4173753886]]]}, "properties": {"height": 35, "color": "rgb(0,0,255)"}}, {"geometry": {"type": "Polygon", "coordinates": [[[302412.6709287197, 2772871.876011854], [302434.4388640011, 2772871.9596417258], [302434.48504141823, 2772859.94263901], [302412.7170869647, 2772859.859009403], [302412.6709287197, 2772871.876011854]]]}, "properties": {"height": 35, "color": "rgb(0,0,255)"}}, {"geometry": {"type": "Polygon", "coordinates": [[[302507.374482453, 2772887.573568991], [302515.27399553685, 2772887.603969005], [302515.34017845313, 2772870.4074306414], [302507.4406554129, 2772870.3770307656], [302507.374482453, 2772887.573568991]]]}, "properties": {"height": 63, "color": "rgb(0,0,255)"}}, {"geometry": {"type": "Polygon", "coordinates": [[[302530.7755827552, 2772798.2447699085], [302548.6980651485, 2772798.313776507], [302548.7677569505, 2772780.2163638785], [302530.8452507857, 2772780.147357609], [302530.7755827552, 2772798.2447699085]]]}, "properties": {"height": 24.5, "color": "rgb(0,0,255)"}}, {"geometry": {"type": "Polygon", "coordinates": [[[302496.09495528083, 2772876.551626879], [302508.9970168221, 2772876.6012698766], [302509.0686550747, 2772857.984938902], [302496.1665759295, 2772857.935296147], [302496.09495528083, 2772876.551626879]]]}, "properties": {"height": 31.5, "color": "rgb(0,0,255)"}}, {"geometry": {"type": "Polygon", "coordinates": [[[302540.65921322966, 2772762.8111757976], [302559.3461323536, 2772762.8831387046], [302559.42350590404, 2772742.7947182776], [302540.73655926826, 2772742.722755752], [302540.65921322966, 2772762.8111757976]]]}, "properties": {"height": 21, "color": "rgb(0,0,255)"}}, {"geometry": {"type": "Polygon", "coordinates": [[[302774.04225321487, 2772371.1628750106], [302792.07824077504, 2772371.232628009], [302792.1995322803, 2772339.875553642], [302774.16350327805, 2772339.805801221], [302774.04225321487, 2772371.1628750106]]]}, "properties": {"height": 21, "color": "rgb(0,0,255)"}}, {"geometry": {"type": "Polygon", "coordinates": [[[302680.93388300267, 2772413.646299882], [302691.31627097254, 2772413.686380046], [302691.4153386011, 2772388.0262643937], [302681.03293110896, 2772387.986184501], [302680.93388300267, 2772413.646299882]]]}, "properties": {"height": 42, "color": "rgb(0,0,255)"}}, {"geometry": {"type": "Polygon", "coordinates": [[[302712.9180886612, 2772364.798035814], [302722.821021701, 2772364.8362873574], [302722.87070952787, 2772351.973797873], [302712.9677671544, 2772351.9355464596], [302712.9180886612, 2772364.798035814]]]}, "properties": {"height": 63, "color": "rgb(0,0,255)"}}, {"geometry": {"type": "Polygon", "coordinates": [[[302778.6895128216, 2772387.0080601955], [302800.8340392911, 2772387.0937141273], [302800.8995015401, 2772370.1729422943], [302778.75494761346, 2772370.087288745], [302778.6895128216, 2772387.0080601955]]]}, "properties": {"height": 21, "color": "rgb(0,0,255)"}}, {"geometry": {"type": "Polygon", "coordinates": [[[302648.8240380729, 2772434.1288541127], [302682.35308094515, 2772434.2582402504], [302682.6333275885, 2772361.6575229918], [302649.1041063403, 2772361.528139331], [302648.8240380729, 2772434.1288541127]]]}, "properties": {"height": 45.5, "color": "rgb(0,0,255)"}}, {"geometry": {"type": "Polygon", "coordinates": [[[302679.5399371748, 2772430.6252517607], [302725.1624756751, 2772430.801428454], [302725.41797099897, 2772364.666506643], [302679.79521140084, 2772364.490333023], [302679.5399371748, 2772430.6252517607]]]}, "properties": {"height": 35, "color": "rgb(0,0,255)"}}, {"geometry": {"type": "Polygon", "coordinates": [[[302679.6728179642, 2772492.4841519226], [302725.2120444071, 2772492.660011664], [302725.3884950949, 2772446.9871402024], [302679.84911623603, 2772446.8112825793], [302679.6728179642, 2772492.4841519226]]]}, "properties": {"height": 45.5, "color": "rgb(0,0,255)"}}, {"geometry": {"type": "Polygon", "coordinates": [[[302656.7821751828, 2772599.469588812], [302674.2925675531, 2772599.5371646592], [302674.3816868594, 2772576.4481357345], [302656.8712648606, 2772576.380560298], [302656.7821751828, 2772599.469588812]]]}, "properties": {"height": 49, "color": "rgb(0,0,255)"}}, {"geometry": {"type": "Polygon", "coordinates": [[[302719.43459286407, 2772590.8331062654], [302743.0901349489, 2772590.924510984], [302743.18855441245, 2772565.4591557626], [302719.53296818194, 2772565.367751658], [302719.43459286407, 2772590.8331062654]]]}, "properties": {"height": 31.5, "color": "rgb(0,0,255)"}}, {"geometry": {"type": "Polygon", "coordinates": [[[302786.765265909, 2772619.9176072692], [302793.6533135857, 2772619.9442526675], [302793.8081075015, 2772579.931134252], [302786.9200396268, 2772579.904489134], [302786.765265909, 2772619.9176072692]]]}, "properties": {"height": 59.5, "color": "rgb(0,0,255)"}}, {"geometry": {"type": "Polygon", "coordinates": [[[302779.4574910315, 2772508.1194627066], [302805.1492942527, 2772508.2188470513], [302805.207022849, 2772493.299046191], [302779.51519153797, 2772493.1996622365], [302779.4574910315, 2772508.1194627066]]]}, "properties": {"height": 38.5, "color": "rgb(0,0,255)"}}, {"geometry": {"type": "Polygon", "coordinates": [[[302721.90148469387, 2772535.4306964567], [302740.5935705525, 2772535.5029207803], [302740.6542678392, 2772519.7968431446], [302721.96216046653, 2772519.7246191194], [302721.90148469387, 2772535.4306964567]]]}, "properties": {"height": 35, "color": "rgb(0,0,255)"}}, {"geometry": {"type": "Polygon", "coordinates": [[[302674.05856257246, 2772590.9777245275], [302700.3628334572, 2772591.0792790023], [302700.45633106295, 2772566.867814205], [302674.15201350657, 2772566.766260379], [302674.05856257246, 2772590.9777245275]]]}, "properties": {"height": 17.5, "color": "rgb(0,0,255)"}}, {"geometry": {"type": "Polygon", "coordinates": [[[302653.472245869, 2772548.870571535], [302670.32399297395, 2772548.9355997047], [302670.39393373113, 2772530.813622814], [302653.54216424667, 2772530.7485949546], [302653.472245869, 2772548.870571535]]]}, "properties": {"height": 35, "color": "rgb(0,0,255)"}}, {"geometry": {"type": "Polygon", "coordinates": [[[302626.96405825455, 2772553.7027949346], [302645.94370334933, 2772553.77599908], [302646.0266003812, 2772532.2870749077], [302627.04692539806, 2772532.2138711773], [302626.96405825455, 2772553.7027949346]]]}, "properties": {"height": 24.5, "color": "rgb(0,0,255)"}}, {"geometry": {"type": "Polygon", "coordinates": [[[302607.48942384595, 2772504.0731039266], [302641.75214898796, 2772504.2052222365], [302641.8150614443, 2772487.895169517], [302607.5522953509, 2772487.7630517753], [302607.48942384595, 2772504.0731039266]]]}, "properties": {"height": 17.5, "color": "rgb(0,0,255)"}}, {"geometry": {"type": "Polygon", "coordinates": [[[302699.48774480144, 2772591.3220387674], [302720.7898086479, 2772591.40431672], [302720.886992392, 2772566.2480657715], [302699.58488927444, 2772566.165788364], [302699.48774480144, 2772591.3220387674]]]}, "properties": {"height": 17.5, "color": "rgb(0,0,255)"}}, {"geometry": {"type": "Polygon", "coordinates": [[[302653.6918113281, 2772491.801247904], [302661.37737852894, 2772491.8309021145], [302661.5784808256, 2772439.713986193], [302653.8928842726, 2772439.6843323903], [302653.6918113281, 2772491.801247904]]]}, "properties": {"height": 21, "color": "rgb(0,0,255)"}}, {"geometry": {"type": "Polygon", "coordinates": [[[302768.11280335515, 2772739.323638478], [302797.94127689616, 2772739.439015494], [302798.0123087877, 2772721.0802384717], [302768.1837951132, 2772720.9648620137], [302768.11280335515, 2772739.323638478]]]}, "properties": {"height": 35, "color": "rgb(0,0,255)"}}, {"geometry": {"type": "Polygon", "coordinates": [[[302675.10123738827, 2772697.4154617507], [302707.2028794385, 2772697.5394131667], [302707.26339515444, 2772681.871440815], [302675.1617162433, 2772681.7474899106], [302675.10123738827, 2772697.4154617507]]]}, "properties": {"height": 28, "color": "rgb(0,0,255)"}}, {"geometry": {"type": "Polygon", "coordinates": [[[302727.0827590833, 2772629.6504674437], [302742.75207186677, 2772629.711018633], [302742.8246994313, 2772610.9193385267], [302727.155365069, 2772610.858787637], [302727.0827590833, 2772629.6504674437]]]}, "properties": {"height": 35, "color": "rgb(0,0,255)"}}, {"geometry": {"type": "Polygon", "coordinates": [[[302586.0163900426, 2772699.8711134815], [302615.4906714718, 2772699.98472496], [302615.55436524894, 2772683.465199712], [302586.08004813635, 2772683.3515887284], [302586.0163900426, 2772699.8711134815]]]}, "properties": {"height": 21, "color": "rgb(0,0,255)"}}, {"geometry": {"type": "Polygon", "coordinates": [[[302694.4135881388, 2772616.8119203956], [302721.7695352041, 2772616.917578114], [302721.7978354368, 2772609.5922281495], [302694.4418736859, 2772609.486570636], [302694.4135881388, 2772616.8119203956]]]}, "properties": {"height": 49, "color": "rgb(0,0,255)"}}, {"geometry": {"type": "Polygon", "coordinates": [[[302667.3875337355, 2772631.468271665], [302684.78105945094, 2772631.535410826], [302684.83504596073, 2772617.5515758405], [302667.4415024204, 2772617.484436927], [302667.3875337355, 2772631.468271665]]]}, "properties": {"height": 35, "color": "rgb(0,0,255)"}}, {"geometry": {"type": "Polygon", "coordinates": [[[302714.7356346937, 2772697.409989778], [302737.89777050994, 2772697.4994835], [302737.9639647193, 2772680.3712765765], [302714.80179982836, 2772680.281783258], [302714.7356346937, 2772697.409989778]]]}, "properties": {"height": 21, "color": "rgb(0,0,255)"}}, {"geometry": {"type": "Polygon", "coordinates": [[[302749.29926582467, 2772894.5882730098], [302787.5834554861, 2772894.7363253846], [302787.7209633468, 2772859.191475354], [302749.4366739486, 2772859.0434243665], [302749.29926582467, 2772894.5882730098]]]}, "properties": {"height": 14, "color": "rgb(0,0,255)"}}, {"geometry": {"type": "Polygon", "coordinates": [[[302689.77348900726, 2772812.993538634], [302715.3388389711, 2772813.0922780507], [302715.4316956413, 2772789.05580613], [302689.8663006407, 2772788.957067339], [302689.77348900726, 2772812.993538634]]]}, "properties": {"height": 28, "color": "rgb(0,0,255)"}}, {"geometry": {"type": "Polygon", "coordinates": [[[302734.6456268603, 2772897.8495149743], [302758.3097546972, 2772897.9409907716], [302758.3784473442, 2772880.174631611], [302734.7142886932, 2772880.0831562425], [302734.6456268603, 2772897.8495149743]]]}, "properties": {"height": 38.5, "color": "rgb(0,0,255)"}}, {"geometry": {"type": "Polygon", "coordinates": [[[302658.87101453025, 2772904.911572325], [302670.8088616671, 2772904.9576478517], [302670.8902133544, 2772883.8823075593], [302658.95234777743, 2772883.836232289], [302658.87101453025, 2772904.911572325]]]}, "properties": {"height": 49, "color": "rgb(0,0,255)"}}, {"geometry": {"type": "Polygon", "coordinates": [[[302743.0667839617, 2772866.488011078], [302788.17410730186, 2772866.6624384974], [302788.23807534383, 2772850.1271807305], [302743.1306973381, 2772849.952754071], [302743.0667839617, 2772866.488011078]]]}, "properties": {"height": 17.5, "color": "rgb(0,0,255)"}}, {"geometry": {"type": "Polygon", "coordinates": [[[302693.53048955766, 2772763.7956915046], [302709.233779337, 2772763.856338741], [302709.27174671984, 2772754.026954638], [302693.5684456281, 2772753.9663075577], [302693.53048955766, 2772763.7956915046]]]}, "properties": {"height": 63, "color": "rgb(0,0,255)"}}, {"geometry": {"type": "Polygon", "coordinates": [[[302619.03817983525, 2772874.5993151683], [302630.9579620998, 2772874.6452855975], [302631.0356645944, 2772854.4998332723], [302619.11586473027, 2772854.453863088], [302619.03817983525, 2772874.5993151683]]]}, "properties": {"height": 35, "color": "rgb(0,0,255)"}}, {"geometry": {"type": "Polygon", "coordinates": [[[302974.110581065, 2772347.228860333], [302995.73868018086, 2772347.312824642], [302995.82868965634, 2772324.132210939], [302974.20055380324, 2772324.048247144], [302974.110581065, 2772347.228860333]]]}, "properties": {"height": 38.5, "color": "rgb(0,0,255)"}}, {"geometry": {"type": "Polygon", "coordinates": [[[302821.3336424817, 2772446.718957126], [302856.68017560046, 2772446.855806653], [302856.73242065916, 2772433.366038349], [302821.3858525997, 2772433.2291893084], [302821.3336424817, 2772446.718957126]]]}, "properties": {"height": 38.5, "color": "rgb(0,0,255)"}}, {"geometry": {"type": "Polygon", "coordinates": [[[302977.8981467214, 2772387.7293177512], [302994.39793108834, 2772387.79337553], [302994.4886139108, 2772364.439147584], [302977.9888013072, 2772364.3750902], [302977.8981467214, 2772387.7293177512]]]}, "properties": {"height": 38.5, "color": "rgb(0,0,255)"}}, {"geometry": {"type": "Polygon", "coordinates": [[[302843.73434651055, 2772341.4107507635], [302866.44936482015, 2772341.4987184117], [302866.5229750637, 2772322.495093832], [302843.8079251232, 2772322.4071266246], [302843.73434651055, 2772341.4107507635]]]}, "properties": {"height": 35, "color": "rgb(0,0,255)"}}, {"geometry": {"type": "Polygon", "coordinates": [[[302935.4787723809, 2772355.4509666916], [302960.60241216124, 2772355.548433776], [302960.64372154983, 2772344.902810302], [302935.52006217116, 2772344.805343491], [302935.4787723809, 2772355.4509666916]]]}, "properties": {"height": 42, "color": "rgb(0,0,255)"}}, {"geometry": {"type": "Polygon", "coordinates": [[[302792.6008089705, 2772587.292602526], [302816.64861095324, 2772587.3856520667], [302816.6918270407, 2772576.219371577], [302792.6440053795, 2772576.1263223104], [302792.6008089705, 2772587.292602526]]]}, "properties": {"height": 63, "color": "rgb(0,0,255)"}}, {"geometry": {"type": "Polygon", "coordinates": [[[302816.30414821143, 2772619.089411261], [302822.97506586416, 2772619.1152311014], [302823.1291107817, 2772579.3178138807], [302816.45817367313, 2772579.291994311], [302816.30414821143, 2772619.089411261]]]}, "properties": {"height": 56, "color": "rgb(0,0,255)"}}, {"geometry": {"type": "Polygon", "coordinates": [[[302854.4015712248, 2772529.1734298123], [302889.91939431336, 2772529.311033447], [302890.0303474866, 2772500.6816231683], [302854.51244988135, 2772500.5440205717], [302854.4015712248, 2772529.1734298123]]]}, "properties": {"height": 14, "color": "rgb(0,0,255)"}}, {"geometry": {"type": "Polygon", "coordinates": [[[302902.56058698334, 2772551.9312704103], [302927.21543582936, 2772552.026866641], [302927.2607078536, 2772540.3536331267], [302902.6058379168, 2772540.25803719], [302902.56058698334, 2772551.9312704103]]]}, "properties": {"height": 42, "color": "rgb(0,0,255)"}}, {"geometry": {"type": "Polygon", "coordinates": [[[302852.26532392605, 2772592.234660742], [302873.9776161, 2772592.3187665953], [302874.0427487275, 2772575.507900116], [302852.3304298049, 2772575.4237946356], [302852.26532392605, 2772592.234660742]]]}, "properties": {"height": 31.5, "color": "rgb(0,0,255)"}}, {"geometry": {"type": "Polygon", "coordinates": [[[302954.9095268431, 2772552.4440943724], [302973.9700812094, 2772552.518068615], [302974.05646589625, 2772530.263701312], [302954.99588044506, 2772530.1897275033], [302954.9095268431, 2772552.4440943724]]]}, "properties": {"height": 28, "color": "rgb(0,0,255)"}}, {"geometry": {"type": "Polygon", "coordinates": [[[302966.81771039404, 2772529.8906609076], [302985.93276095664, 2772529.964862681], [302985.99109054485, 2772514.941303561], [302966.87601893744, 2772514.867102082], [302966.81771039404, 2772529.8906609076]]]}, "properties": {"height": 35, "color": "rgb(0,0,255)"}}, {"geometry": {"type": "Polygon", "coordinates": [[[302922.1527964269, 2772490.265262817], [302935.42303710745, 2772490.316728803], [302935.4988112986, 2772470.7811267297], [302922.2285516207, 2772470.7296610093], [302922.1527964269, 2772490.265262817]]]}, "properties": {"height": 38.5, "color": "rgb(0,0,255)"}}, {"geometry": {"type": "Polygon", "coordinates": [[[302958.77717978804, 2772585.043675722], [302980.6930374893, 2772585.1287410725], [302980.7446821737, 2772571.8259570613], [302958.8288031072, 2772571.7408920093], [302958.77717978804, 2772585.043675722]]]}, "properties": {"height": 35, "color": "rgb(0,0,255)"}}, {"geometry": {"type": "Polygon", "coordinates": [[[302852.3145942473, 2772551.510355988], [302863.6690496227, 2772551.554334189], [302863.7686654459, 2772525.8378011202], [302852.41418867226, 2772525.7938232175], [302852.3145942473, 2772551.510355988]]]}, "properties": {"height": 31.5, "color": "rgb(0,0,255)"}}, {"geometry": {"type": "Polygon", "coordinates": [[[302840.9550571261, 2772556.739131717], [302852.89529110637, 2772556.785369179], [302853.0330555677, 2772521.2132618027], [302841.0927904616, 2772521.167024775], [302840.9550571261, 2772556.739131717]]]}, "properties": {"height": 21, "color": "rgb(0,0,255)"}}, {"geometry": {"type": "Polygon", "coordinates": [[[302973.69702546205, 2772549.910138321], [302992.13745012006, 2772549.9817307247], [302992.19638246426, 2772534.804825214], [302973.7559372968, 2772534.7332330975], [302973.69702546205, 2772549.910138321]]]}, "properties": {"height": 31.5, "color": "rgb(0,0,255)"}}, {"geometry": {"type": "Polygon", "coordinates": [[[302953.318225289, 2772527.1502518933], [302975.86154663644, 2772527.237742137], [302975.9596493911, 2772501.9652011283], [302953.4162862932, 2772501.877711468], [302953.318225289, 2772527.1502518933]]]}, "properties": {"height": 14, "color": "rgb(0,0,255)"}}, {"geometry": {"type": "Polygon", "coordinates": [[[302922.5915427084, 2772513.7994430033], [302937.2091106769, 2772513.8561360687], [302937.2885288106, 2772493.381962037], [302922.67093891033, 2772493.3252692777], [302922.5915427084, 2772513.7994430033]]]}, "properties": {"height": 28, "color": "rgb(0,0,255)"}}, {"geometry": {"type": "Polygon", "coordinates": [[[302922.9340263925, 2772469.916637649], [302935.26662786864, 2772469.964467071], [302935.3170296016, 2772456.970092218], [302922.98441638204, 2772456.9222629596], [302922.9340263925, 2772469.916637649]]]}, "properties": {"height": 49, "color": "rgb(0,0,255)"}}, {"geometry": {"type": "Polygon", "coordinates": [[[302889.05867043685, 2772479.3362118043], [302911.46446863597, 2772479.423061011], [302911.5498493747, 2772457.4006877425], [302889.1440150171, 2772457.31383904], [302889.05867043685, 2772479.3362118043]]]}, "properties": {"height": 17.5, "color": "rgb(0,0,255)"}}, {"geometry": {"type": "Polygon", "coordinates": [[[302981.0896659299, 2772664.2650406], [303015.9845590328, 2772664.4005615027], [303016.0523463866, 2772646.951881025], [302981.1574086622, 2772646.816360746], [302981.0896659299, 2772664.2650406]]]}, "properties": {"height": 31.5, "color": "rgb(0,0,255)"}}, {"geometry": {"type": "Polygon", "coordinates": [[[302846.3412351667, 2772653.373909006], [302887.08821224654, 2772653.5317632854], [302887.1852461929, 2772628.4939024467], [302846.43819434615, 2772628.3360492093], [302846.3412351667, 2772653.373909006]]]}, "properties": {"height": 17.5, "color": "rgb(0,0,255)"}}, {"geometry": {"type": "Polygon", "coordinates": [[[302793.41450255393, 2772622.904099363], [302817.4527165063, 2772622.9971145876], [302817.4958772244, 2772611.8454732886], [302793.45764362696, 2772611.7524583377], [302793.41450255393, 2772622.904099363]]]}, "properties": {"height": 59.5, "color": "rgb(0,0,255)"}}, {"geometry": {"type": "Polygon", "coordinates": [[[302794.669350422, 2772696.573550377], [302811.30555034184, 2772696.63792267], [302811.3617870017, 2772682.106527246], [302794.72556936496, 2772682.0421551997], [302794.669350422, 2772696.573550377]]]}, "properties": {"height": 59.5, "color": "rgb(0,0,255)"}}, {"geometry": {"type": "Polygon", "coordinates": [[[302840.1360968613, 2772623.4689188334], [302886.4156182839, 2772623.6481923955], [302886.50986123737, 2772599.329892535], [302840.23025733756, 2772599.1506201224], [302840.1360968613, 2772623.4689188334]]]}, "properties": {"height": 14, "color": "rgb(0,0,255)"}}, {"geometry": {"type": "Polygon", "coordinates": [[[302918.3735301582, 2772649.502152661], [302951.14638518204, 2772649.6292783], [302951.1953841755, 2772637.001272094], [302918.42249882204, 2772636.8741468783], [302918.3735301582, 2772649.502152661]]]}, "properties": {"height": 28, "color": "rgb(0,0,255)"}}, {"geometry": {"type": "Polygon", "coordinates": [[[302927.55940039235, 2772677.7280987254], [302951.42886497977, 2772677.820697537], [302951.510535051, 2772656.7730366066], [302927.6410336449, 2772656.6804383085], [302927.55940039235, 2772677.7280987254]]]}, "properties": {"height": 24.5, "color": "rgb(0,0,255)"}}, {"geometry": {"type": "Polygon", "coordinates": [[[302841.3500325683, 2772621.326497579], [302886.7468500082, 2772621.502354215], [302886.8069797907, 2772605.986668563], [302841.4101107319, 2772605.810812646], [302841.3500325683, 2772621.326497579]]]}, "properties": {"height": 17.5, "color": "rgb(0,0,255)"}}, {"geometry": {"type": "Polygon", "coordinates": [[[302867.1510714476, 2772710.6732582534], [302901.56206522003, 2772710.8066144753], [302901.6396609359, 2772690.790403714], [302867.2286166849, 2772690.6570481956], [302867.1510714476, 2772710.6732582534]]]}, "properties": {"height": 17.5, "color": "rgb(0,0,255)"}}, {"geometry": {"type": "Polygon", "coordinates": [[[302859.0109689514, 2772669.6936058677], [302892.2697452726, 2772669.822473381], [302892.3399059912, 2772651.720680132], [302859.08108554874, 2772651.591813233], [302859.0109689514, 2772669.6936058677]]]}, "properties": {"height": 17.5, "color": "rgb(0,0,255)"}}, {"geometry": {"type": "Polygon", "coordinates": [[[302901.5113662481, 2772676.9521863987], [302917.4016464905, 2772677.0137958974], [302917.4945136463, 2772653.0650616316], [302901.6042055147, 2772653.003452522], [302901.5113662481, 2772676.9521863987]]]}, "properties": {"height": 24.5, "color": "rgb(0,0,255)"}}, {"geometry": {"type": "Polygon", "coordinates": [[[302795.7384439612, 2772693.3615423064], [302810.1296557622, 2772693.417227688], [302810.1707855918, 2772682.789151212], [302795.7795625815, 2772682.7334659863], [302795.7384439612, 2772693.3615423064]]]}, "properties": {"height": 56, "color": "rgb(0,0,255)"}}, {"geometry": {"type": "Polygon", "coordinates": [[[302834.3013339881, 2772710.0864476743], [302865.2608078752, 2772710.206349422], [302865.3203857031, 2772694.8274003942], [302834.36087692215, 2772694.7074991334], [302834.3013339881, 2772710.0864476743]]]}, "properties": {"height": 17.5, "color": "rgb(0,0,255)"}}, {"geometry": {"type": "Polygon", "coordinates": [[[302866.341418096, 2772687.7039228054], [302900.4205456987, 2772687.835989233], [302900.4693486432, 2772675.246646202], [302866.39018959814, 2772675.1145802126], [302866.341418096, 2772687.7039228054]]]}, "properties": {"height": 21, "color": "rgb(0,0,255)"}}, {"geometry": {"type": "Polygon", "coordinates": [[[302972.23750139144, 2772708.110711375], [302997.4004222873, 2772708.2084127893], [302997.4493516613, 2772695.609656773], [302972.28640753194, 2772695.511955683], [302972.23750139144, 2772708.110711375]]]}, "properties": {"height": 24.5, "color": "rgb(0,0,255)"}}, {"geometry": {"type": "Polygon", "coordinates": [[[302934.3725230236, 2772882.278123728], [302968.06867270113, 2772882.4088839483], [302968.11449349683, 2772870.604863386], [302934.41831466724, 2772870.474103572], [302934.3725230236, 2772882.278123728]]]}, "properties": {"height": 49, "color": "rgb(0,0,255)"}}, {"geometry": {"type": "Polygon", "coordinates": [[[302793.20240624633, 2772880.4093108396], [302808.44095267396, 2772880.4682770655], [302808.5612440591, 2772849.385891403], [302793.32266291673, 2772849.3269256605], [302793.20240624633, 2772880.4093108396]]]}, "properties": {"height": 31.5, "color": "rgb(0,0,255)"}}, {"geometry": {"type": "Polygon", "coordinates": [[[302806.2851607902, 2772784.2849108363], [302819.1222083353, 2772784.334593574], [302819.30031979183, 2772738.319314072], [302806.4632289549, 2772738.2696319367], [302806.2851607902, 2772784.2849108363]]]}, "properties": {"height": 24.5, "color": "rgb(0,0,255)"}}, {"geometry": {"type": "Polygon", "coordinates": [[[302837.1483218509, 2772794.3264102703], [302866.60021273006, 2772794.4404818173], [302866.7050192271, 2772767.3881290527], [302837.25306995504, 2772767.274058319], [302837.1483218509, 2772794.3264102703]]]}, "properties": {"height": 17.5, "color": "rgb(0,0,255)"}}, {"geometry": {"type": "Polygon", "coordinates": [[[302928.3504981055, 2772866.6180091077], [302946.1515158303, 2772866.6870685103], [302946.2140161687, 2772850.579405072], [302928.4129774287, 2772850.5103459624], [302928.3504981055, 2772866.6180091077]]]}, "properties": {"height": 49, "color": "rgb(0,0,255)"}}, {"geometry": {"type": "Polygon", "coordinates": [[[302849.62389065634, 2772809.127388794], [302869.79578162427, 2772809.20552958], [302869.84791231784, 2772795.750629885], [302849.6760014582, 2772795.672489376], [302849.62389065634, 2772809.127388794]]]}, "properties": {"height": 45.5, "color": "rgb(0,0,255)"}}, {"geometry": {"type": "Polygon", "coordinates": [[[302974.56011004176, 2772865.3349566674], [302991.1471496797, 2772865.399361816], [302991.22410972434, 2772845.5819432037], [302974.63704599446, 2772845.517538392], [302974.56011004176, 2772865.3349566674]]]}, "properties": {"height": 35, "color": "rgb(0,0,255)"}}, {"geometry": {"type": "Polygon", "coordinates": [[[302885.1786805971, 2772808.198934743], [302909.5197562163, 2772808.293292994], [302909.5581360041, 2772798.39493265], [302885.2170427265, 2772798.3005746454], [302885.1786805971, 2772808.198934743]]]}, "properties": {"height": 45.5, "color": "rgb(0,0,255)"}}, {"geometry": {"type": "Polygon", "coordinates": [[[302838.06722830224, 2772764.8012074176], [302858.5579846605, 2772764.8805648503], [302858.6576856615, 2772739.1418064516], [302838.1668906503, 2772739.0624495577], [302838.06722830224, 2772764.8012074176]]]}, "properties": {"height": 21, "color": "rgb(0,0,255)"}}, {"geometry": {"type": "Polygon", "coordinates": [[[302952.6144194217, 2772791.0598194767], [302967.7722807869, 2772791.118648362], [302967.93445355684, 2772749.3388679973], [302952.7765457781, 2772749.2800397603], [302952.6144194217, 2772791.0598194767]]]}, "properties": {"height": 17.5, "color": "rgb(0,0,255)"}}, {"geometry": {"type": "Polygon", "coordinates": [[[302869.67754996684, 2772889.7103470466], [302898.2308415914, 2772889.821009639], [302898.298618006, 2772872.3379281955], [302869.7452897939, 2772872.2272661133], [302869.67754996684, 2772889.7103470466]]]}, "properties": {"height": 21, "color": "rgb(0,0,255)"}}, {"geometry": {"type": "Polygon", "coordinates": [[[302868.24597992894, 2772885.6852531424], [302894.3510652943, 2772885.786422094], [302894.40317702136, 2772872.343083652], [302868.29806593474, 2772872.2419150597], [302868.24597992894, 2772885.6852531424]]]}, "properties": {"height": 24.5, "color": "rgb(0,0,255)"}}, {"geometry": {"type": "Polygon", "coordinates": [[[303152.18639332027, 2772353.4300895403], [303172.08606721665, 2772353.5076023475], [303172.17667855433, 2772330.2494366756], [303152.27697074343, 2772330.1719243443], [303152.18639332027, 2772353.4300895403]]]}, "properties": {"height": 35, "color": "rgb(0,0,255)"}}, {"geometry": {"type": "Polygon", "coordinates": [[[303068.0759567906, 2772390.965757978], [303108.6621726076, 2772391.1236316646], [303108.7334688807, 2772372.8017110825], [303068.1471985732, 2772372.6438381597], [303068.0759567906, 2772390.965757978]]]}, "properties": {"height": 17.5, "color": "rgb(0,0,255)"}}, {"geometry": {"type": "Polygon", "coordinates": [[[303064.1186332773, 2772345.1620425466], [303076.5840408265, 2772345.2105135587], [303076.6681001582, 2772323.59523143], [303064.20267286536, 2772323.5467606946], [303064.1186332773, 2772345.1620425466]]]}, "properties": {"height": 38.5, "color": "rgb(0,0,255)"}}, {"geometry": {"type": "Polygon", "coordinates": [[[303070.5713988427, 2772455.17670334], [303093.18294006976, 2772455.264650067], [303093.2680265928, 2772433.393059384], [303070.65644912526, 2772433.305113164], [303070.5713988427, 2772455.17670334]]]}, "properties": {"height": 17.5, "color": "rgb(0,0,255)"}}, {"geometry": {"type": "Polygon", "coordinates": [[[303065.77969571605, 2772363.8735416858], [303111.9651599795, 2772364.0531952316], [303112.0114416203, 2772352.160226952], [303065.8259371072, 2772351.980573969], [303065.77969571605, 2772363.8735416858]]]}, "properties": {"height": 14, "color": "rgb(0,0,255)"}}, {"geometry": {"type": "Polygon", "coordinates": [[[303037.9309791431, 2772523.2291525574], [303050.5405237927, 2772523.278163491], [303050.64049929864, 2772497.5593872773], [303038.0309308837, 2772497.510376676], [303037.9309791431, 2772523.2291525574]]]}, "properties": {"height": 42, "color": "rgb(0,0,255)"}}, {"geometry": {"type": "Polygon", "coordinates": [[[302988.5789465813, 2772588.5516542904], [303015.97035009746, 2772588.6580381715], [303016.05016264797, 2772568.1133792014], [302988.6587178918, 2772568.006995897], [302988.5789465813, 2772588.5516542904]]]}, "properties": {"height": 24.5, "color": "rgb(0,0,255)"}}, {"geometry": {"type": "Polygon", "coordinates": [[[303038.7555884775, 2772548.133714316], [303051.22872229014, 2772548.182196233], [303051.3038518986, 2772528.855515339], [303038.8307004202, 2772528.8070336687], [303038.7555884775, 2772548.133714316]]]}, "properties": {"height": 45.5, "color": "rgb(0,0,255)"}}, {"geometry": {"type": "Polygon", "coordinates": [[[302994.1832960455, 2772552.7972067483], [303014.1295512283, 2772552.874676464], [303014.1826929937, 2772539.1947212005], [302994.23641781474, 2772539.1172517645], [302994.1832960455, 2772552.7972067483]]]}, "properties": {"height": 31.5, "color": "rgb(0,0,255)"}}, {"geometry": {"type": "Polygon", "coordinates": [[[303050.4970044513, 2772504.7496979195], [303071.249147119, 2772504.83038229], [303071.2809636479, 2772496.648711508], [303050.5288085379, 2772496.568027311], [303050.4970044513, 2772504.7496979195]]]}, "properties": {"height": 49, "color": "rgb(0,0,255)"}}, {"geometry": {"type": "Polygon", "coordinates": [[[303039.7430545442, 2772644.443044293], [303056.22481208795, 2772644.5071135047], [303056.32593827846, 2772618.4964022096], [303039.8441493172, 2772618.4323334377], [303039.7430545442, 2772644.443044293]]]}, "properties": {"height": 45.5, "color": "rgb(0,0,255)"}}, {"geometry": {"type": "Polygon", "coordinates": [[[303039.8756677393, 2772679.6994895427], [303196.3996735007, 2772680.3087557238], [303196.46821141016, 2772662.726823711], [303039.94400396536, 2772662.1175603545], [303039.8756677393, 2772679.6994895427]]]}, "properties": {"height": 7, "color": "rgb(0,0,255)"}}, {"geometry": {"type": "Polygon", "coordinates": [[[303141.9679530245, 2772655.8493865], [303199.0182301252, 2772656.0716700996], [303199.0957624868, 2772636.183177574], [303142.04540223314, 2772635.9608951407], [303141.9679530245, 2772655.8493865]]]}, "properties": {"height": 14, "color": "rgb(0,0,255)"}}, {"geometry": {"type": "Polygon", "coordinates": [[[303056.7530869713, 2772659.337804808], [303074.8072323096, 2772659.4080103035], [303074.85469197034, 2772647.20526712], [303056.80053048645, 2772647.1350618503], [303056.7530869713, 2772659.337804808]]]}, "properties": {"height": 56, "color": "rgb(0,0,255)"}}, {"geometry": {"type": "Polygon", "coordinates": [[[303087.5568676358, 2772659.086132767], [303118.3656964748, 2772659.206020155], [303118.4437920573, 2772639.142660444], [303087.6349179184, 2772639.022773691], [303087.5568676358, 2772659.086132767]]]}, "properties": {"height": 17.5, "color": "rgb(0,0,255)"}}, {"geometry": {"type": "Polygon", "coordinates": [[[302993.73215080384, 2772732.6134693427], [303018.273356124, 2772732.7087958427], [303018.31628738134, 2772721.65895225], [302993.7750621872, 2772721.5636260286], [302993.73215080384, 2772732.6134693427]]]}, "properties": {"height": 35, "color": "rgb(0,0,255)"}}, {"geometry": {"type": "Polygon", "coordinates": [[[302691.63265202986, 2772624.0557593494], [302743.06082505547, 2772624.2544274405], [302743.1933035857, 2772589.976923138], [302691.7650013724, 2772589.778256843], [302691.63265202986, 2772624.0557593494]]]}, "properties": {"height": 45.5, "color": "rgb(0,0,255)"}}, {"geometry": {"type": "Polygon", "coordinates": [[[302609.69809759606, 2772815.213605831], [302650.73177955486, 2772815.3718702164], [302650.8788798415, 2772777.2473553293], [302609.84508322866, 2772777.0890925345], [302609.69809759606, 2772815.213605831]]]}, "properties": {"height": 38.5, "color": "rgb(0,0,255)"}}, {"geometry": {"type": "Polygon", "coordinates": [[[302995.6906888115, 2772866.6971918023], [303020.3860840907, 2772866.7931261896], [303020.47014558007, 2772845.1590086874], [302995.7747111438, 2772845.063074848], [302995.6906888115, 2772866.6971918023]]]}, "properties": {"height": 35, "color": "rgb(0,0,255)"}}, {"geometry": {"type": "Polygon", "coordinates": [[[303185.2349405278, 2772891.69407381], [303210.32227331016, 2772891.791880589], [303210.3982454724, 2772872.309633491], [303185.3108768678, 2772872.2118272134], [303185.2349405278, 2772891.69407381]]]}, "properties": {"height": 35, "color": "rgb(0,0,255)"}}, {"geometry": {"type": "Polygon", "coordinates": [[[303005.7839005764, 2772804.985673284], [303019.52281613473, 2772805.039048247], [303019.58698628703, 2772788.5235046768], [303005.84805409884, 2772788.4701299462], [303005.7839005764, 2772804.985673284]]]}, "properties": {"height": 45.5, "color": "rgb(0,0,255)"}}, {"geometry": {"type": "Polygon", "coordinates": [[[302423.34437103267, 2772407.713477545], [302459.6697317896, 2772407.85305656], [302459.73408658186, 2772391.1105093863], [302423.40868125873, 2772390.970930988], [302423.34437103267, 2772407.713477545]]]}, "properties": {"height": 14, "color": "rgb(0,0,255)"}}, {"geometry": {"type": "Polygon", "coordinates": [[[302455.8709662945, 2772326.5249268534], [302477.0696146976, 2772326.606418026], [302477.14267744246, 2772307.6040708805], [302455.94399952225, 2772307.522580116], [302455.8709662945, 2772326.5249268534]]]}, "properties": {"height": 17.5, "color": "rgb(0,0,255)"}}, {"geometry": {"type": "Polygon", "coordinates": [[[302408.5352703326, 2772339.884997259], [302466.7169089998, 2772340.108535548], [302466.75056534185, 2772331.353443767], [302408.5688893488, 2772331.129905994], [302408.5352703326, 2772339.884997259]]]}, "properties": {"height": 14, "color": "rgb(0,0,255)"}}, {"geometry": {"type": "Polygon", "coordinates": [[[302493.96001067734, 2772420.7538732146], [302506.9704974436, 2772420.803922055], [302507.08190513746, 2772391.846291847], [302494.0713907634, 2772391.7962433887], [302493.96001067734, 2772420.7538732146]]]}, "properties": {"height": 14, "color": "rgb(0,0,255)"}}, {"geometry": {"type": "Polygon", "coordinates": [[[302454.4072738024, 2772333.8728591567], [302475.7723764219, 2772333.9549882943], [302475.810751954, 2772323.9739794657], [302454.44563370873, 2772323.8918505446], [302454.4072738024, 2772333.8728591567]]]}, "properties": {"height": 24.5, "color": "rgb(0,0,255)"}}, {"geometry": {"type": "Polygon", "coordinates": [[[302408.9261530057, 2772404.7758876495], [302425.04787915986, 2772404.8378058183], [302425.1123223461, 2772388.0611696183], [302408.99057637254, 2772387.9992517238], [302408.9261530057, 2772404.7758876495]]]}, "properties": {"height": 17.5, "color": "rgb(0,0,255)"}}, {"geometry": {"type": "Polygon", "coordinates": [[[302475.57016769616, 2772408.862242078], [302493.07400224474, 2772408.9295549314], [302493.12906347914, 2772394.613947792], [302475.6252105688, 2772394.546635193], [302475.57016769616, 2772408.862242078]]]}, "properties": {"height": 17.5, "color": "rgb(0,0,255)"}}, {"geometry": {"type": "Polygon", "coordinates": [[[302504.52665852744, 2772328.193615824], [302519.10816574766, 2772328.249718075], [302519.2381082017, 2772294.4809385673], [302504.65656490065, 2772294.4248368153], [302504.52665852744, 2772328.193615824]]]}, "properties": {"height": 7, "color": "rgb(0,0,255)"}}, {"geometry": {"type": "Polygon", "coordinates": [[[302502.37183138117, 2772347.1119398414], [302518.6934540275, 2772347.174736127], [302518.73146243155, 2772337.2973451847], [302502.409827972, 2772337.2345490623], [302502.37183138117, 2772347.1119398414]]]}, "properties": {"height": 21, "color": "rgb(0,0,255)"}}, {"geometry": {"type": "Polygon", "coordinates": [[[302553.7405717346, 2772345.546029948], [302561.5414120532, 2772345.576070032], [302561.60828366317, 2772328.2120188656], [302553.807433419, 2772328.181978919], [302553.7405717346, 2772345.546029948]]]}, "properties": {"height": 21, "color": "rgb(0,0,255)"}}, {"geometry": {"type": "Polygon", "coordinates": [[[302432.4414906156, 2772329.1207745867], [302442.154903502, 2772329.15809386], [302442.2111987602, 2772314.5069565196], [302432.49777544575, 2772314.469637391], [302432.4414906156, 2772329.1207745867]]]}, "properties": {"height": 17.5, "color": "rgb(0,0,255)"}}, {"geometry": {"type": "Polygon", "coordinates": [[[302457.46929630643, 2772393.5649781344], [302468.850848397, 2772393.608729179], [302468.91058811964, 2772378.069470598], [302457.5290230692, 2772378.025719732], [302457.46929630643, 2772393.5649781344]]]}, "properties": {"height": 14, "color": "rgb(0,0,255)"}}, {"geometry": {"type": "Polygon", "coordinates": [[[302484.04360907205, 2772365.8723092936], [302495.3409254049, 2772365.9157580007], [302495.41605913814, 2772346.3818971897], [302484.11872663454, 2772346.3384487056], [302484.04360907205, 2772365.8723092936]]]}, "properties": {"height": 10.5, "color": "rgb(0,0,255)"}}, {"geometry": {"type": "Polygon", "coordinates": [[[302448.94592790026, 2772367.3967104787], [302457.60110426985, 2772367.429974622], [302457.65606097033, 2772353.1316406187], [302449.00087553234, 2772353.0983766005], [302448.94592790026, 2772367.3967104787]]]}, "properties": {"height": 17.5, "color": "rgb(0,0,255)"}}, {"geometry": {"type": "Polygon", "coordinates": [[[302502.5693456407, 2772337.498059613], [302513.5159152195, 2772337.5401736], [302513.5523940551, 2772328.059306049], [302502.6058168716, 2772328.0171921677], [302502.5693456407, 2772337.498059613]]]}, "properties": {"height": 17.5, "color": "rgb(0,0,255)"}}, {"geometry": {"type": "Polygon", "coordinates": [[[302500.9314192863, 2772335.6177104325], [302505.8761643115, 2772335.636732316], [302506.033277527, 2772294.7967404956], [302501.0885177044, 2772294.7777188173], [302500.9314192863, 2772335.6177104325]]]}, "properties": {"height": 7, "color": "rgb(0,0,255)"}}, {"geometry": {"type": "Polygon", "coordinates": [[[302456.1115828299, 2772368.7578076986], [302471.726850768, 2772368.8178335377], [302471.7784204745, 2772355.404330578], [302456.1631371881, 2772355.344304951], [302456.1115828299, 2772368.7578076986]]]}, "properties": {"height": 7, "color": "rgb(0,0,255)"}}, {"geometry": {"type": "Polygon", "coordinates": [[[302456.17027011944, 2772304.6136739533], [302476.2087230275, 2772304.6907040346], [302476.240667875, 2772296.382209664], [302456.2022027674, 2772296.3051797515], [302456.17027011944, 2772304.6136739533]]]}, "properties": {"height": 10.5, "color": "rgb(0,0,255)"}}, {"geometry": {"type": "Polygon", "coordinates": [[[302474.19344833493, 2772418.7527822866], [302492.66030405764, 2772418.823797617], [302492.70658543624, 2772406.7908616066], [302474.2397134303, 2772406.719846501], [302474.19344833493, 2772418.7527822866]]]}, "properties": {"height": 7, "color": "rgb(0,0,255)"}}, {"geometry": {"type": "Polygon", "coordinates": [[[302554.9008498522, 2772327.064860548], [302561.9371985959, 2772327.091956864], [302562.0149343214, 2772306.9068913334], [302554.97857517033, 2772306.879795161], [302554.9008498522, 2772327.064860548]]]}, "properties": {"height": 10.5, "color": "rgb(0,0,255)"}}, {"geometry": {"type": "Polygon", "coordinates": [[[302419.4024847322, 2772327.5910843434], [302429.650409251, 2772327.6304476154], [302429.7108630329, 2772311.8932675743], [302419.46292669675, 2772311.8539044666], [302419.4024847322, 2772327.5910843434]]]}, "properties": {"height": 7, "color": "rgb(0,0,255)"}}, {"geometry": {"type": "Polygon", "coordinates": [[[302484.3248893311, 2772335.408137258], [302501.3442599462, 2772335.473595697], [302501.4300967599, 2772313.15932613], [302484.4106983165, 2772313.093868077], [302484.3248893311, 2772335.408137258]]]}, "properties": {"height": 3.5, "color": "rgb(0,0,255)"}}, {"geometry": {"type": "Polygon", "coordinates": [[[302463.37764160195, 2772515.852181486], [302479.1431133024, 2772515.9127968536], [302479.2493563914, 2772488.2840176923], [302463.48385277117, 2772488.223402767], [302463.37764160195, 2772515.852181486]]]}, "properties": {"height": 17.5, "color": "rgb(0,0,255)"}}, {"geometry": {"type": "Polygon", "coordinates": [[[302410.9797605997, 2772430.038876322], [302443.70035937807, 2772430.164571344], [302443.77762700105, 2772410.05667302], [302411.05698000954, 2772409.930978665], [302410.9797605997, 2772430.038876322]]]}, "properties": {"height": 10.5, "color": "rgb(0,0,255)"}}, {"geometry": {"type": "Polygon", "coordinates": [[[302462.30954735354, 2772531.5736660045], [302480.517429921, 2772531.643672653], [302480.5833378917, 2772514.5047309087], [302462.3754324557, 2772514.434724577], [302462.30954735354, 2772531.5736660045]]]}, "properties": {"height": 21, "color": "rgb(0,0,255)"}}, {"geometry": {"type": "Polygon", "coordinates": [[[302484.587775127, 2772474.329898743], [302503.0799458629, 2772474.401027146], [302503.13789881143, 2772459.3368649473], [302484.645707662, 2772459.265736826], [302484.587775127, 2772474.329898743]]]}, "properties": {"height": 17.5, "color": "rgb(0,0,255)"}}, {"geometry": {"type": "Polygon", "coordinates": [[[302492.7536515884, 2772437.188540618], [302501.0936813495, 2772437.2206211607], [302501.1451826887, 2772423.832769241], [302492.8051447456, 2772423.800688811], [302492.7536515884, 2772437.188540618]]]}, "properties": {"height": 38.5, "color": "rgb(0,0,255)"}}, {"geometry": {"type": "Polygon", "coordinates": [[[302499.6806452079, 2772452.3787110406], [302504.65490284143, 2772452.397846922], [302504.76439096447, 2772423.93827714], [302499.79012295714, 2772423.919141402], [302499.6806452079, 2772452.3787110406]]]}, "properties": {"height": 28, "color": "rgb(0,0,255)"}}, {"geometry": {"type": "Polygon", "coordinates": [[[302441.59228162264, 2772431.274633223], [302464.09666492697, 2772431.3611251116], [302464.16361167864, 2772413.945889164], [302441.659199655, 2772413.8593976735], [302441.59228162264, 2772431.274633223]]]}, "properties": {"height": 7, "color": "rgb(0,0,255)"}}, {"geometry": {"type": "Polygon", "coordinates": [[[302442.7665265388, 2772464.8762898818], [302457.90934474126, 2772464.9344868287], [302457.95963451196, 2772451.8509720517], [302442.81680179125, 2772451.7927753064], [302442.7665265388, 2772464.8762898818]]]}, "properties": {"height": 14, "color": "rgb(0,0,255)"}}, {"geometry": {"type": "Polygon", "coordinates": [[[302484.08202373714, 2772495.6582563985], [302500.2476398619, 2772495.720434494], [302500.2935943301, 2772483.7745972853], [302484.127964054, 2772483.7124193856], [302484.08202373714, 2772495.6582563985]]]}, "properties": {"height": 17.5, "color": "rgb(0,0,255)"}}, {"geometry": {"type": "Polygon", "coordinates": [[[302428.0553430868, 2772467.021031802], [302444.76550792146, 2772467.085235387], [302444.8350160598, 2772448.997289965], [302428.1248290762, 2772448.9330866863], [302428.0553430868, 2772467.021031802]]]}, "properties": {"height": 7, "color": "rgb(0,0,255)"}}, {"geometry": {"type": "Polygon", "coordinates": [[[302471.16783293465, 2772441.829902895], [302490.72338060325, 2772441.9051020085], [302490.7845827021, 2772425.99240358], [302471.2290122304, 2772425.9172047814], [302471.16783293465, 2772441.829902895]]]}, "properties": {"height": 7, "color": "rgb(0,0,255)"}}, {"geometry": {"type": "Polygon", "coordinates": [[[302552.0344480993, 2772487.611055832], [302561.36009822553, 2772487.646969222], [302561.427382428, 2772470.176740992], [302552.10172036284, 2772470.1408277676], [302552.0344480993, 2772487.611055832]]]}, "properties": {"height": 14, "color": "rgb(0,0,255)"}}, {"geometry": {"type": "Polygon", "coordinates": [[[302424.95811133075, 2772483.0792381032], [302447.7980101031, 2772483.1669937996], [302447.8670192629, 2772465.2100535925], [302425.0270904358, 2772465.122298312], [302424.95811133075, 2772483.0792381032]]]}, "properties": {"height": 3.5, "color": "rgb(0,0,255)"}}, {"geometry": {"type": "Polygon", "coordinates": [[[302488.38934627926, 2772669.610629157], [302516.8282433774, 2772669.7200437626], [302516.95323289576, 2772637.241555129], [302488.51426810713, 2772637.13214146], [302488.38934627926, 2772669.610629157]]]}, "properties": {"height": 7, "color": "rgb(0,0,255)"}}, {"geometry": {"type": "Polygon", "coordinates": [[[302410.67352795904, 2772549.2666803356], [302428.66972645855, 2772549.335805364], [302428.73157542135, 2772533.236597562], [302410.7353556902, 2772533.1674728272], [302410.67352795904, 2772549.2666803356]]]}, "properties": {"height": 21, "color": "rgb(0,0,255)"}}, {"geometry": {"type": "Polygon", "coordinates": [[[302506.8623956334, 2772619.7271866607], [302525.8304703866, 2772619.800181226], [302525.90057890845, 2772601.585295855], [302506.9324788354, 2772601.51230164], [302506.8623956334, 2772619.7271866607]]]}, "properties": {"height": 17.5, "color": "rgb(0,0,255)"}}, {"geometry": {"type": "Polygon", "coordinates": [[[302418.70367562416, 2772667.004197792], [302430.57693499443, 2772667.0498105823], [302430.64869330416, 2772648.372785441], [302418.77541768225, 2772648.327172875], [302418.70367562416, 2772667.004197792]]]}, "properties": {"height": 17.5, "color": "rgb(0,0,255)"}}, {"geometry": {"type": "Polygon", "coordinates": [[[302509.6265859278, 2772652.822319212], [302525.3414711588, 2772652.8827967066], [302525.4011295819, 2772637.383023207], [302509.6862265002, 2772637.32254596], [302509.6265859278, 2772652.822319212]]]}, "properties": {"height": 14, "color": "rgb(0,0,255)"}}, {"geometry": {"type": "Polygon", "coordinates": [[[302537.5580508569, 2772590.743337721], [302547.809472032, 2772590.7828074293], [302547.88716468995, 2772570.605684293], [302537.63572835666, 2772570.5662147948], [302537.5580508569, 2772590.743337721]]]}, "properties": {"height": 17.5, "color": "rgb(0,0,255)"}}, {"geometry": {"type": "Polygon", "coordinates": [[[302515.8885542586, 2772608.7997729476], [302535.96733091923, 2772608.877055561], [302536.0311785751, 2772592.2919357074], [302515.9523775103, 2772592.214653432], [302515.8885542586, 2772608.7997729476]]]}, "properties": {"height": 10.5, "color": "rgb(0,0,255)"}}, {"geometry": {"type": "Polygon", "coordinates": [[[302545.99393046316, 2772624.4642152037], [302561.05906164733, 2772624.522231284], [302561.1077612484, 2772611.878110953], [302546.0426161046, 2772611.820095067], [302545.99393046316, 2772624.4642152037]]]}, "properties": {"height": 17.5, "color": "rgb(0,0,255)"}}, {"geometry": {"type": "Polygon", "coordinates": [[[302478.6852018355, 2772553.8168058535], [302488.44072870124, 2772553.8543234556], [302488.49900220084, 2772538.7031070893], [302478.74346450344, 2772538.6655896367], [302478.6852018355, 2772553.8168058535]]]}, "properties": {"height": 21, "color": "rgb(0,0,255)"}}, {"geometry": {"type": "Polygon", "coordinates": [[[302547.0798843584, 2772594.79908229], [302559.11401799344, 2772594.845425003], [302559.1602082151, 2772582.8522388665], [302547.1260640032, 2772582.8058963], [302547.0798843584, 2772594.79908229]]]}, "properties": {"height": 17.5, "color": "rgb(0,0,255)"}}, {"geometry": {"type": "Polygon", "coordinates": [[[302547.4381922794, 2772611.9086761405], [302558.5021734997, 2772611.951283052], [302558.5386947348, 2772602.468587503], [302547.4747058258, 2772602.4259806974], [302547.4381922794, 2772611.9086761405]]]}, "properties": {"height": 24.5, "color": "rgb(0,0,255)"}}, {"geometry": {"type": "Polygon", "coordinates": [[[302399.7838183071, 2772547.7642006655], [302411.5032853693, 2772547.8092041262], [302411.551640891, 2772535.2181993355], [302399.8321630153, 2772535.1731960243], [302399.7838183071, 2772547.7642006655]]]}, "properties": {"height": 17.5, "color": "rgb(0,0,255)"}}, {"geometry": {"type": "Polygon", "coordinates": [[[302427.4251135944, 2772550.353139996], [302442.2252137403, 2772550.410004979], [302442.29665585986, 2772531.8185174805], [302427.4965355499, 2772531.7616527756], [302427.4251135944, 2772550.353139996]]]}, "properties": {"height": 7, "color": "rgb(0,0,255)"}}, {"geometry": {"type": "Polygon", "coordinates": [[[302541.21563458, 2772552.869725414], [302565.5060724129, 2772552.9632652677], [302565.5553761915, 2772540.1629861076], [302541.2649155733, 2772540.06944657], [302541.21563458, 2772552.869725414]]]}, "properties": {"height": 7, "color": "rgb(0,0,255)"}}, {"geometry": {"type": "Polygon", "coordinates": [[[302546.8407063724, 2772583.0045800023], [302558.3920583754, 2772583.049062931], [302558.44094651146, 2772570.3551321705], [302546.8895837628, 2772570.310649391], [302546.8407063724, 2772583.0045800023]]]}, "properties": {"height": 7, "color": "rgb(0,0,255)"}}, {"geometry": {"type": "Polygon", "coordinates": [[[303187.7269332477, 2772865.7705765823], [303210.823772242, 2772865.8606246947], [303210.92508318345, 2772839.8804591703], [303187.8282002097, 2772839.7904116744], [303187.7269332477, 2772865.7705765823]]]}, "properties": {"height": 17.5, "color": "rgb(0,0,255)"}}, {"geometry": {"type": "Polygon", "coordinates": [[[302401.91106676235, 2772702.5389048196], [302422.0576191782, 2772702.61628307], [302422.14340192685, 2772680.285705214], [302401.9968165404, 2772680.2083274196], [302401.91106676235, 2772702.5389048196]]]}, "properties": {"height": 17.5, "color": "rgb(0,0,255)"}}, {"geometry": {"type": "Polygon", "coordinates": [[[302511.8898716036, 2772716.930670724], [302527.94120187935, 2772716.9924474848], [302528.0034302771, 2772700.826195872], [302511.952080984, 2772700.764419374], [302511.8898716036, 2772716.930670724]]]}, "properties": {"height": 24.5, "color": "rgb(0,0,255)"}}, {"geometry": {"type": "Polygon", "coordinates": [[[302499.3732435259, 2772759.499481696], [302524.9440175088, 2772759.5978831286], [302524.99330876104, 2772746.7920596874], [302499.4225107794, 2772746.6936585866], [302499.3732435259, 2772759.499481696]]]}, "properties": {"height": 17.5, "color": "rgb(0,0,255)"}}, {"geometry": {"type": "Polygon", "coordinates": [[[302433.8445508315, 2772720.447641481], [302470.01432722283, 2772720.5866681244], [302470.19328862225, 2772674.042975113], [302434.02338885405, 2772673.9039501753], [302433.8445508315, 2772720.447641481]]]}, "properties": {"height": 3.5, "color": "rgb(0,0,255)"}}, {"geometry": {"type": "Polygon", "coordinates": [[[302526.07861100434, 2772671.880367056], [302544.62907205604, 2772671.951781889], [302544.701454014, 2772653.153363393], [302526.1509674061, 2772653.0819489146], [302526.07861100434, 2772671.880367056]]]}, "properties": {"height": 17.5, "color": "rgb(0,0,255)"}}, {"geometry": {"type": "Polygon", "coordinates": [[[302504.5507242066, 2772745.858794784], [302524.35947341594, 2772745.935025704], [302524.415390698, 2772731.4075183], [302504.6066203984, 2772731.3312876727], [302504.5507242066, 2772745.858794784]]]}, "properties": {"height": 17.5, "color": "rgb(0,0,255)"}}, {"geometry": {"type": "Polygon", "coordinates": [[[302474.5946105876, 2772722.9668188505], [302492.3721823158, 2772723.0351921073], [302492.43367597717, 2772707.0490325424], [302474.65608342097, 2772706.9806595743], [302474.5946105876, 2772722.9668188505]]]}, "properties": {"height": 17.5, "color": "rgb(0,0,255)"}}, {"geometry": {"type": "Polygon", "coordinates": [[[302537.88829890976, 2772783.067283879], [302553.6259270492, 2772783.1278847395], [302553.68245303066, 2772768.4506365457], [302537.9448079626, 2772768.3900359194], [302537.88829890976, 2772783.067283879]]]}, "properties": {"height": 17.5, "color": "rgb(0,0,255)"}}, {"geometry": {"type": "Polygon", "coordinates": [[[302470.4376768834, 2772763.280550029], [302487.28207764705, 2772763.345329637], [302487.340954168, 2772748.038303896], [302470.4965345077, 2772747.973524549], [302470.4376768834, 2772763.280550029]]]}, "properties": {"height": 17.5, "color": "rgb(0,0,255)"}}, {"geometry": {"type": "Polygon", "coordinates": [[[302524.08042599214, 2772745.57415942], [302546.5145498035, 2772745.660527943], [302546.5775744308, 2772729.2934036683], [302524.1434237093, 2772729.207035518], [302524.08042599214, 2772745.57415942]]]}, "properties": {"height": 10.5, "color": "rgb(0,0,255)"}}, {"geometry": {"type": "Polygon", "coordinates": [[[302523.95029574016, 2772762.4458124554], [302537.3587510369, 2772762.497429098], [302537.4216378678, 2772746.1633566795], [302524.0131665198, 2772746.111740259], [302523.95029574016, 2772762.4458124554]]]}, "properties": {"height": 17.5, "color": "rgb(0,0,255)"}}, {"geometry": {"type": "Polygon", "coordinates": [[[302487.2167037047, 2772763.07832976], [302499.59430644626, 2772763.125944301], [302499.6519037203, 2772748.1550150155], [302487.274287398, 2772748.1074006623], [302487.2167037047, 2772763.07832976]]]}, "properties": {"height": 17.5, "color": "rgb(0,0,255)"}}, {"geometry": {"type": "Polygon", "coordinates": [[[302491.9878740965, 2772722.573653819], [302502.03640242654, 2772722.612310819], [302502.0888720541, 2772708.97459204], [302492.04033368075, 2772708.935935179], [302491.9878740965, 2772722.573653819]]]}, "properties": {"height": 17.5, "color": "rgb(0,0,255)"}}, {"geometry": {"type": "Polygon", "coordinates": [[[302443.23377929407, 2772784.386826687], [302459.65304632514, 2772784.4499388896], [302459.7048077751, 2772770.9857600327], [302443.2855245418, 2772770.922648054], [302443.23377929407, 2772784.386826687]]]}, "properties": {"height": 7, "color": "rgb(0,0,255)"}}, {"geometry": {"type": "Polygon", "coordinates": [[[302546.24298829015, 2772743.1817782493], [302560.010277217, 2772743.2347984947], [302560.06595784397, 2772728.7785707717], [302546.2986543311, 2772728.7255507275], [302546.24298829015, 2772743.1817782493]]]}, "properties": {"height": 7, "color": "rgb(0,0,255)"}}, {"geometry": {"type": "Polygon", "coordinates": [[[302476.15381346754, 2772764.338707057], [302487.51270906563, 2772764.382393194], [302487.5453682385, 2772755.8915413423], [302476.186465572, 2772755.8478553025], [302476.15381346754, 2772764.338707057]]]}, "properties": {"height": 17.5, "color": "rgb(0,0,255)"}}, {"geometry": {"type": "Polygon", "coordinates": [[[302480.58566320007, 2772695.112316821], [302490.396061281, 2772695.1500490187], [302490.4352326512, 2772684.9663994107], [302480.62482724857, 2772684.9286673144], [302480.58566320007, 2772695.112316821]]]}, "properties": {"height": 14, "color": "rgb(0,0,255)"}}, {"geometry": {"type": "Polygon", "coordinates": [[[302451.4851492227, 2772819.3520087656], [302469.25458305655, 2772819.420323329], [302469.36162404227, 2772791.582268679], [302451.59215395426, 2772791.513954618], [302451.4851492227, 2772819.3520087656]]]}, "properties": {"height": 14, "color": "rgb(0,0,255)"}}, {"geometry": {"type": "Polygon", "coordinates": [[[302486.3009290717, 2772788.7399327294], [302506.337269505, 2772788.817014227], [302506.40115213726, 2772772.214670519], [302486.3647873242, 2772772.1375893587], [302486.3009290717, 2772788.7399327294]]]}, "properties": {"height": 21, "color": "rgb(0,0,255)"}}, {"geometry": {"type": "Polygon", "coordinates": [[[302435.43043314974, 2772880.573582], [302454.48549899505, 2772880.646819492], [302454.56874475605, 2772858.9916389887], [302435.51364866743, 2772858.918401915], [302435.43043314974, 2772880.573582]]]}, "properties": {"height": 14, "color": "rgb(0,0,255)"}}, {"geometry": {"type": "Polygon", "coordinates": [[[302492.4191099379, 2772905.4880837025], [302505.7587770236, 2772905.5394076966], [302505.8182119152, 2772890.0935518397], [302492.478529728, 2772890.042228055], [302492.4191099379, 2772905.4880837025]]]}, "properties": {"height": 28, "color": "rgb(0,0,255)"}}, {"geometry": {"type": "Polygon", "coordinates": [[[302433.02529987745, 2772897.2156931874], [302448.9770248333, 2772897.2769988887], [302449.03411516605, 2772882.424333357], [302433.08237284527, 2772882.363027896], [302433.02529987745, 2772897.2156931874]]]}, "properties": {"height": 21, "color": "rgb(0,0,255)"}}, {"geometry": {"type": "Polygon", "coordinates": [[[302469.67460349505, 2772789.6471518823], [302487.0598739948, 2772789.714011644], [302487.1202725501, 2772774.0113817877], [302469.7349820428, 2772773.9445223026], [302469.67460349505, 2772789.6471518823]]]}, "properties": {"height": 21, "color": "rgb(0,0,255)"}}, {"geometry": {"type": "Polygon", "coordinates": [[[302519.3069345567, 2772800.8524626875], [302530.75880829804, 2772800.89654333], [302530.79427953146, 2772791.6823301744], [302519.3423980566, 2772791.6382496385], [302519.3069345567, 2772800.8524626875]]]}, "properties": {"height": 49, "color": "rgb(0,0,255)"}}, {"geometry": {"type": "Polygon", "coordinates": [[[302454.7403285869, 2772880.656408492], [302470.30178975646, 2772880.7162384656], [302470.38611335744, 2772858.7872849163], [302454.8246271772, 2772858.7274552886], [302454.7403285869, 2772880.656408492]]]}, "properties": {"height": 14, "color": "rgb(0,0,255)"}}, {"geometry": {"type": "Polygon", "coordinates": [[[302479.65210086835, 2772818.825979368], [302492.3052620733, 2772818.874648163], [302492.4073520071, 2772792.3358675316], [302479.7541661913, 2772792.287199077], [302479.65210086835, 2772818.825979368]]]}, "properties": {"height": 14, "color": "rgb(0,0,255)"}}, {"geometry": {"type": "Polygon", "coordinates": [[[302412.2249402734, 2772877.8929977305], [302427.2204587951, 2772877.950604697], [302427.249640228, 2772870.355539037], [302412.25411335885, 2772870.2979321857], [302412.2249402734, 2772877.8929977305]]]}, "properties": {"height": 42, "color": "rgb(0,0,255)"}}, {"geometry": {"type": "Polygon", "coordinates": [[[302468.39124614804, 2772819.010013304], [302480.73119360395, 2772819.057467041], [302480.83118814335, 2772793.0576663404], [302468.4912171732, 2772793.010212929], [302468.39124614804, 2772819.010013304]]]}, "properties": {"height": 14, "color": "rgb(0,0,255)"}}, {"geometry": {"type": "Polygon", "coordinates": [[[302459.0595777638, 2772879.294991441], [302470.59576797177, 2772879.3393471674], [302470.66332774103, 2772861.770048963], [302459.127122678, 2772861.725693443], [302459.0595777638, 2772879.294991441]]]}, "properties": {"height": 17.5, "color": "rgb(0,0,255)"}}, {"geometry": {"type": "Polygon", "coordinates": [[[302459.1482218664, 2772789.8390927026], [302470.3504849219, 2772789.88216286], [302470.4159058521, 2772772.8683794984], [302459.21362882823, 2772772.8253095336], [302459.1482218664, 2772789.8390927026]]]}, "properties": {"height": 17.5, "color": "rgb(0,0,255)"}}, {"geometry": {"type": "Polygon", "coordinates": [[[302505.6636959817, 2772790.741067723], [302515.7777568854, 2772790.7799880765], [302515.84277479345, 2772773.8856497565], [302505.7287013668, 2772773.846729576], [302505.6636959817, 2772790.741067723]]]}, "properties": {"height": 17.5, "color": "rgb(0,0,255)"}}, {"geometry": {"type": "Polygon", "coordinates": [[[302497.20027898444, 2772818.323119116], [302503.4815193323, 2772818.347285724], [302503.548336153, 2772800.981644688], [302497.2670878108, 2772800.957478191], [302497.20027898444, 2772818.323119116]]]}, "properties": {"height": 17.5, "color": "rgb(0,0,255)"}}, {"geometry": {"type": "Polygon", "coordinates": [[[302491.3428115339, 2772816.150522667], [302497.70669806475, 2772816.1750045153], [302497.76450080815, 2772801.1504553976], [302491.40060726966, 2772801.1259736456], [302491.3428115339, 2772816.150522667]]]}, "properties": {"height": 17.5, "color": "rgb(0,0,255)"}}, {"geometry": {"type": "Polygon", "coordinates": [[[302671.66879385023, 2772366.068988504], [302681.5009891005, 2772366.106937092], [302681.54838783416, 2772353.8274003207], [302671.71618373686, 2772353.7894518557], [302671.66879385023, 2772366.068988504]]]}, "properties": {"height": 63, "color": "rgb(0,0,255)"}}, {"geometry": {"type": "Polygon", "coordinates": [[[302595.3086771965, 2772324.962899936], [302620.4319180245, 2772325.0597381117], [302620.4963880719, 2772308.3378781467], [302595.37311646034, 2772308.241040398], [302595.3086771965, 2772324.962899936]]]}, "properties": {"height": 14, "color": "rgb(0,0,255)"}}, {"geometry": {"type": "Polygon", "coordinates": [[[302594.1116665168, 2772367.439055156], [302616.3862425275, 2772367.5249102977], [302616.4473734451, 2772351.6681935648], [302594.172771553, 2772351.5823387816], [302594.1116665168, 2772367.439055156]]]}, "properties": {"height": 17.5, "color": "rgb(0,0,255)"}}, {"geometry": {"type": "Polygon", "coordinates": [[[302597.1962180797, 2772341.1467094184], [302626.6465322329, 2772341.2602359047], [302626.7018292882, 2772326.9194071093], [302597.25148418755, 2772326.8058810527], [302597.1962180797, 2772341.1467094184]]]}, "properties": {"height": 14, "color": "rgb(0,0,255)"}}, {"geometry": {"type": "Polygon", "coordinates": [[[302561.6471001089, 2772378.6044754977], [302583.9542025589, 2772378.690403371], [302584.00977030036, 2772364.2678960743], [302561.7026442752, 2772364.181968528], [302561.6471001089, 2772378.6044754977]]]}, "properties": {"height": 17.5, "color": "rgb(0,0,255)"}}, {"geometry": {"type": "Polygon", "coordinates": [[[302609.65668405994, 2772324.0766681465], [302630.43340624945, 2772324.1567710587], [302630.49000292795, 2772309.4798481017], [302609.713258394, 2772309.3997454997], [302609.65668405994, 2772324.0766681465]]]}, "properties": {"height": 17.5, "color": "rgb(0,0,255)"}}, {"geometry": {"type": "Polygon", "coordinates": [[[302561.27142954356, 2772326.538106158], [302578.15197220794, 2772326.6031254907], [302578.2164916492, 2772309.8550082194], [302561.3359282686, 2772309.7899891734], [302561.27142954356, 2772326.538106158]]]}, "properties": {"height": 14, "color": "rgb(0,0,255)"}}, {"geometry": {"type": "Polygon", "coordinates": [[[302568.0389355979, 2772362.2647520564], [302590.0974308527, 2772362.349731845], [302590.14048540656, 2772351.176236368], [302568.0819720913, 2772351.0912568304], [302568.0389355979, 2772362.2647520564]]]}, "properties": {"height": 17.5, "color": "rgb(0,0,255)"}}, {"geometry": {"type": "Polygon", "coordinates": [[[302598.67469664896, 2772380.979400201], [302616.6203098795, 2772381.048573324], [302616.6695734919, 2772368.2702450408], [302598.7239434578, 2772368.2010721513], [302598.67469664896, 2772380.979400201]]]}, "properties": {"height": 17.5, "color": "rgb(0,0,255)"}}, {"geometry": {"type": "Polygon", "coordinates": [[[302608.24426729267, 2772403.2376947473], [302625.3115768027, 2772403.3034943813], [302625.3577531568, 2772391.328049006], [302608.29042866966, 2772391.2622495797], [302608.24426729267, 2772403.2376947473]]]}, "properties": {"height": 17.5, "color": "rgb(0,0,255)"}}, {"geometry": {"type": "Polygon", "coordinates": [[[302485.8488675052, 2772909.8529268075], [302495.26752094936, 2772909.8891589884], [302495.35403551935, 2772887.4013948073], [302485.93536655145, 2772887.3651628415], [302485.8488675052, 2772909.8529268075]]]}, "properties": {"height": 17.5, "color": "rgb(0,0,255)"}}, {"geometry": {"type": "Polygon", "coordinates": [[[302561.5785029725, 2772344.436055263], [302573.03354606597, 2772344.4801753284], [302573.0957700701, 2772328.326460956], [302561.64071341755, 2772328.282341079], [302561.5785029725, 2772344.436055263]]]}, "properties": {"height": 21, "color": "rgb(0,0,255)"}}, {"geometry": {"type": "Polygon", "coordinates": [[[302713.6232575738, 2772380.70056161], [302723.37234291947, 2772380.738219589], [302723.40938350605, 2772371.1498388313], [302713.66029131063, 2772371.1121809483], [302713.6232575738, 2772380.70056161]]]}, "properties": {"height": 35, "color": "rgb(0,0,255)"}}, {"geometry": {"type": "Polygon", "coordinates": [[[302577.197988453, 2772326.841615074], [302589.3431345784, 2772326.888406997], [302589.42476603464, 2772305.7028060225], [302577.27960105526, 2772305.6560143605], [302577.197988453, 2772326.841615074]]]}, "properties": {"height": 14, "color": "rgb(0,0,255)"}}, {"geometry": {"type": "Polygon", "coordinates": [[[302608.3127156958, 2772414.858141584], [302624.9196273597, 2772414.922166353], [302624.95422112313, 2772405.9505480183], [302608.3472985415, 2772405.886523401], [302608.3127156958, 2772414.858141584]]]}, "properties": {"height": 17.5, "color": "rgb(0,0,255)"}}, {"geometry": {"type": "Polygon", "coordinates": [[[302616.2990065443, 2772363.359477291], [302627.7182784586, 2772363.4035056895], [302627.76410649746, 2772351.5187420375], [302616.34482463833, 2772351.474713777], [302616.2990065443, 2772363.359477291]]]}, "properties": {"height": 17.5, "color": "rgb(0,0,255)"}}, {"geometry": {"type": "Polygon", "coordinates": [[[302572.6866548525, 2772342.2794458773], [302584.1042477115, 2772342.3234309377], [302584.15721091407, 2772328.5767626828], [302572.73960655415, 2772328.532777782], [302572.6866548525, 2772342.2794458773]]]}, "properties": {"height": 14, "color": "rgb(0,0,255)"}}, {"geometry": {"type": "Polygon", "coordinates": [[[302555.1538211905, 2772362.3157984917], [302568.16393287125, 2772362.36590302], [302568.20745757205, 2772351.0656823767], [302555.19733511837, 2772351.0155779975], [302555.1538211905, 2772362.3157984917]]]}, "properties": {"height": 17.5, "color": "rgb(0,0,255)"}}, {"geometry": {"type": "Polygon", "coordinates": [[[302625.84090786066, 2772323.8673027805], [302636.1284180604, 2772323.9069736563], [302636.184536344, 2772309.3556836643], [302625.8970151752, 2772309.3160129418], [302625.84090786066, 2772323.8673027805]]]}, "properties": {"height": 14, "color": "rgb(0,0,255)"}}, {"geometry": {"type": "Polygon", "coordinates": [[[302578.60308977857, 2772403.6520961435], [302585.3594724779, 2772403.6781268185], [302585.42019058927, 2772387.9194293986], [302578.66380008793, 2772387.893398831], [302578.60308977857, 2772403.6520961435]]]}, "properties": {"height": 17.5, "color": "rgb(0,0,255)"}}, {"geometry": {"type": "Polygon", "coordinates": [[[302556.58301472623, 2772417.236110114], [302567.6775665065, 2772417.278838786], [302567.716199061, 2772407.2488904344], [302556.62163912656, 2772407.206161876], [302556.58301472623, 2772417.236110114]]]}, "properties": {"height": 17.5, "color": "rgb(0,0,255)"}}, {"geometry": {"type": "Polygon", "coordinates": [[[302669.1313146418, 2772392.89736524], [302680.7844050353, 2772392.9423409062], [302680.8943564184, 2772364.4572078185], [302669.2412417011, 2772364.4122324893], [302669.1313146418, 2772392.89736524]]]}, "properties": {"height": 3.5, "color": "rgb(0,0,255)"}}, {"geometry": {"type": "Polygon", "coordinates": [[[302596.8715243732, 2772530.2141043474], [302619.34967008646, 2772530.300754628], [302619.40210549074, 2772516.701241921], [302596.9239373758, 2772516.614591952], [302596.8715243732, 2772530.2141043474]]]}, "properties": {"height": 24.5, "color": "rgb(0,0,255)"}}, {"geometry": {"type": "Polygon", "coordinates": [[[302552.4407877672, 2772505.2534475215], [302575.07974749996, 2772505.3406432583], [302575.147522462, 2772487.747709436], [302552.5085335425, 2772487.660514104], [302552.4407877672, 2772505.2534475215]]]}, "properties": {"height": 17.5, "color": "rgb(0,0,255)"}}, {"geometry": {"type": "Polygon", "coordinates": [[[302611.6486937287, 2772444.5224394333], [302638.0473720124, 2772444.6242316454], [302638.1256994656, 2772424.3159021134], [302611.72698189615, 2772424.2141104466], [302611.6486937287, 2772444.5224394333]]]}, "properties": {"height": 10.5, "color": "rgb(0,0,255)"}}, {"geometry": {"type": "Polygon", "coordinates": [[[302674.52133940754, 2772546.4934648057], [302685.32877515326, 2772546.535183189], [302685.3903673965, 2772530.580880237], [302674.582919015, 2772530.5391620286], [302674.52133940754, 2772546.4934648057]]]}, "properties": {"height": 38.5, "color": "rgb(0,0,255)"}}, {"geometry": {"type": "Polygon", "coordinates": [[[302684.08073866484, 2772552.34430843], [302705.65977603407, 2772552.427630702], [302705.75216445845, 2772528.5054176254], [302684.1730892596, 2772528.4220958785], [302684.08073866484, 2772552.34430843]]]}, "properties": {"height": 10.5, "color": "rgb(0,0,255)"}}, {"geometry": {"type": "Polygon", "coordinates": [[[302694.671484189, 2772526.2386635453], [302717.5105256998, 2772526.326868854], [302717.55294120254, 2772515.3465618943], [302694.71388131415, 2772515.2583568413], [302694.671484189, 2772526.2386635453]]]}, "properties": {"height": 21, "color": "rgb(0,0,255)"}}, {"geometry": {"type": "Polygon", "coordinates": [[[302678.8426334238, 2772528.6165638133], [302695.0737732364, 2772528.679226443], [302695.13723998994, 2772512.242285519], [302678.9060806265, 2772512.179623161], [302678.8426334238, 2772528.6165638133]]]}, "properties": {"height": 17.5, "color": "rgb(0,0,255)"}}, {"geometry": {"type": "Polygon", "coordinates": [[[302680.3559919955, 2772478.7030021097], [302704.8842472032, 2772478.797705174], [302704.95087075775, 2772461.5460561253], [302680.4225845414, 2772461.4513534927], [302680.3559919955, 2772478.7030021097]]]}, "properties": {"height": 10.5, "color": "rgb(0,0,255)"}}, {"geometry": {"type": "Polygon", "coordinates": [[[302618.92768930504, 2772527.78109227], [302644.62848819117, 2772527.8802099237], [302644.682011797, 2772514.0051150294], [302618.9811867785, 2772513.9059977387], [302618.92768930504, 2772527.78109227]]]}, "properties": {"height": 14, "color": "rgb(0,0,255)"}}, {"geometry": {"type": "Polygon", "coordinates": [[[302667.8885212362, 2772473.5246103476], [302680.6500863945, 2772473.5738652116], [302680.67915748345, 2772466.042667252], [302667.9175852822, 2772465.9934124863], [302667.8885212362, 2772473.5246103476]]]}, "properties": {"height": 38.5, "color": "rgb(0,0,255)"}}, {"geometry": {"type": "Polygon", "coordinates": [[[302584.4850003297, 2772530.2141204416], [302597.0198889898, 2772530.2624248373], [302597.06843836507, 2772517.6654391573], [302584.53353813355, 2772517.617134922], [302584.4850003297, 2772530.2141204416]]]}, "properties": {"height": 24.5, "color": "rgb(0,0,255)"}}, {"geometry": {"type": "Polygon", "coordinates": [[[302596.0608645021, 2772442.562834919], [302611.8718229582, 2772442.6237770813], [302611.9375071643, 2772425.5850449246], [302596.126528967, 2772425.5241030366], [302596.0608645021, 2772442.562834919]]]}, "properties": {"height": 14, "color": "rgb(0,0,255)"}}, {"geometry": {"type": "Polygon", "coordinates": [[[302611.7416965745, 2772486.7081596823], [302625.804705139, 2772486.76238074], [302625.8613203938, 2772472.080328731], [302611.7982966987, 2772472.0261078826], [302611.7416965745, 2772486.7081596823]]]}, "properties": {"height": 17.5, "color": "rgb(0,0,255)"}}, {"geometry": {"type": "Polygon", "coordinates": [[[302715.2771503165, 2772428.723886623], [302724.92911276943, 2772428.7611713125], [302724.96544588334, 2772419.35639127], [302715.31347677857, 2772419.3191066734], [302715.2771503165, 2772428.723886623]]]}, "properties": {"height": 35, "color": "rgb(0,0,255)"}}, {"geometry": {"type": "Polygon", "coordinates": [[[302669.2360947052, 2772527.0347295213], [302679.54838718637, 2772527.074532076], [302679.60506522545, 2772512.3914355817], [302669.2927616483, 2772512.3516331804], [302669.2360947052, 2772527.0347295213]]]}, "properties": {"height": 21, "color": "rgb(0,0,255)"}}, {"geometry": {"type": "Polygon", "coordinates": [[[302625.7674509707, 2772486.872681285], [302640.3805795901, 2772486.929038691], [302640.43148677464, 2772473.7309218924], [302625.818344022, 2772473.674564683], [302625.7674509707, 2772486.872681285]]]}, "properties": {"height": 17.5, "color": "rgb(0,0,255)"}}, {"geometry": {"type": "Polygon", "coordinates": [[[302623.40606813185, 2772461.686002288], [302634.61003868195, 2772461.729208054], [302634.6640833283, 2772447.715994953], [302623.460101273, 2772447.672789347], [302623.40606813185, 2772461.686002288]]]}, "properties": {"height": 17.5, "color": "rgb(0,0,255)"}}, {"geometry": {"type": "Polygon", "coordinates": [[[302563.3361045474, 2772532.08070395], [302584.6694493529, 2772532.1628879225], [302584.73421214655, 2772515.3551015677], [302563.4008410647, 2772515.272917959], [302563.3361045474, 2772532.08070395]]]}, "properties": {"height": 7, "color": "rgb(0,0,255)"}}, {"geometry": {"type": "Polygon", "coordinates": [[[302657.211282213, 2772528.099253614], [302666.61449614976, 2772528.1355387988], [302666.65915555746, 2772516.5631766934], [302657.25593364635, 2772516.52689162], [302657.211282213, 2772528.099253614]]]}, "properties": {"height": 21, "color": "rgb(0,0,255)"}}, {"geometry": {"type": "Polygon", "coordinates": [[[302593.73264496564, 2772486.4874567487], [302604.7531897905, 2772486.529931569], [302604.80489847536, 2772473.114937425], [302593.7843428167, 2772473.072462755], [302593.73264496564, 2772486.4874567487]]]}, "properties": {"height": 17.5, "color": "rgb(0,0,255)"}}, {"geometry": {"type": "Polygon", "coordinates": [[[302631.3463088397, 2772524.7068483373], [302644.46721870726, 2772524.7574562416], [302644.51042683865, 2772513.5564310257], [302631.3895062011, 2772513.5058232704], [302631.3463088397, 2772524.7068483373]]]}, "properties": {"height": 14, "color": "rgb(0,0,255)"}}, {"geometry": {"type": "Polygon", "coordinates": [[[302616.2105344046, 2772462.7054798543], [302623.62230521615, 2772462.7340568705], [302623.6812461538, 2772447.448098667], [302616.26946703997, 2772447.419521766], [302616.2105344046, 2772462.7054798543]]]}, "properties": {"height": 17.5, "color": "rgb(0,0,255)"}}, {"geometry": {"type": "Polygon", "coordinates": [[[302655.70435113786, 2772500.2665780783], [302676.67977801425, 2772500.347523848], [302676.7157313457, 2772491.032799816], [302655.7402901516, 2772490.9518542453], [302655.70435113786, 2772500.2665780783]]]}, "properties": {"height": 10.5, "color": "rgb(0,0,255)"}}, {"geometry": {"type": "Polygon", "coordinates": [[[302596.1255906134, 2772462.1060910854], [302601.71704669937, 2772462.127641042], [302601.7844783524, 2772444.632376499], [302596.193015098, 2772444.6108266413], [302596.1255906134, 2772462.1060910854]]]}, "properties": {"height": 17.5, "color": "rgb(0,0,255)"}}, {"geometry": {"type": "Polygon", "coordinates": [[[302605.5796675536, 2772554.382832661], [302625.5890181271, 2772554.4599777847], [302625.65166177816, 2772538.2149601816], [302605.6422873841, 2772538.1378153884], [302605.5796675536, 2772554.382832661]]]}, "properties": {"height": 24.5, "color": "rgb(0,0,255)"}}, {"geometry": {"type": "Polygon", "coordinates": [[[302575.8166505939, 2772555.2294117124], [302593.91871251515, 2772555.2991626556], [302593.9849605691, 2772538.109094565], [302575.8828758442, 2772538.0393439373], [302575.8166505939, 2772555.2294117124]]]}, "properties": {"height": 24.5, "color": "rgb(0,0,255)"}}, {"geometry": {"type": "Polygon", "coordinates": [[[302596.67825702485, 2772629.799605898], [302608.49433517596, 2772629.845152396], [302608.6013263513, 2772602.091535779], [302596.78522416734, 2772602.0459896154], [302596.67825702485, 2772629.799605898]]]}, "properties": {"height": 17.5, "color": "rgb(0,0,255)"}}, {"geometry": {"type": "Polygon", "coordinates": [[[302577.7227284473, 2772633.885071032], [302593.7039283099, 2772633.946652838], [302593.7664041059, 2772617.735871092], [302577.7851852576, 2772617.6742895497], [302577.7227284473, 2772633.885071032]]]}, "properties": {"height": 21, "color": "rgb(0,0,255)"}}, {"geometry": {"type": "Polygon", "coordinates": [[[302612.06750142307, 2772656.8546502893], [302631.8791430177, 2772656.9310456417], [302631.9451727275, 2772639.8107044324], [302612.1335062758, 2772639.7343094246], [302612.06750142307, 2772656.8546502893]]]}, "properties": {"height": 14, "color": "rgb(0,0,255)"}}, {"geometry": {"type": "Polygon", "coordinates": [[[302572.9172966692, 2772591.334478657], [302592.4097248157, 2772591.4095849297], [302592.4917146442, 2772570.134525858], [302572.99925610685, 2772570.0594200063], [302572.9172966692, 2772591.334478657]]]}, "properties": {"height": 10.5, "color": "rgb(0,0,255)"}}, {"geometry": {"type": "Polygon", "coordinates": [[[302577.7848477853, 2772589.083068284], [302592.5155901773, 2772589.1398299374], [302592.5911471365, 2772569.534025059], [302577.8603835797, 2772569.4772636993], [302577.7848477853, 2772589.083068284]]]}, "properties": {"height": 14, "color": "rgb(0,0,255)"}}, {"geometry": {"type": "Polygon", "coordinates": [[[302668.0395566585, 2772650.274398198], [302683.78130972735, 2772650.33516177], [302683.8252210699, 2772638.9609200195], [302668.08345487923, 2772638.9001566293], [302668.0395566585, 2772650.274398198]]]}, "properties": {"height": 24.5, "color": "rgb(0,0,255)"}}, {"geometry": {"type": "Polygon", "coordinates": [[[302604.673141812, 2772612.8822731236], [302625.0936846643, 2772612.9610044216], [302625.21117223485, 2772582.4940001657], [302604.7905837887, 2772582.4152695006], [302604.673141812, 2772612.8822731236]]]}, "properties": {"height": 7, "color": "rgb(0,0,255)"}}, {"geometry": {"type": "Polygon", "coordinates": [[[302575.03274977277, 2772552.8597837035], [302584.63788783515, 2772552.896790685], [302584.6928818844, 2772538.624390189], [302575.08773377584, 2772538.587383347], [302575.03274977277, 2772552.8597837035]]]}, "properties": {"height": 24.5, "color": "rgb(0,0,255)"}}, {"geometry": {"type": "Polygon", "coordinates": [[[302594.38075255905, 2772551.243631698], [302605.04624049866, 2772551.2847395367], [302605.1020108952, 2772536.816461435], [302594.4365116473, 2772536.775353753], [302594.38075255905, 2772551.243631698]]]}, "properties": {"height": 21, "color": "rgb(0,0,255)"}}, {"geometry": {"type": "Polygon", "coordinates": [[[302658.57236344425, 2772615.9087795666], [302675.0887101494, 2772615.972521203], [302675.14680604223, 2772600.921387268], [302658.63044111937, 2772600.857645885], [302658.57236344425, 2772615.9087795666]]]}, "properties": {"height": 14, "color": "rgb(0,0,255)"}}, {"geometry": {"type": "Polygon", "coordinates": [[[302577.2363696763, 2772601.198337142], [302593.51329002704, 2772601.261057229], [302593.5523900521, 2772591.1154942703], [302577.2754575993, 2772591.052774351], [302577.2363696763, 2772601.198337142]]]}, "properties": {"height": 17.5, "color": "rgb(0,0,255)"}}, {"geometry": {"type": "Polygon", "coordinates": [[[302616.2040137756, 2772633.0863499045], [302631.2202209524, 2772633.144255008], [302631.3070809785, 2772610.622457303], [302616.29084901744, 2772610.564552544], [302616.2040137756, 2772633.0863499045]]]}, "properties": {"height": 7, "color": "rgb(0,0,255)"}}, {"geometry": {"type": "Polygon", "coordinates": [[[302626.4668355759, 2772605.349998884], [302644.8204281359, 2772605.420788766], [302644.90231000405, 2772584.195017491], [302626.5486888949, 2772584.1242280058], [302626.4668355759, 2772605.349998884]]]}, "properties": {"height": 7, "color": "rgb(0,0,255)"}}, {"geometry": {"type": "Polygon", "coordinates": [[[302669.02693239786, 2772552.4281578353], [302675.96930181445, 2772552.454952748], [302676.0561710556, 2772529.94915455], [302669.11379018915, 2772529.9223597962], [302669.02693239786, 2772552.4281578353]]]}, "properties": {"height": 14, "color": "rgb(0,0,255)"}}, {"geometry": {"type": "Polygon", "coordinates": [[[302608.20118615986, 2772630.6741551613], [302618.607445754, 2772630.7142756064], [302618.67132614425, 2772614.1468610414], [302608.2650539155, 2772614.1067407713], [302608.20118615986, 2772630.6741551613]]]}, "properties": {"height": 14, "color": "rgb(0,0,255)"}}, {"geometry": {"type": "Polygon", "coordinates": [[[302684.44560632494, 2772648.431801363], [302702.0370976277, 2772648.4997272617], [302702.0688506016, 2772640.2776834825], [302684.47734869894, 2772640.2097577318], [302684.44560632494, 2772648.431801363]]]}, "properties": {"height": 14, "color": "rgb(0,0,255)"}}, {"geometry": {"type": "Polygon", "coordinates": [[[302640.53419100447, 2772657.2529999875], [302659.28091290686, 2772657.325327305], [302659.3506853439, 2772639.243976098], [302640.6039386002, 2772639.1716491254], [302640.53419100447, 2772657.2529999875]]]}, "properties": {"height": 7, "color": "rgb(0,0,255)"}}, {"geometry": {"type": "Polygon", "coordinates": [[[302577.25485987385, 2772613.988913677], [302588.42642905546, 2772614.031959394], [302588.4651498094, 2772603.983889618], [302577.29357240145, 2772603.940844015], [302577.25485987385, 2772613.988913677]]]}, "properties": {"height": 17.5, "color": "rgb(0,0,255)"}}, {"geometry": {"type": "Polygon", "coordinates": [[[302565.24353554344, 2772548.806529308], [302575.63571172673, 2772548.8465613946], [302575.6830960011, 2772536.546975528], [302565.2909104509, 2772536.5069435714], [302565.24353554344, 2772548.806529308]]]}, "properties": {"height": 14, "color": "rgb(0,0,255)"}}, {"geometry": {"type": "Polygon", "coordinates": [[[302590.7544071085, 2772590.9171628556], [302599.7144735066, 2772590.951695134], [302599.79737424804, 2772569.443250989], [302590.837293727, 2772569.4087189073], [302590.7544071085, 2772590.9171628556]]]}, "properties": {"height": 7, "color": "rgb(0,0,255)"}}, {"geometry": {"type": "Polygon", "coordinates": [[[302565.3203601237, 2772555.422683532], [302575.95256773435, 2772555.463640516], [302575.995569624, 2772544.301694562], [302565.36335331644, 2772544.260737699], [302565.3203601237, 2772555.422683532]]]}, "properties": {"height": 10.5, "color": "rgb(0,0,255)"}}, {"geometry": {"type": "Polygon", "coordinates": [[[302622.12492319033, 2772740.1898405217], [302645.89831968845, 2772740.28153684], [302645.94684486487, 2772727.703602914], [302622.1734264522, 2772727.6119069005], [302622.12492319033, 2772740.1898405217]]]}, "properties": {"height": 24.5, "color": "rgb(0,0,255)"}}, {"geometry": {"type": "Polygon", "coordinates": [[[302645.47061329085, 2772742.793859808], [302678.7494986411, 2772742.9222883866], [302678.81617244263, 2772725.650934937], [302645.53724496847, 2772725.5225069434], [302645.47061329085, 2772742.793859808]]]}, "properties": {"height": 10.5, "color": "rgb(0,0,255)"}}, {"geometry": {"type": "Polygon", "coordinates": [[[302645.39194863534, 2772675.7688686047], [302660.9788674102, 2772675.8290091865], [302661.0492241112, 2772657.5969732297], [302645.46228450985, 2772657.536832937], [302645.39194863534, 2772675.7688686047]]]}, "properties": {"height": 21, "color": "rgb(0,0,255)"}}, {"geometry": {"type": "Polygon", "coordinates": [[[302584.04682628677, 2772744.4804436457], [302603.67388315033, 2772744.5560895116], [302603.7398677004, 2772727.4388998114], [302584.1127862149, 2772727.363254287], [302584.04682628677, 2772744.4804436457]]]}, "properties": {"height": 14, "color": "rgb(0,0,255)"}}, {"geometry": {"type": "Polygon", "coordinates": [[[302676.9675061358, 2772786.164479969], [302695.8746280268, 2772786.237480578], [302695.9466701728, 2772767.581888986], [302677.0395224309, 2772767.5088887354], [302676.9675061358, 2772786.164479969]]]}, "properties": {"height": 10.5, "color": "rgb(0,0,255)"}}, {"geometry": {"type": "Polygon", "coordinates": [[[302703.3072414771, 2772717.094199572], [302734.5322707315, 2772717.214830704], [302734.5852350185, 2772703.5092013436], [302703.3601744001, 2772703.388570647], [302703.3072414771, 2772717.094199572]]]}, "properties": {"height": 10.5, "color": "rgb(0,0,255)"}}, {"geometry": {"type": "Polygon", "coordinates": [[[302613.7666210058, 2772754.903484492], [302622.03715827945, 2772754.9353751927], [302622.09539029014, 2772739.8346285806], [302613.8248438634, 2772739.8027380067], [302613.7666210058, 2772754.903484492]]]}, "properties": {"height": 31.5, "color": "rgb(0,0,255)"}}, {"geometry": {"type": "Polygon", "coordinates": [[[302580.68452892837, 2772677.678004534], [302607.7992713702, 2772677.782507051], [302607.87362345343, 2772658.4956552004], [302580.758842686, 2772658.3911532145], [302580.68452892837, 2772677.678004534]]]}, "properties": {"height": 7, "color": "rgb(0,0,255)"}}, {"geometry": {"type": "Polygon", "coordinates": [[[302695.5008123064, 2772791.2776853736], [302719.1384005862, 2772791.3689867575], [302719.2320389922, 2772767.131688174], [302695.5944087241, 2772767.0403873734], [302695.5008123064, 2772791.2776853736]]]}, "properties": {"height": 7, "color": "rgb(0,0,255)"}}, {"geometry": {"type": "Polygon", "coordinates": [[[302606.9751355426, 2772676.767146625], [302629.0300776215, 2772676.85218661], [302629.10165495693, 2772658.2925862973], [302607.0466828798, 2772658.207546729], [302606.9751355426, 2772676.767146625]]]}, "properties": {"height": 7, "color": "rgb(0,0,255)"}}, {"geometry": {"type": "Polygon", "coordinates": [[[302610.716638626, 2772716.938996523], [302621.1466137721, 2772716.979211756], [302621.1910777142, 2772705.448438063], [302610.76109375415, 2772705.4082229524], [302610.716638626, 2772716.938996523]]]}, "properties": {"height": 28, "color": "rgb(0,0,255)"}}, {"geometry": {"type": "Polygon", "coordinates": [[[302627.0822426853, 2772757.1656648917], [302641.99310043064, 2772757.2231785045], [302642.04092074634, 2772744.827114558], [302627.13004945463, 2772744.7696011327], [302627.0822426853, 2772757.1656648917]]]}, "properties": {"height": 17.5, "color": "rgb(0,0,255)"}}, {"geometry": {"type": "Polygon", "coordinates": [[[302641.52210188494, 2772760.2852479755], [302658.03627279657, 2772760.348964355], [302658.09988779883, 2772743.8636084064], [302641.5856969349, 2772743.799892303], [302641.52210188494, 2772760.2852479755]]]}, "properties": {"height": 10.5, "color": "rgb(0,0,255)"}}, {"geometry": {"type": "Polygon", "coordinates": [[[302576.6106677232, 2772699.6650388236], [302586.4686021989, 2772699.703023306], [302586.5269350614, 2772684.5655495627], [302576.66898964957, 2772684.527565232], [302576.6106677232, 2772699.6650388236]]]}, "properties": {"height": 17.5, "color": "rgb(0,0,255)"}}, {"geometry": {"type": "Polygon", "coordinates": [[[302575.1634136299, 2772786.379744614], [302596.64721142856, 2772786.4625355606], [302596.71473602613, 2772768.9437988633], [302575.23091064364, 2772768.8610082995], [302575.1634136299, 2772786.379744614]]]}, "properties": {"height": 7, "color": "rgb(0,0,255)"}}, {"geometry": {"type": "Polygon", "coordinates": [[[302617.8959179634, 2772784.508526266], [302626.9311368937, 2772784.5433689444], [302626.98571625265, 2772770.391319632], [302617.95048795105, 2772770.356477084], [302617.8959179634, 2772784.508526266]]]}, "properties": {"height": 21, "color": "rgb(0,0,255)"}}, {"geometry": {"type": "Polygon", "coordinates": [[[302603.3269881335, 2772742.850123782], [302613.4709992852, 2772742.8892312297], [302613.5112956535, 2772732.4378173277], [302603.3672767318, 2772732.3987099878], [302603.3269881335, 2772742.850123782]]]}, "properties": {"height": 24.5, "color": "rgb(0,0,255)"}}, {"geometry": {"type": "Polygon", "coordinates": [[[302655.00373192364, 2772777.182336869], [302671.8267194114, 2772777.247262012], [302671.8714468043, 2772765.6596143465], [302655.04844502965, 2772765.5946894027], [302655.00373192364, 2772777.182336869]]]}, "properties": {"height": 10.5, "color": "rgb(0,0,255)"}}, {"geometry": {"type": "Polygon", "coordinates": [[[302584.0994062267, 2772761.7951451344], [302594.7907484647, 2772761.8363481374], [302594.85565801564, 2772744.995302533], [302584.1643025818, 2772744.9540997124], [302584.0994062267, 2772761.7951451344]]]}, "properties": {"height": 14, "color": "rgb(0,0,255)"}}, {"geometry": {"type": "Polygon", "coordinates": [[[302603.754295764, 2772759.553224976], [302613.89759834815, 2772759.592330277], [302613.95102507604, 2772745.735577494], [302603.80771219096, 2772745.696472336], [302603.754295764, 2772759.553224976]]]}, "properties": {"height": 14, "color": "rgb(0,0,255)"}}, {"geometry": {"type": "Polygon", "coordinates": [[[302573.56533551594, 2772761.766035578], [302583.869732112, 2772761.8057392435], [302583.92740338563, 2772746.8395910156], [302573.62299548724, 2772746.799887507], [302573.56533551594, 2772761.766035578]]]}, "properties": {"height": 14, "color": "rgb(0,0,255)"}}, {"geometry": {"type": "Polygon", "coordinates": [[[302693.20428904786, 2772717.39124957], [302703.8597933497, 2772717.4323988864], [302703.9137331263, 2772703.466218673], [302693.25821791805, 2772703.425069509], [302693.20428904786, 2772717.39124957]]]}, "properties": {"height": 14, "color": "rgb(0,0,255)"}}, {"geometry": {"type": "Polygon", "coordinates": [[[302608.5643102303, 2772784.909677269], [302617.89219844434, 2772784.9456423], [302617.9496806349, 2772770.0383491577], [302608.6217822297, 2772770.0023842677], [302608.5643102303, 2772784.909677269]]]}, "properties": {"height": 14, "color": "rgb(0,0,255)"}}, {"geometry": {"type": "Polygon", "coordinates": [[[302595.95899405016, 2772787.9511170597], [302608.0263714181, 2772787.9976347135], [302608.10028535116, 2772768.8253885563], [302596.03289102705, 2772768.778871138], [302595.95899405016, 2772787.9511170597]]]}, "properties": {"height": 7, "color": "rgb(0,0,255)"}}, {"geometry": {"type": "Polygon", "coordinates": [[[302682.9884147905, 2772717.534423745], [302693.7963841131, 2772717.576153822], [302693.8715223329, 2772698.11750387], [302683.06353759737, 2772698.0757740075], [302682.9884147905, 2772717.534423745]]]}, "properties": {"height": 7, "color": "rgb(0,0,255)"}}, {"geometry": {"type": "Polygon", "coordinates": [[[303035.96877586906, 2772496.121980748], [303083.3765137524, 2772496.306297307], [303083.59109847096, 2772441.1374732954], [303036.1831689283, 2772440.953159418], [303035.96877586906, 2772496.121980748]]]}, "properties": {"height": 35, "color": "rgb(0,0,255)"}}, {"geometry": {"type": "Polygon", "coordinates": [[[302896.85461911606, 2772356.4884006684], [302968.3260153187, 2772356.7655929574], [302968.4503746574, 2772324.722180574], [302896.97881063825, 2772324.4449906284], [302896.85461911606, 2772356.4884006684]]]}, "properties": {"height": 35, "color": "rgb(0,0,255)"}}, {"geometry": {"type": "Polygon", "coordinates": [[[302791.1431438627, 2772622.304003547], [302818.711054351, 2772622.4106757888], [302818.8886041493, 2772576.537098123], [302791.3206009831, 2772576.4304271718], [302791.1431438627, 2772622.304003547]]]}, "properties": {"height": 63, "color": "rgb(0,0,255)"}}, {"geometry": {"type": "Polygon", "coordinates": [[[303033.34705747984, 2772496.1722477493], [303064.3127222069, 2772496.292614567], [303064.53920962417, 2772438.0427081976], [303033.57341271813, 2772437.9223432285], [303033.34705747984, 2772496.1722477493]]]}, "properties": {"height": 35, "color": "rgb(0,0,255)"}}, {"geometry": {"type": "Polygon", "coordinates": [[[303034.74597159354, 2772496.144915536], [303064.3288170858, 2772496.2599087213], [303064.5495040498, 2772439.501841605], [303034.9665355152, 2772439.386850142], [303034.74597159354, 2772496.144915536]]]}, "properties": {"height": 35, "color": "rgb(0,0,255)"}}, {"geometry": {"type": "Polygon", "coordinates": [[[302680.0571802904, 2772875.130348574], [302701.1045581649, 2772875.2116221176], [302701.19415401306, 2772852.013562932], [302680.14674035314, 2772851.932289886], [302680.0571802904, 2772875.130348574]]]}, "properties": {"height": 14, "color": "rgb(0,0,255)"}}, {"geometry": {"type": "Polygon", "coordinates": [[[302550.3402267406, 2772876.310431362], [302573.1371281169, 2772876.3982454133], [302573.21576927666, 2772855.987021884], [302550.4188337967, 2772855.8992083054], [302550.3402267406, 2772876.310431362]]]}, "properties": {"height": 14, "color": "rgb(0,0,255)"}}, {"geometry": {"type": "Polygon", "coordinates": [[[302669.62688476086, 2772813.5441386933], [302692.8779203823, 2772813.6339034033], [302692.9534624979, 2772794.071085584], [302669.70239354, 2772793.9813213362], [302669.62688476086, 2772813.5441386933]]]}, "properties": {"height": 14, "color": "rgb(0,0,255)"}}, {"geometry": {"type": "Polygon", "coordinates": [[[302659.3251704682, 2772871.5255401237], [302683.7395796939, 2772871.6197810937], [302683.810258879, 2772853.3135601548], [302659.3958168966, 2772853.2193196393], [302659.3251704682, 2772871.5255401237]]]}, "properties": {"height": 14, "color": "rgb(0,0,255)"}}, {"geometry": {"type": "Polygon", "coordinates": [[[302632.7719156746, 2772806.4746638904], [302650.0363326319, 2772806.5412656], [302650.0618367127, 2772799.931204306], [302632.7974113916, 2772799.864602712], [302632.7719156746, 2772806.4746638904]]]}, "properties": {"height": 42, "color": "rgb(0,0,255)"}}, {"geometry": {"type": "Polygon", "coordinates": [[[302597.8359075117, 2772894.391205882], [302614.723993362, 2772894.456314683], [302614.7865917309, 2772878.221952332], [302597.89848578617, 2772878.156843811], [302597.8359075117, 2772894.391205882]]]}, "properties": {"height": 17.5, "color": "rgb(0,0,255)"}}, {"geometry": {"type": "Polygon", "coordinates": [[[302657.243801705, 2772813.953502736], [302668.7938288726, 2772813.99807822], [302668.90528272104, 2772785.122114337], [302657.35523110983, 2772785.0775391916], [302657.243801705, 2772813.953502736]]]}, "properties": {"height": 10.5, "color": "rgb(0,0,255)"}}, {"geometry": {"type": "Polygon", "coordinates": [[[302627.56620481843, 2772891.1655200296], [302637.87161624123, 2772891.2052704953], [302637.91320124484, 2772880.425286241], [302627.60778167984, 2772880.3855358884], [302627.56620481843, 2772891.1655200296]]]}, "properties": {"height": 17.5, "color": "rgb(0,0,255)"}}, {"geometry": {"type": "Polygon", "coordinates": [[[302615.31482048705, 2772891.433888141], [302625.35049364, 2772891.4725890555], [302625.39274052426, 2772880.5184223037], [302615.35705931415, 2772880.4797215005], [302615.31482048705, 2772891.433888141]]]}, "properties": {"height": 17.5, "color": "rgb(0,0,255)"}}, {"geometry": {"type": "Polygon", "coordinates": [[[302676.19295459846, 2772791.0970612634], [302693.2688850005, 2772791.1629896397], [302693.29900593497, 2772783.3627017876], [302676.22306577105, 2772783.2967735464], [302676.19295459846, 2772791.0970612634]]]}, "properties": {"height": 14, "color": "rgb(0,0,255)"}}, {"geometry": {"type": "Polygon", "coordinates": [[[302654.6866015693, 2772786.0868956787], [302665.05608125246, 2772786.12691218], [302665.09223578393, 2772776.759092599], [302654.7227489815, 2772776.719076197], [302654.6866015693, 2772786.0868956787]]]}, "properties": {"height": 17.5, "color": "rgb(0,0,255)"}}, {"geometry": {"type": "Polygon", "coordinates": [[[302649.5024064472, 2772814.14030688], [302661.8328834592, 2772814.187887748], [302661.9026076068, 2772796.1210888955], [302649.57211426774, 2772796.0735082556], [302649.5024064472, 2772814.14030688]]]}, "properties": {"height": 7, "color": "rgb(0,0,255)"}}, {"geometry": {"type": "Polygon", "coordinates": [[[302592.2220271287, 2772895.9307108903], [302598.09124061465, 2772895.953333755], [302598.1619404934, 2772877.6121196537], [302592.2927191176, 2772877.589496898], [302592.2220271287, 2772895.9307108903]]]}, "properties": {"height": 14, "color": "rgb(0,0,255)"}}, {"geometry": {"type": "Polygon", "coordinates": [[[302791.2621926747, 2772406.892609055], [302798.3600218429, 2772406.9200659567], [302798.4315357458, 2772388.43433371], [302791.3336969629, 2772388.406876942], [302791.2621926747, 2772406.892609055]]]}, "properties": {"height": 59.5, "color": "rgb(0,0,255)"}}, {"geometry": {"type": "Polygon", "coordinates": [[[302822.32790415175, 2772335.4007977187], [302836.80667432246, 2772335.456841925], [302836.87586401775, 2772317.5843886817], [302822.3970748854, 2772317.5283447397], [302822.32790415175, 2772335.4007977187]]]}, "properties": {"height": 24.5, "color": "rgb(0,0,255)"}}, {"geometry": {"type": "Polygon", "coordinates": [[[302776.75053062406, 2772431.8099956913], [302799.52686535264, 2772431.8980923374], [302799.6086436685, 2772410.7597714635], [302776.8322736596, 2772410.671675308], [302776.75053062406, 2772431.8099956913]]]}, "properties": {"height": 14, "color": "rgb(0,0,255)"}}, {"geometry": {"type": "Polygon", "coordinates": [[[302792.7872290484, 2772370.681696124], [302808.28430842207, 2772370.7416498912], [302808.36146055383, 2772350.801930625], [302792.8643585371, 2772350.7419771734], [302792.7872290484, 2772370.681696124]]]}, "properties": {"height": 17.5, "color": "rgb(0,0,255)"}}, {"geometry": {"type": "Polygon", "coordinates": [[[302811.8594507292, 2772334.015648973], [302826.87446830113, 2772334.0737576233], [302826.94561183883, 2772315.6931385417], [302811.9305740439, 2772315.635030173], [302811.8594507292, 2772334.015648973]]]}, "properties": {"height": 14, "color": "rgb(0,0,255)"}}, {"geometry": {"type": "Polygon", "coordinates": [[[302792.41831470875, 2772351.24432067], [302807.62833981164, 2772351.3031628663], [302807.67969765124, 2772338.029639279], [302792.4696577545, 2772337.9707972887], [302792.41831470875, 2772351.24432067]]]}, "properties": {"height": 14, "color": "rgb(0,0,255)"}}, {"geometry": {"type": "Polygon", "coordinates": [[[302799.2505094886, 2772386.7332069143], [302809.06980622694, 2772386.7711978215], [302809.13302879594, 2772370.4318894446], [302799.31372030097, 2772370.393898701], [302799.2505094886, 2772386.7332069143]]]}, "properties": {"height": 14, "color": "rgb(0,0,255)"}}, {"geometry": {"type": "Polygon", "coordinates": [[[302820.54011097964, 2772391.988934793], [302839.13882199605, 2772392.060928447], [302839.1796248562, 2772381.5218273927], [302820.5808994764, 2772381.4498339393], [302820.54011097964, 2772391.988934793]]]}, "properties": {"height": 10.5, "color": "rgb(0,0,255)"}}, {"geometry": {"type": "Polygon", "coordinates": [[[302824.94998869364, 2772531.6906036967], [302844.73497374053, 2772531.7672009347], [302844.8204819467, 2772509.6845748876], [302825.03546488273, 2772509.6079780958], [302824.94998869364, 2772531.6906036967]]]}, "properties": {"height": 17.5, "color": "rgb(0,0,255)"}}, {"geometry": {"type": "Polygon", "coordinates": [[[302852.9902291208, 2772491.71886169], [302878.2992025992, 2772491.81690047], [302878.36848099565, 2772473.936723278], [302853.0594743557, 2772473.8386849603], [302852.9902291208, 2772491.71886169]]]}, "properties": {"height": 17.5, "color": "rgb(0,0,255)"}}, {"geometry": {"type": "Polygon", "coordinates": [[[302851.4664159854, 2772474.3426987845], [302884.2694918834, 2772474.4697717326], [302884.33121722756, 2772458.540664703], [302851.528103039, 2772458.4135922883], [302851.4664159854, 2772474.3426987845]]]}, "properties": {"height": 14, "color": "rgb(0,0,255)"}}, {"geometry": {"type": "Polygon", "coordinates": [[[302818.3317421361, 2772510.4721537344], [302848.84911998786, 2772510.5902974242], [302848.9154019213, 2772493.474084047], [302818.3979857918, 2772493.3559408905], [302818.3317421361, 2772510.4721537344]]]}, "properties": {"height": 14, "color": "rgb(0,0,255)"}}, {"geometry": {"type": "Polygon", "coordinates": [[[302819.89948743413, 2772480.9951356817], [302833.3479494224, 2772481.0471919947], [302833.4097466233, 2772465.0842144024], [302819.96126890345, 2772465.0321583077], [302819.89948743413, 2772480.9951356817]]]}, "properties": {"height": 28, "color": "rgb(0,0,255)"}}, {"geometry": {"type": "Polygon", "coordinates": [[[302874.38801555504, 2772550.169584133], [302885.073993632, 2772550.2109901784], [302885.1474723203, 2772531.249632729], [302874.4614793948, 2772531.2082268903], [302874.38801555504, 2772550.169584133]]]}, "properties": {"height": 31.5, "color": "rgb(0,0,255)"}}, {"geometry": {"type": "Polygon", "coordinates": [[[302836.4890808808, 2772438.119502619], [302847.3820904421, 2772438.1616787645], [302847.4186172538, 2772428.7287037037], [302836.5256001628, 2772428.6865276624], [302836.4890808808, 2772438.119502619]]]}, "properties": {"height": 56, "color": "rgb(0,0,255)"}}, {"geometry": {"type": "Polygon", "coordinates": [[[302835.22789222666, 2772479.858617154], [302847.45943293883, 2772479.905976178], [302847.52045681333, 2772464.146960426], [302835.2889019759, 2772464.099601599], [302835.22789222666, 2772479.858617154]]]}, "properties": {"height": 28, "color": "rgb(0,0,255)"}}, {"geometry": {"type": "Polygon", "coordinates": [[[302777.37566397816, 2772453.570881578], [302800.85335849196, 2772453.661693505], [302800.94321907073, 2772430.4350261586], [302777.4654845971, 2772430.3442147877], [302777.37566397816, 2772453.570881578]]]}, "properties": {"height": 10.5, "color": "rgb(0,0,255)"}}, {"geometry": {"type": "Polygon", "coordinates": [[[302865.2571769523, 2772547.9232310615], [302873.852975659, 2772547.9565316364], [302873.92259987147, 2772529.986004835], [302865.3267898448, 2772529.952704418], [302865.2571769523, 2772547.9232310615]]]}, "properties": {"height": 31.5, "color": "rgb(0,0,255)"}}, {"geometry": {"type": "Polygon", "coordinates": [[[302780.4829819673, 2772526.741040484], [302813.9697112399, 2772526.870591237], [302814.01039705146, 2772516.357296696], [302780.52364197955, 2772516.2277463023], [302780.4829819673, 2772526.741040484]]]}, "properties": {"height": 10.5, "color": "rgb(0,0,255)"}}, {"geometry": {"type": "Polygon", "coordinates": [[[302845.8824157862, 2772516.1998546547], [302860.37743925926, 2772516.2559909606], [302860.4533263119, 2772496.663725362], [302845.9582820276, 2772496.607589346], [302845.8824157862, 2772516.1998546547]]]}, "properties": {"height": 10.5, "color": "rgb(0,0,255)"}}, {"geometry": {"type": "Polygon", "coordinates": [[[302719.50512069836, 2772520.545799882], [302739.97708801157, 2772520.6248987447], [302740.0209357989, 2772509.2786172708], [302719.5489514639, 2772509.199518645], [302719.50512069836, 2772520.545799882]]]}, "properties": {"height": 14, "color": "rgb(0,0,255)"}}, {"geometry": {"type": "Polygon", "coordinates": [[[302801.506859875, 2772452.258389513], [302815.403452193, 2772452.3121613166], [302815.47251257306, 2772434.46673841], [302801.57590208243, 2772434.4129668586], [302801.506859875, 2772452.258389513]]]}, "properties": {"height": 10.5, "color": "rgb(0,0,255)"}}, {"geometry": {"type": "Polygon", "coordinates": [[[302860.5468763887, 2772448.5670820437], [302870.82320342906, 2772448.6068885373], [302870.8937790916, 2772430.3889982644], [302860.6174383324, 2772430.3491919623], [302860.5468763887, 2772448.5670820437]]]}, "properties": {"height": 14, "color": "rgb(0,0,255)"}}, {"geometry": {"type": "Polygon", "coordinates": [[[302778.34302577435, 2772471.923199206], [302796.337854741, 2772471.9928015457], [302796.3824255143, 2772460.471517741], [302778.3875813548, 2772460.401915613], [302778.34302577435, 2772471.923199206]]]}, "properties": {"height": 14, "color": "rgb(0,0,255)"}}, {"geometry": {"type": "Polygon", "coordinates": [[[302846.5354859503, 2772475.4687761865], [302857.3950901026, 2772475.5108316164], [302857.4618642114, 2772458.2700613653], [302846.602246339, 2772458.2280061264], [302846.5354859503, 2772475.4687761865]]]}, "properties": {"height": 14, "color": "rgb(0,0,255)"}}, {"geometry": {"type": "Polygon", "coordinates": [[[302796.3562961197, 2772471.594888062], [302811.6746482599, 2772471.654156744], [302811.7210223552, 2772459.6702031954], [302796.4026567627, 2772459.610934701], [302796.3562961197, 2772471.594888062]]]}, "properties": {"height": 10.5, "color": "rgb(0,0,255)"}}, {"geometry": {"type": "Polygon", "coordinates": [[[302801.2177421239, 2772447.462548147], [302811.9795963822, 2772447.5041887746], [302812.0293097076, 2772434.6572593073], [302801.2674453179, 2772434.6156188203], [302801.2177421239, 2772447.462548147]]]}, "properties": {"height": 14, "color": "rgb(0,0,255)"}}, {"geometry": {"type": "Polygon", "coordinates": [[[302802.03030910925, 2772434.0680803237], [302814.7744263922, 2772434.117392296], [302814.8182272505, 2772422.798903696], [302802.07409939746, 2772422.7495918716], [302802.03030910925, 2772434.0680803237]]]}, "properties": {"height": 10.5, "color": "rgb(0,0,255)"}}, {"geometry": {"type": "Polygon", "coordinates": [[[302847.6085567495, 2772610.9388202243], [302880.4268517576, 2772611.065949994], [302880.48222700955, 2772596.7753414195], [302847.66389763163, 2772596.6482121283], [302847.6085567495, 2772610.9388202243]]]}, "properties": {"height": 14, "color": "rgb(0,0,255)"}}, {"geometry": {"type": "Polygon", "coordinates": [[[302806.94853300677, 2772662.301520878], [302823.8790121848, 2772662.367046353], [302823.9788150107, 2772636.584002386], [302807.0483038421, 2772636.5184773556], [302806.94853300677, 2772662.301520878]]]}, "properties": {"height": 14, "color": "rgb(0,0,255)"}}, {"geometry": {"type": "Polygon", "coordinates": [[[302779.67140337685, 2772665.9091853467], [302804.6885464317, 2772666.005965924], [302804.73989261955, 2772652.7364283227], [302779.7227252363, 2772652.639648084], [302779.67140337685, 2772665.9091853467]]]}, "properties": {"height": 21, "color": "rgb(0,0,255)"}}, {"geometry": {"type": "Polygon", "coordinates": [[[302830.4430252482, 2772651.495247055], [302846.3478440471, 2772651.556829461], [302846.4200182018, 2772632.9192383713], [302830.51517767913, 2772632.8576562675], [302830.4430252482, 2772651.495247055]]]}, "properties": {"height": 21, "color": "rgb(0,0,255)"}}, {"geometry": {"type": "Polygon", "coordinates": [[[302706.9405202773, 2772648.6836741916], [302742.3024519446, 2772648.82029829], [302742.3535988338, 2772635.586538571], [302706.9916328711, 2772635.449914949], [302706.9405202773, 2772648.6836741916]]]}, "properties": {"height": 14, "color": "rgb(0,0,255)"}}, {"geometry": {"type": "Polygon", "coordinates": [[[302830.5960374073, 2772553.0438438286], [302841.47211603937, 2772553.0859517027], [302841.5333079214, 2772537.2822330515], [302830.6572166933, 2772537.2401253525], [302830.5960374073, 2772553.0438438286]]]}, "properties": {"height": 31.5, "color": "rgb(0,0,255)"}}, {"geometry": {"type": "Polygon", "coordinates": [[[302781.52398020925, 2772649.356781842], [302803.3122586607, 2772649.441071137], [302803.35986660497, 2772637.137215902], [302781.57156850724, 2772637.052926881], [302781.52398020925, 2772649.356781842]]]}, "properties": {"height": 17.5, "color": "rgb(0,0,255)"}}, {"geometry": {"type": "Polygon", "coordinates": [[[302797.8012863454, 2772552.4861928844], [302806.8222796695, 2772552.521096304], [302806.8722381748, 2772539.6101027173], [302797.85123631544, 2772539.575199417], [302797.8012863454, 2772552.4861928844]]]}, "properties": {"height": 38.5, "color": "rgb(0,0,255)"}}, {"geometry": {"type": "Polygon", "coordinates": [[[302819.6563956151, 2772557.1751406468], [302831.1620093387, 2772557.2196769495], [302831.24624458735, 2772535.460433954], [302819.7406125172, 2772535.4158979063], [302819.6563956151, 2772557.1751406468]]]}, "properties": {"height": 10.5, "color": "rgb(0,0,255)"}}, {"geometry": {"type": "Polygon", "coordinates": [[[302780.79470656574, 2772654.460838522], [302803.96017913625, 2772654.5504556955], [302803.9864916483, 2772647.750321967], [302780.82100753323, 2772647.660704955], [302780.79470656574, 2772654.460838522]]]}, "properties": {"height": 17.5, "color": "rgb(0,0,255)"}}, {"geometry": {"type": "Polygon", "coordinates": [[[302852.1772193731, 2772576.097155092], [302873.5596121825, 2772576.1799820852], [302873.58012033487, 2772570.886718736], [302852.1977192311, 2772570.803891858], [302852.1772193731, 2772576.097155092]]]}, "properties": {"height": 24.5, "color": "rgb(0,0,255)"}}, {"geometry": {"type": "Polygon", "coordinates": [[[302778.5177314163, 2772683.26867114], [302807.22836565785, 2772683.3797424966], [302807.29976977425, 2772664.927581751], [302778.5890967075, 2772664.8165109344], [302778.5177314163, 2772683.26867114]]]}, "properties": {"height": 14, "color": "rgb(0,0,255)"}}, {"geometry": {"type": "Polygon", "coordinates": [[[302831.4545727824, 2772693.100271678], [302864.29899838887, 2772693.227468113], [302864.36522778985, 2772676.1310995696], [302831.5207610315, 2772676.003903708], [302831.4545727824, 2772693.100271678]]]}, "properties": {"height": 14, "color": "rgb(0,0,255)"}}, {"geometry": {"type": "Polygon", "coordinates": [[[302760.00568625407, 2772777.111492467], [302784.98509911285, 2772777.208095458], [302785.03698820027, 2772763.7938610883], [302760.0575507838, 2772763.6972584384], [302760.00568625407, 2772777.111492467]]]}, "properties": {"height": 21, "color": "rgb(0,0,255)"}}, {"geometry": {"type": "Polygon", "coordinates": [[[302837.9725438184, 2772734.0132788713], [302864.7193439087, 2772734.116869602], [302864.7785608454, 2772718.8310717824], [302838.03173079167, 2772718.7274814695], [302837.9725438184, 2772734.0132788713]]]}, "properties": {"height": 14, "color": "rgb(0,0,255)"}}, {"geometry": {"type": "Polygon", "coordinates": [[[302708.44893508975, 2772703.0569576966], [302735.5238739802, 2772703.1615613354], [302735.5494970729, 2772696.5311385687], [302708.4745450261, 2772696.4265351123], [302708.44893508975, 2772703.0569576966]]]}, "properties": {"height": 31.5, "color": "rgb(0,0,255)"}}, {"geometry": {"type": "Polygon", "coordinates": [[[302848.4537371399, 2772692.8250717623], [302864.85913425905, 2772692.8886154043], [302864.91217021534, 2772679.198135943], [302848.5067566362, 2772679.1345925312], [302848.4537371399, 2772692.8250717623]]]}, "properties": {"height": 17.5, "color": "rgb(0,0,255)"}}, {"geometry": {"type": "Polygon", "coordinates": [[[302838.41608802817, 2772692.9333697003], [302848.9035428368, 2772692.973981167], [302848.9627079443, 2772677.6967340275], [302838.47524139367, 2772677.656122724], [302838.41608802817, 2772692.9333697003]]]}, "properties": {"height": 21, "color": "rgb(0,0,255)"}}, {"geometry": {"type": "Polygon", "coordinates": [[[302811.84673025564, 2772736.1729302243], [302823.02600581595, 2772736.216199974], [302823.0738144129, 2772723.8655383727], [302811.8945287337, 2772723.822268764], [302811.84673025564, 2772736.1729302243]]]}, "properties": {"height": 21, "color": "rgb(0,0,255)"}}, {"geometry": {"type": "Polygon", "coordinates": [[[302818.41028004925, 2772784.3662304063], [302821.35293455434, 2772784.3776207985], [302821.539469609, 2772736.1881142813], [302818.59680471115, 2772736.1767240334], [302818.41028004925, 2772784.3662304063]]]}, "properties": {"height": 21, "color": "rgb(0,0,255)"}}, {"geometry": {"type": "Polygon", "coordinates": [[[302870.12633468874, 2772736.660866851], [302878.31728596, 2772736.6926042843], [302878.3860652127, 2772718.943041609], [302870.1951032864, 2772718.9113043253], [302870.12633468874, 2772736.660866851]]]}, "properties": {"height": 17.5, "color": "rgb(0,0,255)"}}, {"geometry": {"type": "Polygon", "coordinates": [[[302820.6082097224, 2772784.4014855097], [302823.0650675373, 2772784.4109958373], [302823.25165672955, 2772736.209066305], [302820.79479023535, 2772736.1995560974], [302820.6082097224, 2772784.4014855097]]]}, "properties": {"height": 17.5, "color": "rgb(0,0,255)"}}, {"geometry": {"type": "Polygon", "coordinates": [[[302808.5074050935, 2772681.486284932], [302825.3117711257, 2772681.5513246697], [302825.3517473327, 2772671.224266845], [302808.54736858245, 2772671.1592272846], [302808.5074050935, 2772681.486284932]]]}, "properties": {"height": 10.5, "color": "rgb(0,0,255)"}}, {"geometry": {"type": "Polygon", "coordinates": [[[302822.3267902598, 2772784.439949588], [302825.1067891387, 2772784.450711156], [302825.293465829, 2772736.228042524], [302822.51345712505, 2772736.217281092], [302822.3267902598, 2772784.439949588]]]}, "properties": {"height": 14, "color": "rgb(0,0,255)"}}, {"geometry": {"type": "Polygon", "coordinates": [[[302807.9223013956, 2772672.2827364346], [302824.6342551143, 2772672.3474174812], [302824.679078815, 2772660.767911434], [302807.9671109143, 2772660.703230585], [302807.9223013956, 2772672.2827364346]]]}, "properties": {"height": 7, "color": "rgb(0,0,255)"}}, {"geometry": {"type": "Polygon", "coordinates": [[[302850.0733193611, 2772671.172538355], [302859.23531392764, 2772671.208024193], [302859.3146710255, 2772650.7207305715], [302850.15266270284, 2772650.6852449244], [302850.0733193611, 2772671.172538355]]]}, "properties": {"height": 7, "color": "rgb(0,0,255)"}}, {"geometry": {"type": "Polygon", "coordinates": [[[302871.5634919506, 2772808.5016099843], [302884.87219592155, 2772808.5531825623], [302884.92236491153, 2772795.6082862066], [302871.6136483142, 2772795.5567138046], [302871.5634919506, 2772808.5016099843]]]}, "properties": {"height": 45.5, "color": "rgb(0,0,255)"}}, {"geometry": {"type": "Polygon", "coordinates": [[[302793.89380425075, 2772789.876185798], [302803.2030727702, 2772789.912205533], [302803.2680617559, 2772773.1172931553], [302793.9587817778, 2772773.08127358], [302793.89380425075, 2772789.876185798]]]}, "properties": {"height": 45.5, "color": "rgb(0,0,255)"}}, {"geometry": {"type": "Polygon", "coordinates": [[[302781.82013577985, 2772796.763188927], [302795.32865946664, 2772796.8154468364], [302795.3600450143, 2772788.7033972573], [302781.85151329625, 2772788.6511394596], [302781.82013577985, 2772796.763188927]]]}, "properties": {"height": 52.5, "color": "rgb(0,0,255)"}}, {"geometry": {"type": "Polygon", "coordinates": [[[302803.17207936017, 2772795.3388778986], [302817.0056847723, 2772795.3924151696], [302817.0302286962, 2772789.0512840464], [302803.196616855, 2772788.9977468653], [302803.17207936017, 2772795.3388778986]]]}, "properties": {"height": 35, "color": "rgb(0,0,255)"}}, {"geometry": {"type": "Polygon", "coordinates": [[[302830.85295949614, 2772794.332666148], [302856.7775355243, 2772794.433060571], [302856.8291583027, 2772781.1058915686], [302830.90455695294, 2772781.005497498], [302830.85295949614, 2772794.332666148]]]}, "properties": {"height": 7, "color": "rgb(0,0,255)"}}, {"geometry": {"type": "Polygon", "coordinates": [[[302830.62162642065, 2772809.1604655907], [302842.9804573297, 2772809.208319818], [302843.0367963047, 2772794.6598840742], [302830.6779522179, 2772794.612030031], [302830.62162642065, 2772809.1604655907]]]}, "properties": {"height": 14, "color": "rgb(0,0,255)"}}, {"geometry": {"type": "Polygon", "coordinates": [[[302842.86353641213, 2772809.114784218], [302849.3780279269, 2772809.140013217], [302849.43518548534, 2772794.381980045], [302842.9206869244, 2772794.3567511435], [302842.86353641213, 2772809.114784218]]]}, "properties": {"height": 21, "color": "rgb(0,0,255)"}}, {"geometry": {"type": "Polygon", "coordinates": [[[302941.89320669643, 2772355.165319125], [302960.31928212737, 2772355.236807159], [302960.357454502, 2772345.3995543956], [302941.93136578886, 2772345.3280665474], [302941.89320669643, 2772355.165319125]]]}, "properties": {"height": 42, "color": "rgb(0,0,255)"}}, {"geometry": {"type": "Polygon", "coordinates": [[[302938.23108744976, 2772368.6348881987], [302966.8960788951, 2772368.746104047], [302966.94964087295, 2772354.9446382145], [302938.2846204379, 2772354.833422771], [302938.23108744976, 2772368.6348881987]]]}, "properties": {"height": 14, "color": "rgb(0,0,255)"}}, {"geometry": {"type": "Polygon", "coordinates": [[[302990.83905903134, 2772403.2700899723], [302998.38944543654, 2772403.299408012], [302998.48145122407, 2772379.60640079], [302990.93105171015, 2772379.5770829334], [302990.83905903134, 2772403.2700899723]]]}, "properties": {"height": 10.5, "color": "rgb(0,0,255)"}}, {"geometry": {"type": "Polygon", "coordinates": [[[302976.56864555186, 2772369.3049999783], [302993.9322187499, 2772369.372409628], [302993.9886212161, 2772354.846443333], [302976.6250295359, 2772354.779033942], [302976.56864555186, 2772369.3049999783]]]}, "properties": {"height": 7, "color": "rgb(0,0,255)"}}, {"geometry": {"type": "Polygon", "coordinates": [[[302896.06142321724, 2772537.858525456], [302915.42057988537, 2772537.9335748646], [302915.5179687154, 2772512.816405575], [302896.15877641423, 2772512.7413566634], [302896.06142321724, 2772537.858525456]]]}, "properties": {"height": 14, "color": "rgb(0,0,255)"}}, {"geometry": {"type": "Polygon", "coordinates": [[[302995.6724771486, 2772531.3771102163], [303015.183378441, 2772531.452890203], [303015.22043304134, 2772521.9142665695], [302995.7095181106, 2772521.838486774], [302995.6724771486, 2772531.3771102163]]]}, "properties": {"height": 38.5, "color": "rgb(0,0,255)"}}, {"geometry": {"type": "Polygon", "coordinates": [[[302922.8745316021, 2772511.0681012687], [302934.71903543314, 2772511.114038218], [302934.7905459461, 2772492.6775850565], [302922.94602611265, 2772492.6316483305], [302922.8745316021, 2772511.0681012687]]]}, "properties": {"height": 31.5, "color": "rgb(0,0,255)"}}, {"geometry": {"type": "Polygon", "coordinates": [[[302894.81184199505, 2772502.174723431], [302914.35772805125, 2772502.2504939665], [302914.4361271063, 2772482.0302172676], [302894.8902120878, 2772481.954447136], [302894.81184199505, 2772502.174723431]]]}, "properties": {"height": 14, "color": "rgb(0,0,255)"}}, {"geometry": {"type": "Polygon", "coordinates": [[[302885.1792708614, 2772532.454740454], [302899.7089811771, 2772532.5110533247], [302899.78767009964, 2772512.2106475076], [302885.25793816877, 2772512.1543349377], [302885.1792708614, 2772532.454740454]]]}, "properties": {"height": 17.5, "color": "rgb(0,0,255)"}}, {"geometry": {"type": "Polygon", "coordinates": [[[302880.2316088019, 2772500.74319342], [302896.5986839659, 2772500.8066217187], [302896.6816382757, 2772479.404277778], [302880.3145374418, 2772479.340849838], [302880.2316088019, 2772500.74319342]]]}, "properties": {"height": 14, "color": "rgb(0,0,255)"}}, {"geometry": {"type": "Polygon", "coordinates": [[[302960.9307002254, 2772485.5974498484], [302968.43425525323, 2772485.6265705707], [302968.49118896876, 2772470.95742687], [302960.9876258749, 2772470.92830626], [302960.9307002254, 2772485.5974498484]]]}, "properties": {"height": 38.5, "color": "rgb(0,0,255)"}}, {"geometry": {"type": "Polygon", "coordinates": [[[302911.7168431191, 2772506.083201693], [302926.3627713106, 2772506.1399929165], [302926.4320405303, 2772488.278523642], [302911.7860931687, 2772488.221732686], [302911.7168431191, 2772506.083201693]]]}, "properties": {"height": 14, "color": "rgb(0,0,255)"}}, {"geometry": {"type": "Polygon", "coordinates": [[[302988.3689442299, 2772446.814328839], [302999.8057478086, 2772446.8587381323], [302999.9089984903, 2772420.271157951], [302988.47217262915, 2772420.22674897], [302988.3689442299, 2772446.814328839]]]}, "properties": {"height": 7, "color": "rgb(0,0,255)"}}, {"geometry": {"type": "Polygon", "coordinates": [[[302999.6760821881, 2772447.09761605], [303014.0061825485, 2772447.1532734586], [303014.063689408, 2772432.348959719], [302999.73357350164, 2772432.2933025276], [302999.6760821881, 2772447.09761605]]]}, "properties": {"height": 7, "color": "rgb(0,0,255)"}}, {"geometry": {"type": "Polygon", "coordinates": [[[302957.66169345065, 2772550.1345293717], [302973.95338900865, 2772550.1977592125], [302974.0066757383, 2772536.4700686317], [302957.71496379084, 2772536.4068390206], [302957.66169345065, 2772550.1345293717]]]}, "properties": {"height": 35, "color": "rgb(0,0,255)"}}, {"geometry": {"type": "Polygon", "coordinates": [[[302959.2541384733, 2772605.8122652746], [302981.24113381136, 2772605.897608295], [302981.30570543616, 2772589.2653707988], [302959.3186832987, 2772589.180028152], [302959.2541384733, 2772605.8122652746]]]}, "properties": {"height": 21, "color": "rgb(0,0,255)"}}, {"geometry": {"type": "Polygon", "coordinates": [[[302997.90794753295, 2772635.260213305], [303006.49244013586, 2772635.2935547084], [303006.5452569017, 2772621.6957632042], [302997.9607557442, 2772621.66242192], [302997.90794753295, 2772635.260213305]]]}, "properties": {"height": 59.5, "color": "rgb(0,0,255)"}}, {"geometry": {"type": "Polygon", "coordinates": [[[302914.292397159, 2772641.231209446], [302950.7315699613, 2772641.372550221], [302950.7731726888, 2772630.650590641], [302914.333971254, 2772630.5092502665], [302914.292397159, 2772641.231209446]]]}, "properties": {"height": 17.5, "color": "rgb(0,0,255)"}}, {"geometry": {"type": "Polygon", "coordinates": [[[302894.182167899, 2772551.9338148846], [302907.60845956486, 2772551.9858599603], [302907.64430926944, 2772542.738716855], [302894.2180085052, 2772542.6866719066], [302894.182167899, 2772551.9338148846]]]}, "properties": {"height": 45.5, "color": "rgb(0,0,255)"}}, {"geometry": {"type": "Polygon", "coordinates": [[[302901.46259845945, 2772586.0888737068], [302951.7555602155, 2772586.2839245885], [302951.8226545109, 2772568.992138443], [302901.5296290235, 2772568.7970884508], [302901.46259845945, 2772586.0888737068]]]}, "properties": {"height": 7, "color": "rgb(0,0,255)"}}, {"geometry": {"type": "Polygon", "coordinates": [[[302902.821518918, 2772596.415878434], [302913.9372094047, 2772596.458973681], [302913.9747956573, 2772586.7652376397], [302902.859097274, 2772586.7221425036], [302902.821518918, 2772596.415878434]]]}, "properties": {"height": 52.5, "color": "rgb(0,0,255)"}}, {"geometry": {"type": "Polygon", "coordinates": [[[302999.1845634017, 2772609.4648919962], [303016.5741505153, 2772609.5324381245], [303016.6594357117, 2772587.5794906407], [302999.26982062164, 2772587.5119449035], [302999.1845634017, 2772609.4648919962]]]}, "properties": {"height": 14, "color": "rgb(0,0,255)"}}, {"geometry": {"type": "Polygon", "coordinates": [[[302903.68079236493, 2772641.316834914], [302952.48577036086, 2772641.506124518], [302952.53344996844, 2772629.2184206094], [302903.7284280233, 2772629.0291316193], [302903.68079236493, 2772641.316834914]]]}, "properties": {"height": 7, "color": "rgb(0,0,255)"}}, {"geometry": {"type": "Polygon", "coordinates": [[[302969.3111634425, 2772584.953260697], [302978.9572132075, 2772584.990704484], [302979.0013440728, 2772573.6229818845], [302969.355286272, 2772573.58553821], [302969.3111634425, 2772584.953260697]]]}, "properties": {"height": 35, "color": "rgb(0,0,255)"}}, {"geometry": {"type": "Polygon", "coordinates": [[[302957.985186756, 2772614.2287073694], [302980.84875517496, 2772614.3174517434], [302980.8754331896, 2772607.4457631325], [302958.01185325684, 2772607.35701892], [302957.985186756, 2772614.2287073694]]]}, "properties": {"height": 24.5, "color": "rgb(0,0,255)"}}, {"geometry": {"type": "Polygon", "coordinates": [[[302873.3876614735, 2772588.5566466665], [302887.3989206413, 2772588.6109390515], [302887.4687884762, 2772570.5824506395], [302873.45751079684, 2772570.5281585124], [302873.3876614735, 2772588.5566466665]]]}, "properties": {"height": 14, "color": "rgb(0,0,255)"}}, {"geometry": {"type": "Polygon", "coordinates": [[[302929.364069918, 2772663.3308080556], [302948.3080487536, 2772663.4042976703], [302948.3290208298, 2772657.999127749], [302929.38503449, 2772657.9256382394], [302929.364069918, 2772663.3308080556]]]}, "properties": {"height": 24.5, "color": "rgb(0,0,255)"}}, {"geometry": {"type": "Polygon", "coordinates": [[[302954.67729928787, 2772652.6288572317], [302969.81508648046, 2772652.6876071487], [302969.8552467675, 2772642.341174356], [302954.7174480967, 2772642.282424599], [302954.67729928787, 2772652.6288572317]]]}, "properties": {"height": 14, "color": "rgb(0,0,255)"}}, {"geometry": {"type": "Polygon", "coordinates": [[[302987.0512204527, 2772603.146769789], [303000.6929528416, 2772603.1997440387], [303000.73846605147, 2772591.4808362355], [302987.09672194696, 2772591.427862149], [302987.0512204527, 2772603.146769789]]]}, "properties": {"height": 14, "color": "rgb(0,0,255)"}}, {"geometry": {"type": "Polygon", "coordinates": [[[302961.57156730554, 2772643.926459159], [302976.3003419124, 2772643.9836287093], [302976.37540254486, 2772624.6481426167], [302961.64660706726, 2772624.590973358], [302961.57156730554, 2772643.926459159]]]}, "properties": {"height": 7, "color": "rgb(0,0,255)"}}, {"geometry": {"type": "Polygon", "coordinates": [[[302886.88845414604, 2772586.339370535], [302893.4353735267, 2772586.36474393], [302893.49670988676, 2772570.539489404], [302886.94978291343, 2772570.5141161154], [302886.88845414604, 2772586.339370535]]]}, "properties": {"height": 17.5, "color": "rgb(0,0,255)"}}, {"geometry": {"type": "Polygon", "coordinates": [[[302879.9373261807, 2772613.310530027], [302886.20040844596, 2772613.3348003887], [302886.26566875353, 2772596.4950172207], [302880.00257875904, 2772596.4707469665], [302879.9373261807, 2772613.310530027]]]}, "properties": {"height": 14, "color": "rgb(0,0,255)"}}, {"geometry": {"type": "Polygon", "coordinates": [[[302892.22602171235, 2772666.49363914], [302897.5655652344, 2772666.5143357324], [302897.62883856427, 2772650.1911379877], [302892.28928865475, 2772650.170441484], [302892.22602171235, 2772666.49363914]]]}, "properties": {"height": 17.5, "color": "rgb(0,0,255)"}}, {"geometry": {"type": "Polygon", "coordinates": [[[302953.9593785322, 2772642.795981332], [302962.7665352835, 2772642.830159359], [302962.8362404543, 2772624.8696382144], [302954.0290721107, 2772624.835460349], [302953.9593785322, 2772642.795981332]]]}, "properties": {"height": 7, "color": "rgb(0,0,255)"}}, {"geometry": {"type": "Polygon", "coordinates": [[[302951.44268342294, 2772661.3372596106], [302965.2730373682, 2772661.3909316165], [302965.29759598733, 2772655.063416774], [302951.46723562875, 2772655.009744858], [302951.44268342294, 2772661.3372596106]]]}, "properties": {"height": 14, "color": "rgb(0,0,255)"}}, {"geometry": {"type": "Polygon", "coordinates": [[[302950.1469397571, 2772746.627088548], [302968.44043027627, 2772746.698084564], [302968.53405975184, 2772722.5767155406], [302950.24053689325, 2772722.5057199765], [302950.1469397571, 2772746.627088548]]]}, "properties": {"height": 17.5, "color": "rgb(0,0,255)"}}, {"geometry": {"type": "Polygon", "coordinates": [[[302997.49813262135, 2772775.3371624146], [303018.00667070644, 2772775.4168286705], [303018.04839408747, 2772764.6780085145], [302997.53983986133, 2772764.5983424843], [302997.49813262135, 2772775.3371624146]]]}, "properties": {"height": 35, "color": "rgb(0,0,255)"}}, {"geometry": {"type": "Polygon", "coordinates": [[[302995.8888807744, 2772754.254193417], [303018.98063111585, 2772754.3438929524], [303019.025099115, 2772742.898769225], [302995.9333294042, 2772742.8090699594], [302995.8888807744, 2772754.254193417]]]}, "properties": {"height": 28, "color": "rgb(0,0,255)"}}, {"geometry": {"type": "Polygon", "coordinates": [[[302974.5304767967, 2772763.4987558466], [302992.1927110507, 2772763.567333617], [302992.28135195706, 2772740.7415469205], [302974.6190881564, 2772740.672969563], [302974.5304767967, 2772763.4987558466]]]}, "properties": {"height": 17.5, "color": "rgb(0,0,255)"}}, {"geometry": {"type": "Polygon", "coordinates": [[[302973.9188148623, 2772705.1856096857], [302997.2817967318, 2772705.2763236095], [302997.3209777512, 2772695.1876273267], [302973.95797860785, 2772695.096913644], [302973.9188148623, 2772705.1856096857]]]}, "properties": {"height": 31.5, "color": "rgb(0,0,255)"}}, {"geometry": {"type": "Polygon", "coordinates": [[[303001.10476900905, 2772684.544841287], [303017.8568116489, 2772684.60991498], [303017.9354607166, 2772664.3662679843], [303001.1833932237, 2772664.301194639], [303001.10476900905, 2772684.544841287]]]}, "properties": {"height": 21, "color": "rgb(0,0,255)"}}, {"geometry": {"type": "Polygon", "coordinates": [[[302872.89608480135, 2772766.5699720858], [302886.5925177889, 2772766.623047772], [302886.7057901626, 2772737.3962148796], [302873.0093278374, 2772737.343139603], [302872.89608480135, 2772766.5699720858]]]}, "properties": {"height": 17.5, "color": "rgb(0,0,255)"}}, {"geometry": {"type": "Polygon", "coordinates": [[[302995.65468896466, 2772743.4215652766], [303018.5771668142, 2772743.510606345], [303018.6206700146, 2772732.3136669234], [302995.69817335485, 2772732.224626118], [302995.65468896466, 2772743.4215652766]]]}, "properties": {"height": 24.5, "color": "rgb(0,0,255)"}}, {"geometry": {"type": "Polygon", "coordinates": [[[302901.336703683, 2772762.9024154413], [302928.99122825754, 2772763.0096523967], [302929.0546081339, 2772746.669322194], [302901.4000504414, 2772746.5620857007], [302901.336703683, 2772762.9024154413]]]}, "properties": {"height": 14, "color": "rgb(0,0,255)"}}, {"geometry": {"type": "Polygon", "coordinates": [[[302916.06306312303, 2772744.195986684], [302924.4212318513, 2772744.22840032], [302924.5197817556, 2772718.8182546147], [302916.16159746225, 2772718.785841196], [302916.06306312303, 2772744.195986684]]]}, "properties": {"height": 28, "color": "rgb(0,0,255)"}}, {"geometry": {"type": "Polygon", "coordinates": [[[302996.3665356893, 2772764.501047996], [303018.88170177, 2772764.5885084798], [303018.92309932737, 2772753.933677908], [302996.40791566507, 2772753.84621767], [302996.3665356893, 2772764.501047996]]]}, "properties": {"height": 24.5, "color": "rgb(0,0,255)"}}, {"geometry": {"type": "Polygon", "coordinates": [[[302971.14901462855, 2772685.7273935406], [303000.46462139173, 2772685.8412198867], [303000.5017900127, 2772676.2711940818], [302971.1861626889, 2772676.157368022], [302971.14901462855, 2772685.7273935406]]]}, "properties": {"height": 17.5, "color": "rgb(0,0,255)"}}, {"geometry": {"type": "Polygon", "coordinates": [[[302917.3193926543, 2772677.787840652], [302928.6941211898, 2772677.831953847], [302928.78771797236, 2772653.7002190305], [302917.41296932043, 2772653.6561061163], [302917.3193926543, 2772677.787840652]]]}, "properties": {"height": 17.5, "color": "rgb(0,0,255)"}}, {"geometry": {"type": "Polygon", "coordinates": [[[302934.34548654023, 2772737.9509259462], [302949.86628913926, 2772738.0111415526], [302949.9396745392, 2772719.098486336], [302934.41885042726, 2772719.03827103], [302934.34548654023, 2772737.9509259462]]]}, "properties": {"height": 17.5, "color": "rgb(0,0,255)"}}, {"geometry": {"type": "Polygon", "coordinates": [[[302975.1404424097, 2772738.841038193], [302991.4411023054, 2772738.9043286066], [302991.5048454802, 2772722.4895382333], [302975.20416597463, 2772722.4262480936], [302975.1404424097, 2772738.841038193]]]}, "properties": {"height": 17.5, "color": "rgb(0,0,255)"}}, {"geometry": {"type": "Polygon", "coordinates": [[[302936.6137704646, 2772759.316986871], [302951.5592600045, 2772759.374973129], [302951.6410482096, 2772738.2976242383], [302936.69553558296, 2772738.239638302], [302936.6137704646, 2772759.316986871]]]}, "properties": {"height": 14, "color": "rgb(0,0,255)"}}, {"geometry": {"type": "Polygon", "coordinates": [[[302931.3029496709, 2772676.525897136], [302948.2262152651, 2772676.591549279], [302948.2678029955, 2772665.873102537], [302931.3445241078, 2772665.807450579], [302931.3029496709, 2772676.525897136]]]}, "properties": {"height": 24.5, "color": "rgb(0,0,255)"}}, {"geometry": {"type": "Polygon", "coordinates": [[[302951.34325626434, 2772677.4720411184], [302965.10707137035, 2772677.525455123], [302965.16275622015, 2772663.178314549], [302951.3989266422, 2772663.124900746], [302951.34325626434, 2772677.4720411184]]]}, "properties": {"height": 21, "color": "rgb(0,0,255)"}}, {"geometry": {"type": "Polygon", "coordinates": [[[302981.22351326514, 2772738.6090572574], [302992.2356373471, 2772738.6518166945], [302992.2983889186, 2772722.4926197967], [302981.2862517953, 2772722.4498605416], [302981.22351326514, 2772738.6090572574]]]}, "properties": {"height": 24.5, "color": "rgb(0,0,255)"}}, {"geometry": {"type": "Polygon", "coordinates": [[[302971.48223642056, 2772676.7190329907], [302999.2862964844, 2772676.8269890593], [302999.32071806415, 2772667.9640315194], [302971.5166399407, 2772667.8560757036], [302971.48223642056, 2772676.7190329907]]]}, "properties": {"height": 17.5, "color": "rgb(0,0,255)"}}, {"geometry": {"type": "Polygon", "coordinates": [[[302887.26943912264, 2772761.7142881136], [302901.40616850235, 2772761.7690850217], [302901.4829083067, 2772741.9740172466], [302887.3461584181, 2772741.919220624], [302887.26943912264, 2772761.7142881136]]]}, "properties": {"height": 14, "color": "rgb(0,0,255)"}}, {"geometry": {"type": "Polygon", "coordinates": [[[302999.2324417727, 2772732.675099247], [303012.7242937266, 2772732.727506227], [303012.7503368758, 2772726.0237045907], [302999.25847829325, 2772725.9712977037], [302999.2324417727, 2772732.675099247]]]}, "properties": {"height": 38.5, "color": "rgb(0,0,255)"}}, {"geometry": {"type": "Polygon", "coordinates": [[[302908.81760275323, 2772740.318379756], [302916.5225380146, 2772740.348255778], [302916.6053799079, 2772718.985062106], [302908.9004325832, 2772718.9551862525], [302908.81760275323, 2772740.318379756]]]}, "properties": {"height": 21, "color": "rgb(0,0,255)"}}, {"geometry": {"type": "Polygon", "coordinates": [[[302923.98776920704, 2772743.8984637805], [302930.71287542244, 2772743.9245477705], [302930.80962024577, 2772718.982788635], [302924.0845017374, 2772718.9567048163], [302923.98776920704, 2772743.8984637805]]]}, "properties": {"height": 21, "color": "rgb(0,0,255)"}}, {"geometry": {"type": "Polygon", "coordinates": [[[302877.96720123716, 2772737.2625770317], [302889.02712657774, 2772737.305438391], [302889.09796453465, 2772719.0282994797], [302878.03802437935, 2772718.985438328], [302877.96720123716, 2772737.2625770317]]]}, "properties": {"height": 14, "color": "rgb(0,0,255)"}}, {"geometry": {"type": "Polygon", "coordinates": [[[302901.5265957931, 2772738.6972434414], [302909.31483041064, 2772738.7274383013], [302909.39243351674, 2772718.712483565], [302901.60418747494, 2772718.6822888646], [302901.5265957931, 2772738.6972434414]]]}, "properties": {"height": 14, "color": "rgb(0,0,255)"}}, {"geometry": {"type": "Polygon", "coordinates": [[[302935.64737043553, 2772765.664440411], [302951.5307802575, 2772765.7260652403], [302951.55707935046, 2772758.9486494013], [302935.67366163904, 2772758.8870246815], [302935.64737043553, 2772765.664440411]]]}, "properties": {"height": 14, "color": "rgb(0,0,255)"}}, {"geometry": {"type": "Polygon", "coordinates": [[[302888.5062140478, 2772738.9501148174], [302893.41623063275, 2772738.969145672], [302893.4930770686, 2772719.143392511], [302888.5830533494, 2772719.124361756], [302888.5062140478, 2772738.9501148174]]]}, "properties": {"height": 17.5, "color": "rgb(0,0,255)"}}, {"geometry": {"type": "Polygon", "coordinates": [[[302935.2394191157, 2772781.6215095553], [302952.3811334401, 2772781.6880170982], [302952.40287438384, 2772776.0853882893], [302935.2611530207, 2772776.018880845], [302935.2394191157, 2772781.6215095553]]]}, "properties": {"height": 17.5, "color": "rgb(0,0,255)"}}, {"geometry": {"type": "Polygon", "coordinates": [[[302893.29128909885, 2772734.852274704], [302901.5908692014, 2772734.884447138], [302901.65161702613, 2772719.2144106315], [302893.35202739213, 2772719.1822383297], [302893.29128909885, 2772734.852274704]]]}, "properties": {"height": 10.5, "color": "rgb(0,0,255)"}}, {"geometry": {"type": "Polygon", "coordinates": [[[303037.164080087, 2772660.3152997787], [303082.6227134267, 2772660.4920510547], [303082.7654794063, 2772623.789586539], [303037.3067237939, 2772623.6128369747], [303037.164080087, 2772660.3152997787]]]}, "properties": {"height": 49, "color": "rgb(0,0,255)"}}, {"geometry": {"type": "Polygon", "coordinates": [[[303048.4662217178, 2772794.2855466893], [303171.3457983451, 2772794.763801034], [303171.5188746853, 2772750.34574002], [303048.63889803935, 2772749.867491277], [303048.4662217178, 2772794.2855466893]]]}, "properties": {"height": 14, "color": "rgb(0,0,255)"}}, {"geometry": {"type": "Polygon", "coordinates": [[[302820.9551360514, 2772865.8645533714], [302899.4807976172, 2772866.168751872], [302899.55159408966, 2772847.9068914927], [302821.0258274217, 2772847.6026944574], [302820.9551360514, 2772865.8645533714]]]}, "properties": {"height": 49, "color": "rgb(0,0,255)"}}, {"geometry": {"type": "Polygon", "coordinates": [[[302946.40528787056, 2772864.8649068135], [302958.0631703039, 2772864.9101465684], [302958.13560420735, 2772846.246569663], [302946.47770582733, 2772846.2013301305], [302946.40528787056, 2772864.8649068135]]]}, "properties": {"height": 35, "color": "rgb(0,0,255)"}}, {"geometry": {"type": "Polygon", "coordinates": [[[302870.0070630966, 2772788.328599021], [302901.71713645954, 2772788.45149552], [302901.77238095785, 2772774.2014048854], [302870.0622744775, 2772774.078508848], [302870.0070630966, 2772788.328599021]]]}, "properties": {"height": 17.5, "color": "rgb(0,0,255)"}}, {"geometry": {"type": "Polygon", "coordinates": [[[302957.55343804107, 2772868.01784802], [302975.4589899336, 2772868.0873513916], [302975.54549544136, 2772845.8053693036], [302957.6399143075, 2772845.7358663394], [302957.55343804107, 2772868.01784802]]]}, "properties": {"height": 14, "color": "rgb(0,0,255)"}}, {"geometry": {"type": "Polygon", "coordinates": [[[302890.5872509126, 2772799.6593880714], [302910.5378763996, 2772799.7367311567], [302910.56540401716, 2772792.6373207704], [302890.6147681496, 2772792.5599778304], [302890.5872509126, 2772799.6593880714]]]}, "properties": {"height": 42, "color": "rgb(0,0,255)"}}, {"geometry": {"type": "Polygon", "coordinates": [[[302936.28825371625, 2772806.705699193], [302955.4235410281, 2772806.7799451626], [302955.47981112276, 2772792.2801343994], [302936.34450347594, 2772792.205888714], [302936.28825371625, 2772806.705699193]]]}, "properties": {"height": 21, "color": "rgb(0,0,255)"}}, {"geometry": {"type": "Polygon", "coordinates": [[[302912.8938966128, 2772807.368985876], [302931.2097138324, 2772807.4400203265], [302931.2739337553, 2772790.88410796], [302912.9580943116, 2772790.8130738195], [302912.8938966128, 2772807.368985876]]]}, "properties": {"height": 17.5, "color": "rgb(0,0,255)"}}, {"geometry": {"type": "Polygon", "coordinates": [[[302936.4282776709, 2772884.904378499], [302968.1143190788, 2772885.0273409286], [302968.1275369923, 2772881.6222494803], [302936.4414876765, 2772881.499287162], [302936.4282776709, 2772884.904378499]]]}, "properties": {"height": 49, "color": "rgb(0,0,255)"}}, {"geometry": {"type": "Polygon", "coordinates": [[[302915.5102102066, 2772790.8492404534], [302928.9247927697, 2772790.9012661967], [302929.00379726605, 2772770.532856563], [302915.5891946779, 2772770.4808310983], [302915.5102102066, 2772790.8492404534]]]}, "properties": {"height": 17.5, "color": "rgb(0,0,255)"}}, {"geometry": {"type": "Polygon", "coordinates": [[[302955.06703436445, 2772806.3020656207], [302967.56694153085, 2772806.3505801037], [302967.62313268584, 2772791.874427623], [302955.1232122576, 2772791.825913326], [302955.06703436445, 2772806.3020656207]]]}, "properties": {"height": 21, "color": "rgb(0,0,255)"}}, {"geometry": {"type": "Polygon", "coordinates": [[[302988.9820375927, 2772887.775667191], [303003.7785409673, 2772887.833135134], [303003.84749599086, 2772870.081431826], [302989.05097336497, 2772870.023964152], [302988.9820375927, 2772887.775667191]]]}, "properties": {"height": 14, "color": "rgb(0,0,255)"}}, {"geometry": {"type": "Polygon", "coordinates": [[[302901.2605589347, 2772790.538809008], [302917.7477556952, 2772790.602735896], [302917.8132869568, 2772773.704344865], [302901.3260697773, 2772773.6404182613], [302901.2605589347, 2772790.538809008]]]}, "properties": {"height": 10.5, "color": "rgb(0,0,255)"}}, {"geometry": {"type": "Polygon", "coordinates": [[[303003.810743801, 2772877.8278456503], [303020.6685837027, 2772877.893338916], [303020.7065324216, 2772868.126948922], [303003.848680453, 2772868.0614558253], [303003.810743801, 2772877.8278456503]]]}, "properties": {"height": 17.5, "color": "rgb(0,0,255)"}}, {"geometry": {"type": "Polygon", "coordinates": [[[303004.12694423756, 2772888.942654033], [303019.14607771754, 2772889.001003466], [303019.1913376801, 2772877.3527245], [303004.1721913778, 2772877.294375247], [303004.12694423756, 2772888.942654033]]]}, "properties": {"height": 14, "color": "rgb(0,0,255)"}}, {"geometry": {"type": "Polygon", "coordinates": [[[302993.2880492064, 2772805.2741460023], [303001.094866304, 2772805.3044662336], [303001.1660895919, 2772786.967272529], [302993.35926200246, 2772786.9369524447], [302993.2880492064, 2772805.2741460023]]]}, "properties": {"height": 14, "color": "rgb(0,0,255)"}}, {"geometry": {"type": "Polygon", "coordinates": [[[302990.6042867173, 2772865.603269414], [302996.1186790998, 2772865.624685275], [302996.1968654299, 2772845.4933842183], [302990.68246491125, 2772845.4719684715], [302990.6042867173, 2772865.603269414]]]}, "properties": {"height": 17.5, "color": "rgb(0,0,255)"}}, {"geometry": {"type": "Polygon", "coordinates": [[[302907.10966907506, 2772871.1877594804], [302914.44591369986, 2772871.216206408], [302914.5396781981, 2772847.036638868], [302907.20342057233, 2772847.0081921215], [302907.10966907506, 2772871.1877594804]]]}, "properties": {"height": 7, "color": "rgb(0,0,255)"}}, {"geometry": {"type": "Polygon", "coordinates": [[[302935.8300152394, 2772791.230193867], [302952.8040889844, 2772791.296051877], [302952.82661076245, 2772785.492271533], [302935.85252979747, 2772785.4264136245], [302935.8300152394, 2772791.230193867]]]}, "properties": {"height": 14, "color": "rgb(0,0,255)"}}, {"geometry": {"type": "Polygon", "coordinates": [[[303117.88054022426, 2772344.5468904194], [303142.9032141996, 2772344.6442996804], [303142.9866320796, 2772323.2207257166], [303117.96391882276, 2772323.1233170065], [303117.88054022426, 2772344.5468904194]]]}, "properties": {"height": 14, "color": "rgb(0,0,255)"}}, {"geometry": {"type": "Polygon", "coordinates": [[[303178.3527473472, 2772344.4717477155], [303196.4544724734, 2772344.54229044], [303196.50112218974, 2772332.5736803995], [303178.3993811881, 2772332.503137897], [303178.3527473472, 2772344.4717477155]]]}, "properties": {"height": 35, "color": "rgb(0,0,255)"}}, {"geometry": {"type": "Polygon", "coordinates": [[[303054.94058859575, 2772342.081629199], [303064.96180160687, 2772342.120588417], [303065.0232535489, 2772326.3151765936], [303055.0020289316, 2772326.276217537], [303054.94058859575, 2772342.081629199]]]}, "properties": {"height": 45.5, "color": "rgb(0,0,255)"}}, {"geometry": {"type": "Polygon", "coordinates": [[[303032.6264443601, 2772431.210189694], [303053.3469691051, 2772431.290721549], [303053.4830313904, 2772396.2890692763], [303032.76245349983, 2772396.2085381644], [303032.6264443601, 2772431.210189694]]]}, "properties": {"height": 10.5, "color": "rgb(0,0,255)"}}, {"geometry": {"type": "Polygon", "coordinates": [[[303047.53003133036, 2772360.729762983], [303056.3928482514, 2772360.7642138093], [303056.46168544603, 2772343.056588772], [303047.59885702503, 2772343.0221381066], [303047.53003133036, 2772360.729762983]]]}, "properties": {"height": 38.5, "color": "rgb(0,0,255)"}}, {"geometry": {"type": "Polygon", "coordinates": [[[303120.4046036869, 2772363.2007040344], [303144.4145787604, 2772363.294175286], [303144.49027160835, 2772343.8552700616], [303120.48026233463, 2772343.76179929], [303120.4046036869, 2772363.2007040344]]]}, "properties": {"height": 14, "color": "rgb(0,0,255)"}}, {"geometry": {"type": "Polygon", "coordinates": [[[303059.8985697797, 2772431.2449120157], [303096.8618218685, 2772431.3886682936], [303096.9776745831, 2772401.61032382], [303060.0143418361, 2772401.4665686707], [303059.8985697797, 2772431.2449120157]]]}, "properties": {"height": 3.5, "color": "rgb(0,0,255)"}}, {"geometry": {"type": "Polygon", "coordinates": [[[303142.4738882315, 2772345.164378245], [303152.368722056, 2772345.2029096032], [303152.45302391716, 2772323.5561691187], [303142.5581743975, 2772323.5176379806], [303142.4738882315, 2772345.164378245]]]}, "properties": {"height": 14, "color": "rgb(0,0,255)"}}, {"geometry": {"type": "Polygon", "coordinates": [[[303172.3531021351, 2772350.521504038], [303178.2650818821, 2772350.54453794], [303178.3395685531, 2772331.4274717295], [303172.42758052435, 2772331.404437944], [303172.3531021351, 2772350.521504038]]]}, "properties": {"height": 17.5, "color": "rgb(0,0,255)"}}, {"geometry": {"type": "Polygon", "coordinates": [[[303119.3850531532, 2772363.351163844], [303143.1973738474, 2772363.443863678], [303143.21349464805, 2772359.3037490696], [303119.4011667298, 2772359.2110493365], [303119.3850531532, 2772363.351163844]]]}, "properties": {"height": 10.5, "color": "rgb(0,0,255)"}}, {"geometry": {"type": "Polygon", "coordinates": [[[303188.28957690095, 2772489.7360955314], [303198.52060017944, 2772489.775972875], [303198.58770676603, 2772472.5605578013], [303188.3566705806, 2772472.5206806394], [303188.28957690095, 2772489.7360955314]]]}, "properties": {"height": 28, "color": "rgb(0,0,255)"}}, {"geometry": {"type": "Polygon", "coordinates": [[[303179.210442355, 2772437.922699368], [303186.96762062673, 2772437.952927928], [303187.01762804086, 2772425.121057059], [303179.260442475, 2772425.0908286017], [303179.210442355, 2772437.922699368]]]}, "properties": {"height": 45.5, "color": "rgb(0,0,255)"}}, {"geometry": {"type": "Polygon", "coordinates": [[[303086.25137963635, 2772461.215515955], [303107.0177994081, 2772461.296308806], [303107.05725653155, 2772451.1564961043], [303086.29082132946, 2772451.0757034696], [303086.25137963635, 2772461.215515955]]]}, "properties": {"height": 21, "color": "rgb(0,0,255)"}}, {"geometry": {"type": "Polygon", "coordinates": [[[303045.109023917, 2772447.5811297856], [303080.3133496532, 2772447.7180058053], [303080.431213252, 2772417.4135470823], [303045.2268093381, 2772417.2766721565], [303045.109023917, 2772447.5811297856]]]}, "properties": {"height": 3.5, "color": "rgb(0,0,255)"}}, {"geometry": {"type": "Polygon", "coordinates": [[[303168.1806686771, 2772634.1835996965], [303198.61840738176, 2772634.302221243], [303198.6932125458, 2772615.1129922783], [303168.2554310372, 2772614.9943713327], [303168.1806686771, 2772634.1835996965]]]}, "properties": {"height": 14, "color": "rgb(0,0,255)"}}, {"geometry": {"type": "Polygon", "coordinates": [[[303089.4929138955, 2772653.0202284497], [303112.8279232812, 2772653.1110294173], [303112.88310998166, 2772638.9316392653], [303089.54807634756, 2772638.8408386367], [303089.4929138955, 2772653.0202284497]]]}, "properties": {"height": 24.5, "color": "rgb(0,0,255)"}}, {"geometry": {"type": "Polygon", "coordinates": [[[303137.3009724761, 2772591.449927918], [303170.92270402267, 2772591.5808836287], [303170.96380553115, 2772581.0317490664], [303137.3420479923, 2772580.9007937205], [303137.3009724761, 2772591.449927918]]]}, "properties": {"height": 21, "color": "rgb(0,0,255)"}}, {"geometry": {"type": "Polygon", "coordinates": [[[303084.6951931524, 2772635.279529654], [303107.40332986217, 2772635.3678821935], [303107.4627877375, 2772620.089403701], [303084.7546256018, 2772620.0010515177], [303084.6951931524, 2772635.279529654]]]}, "properties": {"height": 17.5, "color": "rgb(0,0,255)"}}, {"geometry": {"type": "Polygon", "coordinates": [[[303051.0626892821, 2772548.069591001], [303064.16573682294, 2772548.120533452], [303064.2064235211, 2772537.6566698165], [303051.1033659327, 2772537.605727506], [303051.0626892821, 2772548.069591001]]]}, "properties": {"height": 49, "color": "rgb(0,0,255)"}}, {"geometry": {"type": "Polygon", "coordinates": [[[303061.0923240764, 2772630.913688463], [303079.6497306171, 2772630.9858563454], [303079.6996775223, 2772618.1446177615], [303061.14225351776, 2772618.0724501233], [303061.0923240764, 2772630.913688463]]]}, "properties": {"height": 24.5, "color": "rgb(0,0,255)"}}, {"geometry": {"type": "Polygon", "coordinates": [[[303084.07743007445, 2772655.810961208], [303102.6598832266, 2772655.8832585467], [303102.72450423456, 2772639.2766984655], [303084.14202846715, 2772639.2044014432], [303084.07743007445, 2772655.810961208]]]}, "properties": {"height": 17.5, "color": "rgb(0,0,255)"}}, {"geometry": {"type": "Polygon", "coordinates": [[[303111.56883588166, 2772643.1279095844], [303157.4702959998, 2772643.3066323916], [303157.5678776878, 2772618.2553980816], [303111.66633330006, 2772618.0766764553], [303111.56883588166, 2772643.1279095844]]]}, "properties": {"height": 3.5, "color": "rgb(0,0,255)"}}, {"geometry": {"type": "Polygon", "coordinates": [[[303100.4659947271, 2772604.976287159], [303122.15383737173, 2772605.0606931527], [303122.21082971507, 2772590.419651172], [303100.5229638003, 2772590.335245504], [303100.4659947271, 2772604.976287159]]]}, "properties": {"height": 14, "color": "rgb(0,0,255)"}}, {"geometry": {"type": "Polygon", "coordinates": [[[303148.16029833356, 2772635.138507936], [303168.5863866165, 2772635.218074785], [303168.66332124674, 2772615.4714478203], [303148.2372034046, 2772615.391881385], [303148.16029833356, 2772635.138507936]]]}, "properties": {"height": 3.5, "color": "rgb(0,0,255)"}}, {"geometry": {"type": "Polygon", "coordinates": [[[303086.93772384425, 2772616.1566525097], [303098.90601746074, 2772616.203215491], [303098.9628883272, 2772601.587050979], [303086.99458189105, 2772601.5404881774], [303086.93772384425, 2772616.1566525097]]]}, "properties": {"height": 7, "color": "rgb(0,0,255)"}}, {"geometry": {"type": "Polygon", "coordinates": [[[303187.8749805624, 2772849.775420716], [303210.5445175264, 2772849.863802209], [303210.5717870921, 2772842.8707378777], [303187.9022385092, 2772842.782356547], [303187.8749805624, 2772849.775420716]]]}, "properties": {"height": 21, "color": "rgb(0,0,255)"}}, {"geometry": {"type": "Polygon", "coordinates": [[[303098.48986968835, 2772868.7910943525], [303111.9066105515, 2772868.8433100386], [303111.9519371332, 2772857.1981622665], [303098.5351848189, 2772857.145946741], [303098.48986968835, 2772868.7910943525]]]}, "properties": {"height": 14, "color": "rgb(0,0,255)"}}, {"geometry": {"type": "Polygon", "coordinates": [[[303161.062123915, 2772881.403456947], [303172.4275133341, 2772881.44774061], [303172.5077040248, 2772860.8689511246], [303161.14229746367, 2772860.824667702], [303161.062123915, 2772881.403456947]]]}, "properties": {"height": 7, "color": "rgb(0,0,255)"}}, {"geometry": {"type": "Polygon", "coordinates": [[[303182.4259887493, 2772863.769378547], [303188.40714826714, 2772863.79269132], [303188.49797932897, 2772840.4901591837], [303182.516809596, 2772840.4668465536], [303182.4259887493, 2772863.769378547]]]}, "properties": {"height": 14, "color": "rgb(0,0,255)"}}, {"geometry": {"type": "Polygon", "coordinates": [[[302363.32317023503, 2772447.028554636], [302461.6532621849, 2772447.4061818537], [302461.74817154225, 2772422.715858028], [302363.4179016854, 2772422.3382332698], [302363.32317023503, 2772447.028554636]]]}, "properties": {"height": 17.5, "color": "rgb(0,0,255)"}}, {"geometry": {"type": "Polygon", "coordinates": [[[302381.9965529391, 2772353.2447620872], [302473.56579095323, 2772353.5965139656], [302473.66101098055, 2772328.8300402826], [302382.0916067871, 2772328.478290701], [302381.9965529391, 2772353.2447620872]]]}, "properties": {"height": 14, "color": "rgb(0,0,255)"}}, {"geometry": {"type": "Polygon", "coordinates": [[[302373.0297233071, 2772364.560559102], [302437.2904671672, 2772364.8073034217], [302437.3763817885, 2772342.4457947398], [302373.11553263245, 2772342.199051875], [302373.0297233071, 2772364.560559102]]]}, "properties": {"height": 17.5, "color": "rgb(0,0,255)"}}, {"geometry": {"type": "Polygon", "coordinates": [[[302370.98209132755, 2772465.8413149677], [302429.93889577803, 2772466.067682662], [302430.02584999026, 2772443.4333595284], [302371.0689477519, 2772443.2069931845], [302370.98209132755, 2772465.8413149677]]]}, "properties": {"height": 17.5, "color": "rgb(0,0,255)"}}, {"geometry": {"type": "Polygon", "coordinates": [[[302399.71309025184, 2772314.5477666226], [302455.1401030287, 2772314.7606777963], [302455.2338404586, 2772290.3708728547], [302399.8067286246, 2772290.1579630505], [302399.71309025184, 2772314.5477666226]]]}, "properties": {"height": 17.5, "color": "rgb(0,0,255)"}}, {"geometry": {"type": "Polygon", "coordinates": [[[302402.3858770686, 2772392.238373145], [302459.25163790444, 2772392.4568320625], [302459.33438344626, 2772370.929421317], [302402.4685329062, 2772370.71096364], [302402.3858770686, 2772392.238373145]]]}, "properties": {"height": 17.5, "color": "rgb(0,0,255)"}}, {"geometry": {"type": "Polygon", "coordinates": [[[302493.68597037334, 2772703.7922236477], [302523.7280817441, 2772703.9078214373], [302523.85793241934, 2772670.17106097], [302493.8157467708, 2772670.0554642086], [302493.68597037334, 2772703.7922236477]]]}, "properties": {"height": 21, "color": "rgb(0,0,255)"}}, {"geometry": {"type": "Polygon", "coordinates": [[[302507.22838191316, 2772889.5634053242], [302530.36159384524, 2772889.652442532], [302530.4705177959, 2772861.35845124], [302507.3372578917, 2772861.269414696], [302507.22838191316, 2772889.5634053242]]]}, "properties": {"height": 56, "color": "rgb(0,0,255)"}}, {"geometry": {"type": "Polygon", "coordinates": [[[302552.62401913677, 2772816.8573719854], [302610.53640597215, 2772817.080530252], [302610.6305000582, 2772792.675267142], [302552.7180096369, 2772792.452110311], [302552.62401913677, 2772816.8573719854]]]}, "properties": {"height": 24.5, "color": "rgb(0,0,255)"}}, {"geometry": {"type": "Polygon", "coordinates": [[[302631.43106367183, 2772879.771272832], [302652.3829064317, 2772879.8521028906], [302652.48212676134, 2772854.1383504383], [302631.5302445154, 2772854.057520928], [302631.43106367183, 2772879.771272832]]]}, "properties": {"height": 49, "color": "rgb(0,0,255)"}}, {"geometry": {"type": "Polygon", "coordinates": [[[302395.5839042452, 2772820.766807175], [302456.52622034674, 2772821.0009467206], [302456.9521536459, 2772710.2004956477], [302396.00934266375, 2772709.966362942], [302395.5839042452, 2772820.766807175]]]}, "properties": {"height": 3.5, "color": "rgb(0,0,255)"}}, {"geometry": {"type": "Polygon", "coordinates": [[[302590.32585383777, 2772875.799761868], [302619.6583374839, 2772875.9128440446], [302619.7404700159, 2772854.6142773447], [302590.4079405814, 2772854.501195803], [302590.32585383777, 2772875.799761868]]]}, "properties": {"height": 35, "color": "rgb(0,0,255)"}}, {"geometry": {"type": "Polygon", "coordinates": [[[302839.1917435378, 2772394.910795231], [302897.26384575013, 2772395.1357498397], [302897.45996847365, 2772344.533968578], [302839.3876509324, 2772344.309016971], [302839.1917435378, 2772394.910795231]]]}, "properties": {"height": 14, "color": "rgb(0,0,255)"}}, {"geometry": {"type": "Polygon", "coordinates": [[[302659.31859341415, 2772491.5884910794], [302681.03851447866, 2772491.672315955], [302681.23926845624, 2772439.6650827075], [302659.51926461514, 2772439.5812589815], [302659.31859341415, 2772491.5884910794]]]}, "properties": {"height": 31.5, "color": "rgb(0,0,255)"}}, {"geometry": {"type": "Polygon", "coordinates": [[[302828.4975703029, 2772438.81159289], [302848.83537385205, 2772438.890333054], [302848.95627883857, 2772407.667618616], [302828.61842875736, 2772407.5888791014], [302828.4975703029, 2772438.81159289]]]}, "properties": {"height": 49, "color": "rgb(0,0,255)"}}, {"geometry": {"type": "Polygon", "coordinates": [[[302773.2111064083, 2772337.5826862063], [302806.8398693553, 2772337.71275861], [302806.94134953513, 2772311.484433309], [302773.3125219569, 2772311.354361805], [302773.2111064083, 2772337.5826862063]]]}, "properties": {"height": 35, "color": "rgb(0,0,255)"}}, {"geometry": {"type": "Polygon", "coordinates": [[[302690.41996940883, 2772413.332113269], [302723.97208325163, 2772413.4616896147], [302724.0726767313, 2772387.422487065], [302690.52049886755, 2772387.2929116082], [302690.41996940883, 2772413.332113269]]]}, "properties": {"height": 35, "color": "rgb(0,0,255)"}}, {"geometry": {"type": "Polygon", "coordinates": [[[302776.05613966193, 2772411.33274714], [302794.320972481, 2772411.403389194], [302794.4093952444, 2772388.5451377737], [302776.14453183155, 2772388.4744961453], [302776.05613966193, 2772411.33274714]]]}, "properties": {"height": 59.5, "color": "rgb(0,0,255)"}}, {"geometry": {"type": "Polygon", "coordinates": [[[302661.0478384293, 2772473.810598653], [302680.99069028936, 2772473.8875658545], [302681.12441840064, 2772439.243839897], [302661.18151591194, 2772439.1668733982], [302661.0478384293, 2772473.810598653]]]}, "properties": {"height": 31.5, "color": "rgb(0,0,255)"}}, {"geometry": {"type": "Polygon", "coordinates": [[[302778.6356145094, 2772493.8264158824], [302803.5034372984, 2772493.922609988], [302803.5915589126, 2772471.1469416344], [302778.72369461885, 2772471.0507481066], [302778.6356145094, 2772493.8264158824]]]}, "properties": {"height": 38.5, "color": "rgb(0,0,255)"}}, {"geometry": {"type": "Polygon", "coordinates": [[[302796.4174708286, 2772420.594327186], [302809.0138377022, 2772420.6430619354], [302809.14164519904, 2772387.6126868506], [302796.545247837, 2772387.5639525256], [302796.4174708286, 2772420.594327186]]]}, "properties": {"height": 52.5, "color": "rgb(0,0,255)"}}, {"geometry": {"type": "Polygon", "coordinates": [[[302905.65332648024, 2772483.9420311106], [302921.2291675063, 2772484.0024212375], [302921.332533097, 2772457.346138352], [302905.7566616455, 2772457.28574865], [302905.65332648024, 2772483.9420311106]]]}, "properties": {"height": 49, "color": "rgb(0,0,255)"}}, {"geometry": {"type": "Polygon", "coordinates": [[[302471.0204076727, 2773263.801844847], [302560.8559343802, 2773264.1476462767], [302561.3054610777, 2773147.4629113437], [302471.4691659818, 2773147.117120549], [302471.0204076727, 2773263.801844847]]]}, "properties": {"height": 17.5, "color": "rgb(0,0,255)"}}, {"geometry": {"type": "Polygon", "coordinates": [[[302541.7173802399, 2772998.1426444026], [302606.92214454385, 2772998.3938869424], [302607.159207577, 2772936.906611607], [302541.9541494134, 2772936.65537314], [302541.7173802399, 2772998.1426444026]]]}, "properties": {"height": 49, "color": "rgb(0,0,255)"}}, {"geometry": {"type": "Polygon", "coordinates": [[[302723.94106254657, 2773122.1919450643], [302743.26367612224, 2773122.2666269913], [302743.3818034738, 2773091.70872787], [302724.05914661795, 2773091.634046545], [302723.94106254657, 2773122.1919450643]]]}, "properties": {"height": 49, "color": "rgb(0,0,255)"}}, {"geometry": {"type": "Polygon", "coordinates": [[[303049.8157414177, 2773008.9917472503], [303177.9930200653, 2773009.4907020563], [303178.10914769414, 2772979.6942990744], [303049.93158911285, 2772979.1953481873], [303049.8157414177, 2773008.9917472503]]]}, "properties": {"height": 17.5, "color": "rgb(0,0,255)"}}, {"geometry": {"type": "Polygon", "coordinates": [[[302930.7286581213, 2773062.288400667], [302967.24226156087, 2773062.4300986924], [302967.3645336998, 2773030.9329685275], [302930.8508459627, 2773030.791271678], [302930.7286581213, 2773062.288400667]]]}, "properties": {"height": 52.5, "color": "rgb(0,0,255)"}}, {"geometry": {"type": "Polygon", "coordinates": [[[302962.01634525537, 2772958.326918276], [303022.27119530574, 2772958.5609293617], [303022.3446599067, 2772939.655426274], [302962.0897263629, 2772939.4214163553], [302962.01634525537, 2772958.326918276]]]}, "properties": {"height": 49, "color": "rgb(0,0,255)"}}, {"geometry": {"type": "Polygon", "coordinates": [[[303046.99173696875, 2773115.8941197954], [303085.293599692, 2773116.0430896464], [303085.4354703706, 2773079.5794415553], [303047.1335052759, 2773079.4304731362], [303046.99173696875, 2773115.8941197954]]]}, "properties": {"height": 35, "color": "rgb(0,0,255)"}}, {"geometry": {"type": "Polygon", "coordinates": [[[303119.9139954815, 2773056.1199233546], [303161.30033760867, 2773056.2811117778], [303161.42953492113, 2773023.121456141], [303120.04309220373, 2773022.9602691266], [303119.9139954815, 2773056.1199233546]]]}, "properties": {"height": 35, "color": "rgb(0,0,255)"}}, {"geometry": {"type": "Polygon", "coordinates": [[[303044.29028905823, 2773118.7261617095], [303075.1451532864, 2773118.8461530893], [303075.3080730197, 2773076.9644737565], [303044.45311407046, 2773076.8444837015], [303044.29028905823, 2773118.7261617095]]]}, "properties": {"height": 35, "color": "rgb(0,0,255)"}}, {"geometry": {"type": "Polygon", "coordinates": [[[303043.4976486121, 2773062.7153468826], [303095.91851854103, 2773062.9192399303], [303096.01231757784, 2773038.815329855], [303043.59135503374, 2773038.6114381016], [303043.4976486121, 2773062.7153468826]]]}, "properties": {"height": 35, "color": "rgb(0,0,255)"}}, {"geometry": {"type": "Polygon", "coordinates": [[[303047.7648908077, 2773058.273120004], [303096.1010129573, 2773058.461132803], [303096.1777842538, 2773038.7329548714], [303047.84159220883, 2773038.5449430496], [303047.7648908077, 2773058.273120004]]]}, "properties": {"height": 38.5, "color": "rgb(0,0,255)"}}, {"geometry": {"type": "Polygon", "coordinates": [[[303185.47046361753, 2773060.285161991], [303208.5725444123, 2773060.3752339114], [303208.71776315, 2773023.1366837616], [303185.6156192983, 2773023.046612726], [303185.47046361753, 2773060.285161991]]]}, "properties": {"height": 35, "color": "rgb(0,0,255)"}}, {"geometry": {"type": "Polygon", "coordinates": [[[303048.58680492063, 2772994.7821589564], [303096.42963348463, 2772994.968250164], [303096.53301348176, 2772968.4017869495], [303048.690091758, 2772968.2156970454], [303048.58680492063, 2772994.7821589564]]]}, "properties": {"height": 21, "color": "rgb(0,0,255)"}}, {"geometry": {"type": "Polygon", "coordinates": [[[302991.08633878746, 2773210.3776681647], [303024.1143035807, 2773210.5059891767], [303024.2588158345, 2773173.321985677], [302991.2307610182, 2773173.1936659226], [302991.08633878746, 2773210.3776681647]]]}, "properties": {"height": 38.5, "color": "rgb(0,0,255)"}}, {"geometry": {"type": "Polygon", "coordinates": [[[302907.8887459373, 2773117.765068766], [302959.2588370168, 2773117.964366751], [302959.3243598526, 2773101.0836587176], [302907.9542052105, 2773100.884361619], [302907.8887459373, 2773117.765068766]]]}, "properties": {"height": 49, "color": "rgb(0,0,255)"}}, {"geometry": {"type": "Polygon", "coordinates": [[[302995.37468323763, 2773167.535323779], [303025.5068565557, 2773167.652398211], [303025.6619786136, 2773127.7387468624], [302995.5297171379, 2773127.621673663], [302995.37468323763, 2773167.535323779]]]}, "properties": {"height": 35, "color": "rgb(0,0,255)"}}, {"geometry": {"type": "Polygon", "coordinates": [[[303048.3718820385, 2773160.53431279], [303071.7817020912, 2773160.625353338], [303071.90347489924, 2773129.319898171], [303048.4936011278, 2773129.228858373], [303048.3718820385, 2773160.53431279]]]}, "properties": {"height": 42, "color": "rgb(0,0,255)"}}, {"geometry": {"type": "Polygon", "coordinates": [[[302579.11677555495, 2773056.399277556], [302599.25497807, 2773056.4768964937], [302599.32581382495, 2773038.102049337], [302579.1875841872, 2773038.0244307755], [302579.11677555495, 2773056.399277556]]]}, "properties": {"height": 59.5, "color": "rgb(0,0,255)"}}, {"geometry": {"type": "Polygon", "coordinates": [[[302584.6943028636, 2772983.0755310655], [302608.7162519432, 2772983.168129631], [302608.7683463039, 2772969.6568489205], [302584.746373435, 2772969.5642506853], [302584.6943028636, 2772983.0755310655]]]}, "properties": {"height": 56, "color": "rgb(0,0,255)"}}, {"geometry": {"type": "Polygon", "coordinates": [[[302481.0976056997, 2772953.1642164793], [302496.503090824, 2772953.223478193], [302496.5992994211, 2772928.2169644414], [302481.1937860611, 2772928.157703118], [302481.0976056997, 2772953.1642164793]]]}, "properties": {"height": 42, "color": "rgb(0,0,255)"}}, {"geometry": {"type": "Polygon", "coordinates": [[[302408.34262007015, 2772932.7246663272], [302433.1534915219, 2772932.819984082], [302433.2319505597, 2772912.402138367], [302408.4210419785, 2772912.306821125], [302408.34262007015, 2772932.7246663272]]]}, "properties": {"height": 31.5, "color": "rgb(0,0,255)"}}, {"geometry": {"type": "Polygon", "coordinates": [[[302496.74722368654, 2772937.671105664], [302529.0948231867, 2772937.7955965786], [302529.1396970248, 2772926.1391889704], [302496.7920698886, 2772926.0146984393], [302496.74722368654, 2772937.671105664]]]}, "properties": {"height": 38.5, "color": "rgb(0,0,255)"}}, {"geometry": {"type": "Polygon", "coordinates": [[[302432.96504754125, 2772932.3877610355], [302463.43954954157, 2772932.5048984755], [302463.49773543683, 2772917.3716013194], [302433.02319963486, 2772917.254464347], [302432.96504754125, 2772932.3877610355]]]}, "properties": {"height": 28, "color": "rgb(0,0,255)"}}, {"geometry": {"type": "Polygon", "coordinates": [[[302478.4994361129, 2773036.0842685658], [302494.1353608055, 2773036.1444159346], [302494.21460318606, 2773015.5475437567], [302478.57865488814, 2773015.4873967147], [302478.4994361129, 2773036.0842685658]]]}, "properties": {"height": 38.5, "color": "rgb(0,0,255)"}}, {"geometry": {"type": "Polygon", "coordinates": [[[302408.0383187434, 2772946.225897633], [302434.8383566075, 2772946.3288592407], [302434.8965000982, 2772931.198428442], [302408.0964325136, 2772931.0954672443], [302408.0383187434, 2772946.225897633]]]}, "properties": {"height": 31.5, "color": "rgb(0,0,255)"}}, {"geometry": {"type": "Polygon", "coordinates": [[[302572.5222642479, 2772964.4387699976], [302589.99172125675, 2772964.5060900627], [302590.0419840346, 2772951.4651116333], [302572.57251032785, 2772951.397791799], [302572.5222642479, 2772964.4387699976]]]}, "properties": {"height": 49, "color": "rgb(0,0,255)"}}, {"geometry": {"type": "Polygon", "coordinates": [[[302589.87215598754, 2772965.2511760225], [302610.1113957801, 2772965.3291975004], [302610.17307516304, 2772949.3322298084], [302589.93381164013, 2772949.25420866], [302589.87215598754, 2772965.2511760225]]]}, "properties": {"height": 35, "color": "rgb(0,0,255)"}}, {"geometry": {"type": "Polygon", "coordinates": [[[302581.41576957115, 2772925.1053831154], [302605.13121188147, 2772925.1967920363], [302605.2026417835, 2772906.668894169], [302581.4871672682, 2772906.5774856945], [302581.41576957115, 2772925.1053831154]]]}, "properties": {"height": 24.5, "color": "rgb(0,0,255)"}}, {"geometry": {"type": "Polygon", "coordinates": [[[302467.00895332627, 2773009.4908111505], [302505.0101883818, 2773009.636989648], [302505.04548275215, 2773000.4650090416], [302467.0442221494, 2773000.318830897], [302467.00895332627, 2773009.4908111505]]]}, "properties": {"height": 31.5, "color": "rgb(0,0,255)"}}, {"geometry": {"type": "Polygon", "coordinates": [[[302433.6027325161, 2772979.1597603825], [302454.426091967, 2772979.239796048], [302454.5404182692, 2772949.500590987], [302433.7170134289, 2772949.420555949], [302433.6027325161, 2772979.1597603825]]]}, "properties": {"height": 17.5, "color": "rgb(0,0,255)"}}, {"geometry": {"type": "Polygon", "coordinates": [[[302497.8223266756, 2772931.1977885393], [302529.11975918483, 2772931.3182387888], [302529.1541314422, 2772922.389701586], [302497.85667845176, 2772922.26925162], [302497.8223266756, 2772931.1977885393]]]}, "properties": {"height": 38.5, "color": "rgb(0,0,255)"}}, {"geometry": {"type": "Polygon", "coordinates": [[[302461.30230083806, 2772983.5279195895], [302479.81774039223, 2772983.599120792], [302479.93871966447, 2772952.1445802255], [302461.4232374236, 2772952.073379613], [302461.30230083806, 2772983.5279195895]]]}, "properties": {"height": 17.5, "color": "rgb(0,0,255)"}}, {"geometry": {"type": "Polygon", "coordinates": [[[302396.8786662221, 2772975.9723121007], [302420.49527517584, 2772976.0630225046], [302420.59754456294, 2772949.44289098], [302396.9808895304, 2772949.3521812134], [302396.8786662221, 2772975.9723121007]]]}, "properties": {"height": 14, "color": "rgb(0,0,255)"}}, {"geometry": {"type": "Polygon", "coordinates": [[[302511.04659845, 2772945.313066187], [302527.93365183636, 2772945.3780649593], [302527.9726332923, 2772935.2520700865], [302511.08556737285, 2772935.1870714887], [302511.04659845, 2772945.313066187]]]}, "properties": {"height": 52.5, "color": "rgb(0,0,255)"}}, {"geometry": {"type": "Polygon", "coordinates": [[[302505.2045458646, 2773127.290003949], [302586.26631946565, 2773127.6021923632], [302586.4018230367, 2773092.444710841], [302505.3398405377, 2773092.132525319], [302505.2045458646, 2773127.290003949]]]}, "properties": {"height": 7, "color": "rgb(0,0,255)"}}, {"geometry": {"type": "Polygon", "coordinates": [[[302523.8448021503, 2773065.8311127424], [302568.25380701094, 2773066.002139222], [302568.32754736155, 2773046.8626300716], [302523.91848020034, 2773046.6916044555], [302523.8448021503, 2773065.8311127424]]]}, "properties": {"height": 14, "color": "rgb(0,0,255)"}}, {"geometry": {"type": "Polygon", "coordinates": [[[302434.6788654661, 2773149.5937862517], [302451.8143798855, 2773149.6596511328], [302452.05554548185, 2773086.927204078], [302434.9199522687, 2773086.8613402867], [302434.6788654661, 2773149.5937862517]]]}, "properties": {"height": 10.5, "color": "rgb(0,0,255)"}}, {"geometry": {"type": "Polygon", "coordinates": [[[302624.0728445978, 2772928.8967533126], [302642.8770778981, 2772928.969287956], [302642.9449217827, 2772911.384199196], [302624.14066424605, 2772911.3116648886], [302624.0728445978, 2772928.8967533126]]]}, "properties": {"height": 45.5, "color": "rgb(0,0,255)"}}, {"geometry": {"type": "Polygon", "coordinates": [[[302726.33937409223, 2772936.4790051803], [302756.9245515073, 2772936.5972259254], [302757.0300313115, 2772909.316073492], [302726.4447927401, 2772909.197853597], [302726.33937409223, 2772936.4790051803]]]}, "properties": {"height": 17.5, "color": "rgb(0,0,255)"}}, {"geometry": {"type": "Polygon", "coordinates": [[[302741.24829346465, 2772997.060274564], [302762.48444309767, 2772997.1423765225], [302762.6177399754, 2772962.671101327], [302741.3815366874, 2772962.5890001156], [302741.24829346465, 2772997.060274564]]]}, "properties": {"height": 17.5, "color": "rgb(0,0,255)"}}, {"geometry": {"type": "Polygon", "coordinates": [[[302654.9551924747, 2772923.5645507174], [302666.54526719206, 2772923.6092808438], [302666.61982983246, 2772904.291331945], [302655.0297387049, 2772904.246602047], [302654.9551924747, 2772923.5645507174]]]}, "properties": {"height": 52.5, "color": "rgb(0,0,255)"}}, {"geometry": {"type": "Polygon", "coordinates": [[[302663.13413994364, 2772945.406139166], [302687.05870562233, 2772945.498498361], [302687.1704563866, 2772916.557205705], [302663.2458399585, 2772916.4648472155], [302663.13413994364, 2772945.406139166]]]}, "properties": {"height": 14, "color": "rgb(0,0,255)"}}, {"geometry": {"type": "Polygon", "coordinates": [[[302710.8317941532, 2773045.003140126], [302736.8981101637, 2773045.103864681], [302737.01752131886, 2773014.2091554557], [302710.95114628144, 2773014.108431721], [302710.8317941532, 2773045.003140126]]]}, "properties": {"height": 14, "color": "rgb(0,0,255)"}}, {"geometry": {"type": "Polygon", "coordinates": [[[302670.92992058775, 2772920.411568153], [302689.5460872886, 2772920.4834409044], [302689.5957583223, 2772907.620111248], [302670.97957407014, 2772907.548238741], [302670.92992058775, 2772920.411568153]]]}, "properties": {"height": 38.5, "color": "rgb(0,0,255)"}}, {"geometry": {"type": "Polygon", "coordinates": [[[302768.30932207464, 2773005.8982564406], [302809.4226305373, 2773006.057318366], [302809.4866331458, 2772989.5207274896], [302768.37327485107, 2772989.3616662575], [302768.30932207464, 2773005.8982564406]]]}, "properties": {"height": 14, "color": "rgb(0,0,255)"}}, {"geometry": {"type": "Polygon", "coordinates": [[[302601.0612853612, 2773045.8161633997], [302653.25374928425, 2773046.017473872], [302653.49921108905, 2772982.409039986], [302601.30650383, 2772982.2077328907], [302601.0612853612, 2773045.8161633997]]]}, "properties": {"height": 49, "color": "rgb(0,0,255)"}}, {"geometry": {"type": "Polygon", "coordinates": [[[302569.03855130693, 2773081.5518670054], [302612.81255145906, 2773081.720593031], [302612.9844801929, 2773037.133909203], [302569.2103369825, 2773036.9651851607], [302569.03855130693, 2773081.5518670054]]]}, "properties": {"height": 56, "color": "rgb(0,0,255)"}}, {"geometry": {"type": "Polygon", "coordinates": [[[302428.9966682039, 2773234.14087288], [302486.05973677384, 2773234.3602772173], [302486.4414998918, 2773135.1229670784], [302429.3780162296, 2773134.9035684797], [302428.9966682039, 2773234.14087288]]]}, "properties": {"height": 17.5, "color": "rgb(0,0,255)"}}, {"geometry": {"type": "Polygon", "coordinates": [[[302708.2091676192, 2773131.5822159215], [302744.0044884281, 2773131.7205457543], [302744.2121589745, 2773077.999823614], [302708.4166972146, 2773077.8614957402], [302708.2091676192, 2773131.5822159215]]]}, "properties": {"height": 45.5, "color": "rgb(0,0,255)"}}, {"geometry": {"type": "Polygon", "coordinates": [[[302763.36053637875, 2773061.8770282506], [302824.5304136437, 2773062.1137145846], [302824.6333311611, 2773035.5307056187], [302763.4633347085, 2773035.294020943], [302763.36053637875, 2773061.8770282506]]]}, "properties": {"height": 52.5, "color": "rgb(0,0,255)"}}, {"geometry": {"type": "Polygon", "coordinates": [[[302478.64439024654, 2772982.2210997595], [302519.94304854976, 2772982.3800008106], [302520.093175217, 2772943.3769051535], [302478.7943988521, 2772943.218005737], [302478.64439024654, 2772982.2210997595]]]}, "properties": {"height": 52.5, "color": "rgb(0,0,255)"}}, {"geometry": {"type": "Polygon", "coordinates": [[[302588.0205894324, 2773204.7144696256], [302640.88146412215, 2773204.9183222717], [302641.02899785014, 2773166.680426147], [302588.1679749965, 2773166.4765755557], [302588.0205894324, 2773204.7144696256]]]}, "properties": {"height": 38.5, "color": "rgb(0,0,255)"}}, {"geometry": {"type": "Polygon", "coordinates": [[[302635.82745210745, 2773100.858717926], [302668.361626631, 2773100.984267107], [302668.43084175425, 2773083.0536988624], [302635.8966244714, 2773082.9281502743], [302635.82745210745, 2773100.858717926]]]}, "properties": {"height": 38.5, "color": "rgb(0,0,255)"}}, {"geometry": {"type": "Polygon", "coordinates": [[[302708.6111161541, 2773154.717355842], [302734.29225537006, 2773154.816591934], [302734.3859046079, 2773130.5870677144], [302708.70471978147, 2773130.487832256], [302708.6111161541, 2773154.717355842]]]}, "properties": {"height": 35, "color": "rgb(0,0,255)"}}, {"geometry": {"type": "Polygon", "coordinates": [[[302713.83834833064, 2773167.0639401767], [302740.37929706776, 2773167.166510236], [302740.4306788862, 2773153.874306659], [302713.88970428944, 2773153.771736959], [302713.83834833064, 2773167.0639401767]]]}, "properties": {"height": 42, "color": "rgb(0,0,255)"}}, {"geometry": {"type": "Polygon", "coordinates": [[[302631.0592932483, 2773087.127971807], [302669.4669067304, 2773087.276180564], [302669.54573906166, 2773066.8545254525], [302631.1380680883, 2773066.706317493], [302631.0592932483, 2773087.127971807]]]}, "properties": {"height": 17.5, "color": "rgb(0,0,255)"}}, {"geometry": {"type": "Polygon", "coordinates": [[[302648.6278533607, 2773160.4897428094], [302665.8518969569, 2773160.556218409], [302665.91879063845, 2773143.2266322207], [302648.69472516305, 2773143.1601569243], [302648.6278533607, 2773160.4897428094]]]}, "properties": {"height": 42, "color": "rgb(0,0,255)"}}, {"geometry": {"type": "Polygon", "coordinates": [[[302758.0089466082, 2773122.610010761], [302796.8487960348, 2773122.760251613], [302796.92394719523, 2773103.339464339], [302758.08404247876, 2773103.189224256], [302758.0089466082, 2773122.610010761]]]}, "properties": {"height": 17.5, "color": "rgb(0,0,255)"}}, {"geometry": {"type": "Polygon", "coordinates": [[[302713.20692548674, 2773209.521050937], [302748.1834836224, 2773209.6562327733], [302748.2487949623, 2773192.7633197694], [302713.27219351573, 2773192.6281385357], [302713.20692548674, 2773209.521050937]]]}, "properties": {"height": 35, "color": "rgb(0,0,255)"}}, {"geometry": {"type": "Polygon", "coordinates": [[[302714.75027119304, 2773231.2162830257], [302736.4327057812, 2773231.300076681], [302736.52982631716, 2773206.1742405305], [302714.8473517945, 2773206.09044743], [302714.75027119304, 2773231.2162830257]]]}, "properties": {"height": 28, "color": "rgb(0,0,255)"}}, {"geometry": {"type": "Polygon", "coordinates": [[[302847.36905012524, 2773014.869951588], [302871.19977089245, 2773014.9622728005], [302871.29414626857, 2772990.606704637], [302847.46338295937, 2772990.514384017], [302847.36905012524, 2773014.869951588]]]}, "properties": {"height": 38.5, "color": "rgb(0,0,255)"}}, {"geometry": {"type": "Polygon", "coordinates": [[[302909.989661431, 2773002.024125887], [302934.9721309979, 2773002.1210242175], [302935.0200245443, 2772989.7759280913], [302910.03753237205, 2772989.679030076], [302909.989661431, 2773002.024125887]]]}, "properties": {"height": 52.5, "color": "rgb(0,0,255)"}}, {"geometry": {"type": "Polygon", "coordinates": [[[302909.71735028183, 2773017.738227866], [302936.0899283577, 2773017.8405194213], [302936.1322273141, 2773006.9377944716], [302909.75962816307, 2773006.8355032103], [302909.71735028183, 2773017.738227866]]]}, "properties": {"height": 52.5, "color": "rgb(0,0,255)"}}, {"geometry": {"type": "Polygon", "coordinates": [[[302937.8457458529, 2773002.1777913654], [302961.86848956376, 2773002.2710154545], [302961.91139264073, 2772991.21788746], [302937.88862946787, 2772991.1246636426], [302937.8457458529, 2773002.1777913654]]]}, "properties": {"height": 52.5, "color": "rgb(0,0,255)"}}, {"geometry": {"type": "Polygon", "coordinates": [[[302910.49148057244, 2773013.3236201773], [302962.7629404509, 2773013.5264181662], [302962.85816113953, 2772988.9951656265], [302910.5866072746, 2772988.792368948], [302910.49148057244, 2773013.3236201773]]]}, "properties": {"height": 7, "color": "rgb(0,0,255)"}}, {"geometry": {"type": "Polygon", "coordinates": [[[302819.4297915001, 2773194.2365449923], [302858.29870188714, 2773194.3870776915], [302858.33315370965, 2773185.4945616825], [302819.46421798633, 2773185.3440293362], [302819.4297915001, 2773194.2365449923]]]}, "properties": {"height": 49, "color": "rgb(0,0,255)"}}, {"geometry": {"type": "Polygon", "coordinates": [[[302868.83503890305, 2773099.0658872034], [302887.49753921945, 2773099.1382148354], [302887.5584961748, 2773083.4123925557], [302868.89597434644, 2773083.3400652236], [302868.83503890305, 2773099.0658872034]]]}, "properties": {"height": 56, "color": "rgb(0,0,255)"}}, {"geometry": {"type": "Polygon", "coordinates": [[[302848.680224441, 2773097.8885642183], [302868.85105691996, 2773097.9667087635], [302868.9058968636, 2773083.813975275], [302848.73504345986, 2773083.735831021], [302848.680224441, 2773097.8885642183]]]}, "properties": {"height": 49, "color": "rgb(0,0,255)"}}, {"geometry": {"type": "Polygon", "coordinates": [[[302843.38164940756, 2773062.5761372955], [302866.0788890933, 2773062.6640614998], [302866.1321730754, 2773048.911961113], [302843.4349105109, 2773048.824037227], [302843.38164940756, 2773062.5761372955]]]}, "properties": {"height": 35, "color": "rgb(0,0,255)"}}, {"geometry": {"type": "Polygon", "coordinates": [[[302920.5359965772, 2773064.2753646793], [302948.72268821637, 2773064.3847189625], [302948.8046658987, 2773043.26005197], [302920.61793061544, 2773043.150698296], [302920.5359965772, 2773064.2753646793]]]}, "properties": {"height": 17.5, "color": "rgb(0,0,255)"}}, {"geometry": {"type": "Polygon", "coordinates": [[[302985.85989967384, 2773063.590080213], [303009.21913764393, 2773063.680813375], [303009.26907004614, 2773050.8285291884], [302985.90981007065, 2773050.7377963336], [302985.85989967384, 2773063.590080213]]]}, "properties": {"height": 35, "color": "rgb(0,0,255)"}}, {"geometry": {"type": "Polygon", "coordinates": [[[302796.5404364053, 2773098.691032313], [302815.0646534325, 2773098.7627257663], [302815.1342088042, 2773080.794045609], [302796.609967379, 2773080.7223524954], [302796.5404364053, 2773098.691032313]]]}, "properties": {"height": 28, "color": "rgb(0,0,255)"}}, {"geometry": {"type": "Polygon", "coordinates": [[[302777.05304498563, 2773065.487441879], [302824.542738022, 2773065.6712192087], [302824.55971092253, 2773061.2872394216], [302777.070002626, 2773061.1034623045], [302777.05304498563, 2773065.487441879]]]}, "properties": {"height": 45.5, "color": "rgb(0,0,255)"}}, {"geometry": {"type": "Polygon", "coordinates": [[[302942.2460346157, 2773148.4922801703], [302970.70948645956, 2773148.6027575773], [302970.78475480585, 2773129.215731882], [302942.32126251323, 2773129.10525504], [302942.2460346157, 2773148.4922801703]]]}, "properties": {"height": 17.5, "color": "rgb(0,0,255)"}}, {"geometry": {"type": "Polygon", "coordinates": [[[303005.05735053367, 2772932.878036694], [303021.85711233964, 2772932.943307298], [303022.0020070241, 2772895.655068728], [303005.20219930453, 2772895.5897987667], [303005.05735053367, 2772932.878036694]]]}, "properties": {"height": 31.5, "color": "rgb(0,0,255)"}}, {"geometry": {"type": "Polygon", "coordinates": [[[303161.90609579446, 2773060.749982749], [303177.01032434497, 2773060.8088416136], [303177.1267482453, 2773030.936496778], [303162.0224866231, 2773030.877638377], [303161.90609579446, 2773060.749982749]]]}, "properties": {"height": 31.5, "color": "rgb(0,0,255)"}}, {"geometry": {"type": "Polygon", "coordinates": [[[303046.30386940023, 2773036.535728079], [303073.2859915886, 2773036.6406553797], [303073.3438196588, 2773021.7738732416], [303046.3616680683, 2773021.668946352], [303046.30386940023, 2773036.535728079]]]}, "properties": {"height": 35, "color": "rgb(0,0,255)"}}, {"geometry": {"type": "Polygon", "coordinates": [[[302998.22063656565, 2773001.4956708206], [303022.7704355233, 2773001.5910493033], [303022.83205674076, 2772985.7337796404], [302998.2822292496, 2772985.6384015568], [302998.22063656565, 2773001.4956708206]]]}, "properties": {"height": 31.5, "color": "rgb(0,0,255)"}}, {"geometry": {"type": "Polygon", "coordinates": [[[303099.7835927331, 2773055.9072609073], [303117.20636283804, 2773055.975076796], [303117.269786818, 2773039.6832720246], [303099.84699590766, 2773039.615456427], [303099.7835927331, 2773055.9072609073]]]}, "properties": {"height": 31.5, "color": "rgb(0,0,255)"}}, {"geometry": {"type": "Polygon", "coordinates": [[[303089.2950974079, 2773030.6127486657], [303119.1716190403, 2773030.7290286426], [303119.2100192826, 2773020.86537918], [303089.3334760502, 2773020.7490995056], [303089.2950974079, 2773030.6127486657]]]}, "properties": {"height": 31.5, "color": "rgb(0,0,255)"}}, {"geometry": {"type": "Polygon", "coordinates": [[[303177.6471842262, 2773142.2922615437], [303207.89903868706, 2773142.4102040227], [303207.9741498052, 2773123.149866164], [303177.72225263517, 2773123.0319242836], [303177.6471842262, 2773142.2922615437]]]}, "properties": {"height": 38.5, "color": "rgb(0,0,255)"}}, {"geometry": {"type": "Polygon", "coordinates": [[[303177.19052921765, 2773164.436241521], [303208.1710363935, 2773164.5570256766], [303208.2480185557, 2773144.8171847397], [303177.26746655273, 2773144.696401213], [303177.19052921765, 2773164.436241521]]]}, "properties": {"height": 35, "color": "rgb(0,0,255)"}}, {"geometry": {"type": "Polygon", "coordinates": [[[303073.7336466008, 2773144.7917274265], [303119.2817033396, 2773144.9689838234], [303119.3333601552, 2773131.700836246], [303073.7852591181, 2773131.523580469], [303073.7336466008, 2773144.7917274265]]]}, "properties": {"height": 31.5, "color": "rgb(0,0,255)"}}, {"geometry": {"type": "Polygon", "coordinates": [[[303122.3332070116, 2773159.024596276], [303149.3995801566, 2773159.130007402], [303149.45954090403, 2773143.7377904463], [303122.3931372211, 2773143.632379748], [303122.3332070116, 2773159.024596276]]]}, "properties": {"height": 42, "color": "rgb(0,0,255)"}}, {"geometry": {"type": "Polygon", "coordinates": [[[303144.42779808544, 2773094.0222463426], [303180.5540867508, 2773094.1630084314], [303180.62058182457, 2773077.102937883], [303144.49424798397, 2773076.9621764277], [303144.42779808544, 2773094.0222463426]]]}, "properties": {"height": 24.5, "color": "rgb(0,0,255)"}}, {"geometry": {"type": "Polygon", "coordinates": [[[303090.4627970473, 2773095.198477787], [303127.84822599846, 2773095.3439999116], [303127.89783048973, 2773082.604791712], [303090.5123666292, 2773082.4592700754], [303090.4627970473, 2773095.198477787]]]}, "properties": {"height": 31.5, "color": "rgb(0,0,255)"}}, {"geometry": {"type": "Polygon", "coordinates": [[[303122.0172703328, 2773148.5075184116], [303148.7772177935, 2773148.6117347805], [303148.83400415746, 2773134.034165983], [303122.0740281026, 2773133.9299500156], [303122.0172703328, 2773148.5075184116]]]}, "properties": {"height": 35, "color": "rgb(0,0,255)"}}, {"geometry": {"type": "Polygon", "coordinates": [[[303099.7716766714, 2773112.328047008], [303128.6489096044, 2773112.440462616], [303128.70352721325, 2773098.414114226], [303099.8262645909, 2773098.301699033], [303099.7716766714, 2773112.328047008]]]}, "properties": {"height": 24.5, "color": "rgb(0,0,255)"}}, {"geometry": {"type": "Polygon", "coordinates": [[[303188.81921303173, 2773009.7267159787], [303209.76793458953, 2773009.8083940335], [303209.83038747753, 2772993.793637809], [303188.88164132973, 2772993.711960099], [303188.81921303173, 2773009.7267159787]]]}, "properties": {"height": 35, "color": "rgb(0,0,255)"}}, {"geometry": {"type": "Polygon", "coordinates": [[[302494.93369890715, 2772944.098862475], [302508.1262117733, 2772944.1496234606], [302508.1714939099, 2772932.3824898447], [302494.9789696657, 2772932.3317290167], [302494.93369890715, 2772944.098862475]]]}, "properties": {"height": 49, "color": "rgb(0,0,255)"}}, {"geometry": {"type": "Polygon", "coordinates": [[[302467.5759308673, 2773004.616268628], [302505.378815553, 2773004.7616851404], [302505.40708271874, 2772997.4159098067], [302467.6041776794, 2772997.270493575], [302467.5759308673, 2773004.616268628]]]}, "properties": {"height": 28, "color": "rgb(0,0,255)"}}, {"geometry": {"type": "Polygon", "coordinates": [[[302507.3159806748, 2772907.067218326], [302516.3737842874, 2772907.10207646], [302516.4277692729, 2772893.075382505], [302507.3699563483, 2772893.0405245], [302507.3159806748, 2772907.067218326]]]}, "properties": {"height": 52.5, "color": "rgb(0,0,255)"}}, {"geometry": {"type": "Polygon", "coordinates": [[[302431.4583116887, 2773020.3828061903], [302459.8947150961, 2773020.492108299], [302460.0192800576, 2772988.0934765846], [302431.5828091223, 2772987.9841754097], [302431.4583116887, 2773020.3828061903]]]}, "properties": {"height": 7, "color": "rgb(0,0,255)"}}, {"geometry": {"type": "Polygon", "coordinates": [[[302402.380953935, 2772921.2690159325], [302419.5439363551, 2772921.3349396093], [302419.6041449266, 2772905.6623884076], [302402.4411427914, 2772905.596465003], [302402.380953935, 2772921.2690159325]]]}, "properties": {"height": 24.5, "color": "rgb(0,0,255)"}}, {"geometry": {"type": "Polygon", "coordinates": [[[302393.85073898576, 2773004.8726815893], [302407.30278547766, 2773004.924342952], [302407.39608708717, 2772980.632656132], [302393.94401664415, 2772980.5809951], [302393.85073898576, 2773004.8726815893]]]}, "properties": {"height": 17.5, "color": "rgb(0,0,255)"}}, {"geometry": {"type": "Polygon", "coordinates": [[[302413.4495887688, 2773026.568111388], [302437.52521814435, 2773026.6606164314], [302437.6128182498, 2773003.866707033], [302413.5371486508, 2773003.7742025447], [302413.4495887688, 2773026.568111388]]]}, "properties": {"height": 10.5, "color": "rgb(0,0,255)"}}, {"geometry": {"type": "Polygon", "coordinates": [[[302437.9935946946, 2772945.022989785], [302451.079385752, 2772945.073285499], [302451.1257891545, 2772933.001666274], [302438.03998651914, 2772932.95137072], [302437.9935946946, 2772945.022989785]]]}, "properties": {"height": 28, "color": "rgb(0,0,255)"}}, {"geometry": {"type": "Polygon", "coordinates": [[[302435.58878739976, 2772919.439783488], [302464.8693730644, 2772919.5523355207], [302464.9039356, 2772910.563333912], [302435.6233306443, 2772910.450782146], [302435.58878739976, 2772919.439783488]]]}, "properties": {"height": 17.5, "color": "rgb(0,0,255)"}}, {"geometry": {"type": "Polygon", "coordinates": [[[302476.77621310967, 2772941.518244757], [302486.7142289857, 2772941.5564689273], [302486.7984377876, 2772919.6647636853], [302476.86040596565, 2772919.6265397356], [302476.77621310967, 2772941.518244757]]]}, "properties": {"height": 17.5, "color": "rgb(0,0,255)"}}, {"geometry": {"type": "Polygon", "coordinates": [[[302399.4512938521, 2772952.1392477285], [302421.0453290478, 2772952.222191171], [302421.08061894396, 2772943.036468281], [302399.4865692099, 2772942.95352504], [302399.4512938521, 2772952.1392477285]]]}, "properties": {"height": 21, "color": "rgb(0,0,255)"}}, {"geometry": {"type": "Polygon", "coordinates": [[[302408.7743219149, 2773002.008403434], [302420.7355139601, 2773002.0543516795], [302420.8048134181, 2772984.0164036015], [302408.8436055588, 2772983.970455574], [302408.7743219149, 2773002.008403434]]]}, "properties": {"height": 17.5, "color": "rgb(0,0,255)"}}, {"geometry": {"type": "Polygon", "coordinates": [[[302422.77894478204, 2772977.9277466796], [302435.9507008513, 2772977.9783588415], [302436.00214854605, 2772964.5908079706], [302422.8303795522, 2772964.5401959866], [302422.77894478204, 2772977.9277466796]]]}, "properties": {"height": 14, "color": "rgb(0,0,255)"}}, {"geometry": {"type": "Polygon", "coordinates": [[[302546.45746852964, 2772918.908639647], [302557.1838838696, 2772918.9499509064], [302557.25503439567, 2772900.477636089], [302546.5286045332, 2772900.436325032], [302546.45746852964, 2772918.908639647]]]}, "properties": {"height": 14, "color": "rgb(0,0,255)"}}, {"geometry": {"type": "Polygon", "coordinates": [[[302410.78871457255, 2772976.29177229], [302419.8967911227, 2772976.326760477], [302419.95575478853, 2772960.9787139627], [302410.84766799246, 2772960.943725918], [302410.78871457255, 2772976.29177229]]]}, "properties": {"height": 14, "color": "rgb(0,0,255)"}}, {"geometry": {"type": "Polygon", "coordinates": [[[302419.35157022433, 2772997.6237856643], [302431.29205858475, 2772997.6696635424], [302431.33956403646, 2772985.306953949], [302419.39906485646, 2772985.2610762203], [302419.35157022433, 2772997.6237856643]]]}, "properties": {"height": 14, "color": "rgb(0,0,255)"}}, {"geometry": {"type": "Polygon", "coordinates": [[[302423.0430381822, 2772965.098007019], [302437.22132599796, 2772965.1524872673], [302437.2696671351, 2772952.5735550164], [302423.0913662474, 2772952.51907495], [302423.0430381822, 2772965.098007019]]]}, "properties": {"height": 10.5, "color": "rgb(0,0,255)"}}, {"geometry": {"type": "Polygon", "coordinates": [[[302424.71556770225, 2772954.5001159217], [302438.84387435135, 2772954.554405586], [302438.87424358685, 2772946.652189828], [302424.74592875474, 2772946.5979002765], [302424.71556770225, 2772954.5001159217]]]}, "properties": {"height": 14, "color": "rgb(0,0,255)"}}, {"geometry": {"type": "Polygon", "coordinates": [[[302443.384161798, 2773064.152212965], [302460.8962442187, 2773064.2195343394], [302460.93105666724, 2773055.1653871043], [302443.4189626246, 2773055.09806589], [302443.384161798, 2773064.152212965]]]}, "properties": {"height": 52.5, "color": "rgb(0,0,255)"}}, {"geometry": {"type": "Polygon", "coordinates": [[[302479.43999664707, 2773127.872365494], [302498.2829317236, 2773127.944855646], [302498.42650912073, 2773090.6301178653], [302479.58352250606, 2773090.557628426], [302479.43999664707, 2773127.872365494]]]}, "properties": {"height": 10.5, "color": "rgb(0,0,255)"}}, {"geometry": {"type": "Polygon", "coordinates": [[[302449.3120055377, 2773132.952981473], [302463.9749278653, 2773133.0093563045], [302464.1489433162, 2773087.7544466304], [302449.4859723493, 2773087.6980724707], [302449.3120055377, 2773132.952981473]]]}, "properties": {"height": 10.5, "color": "rgb(0,0,255)"}}, {"geometry": {"type": "Polygon", "coordinates": [[[302501.19700366864, 2773146.3070216877], [302548.53273935226, 2773146.4892520197], [302548.65653391747, 2773114.346967693], [302501.3206867095, 2773114.164738905], [302501.19700366864, 2773146.3070216877]]]}, "properties": {"height": 3.5, "color": "rgb(0,0,255)"}}, {"geometry": {"type": "Polygon", "coordinates": [[[302476.10661279236, 2773053.682279501], [302485.1428231521, 2773053.717035952], [302485.1880867458, 2773041.9500993215], [302476.1518685924, 2773041.9153429787], [302476.10661279236, 2773053.682279501]]]}, "properties": {"height": 31.5, "color": "rgb(0,0,255)"}}, {"geometry": {"type": "Polygon", "coordinates": [[[302426.2897630325, 2773124.1275635567], [302438.42519283626, 2773124.1741991183], [302438.56826459133, 2773086.948374741], [302426.4328016745, 2773086.9017396364], [302426.2897630325, 2773124.1275635567]]]}, "properties": {"height": 7, "color": "rgb(0,0,255)"}}, {"geometry": {"type": "Polygon", "coordinates": [[[302424.0023158868, 2773145.0299157794], [302436.58587604313, 2773145.078271984], [302436.6681188524, 2773123.6790143605], [302424.08453895786, 2773123.630658428], [302424.0023158868, 2773145.0299157794]]]}, "properties": {"height": 7, "color": "rgb(0,0,255)"}}, {"geometry": {"type": "Polygon", "coordinates": [[[302462.6303592042, 2773115.4108903673], [302472.04063891503, 2773115.4470773716], [302472.14432401245, 2773088.486495427], [302462.73402570514, 2773088.4503086787], [302462.6303592042, 2773115.4108903673]]]}, "properties": {"height": 7, "color": "rgb(0,0,255)"}}, {"geometry": {"type": "Polygon", "coordinates": [[[302474.35427567933, 2773226.739590793], [302484.579329218, 2773226.7789218775], [302484.6502759942, 2773208.336354876], [302474.42520863237, 2773208.2970239823], [302474.35427567933, 2773226.739590793]]]}, "properties": {"height": 21, "color": "rgb(0,0,255)"}}, {"geometry": {"type": "Polygon", "coordinates": [[[302419.2345769162, 2773209.474701901], [302434.6420434137, 2773209.533907612], [302434.74565966893, 2773182.573051019], [302419.3381627219, 2773182.5138457296], [302419.2345769162, 2773209.474701901]]]}, "properties": {"height": 10.5, "color": "rgb(0,0,255)"}}, {"geometry": {"type": "Polygon", "coordinates": [[[302423.01023774984, 2773174.0557663026], [302434.7725484387, 2773174.1009659325], [302434.8861436986, 2773144.5432123067], [302423.12380752544, 2773144.498013029], [302423.01023774984, 2773174.0557663026]]]}, "properties": {"height": 7, "color": "rgb(0,0,255)"}}, {"geometry": {"type": "Polygon", "coordinates": [[[302447.05082471477, 2773150.2243657955], [302461.36853882915, 2773150.2794112344], [302461.4383660133, 2773132.1192819243], [302447.12063284, 2773132.064236749], [302447.05082471477, 2773150.2243657955]]]}, "properties": {"height": 7, "color": "rgb(0,0,255)"}}, {"geometry": {"type": "Polygon", "coordinates": [[[302416.03803292604, 2773177.7387015475], [302424.3821129231, 2773177.7707605073], [302424.51258584636, 2773143.8146967427], [302416.1684850809, 2773143.7826380697], [302416.03803292604, 2773177.7387015475]]]}, "properties": {"height": 7, "color": "rgb(0,0,255)"}}, {"geometry": {"type": "Polygon", "coordinates": [[[302559.3624640207, 2772966.083073721], [302572.3643577115, 2772966.1331630102], [302572.4661566151, 2772939.711930938], [302559.4642377457, 2772939.661841997], [302559.3624640207, 2772966.083073721]]]}, "properties": {"height": 24.5, "color": "rgb(0,0,255)"}}, {"geometry": {"type": "Polygon", "coordinates": [[[302601.9474590415, 2772928.725479527], [302616.3101272353, 2772928.780855838], [302616.39143682213, 2772907.6948112603], [302602.0287464312, 2772907.639435257], [302601.9474590415, 2772928.725479527]]]}, "properties": {"height": 24.5, "color": "rgb(0,0,255)"}}, {"geometry": {"type": "Polygon", "coordinates": [[[302574.28637160064, 2772954.3361267014], [302590.848274577, 2772954.399950755], [302590.8827264454, 2772945.461322099], [302574.3208126184, 2772945.3974981965], [302574.28637160064, 2772954.3361267014]]]}, "properties": {"height": 45.5, "color": "rgb(0,0,255)"}}, {"geometry": {"type": "Polygon", "coordinates": [[[302614.43984671467, 2772927.9275259622], [302626.1447114918, 2772927.972664481], [302626.2143896784, 2772909.9063749784], [302614.5095094024, 2772909.8612366756], [302614.43984671467, 2772927.9275259622]]]}, "properties": {"height": 31.5, "color": "rgb(0,0,255)"}}, {"geometry": {"type": "Polygon", "coordinates": [[[302637.27670445986, 2772993.9779985007], [302657.60365008225, 2772994.0564296865], [302657.66278195876, 2772978.73418868], [302637.3358135081, 2772978.655757811], [302637.27670445986, 2772993.9779985007]]]}, "properties": {"height": 21, "color": "rgb(0,0,255)"}}, {"geometry": {"type": "Polygon", "coordinates": [[[302617.5822047395, 2772982.2991912714], [302639.64871976426, 2772982.384303707], [302639.72745615256, 2772961.975071299], [302617.6609081185, 2772961.889959321], [302617.5822047395, 2772982.2991912714]]]}, "properties": {"height": 14, "color": "rgb(0,0,255)"}}, {"geometry": {"type": "Polygon", "coordinates": [[[302644.75064299256, 2772936.8315435015], [302664.2354716847, 2772936.9067337015], [302664.2788040012, 2772925.6796301985], [302644.7939592754, 2772925.6044402206], [302644.75064299256, 2772936.8315435015]]]}, "properties": {"height": 28, "color": "rgb(0,0,255)"}}, {"geometry": {"type": "Polygon", "coordinates": [[[302609.0788133555, 2772967.4839891875], [302634.68469645915, 2772967.582740033], [302634.77383093414, 2772944.4758933964], [302609.16790446406, 2772944.377143152], [302609.0788133555, 2772967.4839891875]]]}, "properties": {"height": 10.5, "color": "rgb(0,0,255)"}}, {"geometry": {"type": "Polygon", "coordinates": [[[302592.06233204604, 2772951.737438347], [302612.84319413424, 2772951.817551061], [302612.87660930655, 2772943.1515113576], [302592.09573401895, 2772943.071398827], [302592.06233204604, 2772951.737438347]]]}, "properties": {"height": 28, "color": "rgb(0,0,255)"}}, {"geometry": {"type": "Polygon", "coordinates": [[[302564.367419371, 2772924.815475847], [302572.6867185065, 2772924.847526705], [302572.7771454033, 2772901.3775818544], [302564.457831957, 2772901.3455311954], [302564.367419371, 2772924.815475847]]]}, "properties": {"height": 17.5, "color": "rgb(0,0,255)"}}, {"geometry": {"type": "Polygon", "coordinates": [[[302570.42028907326, 2772922.945607185], [302584.77471091266, 2772923.0009184014], [302584.8518349234, 2772902.988283012], [302570.49739202904, 2772902.9329720875], [302570.42028907326, 2772922.945607185]]]}, "properties": {"height": 10.5, "color": "rgb(0,0,255)"}}, {"geometry": {"type": "Polygon", "coordinates": [[[302555.6529040464, 2772920.4740341124], [302566.99373853, 2772920.5177196455], [302567.0669258984, 2772901.520149955], [302555.7260756238, 2772901.4764646413], [302555.6529040464, 2772920.4740341124]]]}, "properties": {"height": 10.5, "color": "rgb(0,0,255)"}}, {"geometry": {"type": "Polygon", "coordinates": [[[302630.87315939897, 2773110.1082307184], [302642.86037935194, 2773110.1544761234], [302642.905524288, 2773098.4538169308], [302630.9182940542, 2773098.407571668], [302630.87315939897, 2773110.1082307184]]]}, "properties": {"height": 38.5, "color": "rgb(0,0,255)"}}, {"geometry": {"type": "Polygon", "coordinates": [[[302544.3897116639, 2773148.8837607456], [302577.09684691887, 2773149.009760888], [302577.18210410106, 2773126.8854906037], [302544.47491580446, 2773126.759491196], [302544.3897116639, 2773148.8837607456]]]}, "properties": {"height": 3.5, "color": "rgb(0,0,255)"}}, {"geometry": {"type": "Polygon", "coordinates": [[[302570.0087063791, 2773259.7334300214], [302613.4020598572, 2773259.9007035573], [302613.5202578143, 2773229.25080432], [302570.1268068425, 2773229.083532135], [302570.0087063791, 2773259.7334300214]]]}, "properties": {"height": 3.5, "color": "rgb(0,0,255)"}}, {"geometry": {"type": "Polygon", "coordinates": [[[302652.0266806662, 2773188.662868326], [302671.8734624769, 2773188.7394740293], [302671.94111290126, 2773171.216050279], [302652.09430559754, 2773171.1394449286], [302652.0266806662, 2773188.662868326]]]}, "properties": {"height": 14, "color": "rgb(0,0,255)"}}, {"geometry": {"type": "Polygon", "coordinates": [[[302582.2298999788, 2773229.051019069], [302619.14249811205, 2773229.1933329697], [302619.2429540344, 2773203.1466526254], [302582.33028542437, 2773203.0043397015], [302582.2298999788, 2773229.051019069]]]}, "properties": {"height": 3.5, "color": "rgb(0,0,255)"}}, {"geometry": {"type": "Polygon", "coordinates": [[[303049.10801818804, 2772963.284911462], [303161.80011706613, 2772963.7235091976], [303162.2104529366, 2772858.4028177075], [303049.5174841496, 2772857.9642321495], [303049.10801818804, 2772963.284911462]]]}, "properties": {"height": 14, "color": "rgb(0,0,255)"}}, {"geometry": {"type": "Polygon", "coordinates": [[[303045.907242217, 2773208.145680629], [303111.2718087774, 2773208.3999764165], [303111.4068886126, 2773173.700018893], [303046.0421557926, 2773173.445725432], [303045.907242217, 2773208.145680629]]]}, "properties": {"height": 45.5, "color": "rgb(0,0,255)"}}, {"geometry": {"type": "Polygon", "coordinates": [[[302962.71597154124, 2773018.753389972], [303020.38811940304, 2773018.9773736964], [303020.4914312416, 2772992.3906129464], [302962.81917099346, 2772992.166630792], [302962.71597154124, 2773018.753389972]]]}, "properties": {"height": 49, "color": "rgb(0,0,255)"}}, {"geometry": {"type": "Polygon", "coordinates": [[[302821.3091706382, 2772960.2111206288], [302836.48882854753, 2772960.2698921394], [302836.5401739022, 2772947.010156586], [302821.36050124024, 2772946.95138528], [302821.3091706382, 2772960.2111206288]]]}, "properties": {"height": 38.5, "color": "rgb(0,0,255)"}}, {"geometry": {"type": "Polygon", "coordinates": [[[302848.5290697976, 2772915.349631797], [302874.6620101754, 2772915.450872198], [302874.70979133085, 2772903.120260302], [302848.5768273354, 2772903.01902023], [302848.5290697976, 2772915.349631797]]]}, "properties": {"height": 21, "color": "rgb(0,0,255)"}}, {"geometry": {"type": "Polygon", "coordinates": [[[302730.9818471861, 2772912.7214874625], [302751.4148455927, 2772912.8004656164], [302751.4899042045, 2772893.385217472], [302731.0568767217, 2772893.3062397214], [302730.9818471861, 2772912.7214874625]]]}, "properties": {"height": 17.5, "color": "rgb(0,0,255)"}}, {"geometry": {"type": "Polygon", "coordinates": [[[302789.11736717226, 2772917.3762724516], [302807.23085276294, 2772917.4463609294], [302807.2990666519, 2772899.8203105293], [302789.1855576609, 2772899.750222378], [302789.11736717226, 2772917.3762724516]]]}, "properties": {"height": 21, "color": "rgb(0,0,255)"}}, {"geometry": {"type": "Polygon", "coordinates": [[[302802.5823998335, 2772959.572495872], [302820.9563005685, 2772959.6436115396], [302821.0079452718, 2772946.3026450397], [302802.6340265704, 2772946.231529623], [302802.5823998335, 2772959.572495872]]]}, "properties": {"height": 24.5, "color": "rgb(0,0,255)"}}, {"geometry": {"type": "Polygon", "coordinates": [[[302809.0818368998, 2773003.7909756256], [302832.87394096964, 2773003.8830800247], [302832.9332558848, 2772988.564457598], [302809.1411251013, 2772988.472353572], [302809.0818368998, 2773003.7909756256]]]}, "properties": {"height": 17.5, "color": "rgb(0,0,255)"}}, {"geometry": {"type": "Polygon", "coordinates": [[[302757.32890959457, 2772919.4042368103], [302779.32801023906, 2772919.489312275], [302779.38210854185, 2772905.503273265], [302757.38298534637, 2772905.4181981133], [302757.32890959457, 2772919.4042368103]]]}, "properties": {"height": 17.5, "color": "rgb(0,0,255)"}}, {"geometry": {"type": "Polygon", "coordinates": [[[302760.6287829982, 2772909.7489777245], [302781.6673352083, 2772909.8303425577], [302781.72309419594, 2772895.4155472443], [302760.68451975856, 2772895.33418272], [302760.6287829982, 2772909.7489777245]]]}, "properties": {"height": 17.5, "color": "rgb(0,0,255)"}}, {"geometry": {"type": "Polygon", "coordinates": [[[302747.41920074075, 2772938.9376207935], [302761.5917386667, 2772938.9924152642], [302761.67651834275, 2772917.067096568], [302747.50395764166, 2772917.012302414], [302747.41920074075, 2772938.9376207935]]]}, "properties": {"height": 14, "color": "rgb(0,0,255)"}}, {"geometry": {"type": "Polygon", "coordinates": [[[302805.6485715254, 2772977.2961704833], [302821.00655490934, 2772977.3556153127], [302821.0551196135, 2772964.810385336], [302805.69712210784, 2772964.7509407033], [302805.6485715254, 2772977.2961704833]]]}, "properties": {"height": 24.5, "color": "rgb(0,0,255)"}}, {"geometry": {"type": "Polygon", "coordinates": [[[302832.7289313967, 2773004.5759319677], [302848.79229509155, 2773004.6381400432], [302848.8415655547, 2772991.917431753], [302832.7781868828, 2772991.855223886], [302832.7289313967, 2773004.5759319677]]]}, "properties": {"height": 24.5, "color": "rgb(0,0,255)"}}, {"geometry": {"type": "Polygon", "coordinates": [[[302806.8525227057, 2772917.964699151], [302840.3563706858, 2772918.094401702], [302840.42414296226, 2772900.5934439846], [302806.9202520066, 2772900.4637420317], [302806.8525227057, 2772917.964699151]]]}, "properties": {"height": 7, "color": "rgb(0,0,255)"}}, {"geometry": {"type": "Polygon", "coordinates": [[[302763.9683634663, 2772939.5302110226], [302775.5737031147, 2772939.5750930747], [302775.65324180236, 2772919.0106330276], [302764.04788466176, 2772918.965751218], [302763.9683634663, 2772939.5302110226]]]}, "properties": {"height": 17.5, "color": "rgb(0,0,255)"}}, {"geometry": {"type": "Polygon", "coordinates": [[[302860.07712106896, 2773021.4088383135], [302894.04942700587, 2773021.540493071], [302894.1824134689, 2772987.2353749573], [302860.2100221108, 2772987.1037213905], [302860.07712106896, 2773021.4088383135]]]}, "properties": {"height": 3.5, "color": "rgb(0,0,255)"}}, {"geometry": {"type": "Polygon", "coordinates": [[[302748.92585971765, 2772997.3050422175], [302762.083516376, 2772997.3559150924], [302762.1413182943, 2772982.407971226], [302748.9836472202, 2772982.357098552], [302748.92585971765, 2772997.3050422175]]]}, "properties": {"height": 21, "color": "rgb(0,0,255)"}}, {"geometry": {"type": "Polygon", "coordinates": [[[302836.44870554033, 2772961.496113323], [302856.6718562993, 2772961.574438085], [302856.7415199535, 2772943.590938363], [302836.5183425385, 2772943.512613972], [302836.44870554033, 2772961.496113323]]]}, "properties": {"height": 10.5, "color": "rgb(0,0,255)"}}, {"geometry": {"type": "Polygon", "coordinates": [[[302779.56770578405, 2772937.3452624464], [302796.8126610959, 2772937.4119781554], [302796.8848829458, 2772918.746762565], [302779.639904042, 2772918.680047185], [302779.56770578405, 2772937.3452624464]]]}, "properties": {"height": 10.5, "color": "rgb(0,0,255)"}}, {"geometry": {"type": "Polygon", "coordinates": [[[302847.574573175, 2772975.2841105117], [302865.64088363724, 2772975.3540954757], [302865.6898614764, 2772962.7128154347], [302847.6235342749, 2772962.6428307034], [302847.574573175, 2772975.2841105117]]]}, "properties": {"height": 14, "color": "rgb(0,0,255)"}}, {"geometry": {"type": "Polygon", "coordinates": [[[302821.64990977757, 2772979.242485026], [302837.37558695325, 2772979.3033717577], [302837.4375385876, 2772963.304992276], [302821.71184297185, 2772963.244105801], [302821.64990977757, 2772979.242485026]]]}, "properties": {"height": 14, "color": "rgb(0,0,255)"}}, {"geometry": {"type": "Polygon", "coordinates": [[[302764.8249802979, 2773021.599040853], [302794.0655773316, 2773021.7121493756], [302794.12093848735, 2773007.40421928], [302764.88031078834, 2773007.291111183], [302764.8249802979, 2773021.599040853]]]}, "properties": {"height": 7, "color": "rgb(0,0,255)"}}, {"geometry": {"type": "Polygon", "coordinates": [[[302796.3753148363, 2772937.6099341884], [302806.0532911779, 2772937.647384701], [302806.12068078754, 2772920.234079654], [302796.442692094, 2772920.1966293138], [302796.3753148363, 2772937.6099341884]]]}, "properties": {"height": 17.5, "color": "rgb(0,0,255)"}}, {"geometry": {"type": "Polygon", "coordinates": [[[302756.1790395921, 2772964.615070851], [302769.35635511717, 2772964.6660260656], [302769.4309792082, 2772945.370148033], [302756.2536450467, 2772945.319193077], [302756.1790395921, 2772964.615070851]]]}, "properties": {"height": 10.5, "color": "rgb(0,0,255)"}}, {"geometry": {"type": "Polygon", "coordinates": [[[302719.2158723512, 2772981.1477133916], [302742.7892457044, 2772981.2388147484], [302742.8611705014, 2772962.631666137], [302719.28776499844, 2772962.540565227], [302719.2158723512, 2772981.1477133916]]]}, "properties": {"height": 7, "color": "rgb(0,0,255)"}}, {"geometry": {"type": "Polygon", "coordinates": [[[302809.4557412227, 2773021.6837502774], [302821.53597644647, 2773021.730510979], [302821.59486380627, 2773006.5191560583], [302809.51461511373, 2773006.472395544], [302809.4557412227, 2773021.6837502774]]]}, "properties": {"height": 14, "color": "rgb(0,0,255)"}}, {"geometry": {"type": "Polygon", "coordinates": [[[302795.1443011628, 2772974.045508001], [302805.89149131114, 2772974.0870960844], [302805.92536619765, 2772965.334027688], [302795.1781691544, 2772965.2924397015], [302795.1443011628, 2772974.045508001]]]}, "properties": {"height": 28, "color": "rgb(0,0,255)"}}, {"geometry": {"type": "Polygon", "coordinates": [[[302836.9868891192, 2772978.9584280066], [302847.43364891154, 2772978.998885524], [302847.5021600175, 2772961.3099490497], [302837.0553866808, 2772961.269491721], [302836.9868891192, 2772978.9584280066]]]}, "properties": {"height": 14, "color": "rgb(0,0,255)"}}, {"geometry": {"type": "Polygon", "coordinates": [[[302833.88693850086, 2772935.840236951], [302844.81771360635, 2772935.8825658923], [302844.8888862183, 2772917.5052163037], [302833.95809638966, 2772917.462887568], [302833.88693850086, 2772935.840236951]]]}, "properties": {"height": 14, "color": "rgb(0,0,255)"}}, {"geometry": {"type": "Polygon", "coordinates": [[[302787.99820763705, 2772911.3475385304], [302803.9283095956, 2772911.4091758705], [302803.9728454159, 2772899.900656812], [302788.0427300203, 2772899.839019658], [302787.99820763705, 2772911.3475385304]]]}, "properties": {"height": 14, "color": "rgb(0,0,255)"}}, {"geometry": {"type": "Polygon", "coordinates": [[[302805.6144387544, 2772933.9057639516], [302819.9931569999, 2772933.9614168815], [302820.05112606025, 2772918.986294471], [302805.6723920329, 2772918.9306417615], [302805.6144387544, 2772933.9057639516]]]}, "properties": {"height": 10.5, "color": "rgb(0,0,255)"}}, {"geometry": {"type": "Polygon", "coordinates": [[[302757.84495442896, 2772939.4676705967], [302766.62365799776, 2772939.501616175], [302766.69846514094, 2772920.157204007], [302757.91974912543, 2772920.1232586023], [302757.84495442896, 2772939.4676705967]]]}, "properties": {"height": 14, "color": "rgb(0,0,255)"}}, {"geometry": {"type": "Polygon", "coordinates": [[[302720.0432281878, 2772964.5998498155], [302737.90122628526, 2772964.6688604807], [302737.9374735189, 2772955.290680259], [302720.07946314634, 2772955.221669765], [302720.0432281878, 2772964.5998498155]]]}, "properties": {"height": 14, "color": "rgb(0,0,255)"}}, {"geometry": {"type": "Polygon", "coordinates": [[[302732.88820405665, 2773020.283805627], [302761.15868808737, 2773020.393094325], [302761.24221903237, 2772998.7912617377], [302732.97169024, 2772998.6819736627], [302732.88820405665, 2773020.283805627]]]}, "properties": {"height": 3.5, "color": "rgb(0,0,255)"}}, {"geometry": {"type": "Polygon", "coordinates": [[[302716.07060083956, 2772999.0300773154], [302739.0171067829, 2772999.1187509233], [302739.0739292761, 2772984.417677185], [302716.12739860726, 2772984.329003921], [302716.07060083956, 2772999.0300773154]]]}, "properties": {"height": 7, "color": "rgb(0,0,255)"}}, {"geometry": {"type": "Polygon", "coordinates": [[[302784.2863488797, 2772973.7103074486], [302794.82531462924, 2772973.7510812995], [302794.8593368014, 2772964.958111308], [302784.3203642597, 2772964.9173375517], [302784.2863488797, 2772973.7103074486]]]}, "properties": {"height": 21, "color": "rgb(0,0,255)"}}, {"geometry": {"type": "Polygon", "coordinates": [[[302717.55473061634, 2772986.0750959185], [302734.6323096279, 2772986.1410877006], [302734.6582371972, 2772979.432541588], [302717.5806497885, 2772979.3665499226], [302717.55473061634, 2772986.0750959185]]]}, "properties": {"height": 17.5, "color": "rgb(0,0,255)"}}, {"geometry": {"type": "Polygon", "coordinates": [[[302717.3424616123, 2773004.1483574267], [302735.2975690772, 2773004.2177409986], [302735.32710806024, 2772996.5749230254], [302717.37199053715, 2772996.5055395938], [302717.3424616123, 2773004.1483574267]]]}, "properties": {"height": 14, "color": "rgb(0,0,255)"}}, {"geometry": {"type": "Polygon", "coordinates": [[[302712.8937611677, 2773016.36553979], [302732.3936649811, 2773016.440888012], [302732.4501350316, 2773001.829267038], [302712.9502103342, 2773001.753919107], [302712.8937611677, 2773016.36553979]]]}, "properties": {"height": 7, "color": "rgb(0,0,255)"}}, {"geometry": {"type": "Polygon", "coordinates": [[[302780.89888133743, 2772957.1861756872], [302802.0848587563, 2772957.268143856], [302802.13356055657, 2772944.682887341], [302780.94756359514, 2772944.600919444], [302780.89888133743, 2772957.1861756872]]]}, "properties": {"height": 7, "color": "rgb(0,0,255)"}}, {"geometry": {"type": "Polygon", "coordinates": [[[302856.48221982067, 2772959.5619384106], [302865.8410134432, 2772959.5981952343], [302865.8956966031, 2772945.4843190103], [302856.53689329914, 2772945.4480623216], [302856.48221982067, 2772959.5619384106]]]}, "properties": {"height": 14, "color": "rgb(0,0,255)"}}, {"geometry": {"type": "Polygon", "coordinates": [[[302773.01684884104, 2772977.7999684764], [302784.3200380815, 2772977.843690061], [302784.3790244357, 2772962.59574661], [302773.07582256285, 2772962.5520252017], [302773.01684884104, 2772977.7999684764]]]}, "properties": {"height": 7, "color": "rgb(0,0,255)"}}, {"geometry": {"type": "Polygon", "coordinates": [[[302839.9323251522, 2772916.163150866], [302845.55699584296, 2772916.1849333765], [302845.620153455, 2772899.877224259], [302839.9954760414, 2772899.855441842], [302839.9323251522, 2772916.163150866]]]}, "properties": {"height": 14, "color": "rgb(0,0,255)"}}, {"geometry": {"type": "Polygon", "coordinates": [[[302832.6663083, 2773097.758849743], [302848.30370202183, 2773097.819410177], [302848.3584893449, 2773083.674758789], [302832.72107941046, 2773083.614198581], [302832.6663083, 2773097.758849743]]]}, "properties": {"height": 35, "color": "rgb(0,0,255)"}}, {"geometry": {"type": "Polygon", "coordinates": [[[302777.0759625112, 2773066.3082445073], [302824.58971386246, 2773066.492115123], [302824.60406689893, 2773062.784832608], [302777.0903026364, 2773062.6009621723], [302777.0759625112, 2773066.3082445073]]]}, "properties": {"height": 42, "color": "rgb(0,0,255)"}}, {"geometry": {"type": "Polygon", "coordinates": [[[302760.29296736117, 2773100.6959934756], [302794.4606061831, 2773100.8281598985], [302794.50403026585, 2773089.605785707], [302760.336363338, 2773089.473619676], [302760.29296736117, 2773100.6959934756]]]}, "properties": {"height": 17.5, "color": "rgb(0,0,255)"}}, {"geometry": {"type": "Polygon", "coordinates": [[[302709.6303646306, 2773064.600068635], [302732.591665542, 2773064.6887909765], [302732.68052465527, 2773041.697011543], [302709.71918504854, 2773041.6082897387], [302709.6303646306, 2773064.600068635]]]}, "properties": {"height": 14, "color": "rgb(0,0,255)"}}, {"geometry": {"type": "Polygon", "coordinates": [[[302790.3055077752, 2773056.1736743], [302802.72791292204, 2773056.2217428894], [302802.7611500407, 2773047.6332449825], [302790.3387370738, 2773047.5851765014], [302790.3055077752, 2773056.1736743]]]}, "properties": {"height": 59.5, "color": "rgb(0,0,255)"}}, {"geometry": {"type": "Polygon", "coordinates": [[[302869.43487317563, 2773121.7396355444], [302884.9811149833, 2773121.7998853996], [302885.06335290463, 2773100.583116348], [302869.5170869198, 2773100.5228668298], [302869.43487317563, 2773121.7396355444]]]}, "properties": {"height": 17.5, "color": "rgb(0,0,255)"}}, {"geometry": {"type": "Polygon", "coordinates": [[[302800.57922946307, 2773044.894476167], [302820.1568555441, 2773044.970251461], [302820.22440890817, 2773027.5200614547], [302800.6467577864, 2773027.444286509], [302800.57922946307, 2773044.894476167]]]}, "properties": {"height": 14, "color": "rgb(0,0,255)"}}, {"geometry": {"type": "Polygon", "coordinates": [[[302785.7409489071, 2773045.5066226777], [302800.9102729225, 2773045.5653166864], [302800.96682369465, 2773030.951970445], [302785.7974834311, 2773030.8932766626], [302785.7409489071, 2773045.5066226777]]]}, "properties": {"height": 21, "color": "rgb(0,0,255)"}}, {"geometry": {"type": "Polygon", "coordinates": [[[302836.03786467575, 2773121.507768398], [302851.4558617273, 2773121.5674834205], [302851.52976302744, 2773102.4894118095], [302836.1117444152, 2773102.4296970866], [302836.03786467575, 2773121.507768398]]]}, "properties": {"height": 14, "color": "rgb(0,0,255)"}}, {"geometry": {"type": "Polygon", "coordinates": [[[302815.1690151105, 2773102.4118648786], [302832.7466410376, 2773102.479918275], [302832.8202020302, 2773083.4828261016], [302815.2425516269, 2773083.4147730456], [302815.1690151105, 2773102.4118648786]]]}, "properties": {"height": 14, "color": "rgb(0,0,255)"}}, {"geometry": {"type": "Polygon", "coordinates": [[[302743.59547577426, 2773040.883112705], [302758.47861195804, 2773040.940653144], [302758.56444988813, 2773018.741271324], [302743.68128948734, 2773018.6837312216], [302743.59547577426, 2773040.883112705]]]}, "properties": {"height": 14, "color": "rgb(0,0,255)"}}, {"geometry": {"type": "Polygon", "coordinates": [[[302810.5964179671, 2773121.6982368836], [302824.14161352103, 2773121.750672229], [302824.2112250631, 2773103.7707407046], [302810.6660116576, 2773103.7183056083], [302810.5964179671, 2773121.6982368836]]]}, "properties": {"height": 17.5, "color": "rgb(0,0,255)"}}, {"geometry": {"type": "Polygon", "coordinates": [[[302856.08898096415, 2773119.729090538], [302868.67938053655, 2773119.777871232], [302868.7506797796, 2773101.3775212495], [302856.16026322613, 2773101.328740792], [302856.08898096415, 2773119.729090538]]]}, "properties": {"height": 17.5, "color": "rgb(0,0,255)"}}, {"geometry": {"type": "Polygon", "coordinates": [[[302796.4143532871, 2773122.1392512047], [302810.1540706548, 2773122.1924253968], [302810.2308776466, 2773102.3487277594], [302796.49114029395, 2773102.2955538454], [302796.4143532871, 2773122.1392512047]]]}, "properties": {"height": 14, "color": "rgb(0,0,255)"}}, {"geometry": {"type": "Polygon", "coordinates": [[[302842.49010949064, 2773044.777695616], [302865.8117706354, 2773044.8680370445], [302865.876937954, 2773028.048741533], [302842.55524805817, 2773027.958400505], [302842.49010949064, 2773044.777695616]]]}, "properties": {"height": 7, "color": "rgb(0,0,255)"}}, {"geometry": {"type": "Polygon", "coordinates": [[[302815.4405703846, 2773044.024837864], [302830.9326481728, 2773044.084814557], [302830.98259696283, 2773031.184824091], [302815.4905045264, 2773031.124847602], [302815.4405703846, 2773044.024837864]]]}, "properties": {"height": 14, "color": "rgb(0,0,255)"}}, {"geometry": {"type": "Polygon", "coordinates": [[[302830.5649668894, 2773045.056736227], [302842.81638165785, 2773045.104179023], [302842.8858568482, 2773027.1652432326], [302830.6344259707, 2773027.117800661], [302830.5649668894, 2773045.056736227]]]}, "properties": {"height": 14, "color": "rgb(0,0,255)"}}, {"geometry": {"type": "Polygon", "coordinates": [[[302763.39956658834, 2773035.689997781], [302786.2177742135, 2773035.778255963], [302786.23314879276, 2773031.8041796833], [302763.4149345209, 2773031.7159215934], [302763.39956658834, 2773035.689997781]]]}, "properties": {"height": 31.5, "color": "rgb(0,0,255)"}}, {"geometry": {"type": "Polygon", "coordinates": [[[302836.7586074344, 2773064.1291222386], [302843.3599289025, 2773064.1546872505], [302843.4305342966, 2773045.924254764], [302836.8292040075, 2773045.8986898744], [302836.7586074344, 2773064.1291222386]]]}, "properties": {"height": 17.5, "color": "rgb(0,0,255)"}}, {"geometry": {"type": "Polygon", "coordinates": [[[302745.66859386186, 2773066.288746945], [302754.09166852327, 2773066.3213114413], [302754.1613053833, 2773048.3105485393], [302745.73821960227, 2773048.277984198], [302745.66859386186, 2773066.288746945]]]}, "properties": {"height": 10.5, "color": "rgb(0,0,255)"}}, {"geometry": {"type": "Polygon", "coordinates": [[[302865.96052343096, 2773061.519153475], [302871.4693170688, 2773061.5404989882], [302871.533327684, 2773045.0216232752], [302866.0245273761, 2773045.0002778545], [302865.96052343096, 2773061.519153475]]]}, "properties": {"height": 14, "color": "rgb(0,0,255)"}}, {"geometry": {"type": "Polygon", "coordinates": [[[302760.45972997835, 2773212.2840102785], [302791.07752923714, 2773212.402447111], [302791.14338847983, 2773195.3816771572], [302760.52555102046, 2773195.2632408566], [302760.45972997835, 2773212.2840102785]]]}, "properties": {"height": 17.5, "color": "rgb(0,0,255)"}}, {"geometry": {"type": "Polygon", "coordinates": [[[302762.602456398, 2773167.535224837], [302795.6988692913, 2773167.663255382], [302795.7572167145, 2773152.584900395], [302762.6607672412, 2773152.4568703584], [302762.602456398, 2773167.535224837]]]}, "properties": {"height": 17.5, "color": "rgb(0,0,255)"}}, {"geometry": {"type": "Polygon", "coordinates": [[[302764.2719902837, 2773149.5648328457], [302782.8916390054, 2773149.636853178], [302782.948750416, 2773134.8742237943], [302764.3290815458, 2773134.8022037414], [302764.2719902837, 2773149.5648328457]]]}, "properties": {"height": 24.5, "color": "rgb(0,0,255)"}}, {"geometry": {"type": "Polygon", "coordinates": [[[302759.83489691233, 2773194.5320037194], [302779.31796824094, 2773194.607359419], [302779.376757448, 2773179.4102896466], [302759.8936644159, 2773179.3349342486], [302759.83489691233, 2773194.5320037194]]]}, "properties": {"height": 17.5, "color": "rgb(0,0,255)"}}, {"geometry": {"type": "Polygon", "coordinates": [[[302779.1718589991, 2773194.3314460837], [302798.3698771685, 2773194.4057262703], [302798.4296737278, 2773178.953830462], [302779.2316338138, 2773178.8795505776], [302779.1718589991, 2773194.3314460837]]]}, "properties": {"height": 14, "color": "rgb(0,0,255)"}}, {"geometry": {"type": "Polygon", "coordinates": [[[302795.19202572526, 2773148.8153696656], [302809.94211479696, 2773148.8724539564], [302809.98567996384, 2773137.6171406293], [302795.2355787231, 2773137.5600565095], [302795.19202572526, 2773148.8153696656]]]}, "properties": {"height": 28, "color": "rgb(0,0,255)"}}, {"geometry": {"type": "Polygon", "coordinates": [[[302824.2288760581, 2773148.8334797383], [302838.94078219595, 2773148.8904475453], [302839.00507241476, 2773132.2897973587], [302824.29314837506, 2773132.232829801], [302824.2288760581, 2773148.8334797383]]]}, "properties": {"height": 14, "color": "rgb(0,0,255)"}}, {"geometry": {"type": "Polygon", "coordinates": [[[302805.23602958955, 2773207.1601779247], [302829.5744730459, 2773207.2543988093], [302829.6183263791, 2773195.929117265], [302805.2798627178, 2773195.834896662], [302805.23602958955, 2773207.1601779247]]]}, "properties": {"height": 14, "color": "rgb(0,0,255)"}}, {"geometry": {"type": "Polygon", "coordinates": [[[302809.99620354455, 2773167.138267416], [302824.87785743317, 2773167.195877526], [302824.9301923197, 2773153.6787755336], [302810.0485236861, 2773153.6211656285], [302809.99620354455, 2773167.138267416]]]}, "properties": {"height": 17.5, "color": "rgb(0,0,255)"}}, {"geometry": {"type": "Polygon", "coordinates": [[[302798.05880221864, 2773195.187119527], [302815.19628523797, 2773195.2534496263], [302815.25509578944, 2773180.06119328], [302798.1175936855, 2773179.9948634454], [302798.05880221864, 2773195.187119527]]]}, "properties": {"height": 14, "color": "rgb(0,0,255)"}}, {"geometry": {"type": "Polygon", "coordinates": [[[302824.3063323189, 2773167.03538914], [302839.4843749804, 2773167.0941627156], [302839.54381573945, 2773151.7459878447], [302824.36575600214, 2773151.6872145063], [302824.3063323189, 2773167.03538914]]]}, "properties": {"height": 14, "color": "rgb(0,0,255)"}}, {"geometry": {"type": "Polygon", "coordinates": [[[302863.38070910197, 2773167.76634981], [302873.0387871476, 2773167.8037742744], [302873.1008334508, 2773151.792992551], [302863.4427440704, 2773151.755568245], [302863.38070910197, 2773167.76634981]]]}, "properties": {"height": 17.5, "color": "rgb(0,0,255)"}}, {"geometry": {"type": "Polygon", "coordinates": [[[302853.6342216431, 2773148.465591771], [302863.3540119217, 2773148.5032481467], [302863.41873057175, 2773131.7996851853], [302853.6989283925, 2773131.7620289754], [302853.6342216431, 2773148.465591771]]]}, "properties": {"height": 14, "color": "rgb(0,0,255)"}}, {"geometry": {"type": "Polygon", "coordinates": [[[302721.16242995276, 2773185.389615105], [302739.246150069, 2773185.4595060158], [302739.31378358766, 2773167.9628168917], [302721.23004027846, 2773167.892926304], [302721.16242995276, 2773185.389615105]]]}, "properties": {"height": 7, "color": "rgb(0,0,255)"}}, {"geometry": {"type": "Polygon", "coordinates": [[[302790.6417141353, 2773213.7469105734], [302801.00994650304, 2773213.787032595], [302801.0763057107, 2773196.6402861974], [302790.7080603112, 2773196.6001643566], [302790.6417141353, 2773213.7469105734]]]}, "properties": {"height": 14, "color": "rgb(0,0,255)"}}, {"geometry": {"type": "Polygon", "coordinates": [[[302863.0237169829, 2773150.2050419403], [302872.6506236666, 2773150.2423450854], [302872.7230400247, 2773131.5553350705], [302863.09612015437, 2773131.5180321094], [302863.0237169829, 2773150.2050419403]]]}, "properties": {"height": 10.5, "color": "rgb(0,0,255)"}}, {"geometry": {"type": "Polygon", "coordinates": [[[302762.6475182142, 2773170.168846776], [302795.7297740485, 2773170.296822786], [302795.7423040046, 2773167.058797445], [302762.66004031827, 2773166.9308215436], [302762.6475182142, 2773170.168846776]]]}, "properties": {"height": 14, "color": "rgb(0,0,255)"}}, {"geometry": {"type": "Polygon", "coordinates": [[[302788.44888524426, 2773150.217296903], [302794.65044235275, 2773150.241292543], [302794.7156149073, 2773133.3987022843], [302788.51405014255, 2773133.374706751], [302788.44888524426, 2773150.217296903]]]}, "properties": {"height": 14, "color": "rgb(0,0,255)"}}, {"geometry": {"type": "Polygon", "coordinates": [[[302909.64491765236, 2772935.317235395], [302925.0385466018, 2772935.376934508], [302925.11189777276, 2772916.4657642785], [302909.7182474866, 2772916.406065463], [302909.64491765236, 2772935.317235395]]]}, "properties": {"height": 28, "color": "rgb(0,0,255)"}}, {"geometry": {"type": "Polygon", "coordinates": [[[302999.45876350714, 2773001.764623039], [303017.89044742583, 2773001.836229566], [303017.93408675585, 2772990.605297511], [302999.5023876645, 2772990.5336911962], [302999.45876350714, 2773001.764623039]]]}, "properties": {"height": 35, "color": "rgb(0,0,255)"}}, {"geometry": {"type": "Polygon", "coordinates": [[[302938.9631710042, 2773013.3777378136], [302959.6020850906, 2773013.4578299103], [302959.626369746, 2773007.2011354887], [302938.98744619475, 2773007.121043524], [302938.9631710042, 2773013.3777378136]]]}, "properties": {"height": 52.5, "color": "rgb(0,0,255)"}}, {"geometry": {"type": "Polygon", "coordinates": [[[302944.51564008975, 2773008.2556521], [302957.60972778196, 2773008.306467079], [302957.6416078467, 2773000.0925636333], [302944.5475122713, 2773000.041748764], [302944.51564008975, 2773008.2556521]]]}, "properties": {"height": 59.5, "color": "rgb(0,0,255)"}}, {"geometry": {"type": "Polygon", "coordinates": [[[302917.18757003406, 2773008.6857133433], [302930.2506835944, 2773008.7363819517], [302930.2818665638, 2773000.6979342494], [302917.21874530683, 2773000.6472657486], [302917.18757003406, 2773008.6857133433]]]}, "properties": {"height": 59.5, "color": "rgb(0,0,255)"}}, {"geometry": {"type": "Polygon", "coordinates": [[[302941.9777557599, 2772976.6979807685], [302961.7856040463, 2772976.7748504183], [302961.85077606596, 2772959.984352309], [302942.0429034028, 2772959.907482999], [302941.9777557599, 2772976.6979807685]]]}, "properties": {"height": 17.5, "color": "rgb(0,0,255)"}}, {"geometry": {"type": "Polygon", "coordinates": [[[302941.7435186064, 2772960.324832627], [302960.89714639715, 2772960.3991621127], [302960.97171833296, 2772941.1864711572], [302941.8180635703, 2772941.1121420483], [302941.7435186064, 2772960.324832627]]]}, "properties": {"height": 14, "color": "rgb(0,0,255)"}}, {"geometry": {"type": "Polygon", "coordinates": [[[302964.96746136685, 2772929.732323066], [302983.57507301506, 2772929.8045640173], [302983.62911110924, 2772915.8880022974], [302965.0214804813, 2772915.815761611], [302964.96746136685, 2772929.732323066]]]}, "properties": {"height": 21, "color": "rgb(0,0,255)"}}, {"geometry": {"type": "Polygon", "coordinates": [[[302880.0163748924, 2772911.425408021], [302892.72026138846, 2772911.474646536], [302892.7710985083, 2772898.359854965], [302880.067199801, 2772898.3106166204], [302880.0163748924, 2772911.425408021]]]}, "properties": {"height": 31.5, "color": "rgb(0,0,255)"}}, {"geometry": {"type": "Polygon", "coordinates": [[[302960.9230166248, 2772977.1622837326], [302980.0337842379, 2772977.2364742346], [302980.10500659834, 2772958.893523937], [302960.9942132918, 2772958.8193337936], [302960.9230166248, 2772977.1622837326]]]}, "properties": {"height": 14, "color": "rgb(0,0,255)"}}, {"geometry": {"type": "Polygon", "coordinates": [[[302982.98168282997, 2772914.3860017476], [303001.63574275695, 2772914.4584472277], [303001.6907278639, 2772900.302734371], [302983.03664858296, 2772900.2302891603], [302982.98168282997, 2772914.3860017476]]]}, "properties": {"height": 17.5, "color": "rgb(0,0,255)"}}, {"geometry": {"type": "Polygon", "coordinates": [[[302988.202541018, 2772927.7385567473], [303002.005423471, 2772927.792165167], [303002.05085071176, 2772916.09724007], [302988.24795642745, 2772916.0436318154], [302988.202541018, 2772927.7385567473]]]}, "properties": {"height": 28, "color": "rgb(0,0,255)"}}, {"geometry": {"type": "Polygon", "coordinates": [[[302964.7414244227, 2772913.5373311522], [302983.2894982799, 2772913.6093401317], [302983.33963940263, 2772900.6962217446], [302964.79154799075, 2772900.6242130105], [302964.7414244227, 2772913.5373311522]]]}, "properties": {"height": 17.5, "color": "rgb(0,0,255)"}}, {"geometry": {"type": "Polygon", "coordinates": [[[302908.6403235474, 2772916.3404731], [302925.5369042511, 2772916.406000092], [302925.6128453192, 2772896.827140436], [302908.71624036896, 2772896.7616137825], [302908.6403235474, 2772916.3404731]]]}, "properties": {"height": 10.5, "color": "rgb(0,0,255)"}}, {"geometry": {"type": "Polygon", "coordinates": [[[302945.72297233983, 2772932.1595893544], [302965.1575667626, 2772932.2350141834], [302965.2184180546, 2772916.558394988], [302945.7838013015, 2772916.48297047], [302945.72297233983, 2772932.1595893544]]]}, "properties": {"height": 14, "color": "rgb(0,0,255)"}}, {"geometry": {"type": "Polygon", "coordinates": [[[302945.4899490722, 2772913.9062984926], [302965.02491849224, 2772913.982112044], [302965.08422823204, 2772898.702478658], [302945.5492369348, 2772898.626665413], [302945.4899490722, 2772913.9062984926]]]}, "properties": {"height": 10.5, "color": "rgb(0,0,255)"}}, {"geometry": {"type": "Polygon", "coordinates": [[[302926.6994745789, 2772912.8761267965], [302945.26567041577, 2772912.9481543642], [302945.31431258784, 2772900.4120701496], [302926.74809969217, 2772900.3400428207], [302926.6994745789, 2772912.8761267965]]]}, "properties": {"height": 10.5, "color": "rgb(0,0,255)"}}, {"geometry": {"type": "Polygon", "coordinates": [[[302926.9239836552, 2772930.1219840636], [302945.64875918464, 2772930.1946277716], [302945.6946022822, 2772918.380092911], [302926.96981053834, 2772918.307449429], [302926.9239836552, 2772930.1219840636]]]}, "properties": {"height": 14, "color": "rgb(0,0,255)"}}, {"geometry": {"type": "Polygon", "coordinates": [[[302966.11169724836, 2773001.641704155], [302975.4962690265, 2773001.6781368805], [302975.5553625148, 2772986.45777192], [302966.17078026733, 2772986.4213393405], [302966.11169724836, 2773001.641704155]]]}, "properties": {"height": 17.5, "color": "rgb(0,0,255)"}}, {"geometry": {"type": "Polygon", "coordinates": [[[302900.90287583886, 2773064.162591718], [302921.17233985785, 2773064.2411949397], [302921.2541629305, 2773043.1453917767], [302900.98466756934, 2773043.0667889914], [302900.90287583886, 2773064.162591718]]]}, "properties": {"height": 21, "color": "rgb(0,0,255)"}}, {"geometry": {"type": "Polygon", "coordinates": [[[302935.13043010776, 2773097.722670405], [302954.8748700729, 2773097.7992878314], [302954.94169076317, 2773080.5826438516], [302935.1972258814, 2773080.5060267723], [302935.13043010776, 2773097.722670405]]]}, "properties": {"height": 24.5, "color": "rgb(0,0,255)"}}, {"geometry": {"type": "Polygon", "coordinates": [[[302916.9715916059, 2773094.2684674705], [302934.9641664707, 2773094.338261663], [302935.02209377085, 2773079.407409561], [302917.0294992148, 2773079.3376156427], [302916.9715916059, 2773094.2684674705]]]}, "properties": {"height": 31.5, "color": "rgb(0,0,255)"}}, {"geometry": {"type": "Polygon", "coordinates": [[[303006.1880814833, 2773099.209993162], [303024.56212392624, 2773099.28138763], [303024.6456395318, 2773077.7915019393], [303006.2715681463, 2773077.720107876], [303006.1880814833, 2773099.209993162]]]}, "properties": {"height": 17.5, "color": "rgb(0,0,255)"}}, {"geometry": {"type": "Polygon", "coordinates": [[[302981.1492125389, 2773115.253243534], [303003.8615716882, 2773115.3414575458], [303003.91517327627, 2773101.5436438606], [302981.20279115636, 2773101.455430169], [302981.1492125389, 2773115.253243534]]]}, "properties": {"height": 21, "color": "rgb(0,0,255)"}}, {"geometry": {"type": "Polygon", "coordinates": [[[302949.07310573885, 2773046.0023036236], [302957.16271498846, 2773046.0336991395], [302957.21693828265, 2773032.0631440585], [302949.1273207492, 2773032.031748658], [302949.07310573885, 2773046.0023036236]]]}, "properties": {"height": 59.5, "color": "rgb(0,0,255)"}}, {"geometry": {"type": "Polygon", "coordinates": [[[302920.7607355429, 2773147.39461478], [302942.618377918, 2773147.479412797], [302942.68084755726, 2773131.3804412754], [302920.8231793888, 2773131.295643619], [302920.7607355429, 2773147.39461478]]]}, "properties": {"height": 17.5, "color": "rgb(0,0,255)"}}, {"geometry": {"type": "Polygon", "coordinates": [[[302901.26891801856, 2773121.428262438], [302910.36606092425, 2773121.4635377163], [302910.44435283716, 2773101.274500402], [302901.34719646914, 2773101.2392253117], [302901.26891801856, 2773121.428262438]]]}, "properties": {"height": 31.5, "color": "rgb(0,0,255)"}}, {"geometry": {"type": "Polygon", "coordinates": [[[302966.15212967317, 2773115.8690056046], [302981.50198398717, 2773115.9286029064], [302981.55738442356, 2773101.661724121], [302966.2075140574, 2773101.602127044], [302966.15212967317, 2773115.8690056046]]]}, "properties": {"height": 24.5, "color": "rgb(0,0,255)"}}, {"geometry": {"type": "Polygon", "coordinates": [[[302871.2071051516, 2773064.8017584], [302889.2319732352, 2773064.871616581], [302889.29352578596, 2773048.992438281], [302871.26863672305, 2773048.9225803926], [302871.2071051516, 2773064.8017584]]]}, "properties": {"height": 17.5, "color": "rgb(0,0,255)"}}, {"geometry": {"type": "Polygon", "coordinates": [[[302968.0688783321, 2773063.678357252], [302985.36272876227, 2773063.745504531], [302985.43687816797, 2773044.6513046], [302968.143003534, 2773044.5841576583], [302968.0688783321, 2773063.678357252]]]}, "properties": {"height": 17.5, "color": "rgb(0,0,255)"}}, {"geometry": {"type": "Polygon", "coordinates": [[[302965.95120638504, 2773098.8452537074], [302989.0021349259, 2773098.934756719], [302989.07202747965, 2773080.938237162], [302966.02106853167, 2773080.8487345744], [302965.95120638504, 2773098.8452537074]]]}, "properties": {"height": 14, "color": "rgb(0,0,255)"}}, {"geometry": {"type": "Polygon", "coordinates": [[[303005.08957798115, 2773119.5645822543], [303022.2746007826, 2773119.6313550742], [303022.35514082876, 2773098.9064094634], [303005.1700919211, 2773098.8396370085], [303005.08957798115, 2773119.5645822543]]]}, "properties": {"height": 14, "color": "rgb(0,0,255)"}}, {"geometry": {"type": "Polygon", "coordinates": [[[302905.7494198076, 2773043.3646538067], [302926.14169978583, 2773043.443739958], [302926.20852169587, 2773026.2170510483], [302905.816215969, 2773026.1379652563], [302905.7494198076, 2773043.3646538067]]]}, "properties": {"height": 10.5, "color": "rgb(0,0,255)"}}, {"geometry": {"type": "Polygon", "coordinates": [[[302871.5789583159, 2773043.490802512], [302888.8617695841, 2773043.5577841518], [302888.9270259444, 2773026.722838288], [302871.64419335, 2773026.6558569456], [302871.5789583159, 2773043.490802512]]]}, "properties": {"height": 10.5, "color": "rgb(0,0,255)"}}, {"geometry": {"type": "Polygon", "coordinates": [[[302966.88070939196, 2773042.03435434], [302979.25904847553, 2773042.082412302], [302979.3181883946, 2773026.851422661], [302966.939835492, 2773026.8033648916], [302966.88070939196, 2773042.03435434]]]}, "properties": {"height": 14, "color": "rgb(0,0,255)"}}, {"geometry": {"type": "Polygon", "coordinates": [[[302952.8801288491, 2773098.619482088], [302966.34141185076, 2773098.671732432], [302966.4085859087, 2773081.367794387], [302952.9472858333, 2773081.315544281], [302952.8801288491, 2773098.619482088]]]}, "properties": {"height": 10.5, "color": "rgb(0,0,255)"}}, {"geometry": {"type": "Polygon", "coordinates": [[[302970.5103972579, 2773134.8695203834], [302994.12977648247, 2773134.9612403363], [302994.14649806597, 2773130.6561172456], [302970.5271113879, 2773130.5643973965], [302970.5103972579, 2773134.8695203834]]]}, "properties": {"height": 21, "color": "rgb(0,0,255)"}}, {"geometry": {"type": "Polygon", "coordinates": [[[303003.2090596012, 2773041.8398031364], [303009.2606152509, 2773041.8633125485], [303009.3282881968, 2773024.4445690876], [303003.2767248208, 2773024.4210597835], [303003.2090596012, 2773041.8398031364]]]}, "properties": {"height": 17.5, "color": "rgb(0,0,255)"}}, {"geometry": {"type": "Polygon", "coordinates": [[[302979.0009887521, 2773042.808086161], [302985.735313737, 2773042.834236264], [302985.7981033072, 2773026.6652884665], [302979.0637703412, 2773026.6391384746], [302979.0009887521, 2773042.808086161]]]}, "properties": {"height": 17.5, "color": "rgb(0,0,255)"}}, {"geometry": {"type": "Polygon", "coordinates": [[[302998.13252445037, 2773045.3160288087], [303003.8613713242, 2773045.338282377], [303003.9348853973, 2773026.4141510655], [302998.2060305771, 2773026.391897608], [302998.13252445037, 2773045.3160288087]]]}, "properties": {"height": 14, "color": "rgb(0,0,255)"}}, {"geometry": {"type": "Polygon", "coordinates": [[[302988.4897364469, 2773095.917259021], [302994.81449780025, 2773095.941823583], [302994.8835651696, 2773078.1597086564], [302988.55879557243, 2773078.1351442095], [302988.4897364469, 2773095.917259021]]]}, "properties": {"height": 14, "color": "rgb(0,0,255)"}}, {"geometry": {"type": "Polygon", "coordinates": [[[302990.6096953359, 2773046.700756469], [302998.8547758099, 2773046.732780519], [302998.9392469439, 2773024.986009989], [302990.69415332744, 2773024.9539861227], [302990.6096953359, 2773046.700756469]]]}, "properties": {"height": 7, "color": "rgb(0,0,255)"}}, {"geometry": {"type": "Polygon", "coordinates": [[[302906.8722855538, 2773166.2783381566], [302919.9433080671, 2773166.329030841], [302920.0120254433, 2773148.6125074876], [302906.9409859555, 2773148.5618150407], [302906.8722855538, 2773166.2783381566]]]}, "properties": {"height": 35, "color": "rgb(0,0,255)"}}, {"geometry": {"type": "Polygon", "coordinates": [[[302917.48223720986, 2773192.141017892], [302956.47939618875, 2773192.29232758], [302956.5396388774, 2773176.7716108724], [302917.5424355317, 2773176.6203018036], [302917.48223720986, 2773192.141017892]]]}, "properties": {"height": 10.5, "color": "rgb(0,0,255)"}}, {"geometry": {"type": "Polygon", "coordinates": [[[302970.5945655788, 2773146.8425461333], [302994.1771944012, 2773146.9341239394], [302994.2163660076, 2773136.8490878716], [302970.633719752, 2773136.7575103086], [302970.5945655788, 2773146.8425461333]]]}, "properties": {"height": 28, "color": "rgb(0,0,255)"}}, {"geometry": {"type": "Polygon", "coordinates": [[[302921.1980752447, 2773163.120381376], [302942.8590962086, 2773163.2044176683], [302942.91003003466, 2773150.0784768458], [302921.24898822984, 2773149.9944408434], [302921.1980752447, 2773163.120381376]]]}, "properties": {"height": 21, "color": "rgb(0,0,255)"}}, {"geometry": {"type": "Polygon", "coordinates": [[[302871.2776036776, 2773186.8840705464], [302888.72462547733, 2773186.951692301], [302888.76833382866, 2773175.6763826697], [302871.321297609, 2773175.608761116], [302871.2776036776, 2773186.8840705464]]]}, "properties": {"height": 28, "color": "rgb(0,0,255)"}}, {"geometry": {"type": "Polygon", "coordinates": [[[302905.7114869572, 2773147.8479204155], [302921.09736687376, 2773147.9075902384], [302921.1440843653, 2773135.8631992764], [302905.75819086516, 2773135.803529642], [302905.7114869572, 2773147.8479204155]]]}, "properties": {"height": 24.5, "color": "rgb(0,0,255)"}}, {"geometry": {"type": "Polygon", "coordinates": [[[302873.23201948724, 2773169.5394828916], [302888.45023226936, 2773169.5984666706], [302888.5216765057, 2773151.1679666475], [302873.3034431642, 2773151.108983155], [302873.23201948724, 2773169.5394828916]]]}, "properties": {"height": 17.5, "color": "rgb(0,0,255)"}}, {"geometry": {"type": "Polygon", "coordinates": [[[302970.28905267606, 2773163.4233347643], [302986.5142760333, 2773163.48633744], [302986.56660972006, 2773150.0107562784], [302970.341370336, 2773149.9477538266], [302970.28905267606, 2773163.4233347643]]]}, "properties": {"height": 21, "color": "rgb(0,0,255)"}}, {"geometry": {"type": "Polygon", "coordinates": [[[302905.03109163995, 2773192.137240383], [302917.4110136944, 2773192.1852513314], [302917.4573472763, 2773180.239222446], [302905.07741438114, 2773180.1912116483], [302905.03109163995, 2773192.137240383]]]}, "properties": {"height": 28, "color": "rgb(0,0,255)"}}, {"geometry": {"type": "Polygon", "coordinates": [[[302942.53201204183, 2773165.2366713514], [302954.4263221906, 2773165.282831005], [302954.48648369004, 2773149.7822590363], [302942.5921600269, 2773149.7360995715], [302942.53201204183, 2773165.2366713514]]]}, "properties": {"height": 17.5, "color": "rgb(0,0,255)"}}, {"geometry": {"type": "Polygon", "coordinates": [[[302959.9079372346, 2773162.5724474187], [302970.7406833305, 2773162.6145006623], [302970.78802917135, 2773150.4196252446], [302959.9552733922, 2773150.377572135], [302959.9079372346, 2773162.5724474187]]]}, "properties": {"height": 21, "color": "rgb(0,0,255)"}}, {"geometry": {"type": "Polygon", "coordinates": [[[302986.9486591976, 2773166.33557268], [302994.86195564945, 2773166.3663073634], [302994.9288127613, 2773149.1537605855], [302987.0155063253, 2773149.123026042], [302986.9486591976, 2773166.33557268]]]}, "properties": {"height": 17.5, "color": "rgb(0,0,255)"}}, {"geometry": {"type": "Polygon", "coordinates": [[[302920.91527032014, 2773147.606427441], [302930.5087308104, 2773147.6436416386], [302930.55362731783, 2773136.0707822745], [302920.9601586895, 2773136.0335681895], [302920.91527032014, 2773147.606427441]]]}, "properties": {"height": 17.5, "color": "rgb(0,0,255)"}}, {"geometry": {"type": "Polygon", "coordinates": [[[302936.36199025926, 2773186.2473869207], [302949.5435188031, 2773186.2985371365], [302949.58097463887, 2773176.6472677453], [302936.3994367698, 2773176.59611766], [302936.36199025926, 2773186.2473869207]]]}, "properties": {"height": 14, "color": "rgb(0,0,255)"}}, {"geometry": {"type": "Polygon", "coordinates": [[[303187.3280708947, 2772967.429475539], [303207.5727773878, 2772967.508404569], [303207.62021382694, 2772955.343602214], [303187.37548928324, 2772955.2646734365], [303187.3280708947, 2772967.429475539]]]}, "properties": {"height": 35, "color": "rgb(0,0,255)"}}, {"geometry": {"type": "Polygon", "coordinates": [[[303101.1076341855, 2772989.8799964255], [303149.8021048869, 2772990.0695887757], [303149.8489688027, 2772978.038656121], [303101.1544551619, 2772977.8490643725], [303101.1076341855, 2772989.8799964255]]]}, "properties": {"height": 10.5, "color": "rgb(0,0,255)"}}, {"geometry": {"type": "Polygon", "coordinates": [[[303191.76078065764, 2772936.904260773], [303205.8185173898, 2772936.959069054], [303205.8553643551, 2772927.509450824], [303191.7976178865, 2772927.45464268], [303191.76078065764, 2772936.904260773]]]}, "properties": {"height": 42, "color": "rgb(0,0,255)"}}, {"geometry": {"type": "Polygon", "coordinates": [[[303189.3890080396, 2772993.2165326783], [303202.977791285, 2772993.269511232], [303203.01281258144, 2772984.2878250275], [303189.42402039026, 2772984.2348465985], [303189.3890080396, 2772993.2165326783]]]}, "properties": {"height": 42, "color": "rgb(0,0,255)"}}, {"geometry": {"type": "Polygon", "coordinates": [[[303186.8149376475, 2772984.031362542], [303209.03364315757, 2772984.11798906], [303209.0787158268, 2772972.559759195], [303186.85999149375, 2772972.473132941], [303186.8149376475, 2772984.031362542]]]}, "properties": {"height": 17.5, "color": "rgb(0,0,255)"}}, {"geometry": {"type": "Polygon", "coordinates": [[[303162.8158836614, 2772952.0111209676], [303176.6781480573, 2772952.065137972], [303176.7227106958, 2772940.6305952175], [303162.8604346821, 2772940.576578376], [303162.8158836614, 2772952.0111209676]]]}, "properties": {"height": 14, "color": "rgb(0,0,255)"}}, {"geometry": {"type": "Polygon", "coordinates": [[[303186.3419477992, 2772913.816956928], [303193.02283890377, 2772913.8429996697], [303193.0833245828, 2772898.327201779], [303186.4024258807, 2772898.301159144], [303186.3419477992, 2772913.816956928]]]}, "properties": {"height": 17.5, "color": "rgb(0,0,255)"}}, {"geometry": {"type": "Polygon", "coordinates": [[[303121.45743928733, 2773023.8073674366], [303164.04118251253, 2773023.9732238953], [303164.0741782183, 2773015.5049379417], [303121.49040856154, 2773015.339081853], [303121.45743928733, 2773023.8073674366]]]}, "properties": {"height": 3.5, "color": "rgb(0,0,255)"}}, {"geometry": {"type": "Polygon", "coordinates": [[[303152.51494706597, 2772997.626974695], [303162.77164497203, 2772997.6669335593], [303162.8271307217, 2772983.4261124926], [303152.5704221098, 2772983.3861537785], [303152.51494706597, 2772997.626974695]]]}, "properties": {"height": 7, "color": "rgb(0,0,255)"}}, {"geometry": {"type": "Polygon", "coordinates": [[[303184.476407102, 2773115.6092293607], [303207.590281978, 2773115.6993476357], [303207.6775681824, 2773093.3166313623], [303184.56365538493, 2773093.226513619], [303184.476407102, 2773115.6092293607]]]}, "properties": {"height": 17.5, "color": "rgb(0,0,255)"}}, {"geometry": {"type": "Polygon", "coordinates": [[[303127.6690501602, 2773094.186965845], [303144.6814787279, 2773094.2532200846], [303144.74665106053, 2773077.5212294846], [303127.73420162825, 2773077.454975538], [303127.6690501602, 2773094.186965845]]]}, "properties": {"height": 28, "color": "rgb(0,0,255)"}}, {"geometry": {"type": "Polygon", "coordinates": [[[303089.42783225613, 2773036.189996658], [303119.2478725968, 2773036.3060573013], [303119.2815139873, 2773027.6648206864], [303089.4614547593, 2773027.548760307], [303089.42783225613, 2773036.189996658]]]}, "properties": {"height": 28, "color": "rgb(0,0,255)"}}, {"geometry": {"type": "Polygon", "coordinates": [[[303145.05551190744, 2773111.5665460946], [303166.79168476816, 2773111.651228836], [303166.8422650773, 2773098.671015971], [303145.10607153585, 2773098.5863335202], [303145.05551190744, 2773111.5665460946]]]}, "properties": {"height": 24.5, "color": "rgb(0,0,255)"}}, {"geometry": {"type": "Polygon", "coordinates": [[[303130.95570304093, 2773053.4290717673], [303150.9576142831, 2773053.5069741374], [303150.99025667744, 2773045.127404418], [303130.98833315005, 2773045.0495022195], [303130.95570304093, 2773053.4290717673]]]}, "properties": {"height": 38.5, "color": "rgb(0,0,255)"}}, {"geometry": {"type": "Polygon", "coordinates": [[[303185.4984820205, 2773093.9875378497], [303207.2403328437, 2773094.072306548], [303207.31366413087, 2773075.2677569413], [303185.5717833397, 2773075.1829886627], [303185.4984820205, 2773093.9875378497]]]}, "properties": {"height": 14, "color": "rgb(0,0,255)"}}, {"geometry": {"type": "Polygon", "coordinates": [[[303180.8094733373, 2773054.051374416], [303192.63045150094, 2773054.0974537847], [303192.67430967314, 2773042.8475194676], [303180.85332176206, 2773042.8014402357], [303180.8094733373, 2773054.051374416]]]}, "properties": {"height": 42, "color": "rgb(0,0,255)"}}, {"geometry": {"type": "Polygon", "coordinates": [[[303117.84226929134, 2773061.5366371037], [303161.3793528677, 2773061.7061992716], [303161.39729239047, 2773057.1018981817], [303117.8601941209, 2773056.9323362187], [303117.84226929134, 2773061.5366371037]]]}, "properties": {"height": 28, "color": "rgb(0,0,255)"}}, {"geometry": {"type": "Polygon", "coordinates": [[[303090.90216169704, 2773083.827948721], [303127.18566275795, 2773083.9691806557], [303127.2033670435, 2773079.422371925], [303090.91985389026, 2773079.28114016], [303090.90216169704, 2773083.827948721]]]}, "properties": {"height": 31.5, "color": "rgb(0,0,255)"}}, {"geometry": {"type": "Polygon", "coordinates": [[[303052.8008551207, 2773056.01402275], [303061.3495835633, 2773056.04726536], [303061.4032665267, 2773042.243139646], [303052.85452943447, 2773042.209897157], [303052.8008551207, 2773056.01402275]]]}, "properties": {"height": 42, "color": "rgb(0,0,255)"}}, {"geometry": {"type": "Polygon", "coordinates": [[[303090.834502693, 2773080.1016091835], [303127.1657757953, 2773080.2430267353], [303127.1820611388, 2773076.0606225445], [303090.8507768986, 2773075.919205148], [303090.834502693, 2773080.1016091835]]]}, "properties": {"height": 28, "color": "rgb(0,0,255)"}}, {"geometry": {"type": "Polygon", "coordinates": [[[303054.8282860023, 2773112.645704454], [303063.6767736494, 2773112.6801149203], [303063.7208688781, 2773101.342160476], [303054.8723738773, 2773101.307750113], [303054.8282860023, 2773112.645704454]]]}, "properties": {"height": 38.5, "color": "rgb(0,0,255)"}}, {"geometry": {"type": "Polygon", "coordinates": [[[303089.88865638233, 2773114.498865965], [303099.81554415496, 2773114.5374960992], [303099.8730813818, 2773099.7533483175], [303089.9461828517, 2773099.714718333], [303089.88865638233, 2773114.498865965]]]}, "properties": {"height": 24.5, "color": "rgb(0,0,255)"}}, {"geometry": {"type": "Polygon", "coordinates": [[[303074.591954742, 2773112.24337078], [303085.61343776865, 2773112.2862485396], [303085.6460838892, 2773103.895609294], [303074.624594084, 2773103.852731629], [303074.591954742, 2773112.24337078]]]}, "properties": {"height": 35, "color": "rgb(0,0,255)"}}, {"geometry": {"type": "Polygon", "coordinates": [[[303136.5977368721, 2773116.6315884185], [303145.85399629566, 2773116.667640318], [303145.9236404124, 2773098.7881435575], [303136.667368858, 2773098.7520918283], [303136.5977368721, 2773116.6315884185]]]}, "properties": {"height": 17.5, "color": "rgb(0,0,255)"}}, {"geometry": {"type": "Polygon", "coordinates": [[[303128.3235672579, 2773116.8960652887], [303137.13883620454, 2773116.930394104], [303137.2086283807, 2773099.0099498164], [303128.3933478546, 2773098.9756211634], [303128.3235672579, 2773116.8960652887]]]}, "properties": {"height": 14, "color": "rgb(0,0,255)"}}, {"geometry": {"type": "Polygon", "coordinates": [[[303177.0585133101, 2773110.180497719], [303184.9350045507, 2773110.2111984813], [303184.98577042174, 2773097.187801909], [303177.1092716622, 2773097.1571012517], [303177.0585133101, 2773110.180497719]]]}, "properties": {"height": 21, "color": "rgb(0,0,255)"}}, {"geometry": {"type": "Polygon", "coordinates": [[[303150.11824557045, 2773152.3841752033], [303164.4003960571, 2773152.4398198775], [303164.471366414, 2773134.2264639977], [303150.1891968599, 2773134.17081959], [303150.11824557045, 2773152.3841752033]]]}, "properties": {"height": 31.5, "color": "rgb(0,0,255)"}}, {"geometry": {"type": "Polygon", "coordinates": [[[303164.11311737855, 2773162.423420276], [303175.1933703597, 2773162.4666002835], [303175.2588774215, 2773145.658792903], [303164.1786107891, 2773145.615613087], [303164.11311737855, 2773162.423420276]]]}, "properties": {"height": 14, "color": "rgb(0,0,255)"}}, {"geometry": {"type": "Polygon", "coordinates": [[[302465.13525251823, 2773055.7134225834], [302504.59800904343, 2773055.865222656], [302504.79314316285, 2773005.1557475133], [302465.33023996034, 2773005.00394947], [302465.13525251823, 2773055.7134225834]]]}, "properties": {"height": 35, "color": "rgb(0,0,255)"}}, {"geometry": {"type": "Polygon", "coordinates": [[[302418.38810433936, 2773064.283449861], [302462.0102489241, 2773064.4511075034], [302462.11667275557, 2773036.7725168676], [302418.49443967146, 2773036.604860449], [302418.38810433936, 2773064.283449861]]]}, "properties": {"height": 45.5, "color": "rgb(0,0,255)"}}, {"geometry": {"type": "Polygon", "coordinates": [[[302512.4237713289, 2773103.1237470694], [302598.68440990965, 2773103.4560163463], [302598.8329833326, 2773064.9161544503], [302512.5721010725, 2773064.583888549], [302512.4237713289, 2773103.1237470694]]]}, "properties": {"height": 14, "color": "rgb(0,0,255)"}}, {"geometry": {"type": "Polygon", "coordinates": [[[302533.0957535643, 2772985.893456225], [302550.3369857289, 2772985.9598474302], [302550.53094616154, 2772935.597806178], [302533.2896503547, 2772935.531415854], [302533.0957535643, 2772985.893456225]]]}, "properties": {"height": 38.5, "color": "rgb(0,0,255)"}}, {"geometry": {"type": "Polygon", "coordinates": [[[302450.50570512505, 2772951.9897621116], [302478.5700971997, 2772952.097670071], [302478.6890646781, 2772921.165062391], [302450.6246089764, 2772921.0571553116], [302450.50570512505, 2772951.9897621116]]]}, "properties": {"height": 28, "color": "rgb(0,0,255)"}}, {"geometry": {"type": "Polygon", "coordinates": [[[302642.344898376, 2773262.773283048], [302664.673322185, 2773262.859456337], [302664.9385847511, 2773194.1408545547], [302642.61004846747, 2773194.054682827], [302642.344898376, 2773262.773283048]]]}, "properties": {"height": 21, "color": "rgb(0,0,255)"}}, {"geometry": {"type": "Polygon", "coordinates": [[[302404.720522078, 2773125.7979995795], [302429.5225030664, 2773125.8932841336], [302429.69448874483, 2773081.1367257917], [302404.8924263906, 2773081.041442361], [302404.720522078, 2773125.7979995795]]]}, "properties": {"height": 28, "color": "rgb(0,0,255)"}}, {"geometry": {"type": "Polygon", "coordinates": [[[302622.7381311683, 2773127.042785626], [302668.0559105457, 2773127.2176462957], [302668.1234572087, 2773109.719390117], [302622.80561970593, 2773109.5445302534], [302622.7381311683, 2773127.042785626]]]}, "properties": {"height": 38.5, "color": "rgb(0,0,255)"}}, {"geometry": {"type": "Polygon", "coordinates": [[[302630.4880285859, 2773114.3802149664], [302667.8373842269, 2773114.524338677], [302667.9055497954, 2773096.865586635], [302630.55614581046, 2773096.7214635955], [302630.4880285859, 2773114.3802149664]]]}, "properties": {"height": 38.5, "color": "rgb(0,0,255)"}}, {"geometry": {"type": "Polygon", "coordinates": [[[302611.48872063134, 2773154.4232512093], [302649.49226498295, 2773154.569849705], [302649.5521281138, 2773139.056757456], [302611.5485405478, 2773138.9101595604], [302611.48872063134, 2773154.4232512093]]]}, "properties": {"height": 38.5, "color": "rgb(0,0,255)"}}, {"geometry": {"type": "Polygon", "coordinates": [[[302607.6334894135, 2773140.794459875], [302668.79776835564, 2773141.030434112], [302668.8608584304, 2773124.687002416], [302607.696506215, 2773124.451029195], [302607.6334894135, 2773140.794459875]]]}, "properties": {"height": 24.5, "color": "rgb(0,0,255)"}}, {"geometry": {"type": "Polygon", "coordinates": [[[302721.45710013265, 2772959.153136465], [302754.1040605741, 2772959.2793185697], [302754.18782377953, 2772937.6139814174], [302721.5408114963, 2772937.4878000338], [302721.45710013265, 2772959.153136465]]]}, "properties": {"height": 38.5, "color": "rgb(0,0,255)"}}, {"geometry": {"type": "Polygon", "coordinates": [[[302848.70242073847, 2772936.2557973797], [302901.5929852283, 2772936.4607525305], [302901.6697591332, 2772916.6583775613], [302848.7791178784, 2772916.4534234805], [302848.70242073847, 2772936.2557973797]]]}, "properties": {"height": 24.5, "color": "rgb(0,0,255)"}}, {"geometry": {"type": "Polygon", "coordinates": [[[302666.56291367393, 2772910.2968482086], [302692.5632285376, 2772910.3972277604], [302692.6334810904, 2772892.2048430573], [302666.63313155854, 2772892.1044639866], [302666.56291367393, 2772910.2968482086]]]}, "properties": {"height": 52.5, "color": "rgb(0,0,255)"}}, {"geometry": {"type": "Polygon", "coordinates": [[[303811.6394390661, 2772646.3874325766], [303849.4148947792, 2772646.5364425634], [303849.7074363415, 2772572.3994484656], [303811.93177539035, 2772572.250441391], [303811.6394390661, 2772646.3874325766]]]}, "properties": {"height": 35, "color": "rgb(0,0,255)"}}, {"geometry": {"type": "Polygon", "coordinates": [[[303528.38086040574, 2772400.8265873864], [303569.8847568554, 2772400.9894324886], [303570.2150541347, 2772316.838865343], [303528.71090175916, 2772316.676023855], [303528.38086040574, 2772400.8265873864]]]}, "properties": {"height": 21, "color": "rgb(0,0,255)"}}, {"geometry": {"type": "Polygon", "coordinates": [[[303448.4203407223, 2772597.5782814235], [303488.4911982438, 2772597.7352796523], [303488.58391267183, 2772574.080428174], [303448.5129856868, 2772573.923430925], [303448.4203407223, 2772597.5782814235]]]}, "properties": {"height": 31.5, "color": "rgb(0,0,255)"}}, {"geometry": {"type": "Polygon", "coordinates": [[[303451.5759744182, 2772597.989815476], [303485.13647571974, 2772598.121305807], [303485.21637271746, 2772577.735386897], [303451.65582127793, 2772577.6038972726], [303451.5759744182, 2772597.989815476]]]}, "properties": {"height": 35, "color": "rgb(0,0,255)"}}, {"geometry": {"type": "Polygon", "coordinates": [[[303529.1034592275, 2772542.2564430814], [303607.6171539527, 2772542.5646286947], [303607.6848011732, 2772525.343321742], [303529.1710073625, 2772525.035137528], [303529.1034592275, 2772542.2564430814]]]}, "properties": {"height": 17.5, "color": "rgb(0,0,255)"}}, {"geometry": {"type": "Polygon", "coordinates": [[[303650.5272464941, 2772557.8176257787], [303693.52430285636, 2772557.9867274994], [303693.64768649195, 2772526.6266862396], [303650.6505313163, 2772526.4575859173], [303650.5272464941, 2772557.8176257787]]]}, "properties": {"height": 14, "color": "rgb(0,0,255)"}}, {"geometry": {"type": "Polygon", "coordinates": [[[303466.0654435881, 2772790.3257581955], [303487.89669719094, 2772790.4113137797], [303487.9928810112, 2772765.8729563574], [303466.16158814693, 2772765.7874013265], [303466.0654435881, 2772790.3257581955]]]}, "properties": {"height": 35, "color": "rgb(0,0,255)"}}, {"geometry": {"type": "Polygon", "coordinates": [[[303705.1633635971, 2772766.416688058], [303752.9707152003, 2772766.604923954], [303753.0286111838, 2772751.907251226], [303705.22120808356, 2772751.7190160593], [303705.1633635971, 2772766.416688058]]]}, "properties": {"height": 24.5, "color": "rgb(0,0,255)"}}, {"geometry": {"type": "Polygon", "coordinates": [[[303815.62429085065, 2772479.976149391], [303839.51160211535, 2772480.070364251], [303839.60793426103, 2772455.651552556], [303815.72058025195, 2772455.5573383025], [303815.62429085065, 2772479.976149391]]]}, "properties": {"height": 52.5, "color": "rgb(0,0,255)"}}, {"geometry": {"type": "Polygon", "coordinates": [[[303810.8942292983, 2772507.452399646], [303839.9063439085, 2772507.5668241214], [303839.99055758526, 2772486.2202781555], [303810.9783975914, 2772486.1058543245], [303810.8942292983, 2772507.452399646]]]}, "properties": {"height": 45.5, "color": "rgb(0,0,255)"}}, {"geometry": {"type": "Polygon", "coordinates": [[[303747.0921159293, 2772469.8307517013], [303770.76015230885, 2772469.9239822864], [303770.8751270184, 2772440.7421418345], [303747.207040026, 2772440.6489119665], [303747.0921159293, 2772469.8307517013]]]}, "properties": {"height": 35, "color": "rgb(0,0,255)"}}, {"geometry": {"type": "Polygon", "coordinates": [[[303914.67990850436, 2772338.1531331986], [303951.60301164276, 2772338.2990401504], [303951.6660672845, 2772322.3476446024], [303914.7429209883, 2772322.2017382635], [303914.67990850436, 2772338.1531331986]]]}, "properties": {"height": 38.5, "color": "rgb(0,0,255)"}}, {"geometry": {"type": "Polygon", "coordinates": [[[303751.6554571965, 2772398.174648163], [303769.71412347176, 2772398.245783156], [303769.849159048, 2772363.9705709447], [303751.7904474164, 2772363.8994365945], [303751.6554571965, 2772398.174648163]]]}, "properties": {"height": 38.5, "color": "rgb(0,0,255)"}}, {"geometry": {"type": "Polygon", "coordinates": [[[303852.77940426, 2772439.2787540387], [303949.14099536155, 2772439.659329331], [303949.2146112797, 2772421.036381762], [303852.852888676, 2772420.6558083384], [303852.77940426, 2772439.2787540387]]]}, "properties": {"height": 10.5, "color": "rgb(0,0,255)"}}, {"geometry": {"type": "Polygon", "coordinates": [[[303905.66906488774, 2772392.303409198], [303953.0225349233, 2772392.4905242343], [303953.0946163032, 2772374.2567357784], [303905.74108299724, 2772374.069621642], [303905.66906488774, 2772392.303409198]]]}, "properties": {"height": 24.5, "color": "rgb(0,0,255)"}}, {"geometry": {"type": "Polygon", "coordinates": [[[303853.5431043014, 2772501.8086090893], [303934.9454739916, 2772502.1300718714], [303935.01324546145, 2772484.98155212], [303853.61077347596, 2772484.6600907915], [303853.5431043014, 2772501.8086090893]]]}, "properties": {"height": 14, "color": "rgb(0,0,255)"}}, {"geometry": {"type": "Polygon", "coordinates": [[[303740.4932593945, 2772465.8048362276], [303761.32566180005, 2772465.886884616], [303761.4084018813, 2772444.882854855], [303740.57596741104, 2772444.8008069214], [303740.4932593945, 2772465.8048362276]]]}, "properties": {"height": 38.5, "color": "rgb(0,0,255)"}}, {"geometry": {"type": "Polygon", "coordinates": [[[303969.75743136875, 2772557.2984209717], [304022.70667795977, 2772557.5079211234], [304022.8137538696, 2772530.4586042], [303969.86440232024, 2772530.249105542], [303969.75743136875, 2772557.2984209717]]]}, "properties": {"height": 24.5, "color": "rgb(0,0,255)"}}, {"geometry": {"type": "Polygon", "coordinates": [[[303740.4609348868, 2772651.348296066], [303773.32906985434, 2772651.477771442], [303773.43170150125, 2772625.431933652], [303740.56350379577, 2772625.3024591655], [303740.4609348868, 2772651.348296066]]]}, "properties": {"height": 35, "color": "rgb(0,0,255)"}}, {"geometry": {"type": "Polygon", "coordinates": [[[303814.5207182339, 2772681.0897557028], [303842.99537405785, 2772681.202075434], [303843.1076509739, 2772652.745664273], [303814.632935767, 2772652.6333453846], [303814.5207182339, 2772681.0897557028]]]}, "properties": {"height": 35, "color": "rgb(0,0,255)"}}, {"geometry": {"type": "Polygon", "coordinates": [[[303857.0630860513, 2772667.567425478], [303957.3427153233, 2772667.9635578343], [303957.4006053292, 2772653.322471687], [303857.1208684584, 2772652.9263408603], [303857.0630860513, 2772667.567425478]]]}, "properties": {"height": 17.5, "color": "rgb(0,0,255)"}}, {"geometry": {"type": "Polygon", "coordinates": [[[303744.9452718899, 2772592.995550043], [303766.85651457385, 2772593.0818599593], [303766.92543835647, 2772575.587897438], [303745.01416758186, 2772575.501587919], [303744.9452718899, 2772592.995550043]]]}, "properties": {"height": 59.5, "color": "rgb(0,0,255)"}}, {"geometry": {"type": "Polygon", "coordinates": [[[303857.7109480426, 2772643.3043583105], [303954.3657609402, 2772643.686159587], [303954.4250915929, 2772628.679738074], [303857.77017239906, 2772628.297938308], [303857.7109480426, 2772643.3043583105]]]}, "properties": {"height": 14, "color": "rgb(0,0,255)"}}, {"geometry": {"type": "Polygon", "coordinates": [[[303857.93967695185, 2772587.5931749693], [303953.67000339186, 2772587.9713141015], [303953.7264727379, 2772573.6880901], [303857.9960460943, 2772573.3099523913], [303857.93967695185, 2772587.5931749693]]]}, "properties": {"height": 14, "color": "rgb(0,0,255)"}}, {"geometry": {"type": "Polygon", "coordinates": [[[303857.5878061684, 2772627.4520576713], [303954.2267529005, 2772627.8337928634], [303954.28166605684, 2772613.9445592295], [303857.64262095874, 2772613.5628254353], [303857.5878061684, 2772627.4520576713]]]}, "properties": {"height": 14, "color": "rgb(0,0,255)"}}, {"geometry": {"type": "Polygon", "coordinates": [[[303857.1986864795, 2772603.0042232303], [303954.0830322966, 2772603.3869220484], [303954.13752195396, 2772589.604629688], [303857.25307828136, 2772589.2219322617], [303857.1986864795, 2772603.0042232303]]]}, "properties": {"height": 14, "color": "rgb(0,0,255)"}}, {"geometry": {"type": "Polygon", "coordinates": [[[303811.37156725803, 2772560.651176646], [303840.2258157288, 2772560.76498182], [303840.3617955625, 2772526.2975921123], [303811.5074742099, 2772526.1837879727], [303811.37156725803, 2772560.651176646]]]}, "properties": {"height": 21, "color": "rgb(0,0,255)"}}, {"geometry": {"type": "Polygon", "coordinates": [[[303872.7796472049, 2772683.314645749], [303957.40178999223, 2772683.648977755], [303957.46052797016, 2772668.793540494], [303872.8382930544, 2772668.459209797], [303872.7796472049, 2772683.314645749]]]}, "properties": {"height": 17.5, "color": "rgb(0,0,255)"}}, {"geometry": {"type": "Polygon", "coordinates": [[[303872.0264608, 2772557.487466708], [303949.0052745842, 2772557.7915593265], [303949.05992448167, 2772543.96717712], [303872.0810327111, 2772543.6630856097], [303872.0264608, 2772557.487466708]]]}, "properties": {"height": 17.5, "color": "rgb(0,0,255)"}}, {"geometry": {"type": "Polygon", "coordinates": [[[303739.4556905037, 2772849.346822703], [303774.90493372735, 2772849.4864777606], [303774.9847976039, 2772829.220899845], [303739.5355017278, 2772829.081245534], [303739.4556905037, 2772849.346822703]]]}, "properties": {"height": 45.5, "color": "rgb(0,0,255)"}}, {"geometry": {"type": "Polygon", "coordinates": [[[303889.8585523359, 2772779.4801923716], [303925.4613570096, 2772779.620840969], [303925.53432017326, 2772761.157494579], [303889.93146732304, 2772761.016846666], [303889.8585523359, 2772779.4801923716]]]}, "properties": {"height": 35, "color": "rgb(0,0,255)"}}, {"geometry": {"type": "Polygon", "coordinates": [[[303817.2086358237, 2772725.991960791], [303839.22924921016, 2772726.0788229527], [303839.34086267144, 2772697.789106284], [303817.32020362996, 2772697.7022447702], [303817.2086358237, 2772725.991960791]]]}, "properties": {"height": 35, "color": "rgb(0,0,255)"}}, {"geometry": {"type": "Polygon", "coordinates": [[[303735.8263672963, 2772835.291141773], [303775.15274888126, 2772835.4460653546], [303775.1889335839, 2772826.2641496], [303735.8625255341, 2772826.1092263944], [303735.8263672963, 2772835.291141773]]]}, "properties": {"height": 52.5, "color": "rgb(0,0,255)"}}, {"geometry": {"type": "Polygon", "coordinates": [[[303752.88892812317, 2772726.2032941813], [303767.71791015763, 2772726.2617145535], [303767.84611599584, 2772693.723231281], [303753.0170985992, 2772693.66481141], [303752.88892812317, 2772726.2032941813]]]}, "properties": {"height": 35, "color": "rgb(0,0,255)"}}, {"geometry": {"type": "Polygon", "coordinates": [[[303906.12749059236, 2772839.3925939873], [303966.5483474678, 2772839.6314189527], [303966.6208972524, 2772821.2871068483], [303906.1999591425, 2772821.0482830387], [303906.12749059236, 2772839.3925939873]]]}, "properties": {"height": 14, "color": "rgb(0,0,255)"}}, {"geometry": {"type": "Polygon", "coordinates": [[[303295.7927290803, 2772408.2084947214], [303335.4609043643, 2772408.3634589766], [303335.5340035319, 2772389.658233385], [303295.8657738753, 2772389.503269894], [303295.7927290803, 2772408.2084947214]]]}, "properties": {"height": 17.5, "color": "rgb(0,0,255)"}}, {"geometry": {"type": "Polygon", "coordinates": [[[303367.30644582363, 2772342.3302558307], [303407.02007482847, 2772342.4856016063], [303407.11189359735, 2772319.0210746466], [303367.39819630934, 2772318.865729833], [303367.30644582363, 2772342.3302558307]]]}, "properties": {"height": 14, "color": "rgb(0,0,255)"}}, {"geometry": {"type": "Polygon", "coordinates": [[[303337.2246755732, 2772456.134508598], [303357.85398963076, 2772456.215147108], [303358.0096654224, 2772416.396882617], [303337.3802911715, 2772416.3162449542], [303337.2246755732, 2772456.134508598]]]}, "properties": {"height": 14, "color": "rgb(0,0,255)"}}, {"geometry": {"type": "Polygon", "coordinates": [[[303257.29803884256, 2772388.7789273416], [303292.8165215113, 2772388.917574085], [303292.8790387675, 2772372.9072155105], [303257.36051442847, 2772372.7685693526], [303257.29803884256, 2772388.7789273416]]]}, "properties": {"height": 17.5, "color": "rgb(0,0,255)"}}, {"geometry": {"type": "Polygon", "coordinates": [[[303257.41191626573, 2772406.7907840135], [303287.9639869074, 2772406.910039895], [303288.02294548077, 2772391.809781196], [303257.4708410327, 2772391.6905257883], [303257.41191626573, 2772406.7907840135]]]}, "properties": {"height": 17.5, "color": "rgb(0,0,255)"}}, {"geometry": {"type": "Polygon", "coordinates": [[[303337.1088265933, 2772362.463189562], [303355.45376304595, 2772362.534894156], [303355.52313605836, 2772344.789468956], [303337.17817575135, 2772344.717764698], [303337.1088265933, 2772362.463189562]]]}, "properties": {"height": 24.5, "color": "rgb(0,0,255)"}}, {"geometry": {"type": "Polygon", "coordinates": [[[303312.92880730727, 2772556.7164376914], [303347.1401447146, 2772556.8501289953], [303347.2126300828, 2772538.3071582424], [303313.00124618644, 2772538.1734675914], [303312.92880730727, 2772556.7164376914]]]}, "properties": {"height": 17.5, "color": "rgb(0,0,255)"}}, {"geometry": {"type": "Polygon", "coordinates": [[[303311.9564288038, 2772481.4694330296], [303358.1317697323, 2772481.649888731], [303358.19862166827, 2772464.551043647], [303312.02322288166, 2772464.3705887585], [303311.9564288038, 2772481.4694330296]]]}, "properties": {"height": 14, "color": "rgb(0,0,255)"}}, {"geometry": {"type": "Polygon", "coordinates": [[[303270.5585929995, 2772555.001014065], [303291.8790537355, 2772555.084253992], [303291.94794303714, 2772537.442933764], [303270.6274547381, 2772537.3596942243], [303270.5585929995, 2772555.001014065]]]}, "properties": {"height": 24.5, "color": "rgb(0,0,255)"}}, {"geometry": {"type": "Polygon", "coordinates": [[[303380.322521521, 2772499.2511233846], [303409.7029431942, 2772499.3660735753], [303409.76996637776, 2772482.240104342], [303380.38950783195, 2772482.1251546703], [303380.322521521, 2772499.2511233846]]]}, "properties": {"height": 17.5, "color": "rgb(0,0,255)"}}, {"geometry": {"type": "Polygon", "coordinates": [[[303314.86539778725, 2772593.1433063876], [303342.54576095776, 2772593.2514748257], [303342.61217925826, 2772576.259356382], [303314.931781619, 2772576.151188428], [303314.86539778725, 2772593.1433063876]]]}, "properties": {"height": 17.5, "color": "rgb(0,0,255)"}}, {"geometry": {"type": "Polygon", "coordinates": [[[303291.747000989, 2772554.619007681], [303312.952540188, 2772554.7018317482], [303313.0109402479, 2772539.7525347034], [303291.8053778177, 2772539.669710963], [303291.747000989, 2772554.619007681]]]}, "properties": {"height": 24.5, "color": "rgb(0,0,255)"}}, {"geometry": {"type": "Polygon", "coordinates": [[[303262.0248649241, 2772596.5209890148], [303277.5556267347, 2772596.5816126666], [303277.6310757127, 2772577.255605827], [303262.1002919061, 2772577.194982484], [303262.0248649241, 2772596.5209890148]]]}, "properties": {"height": 24.5, "color": "rgb(0,0,255)"}}, {"geometry": {"type": "Polygon", "coordinates": [[[303288.60168419837, 2772644.7016706513], [303337.8745349385, 2772644.8941657534], [303337.9407780889, 2772627.9457319025], [303288.6678661484, 2772627.7532376605], [303288.60168419837, 2772644.7016706513]]]}, "properties": {"height": 14, "color": "rgb(0,0,255)"}}, {"geometry": {"type": "Polygon", "coordinates": [[[303373.19611530186, 2772746.0273097456], [303418.07718370436, 2772746.2029256765], [303418.14119570155, 2772729.8506062077], [303373.26007351204, 2772729.674991035], [303373.19611530186, 2772746.0273097456]]]}, "properties": {"height": 17.5, "color": "rgb(0,0,255)"}}, {"geometry": {"type": "Polygon", "coordinates": [[[303333.4950359647, 2772686.7269566115], [303360.6166417618, 2772686.8329820936], [303360.6825776528, 2772669.9706410104], [303333.56093833933, 2772669.8646160006], [303333.4950359647, 2772686.7269566115]]]}, "properties": {"height": 14, "color": "rgb(0,0,255)"}}, {"geometry": {"type": "Polygon", "coordinates": [[[303275.0126109356, 2772798.3152052755], [303324.6824647812, 2772798.5092148464], [303324.75707546755, 2772779.4164053025], [303275.08715211845, 2772779.2223967086], [303275.0126109356, 2772798.3152052755]]]}, "properties": {"height": 14, "color": "rgb(0,0,255)"}}, {"geometry": {"type": "Polygon", "coordinates": [[[303334.45803702937, 2772901.3292588433], [303364.4504582605, 2772901.4465226913], [303364.52053165337, 2772883.52892514], [303334.52807103517, 2772883.4116618456], [303334.45803702937, 2772901.3292588433]]]}, "properties": {"height": 14, "color": "rgb(0,0,255)"}}, {"geometry": {"type": "Polygon", "coordinates": [[[303531.4146688345, 2772478.7941221483], [303551.43425804935, 2772478.8726624125], [303551.6246171475, 2772430.359587494], [303531.6049567623, 2772430.281048234], [303531.4146688345, 2772478.7941221483]]]}, "properties": {"height": 17.5, "color": "rgb(0,0,255)"}}, {"geometry": {"type": "Polygon", "coordinates": [[[303417.50961116364, 2772403.166920949], [303460.8719230281, 2772403.3367086197], [303460.92793643195, 2772389.037133981], [303417.56557913055, 2772388.867346951], [303417.50961116364, 2772403.166920949]]]}, "properties": {"height": 21, "color": "rgb(0,0,255)"}}, {"geometry": {"type": "Polygon", "coordinates": [[[303433.97999234137, 2772435.0807967507], [303466.4758149384, 2772435.20806399], [303466.53734407533, 2772419.502234366], [303434.0414840785, 2772419.374967654], [303433.97999234137, 2772435.0807967507]]]}, "properties": {"height": 24.5, "color": "rgb(0,0,255)"}}, {"geometry": {"type": "Polygon", "coordinates": [[[303406.8655470172, 2772338.5737492535], [303417.2778598555, 2772338.6144975037], [303417.3341732336, 2772324.2262287466], [303406.9218494174, 2772324.18548065], [303406.8655470172, 2772338.5737492535]]]}, "properties": {"height": 59.5, "color": "rgb(0,0,255)"}}, {"geometry": {"type": "Polygon", "coordinates": [[[303504.85590919835, 2772394.8729517395], [303525.9570122193, 2772394.9556918927], [303526.09040043736, 2772360.9443958052], [303504.98924482695, 2772360.8616563943], [303504.85590919835, 2772394.8729517395]]]}, "properties": {"height": 10.5, "color": "rgb(0,0,255)"}}, {"geometry": {"type": "Polygon", "coordinates": [[[303422.8331998428, 2772340.6746094367], [303447.46659835154, 2772340.771053183], [303447.5550314968, 2772318.1888199863], [303422.92159222625, 2772318.092376814], [303422.8331998428, 2772340.6746094367]]]}, "properties": {"height": 14, "color": "rgb(0,0,255)"}}, {"geometry": {"type": "Polygon", "coordinates": [[[303534.80171560385, 2772336.7393908957], [303563.87084016687, 2772336.8534442363], [303563.90946103283, 2772327.0126805385], [303534.84031550825, 2772326.8986274935], [303534.80171560385, 2772336.7393908957]]]}, "properties": {"height": 24.5, "color": "rgb(0,0,255)"}}, {"geometry": {"type": "Polygon", "coordinates": [[[303575.7041575955, 2772485.8136581075], [303616.6574524839, 2772485.974489642], [303616.7423729515, 2772464.358968883], [303575.78901319334, 2772464.198138266], [303575.7041575955, 2772485.8136581075]]]}, "properties": {"height": 17.5, "color": "rgb(0,0,255)"}}, {"geometry": {"type": "Polygon", "coordinates": [[[303554.35590970377, 2772591.504565141], [303600.2151607665, 2772591.6846076343], [303600.28908816073, 2772572.862299352], [303554.4297738413, 2772572.6822577524], [303554.35590970377, 2772591.504565141]]]}, "properties": {"height": 17.5, "color": "rgb(0,0,255)"}}, {"geometry": {"type": "Polygon", "coordinates": [[[303507.46253766766, 2772566.0325020235], [303527.1412861926, 2772566.109673093], [303527.3079993457, 2772523.6050573303], [303507.6291895245, 2772523.527887126], [303507.46253766766, 2772566.0325020235]]]}, "properties": {"height": 17.5, "color": "rgb(0,0,255)"}}, {"geometry": {"type": "Polygon", "coordinates": [[[303425.4954874744, 2772554.896827631], [303465.8899336962, 2772555.0550235403], [303465.96993993374, 2772534.633522704], [303425.5754332601, 2772534.4753276464], [303425.4954874744, 2772554.896827631]]]}, "properties": {"height": 17.5, "color": "rgb(0,0,255)"}}, {"geometry": {"type": "Polygon", "coordinates": [[[303390.52785981563, 2772531.8254873473], [303440.35811734083, 2772532.0205242313], [303440.43254199286, 2772513.0144661055], [303390.60221506417, 2772512.819430199], [303390.52785981563, 2772531.8254873473]]]}, "properties": {"height": 14, "color": "rgb(0,0,255)"}}, {"geometry": {"type": "Polygon", "coordinates": [[[303509.92517433164, 2772596.4216938294], [303547.97696860024, 2772596.5709499395], [303548.0667512434, 2772573.6895421273], [303510.01489316806, 2772573.5402869177], [303509.92517433164, 2772596.4216938294]]]}, "properties": {"height": 14, "color": "rgb(0,0,255)"}}, {"geometry": {"type": "Polygon", "coordinates": [[[303554.18538571784, 2772612.036921228], [303595.60553257354, 2772612.1995300017], [303595.6775483442, 2772593.862510175], [303554.2573458274, 2772593.6999021866], [303554.18538571784, 2772612.036921228]]]}, "properties": {"height": 14, "color": "rgb(0,0,255)"}}, {"geometry": {"type": "Polygon", "coordinates": [[[303450.4920776307, 2772617.860779034], [303467.1870107163, 2772617.926178815], [303467.2798597468, 2772594.2277428294], [303450.5848976667, 2772594.1623434573], [303450.4920776307, 2772617.860779034]]]}, "properties": {"height": 24.5, "color": "rgb(0,0,255)"}}, {"geometry": {"type": "Polygon", "coordinates": [[[303561.7931159636, 2772492.644249904], [303578.3240602687, 2772492.7091386705], [303578.44799552485, 2772461.1403207774], [303561.91701297736, 2772461.0754325516], [303561.7931159636, 2772492.644249904]]]}, "properties": {"height": 17.5, "color": "rgb(0,0,255)"}}, {"geometry": {"type": "Polygon", "coordinates": [[[303560.11142353585, 2772514.403996185], [303585.80181966757, 2772514.50484482], [303585.8802037153, 2772494.5418451903], [303560.18977000064, 2772494.4409970855], [303560.11142353585, 2772514.403996185]]]}, "properties": {"height": 17.5, "color": "rgb(0,0,255)"}}, {"geometry": {"type": "Polygon", "coordinates": [[[303529.21967595874, 2772562.652682454], [303558.1144927918, 2772562.7660503997], [303558.18118578533, 2772545.77211547], [303529.2863329677, 2772545.658748032], [303529.21967595874, 2772562.652682454]]]}, "properties": {"height": 17.5, "color": "rgb(0,0,255)"}}, {"geometry": {"type": "Polygon", "coordinates": [[[303506.46316091734, 2772503.149915649], [303527.5592203664, 2772503.232642181], [303527.6613654897, 2772477.1896744203], [303506.56526577973, 2772477.1069484563], [303506.46316091734, 2772503.149915649]]]}, "properties": {"height": 14, "color": "rgb(0,0,255)"}}, {"geometry": {"type": "Polygon", "coordinates": [[[303529.50124774745, 2772516.4161001835], [303554.1682338457, 2772516.5128752147], [303554.2428596033, 2772497.4958368912], [303529.5758391293, 2772497.3990623457], [303529.50124774745, 2772516.4161001835]]]}, "properties": {"height": 17.5, "color": "rgb(0,0,255)"}}, {"geometry": {"type": "Polygon", "coordinates": [[[303473.60882770806, 2772539.2750212993], [303487.7215839403, 2772539.3303265944], [303487.8064850678, 2772517.6681112354], [303473.69370643224, 2772517.6128062564], [303473.60882770806, 2772539.2750212993]]]}, "properties": {"height": 24.5, "color": "rgb(0,0,255)"}}, {"geometry": {"type": "Polygon", "coordinates": [[[303409.3789259513, 2772499.5472018477], [303433.260538034, 2772499.6406841227], [303433.3296240783, 2772481.99538935], [303409.4479811152, 2772481.90190751], [303409.3789259513, 2772499.5472018477]]]}, "properties": {"height": 17.5, "color": "rgb(0,0,255)"}}, {"geometry": {"type": "Polygon", "coordinates": [[[303509.3711777318, 2772746.0976696247], [303527.63528749155, 2772746.1693000244], [303527.84433796484, 2772692.8748377417], [303509.5801568684, 2772692.803208349], [303509.3711777318, 2772746.0976696247]]]}, "properties": {"height": 17.5, "color": "rgb(0,0,255)"}}, {"geometry": {"type": "Polygon", "coordinates": [[[303389.0018643658, 2772660.1239047255], [303443.59254697326, 2772660.337588697], [303443.6623845737, 2772642.5049620112], [303389.071630623, 2772642.2912790445], [303389.0018643658, 2772660.1239047255]]]}, "properties": {"height": 17.5, "color": "rgb(0,0,255)"}}, {"geometry": {"type": "Polygon", "coordinates": [[[303508.3978453298, 2772640.925025309], [303527.8983706013, 2772641.001501026], [303528.07397321344, 2772596.2324508256], [303508.57338396285, 2772596.1559760114], [303508.3978453298, 2772640.925025309]]]}, "properties": {"height": 17.5, "color": "rgb(0,0,255)"}}, {"geometry": {"type": "Polygon", "coordinates": [[[303508.7446757376, 2772657.8172796695], [303540.18811978423, 2772657.9406076553], [303540.2566202986, 2772640.4809377287], [303508.8131360187, 2772640.3576103114], [303508.7446757376, 2772657.8172796695]]]}, "properties": {"height": 24.5, "color": "rgb(0,0,255)"}}, {"geometry": {"type": "Polygon", "coordinates": [[[303397.0425030547, 2772702.9300715304], [303443.92522328394, 2772703.1136018774], [303443.9868452201, 2772687.3791771084], [303397.104070929, 2772687.1956475233], [303397.0425030547, 2772702.9300715304]]]}, "properties": {"height": 17.5, "color": "rgb(0,0,255)"}}, {"geometry": {"type": "Polygon", "coordinates": [[[303554.6464830052, 2772636.0928306975], [303615.3551856599, 2772636.331210521], [303615.41124642396, 2772622.0621441146], [303554.70248028554, 2772621.8237651885], [303554.6464830052, 2772636.0928306975]]]}, "properties": {"height": 14, "color": "rgb(0,0,255)"}}, {"geometry": {"type": "Polygon", "coordinates": [[[303509.32504766405, 2772693.2119705384], [303525.2743003874, 2772693.2745194873], [303525.3830619374, 2772665.5455949265], [303509.4337768026, 2772665.4830464344], [303509.32504766405, 2772693.2119705384]]]}, "properties": {"height": 24.5, "color": "rgb(0,0,255)"}}, {"geometry": {"type": "Polygon", "coordinates": [[[303458.8168252094, 2772683.0732473177], [303489.30651598005, 2772683.1927231024], [303489.37195259496, 2772666.4983016774], [303458.88222452096, 2772666.378826418], [303458.8168252094, 2772683.0732473177]]]}, "properties": {"height": 21, "color": "rgb(0,0,255)"}}, {"geometry": {"type": "Polygon", "coordinates": [[[303417.8776875979, 2772746.5199797354], [303442.125702294, 2772746.614921302], [303442.1929780922, 2772729.4365744307], [303417.9449328685, 2772729.341633294], [303417.8776875979, 2772746.5199797354]]]}, "properties": {"height": 21, "color": "rgb(0,0,255)"}}, {"geometry": {"type": "Polygon", "coordinates": [[[303531.34441457025, 2772633.2012550835], [303545.4847597686, 2772633.256730465], [303545.62178082566, 2772598.3352838485], [303531.4813994393, 2772598.2798089767], [303531.34441457025, 2772633.2012550835]]]}, "properties": {"height": 17.5, "color": "rgb(0,0,255)"}}, {"geometry": {"type": "Polygon", "coordinates": [[[303562.0451404902, 2772681.2647487167], [303590.45075368776, 2772681.376270525], [303590.5163349449, 2772664.6765114777], [303562.11068698275, 2772664.5649901605], [303562.0451404902, 2772681.2647487167]]]}, "properties": {"height": 17.5, "color": "rgb(0,0,255)"}}, {"geometry": {"type": "Polygon", "coordinates": [[[303470.14969198086, 2772624.6778372535], [303486.45324616856, 2772624.7417272977], [303486.5227816117, 2772607.0002233875], [303470.2192062265, 2772606.9363336423], [303470.14969198086, 2772624.6778372535]]]}, "properties": {"height": 24.5, "color": "rgb(0,0,255)"}}, {"geometry": {"type": "Polygon", "coordinates": [[[303388.7494618457, 2772897.634147103], [303438.46199462295, 2772897.8287457176], [303438.5162699559, 2772883.969882945], [303388.80368668283, 2772883.7752850414], [303388.7494618457, 2772897.634147103]]]}, "properties": {"height": 17.5, "color": "rgb(0,0,255)"}}, {"geometry": {"type": "Polygon", "coordinates": [[[303417.5542168956, 2772787.783675942], [303439.3037356903, 2772787.868833741], [303439.3684514294, 2772771.343586757], [303417.6189062933, 2772771.258429329], [303417.5542168956, 2772787.783675942]]]}, "properties": {"height": 35, "color": "rgb(0,0,255)"}}, {"geometry": {"type": "Polygon", "coordinates": [[[303562.42020139704, 2772849.53779476], [303602.565951219, 2772849.6954381675], [303602.6425911352, 2772830.1854259656], [303562.49678390817, 2772830.027783369], [303562.42020139704, 2772849.53779476]]]}, "properties": {"height": 17.5, "color": "rgb(0,0,255)"}}, {"geometry": {"type": "Polygon", "coordinates": [[[303510.8636384151, 2772792.480690908], [303538.9526266608, 2772792.5908689885], [303539.0248801756, 2772774.175209489], [303510.9358540188, 2772774.065031944], [303510.8636384151, 2772792.480690908]]]}, "properties": {"height": 21, "color": "rgb(0,0,255)"}}, {"geometry": {"type": "Polygon", "coordinates": [[[303439.5105427295, 2772794.5198354856], [303466.32214798144, 2772794.6248617186], [303466.3947301782, 2772776.1003152346], [303439.5830885252, 2772775.9952895152], [303439.5105427295, 2772794.5198354856]]]}, "properties": {"height": 21, "color": "rgb(0,0,255)"}}, {"geometry": {"type": "Polygon", "coordinates": [[[303403.9975616061, 2772869.8588732798], [303443.8947997286, 2772870.015078591], [303443.9516894051, 2772855.489968981], [303404.05440880905, 2772855.3337642676], [303403.9975616061, 2772869.8588732798]]]}, "properties": {"height": 17.5, "color": "rgb(0,0,255)"}}, {"geometry": {"type": "Polygon", "coordinates": [[[303399.7943073528, 2772852.1584814806], [303421.1217824816, 2772852.241960933], [303421.1888285275, 2772835.1162910126], [303399.8613266292, 2772835.0328119365], [303399.7943073528, 2772852.1584814806]]]}, "properties": {"height": 24.5, "color": "rgb(0,0,255)"}}, {"geometry": {"type": "Polygon", "coordinates": [[[303468.3436257176, 2772853.984930608], [303483.8787578848, 2772854.0458126087], [303483.9226769726, 2772842.84067777], [303468.3875320473, 2772842.7797959484], [303468.3436257176, 2772853.984930608]]]}, "properties": {"height": 45.5, "color": "rgb(0,0,255)"}}, {"geometry": {"type": "Polygon", "coordinates": [[[303565.1208968794, 2772791.1449719192], [303594.2687622167, 2772791.259420367], [303594.3496306668, 2772770.6692776964], [303565.201721344, 2772770.5548298704], [303565.1208968794, 2772791.1449719192]]]}, "properties": {"height": 14, "color": "rgb(0,0,255)"}}, {"geometry": {"type": "Polygon", "coordinates": [[[303510.5589308674, 2772771.682101738], [303529.84547028993, 2772771.757745222], [303529.9157756417, 2772753.835424825], [303510.6292108861, 2772753.7597816987], [303510.5589308674, 2772771.682101738]]]}, "properties": {"height": 21, "color": "rgb(0,0,255)"}}, {"geometry": {"type": "Polygon", "coordinates": [[[303701.03832299245, 2772407.1551623624], [303724.10148423037, 2772407.24592962], [303724.2617045432, 2772366.543817941], [303701.19847451785, 2772366.4530516574], [303701.03832299245, 2772407.1551623624]]]}, "properties": {"height": 17.5, "color": "rgb(0,0,255)"}}, {"geometry": {"type": "Polygon", "coordinates": [[[303601.8031173942, 2772339.7807351532], [303633.73127685, 2772339.906166213], [303633.8255293123, 2772315.9214844103], [303601.89731374267, 2772315.7960541435], [303601.8031173942, 2772339.7807351532]]]}, "properties": {"height": 14, "color": "rgb(0,0,255)"}}, {"geometry": {"type": "Polygon", "coordinates": [[[303643.6706209373, 2772342.0129298903], [303660.65460810484, 2772342.079695028], [303660.74565270334, 2772318.9229747825], [303643.7616367168, 2772318.8562100534], [303643.6706209373, 2772342.0129298903]]]}, "properties": {"height": 28, "color": "rgb(0,0,255)"}}, {"geometry": {"type": "Polygon", "coordinates": [[[303661.82939368894, 2772383.973247548], [303690.30493005435, 2772384.085238499], [303690.36392661405, 2772369.0883357055], [303661.8883589559, 2772368.976345197], [303661.82939368894, 2772383.973247548]]]}, "properties": {"height": 21, "color": "rgb(0,0,255)"}}, {"geometry": {"type": "Polygon", "coordinates": [[[303661.83105009916, 2772403.4109450304], [303689.7648324034, 2772403.5208056513], [303689.8366077143, 2772385.275501176], [303661.90278806316, 2772385.165641083], [303661.83105009916, 2772403.4109450304]]]}, "properties": {"height": 17.5, "color": "rgb(0,0,255)"}}, {"geometry": {"type": "Polygon", "coordinates": [[[303643.9681470968, 2772453.277866304], [303665.1731725922, 2772453.3612321597], [303665.25008505106, 2772433.8015000876], [303644.04502916196, 2772433.7181346617], [303643.9681470968, 2772453.277866304]]]}, "properties": {"height": 17.5, "color": "rgb(0,0,255)"}}, {"geometry": {"type": "Polygon", "coordinates": [[[303659.25167298113, 2772433.53465904], [303680.17794615595, 2772433.616951556], [303680.25814799406, 2772413.2262250367], [303659.33184355096, 2772413.1439329633], [303659.25167298113, 2772433.53465904]]]}, "properties": {"height": 17.5, "color": "rgb(0,0,255)"}}, {"geometry": {"type": "Polygon", "coordinates": [[[303742.4053388615, 2772514.420826074], [303771.7221182905, 2772514.5363056934], [303771.80830388155, 2772492.6622774038], [303742.49147745897, 2772492.5467984504], [303742.4053388615, 2772514.420826074]]]}, "properties": {"height": 21, "color": "rgb(0,0,255)"}}, {"geometry": {"type": "Polygon", "coordinates": [[[303703.0861511828, 2772514.9051360604], [303725.48630529497, 2772514.993300705], [303725.59628101694, 2772487.0572595512], [303703.1960810475, 2772486.9690955565], [303703.0861511828, 2772514.9051360604]]]}, "properties": {"height": 21, "color": "rgb(0,0,255)"}}, {"geometry": {"type": "Polygon", "coordinates": [[[303596.36034458404, 2772610.3904746585], [303638.7124192376, 2772610.556874246], [303638.78143683507, 2772592.9973773183], [303596.4293076814, 2772592.8309785016], [303596.36034458404, 2772610.3904746585]]]}, "properties": {"height": 14, "color": "rgb(0,0,255)"}}, {"geometry": {"type": "Polygon", "coordinates": [[[303645.06578331435, 2772515.691099785], [303670.83814706723, 2772515.7924307436], [303670.9311854063, 2772492.1347868633], [303645.15877697273, 2772492.0334565365], [303645.06578331435, 2772515.691099785]]]}, "properties": {"height": 17.5, "color": "rgb(0,0,255)"}}, {"geometry": {"type": "Polygon", "coordinates": [[[303598.8134248576, 2772590.004874194], [303638.6962364293, 2772590.1615743977], [303638.76154592057, 2772573.54535459], [303598.8786857837, 2772573.388655074], [303598.8134248576, 2772590.004874194]]]}, "properties": {"height": 17.5, "color": "rgb(0,0,255)"}}, {"geometry": {"type": "Polygon", "coordinates": [[[303702.037634676, 2772485.0899690753], [303717.99406209734, 2772485.1527661295], [303718.12332440616, 2772452.312536129], [303702.16685858497, 2772452.2497396185], [303702.037634676, 2772485.0899690753]]]}, "properties": {"height": 21, "color": "rgb(0,0,255)"}}, {"geometry": {"type": "Polygon", "coordinates": [[[303586.08096002403, 2772513.601071668], [303616.2399292586, 2772513.719524144], [303616.3305243085, 2772490.6596815493], [303586.17150410963, 2772490.541229793], [303586.08096002403, 2772513.601071668]]]}, "properties": {"height": 14, "color": "rgb(0,0,255)"}}, {"geometry": {"type": "Polygon", "coordinates": [[[303698.2486149599, 2772589.9046423147], [303726.2863183444, 2772590.014995008], [303726.3616880049, 2772570.870490866], [303698.32394528406, 2772570.76013873], [303698.2486149599, 2772589.9046423147]]]}, "properties": {"height": 17.5, "color": "rgb(0,0,255)"}}, {"geometry": {"type": "Polygon", "coordinates": [[[303607.12400719046, 2772541.8696795288], [303637.76052000094, 2772541.9900567764], [303637.830492781, 2772524.1867243005], [303607.1939400001, 2772524.066347618], [303607.12400719046, 2772541.8696795288]]]}, "properties": {"height": 14, "color": "rgb(0,0,255)"}}, {"geometry": {"type": "Polygon", "coordinates": [[[303693.5180025123, 2772608.710173557], [303726.4942765261, 2772608.839959348], [303726.55704945687, 2772592.895320012], [303693.58073691063, 2772592.7655347656], [303693.5180025123, 2772608.710173557]]]}, "properties": {"height": 14, "color": "rgb(0,0,255)"}}, {"geometry": {"type": "Polygon", "coordinates": [[[303644.53726530855, 2772475.5374289523], [303671.9196955813, 2772475.6450891006], [303671.97812633996, 2772460.7874835283], [303644.5956662541, 2772460.679823802], [303644.53726530855, 2772475.5374289523]]]}, "properties": {"height": 17.5, "color": "rgb(0,0,255)"}}, {"geometry": {"type": "Polygon", "coordinates": [[[303681.80987166014, 2772651.7225986193], [303727.2275280383, 2772651.9013352566], [303727.29334826255, 2772635.1831894284], [303681.8756362387, 2772635.0044535785], [303681.80987166014, 2772651.7225986193]]]}, "properties": {"height": 17.5, "color": "rgb(0,0,255)"}}, {"geometry": {"type": "Polygon", "coordinates": [[[303760.96794308815, 2772688.4019186525], [303773.38980602147, 2772688.450861419], [303773.46016356046, 2772670.595855583], [303761.0382843728, 2772670.546913047], [303760.96794308815, 2772688.4019186525]]]}, "properties": {"height": 49, "color": "rgb(0,0,255)"}}, {"geometry": {"type": "Polygon", "coordinates": [[[303608.08746808633, 2772696.2405660115], [303637.19207029307, 2772696.3549317266], [303637.24939767324, 2772681.769773919], [303608.14476435655, 2772681.6554086437], [303608.08746808633, 2772696.2405660115]]]}, "properties": {"height": 21, "color": "rgb(0,0,255)"}}, {"geometry": {"type": "Polygon", "coordinates": [[[303612.416529544, 2772738.261436152], [303636.94114893826, 2772738.357810279], [303636.9931675711, 2772725.123466238], [303612.4685243899, 2772725.027092448], [303612.416529544, 2772738.261436152]]]}, "properties": {"height": 24.5, "color": "rgb(0,0,255)"}}, {"geometry": {"type": "Polygon", "coordinates": [[[303749.06165059906, 2772855.679260365], [303775.5626515921, 2772855.783673362], [303775.60914812936, 2772843.9852992096], [303749.10812422034, 2772843.8808865384], [303749.06165059906, 2772855.679260365]]]}, "properties": {"height": 52.5, "color": "rgb(0,0,255)"}}, {"geometry": {"type": "Polygon", "coordinates": [[[303650.40906150866, 2772788.8979677637], [303713.89672699064, 2772789.1477271225], [303713.97929310554, 2772768.172135176], [303650.4915300244, 2772767.922377199], [303650.40906150866, 2772788.8979677637]]]}, "properties": {"height": 10.5, "color": "rgb(0,0,255)"}}, {"geometry": {"type": "Polygon", "coordinates": [[[303602.04965217446, 2772844.9468852496], [303635.3231826792, 2772845.0776309874], [303635.384788491, 2772829.4043674082], [303602.11121976457, 2772829.27362221], [303602.04965217446, 2772844.9468852496]]]}, "properties": {"height": 28, "color": "rgb(0,0,255)"}}, {"geometry": {"type": "Polygon", "coordinates": [[[303593.8592550981, 2772790.4179159612], [303642.8960494968, 2772790.610596796], [303642.9786132944, 2772769.607845244], [303593.9417434142, 2772769.415165476], [303593.8592550981, 2772790.4179159612]]]}, "properties": {"height": 14, "color": "rgb(0,0,255)"}}, {"geometry": {"type": "Polygon", "coordinates": [[[303759.4790995219, 2772910.686773483], [303773.9362999451, 2772910.743740278], [303774.08678969974, 2772872.556896858], [303759.6295488132, 2772872.499930637], [303759.4790995219, 2772910.686773483]]]}, "properties": {"height": 21, "color": "rgb(0,0,255)"}}, {"geometry": {"type": "Polygon", "coordinates": [[[303598.6792957453, 2772769.083719036], [303636.9110733996, 2772769.233940648], [303636.9614896128, 2772756.4074330647], [303598.72967601905, 2772756.257211961], [303598.6792957453, 2772769.083719036]]]}, "properties": {"height": 24.5, "color": "rgb(0,0,255)"}}, {"geometry": {"type": "Polygon", "coordinates": [[[303650.1116933746, 2772768.9151960704], [303704.4078242408, 2772769.1287748725], [303704.4766186534, 2772751.648607854], [303650.1804182281, 2772751.4350300357], [303650.1116933746, 2772768.9151960704]]]}, "properties": {"height": 10.5, "color": "rgb(0,0,255)"}}, {"geometry": {"type": "Polygon", "coordinates": [[[303718.72213161533, 2772787.103685089], [303753.1473957279, 2772787.2392490427], [303753.22768102586, 2772766.857968234], [303718.8023654911, 2772766.7224050085], [303718.72213161533, 2772787.103685089]]]}, "properties": {"height": 14, "color": "rgb(0,0,255)"}}, {"geometry": {"type": "Polygon", "coordinates": [[[303588.7109496256, 2772899.5648172465], [303635.5706698841, 2772899.748930506], [303635.6610380501, 2772876.758769549], [303588.8012388322, 2772876.574657405], [303588.7109496256, 2772899.5648172465]]]}, "properties": {"height": 7, "color": "rgb(0,0,255)"}}, {"geometry": {"type": "Polygon", "coordinates": [[[303660.9466471815, 2772847.869893092], [303690.61315930873, 2772847.986589594], [303690.6914439309, 2772828.090553427], [303661.0248885438, 2772827.973857537], [303660.9466471815, 2772847.869893092]]]}, "properties": {"height": 14, "color": "rgb(0,0,255)"}}, {"geometry": {"type": "Polygon", "coordinates": [[[303720.5295105469, 2772861.9060494453], [303742.7714902889, 2772861.993632297], [303742.826496511, 2772848.027462592], [303720.58449400193, 2772847.939880063], [303720.5295105469, 2772861.9060494453]]]}, "properties": {"height": 21, "color": "rgb(0,0,255)"}}, {"geometry": {"type": "Polygon", "coordinates": [[[303672.0657103912, 2772892.172953461], [303704.85160714545, 2772892.3019532138], [303704.9196309751, 2772875.0186025114], [303672.13369268953, 2772874.889603346], [303672.0657103912, 2772892.172953461]]]}, "properties": {"height": 10.5, "color": "rgb(0,0,255)"}}, {"geometry": {"type": "Polygon", "coordinates": [[[303755.4865511101, 2772765.71956812], [303774.54154498363, 2772765.794645116], [303774.61298226286, 2772747.666590522], [303755.55796307314, 2772747.591513884], [303755.4865511101, 2772765.71956812]]]}, "properties": {"height": 21, "color": "rgb(0,0,255)"}}, {"geometry": {"type": "Polygon", "coordinates": [[[303853.01014031796, 2772461.860658385], [303933.7272948471, 2772462.1794048087], [303933.7901824244, 2772446.2660614243], [303853.0729337687, 2772445.947316338], [303853.01014031796, 2772461.860658385]]]}, "properties": {"height": 14, "color": "rgb(0,0,255)"}}, {"geometry": {"type": "Polygon", "coordinates": [[[303967.5611131155, 2772436.0196927655], [303991.96213864547, 2772436.1162041468], [303992.0838509086, 2772405.350420242], [303967.68277036696, 2772405.2539096437], [303967.5611131155, 2772436.0196927655]]]}, "properties": {"height": 21, "color": "rgb(0,0,255)"}}, {"geometry": {"type": "Polygon", "coordinates": [[[303910.4600950845, 2772372.5763608883], [303952.29495311173, 2772372.741674275], [303952.3608508322, 2772356.0717559587], [303910.5259417026, 2772355.906443299], [303910.4600950845, 2772372.5763608883]]]}, "properties": {"height": 21, "color": "rgb(0,0,255)"}}, {"geometry": {"type": "Polygon", "coordinates": [[[303858.2291751632, 2772420.8206725135], [303899.84335211903, 2772420.984957529], [303899.88844120956, 2772409.568063358], [303858.2742294387, 2772409.403778837], [303858.2291751632, 2772420.8206725135]]]}, "properties": {"height": 24.5, "color": "rgb(0,0,255)"}}, {"geometry": {"type": "Polygon", "coordinates": [[[303984.3255118089, 2772332.717573331], [304006.9532277145, 2772332.8070934154], [304006.99248807074, 2772322.885436538], [303984.36475571425, 2772322.795916688], [303984.3255118089, 2772332.717573331]]]}, "properties": {"height": 38.5, "color": "rgb(0,0,255)"}}, {"geometry": {"type": "Polygon", "coordinates": [[[303850.8149738618, 2772337.7203603345], [303874.02315560274, 2772337.811950531], [303874.0540843877, 2772329.9765355703], [303850.8458893219, 2772329.884945563], [303850.8149738618, 2772337.7203603345]]]}, "properties": {"height": 42, "color": "rgb(0,0,255)"}}, {"geometry": {"type": "Polygon", "coordinates": [[[303854.19865948876, 2772541.080144984], [303929.042933399, 2772541.3756998302], [303929.107493729, 2772525.038186616], [303854.2631302115, 2772524.742633043], [303854.19865948876, 2772541.080144984]]]}, "properties": {"height": 14, "color": "rgb(0,0,255)"}}, {"geometry": {"type": "Polygon", "coordinates": [[[303967.4154387979, 2772499.729125758], [304024.1872632599, 2772499.9537433097], [304024.2430773825, 2772485.854167852], [303967.4711942621, 2772485.629551136], [303967.4154387979, 2772499.729125758]]]}, "properties": {"height": 17.5, "color": "rgb(0,0,255)"}}, {"geometry": {"type": "Polygon", "coordinates": [[[303853.6412362508, 2772519.1046295175], [303924.33553635236, 2772519.3837802517], [303924.40103755286, 2772502.8065749886], [303853.7066515716, 2772502.5274254745], [303853.6412362508, 2772519.1046295175]]]}, "properties": {"height": 10.5, "color": "rgb(0,0,255)"}}, {"geometry": {"type": "Polygon", "coordinates": [[[303966.90734261513, 2772475.6327897836], [304024.07895649667, 2772475.858985573], [304024.1322174762, 2772462.404218002], [303966.96054722514, 2772462.178023015], [303966.90734261513, 2772475.6327897836]]]}, "properties": {"height": 17.5, "color": "rgb(0,0,255)"}}, {"geometry": {"type": "Polygon", "coordinates": [[[303814.56566998176, 2772559.0260485737], [303839.2978261394, 2772559.1235976294], [303839.357081846, 2772544.1035806127], [303814.62489846547, 2772544.0060319435], [303814.56566998176, 2772559.0260485737]]]}, "properties": {"height": 24.5, "color": "rgb(0,0,255)"}}, {"geometry": {"type": "Polygon", "coordinates": [[[303897.3408737044, 2772477.941655766], [303934.5060665903, 2772478.088480908], [303934.57357248635, 2772461.006853022], [303897.4083330791, 2772460.860028542], [303897.3408737044, 2772477.941655766]]]}, "properties": {"height": 14, "color": "rgb(0,0,255)"}}, {"geometry": {"type": "Polygon", "coordinates": [[[303853.1950896656, 2772478.841814809], [303887.33985484706, 2772478.9765932495], [303887.404532307, 2772462.596354067], [303853.2597261399, 2772462.461576209], [303853.1950896656, 2772478.841814809]]]}, "properties": {"height": 14, "color": "rgb(0,0,255)"}}, {"geometry": {"type": "Polygon", "coordinates": [[[303887.53053522104, 2772704.4477694784], [303957.5751387926, 2772704.7245480604], [303957.6229568961, 2772692.6310081277], [303887.5782912438, 2772692.354230428], [303887.53053522104, 2772704.4477694784]]]}, "properties": {"height": 17.5, "color": "rgb(0,0,255)"}}, {"geometry": {"type": "Polygon", "coordinates": [[[303970.30546177545, 2772683.433758813], [303988.3536362946, 2772683.5051499563], [303988.4812239387, 2772651.255328], [303970.43300676317, 2772651.183937464], [303970.30546177545, 2772683.433758813]]]}, "properties": {"height": 21, "color": "rgb(0,0,255)"}}, {"geometry": {"type": "Polygon", "coordinates": [[[303912.3587044551, 2772756.890606134], [303936.853499645, 2772756.9874021476], [303936.93629740307, 2772736.03963111], [303912.44146460784, 2772735.9428356304], [303912.3587044551, 2772756.890606134]]]}, "properties": {"height": 21, "color": "rgb(0,0,255)"}}, {"geometry": {"type": "Polygon", "coordinates": [[[303861.06188545964, 2772722.560997991], [303888.1567458945, 2772722.667967902], [303888.2173178984, 2772707.329246934], [303861.1224270051, 2772707.2222774555], [303861.06188545964, 2772722.560997991]]]}, "properties": {"height": 24.5, "color": "rgb(0,0,255)"}}, {"geometry": {"type": "Polygon", "coordinates": [[[303938.6327693034, 2772756.4447432496], [303956.88577042514, 2772756.516904538], [303956.967815859, 2772735.76717377], [303938.71478697954, 2772735.695012876], [303938.6327693034, 2772756.4447432496]]]}, "properties": {"height": 24.5, "color": "rgb(0,0,255)"}}, {"geometry": {"type": "Polygon", "coordinates": [[[303971.1371465059, 2772721.5221260316], [303991.9984681086, 2772721.6046495363], [303992.064568282, 2772704.898204002], [303971.20322113717, 2772704.81568086], [303971.1371465059, 2772721.5221260316]]]}, "properties": {"height": 21, "color": "rgb(0,0,255)"}}, {"geometry": {"type": "Polygon", "coordinates": [[[303888.35572766216, 2772756.839436055], [303912.58278385166, 2772756.9351311936], [303912.6729492165, 2772734.1130843577], [303888.4458525049, 2772734.0173897953], [303888.35572766216, 2772756.839436055]]]}, "properties": {"height": 14, "color": "rgb(0,0,255)"}}, {"geometry": {"type": "Polygon", "coordinates": [[[303987.64575958945, 2772754.8967582257], [304004.97077052976, 2772754.965312396], [304005.04052411177, 2772737.339961538], [303987.71549079206, 2772737.271407686], [303987.64575958945, 2772754.8967582257]]]}, "properties": {"height": 24.5, "color": "rgb(0,0,255)"}}, {"geometry": {"type": "Polygon", "coordinates": [[[303969.319163066, 2772644.294781719], [303985.7205919313, 2772644.359655798], [303985.84978310444, 2772611.7023968534], [303969.4483149857, 2772611.637523333], [303969.319163066, 2772644.294781719]]]}, "properties": {"height": 14, "color": "rgb(0,0,255)"}}, {"geometry": {"type": "Polygon", "coordinates": [[[303452.7986564304, 2772869.399230497], [303491.9088564148, 2772869.552493115], [303492.05154444225, 2772833.1538500367], [303452.9412401227, 2772833.0005888897], [303452.7986564304, 2772869.399230497]]]}, "properties": {"height": 42, "color": "rgb(0,0,255)"}}, {"geometry": {"type": "Polygon", "coordinates": [[[303324.2261129839, 2772797.3444366287], [303362.05929555814, 2772797.492332342], [303362.19023790944, 2772764.0076729693], [303324.35696248955, 2772763.859778561], [303324.2261129839, 2772797.3444366287]]]}, "properties": {"height": 38.5, "color": "rgb(0,0,255)"}}, {"geometry": {"type": "Polygon", "coordinates": [[[303267.76686951594, 2772874.842201426], [303294.857679392, 2772874.947984173], [303294.99896032276, 2772838.7751161396], [303267.9080786241, 2772838.6693344014], [303267.76686951594, 2772874.842201426]]]}, "properties": {"height": 45.5, "color": "rgb(0,0,255)"}}, {"geometry": {"type": "Polygon", "coordinates": [[[303970.8953777626, 2772778.370637843], [304001.9333248331, 2772778.4934320725], [304002.0085426494, 2772759.486487298], [303970.9705523429, 2772759.363693684], [303970.8953777626, 2772778.370637843]]]}, "properties": {"height": 24.5, "color": "rgb(0,0,255)"}}, {"geometry": {"type": "Polygon", "coordinates": [[[303929.7692409962, 2772782.1513860463], [303959.1256579724, 2772782.2674376033], [303959.1968826212, 2772764.2552877786], [303929.8404268915, 2772764.1392367724], [303929.7692409962, 2772782.1513860463]]]}, "properties": {"height": 21, "color": "rgb(0,0,255)"}}, {"geometry": {"type": "Polygon", "coordinates": [[[303857.80502523563, 2772758.397141285], [303874.40807745396, 2772758.462680387], [303874.4559728324, 2772746.3311660844], [303857.8529058522, 2772746.2656271923], [303857.80502523563, 2772758.397141285]]]}, "properties": {"height": 49, "color": "rgb(0,0,255)"}}, {"geometry": {"type": "Polygon", "coordinates": [[[303906.36616456194, 2772860.075431921], [303938.88092555007, 2772860.203921128], [303938.93590551027, 2772846.2951604445], [303906.4211113766, 2772846.1666717087], [303906.36616456194, 2772860.075431921]]]}, "properties": {"height": 17.5, "color": "rgb(0,0,255)"}}, {"geometry": {"type": "Polygon", "coordinates": [[[303337.17688726506, 2772408.511577205], [303357.4952304644, 2772408.590998297], [303357.5896293361, 2772384.445381372], [303337.2712501866, 2772384.365960785], [303337.17688726506, 2772408.511577205]]]}, "properties": {"height": 14, "color": "rgb(0,0,255)"}}, {"geometry": {"type": "Polygon", "coordinates": [[[303292.42788339057, 2772391.529106211], [303329.32331487164, 2772391.6732248757], [303329.409855682, 2772369.5257264595], [303292.5143643228, 2772369.381608636], [303292.42788339057, 2772391.529106211]]]}, "properties": {"height": 7, "color": "rgb(0,0,255)"}}, {"geometry": {"type": "Polygon", "coordinates": [[[303319.8103045323, 2772434.3679609452], [303336.91124734504, 2772434.4347826783], [303336.96863162523, 2772419.7513800277], [303319.8676704121, 2772419.6845585536], [303319.8103045323, 2772434.3679609452]]]}, "properties": {"height": 17.5, "color": "rgb(0,0,255)"}}, {"geometry": {"type": "Polygon", "coordinates": [[[303261.3226827325, 2772435.6599874883], [303271.9248541551, 2772435.701367412], [303271.99629130337, 2772417.3998387405], [303261.39410566195, 2772417.358459017], [303261.3226827325, 2772435.6599874883]]]}, "properties": {"height": 24.5, "color": "rgb(0,0,255)"}}, {"geometry": {"type": "Polygon", "coordinates": [[[303286.8220572986, 2772436.711300637], [303302.57369781233, 2772436.772811195], [303302.63958643295, 2772419.9024803704], [303286.88792644645, 2772419.840970086], [303286.8220572986, 2772436.711300637]]]}, "properties": {"height": 17.5, "color": "rgb(0,0,255)"}}, {"geometry": {"type": "Polygon", "coordinates": [[[303302.30175540503, 2772431.1259845197], [303320.1053971011, 2772431.195529566], [303320.1527716619, 2772419.0695672776], [303302.3491141459, 2772419.0000224533], [303302.30175540503, 2772431.1259845197]]]}, "properties": {"height": 21, "color": "rgb(0,0,255)"}}, {"geometry": {"type": "Polygon", "coordinates": [[[303317.989661145, 2772343.296784174], [303339.06709910976, 2772343.379141196], [303339.15983695263, 2772319.649558908], [303318.0823623382, 2772319.5672024013], [303317.989661145, 2772343.296784174]]]}, "properties": {"height": 7, "color": "rgb(0,0,255)"}}, {"geometry": {"type": "Polygon", "coordinates": [[[303278.6745130909, 2772434.287490644], [303287.39795181446, 2772434.3215484065], [303287.45507729903, 2772419.69078415], [303278.73162922286, 2772419.6567265186], [303278.6745130909, 2772434.287490644]]]}, "properties": {"height": 24.5, "color": "rgb(0,0,255)"}}, {"geometry": {"type": "Polygon", "coordinates": [[[303338.6335547618, 2772341.61704238], [303356.8411990623, 2772341.6882116767], [303356.9280103761, 2772319.482487866], [303338.7203364491, 2772319.4113189867], [303338.6335547618, 2772341.61704238]]]}, "properties": {"height": 7, "color": "rgb(0,0,255)"}}, {"geometry": {"type": "Polygon", "coordinates": [[[303318.1097768656, 2772362.913966412], [303334.3630982108, 2772362.9774716813], [303334.43403047096, 2772344.826022584], [303318.1806875075, 2772344.762517619], [303318.1097768656, 2772362.913966412]]]}, "properties": {"height": 7, "color": "rgb(0,0,255)"}}, {"geometry": {"type": "Polygon", "coordinates": [[[303271.310407704, 2772435.533736827], [303277.2606680481, 2772435.5569638344], [303277.331724872, 2772417.354693008], [303271.3814565912, 2772417.331466112], [303271.310407704, 2772435.533736827]]]}, "properties": {"height": 21, "color": "rgb(0,0,255)"}}, {"geometry": {"type": "Polygon", "coordinates": [[[303337.67894973926, 2772384.652060224], [303357.01460349467, 2772384.7276394195], [303357.0743960784, 2772369.4334544083], [303337.73872065323, 2772369.357875518], [303337.67894973926, 2772384.652060224]]]}, "properties": {"height": 7, "color": "rgb(0,0,255)"}}, {"geometry": {"type": "Polygon", "coordinates": [[[303329.07896559784, 2772389.446848953], [303334.6956482029, 2772389.4687971207], [303334.7736725662, 2772369.502825844], [303329.15698174364, 2772369.480877792], [303329.07896559784, 2772389.446848953]]]}, "properties": {"height": 10.5, "color": "rgb(0,0,255)"}}, {"geometry": {"type": "Polygon", "coordinates": [[[303258.34333021555, 2772458.005788064], [303274.12829209893, 2772458.067396363], [303274.20467697724, 2772438.4992902926], [303258.4196924591, 2772438.437682311], [303258.34333021555, 2772458.005788064]]]}, "properties": {"height": 21, "color": "rgb(0,0,255)"}}, {"geometry": {"type": "Polygon", "coordinates": [[[303265.93573762797, 2772534.4424652103], [303281.28215677995, 2772534.5023720576], [303281.3593393428, 2772514.7331908783], [303266.0128979581, 2772514.673284343], [303265.93573762797, 2772534.4424652103]]]}, "properties": {"height": 21, "color": "rgb(0,0,255)"}}, {"geometry": {"type": "Polygon", "coordinates": [[[303268.71234462294, 2772500.051822292], [303299.2262577198, 2772500.1709590117], [303299.2826879676, 2772485.7218542066], [303268.76874256134, 2772485.60271794], [303268.71234462294, 2772500.051822292]]]}, "properties": {"height": 14, "color": "rgb(0,0,255)"}}, {"geometry": {"type": "Polygon", "coordinates": [[[303260.28428566625, 2772556.21353883], [303270.9161834926, 2772556.2550360295], [303270.9906757937, 2772537.171385817], [303260.3587630986, 2772537.129888826], [303260.28428566625, 2772556.21353883]]]}, "properties": {"height": 24.5, "color": "rgb(0,0,255)"}}, {"geometry": {"type": "Polygon", "coordinates": [[[303302.50334898056, 2772537.3992529814], [303319.4990109678, 2772537.465644519], [303319.57913320424, 2772516.9582400452], [303302.58344567555, 2772516.891848867], [303302.50334898056, 2772537.3992529814]]]}, "properties": {"height": 10.5, "color": "rgb(0,0,255)"}}, {"geometry": {"type": "Polygon", "coordinates": [[[303296.01143642346, 2772483.1866273773], [303312.385855373, 2772483.2505825185], [303312.4570344985, 2772465.029351545], [303296.08259368496, 2772464.965396711], [303296.01143642346, 2772483.1866273773]]]}, "properties": {"height": 14, "color": "rgb(0,0,255)"}}, {"geometry": {"type": "Polygon", "coordinates": [[[303299.8286864124, 2772500.5728769293], [303312.32508769067, 2772500.621687392], [303312.3896193757, 2772484.1022464456], [303299.89320296975, 2772484.0534361955], [303299.8286864124, 2772500.5728769293]]]}, "properties": {"height": 17.5, "color": "rgb(0,0,255)"}}, {"geometry": {"type": "Polygon", "coordinates": [[[303279.9982744452, 2772483.5485566854], [303296.4733465041, 2772483.612885698], [303296.5446381865, 2772465.3573951717], [303280.06954408775, 2772465.293066469], [303279.9982744452, 2772483.5485566854]]]}, "properties": {"height": 10.5, "color": "rgb(0,0,255)"}}, {"geometry": {"type": "Polygon", "coordinates": [[[303259.165713741, 2772476.156141744], [303280.2988311207, 2772476.238629785], [303280.3476148421, 2772463.7428812496], [303259.21447811095, 2772463.66039348], [303259.165713741, 2772476.156141744]]]}, "properties": {"height": 14, "color": "rgb(0,0,255)"}}, {"geometry": {"type": "Polygon", "coordinates": [[[303281.2148829722, 2772535.4554366083], [303302.6999835098, 2772535.5393355587], [303302.7722722861, 2772517.0310773435], [303281.28714260785, 2772516.9471788025], [303281.2148829722, 2772535.4554366083]]]}, "properties": {"height": 7, "color": "rgb(0,0,255)"}}, {"geometry": {"type": "Polygon", "coordinates": [[[303341.43279512797, 2772536.7125017405], [303358.988583945, 2772536.781131765], [303359.0809608277, 2772513.1546109705], [303341.5251416146, 2772513.0859813737], [303341.43279512797, 2772536.7125017405]]]}, "properties": {"height": 7, "color": "rgb(0,0,255)"}}, {"geometry": {"type": "Polygon", "coordinates": [[[303318.93446102284, 2772537.3223618786], [303341.37733577366, 2772537.410063803], [303341.4611185217, 2772515.9745372855], [303319.0182085167, 2772515.886835857], [303318.93446102284, 2772537.3223618786]]]}, "properties": {"height": 7, "color": "rgb(0,0,255)"}}, {"geometry": {"type": "Polygon", "coordinates": [[[303347.1265886344, 2772556.2084338684], [303353.11331535346, 2772556.231837646], [303353.1874132449, 2772537.2784723775], [303347.2006782106, 2772537.255068716], [303347.1265886344, 2772556.2084338684]]]}, "properties": {"height": 17.5, "color": "rgb(0,0,255)"}}, {"geometry": {"type": "Polygon", "coordinates": [[[303311.9691382428, 2772502.5150182396], [303318.59497527283, 2772502.540902994], [303318.67789737263, 2772481.3162028533], [303312.052050037, 2772481.290318244], [303311.9691382428, 2772502.5150182396]]]}, "properties": {"height": 14, "color": "rgb(0,0,255)"}}, {"geometry": {"type": "Polygon", "coordinates": [[[303329.00478739676, 2772500.4742427147], [303340.6558840584, 2772500.5197759946], [303340.7338268376, 2772480.5778188077], [303329.0827131495, 2772480.532285767], [303329.00478739676, 2772500.4742427147]]]}, "properties": {"height": 7, "color": "rgb(0,0,255)"}}, {"geometry": {"type": "Polygon", "coordinates": [[[303340.865069601, 2772491.0376360305], [303358.23951485567, 2772491.1055550263], [303358.28332360135, 2772479.900587162], [303340.90886408044, 2772479.832668367], [303340.865069601, 2772491.0376360305]]]}, "properties": {"height": 7, "color": "rgb(0,0,255)"}}, {"geometry": {"type": "Polygon", "coordinates": [[[303341.1502623735, 2772496.731605835], [303358.336682539, 2772496.7987902137], [303358.3603467193, 2772490.746230554], [303341.173918931, 2772490.6790462825], [303341.1502623735, 2772496.731605835]]]}, "properties": {"height": 14, "color": "rgb(0,0,255)"}}, {"geometry": {"type": "Polygon", "coordinates": [[[303260.6377272082, 2772622.0881487727], [303271.8457372379, 2772622.131896296], [303271.92918859667, 2772600.754031655], [303260.72116100776, 2772600.7102843784], [303260.6377272082, 2772622.0881487727]]]}, "properties": {"height": 24.5, "color": "rgb(0,0,255)"}}, {"geometry": {"type": "Polygon", "coordinates": [[[303272.1229321852, 2772644.851158552], [303288.9537743391, 2772644.9168715696], [303289.02034138073, 2772627.8699349146], [303272.1894782002, 2772627.8042221926], [303272.1229321852, 2772644.851158552]]]}, "properties": {"height": 17.5, "color": "rgb(0,0,255)"}}, {"geometry": {"type": "Polygon", "coordinates": [[[303278.2454466014, 2772592.839302656], [303293.84720845893, 2772592.900221946], [303293.9097153357, 2772576.8941706303], [303278.3079351776, 2772576.833251598], [303278.2454466014, 2772592.839302656]]]}, "properties": {"height": 17.5, "color": "rgb(0,0,255)"}}, {"geometry": {"type": "Polygon", "coordinates": [[[303261.1786180457, 2772645.117124615], [303272.01788225013, 2772645.1594335185], [303272.08198844304, 2772628.737472095], [303261.2427111936, 2772628.6951633743], [303261.1786180457, 2772645.117124615]]]}, "properties": {"height": 24.5, "color": "rgb(0,0,255)"}}, {"geometry": {"type": "Polygon", "coordinates": [[[303315.8415221892, 2772662.194737247], [303349.5013811527, 2772662.3262856766], [303349.5740291224, 2772643.7433452345], [303315.91412431875, 2772643.61179745], [303315.8415221892, 2772662.194737247]]]}, "properties": {"height": 7, "color": "rgb(0,0,255)"}}, {"geometry": {"type": "Polygon", "coordinates": [[[303273.9618055817, 2772657.4037026013], [303293.97363873234, 2772657.4818406617], [303294.0024934445, 2772650.093277584], [303273.990649458, 2772650.0151396757], [303273.9618055817, 2772657.4037026013]]]}, "properties": {"height": 24.5, "color": "rgb(0,0,255)"}}, {"geometry": {"type": "Polygon", "coordinates": [[[303343.2186163154, 2772606.144431849], [303356.4698331771, 2772606.1962353312], [303356.52748334873, 2772591.4512428], [303343.2762521681, 2772591.399439519], [303343.2186163154, 2772606.144431849]]]}, "properties": {"height": 17.5, "color": "rgb(0,0,255)"}}, {"geometry": {"type": "Polygon", "coordinates": [[[303342.4126997152, 2772618.1489820704], [303358.963173452, 2772618.2136848043], [303359.0070319208, 2772606.996736336], [303342.456544579, 2772606.932033794], [303342.4126997152, 2772618.1489820704]]]}, "properties": {"height": 17.5, "color": "rgb(0,0,255)"}}, {"geometry": {"type": "Polygon", "coordinates": [[[303342.3120757164, 2772591.4337326596], [303353.52131982025, 2772591.477551533], [303353.5630032498, 2772580.815673291], [303342.3537503877, 2772580.7718545413], [303342.3120757164, 2772591.4337326596]]]}, "properties": {"height": 21, "color": "rgb(0,0,255)"}}, {"geometry": {"type": "Polygon", "coordinates": [[[303348.8655263914, 2772661.3264893275], [303360.45980651956, 2772661.3718204047], [303360.5268579829, 2772644.2239542776], [303348.9325632843, 2772644.1786234053], [303348.8655263914, 2772661.3264893275]]]}, "properties": {"height": 14, "color": "rgb(0,0,255)"}}, {"geometry": {"type": "Polygon", "coordinates": [[[303330.56665302033, 2772615.057471808], [303342.3234785952, 2772615.103421835], [303342.3903822101, 2772597.987224806], [303330.6335418881, 2772597.941274986], [303330.56665302033, 2772615.057471808]]]}, "properties": {"height": 14, "color": "rgb(0,0,255)"}}, {"geometry": {"type": "Polygon", "coordinates": [[[303299.08146909275, 2772596.3828878826], [303309.60742758424, 2772596.424002152], [303309.66284879216, 2772582.236588682], [303299.1368793567, 2772582.1954745664], [303299.08146909275, 2772596.3828878826]]]}, "properties": {"height": 14, "color": "rgb(0,0,255)"}}, {"geometry": {"type": "Polygon", "coordinates": [[[303261.3277978108, 2772663.680562235], [303273.2243531049, 2772663.7269990086], [303273.2726774694, 2772651.348221576], [303261.3761113829, 2772651.3017849545], [303261.3277978108, 2772663.680562235]]]}, "properties": {"height": 14, "color": "rgb(0,0,255)"}}, {"geometry": {"type": "Polygon", "coordinates": [[[303293.6400173071, 2772597.681624944], [303299.2937285126, 2772597.703705021], [303299.35371953476, 2772582.3434868553], [303293.700001965, 2772582.3214068674], [303293.6400173071, 2772597.681624944]]]}, "properties": {"height": 17.5, "color": "rgb(0,0,255)"}}, {"geometry": {"type": "Polygon", "coordinates": [[[303294.1431869059, 2772662.6169464937], [303305.77219337353, 2772662.662366751], [303305.82440330076, 2772649.2964205407], [303294.1953854421, 2772649.2510004435], [303294.1431869059, 2772662.6169464937]]]}, "properties": {"height": 7, "color": "rgb(0,0,255)"}}, {"geometry": {"type": "Polygon", "coordinates": [[[303337.38512860343, 2772643.8665149244], [303343.79980116704, 2772643.891588085], [303343.87183851004, 2772625.462734195], [303337.457157283, 2772625.4376611565], [303337.38512860343, 2772643.8665149244]]]}, "properties": {"height": 10.5, "color": "rgb(0,0,255)"}}, {"geometry": {"type": "Polygon", "coordinates": [[[303309.49374985165, 2772597.5575167504], [303315.2909020549, 2772597.580163788], [303315.3620606591, 2772579.366032984], [303309.5649007177, 2772579.3433860554], [303309.49374985165, 2772597.5575167504]]]}, "properties": {"height": 10.5, "color": "rgb(0,0,255)"}}, {"geometry": {"type": "Polygon", "coordinates": [[[303353.2824755242, 2772591.22209996], [303359.58556589123, 2772591.2467437615], [303359.6451687293, 2772576.0031195693], [303353.342071321, 2772575.9784758664], [303353.2824755242, 2772591.22209996]]]}, "properties": {"height": 14, "color": "rgb(0,0,255)"}}, {"geometry": {"type": "Polygon", "coordinates": [[[303305.2361734056, 2772662.2987384107], [303311.2061353353, 2772662.322059337], [303311.26675906446, 2772646.803720884], [303305.2967903453, 2772646.7804000536], [303305.2361734056, 2772662.2987384107]]]}, "properties": {"height": 14, "color": "rgb(0,0,255)"}}, {"geometry": {"type": "Polygon", "coordinates": [[[303261.90726359776, 2772708.1209891555], [303290.45700801833, 2772708.2324503157], [303290.52955192927, 2772689.655918432], [303261.97976864054, 2772689.544457818], [303261.90726359776, 2772708.1209891555]]]}, "properties": {"height": 14, "color": "rgb(0,0,255)"}}, {"geometry": {"type": "Polygon", "coordinates": [[[303262.8579092162, 2772738.1534393365], [303276.99901337037, 2772738.2086418713], [303277.06097118964, 2772722.3391163517], [303262.91985058866, 2772722.2839140478], [303262.8579092162, 2772738.1534393365]]]}, "properties": {"height": 28, "color": "rgb(0,0,255)"}}, {"geometry": {"type": "Polygon", "coordinates": [[[303301.1358504815, 2772706.963132511], [303334.4369260062, 2772707.0932448213], [303334.50726451137, 2772689.0963029824], [303301.2061450643, 2772688.9661912895], [303301.1358504815, 2772706.963132511]]]}, "properties": {"height": 10.5, "color": "rgb(0,0,255)"}}, {"geometry": {"type": "Polygon", "coordinates": [[[303334.40519023413, 2772706.047897627], [303360.95902112575, 2772706.1517055687], [303361.0256906988, 2772689.1019777535], [303334.4718266276, 2772688.9981702785], [303334.40519023413, 2772706.047897627]]]}, "properties": {"height": 14, "color": "rgb(0,0,255)"}}, {"geometry": {"type": "Polygon", "coordinates": [[[303262.17645215156, 2772689.7337584347], [303284.6281740647, 2772689.821407048], [303284.6996451017, 2772671.517469783], [303262.2478930711, 2772671.4298215923], [303262.17645215156, 2772689.7337584347]]]}, "properties": {"height": 14, "color": "rgb(0,0,255)"}}, {"geometry": {"type": "Polygon", "coordinates": [[[303342.45822133415, 2772729.4031708683], [303361.27824023855, 2772729.47675119], [303361.3451287107, 2772712.3713091435], [303342.5250862131, 2772712.2977291527], [303342.45822133415, 2772729.4031708683]]]}, "properties": {"height": 14, "color": "rgb(0,0,255)"}}, {"geometry": {"type": "Polygon", "coordinates": [[[303301.44463589275, 2772732.4257872533], [303335.3015843583, 2772732.55807428], [303335.37418213405, 2772713.983564575], [303301.5171875794, 2772713.851278196], [303301.44463589275, 2772732.4257872533]]]}, "properties": {"height": 7, "color": "rgb(0,0,255)"}}, {"geometry": {"type": "Polygon", "coordinates": [[[303317.37368078745, 2772750.563712809], [303334.7823556497, 2772750.631742913], [303334.85702658916, 2772731.526757684], [303317.44832735177, 2772731.458727923], [303317.37368078745, 2772750.563712809]]]}, "properties": {"height": 14, "color": "rgb(0,0,255)"}}, {"geometry": {"type": "Polygon", "coordinates": [[[303316.9265305274, 2772683.2364814323], [303333.3849501219, 2772683.3007952133], [303333.4285238615, 2772672.1516206274], [303316.9700908191, 2772672.087307035], [303316.9265305274, 2772683.2364814323]]]}, "properties": {"height": 17.5, "color": "rgb(0,0,255)"}}, {"geometry": {"type": "Polygon", "coordinates": [[[303263.45015326585, 2772753.1195368185], [303276.90241276904, 2772753.172050881], [303276.95229534357, 2772740.3954721997], [303263.50002324395, 2772740.3429583134], [303263.45015326585, 2772753.1195368185]]]}, "properties": {"height": 17.5, "color": "rgb(0,0,255)"}}, {"geometry": {"type": "Polygon", "coordinates": [[[303281.24181352166, 2772776.958637213], [303292.19769001653, 2772777.0014197575], [303292.26190729137, 2772760.5581208905], [303281.30601759336, 2772760.5153385317], [303281.24181352166, 2772776.958637213]]]}, "properties": {"height": 17.5, "color": "rgb(0,0,255)"}}, {"geometry": {"type": "Polygon", "coordinates": [[[303306.3766687793, 2772686.814141458], [303317.12907341926, 2772686.856147618], [303317.18632075394, 2772672.203869176], [303306.43390456785, 2772672.161863178], [303306.3766687793, 2772686.814141458]]]}, "properties": {"height": 17.5, "color": "rgb(0,0,255)"}}, {"geometry": {"type": "Polygon", "coordinates": [[[303343.309971803, 2772750.6107202135], [303360.0012886005, 2772750.6759782913], [303360.0782234975, 2772731.001047814], [303343.38688263204, 2772730.935790075], [303343.309971803, 2772750.6107202135]]]}, "properties": {"height": 10.5, "color": "rgb(0,0,255)"}}, {"geometry": {"type": "Polygon", "coordinates": [[[303291.02638651803, 2772751.218710415], [303301.3676969621, 2772751.2590998425], [303301.43135118484, 2772734.962606853], [303291.09002838965, 2772734.922217598], [303291.02638651803, 2772751.218710415]]]}, "properties": {"height": 17.5, "color": "rgb(0,0,255)"}}, {"geometry": {"type": "Polygon", "coordinates": [[[303334.3043020075, 2772749.924858466], [303343.6111587491, 2772749.9612368336], [303343.67881861876, 2772732.6529392297], [303334.3719500715, 2772732.6165610272], [303334.3043020075, 2772749.924858466]]]}, "properties": {"height": 17.5, "color": "rgb(0,0,255)"}}, {"geometry": {"type": "Polygon", "coordinates": [[[303262.3719446845, 2772721.947922396], [303281.0765723441, 2772722.020941504], [303281.1085831986, 2772713.8224458164], [303262.40394430025, 2772713.7494268664], [303262.3719446845, 2772721.947922396]]]}, "properties": {"height": 17.5, "color": "rgb(0,0,255)"}}, {"geometry": {"type": "Polygon", "coordinates": [[[303295.19775279827, 2772686.1523900004], [303306.484087056, 2772686.196473014], [303306.52343099634, 2772676.1245072694], [303295.23708840774, 2772676.0804243726], [303295.19775279827, 2772686.1523900004]]]}, "properties": {"height": 24.5, "color": "rgb(0,0,255)"}}, {"geometry": {"type": "Polygon", "coordinates": [[[303290.66850634274, 2772732.1775111533], [303302.1961405854, 2772732.222533781], [303302.26370550937, 2772714.9249699316], [303290.7360566531, 2772714.87994751], [303290.66850634274, 2772732.1775111533]]]}, "properties": {"height": 14, "color": "rgb(0,0,255)"}}, {"geometry": {"type": "Polygon", "coordinates": [[[303317.98131391755, 2772775.5387082743], [303335.072117309, 2772775.6054974375], [303335.1352649156, 2772759.4490838996], [303318.04444128706, 2772759.382295021], [303317.98131391755, 2772775.5387082743]]]}, "properties": {"height": 7, "color": "rgb(0,0,255)"}}, {"geometry": {"type": "Polygon", "coordinates": [[[303334.9050023085, 2772729.865157166], [303343.452776988, 2772729.8985683196], [303343.51210646896, 2772714.7211307976], [303334.96432228154, 2772714.6877197777], [303334.9050023085, 2772729.865157166]]]}, "properties": {"height": 17.5, "color": "rgb(0,0,255)"}}, {"geometry": {"type": "Polygon", "coordinates": [[[303263.9878210652, 2772771.9396632924], [303274.6778633496, 2772771.981394051], [303274.72184037755, 2772760.7170408145], [303264.0317892679, 2772760.675310179], [303263.9878210652, 2772771.9396632924]]]}, "properties": {"height": 17.5, "color": "rgb(0,0,255)"}}, {"geometry": {"type": "Polygon", "coordinates": [[[303302.0533715255, 2772776.4261532524], [303307.88329404034, 2772776.4489268092], [303307.94695596327, 2772760.1526228455], [303302.11702648544, 2772760.129849386], [303302.0533715255, 2772776.4261532524]]]}, "properties": {"height": 17.5, "color": "rgb(0,0,255)"}}, {"geometry": {"type": "Polygon", "coordinates": [[[303334.6161524763, 2772774.5903168707], [303340.50447829295, 2772774.6133326152], [303340.5626772237, 2772759.724559021], [303334.6743449818, 2772759.701543367], [303334.6161524763, 2772774.5903168707]]]}, "properties": {"height": 17.5, "color": "rgb(0,0,255)"}}, {"geometry": {"type": "Polygon", "coordinates": [[[303311.86407782626, 2772750.7721692454], [303317.94220983156, 2772750.795916563], [303318.01616196136, 2772731.8688688986], [303311.93802152487, 2772731.8451217], [303311.86407782626, 2772750.7721692454]]]}, "properties": {"height": 14, "color": "rgb(0,0,255)"}}, {"geometry": {"type": "Polygon", "coordinates": [[[303246.1640026157, 2772696.496734774], [303252.5445419746, 2772696.5216323985], [303252.63042743725, 2772674.5129149486], [303246.2498777869, 2772674.4880174696], [303246.1640026157, 2772696.496734774]]]}, "properties": {"height": 10.5, "color": "rgb(0,0,255)"}}, {"geometry": {"type": "Polygon", "coordinates": [[[303290.1580088557, 2772707.362056898], [303301.4446644936, 2772707.406137382], [303301.5170959976, 2772688.8622069946], [303290.23042502074, 2772688.8181267255], [303290.1580088557, 2772707.362056898]]]}, "properties": {"height": 7, "color": "rgb(0,0,255)"}}, {"geometry": {"type": "Polygon", "coordinates": [[[303277.18073839473, 2772863.915018294], [303285.3463343115, 2772863.9469027044], [303285.4068251273, 2772848.4563542297], [303277.2412199399, 2772848.424469949], [303277.18073839473, 2772863.915018294]]]}, "properties": {"height": 45.5, "color": "rgb(0,0,255)"}}, {"geometry": {"type": "Polygon", "coordinates": [[[303322.18148393626, 2772858.8312563663], [303330.74269812385, 2772858.8647138444], [303330.8051446625, 2772842.8869188875], [303322.2439204494, 2772842.8534615505], [303322.18148393626, 2772858.8312563663]]]}, "properties": {"height": 42, "color": "rgb(0,0,255)"}}, {"geometry": {"type": "Polygon", "coordinates": [[[303195.5234938259, 2772885.0714596575], [303206.8671578568, 2772885.1156873754], [303206.9136966962, 2772873.1805081307], [303195.5700227423, 2772873.136280552], [303195.5234938259, 2772885.0714596575]]]}, "properties": {"height": 38.5, "color": "rgb(0,0,255)"}}, {"geometry": {"type": "Polygon", "coordinates": [[[303343.96130098606, 2772786.225044494], [303354.3041413716, 2772786.2654805984], [303354.34477308166, 2772775.8735968582], [303344.00192481885, 2772775.833160865], [303343.96130098606, 2772786.225044494]]]}, "properties": {"height": 45.5, "color": "rgb(0,0,255)"}}, {"geometry": {"type": "Polygon", "coordinates": [[[303319.5483064306, 2772900.280419751], [303335.03823717363, 2772900.3409568304], [303335.0997306303, 2772884.608556307], [303319.6097820262, 2772884.548019478], [303319.5483064306, 2772900.280419751]]]}, "properties": {"height": 17.5, "color": "rgb(0,0,255)"}}, {"geometry": {"type": "Polygon", "coordinates": [[[303263.719981748, 2772798.4488711255], [303275.3550909612, 2772798.494291814], [303275.4274205104, 2772779.9680882744], [303263.79229549924, 2772779.9226678074], [303263.719981748, 2772798.4488711255]]]}, "properties": {"height": 17.5, "color": "rgb(0,0,255)"}}, {"geometry": {"type": "Polygon", "coordinates": [[[303304.88736022724, 2772902.242578004], [303320.1523450735, 2772902.3022194817], [303320.2229389101, 2772884.2365558874], [303304.95793385175, 2772884.1769146943], [303304.88736022724, 2772902.242578004]]]}, "properties": {"height": 14, "color": "rgb(0,0,255)"}}, {"geometry": {"type": "Polygon", "coordinates": [[[303295.15113709884, 2772902.5752998004], [303305.5411570316, 2772902.6158851483], [303305.60665063834, 2772885.850832969], [303295.2166179388, 2772885.8102478003], [303295.15113709884, 2772902.5752998004]]]}, "properties": {"height": 17.5, "color": "rgb(0,0,255)"}}, {"geometry": {"type": "Polygon", "coordinates": [[[303195.4058633352, 2772872.588654801], [303210.79731995444, 2772872.6486662673], [303210.8273500326, 2772864.9477980053], [303195.4358847262, 2772864.887786661], [303195.4058633352, 2772872.588654801]]]}, "properties": {"height": 17.5, "color": "rgb(0,0,255)"}}, {"geometry": {"type": "Polygon", "coordinates": [[[303267.3516129212, 2772791.5120143746], [303275.2493875334, 2772791.5428463346], [303275.2964896865, 2772779.4782426716], [303267.398708091, 2772779.4474108103], [303267.3516129212, 2772791.5120143746]]]}, "properties": {"height": 21, "color": "rgb(0,0,255)"}}, {"geometry": {"type": "Polygon", "coordinates": [[[303387.1581572335, 2772406.5309160305], [303417.73418000253, 2772406.6505560842], [303417.80497280933, 2772388.563389807], [303387.228909515, 2772388.443750324], [303387.1581572335, 2772406.5309160305]]]}, "properties": {"height": 10.5, "color": "rgb(0,0,255)"}}, {"geometry": {"type": "Polygon", "coordinates": [[[303413.41179732565, 2772432.3377271323], [303434.0972568088, 2772432.4186998326], [303434.13161946594, 2772423.6420280375], [303413.44614667905, 2772423.5610555247], [303413.41179732565, 2772432.3377271323]]]}, "properties": {"height": 38.5, "color": "rgb(0,0,255)"}}, {"geometry": {"type": "Polygon", "coordinates": [[[303504.1827103431, 2772338.8570053177], [303526.4769110157, 2772338.9444216266], [303526.5622545732, 2772317.1832978427], [303504.26801835105, 2772317.0958820353], [303504.1827103431, 2772338.8570053177]]]}, "properties": {"height": 14, "color": "rgb(0,0,255)"}}, {"geometry": {"type": "Polygon", "coordinates": [[[303449.54453499574, 2772385.6841721656], [303456.4746750686, 2772385.7113143564], [303456.5297232103, 2772371.656902995], [303449.59957600036, 2772371.629760905], [303449.54453499574, 2772385.6841721656]]]}, "properties": {"height": 63, "color": "rgb(0,0,255)"}}, {"geometry": {"type": "Polygon", "coordinates": [[[303463.3865079046, 2772339.760057661], [303484.5774825392, 2772339.8430840187], [303484.6650294836, 2772317.502654135], [303463.47402015893, 2772317.4196282662], [303463.3865079046, 2772339.760057661]]]}, "properties": {"height": 14, "color": "rgb(0,0,255)"}}, {"geometry": {"type": "Polygon", "coordinates": [[[303446.9843488197, 2772341.165498524], [303463.9143709057, 2772341.231807495], [303464.0061568078, 2772317.8006277713], [303447.0761056539, 2772317.734319209], [303446.9843488197, 2772341.165498524]]]}, "properties": {"height": 14, "color": "rgb(0,0,255)"}}, {"geometry": {"type": "Polygon", "coordinates": [[[303505.47848356125, 2772444.8229376464], [303526.5825351913, 2772444.9056920223], [303526.6762991132, 2772420.998599572], [303505.57221051113, 2772420.9158457187], [303505.47848356125, 2772444.8229376464]]]}, "properties": {"height": 10.5, "color": "rgb(0,0,255)"}}, {"geometry": {"type": "Polygon", "coordinates": [[[303368.57741959946, 2772393.2256860957], [303386.80764561513, 2772393.2969851773], [303386.88281483226, 2772374.080436629], [303368.65256314585, 2772374.0091379075], [303368.57741959946, 2772393.2256860957]]]}, "properties": {"height": 14, "color": "rgb(0,0,255)"}}, {"geometry": {"type": "Polygon", "coordinates": [[[303466.9475229316, 2772402.026987579], [303485.26593660767, 2772402.098763912], [303485.40331968875, 2772367.042306002], [303467.08485895523, 2772366.970530333], [303466.9475229316, 2772402.026987579]]]}, "properties": {"height": 7, "color": "rgb(0,0,255)"}}, {"geometry": {"type": "Polygon", "coordinates": [[[303413.11318019, 2772387.2252901574], [303428.82283255464, 2772387.2867808426], [303428.8703894964, 2772375.1386854104], [303413.1607231472, 2772375.0771949217], [303413.11318019, 2772387.2252901574]]]}, "properties": {"height": 21, "color": "rgb(0,0,255)"}}, {"geometry": {"type": "Polygon", "coordinates": [[[303369.56360604166, 2772433.747093434], [303386.98213603353, 2772433.815219816], [303387.05094695045, 2772416.224486391], [303369.6323945056, 2772416.1563603254], [303369.56360604166, 2772433.747093434]]]}, "properties": {"height": 14, "color": "rgb(0,0,255)"}}, {"geometry": {"type": "Polygon", "coordinates": [[[303367.8057195273, 2772362.803489194], [303387.9921136234, 2772362.8824382406], [303388.05210271623, 2772347.546754102], [303367.86568593566, 2772347.4678053744], [303367.8057195273, 2772362.803489194]]]}, "properties": {"height": 14, "color": "rgb(0,0,255)"}}, {"geometry": {"type": "Polygon", "coordinates": [[[303467.2824103718, 2772439.9380593905], [303486.09065564803, 2772440.011756957], [303486.1870489406, 2772415.4155930253], [303467.37876976473, 2772415.3418959365], [303467.2824103718, 2772439.9380593905]]]}, "properties": {"height": 7, "color": "rgb(0,0,255)"}}, {"geometry": {"type": "Polygon", "coordinates": [[[303504.6463745954, 2772406.832544756], [303526.58223085944, 2772406.9185588406], [303526.6302852872, 2772394.665900469], [303504.694409328, 2772394.579886662], [303504.6463745954, 2772406.832544756]]]}, "properties": {"height": 14, "color": "rgb(0,0,255)"}}, {"geometry": {"type": "Polygon", "coordinates": [[[303452.7299130153, 2772362.0672653327], [303464.50298256543, 2772362.1133794533], [303464.58517944213, 2772341.1305133523], [303452.8120917903, 2772341.084399487], [303452.7299130153, 2772362.0672653327]]]}, "properties": {"height": 14, "color": "rgb(0,0,255)"}}, {"geometry": {"type": "Polygon", "coordinates": [[[303464.24023562, 2772361.452570135], [303484.87526767404, 2772361.5334198964], [303484.9639176665, 2772338.9118378414], [303464.3288514072, 2772338.830988562], [303464.24023562, 2772361.452570135]]]}, "properties": {"height": 7, "color": "rgb(0,0,255)"}}, {"geometry": {"type": "Polygon", "coordinates": [[[303390.1309005336, 2772350.614124695], [303425.5858734257, 2772350.752866332], [303425.61609078856, 2772343.0334701277], [303390.1610978413, 2772342.8947287733], [303390.1309005336, 2772350.614124695]]]}, "properties": {"height": 14, "color": "rgb(0,0,255)"}}, {"geometry": {"type": "Polygon", "coordinates": [[[303387.2417874234, 2772435.7554145404], [303413.4773501312, 2772435.858068151], [303413.55550048454, 2772415.8897316167], [303387.3198993873, 2772415.787078547], [303387.2417874234, 2772435.7554145404]]]}, "properties": {"height": 7, "color": "rgb(0,0,255)"}}, {"geometry": {"type": "Polygon", "coordinates": [[[303504.8406954378, 2772361.116317456], [303524.31347882556, 2772361.192670516], [303524.3581205414, 2772349.8094726633], [303504.8853209109, 2772349.7331198324], [303504.8406954378, 2772361.116317456]]]}, "properties": {"height": 14, "color": "rgb(0,0,255)"}}, {"geometry": {"type": "Polygon", "coordinates": [[[303504.53003052826, 2772349.9581207004], [303524.19810408837, 2772350.035238837], [303524.24250156654, 2772338.7142430814], [303504.57441169047, 2772338.637125176], [303504.53003052826, 2772349.9581207004]]]}, "properties": {"height": 14, "color": "rgb(0,0,255)"}}, {"geometry": {"type": "Polygon", "coordinates": [[[303387.2223937989, 2772388.2603176776], [303413.1939861141, 2772388.361936165], [303413.22918908164, 2772379.366956615], [303387.2575796477, 2772379.2653383682], [303387.2223937989, 2772388.2603176776]]]}, "properties": {"height": 14, "color": "rgb(0,0,255)"}}, {"geometry": {"type": "Polygon", "coordinates": [[[303369.1155115176, 2772402.8703898867], [303387.1107875024, 2772402.9407709036], [303387.14959325065, 2772393.0204308913], [303369.1543041843, 2772392.9500500583], [303369.1155115176, 2772402.8703898867]]]}, "properties": {"height": 17.5, "color": "rgb(0,0,255)"}}, {"geometry": {"type": "Polygon", "coordinates": [[[303428.45094312844, 2772387.8037515907], [303449.3877458466, 2772387.8857299327], [303449.46123534796, 2772369.1205456755], [303428.52440384036, 2772369.0385677395], [303428.45094312844, 2772387.8037515907]]]}, "properties": {"height": 7, "color": "rgb(0,0,255)"}}, {"geometry": {"type": "Polygon", "coordinates": [[[303390.3110348435, 2772360.8423652425], [303425.73593667924, 2772360.9809902157], [303425.76007766876, 2772354.8139229557], [303390.3351598244, 2772354.6752982074], [303390.3110348435, 2772360.8423652425]]]}, "properties": {"height": 10.5, "color": "rgb(0,0,255)"}}, {"geometry": {"type": "Polygon", "coordinates": [[[303442.8381882856, 2772356.050299883], [303452.83428843314, 2772356.089445772], [303452.8796749952, 2772344.50081948], [303442.8835663593, 2772344.4616737105], [303442.8381882856, 2772356.050299883]]]}, "properties": {"height": 21, "color": "rgb(0,0,255)"}}, {"geometry": {"type": "Polygon", "coordinates": [[[303390.2440005519, 2772355.221389323], [303425.65949036024, 2772355.35997696], [303425.6801787384, 2772350.074896294], [303390.2646752145, 2772349.936308851], [303390.2440005519, 2772355.221389323]]]}, "properties": {"height": 14, "color": "rgb(0,0,255)"}}, {"geometry": {"type": "Polygon", "coordinates": [[[303425.3592022812, 2772360.336879514], [303442.900753614, 2772360.4055567738], [303442.9764026907, 2772341.086371354], [303425.4348265252, 2772341.017694446], [303425.3592022812, 2772360.336879514]]]}, "properties": {"height": 7, "color": "rgb(0,0,255)"}}, {"geometry": {"type": "Polygon", "coordinates": [[[303505.81307780865, 2772421.2863983186], [303525.87834997696, 2772421.365078343], [303525.90412775206, 2772414.792359334], [303505.8388459195, 2772414.713679445], [303505.81307780865, 2772421.2863983186]]]}, "properties": {"height": 17.5, "color": "rgb(0,0,255)"}}, {"geometry": {"type": "Polygon", "coordinates": [[[303387.16611105914, 2772380.4814984705], [303413.1173656796, 2772380.583036933], [303413.1405640207, 2772374.655426961], [303387.18929812807, 2772374.5538886576], [303387.16611105914, 2772380.4814984705]]]}, "properties": {"height": 14, "color": "rgb(0,0,255)"}}, {"geometry": {"type": "Polygon", "coordinates": [[[303387.11467922095, 2772375.3519353922], [303413.12867797917, 2772375.4537190986], [303413.15030707914, 2772369.927069493], [303387.13629778585, 2772369.8252859344], [303387.11467922095, 2772375.3519353922]]]}, "properties": {"height": 10.5, "color": "rgb(0,0,255)"}}, {"geometry": {"type": "Polygon", "coordinates": [[[303458.84721553157, 2772387.103796255], [303469.45009535627, 2772387.1453315653], [303469.5207614013, 2772369.107869882], [303458.9178675623, 2772369.06633477], [303458.84721553157, 2772387.103796255]]]}, "properties": {"height": 10.5, "color": "rgb(0,0,255)"}}, {"geometry": {"type": "Polygon", "coordinates": [[[303460.7046486681, 2772407.808643971], [303466.96654361807, 2772407.83317414], [303467.0256363126, 2772392.7492375257], [303460.76373444125, 2772392.7247074535], [303460.7046486681, 2772407.808643971]]]}, "properties": {"height": 14, "color": "rgb(0,0,255)"}}, {"geometry": {"type": "Polygon", "coordinates": [[[303467.47172171593, 2772407.54055813], [303483.5221525923, 2772407.603447338], [303483.5452789694, 2772401.702069395], [303467.49484115216, 2772401.6391802845], [303467.47172171593, 2772407.54055813]]]}, "properties": {"height": 14, "color": "rgb(0,0,255)"}}, {"geometry": {"type": "Polygon", "coordinates": [[[303419.6347318637, 2772481.8391856267], [303441.7500423802, 2772481.9257684425], [303441.81637667504, 2772464.9858692964], [303419.7010387055, 2772464.899286867], [303419.6347318637, 2772481.8391856267]]]}, "properties": {"height": 17.5, "color": "rgb(0,0,255)"}}, {"geometry": {"type": "Polygon", "coordinates": [[[303468.39696445735, 2772491.2045323495], [303486.3633210911, 2772491.274933483], [303486.4585596611, 2772466.9740501423], [303468.49217103317, 2772466.9036494605], [303468.39696445735, 2772491.2045323495]]]}, "properties": {"height": 14, "color": "rgb(0,0,255)"}}, {"geometry": {"type": "Polygon", "coordinates": [[[303370.50426053617, 2772533.983922556], [303390.0195898786, 2772534.0602558064], [303390.10386730015, 2772512.5177825317], [303370.58850714937, 2772512.441449715], [303370.50426053617, 2772533.983922556]]]}, "properties": {"height": 14, "color": "rgb(0,0,255)"}}, {"geometry": {"type": "Polygon", "coordinates": [[[303506.35536122724, 2772472.417877824], [303527.09568825166, 2772472.49920792], [303527.1619248503, 2772455.6111610294], [303506.4215721585, 2772455.5298312963], [303506.35536122724, 2772472.417877824]]]}, "properties": {"height": 14, "color": "rgb(0,0,255)"}}, {"geometry": {"type": "Polygon", "coordinates": [[[303445.0669165689, 2772530.840538961], [303465.85657690675, 2772530.9219711404], [303465.9282533594, 2772512.626452406], [303445.13856514817, 2772512.545020619], [303445.0669165689, 2772530.840538961]]]}, "properties": {"height": 14, "color": "rgb(0,0,255)"}}, {"geometry": {"type": "Polygon", "coordinates": [[[303447.3351425984, 2772498.938504218], [303467.99994492286, 2772499.0194496154], [303468.06560183835, 2772482.260883284], [303447.4007741357, 2772482.1799382437], [303447.3351425984, 2772498.938504218]]]}, "properties": {"height": 14, "color": "rgb(0,0,255)"}}, {"geometry": {"type": "Polygon", "coordinates": [[[303467.8498860161, 2772455.317695133], [303484.2923135587, 2772455.382122227], [303484.3550883581, 2772439.3637960465], [303467.91264151514, 2772439.299369224], [303467.8498860161, 2772455.317695133]]]}, "properties": {"height": 17.5, "color": "rgb(0,0,255)"}}, {"geometry": {"type": "Polygon", "coordinates": [[[303507.02330821665, 2772517.8273165785], [303527.483596067, 2772517.907550828], [303527.5425537367, 2772502.8757733027], [303507.08224334836, 2772502.7955393707], [303507.02330821665, 2772517.8273165785]]]}, "properties": {"height": 14, "color": "rgb(0,0,255)"}}, {"geometry": {"type": "Polygon", "coordinates": [[[303403.28824673354, 2772481.956664182], [303419.8782881141, 2772482.0215919996], [303419.94687513926, 2772464.499237414], [303403.35681245633, 2772464.4343098965], [303403.28824673354, 2772481.956664182]]]}, "properties": {"height": 14, "color": "rgb(0,0,255)"}}, {"geometry": {"type": "Polygon", "coordinates": [[[303369.8901641664, 2772456.5617462476], [303384.83150399214, 2772456.6201835307], [303384.87687308196, 2772445.0217413544], [303369.9355205571, 2772444.96330425], [303369.8901641664, 2772456.5617462476]]]}, "properties": {"height": 21, "color": "rgb(0,0,255)"}}, {"geometry": {"type": "Polygon", "coordinates": [[[303375.47106439725, 2772481.776602084], [303392.2578275755, 2772481.8422657065], [303392.324637213, 2772464.7651622267], [303375.5378530275, 2772464.6994988997], [303375.47106439725, 2772481.776602084]]]}, "properties": {"height": 14, "color": "rgb(0,0,255)"}}, {"geometry": {"type": "Polygon", "coordinates": [[[303446.6147855494, 2772481.372723961], [303467.7170910613, 2772481.455381716], [303467.7958879729, 2772461.3426409783], [303446.69355135906, 2772461.2599836616], [303446.6147855494, 2772481.372723961]]]}, "properties": {"height": 7, "color": "rgb(0,0,255)"}}, {"geometry": {"type": "Polygon", "coordinates": [[[303445.823885425, 2772455.5357345687], [303467.449517846, 2772455.6204404593], [303467.5283585696, 2772435.4962027594], [303445.90269425744, 2772435.4114973187], [303445.823885425, 2772455.5357345687]]]}, "properties": {"height": 7, "color": "rgb(0,0,255)"}}, {"geometry": {"type": "Polygon", "coordinates": [[[303369.8612866539, 2772444.7266531982], [303386.4658741013, 2772444.7915962934], [303386.5092107916, 2772433.713015987], [303369.9046098641, 2772433.648073082], [303369.8612866539, 2772444.7266531982]]]}, "properties": {"height": 17.5, "color": "rgb(0,0,255)"}}, {"geometry": {"type": "Polygon", "coordinates": [[[303387.4814221643, 2772454.3138910397], [303398.5440147596, 2772454.357170746], [303398.60814140877, 2772437.9676081883], [303387.5455355271, 2772437.9243286685], [303387.4814221643, 2772454.3138910397]]]}, "properties": {"height": 17.5, "color": "rgb(0,0,255)"}}, {"geometry": {"type": "Polygon", "coordinates": [[[303432.86975512217, 2772498.2108856747], [303447.61495921155, 2772498.2686247705], [303447.6759225848, 2772482.7021230613], [303432.93070167507, 2772482.6443842025], [303432.86975512217, 2772498.2108856747]]]}, "properties": {"height": 14, "color": "rgb(0,0,255)"}}, {"geometry": {"type": "Polygon", "coordinates": [[[303424.5541303033, 2772450.210283273], [303435.14201616135, 2772450.2517343108], [303435.19429344486, 2772436.8997812443], [303424.60639722727, 2772436.858330352], [303424.5541303033, 2772450.210283273]]]}, "properties": {"height": 21, "color": "rgb(0,0,255)"}}, {"geometry": {"type": "Polygon", "coordinates": [[[303505.9555560992, 2772455.8987598903], [303524.79294079595, 2772455.972625516], [303524.81534252316, 2772450.260684448], [303505.97794994165, 2772450.1868189336], [303505.9555560992, 2772455.8987598903]]]}, "properties": {"height": 24.5, "color": "rgb(0,0,255)"}}, {"geometry": {"type": "Polygon", "coordinates": [[[303391.88970783574, 2772481.7143954667], [303403.6264694183, 2772481.760317293], [303403.69198940595, 2772465.0164245623], [303391.9552134224, 2772464.970502938], [303391.88970783574, 2772481.7143954667]]]}, "properties": {"height": 14, "color": "rgb(0,0,255)"}}, {"geometry": {"type": "Polygon", "coordinates": [[[303370.50495534413, 2772499.7652825634], [303380.59563316277, 2772499.8047477156], [303380.6618548658, 2772482.874352525], [303370.5711645279, 2772482.8348875493], [303370.50495534413, 2772499.7652825634]]]}, "properties": {"height": 14, "color": "rgb(0,0,255)"}}, {"geometry": {"type": "Polygon", "coordinates": [[[303467.934044941, 2772498.939642119], [303484.8324049741, 2772499.005857285], [303484.8633429656, 2772491.111602072], [303467.9649731568, 2772491.045387044], [303467.934044941, 2772498.939642119]]]}, "properties": {"height": 17.5, "color": "rgb(0,0,255)"}}, {"geometry": {"type": "Polygon", "coordinates": [[[303472.5705254119, 2772517.8219091054], [303487.1958200256, 2772517.8792216014], [303487.22599650716, 2772510.1796762277], [303472.60069364146, 2772510.122363848], [303472.5705254119, 2772517.8219091054]]]}, "properties": {"height": 21, "color": "rgb(0,0,255)"}}, {"geometry": {"type": "Polygon", "coordinates": [[[303398.1436067403, 2772454.097766956], [303409.4285705867, 2772454.1419255403], [303409.4981088047, 2772436.3728841273], [303398.213130264, 2772436.3287257496], [303398.1436067403, 2772454.097766956]]]}, "properties": {"height": 10.5, "color": "rgb(0,0,255)"}}, {"geometry": {"type": "Polygon", "coordinates": [[[303441.37705743767, 2772481.8611397557], [303447.0073800399, 2772481.8831883883], [303447.0783003147, 2772463.773937439], [303441.4479702407, 2772463.751888912], [303441.37705743767, 2772481.8611397557]]]}, "properties": {"height": 14, "color": "rgb(0,0,255)"}}, {"geometry": {"type": "Polygon", "coordinates": [[[303506.63026629423, 2772477.744263529], [303526.5568673594, 2772477.822402697], [303526.57888517104, 2772472.208586973], [303506.6522759084, 2772472.1304479195], [303506.63026629423, 2772477.744263529]]]}, "properties": {"height": 14, "color": "rgb(0,0,255)"}}, {"geometry": {"type": "Polygon", "coordinates": [[[303440.341101532, 2772455.922715581], [303446.0923797763, 2772455.9452372305], [303446.17067307234, 2772435.952749065], [303440.4193864021, 2772435.9302275344], [303440.341101532, 2772455.922715581]]]}, "properties": {"height": 10.5, "color": "rgb(0,0,255)"}}, {"geometry": {"type": "Polygon", "coordinates": [[[303440.0618569018, 2772530.8599680066], [303445.3480553172, 2772530.880668871], [303445.41982454655, 2772512.5544390553], [303440.13361903187, 2772512.5337382914], [303440.0618569018, 2772530.8599680066]]]}, "properties": {"height": 14, "color": "rgb(0,0,255)"}}, {"geometry": {"type": "Polygon", "coordinates": [[[303450.50794926344, 2772641.3572929804], [303468.37718304177, 2772641.4272943647], [303468.46183109115, 2772619.822742643], [303450.59256902063, 2772619.7527416577], [303450.50794926344, 2772641.3572929804]]]}, "properties": {"height": 14, "color": "rgb(0,0,255)"}}, {"geometry": {"type": "Polygon", "coordinates": [[[303471.91297593724, 2772658.5727791754], [303489.2680483364, 2772658.640793745], [303489.35665748373, 2772636.034247113], [303472.0015563319, 2772635.966232949], [303471.91297593724, 2772658.5727791754]]]}, "properties": {"height": 14, "color": "rgb(0,0,255)"}}, {"geometry": {"type": "Polygon", "coordinates": [[[303449.3915533029, 2772658.3033373076], [303469.49838835135, 2772658.3821048783], [303469.5638092792, 2772641.6853328478], [303449.4569496273, 2772641.606565624], [303449.3915533029, 2772658.3033373076]]]}, "properties": {"height": 17.5, "color": "rgb(0,0,255)"}}, {"geometry": {"type": "Polygon", "coordinates": [[[303474.9779540261, 2772636.2718496495], [303489.266852737, 2772636.3278489686], [303489.3135367661, 2772624.4174255654], [303475.024625583, 2772624.361426422], [303474.9779540261, 2772636.2718496495]]]}, "properties": {"height": 21, "color": "rgb(0,0,255)"}}, {"geometry": {"type": "Polygon", "coordinates": [[[303378.01044352574, 2772659.9783614054], [303389.54788834177, 2772660.0234948588], [303389.6130756848, 2772643.3614369407], [303378.0756167805, 2772643.316303686], [303378.01044352574, 2772659.9783614054]]]}, "properties": {"height": 10.5, "color": "rgb(0,0,255)"}}, {"geometry": {"type": "Polygon", "coordinates": [[[303372.1148759347, 2772660.051108782], [303378.4130443969, 2772660.0757427257], [303378.47618542705, 2772643.933363088], [303372.1780095141, 2772643.908729249], [303372.1148759347, 2772660.051108782]]]}, "properties": {"height": 10.5, "color": "rgb(0,0,255)"}}, {"geometry": {"type": "Polygon", "coordinates": [[[303473.27696035046, 2772747.120056765], [303490.31151715596, 2772747.1868191613], [303490.37987479474, 2772729.7479590345], [303473.345296218, 2772729.6811969457], [303473.27696035046, 2772747.120056765]]]}, "properties": {"height": 21, "color": "rgb(0,0,255)"}}, {"geometry": {"type": "Polygon", "coordinates": [[[303450.7570723156, 2772706.155366801], [303466.68995502987, 2772706.217783494], [303466.7811770964, 2772682.935236169], [303450.8482671957, 2772682.872819859], [303450.7570723156, 2772706.155366801]]]}, "properties": {"height": 17.5, "color": "rgb(0,0,255)"}}, {"geometry": {"type": "Polygon", "coordinates": [[[303471.51455482334, 2772729.7081783074], [303490.09360755456, 2772729.780992075], [303490.1512331103, 2772715.0798580134], [303471.57216036174, 2772715.0070445286], [303471.51455482334, 2772729.7081783074]]]}, "properties": {"height": 21, "color": "rgb(0,0,255)"}}, {"geometry": {"type": "Polygon", "coordinates": [[[303467.689576381, 2772715.7136434535], [303489.83701175253, 2772715.8004383747], [303489.8983100377, 2772700.1621693983], [303467.75084928324, 2772700.0753748356], [303467.689576381, 2772715.7136434535]]]}, "properties": {"height": 17.5, "color": "rgb(0,0,255)"}}, {"geometry": {"type": "Polygon", "coordinates": [[[303449.906370157, 2772746.539745891], [303466.47844790266, 2772746.6046670466], [303466.5609621617, 2772725.5448811417], [303449.98885883816, 2772725.4799603466], [303449.906370157, 2772746.539745891]]]}, "properties": {"height": 14, "color": "rgb(0,0,255)"}}, {"geometry": {"type": "Polygon", "coordinates": [[[303471.0021974306, 2772700.519766899], [303489.63334937574, 2772700.59278331], [303489.7027095617, 2772682.897597973], [303471.0715334551, 2772682.8245819015], [303471.0021974306, 2772700.519766899]]]}, "properties": {"height": 14, "color": "rgb(0,0,255)"}}, {"geometry": {"type": "Polygon", "coordinates": [[[303468.7223372577, 2772765.4303929424], [303490.4498492684, 2772765.515545247], [303490.4902431903, 2772755.2106839046], [303468.7627147703, 2772755.1255318313], [303468.7223372577, 2772765.4303929424]]]}, "properties": {"height": 21, "color": "rgb(0,0,255)"}}, {"geometry": {"type": "Polygon", "coordinates": [[[303373.280260829, 2772772.748691675], [303385.143172203, 2772772.795096501], [303385.20268003276, 2772757.5841897707], [303373.33975543414, 2772757.537785131], [303373.280260829, 2772772.748691675]]]}, "properties": {"height": 17.5, "color": "rgb(0,0,255)"}}, {"geometry": {"type": "Polygon", "coordinates": [[[303373.61526459706, 2772699.03999125], [303396.3606289809, 2772699.128972525], [303396.4000708463, 2772689.04898614], [303373.6546896597, 2772688.9600051017], [303373.61526459706, 2772699.03999125]]]}, "properties": {"height": 14, "color": "rgb(0,0,255)"}}, {"geometry": {"type": "Polygon", "coordinates": [[[303472.58952128864, 2772730.1976745604], [303488.95523829455, 2772730.2618139465], [303488.9848637779, 2772722.703763455], [303472.6191377067, 2772722.6396241966], [303472.58952128864, 2772730.1976745604]]]}, "properties": {"height": 21, "color": "rgb(0,0,255)"}}, {"geometry": {"type": "Polygon", "coordinates": [[[303440.20443899225, 2772772.1804812723], [303449.2231699027, 2772772.2158036367], [303449.2806749545, 2772757.5344502158], [303440.2619343401, 2772757.499127988], [303440.20443899225, 2772772.1804812723]]]}, "properties": {"height": 17.5, "color": "rgb(0,0,255)"}}, {"geometry": {"type": "Polygon", "coordinates": [[[303449.62252342794, 2772717.8939634776], [303466.8464365582, 2772717.9614374605], [303466.8734553904, 2772711.065511343], [303449.64953355544, 2772710.998037483], [303449.62252342794, 2772717.8939634776]]]}, "properties": {"height": 14, "color": "rgb(0,0,255)"}}, {"geometry": {"type": "Polygon", "coordinates": [[[303735.85867633205, 2772619.114176249], [303768.4959515556, 2772619.2427292317], [303768.6666472785, 2772575.91901185], [303736.02926843334, 2772575.790460336], [303735.85867633205, 2772619.114176249]]]}, "properties": {"height": 49, "color": "rgb(0,0,255)"}}, {"geometry": {"type": "Polygon", "coordinates": [[[303965.7219129501, 2772387.2429683274], [304026.4167194137, 2772387.483097255], [304026.55861621967, 2772351.637298366], [303965.8636503298, 2772351.3971717074], [303965.7219129501, 2772387.2429683274]]]}, "properties": {"height": 24.5, "color": "rgb(0,0,255)"}}, {"geometry": {"type": "Polygon", "coordinates": [[[303734.98074955825, 2772357.9489768706], [303769.4450688567, 2772358.0847118325], [303769.6178609716, 2772314.2249871716], [303735.1534309089, 2772314.0892537804], [303734.98074955825, 2772357.9489768706]]]}, "properties": {"height": 35, "color": "rgb(0,0,255)"}}, {"geometry": {"type": "Polygon", "coordinates": [[[303968.5475879635, 2772342.301797575], [304019.3758102621, 2772342.502879442], [304019.4635409992, 2772320.3372006402], [303968.6352361446, 2772320.1361199482], [303968.5475879635, 2772342.301797575]]]}, "properties": {"height": 38.5, "color": "rgb(0,0,255)"}}, {"geometry": {"type": "Polygon", "coordinates": [[[303815.0140224854, 2772445.988690192], [303839.11587647814, 2772446.0837490247], [303839.2496632498, 2772412.1699526096], [303815.14774935984, 2772412.0748946276], [303815.0140224854, 2772445.988690192]]]}, "properties": {"height": 52.5, "color": "rgb(0,0,255)"}}, {"geometry": {"type": "Polygon", "coordinates": [[[303828.88958235824, 2772337.92742701], [303895.56730319426, 2772338.1905671707], [303895.63898639986, 2772320.037767403], [303828.9611768714, 2772319.774628502], [303828.88958235824, 2772337.92742701]]]}, "properties": {"height": 35, "color": "rgb(0,0,255)"}}, {"geometry": {"type": "Polygon", "coordinates": [[[303641.3559827692, 2772352.091109687], [303694.1084479282, 2772352.2985440334], [303694.2555094969, 2772314.917569283], [303641.50289984164, 2772314.7101369817], [303641.3559827692, 2772352.091109687]]]}, "properties": {"height": 21, "color": "rgb(0,0,255)"}}, {"geometry": {"type": "Polygon", "coordinates": [[[303738.614920409, 2772562.202432606], [303772.9132385516, 2772562.3375340295], [303773.02582977345, 2772533.7628793344], [303738.72743980924, 2772533.627778929], [303738.614920409, 2772562.202432606]]]}, "properties": {"height": 38.5, "color": "rgb(0,0,255)"}}, {"geometry": {"type": "Polygon", "coordinates": [[[303374.91442855826, 2772860.598568015], [303385.5297192164, 2772860.6400947347], [303385.6270219013, 2772835.7694108533], [303375.0117118935, 2772835.7278844058], [303374.91442855826, 2772860.598568015]]]}, "properties": {"height": 24.5, "color": "rgb(0,0,255)"}}, {"geometry": {"type": "Polygon", "coordinates": [[[303511.39822052623, 2772870.682785495], [303525.8266884519, 2772870.7393758176], [303525.8951266768, 2772853.2924255463], [303511.46664030105, 2772853.2358354847], [303511.39822052623, 2772870.682785495]]]}, "properties": {"height": 24.5, "color": "rgb(0,0,255)"}}, {"geometry": {"type": "Polygon", "coordinates": [[[303384.86732200003, 2772855.2945865816], [303400.1794227223, 2772855.3545007636], [303400.25714039203, 2772835.4951935513], [303384.9450173827, 2772835.4352796827], [303384.86732200003, 2772855.2945865816]]]}, "properties": {"height": 17.5, "color": "rgb(0,0,255)"}}, {"geometry": {"type": "Polygon", "coordinates": [[[303510.8531411299, 2772847.610407604], [303524.98152505595, 2772847.665819714], [303525.04170439893, 2772832.3239234234], [303510.9133045865, 2772832.268511537], [303510.8531411299, 2772847.610407604]]]}, "properties": {"height": 21, "color": "rgb(0,0,255)"}}, {"geometry": {"type": "Polygon", "coordinates": [[[303373.5508381872, 2772795.6488420493], [303385.44470240385, 2772795.695368642], [303385.52445266256, 2772775.310545967], [303373.6305706765, 2772775.264019625], [303373.5508381872, 2772795.6488420493]]]}, "properties": {"height": 17.5, "color": "rgb(0,0,255)"}}, {"geometry": {"type": "Polygon", "coordinates": [[[303385.2337284123, 2772871.5670126206], [303400.43048825144, 2772871.62647623], [303400.4926258551, 2772855.74855685], [303385.29584833106, 2772855.68909349], [303385.2337284123, 2772871.5670126206]]]}, "properties": {"height": 14, "color": "rgb(0,0,255)"}}, {"geometry": {"type": "Polygon", "coordinates": [[[303376.61988139304, 2772899.9899072144], [303389.1280099467, 2772900.038841884], [303389.1851486376, 2772885.4353689714], [303376.6770066962, 2772885.3864344903], [303376.61988139304, 2772899.9899072144]]]}, "properties": {"height": 17.5, "color": "rgb(0,0,255)"}}, {"geometry": {"type": "Polygon", "coordinates": [[[303420.71192058636, 2772854.3554214067], [303432.66890139884, 2772854.4022373776], [303432.74610411696, 2772834.686504044], [303420.78910602664, 2772834.6396883167], [303420.71192058636, 2772854.3554214067]]]}, "properties": {"height": 10.5, "color": "rgb(0,0,255)"}}, {"geometry": {"type": "Polygon", "coordinates": [[[303432.3398556758, 2772849.3116709813], [303443.4768296676, 2772849.3552853893], [303443.53510294855, 2772834.4766696435], [303432.39811681217, 2772834.4330554064], [303432.3398556758, 2772849.3116709813]]]}, "properties": {"height": 14, "color": "rgb(0,0,255)"}}, {"geometry": {"type": "Polygon", "coordinates": [[[303616.6002823244, 2772359.2362853144], [303632.2356650071, 2772359.297717653], [303632.3125415158, 2772339.734366984], [303616.67713641917, 2772339.6729349624], [303616.6002823244, 2772359.2362853144]]]}, "properties": {"height": 17.5, "color": "rgb(0,0,255)"}}, {"geometry": {"type": "Polygon", "coordinates": [[[303644.8958239815, 2772385.582204392], [303658.33755996823, 2772385.6350451205], [303658.41782772867, 2772365.218850321], [303644.9760716325, 2772365.1660098773], [303644.8958239815, 2772385.582204392]]]}, "properties": {"height": 21, "color": "rgb(0,0,255)"}}, {"geometry": {"type": "Polygon", "coordinates": [[[303581.8296680701, 2772406.953520643], [303616.4200314015, 2772407.0893667773], [303616.5008939975, 2772386.50597651], [303581.91047849297, 2772386.370131114], [303581.8296680701, 2772406.953520643]]]}, "properties": {"height": 7, "color": "rgb(0,0,255)"}}, {"geometry": {"type": "Polygon", "coordinates": [[[303527.71855802136, 2772427.389343094], [303553.03159903747, 2772427.4886464323], [303553.0811134949, 2772414.870058344], [303527.7680490724, 2772414.770755336], [303527.71855802136, 2772427.389343094]]]}, "properties": {"height": 17.5, "color": "rgb(0,0,255)"}}, {"geometry": {"type": "Polygon", "coordinates": [[[303581.5654942896, 2772386.318601823], [303616.07936507725, 2772386.454145636], [303616.16091979423, 2772365.694269264], [303581.646996503, 2772365.5587261934], [303581.5654942896, 2772386.318601823]]]}, "properties": {"height": 7, "color": "rgb(0,0,255)"}}, {"geometry": {"type": "Polygon", "coordinates": [[[303558.93381864775, 2772432.6925184317], [303577.25317711075, 2772432.764422837], [303577.3147122207, 2772417.089528234], [303558.99533271533, 2772417.017624126], [303558.93381864775, 2772432.6925184317]]]}, "properties": {"height": 17.5, "color": "rgb(0,0,255)"}}, {"geometry": {"type": "Polygon", "coordinates": [[[303586.0373818779, 2772338.519449189], [303602.314221365, 2772338.58336524], [303602.4032238871, 2772315.9213687456], [303586.12635737093, 2772315.8574530757], [303586.0373818779, 2772338.519449189]]]}, "properties": {"height": 14, "color": "rgb(0,0,255)"}}, {"geometry": {"type": "Polygon", "coordinates": [[[303616.59586169926, 2772405.8960082186], [303635.13727112487, 2772405.96886187], [303635.25319687417, 2772376.4704648657], [303616.71174736985, 2772376.397611781], [303616.59586169926, 2772405.8960082186]]]}, "properties": {"height": 7, "color": "rgb(0,0,255)"}}, {"geometry": {"type": "Polygon", "coordinates": [[[303563.96546694194, 2772382.9920921265], [303570.51610173396, 2772383.0178027647], [303570.66145362286, 2772345.98663849], [303564.11080105545, 2772345.9609281034], [303563.96546694194, 2772382.9920921265]]]}, "properties": {"height": 17.5, "color": "rgb(0,0,255)"}}, {"geometry": {"type": "Polygon", "coordinates": [[[303581.24697347137, 2772358.644279943], [303613.3154701752, 2772358.7702151653], [303613.3893608589, 2772339.960052964], [303581.3208199536, 2772339.8341183662], [303581.24697347137, 2772358.644279943]]]}, "properties": {"height": 7, "color": "rgb(0,0,255)"}}, {"geometry": {"type": "Polygon", "coordinates": [[[303649.0688709562, 2772433.7513667746], [303659.65206499107, 2772433.7929732557], [303659.7281712365, 2772414.4361245492], [303649.1449621899, 2772414.3945182804], [303649.0688709562, 2772433.7513667746]]]}, "properties": {"height": 17.5, "color": "rgb(0,0,255)"}}, {"geometry": {"type": "Polygon", "coordinates": [[[303642.7873418337, 2772405.701530238], [303662.27681367216, 2772405.778147125], [303662.35743018624, 2772385.274920757], [303642.86792906607, 2772385.1983042844], [303642.7873418337, 2772405.701530238]]]}, "properties": {"height": 7, "color": "rgb(0,0,255)"}}, {"geometry": {"type": "Polygon", "coordinates": [[[303580.5464484079, 2772339.4302821024], [303586.5591698262, 2772339.4538882445], [303586.64948113303, 2772316.4518927555], [303580.6367495804, 2772316.428286757], [303580.5464484079, 2772339.4302821024]]]}, "properties": {"height": 10.5, "color": "rgb(0,0,255)"}}, {"geometry": {"type": "Polygon", "coordinates": [[[303643.7580823012, 2772433.650285995], [303649.4633484857, 2772433.6727122827], [303649.52906826045, 2772416.9543890012], [303643.8237950864, 2772416.931962813], [303643.7580823012, 2772433.650285995]]]}, "properties": {"height": 17.5, "color": "rgb(0,0,255)"}}, {"geometry": {"type": "Polygon", "coordinates": [[[303617.7241260367, 2772496.291560658], [303633.63447140343, 2772496.3540783264], [303633.7168822087, 2772475.3840942015], [303617.8065123926, 2772475.3215768794], [303617.7241260367, 2772496.291560658]]]}, "properties": {"height": 17.5, "color": "rgb(0,0,255)"}}, {"geometry": {"type": "Polygon", "coordinates": [[[303559.5330261075, 2772452.942103936], [303578.2983353294, 2772453.0157604627], [303578.3620256573, 2772436.792314966], [303559.5966941264, 2772436.718658754], [303559.5330261075, 2772452.942103936]]]}, "properties": {"height": 17.5, "color": "rgb(0,0,255)"}}, {"geometry": {"type": "Polygon", "coordinates": [[[303534.43393296056, 2772494.6898757163], [303551.56796887424, 2772494.7570978804], [303551.632036869, 2772478.429585359], [303534.4979804546, 2772478.362363485], [303534.43393296056, 2772494.6898757163]]]}, "properties": {"height": 17.5, "color": "rgb(0,0,255)"}}, {"geometry": {"type": "Polygon", "coordinates": [[[303648.2004115554, 2772491.653899126], [303670.59227945586, 2772491.7419402604], [303670.6529919357, 2772476.303863809], [303648.2610987031, 2772476.2158230334], [303648.2004115554, 2772491.653899126]]]}, "properties": {"height": 14, "color": "rgb(0,0,255)"}}, {"geometry": {"type": "Polygon", "coordinates": [[[303664.90486531187, 2772452.8508743104], [303680.5659262892, 2772452.9124653474], [303680.6420062, 2772433.570004803], [303664.98092302453, 2772433.5084140804], [303664.90486531187, 2772452.8508743104]]]}, "properties": {"height": 14, "color": "rgb(0,0,255)"}}, {"geometry": {"type": "Polygon", "coordinates": [[[303616.9140872427, 2772512.489853202], [303637.32649377914, 2772512.570063833], [303637.38789138664, 2772496.948222667], [303616.97546148225, 2772496.8680123664], [303616.9140872427, 2772512.489853202]]]}, "properties": {"height": 14, "color": "rgb(0,0,255)"}}, {"geometry": {"type": "Polygon", "coordinates": [[[303616.8510746426, 2772475.057339091], [303636.7661180505, 2772475.1355936755], [303636.81627692684, 2772462.372981683], [303616.9012148934, 2772462.294727362], [303616.8510746426, 2772475.057339091]]]}, "properties": {"height": 14, "color": "rgb(0,0,255)"}}, {"geometry": {"type": "Polygon", "coordinates": [[[303557.6088811696, 2772561.3796776133], [303581.4554160086, 2772561.4732839214], [303581.5242517503, 2772543.940988163], [303557.67768627295, 2772543.847382288], [303557.6088811696, 2772561.3796776133]]]}, "properties": {"height": 17.5, "color": "rgb(0,0,255)"}}, {"geometry": {"type": "Polygon", "coordinates": [[[303614.74088599265, 2772653.752341963], [303640.3195512517, 2772653.852860022], [303640.3892981619, 2772636.1086571887], [303614.81059964054, 2772636.008139601], [303614.74088599265, 2772653.752341963]]]}, "properties": {"height": 14, "color": "rgb(0,0,255)"}}, {"geometry": {"type": "Polygon", "coordinates": [[[303657.7270580089, 2772609.3859856413], [303683.9368450007, 2772609.489065144], [303684.0088087531, 2772591.1954187048], [303657.7989866235, 2772591.092339699], [303657.7270580089, 2772609.3859856413]]]}, "properties": {"height": 10.5, "color": "rgb(0,0,255)"}}, {"geometry": {"type": "Polygon", "coordinates": [[[303662.5617410624, 2772587.6946439953], [303688.6802079777, 2772587.7973726], [303688.73872357886, 2772572.9235226135], [303662.62022819417, 2772572.8207944115], [303662.5617410624, 2772587.6946439953]]]}, "properties": {"height": 14, "color": "rgb(0,0,255)"}}, {"geometry": {"type": "Polygon", "coordinates": [[[303554.8379471247, 2772654.062216143], [303585.14612276445, 2772654.1811922826], [303585.21096301306, 2772637.6683071726], [303554.9027506957, 2772637.549331551], [303554.8379471247, 2772654.062216143]]]}, "properties": {"height": 7, "color": "rgb(0,0,255)"}}, {"geometry": {"type": "Polygon", "coordinates": [[[303666.56233842997, 2772635.186869806], [303683.41178675793, 2772635.25314221], [303683.4682954823, 2772620.8882836704], [303666.6188294164, 2772620.822011518], [303666.56233842997, 2772635.186869806]]]}, "properties": {"height": 17.5, "color": "rgb(0,0,255)"}}, {"geometry": {"type": "Polygon", "coordinates": [[[303664.56800439884, 2772650.533721728], [303682.0467093777, 2772650.602467411], [303682.10376974795, 2772636.0970993266], [303664.6250461886, 2772636.0283539062], [303664.56800439884, 2772650.533721728]]]}, "properties": {"height": 17.5, "color": "rgb(0,0,255)"}}, {"geometry": {"type": "Polygon", "coordinates": [[[303648.64480620966, 2772637.5220182627], [303665.2154195349, 2772637.5871720877], [303665.2945061027, 2772617.4760728735], [303648.723868355, 2772617.4109193943], [303648.64480620966, 2772637.5220182627]]]}, "properties": {"height": 14, "color": "rgb(0,0,255)"}}, {"geometry": {"type": "Polygon", "coordinates": [[[303581.1139562982, 2772560.9260882973], [303596.846363447, 2772560.987866114], [303596.90578108607, 2772545.858686837], [303581.17335649463, 2772545.7969092657], [303581.1139562982, 2772560.9260882973]]]}, "properties": {"height": 17.5, "color": "rgb(0,0,255)"}}, {"geometry": {"type": "Polygon", "coordinates": [[[303649.81577409175, 2772653.058242254], [303665.29915674415, 2772653.1191223073], [303665.3493318263, 2772640.360106083], [303649.86593469616, 2772640.2992262347], [303649.81577409175, 2772653.058242254]]]}, "properties": {"height": 21, "color": "rgb(0,0,255)"}}, {"geometry": {"type": "Polygon", "coordinates": [[[303534.0347965297, 2772644.523445675], [303548.6082550101, 2772644.580623617], [303548.65436108125, 2772632.8307286757], [303534.08089005173, 2772632.7735509113], [303534.0347965297, 2772644.523445675]]]}, "properties": {"height": 21, "color": "rgb(0,0,255)"}}, {"geometry": {"type": "Polygon", "coordinates": [[[303599.8009088268, 2772654.109749171], [303615.30140976113, 2772654.170639762], [303615.36920632713, 2772636.9145766944], [303599.8686857905, 2772636.8536863807], [303599.8009088268, 2772654.109749171]]]}, "properties": {"height": 14, "color": "rgb(0,0,255)"}}, {"geometry": {"type": "Polygon", "coordinates": [[[303584.5726859966, 2772654.5089882123], [303600.2514122684, 2772654.5705615426], [303600.32119942066, 2772636.8028544835], [303584.6424527333, 2772636.741281442], [303584.5726859966, 2772654.5089882123]]]}, "properties": {"height": 10.5, "color": "rgb(0,0,255)"}}, {"geometry": {"type": "Polygon", "coordinates": [[[303624.15033255843, 2772628.2824299256], [303638.6504932009, 2772628.339415617], [303638.69062169973, 2772618.1299751555], [303624.19045020826, 2772618.0729896175], [303624.15033255843, 2772628.2824299256]]]}, "properties": {"height": 17.5, "color": "rgb(0,0,255)"}}, {"geometry": {"type": "Polygon", "coordinates": [[[303596.49326828314, 2772561.31923855], [303604.7725922169, 2772561.3517567688], [303604.8354185239, 2772545.3570129024], [303596.5560848856, 2772545.3244948206], [303596.49326828314, 2772561.31923855]]]}, "properties": {"height": 17.5, "color": "rgb(0,0,255)"}}, {"geometry": {"type": "Polygon", "coordinates": [[[303623.299560675, 2772559.5034619467], [303638.2459898219, 2772559.562199131], [303638.2927713928, 2772547.6596637447], [303623.3463292088, 2772547.600926745], [303623.299560675, 2772559.5034619467]]]}, "properties": {"height": 10.5, "color": "rgb(0,0,255)"}}, {"geometry": {"type": "Polygon", "coordinates": [[[303528.2837528226, 2772591.1824995615], [303548.1183113928, 2772591.2603128226], [303548.14615495317, 2772584.164310182], [303528.3115860686, 2772584.086497067], [303528.2837528226, 2772591.1824995615]]]}, "properties": {"height": 14, "color": "rgb(0,0,255)"}}, {"geometry": {"type": "Polygon", "coordinates": [[[303647.1042715498, 2772604.5647507133], [303658.0272906009, 2772604.607694746], [303658.07684926176, 2772592.00346991], [303647.15382012114, 2772591.96052602], [303647.1042715498, 2772604.5647507133]]]}, "properties": {"height": 14, "color": "rgb(0,0,255)"}}, {"geometry": {"type": "Polygon", "coordinates": [[[303591.3033413193, 2772636.326673285], [303615.8550513715, 2772636.423111876], [303615.8803843942, 2772629.9752025516], [303591.3286627404, 2772629.878764124], [303591.3033413193, 2772636.326673285]]]}, "properties": {"height": 10.5, "color": "rgb(0,0,255)"}}, {"geometry": {"type": "Polygon", "coordinates": [[[303604.4649052264, 2772560.619819042], [303613.73536894046, 2772560.6562358434], [303613.79375826515, 2772545.793572292], [303604.52328445396, 2772545.7571556335], [303604.4649052264, 2772560.619819042]]]}, "properties": {"height": 14, "color": "rgb(0,0,255)"}}, {"geometry": {"type": "Polygon", "coordinates": [[[303624.2523410702, 2772636.2153431363], [303638.8978376232, 2772636.2729003737], [303638.925904069, 2772629.1323316167], [303624.280399852, 2772629.0747744874], [303624.2523410702, 2772636.2153431363]]]}, "properties": {"height": 17.5, "color": "rgb(0,0,255)"}}, {"geometry": {"type": "Polygon", "coordinates": [[[303652.3119792717, 2772585.469402333], [303662.8551433106, 2772585.510856512], [303662.8965748283, 2772574.974472261], [303652.3534026485, 2772574.933018198], [303652.3119792717, 2772585.469402333]]]}, "properties": {"height": 14, "color": "rgb(0,0,255)"}}, {"geometry": {"type": "Polygon", "coordinates": [[[303613.5763719215, 2772559.596469722], [303623.5472511883, 2772559.635644836], [303623.58937313536, 2772548.915712582], [303613.61848603556, 2772548.876537579], [303613.5763719215, 2772559.596469722]]]}, "properties": {"height": 10.5, "color": "rgb(0,0,255)"}}, {"geometry": {"type": "Polygon", "coordinates": [[[303565.66544045485, 2772699.697781204], [303590.91595501534, 2772699.796920472], [303590.9851406653, 2772682.179614067], [303565.73459350335, 2772682.080475259], [303565.66544045485, 2772699.697781204]]]}, "properties": {"height": 14, "color": "rgb(0,0,255)"}}, {"geometry": {"type": "Polygon", "coordinates": [[[303578.92577713885, 2772768.191147005], [303598.5988413034, 2772768.2684052], [303598.6522959527, 2772754.659154279], [303578.9792121661, 2772754.581896362], [303578.92577713885, 2772768.191147005]]]}, "properties": {"height": 21, "color": "rgb(0,0,255)"}}, {"geometry": {"type": "Polygon", "coordinates": [[[303602.15530373796, 2772722.979937928], [303622.0860389352, 2772723.058240686], [303622.146311389, 2772707.719647432], [303602.215553787, 2772707.641344991], [303602.15530373796, 2772722.979937928]]]}, "properties": {"height": 17.5, "color": "rgb(0,0,255)"}}, {"geometry": {"type": "Polygon", "coordinates": [[[303573.305366426, 2772742.9399387715], [303612.90587942186, 2772743.095465151], [303612.97823937115, 2772724.67774278], [303573.3776729224, 2772724.5222171564], [303573.305366426, 2772742.9399387715]]]}, "properties": {"height": 7, "color": "rgb(0,0,255)"}}, {"geometry": {"type": "Polygon", "coordinates": [[[303531.3789388751, 2772707.8009342244], [303548.9219862018, 2772707.869763421], [303549.0094315705, 2772685.5854308605], [303531.46635559335, 2772685.5166020687], [303531.3789388751, 2772707.8009342244]]]}, "properties": {"height": 14, "color": "rgb(0,0,255)"}}, {"geometry": {"type": "Polygon", "coordinates": [[[303590.2545685752, 2772682.226795665], [303606.5271945629, 2772682.2907092078], [303606.5619905882, 2772673.432843092], [303590.2893540369, 2772673.368929698], [303590.2545685752, 2772682.226795665]]]}, "properties": {"height": 31.5, "color": "rgb(0,0,255)"}}, {"geometry": {"type": "Polygon", "coordinates": [[[303590.57036333426, 2772692.7264476633], [303606.28420685866, 2772692.7881667996], [303606.317403687, 2772684.3373996643], [303590.60355043056, 2772684.2756806654], [303590.57036333426, 2772692.7264476633]]]}, "properties": {"height": 35, "color": "rgb(0,0,255)"}}, {"geometry": {"type": "Polygon", "coordinates": [[[303648.4288064577, 2772679.618964517], [303683.53171841934, 2772679.7570109623], [303683.6013367191, 2772662.0599719696], [303648.4983792308, 2772661.9219261687], [303648.4288064577, 2772679.618964517]]]}, "properties": {"height": 7, "color": "rgb(0,0,255)"}}, {"geometry": {"type": "Polygon", "coordinates": [[[303532.95877873886, 2772683.0252738553], [303549.3881088878, 2772683.0897340197], [303549.4527585936, 2772666.6145763234], [303533.0234086078, 2772666.5501164393], [303532.95877873886, 2772683.0252738553]]]}, "properties": {"height": 17.5, "color": "rgb(0,0,255)"}}, {"geometry": {"type": "Polygon", "coordinates": [[[303621.6992369938, 2772722.4898086274], [303630.08375562594, 2772722.5227577095], [303630.1371056365, 2772708.9478662093], [303621.75257866277, 2772708.914917245], [303621.6992369938, 2772722.4898086274]]]}, "properties": {"height": 35, "color": "rgb(0,0,255)"}}, {"geometry": {"type": "Polygon", "coordinates": [[[303649.3154709041, 2772723.228427065], [303667.7794419257, 2772723.3010301045], [303667.8481017422, 2772705.8428284684], [303649.3841070966, 2772705.770225763], [303649.3154709041, 2772723.228427065]]]}, "properties": {"height": 14, "color": "rgb(0,0,255)"}}, {"geometry": {"type": "Polygon", "coordinates": [[[303553.4193430983, 2772743.171557023], [303573.92398551933, 2772743.252042387], [303573.9877016038, 2772727.0226434786], [303553.48303479404, 2772726.9421584588], [303553.4193430983, 2772743.171557023]]]}, "properties": {"height": 10.5, "color": "rgb(0,0,255)"}}, {"geometry": {"type": "Polygon", "coordinates": [[[303613.366302166, 2772678.6529811686], [303631.1825293892, 2772678.722988548], [303631.23346311896, 2772665.7629528344], [303613.41721897403, 2772665.692945693], [303613.366302166, 2772678.6529811686]]]}, "properties": {"height": 14, "color": "rgb(0,0,255)"}}, {"geometry": {"type": "Polygon", "coordinates": [[[303529.14533373277, 2772729.1985760457], [303548.63386846596, 2772729.2750371275], [303548.72248505824, 2772706.6923089176], [303529.23391807073, 2772706.6158482907], [303529.14533373277, 2772729.1985760457]]]}, "properties": {"height": 7, "color": "rgb(0,0,255)"}}, {"geometry": {"type": "Polygon", "coordinates": [[[303567.28375275235, 2772725.2467248063], [303592.6824056081, 2772725.346449894], [303592.7510063395, 2772707.8788453294], [303567.35232096934, 2772707.7791207], [303567.28375275235, 2772725.2467248063]]]}, "properties": {"height": 7, "color": "rgb(0,0,255)"}}, {"geometry": {"type": "Polygon", "coordinates": [[[303649.8869033297, 2772740.7378831096], [303671.0414710813, 2772740.821069538], [303671.1108803506, 2772723.173502684], [303649.9562852385, 2772723.0903166425], [303649.8869033297, 2772740.7378831096]]]}, "properties": {"height": 7, "color": "rgb(0,0,255)"}}, {"geometry": {"type": "Polygon", "coordinates": [[[303564.98830312607, 2772782.715692099], [303579.7556770416, 2772782.77366774], [303579.80120836245, 2772771.1776477583], [303565.03382189665, 2772771.1196722947], [303564.98830312607, 2772782.715692099]]]}, "properties": {"height": 14, "color": "rgb(0,0,255)"}}, {"geometry": {"type": "Polygon", "coordinates": [[[303666.2525024367, 2772694.573306321], [303677.1448802991, 2772694.61614674], [303677.1969687175, 2772681.373735776], [303666.30458028405, 2772681.330895507], [303666.2525024367, 2772694.573306321]]]}, "properties": {"height": 17.5, "color": "rgb(0,0,255)"}}, {"geometry": {"type": "Polygon", "coordinates": [[[303555.1285027357, 2772766.8167604096], [303564.59545106697, 2772766.8539180425], [303564.6505420456, 2772752.819154474], [303555.1835839766, 2772752.7819969794], [303555.1285027357, 2772766.8167604096]]]}, "properties": {"height": 21, "color": "rgb(0,0,255)"}}, {"geometry": {"type": "Polygon", "coordinates": [[[303535.87039061467, 2772768.716886326], [303545.4087325586, 2772768.7543107704], [303545.46053686086, 2772755.552131444], [303535.92218568793, 2772755.5147071294], [303535.87039061467, 2772768.716886326]]]}, "properties": {"height": 21, "color": "rgb(0,0,255)"}}, {"geometry": {"type": "Polygon", "coordinates": [[[303564.4645666489, 2772771.2379379794], [303579.78531692707, 2772771.2980855755], [303579.8539985392, 2772753.8060068996], [303564.53322862013, 2772753.7458595806], [303564.4645666489, 2772771.2379379794]]]}, "properties": {"height": 7, "color": "rgb(0,0,255)"}}, {"geometry": {"type": "Polygon", "coordinates": [[[303555.55622457643, 2772682.7000700324], [303562.6333131387, 2772682.7278461442], [303562.69249195844, 2772667.6506048036], [303555.6153955763, 2772667.622828802], [303555.55622457643, 2772682.7000700324]]]}, "properties": {"height": 17.5, "color": "rgb(0,0,255)"}}, {"geometry": {"type": "Polygon", "coordinates": [[[303631.01203906944, 2772678.4016599664], [303640.9640778393, 2772678.4407756706], [303641.0134408696, 2772665.882692526], [303631.0613929405, 2772665.8435769523], [303631.01203906944, 2772678.4016599664]]]}, "properties": {"height": 14, "color": "rgb(0,0,255)"}}, {"geometry": {"type": "Polygon", "coordinates": [[[303537.3232490395, 2772744.7079987447], [303547.468850189, 2772744.7478067335], [303547.52721499885, 2772729.8741222387], [303537.3816027899, 2772729.834314406], [303537.3232490395, 2772744.7079987447]]]}, "properties": {"height": 10.5, "color": "rgb(0,0,255)"}}, {"geometry": {"type": "Polygon", "coordinates": [[[303648.8110469065, 2772698.983363075], [303656.2354845253, 2772699.0125534837], [303656.30802134686, 2772680.5643869583], [303648.88357369014, 2772680.5351966913], [303648.8110469065, 2772698.983363075]]]}, "properties": {"height": 14, "color": "rgb(0,0,255)"}}, {"geometry": {"type": "Polygon", "coordinates": [[[303557.90886825154, 2772724.507025817], [303567.74574023165, 2772724.545636861], [303567.7851911713, 2772714.495692173], [303557.9483119459, 2772714.4570812304], [303557.90886825154, 2772724.507025817]]]}, "properties": {"height": 17.5, "color": "rgb(0,0,255)"}}, {"geometry": {"type": "Polygon", "coordinates": [[[303606.5299231568, 2772680.6090634605], [303614.06018550484, 2772680.638646412], [303614.11615463276, 2772666.3928189217], [303606.58588442294, 2772666.363236081], [303606.5299231568, 2772680.6090634605]]]}, "properties": {"height": 14, "color": "rgb(0,0,255)"}}, {"geometry": {"type": "Polygon", "coordinates": [[[303550.26606364077, 2772772.184139691], [303555.62927296356, 2772772.2051875372], [303555.69773324986, 2772754.761619603], [303550.3345170707, 2772754.740571854], [303550.26606364077, 2772772.184139691]]]}, "properties": {"height": 14, "color": "rgb(0,0,255)"}}, {"geometry": {"type": "Polygon", "coordinates": [[[303512.1401956767, 2772897.4074083883], [303526.9809344378, 2772897.465617359], [303527.05645705963, 2772878.213262789], [303512.21569735743, 2772878.1550541124], [303512.1401956767, 2772897.4074083883]]]}, "properties": {"height": 24.5, "color": "rgb(0,0,255)"}}, {"geometry": {"type": "Polygon", "coordinates": [[[303524.4789387139, 2772849.9950081613], [303550.76379931404, 2772850.098136534], [303550.8363649538, 2772831.6074391133], [303524.55146873207, 2772831.5043112435], [303524.4789387139, 2772849.9950081613]]]}, "properties": {"height": 14, "color": "rgb(0,0,255)"}}, {"geometry": {"type": "Polygon", "coordinates": [[[303553.7692076647, 2772893.914081997], [303575.2844849716, 2772893.9985409025], [303575.33916114416, 2772880.072957224], [303553.8238618778, 2772879.9884986286], [303553.7692076647, 2772893.914081997]]]}, "properties": {"height": 21, "color": "rgb(0,0,255)"}}, {"geometry": {"type": "Polygon", "coordinates": [[[303540.9945497927, 2772864.0409106878], [303561.3616982913, 2772864.1208416736], [303561.40619392804, 2772852.7850793446], [303541.039028508, 2772852.7051485977], [303540.9945497927, 2772864.0409106878]]]}, "properties": {"height": 24.5, "color": "rgb(0,0,255)"}}, {"geometry": {"type": "Polygon", "coordinates": [[[303648.2072167445, 2772908.223312903], [303667.0988067401, 2772908.297601803], [303667.23001841526, 2772874.936294647], [303648.3383822269, 2772874.8620064007], [303648.2072167445, 2772908.223312903]]]}, "properties": {"height": 7, "color": "rgb(0,0,255)"}}, {"geometry": {"type": "Polygon", "coordinates": [[[303646.9275433576, 2772848.399383958], [303661.66757483647, 2772848.457342307], [303661.7451016448, 2772828.743281238], [303647.0050488684, 2772828.68532319], [303646.9275433576, 2772848.399383958]]]}, "properties": {"height": 17.5, "color": "rgb(0,0,255)"}}, {"geometry": {"type": "Polygon", "coordinates": [[[303575.5984207482, 2772868.653985744], [303590.8647914878, 2772868.7139346725], [303590.9277449751, 2772852.6846744474], [303575.6613563003, 2772852.6247257716], [303575.5984207482, 2772868.653985744]]]}, "properties": {"height": 17.5, "color": "rgb(0,0,255)"}}, {"geometry": {"type": "Polygon", "coordinates": [[[303540.62489194446, 2772792.3535340014], [303555.54281976935, 2772792.412074386], [303555.62337783305, 2772771.8861391256], [303540.7054275665, 2772771.8275990575], [303540.62489194446, 2772792.3535340014]]]}, "properties": {"height": 14, "color": "rgb(0,0,255)"}}, {"geometry": {"type": "Polygon", "coordinates": [[[303550.30618142674, 2772849.715591025], [303562.9396710289, 2772849.7651759735], [303563.0121098778, 2772831.310979872], [303550.37860318844, 2772831.2613951648], [303550.30618142674, 2772849.715591025]]]}, "properties": {"height": 17.5, "color": "rgb(0,0,255)"}}, {"geometry": {"type": "Polygon", "coordinates": [[[303667.1786429361, 2772865.894179147], [303686.3078303438, 2772865.9694278254], [303686.37135166157, 2772849.8243200816], [303667.24214161816, 2772849.7490717233], [303667.1786429361, 2772865.894179147]]]}, "properties": {"height": 10.5, "color": "rgb(0,0,255)"}}, {"geometry": {"type": "Polygon", "coordinates": [[[303646.86788828333, 2772867.0802740976], [303662.83625026006, 2772867.1430634176], [303662.9071809035, 2772849.1068576016], [303646.938797818, 2772849.0440685796], [303646.86788828333, 2772867.0802740976]]]}, "properties": {"height": 10.5, "color": "rgb(0,0,255)"}}, {"geometry": {"type": "Polygon", "coordinates": [[[303561.1537267591, 2772867.2510810993], [303575.9364636278, 2772867.3091149214], [303575.97625056445, 2772857.1757193287], [303561.19350271666, 2772857.117685662], [303561.1537267591, 2772867.2510810993]]]}, "properties": {"height": 21, "color": "rgb(0,0,255)"}}, {"geometry": {"type": "Polygon", "coordinates": [[[303555.38694108144, 2772788.4203788303], [303565.22998794436, 2772788.4590133084], [303565.2955419943, 2772771.759056699], [303555.45248308405, 2772771.720422391], [303555.38694108144, 2772788.4203788303]]]}, "properties": {"height": 17.5, "color": "rgb(0,0,255)"}}, {"geometry": {"type": "Polygon", "coordinates": [[[303530.6928039069, 2772894.2810417414], [303542.6499381167, 2772894.3279554504], [303542.70407793834, 2772880.530574144], [303530.74693163694, 2772880.4836606053], [303530.6928039069, 2772894.2810417414]]]}, "properties": {"height": 14, "color": "rgb(0,0,255)"}}, {"geometry": {"type": "Polygon", "coordinates": [[[303542.2366734608, 2772893.3420526087], [303553.76409264625, 2772893.3872898873], [303553.81653249555, 2772880.0259109484], [303542.28910202143, 2772879.980673829], [303542.2366734608, 2772893.3420526087]]]}, "properties": {"height": 14, "color": "rgb(0,0,255)"}}, {"geometry": {"type": "Polygon", "coordinates": [[[303590.04677170166, 2772867.9623675817], [303600.8419254706, 2772868.004768308], [303600.9098377351, 2772850.716110629], [303590.11467028747, 2772850.6737100957], [303590.04677170166, 2772867.9623675817]]]}, "properties": {"height": 10.5, "color": "rgb(0,0,255)"}}, {"geometry": {"type": "Polygon", "coordinates": [[[303600.2542635582, 2772867.814925922], [303615.4349891833, 2772867.8745658947], [303615.5057815985, 2772849.857600192], [303600.32503592724, 2772849.7979605026], [303600.2542635582, 2772867.814925922]]]}, "properties": {"height": 7, "color": "rgb(0,0,255)"}}, {"geometry": {"type": "Polygon", "coordinates": [[[303624.37841327954, 2772866.9623590796], [303630.034074576, 2772866.98458629], [303630.0975284088, 2772850.8397156177], [303624.44186042005, 2772850.8174885013], [303624.37841327954, 2772866.9623590796]]]}, "properties": {"height": 17.5, "color": "rgb(0,0,255)"}}, {"geometry": {"type": "Polygon", "coordinates": [[[303614.8584978313, 2772867.9927198985], [303620.2374150353, 2772868.013855684], [303620.3048396297, 2772850.855554744], [303614.9259156613, 2772850.834419055], [303614.8584978313, 2772867.9927198985]]]}, "properties": {"height": 14, "color": "rgb(0,0,255)"}}, {"geometry": {"type": "Polygon", "coordinates": [[[303666.4201477807, 2772892.344565607], [303672.08621385274, 2772892.3668514], [303672.15101089515, 2772875.8933086176], [303666.4849379819, 2772875.8710229225], [303666.4201477807, 2772892.344565607]]]}, "properties": {"height": 14, "color": "rgb(0,0,255)"}}, {"geometry": {"type": "Polygon", "coordinates": [[[303662.19886719453, 2772866.491151729], [303667.7920399652, 2772866.5131488396], [303667.85848923674, 2772849.6180229317], [303662.2653095402, 2772849.5960259195], [303662.19886719453, 2772866.491151729]]]}, "properties": {"height": 14, "color": "rgb(0,0,255)"}}, {"geometry": {"type": "Polygon", "coordinates": [[[303832.93303118774, 2772437.5400882172], [303839.06715095317, 2772437.5642854017], [303839.1347443338, 2772420.4299175832], [303833.0006168664, 2772420.4057205073], [303832.93303118774, 2772437.5400882172]]]}, "properties": {"height": 59.5, "color": "rgb(0,0,255)"}}, {"geometry": {"type": "Polygon", "coordinates": [[[303752.86194612866, 2772386.230965173], [303763.0604625825, 2772386.2711359737], [303763.1006976636, 2772376.0572513817], [303752.9021735767, 2772376.0170806893], [303752.86194612866, 2772386.230965173]]]}, "properties": {"height": 42, "color": "rgb(0,0,255)"}}, {"geometry": {"type": "Polygon", "coordinates": [[[303703.9958194501, 2772433.0654257135], [303714.994974324, 2772433.1087119123], [303715.0842976084, 2772410.413630658], [303704.0851244422, 2772410.370344718], [303703.9958194501, 2772433.0654257135]]]}, "properties": {"height": 17.5, "color": "rgb(0,0,255)"}}, {"geometry": {"type": "Polygon", "coordinates": [[[303717.06168409693, 2772336.9385213633], [303733.2294394421, 2772337.00216416], [303733.31788711186, 2772314.5362981386], [303717.1501051512, 2772314.472655719], [303717.06168409693, 2772336.9385213633]]]}, "properties": {"height": 14, "color": "rgb(0,0,255)"}}, {"geometry": {"type": "Polygon", "coordinates": [[[303700.3201244693, 2772331.356114918], [303717.36071727716, 2772331.4231730443], [303717.40176292905, 2772320.9944217545], [303700.36115709913, 2772320.9273638125], [303700.3201244693, 2772331.356114918]]]}, "properties": {"height": 17.5, "color": "rgb(0,0,255)"}}, {"geometry": {"type": "Polygon", "coordinates": [[[303700.4017421949, 2772356.175283278], [303730.1857546238, 2772356.2925045756], [303730.24686243257, 2772340.77027386], [303700.46281612676, 2772340.653053042], [303700.4017421949, 2772356.175283278]]]}, "properties": {"height": 7, "color": "rgb(0,0,255)"}}, {"geometry": {"type": "Polygon", "coordinates": [[[303714.59148774296, 2772433.9970921655], [303722.4694070405, 2772434.028100245], [303722.55674127804, 2772411.841489416], [303714.67880917253, 2772411.8104815176], [303714.59148774296, 2772433.9970921655]]]}, "properties": {"height": 14, "color": "rgb(0,0,255)"}}, {"geometry": {"type": "Polygon", "coordinates": [[[303700.3994206629, 2772337.520971567], [303717.435295994, 2772337.588011395], [303717.4762915122, 2772327.1720387405], [303700.44040317857, 2772327.104999097], [303700.3994206629, 2772337.520971567]]]}, "properties": {"height": 14, "color": "rgb(0,0,255)"}}, {"geometry": {"type": "Polygon", "coordinates": [[[303684.59520819096, 2772430.77826638], [303695.71151015046, 2772430.8219978064], [303695.76276182133, 2772417.795408618], [303684.6464492505, 2772417.751677342], [303684.59520819096, 2772430.77826638]]]}, "properties": {"height": 17.5, "color": "rgb(0,0,255)"}}, {"geometry": {"type": "Polygon", "coordinates": [[[303700.25705800863, 2772322.1653927625], [303717.24347144616, 2772322.232237318], [303717.27269326494, 2772314.8076082417], [303700.2862705861, 2772314.740763817], [303700.25705800863, 2772322.1653927625]]]}, "properties": {"height": 14, "color": "rgb(0,0,255)"}}, {"geometry": {"type": "Polygon", "coordinates": [[[303729.820717382, 2772356.5181664336], [303744.2228456156, 2772356.5748719983], [303744.28570878133, 2772340.6109273257], [303729.8835637004, 2772340.554222], [303729.820717382, 2772356.5181664336]]]}, "properties": {"height": 7, "color": "rgb(0,0,255)"}}, {"geometry": {"type": "Polygon", "coordinates": [[[303755.7209371105, 2772492.8524119793], [303771.23869668733, 2772492.913543625], [303771.306332676, 2772475.747138408], [303755.78855357826, 2772475.6860070396], [303755.7209371105, 2772492.8524119793]]]}, "properties": {"height": 21, "color": "rgb(0,0,255)"}}, {"geometry": {"type": "Polygon", "coordinates": [[[303753.9293317721, 2772522.76115346], [303767.1299497791, 2772522.813154596], [303767.160062394, 2772515.169920726], [303753.95943699323, 2772515.1179196956], [303753.9293317721, 2772522.76115346]]]}, "properties": {"height": 49, "color": "rgb(0,0,255)"}}, {"geometry": {"type": "Polygon", "coordinates": [[[303680.2999399926, 2772453.1447694665], [303696.0326550713, 2772453.206660095], [303696.1112315463, 2772433.2352305097], [303680.37849344284, 2772433.173340207], [303680.2999399926, 2772453.1447694665]]]}, "properties": {"height": 17.5, "color": "rgb(0,0,255)"}}, {"geometry": {"type": "Polygon", "coordinates": [[[303707.40168827685, 2772494.719304567], [303717.7384930921, 2772494.7599875038], [303717.80253286014, 2772478.4901515837], [303707.46571572067, 2772478.4494688213], [303707.40168827685, 2772494.719304567]]]}, "properties": {"height": 24.5, "color": "rgb(0,0,255)"}}, {"geometry": {"type": "Polygon", "coordinates": [[[303734.00878909574, 2772493.050913052], [303747.142830316, 2772493.102632089], [303747.20971246425, 2772476.119947861], [303734.07565489865, 2772476.0682290555], [303734.00878909574, 2772493.050913052]]]}, "properties": {"height": 17.5, "color": "rgb(0,0,255)"}}, {"geometry": {"type": "Polygon", "coordinates": [[[303702.78526916984, 2772493.4441580274], [303711.3982051253, 2772493.478052796], [303711.45456066, 2772479.1587674525], [303702.8416156667, 2772479.124872812], [303702.78526916984, 2772493.4441580274]]]}, "properties": {"height": 21, "color": "rgb(0,0,255)"}}, {"geometry": {"type": "Polygon", "coordinates": [[[303737.94120447314, 2772540.784544524], [303754.318832832, 2772540.8490440394], [303754.34348467184, 2772534.5904297386], [303737.9658488015, 2772534.525930329], [303737.94120447314, 2772540.784544524]]]}, "properties": {"height": 17.5, "color": "rgb(0,0,255)"}}, {"geometry": {"type": "Polygon", "coordinates": [[[303755.9308639497, 2772633.0397380283], [303770.05617239804, 2772633.0953868604], [303770.0862398625, 2772625.464373737], [303755.9609235148, 2772625.4087250168], [303755.9308639497, 2772633.0397380283]]]}, "properties": {"height": 38.5, "color": "rgb(0,0,255)"}}, {"geometry": {"type": "Polygon", "coordinates": [[[303755.31040624104, 2772670.5203000885], [303773.0741822272, 2772670.5902858614], [303773.11844241066, 2772659.358008665], [303755.3546518019, 2772659.2880230993], [303755.31040624104, 2772670.5203000885]]]}, "properties": {"height": 14, "color": "rgb(0,0,255)"}}, {"geometry": {"type": "Polygon", "coordinates": [[[303683.3107723764, 2772609.302821164], [303694.11548691755, 2772609.3453287818], [303694.1786804855, 2772593.284169555], [303683.3739532269, 2772593.2416621177], [303683.3107723764, 2772609.302821164]]]}, "properties": {"height": 17.5, "color": "rgb(0,0,255)"}}, {"geometry": {"type": "Polygon", "coordinates": [[[303692.8264054812, 2772628.1329656523], [303726.9030351642, 2772628.2670828644], [303726.9306402252, 2772621.2553786854], [303692.8539930317, 2772621.121261721], [303692.8264054812, 2772628.1329656523]]]}, "properties": {"height": 14, "color": "rgb(0,0,255)"}}, {"geometry": {"type": "Polygon", "coordinates": [[[303692.97422701906, 2772633.9419916803], [303726.99256441224, 2772634.0758800833], [303727.0206833502, 2772626.933679557], [303693.0023281512, 2772626.799791406], [303692.97422701906, 2772633.9419916803]]]}, "properties": {"height": 10.5, "color": "rgb(0,0,255)"}}, {"geometry": {"type": "Polygon", "coordinates": [[[303689.1344163291, 2772589.5959400204], [303698.2462026708, 2772589.6317903986], [303698.30905549345, 2772573.658334182], [303689.1972584856, 2772573.622483955], [303689.1344163291, 2772589.5959400204]]]}, "properties": {"height": 17.5, "color": "rgb(0,0,255)"}}, {"geometry": {"type": "Polygon", "coordinates": [[[303692.7316732596, 2772622.0898709344], [303726.8146722723, 2772622.224012654], [303726.83418535616, 2772617.267657402], [303692.75117396365, 2772617.133515858], [303692.7316732596, 2772622.0898709344]]]}, "properties": {"height": 10.5, "color": "rgb(0,0,255)"}}, {"geometry": {"type": "Polygon", "coordinates": [[[303707.3482463988, 2772720.5864319527], [303725.890159715, 2772720.659420296], [303725.9507866601, 2772705.26040679], [303707.40885241824, 2772705.1874187416], [303707.3482463988, 2772720.5864319527]]]}, "properties": {"height": 17.5, "color": "rgb(0,0,255)"}}, {"geometry": {"type": "Polygon", "coordinates": [[[303752.6592372008, 2772786.3187070126], [303762.43471786147, 2772786.3572175475], [303762.5028937303, 2772769.0530370777], [303752.72740067216, 2772769.0145267188], [303752.6592372008, 2772786.3187070126]]]}, "properties": {"height": 31.5, "color": "rgb(0,0,255)"}}, {"geometry": {"type": "Polygon", "coordinates": [[[303690.2854393163, 2772740.2874946813], [303710.20476083586, 2772740.365881785], [303710.26948651305, 2772723.921135067], [303690.3501409866, 2772723.8427483034], [303690.2854393163, 2772740.2874946813]]]}, "properties": {"height": 14, "color": "rgb(0,0,255)"}}, {"geometry": {"type": "Polygon", "coordinates": [[[303689.5560776796, 2772719.8611299675], [303707.7196503858, 2772719.932605059], [303707.76940838585, 2772707.289988713], [303689.60581885034, 2772707.218513861], [303689.5560776796, 2772719.8611299675]]]}, "properties": {"height": 17.5, "color": "rgb(0,0,255)"}}, {"geometry": {"type": "Polygon", "coordinates": [[[303704.468034236, 2772692.4982014894], [303722.39719269855, 2772692.5687727863], [303722.44512215577, 2772680.393947718], [303704.5159476959, 2772680.3233766477], [303704.468034236, 2772692.4982014894]]]}, "properties": {"height": 17.5, "color": "rgb(0,0,255)"}}, {"geometry": {"type": "Polygon", "coordinates": [[[303710.87459338375, 2772738.5899754423], [303725.5383864979, 2772738.6477000937], [303725.5939514533, 2772724.534427517], [303710.93014317186, 2772724.4767030794], [303710.87459338375, 2772738.5899754423]]]}, "properties": {"height": 17.5, "color": "rgb(0,0,255)"}}, {"geometry": {"type": "Polygon", "coordinates": [[[303813.4206325022, 2772697.133290996], [303829.3410398862, 2772697.196081661], [303829.3973596872, 2772682.918422157], [303813.47693564463, 2772682.855631728], [303813.4206325022, 2772697.133290996]]]}, "properties": {"height": 17.5, "color": "rgb(0,0,255)"}}, {"geometry": {"type": "Polygon", "coordinates": [[[303736.850514413, 2772700.1806764496], [303751.1663923586, 2772700.2370576975], [303751.230364121, 2772683.995975412], [303736.9144691357, 2772683.9395944057], [303736.850514413, 2772700.1806764496]]]}, "properties": {"height": 14, "color": "rgb(0,0,255)"}}, {"geometry": {"type": "Polygon", "coordinates": [[[303676.7602274148, 2772697.479575438], [303704.98982844735, 2772697.5906440658], [303705.05476866174, 2772681.0894984417], [303676.8251334906, 2772680.978430297], [303676.7602274148, 2772697.479575438]]]}, "properties": {"height": 7, "color": "rgb(0,0,255)"}}, {"geometry": {"type": "Polygon", "coordinates": [[[303682.7927281311, 2772676.2981574275], [303693.59814732644, 2772676.3406685754], [303693.65232326585, 2772662.571664077], [303682.846893167, 2772662.5291530835], [303682.7927281311, 2772676.2981574275]]]}, "properties": {"height": 21, "color": "rgb(0,0,255)"}}, {"geometry": {"type": "Polygon", "coordinates": [[[303740.86448772304, 2772739.3549034214], [303752.1874488418, 2772739.3995002555], [303752.2511017066, 2772723.2399461446], [303740.928127178, 2772723.1953495005], [303740.86448772304, 2772739.3549034214]]]}, "properties": {"height": 17.5, "color": "rgb(0,0,255)"}}, {"geometry": {"type": "Polygon", "coordinates": [[[303693.4263020201, 2772676.8312833863], [303704.9001356869, 2772676.876433471], [303704.9522225795, 2772663.6411573915], [303693.47837778344, 2772663.596007465], [303693.4263020201, 2772676.8312833863]]]}, "properties": {"height": 17.5, "color": "rgb(0,0,255)"}}, {"geometry": {"type": "Polygon", "coordinates": [[[303704.6139342464, 2772678.8609904777], [303715.9534318812, 2772678.9056212204], [303716.0159793957, 2772663.0155781703], [303704.6764685558, 2772662.9709476144], [303704.6139342464, 2772678.8609904777]]]}, "properties": {"height": 14, "color": "rgb(0,0,255)"}}, {"geometry": {"type": "Polygon", "coordinates": [[[303755.99501035793, 2772739.744510746], [303774.1805779169, 2772739.8161615236], [303774.2030040563, 2772734.125176466], [303756.0174289124, 2772734.0535257966], [303755.99501035793, 2772739.744510746]]]}, "properties": {"height": 24.5, "color": "rgb(0,0,255)"}}, {"geometry": {"type": "Polygon", "coordinates": [[[303672.4109805515, 2772733.880614611], [303686.48972824175, 2772733.9359961166], [303686.5208947329, 2772726.0140696033], [303672.4421388688, 2772725.958688214], [303672.4109805515, 2772733.880614611]]]}, "properties": {"height": 21, "color": "rgb(0,0,255)"}}, {"geometry": {"type": "Polygon", "coordinates": [[[303677.97142456705, 2772716.202409441], [303689.7352944228, 2772716.2486883816], [303689.7768471479, 2772705.687336778], [303678.01296818675, 2772705.6410579653], [303677.97142456705, 2772716.202409441]]]}, "properties": {"height": 17.5, "color": "rgb(0,0,255)"}}, {"geometry": {"type": "Polygon", "coordinates": [[[303715.69620346575, 2772677.7767106025], [303727.33973203314, 2772677.8225475345], [303727.39796681894, 2772663.031274016], [303715.75442563, 2772662.985437262], [303715.69620346575, 2772677.7767106025]]]}, "properties": {"height": 14, "color": "rgb(0,0,255)"}}, {"geometry": {"type": "Polygon", "coordinates": [[[303713.4075337221, 2772787.495159342], [303719.22345896345, 2772787.518053635], [303719.3021463081, 2772767.5298198536], [303713.4862125469, 2772767.5069256816], [303713.4075337221, 2772787.495159342]]]}, "properties": {"height": 17.5, "color": "rgb(0,0,255)"}}, {"geometry": {"type": "Polygon", "coordinates": [[[303738.61546903214, 2772684.371793599], [303745.0613370787, 2772684.397178633], [303745.1578134663, 2772659.9008816085], [303738.71193384787, 2772659.875496738], [303738.61546903214, 2772684.371793599]]]}, "properties": {"height": 14, "color": "rgb(0,0,255)"}}, {"geometry": {"type": "Polygon", "coordinates": [[[303744.5128158062, 2772684.178173388], [303750.9573532224, 2772684.2035559644], [303751.0541861949, 2772659.619413089], [303744.60963716765, 2772659.5940306773], [303744.5128158062, 2772684.178173388]]]}, "properties": {"height": 10.5, "color": "rgb(0,0,255)"}}, {"geometry": {"type": "Polygon", "coordinates": [[[303737.2234303253, 2772722.209761589], [303752.2351585921, 2772722.268884681], [303752.2630148828, 2772715.196974975], [303737.25127883564, 2772715.1378519926], [303737.2234303253, 2772722.209761589]]]}, "properties": {"height": 17.5, "color": "rgb(0,0,255)"}}, {"geometry": {"type": "Polygon", "coordinates": [[[303734.0067496032, 2772740.252281657], [303741.1840897528, 2772740.2805457814], [303741.2541666566, 2772722.4864798957], [303734.0768171471, 2772722.458215903], [303734.0067496032, 2772740.252281657]]]}, "properties": {"height": 14, "color": "rgb(0,0,255)"}}, {"geometry": {"type": "Polygon", "coordinates": [[[303734.13798111514, 2772684.486629871], [303739.0576680962, 2772684.506002631], [303739.1548522338, 2772659.8272446687], [303734.23515635496, 2772659.8078720346], [303734.13798111514, 2772684.486629871]]]}, "properties": {"height": 10.5, "color": "rgb(0,0,255)"}}, {"geometry": {"type": "Polygon", "coordinates": [[[303847.4332283303, 2772775.862165577], [303885.53050764196, 2772776.0125533952], [303885.6410177484, 2772748.0271359994], [303847.5436602981, 2772747.87674929], [303847.4332283303, 2772775.862165577]]]}, "properties": {"height": 45.5, "color": "rgb(0,0,255)"}}, {"geometry": {"type": "Polygon", "coordinates": [[[303813.90656115883, 2772784.534951678], [303840.83973769215, 2772784.6411927408], [303841.0374031887, 2772734.5431151506], [303814.1041277663, 2772734.436875491], [303813.90656115883, 2772784.534951678]]]}, "properties": {"height": 35, "color": "rgb(0,0,255)"}}, {"geometry": {"type": "Polygon", "coordinates": [[[303737.63400048885, 2772846.3000355153], [303748.0404631917, 2772846.341021597], [303748.0862886277, 2772834.706938904], [303737.6798170515, 2772834.665952948], [303737.63400048885, 2772846.3000355153]]]}, "properties": {"height": 56, "color": "rgb(0,0,255)"}}, {"geometry": {"type": "Polygon", "coordinates": [[[303699.60012396256, 2772847.5571190813], [303719.5010893459, 2772847.6354509657], [303719.58058025426, 2772827.443696804], [303699.6795854199, 2772827.365365336], [303699.60012396256, 2772847.5571190813]]]}, "properties": {"height": 14, "color": "rgb(0,0,255)"}}, {"geometry": {"type": "Polygon", "coordinates": [[[303686.05661020614, 2772863.936666309], [303704.3922063656, 2772864.008818004], [303704.4519656106, 2772848.825014755], [303686.11634904635, 2772848.75286335], [303686.05661020614, 2772863.936666309]]]}, "properties": {"height": 14, "color": "rgb(0,0,255)"}}, {"geometry": {"type": "Polygon", "coordinates": [[[303709.9570271475, 2772865.738057485], [303722.1080547605, 2772865.785891087], [303722.1770237371, 2772848.2678367984], [303710.025980523, 2772848.2200034177], [303709.9570271475, 2772865.738057485]]]}, "properties": {"height": 17.5, "color": "rgb(0,0,255)"}}, {"geometry": {"type": "Polygon", "coordinates": [[[303704.2533606363, 2772890.6579296733], [303718.16879421414, 2772890.71270466], [303718.2291773956, 2772875.37447197], [303704.31372817425, 2772875.3196972054], [303704.2533606363, 2772890.6579296733]]]}, "properties": {"height": 14, "color": "rgb(0,0,255)"}}, {"geometry": {"type": "Polygon", "coordinates": [[[303690.0385401323, 2772847.090556407], [303700.1656696641, 2772847.130406916], [303700.24353589443, 2772827.344218597], [303690.1163916767, 2772827.3043682957], [303690.0385401323, 2772847.090556407]]]}, "properties": {"height": 14, "color": "rgb(0,0,255)"}}, {"geometry": {"type": "Polygon", "coordinates": [[[303822.3533461254, 2772901.4508092655], [303834.6661759329, 2772901.4993820162], [303834.87600748567, 2772848.3142560474], [303822.5631296818, 2772848.265683978], [303822.3533461254, 2772901.4508092655]]]}, "properties": {"height": 3.5, "color": "rgb(0,0,255)"}}, {"geometry": {"type": "Polygon", "coordinates": [[[303719.17516248045, 2772841.412981512], [303733.9213915981, 2772841.4710421395], [303733.94851771405, 2772834.5824928666], [303719.20228115143, 2772834.5244323444], [303719.17516248045, 2772841.412981512]]]}, "properties": {"height": 17.5, "color": "rgb(0,0,255)"}}, {"geometry": {"type": "Polygon", "coordinates": [[[303718.97700866114, 2772834.954356939], [303733.7548913825, 2772835.012541846], [303733.7859858247, 2772827.1162080844], [303719.008094551, 2772827.0580232996], [303718.97700866114, 2772834.954356939]]]}, "properties": {"height": 14, "color": "rgb(0,0,255)"}}, {"geometry": {"type": "Polygon", "coordinates": [[[303719.34369470674, 2772847.355241852], [303734.0568381488, 2772847.4131725156], [303734.08193151525, 2772841.0408625393], [303719.36878120166, 2772840.982931972], [303719.34369470674, 2772847.355241852]]]}, "properties": {"height": 14, "color": "rgb(0,0,255)"}}, {"geometry": {"type": "Polygon", "coordinates": [[[303924.5845903787, 2772419.9420420174], [303947.3659635483, 2772420.0320736393], [303947.4187119985, 2772406.6875279965], [303924.63731655164, 2772406.597496691], [303924.5845903787, 2772419.9420420174]]]}, "properties": {"height": 14, "color": "rgb(0,0,255)"}}, {"geometry": {"type": "Polygon", "coordinates": [[[303987.94119539304, 2772339.654101457], [304000.21846581093, 2772339.7026717], [304000.2486287293, 2772332.079142136], [303987.9713514531, 2772332.030571991], [303987.94119539304, 2772339.654101457]]]}, "properties": {"height": 45.5, "color": "rgb(0,0,255)"}}, {"geometry": {"type": "Polygon", "coordinates": [[[303902.7776743487, 2772419.942821319], [303917.35584941466, 2772420.0004063603], [303917.39411948755, 2772410.313284527], [303902.8159340731, 2772410.2556996336], [303902.7776743487, 2772419.942821319]]]}, "properties": {"height": 24.5, "color": "rgb(0,0,255)"}}, {"geometry": {"type": "Polygon", "coordinates": [[[303928.7651981286, 2772540.552003302], [303955.7774585222, 2772540.658773067], [303955.83130276157, 2772527.039806481], [303928.819015409, 2772526.933037099], [303928.7651981286, 2772540.552003302]]]}, "properties": {"height": 17.5, "color": "rgb(0,0,255)"}}, {"geometry": {"type": "Polygon", "coordinates": [[[303937.3488236393, 2772518.8070306038], [303948.6136813182, 2772518.851556729], [303948.6660664667, 2772505.5997647676], [303937.40119784843, 2772505.5552387983], [303937.3488236393, 2772518.8070306038]]]}, "properties": {"height": 28, "color": "rgb(0,0,255)"}}, {"geometry": {"type": "Polygon", "coordinates": [[[303933.4924866276, 2772462.2599325525], [303954.67400502163, 2772462.343655611], [303954.7320723474, 2772447.655757644], [303933.55053115514, 2772447.5720349103], [303933.4924866276, 2772462.2599325525]]]}, "properties": {"height": 14, "color": "rgb(0,0,255)"}}, {"geometry": {"type": "Polygon", "coordinates": [[[303985.6342404485, 2772459.0075626452], [304004.6113088846, 2772459.0826431587], [304004.6532535484, 2772448.48271144], [303985.6761703716, 2772448.4076311365], [303985.6342404485, 2772459.0075626452]]]}, "properties": {"height": 17.5, "color": "rgb(0,0,255)"}}, {"geometry": {"type": "Polygon", "coordinates": [[[303966.7653443434, 2772460.5492983344], [303985.8176248209, 2772460.624650175], [303985.87593777734, 2772445.883119069], [303966.82363671844, 2772445.807767521], [303966.7653443434, 2772460.5492983344]]]}, "properties": {"height": 14, "color": "rgb(0,0,255)"}}, {"geometry": {"type": "Polygon", "coordinates": [[[303967.65783012845, 2772516.5436883685], [303986.5788704373, 2772516.6185240196], [303986.63737269037, 2772501.8296868135], [303967.71631187585, 2772501.754851454], [303967.65783012845, 2772516.5436883685]]]}, "properties": {"height": 10.5, "color": "rgb(0,0,255)"}}, {"geometry": {"type": "Polygon", "coordinates": [[[303986.3480503717, 2772515.96164393], [304005.27793026256, 2772516.0365404547], [304005.32964667224, 2772502.967629771], [303986.399748652, 2772502.892733504], [303986.3480503717, 2772515.96164393]]]}, "properties": {"height": 14, "color": "rgb(0,0,255)"}}, {"geometry": {"type": "Polygon", "coordinates": [[[303945.4224228558, 2772475.8129588147], [303954.39534592023, 2772475.848429636], [303954.44882332213, 2772462.321542314], [303945.4758913633, 2772462.2860716186], [303945.4224228558, 2772475.8129588147]]]}, "properties": {"height": 24.5, "color": "rgb(0,0,255)"}}, {"geometry": {"type": "Polygon", "coordinates": [[[303969.68095318857, 2772498.852377119], [303986.2763066238, 2772498.918014887], [303986.3203554329, 2772487.7827403722], [303969.7249884558, 2772487.717102797], [303969.68095318857, 2772498.852377119]]]}, "properties": {"height": 17.5, "color": "rgb(0,0,255)"}}, {"geometry": {"type": "Polygon", "coordinates": [[[303981.37459811306, 2772547.581953957], [303993.2724252291, 2772547.6290212055], [303993.30088350875, 2772540.436019591], [303981.40305012115, 2772540.3889524317], [303981.37459811306, 2772547.581953957]]]}, "properties": {"height": 28, "color": "rgb(0,0,255)"}}, {"geometry": {"type": "Polygon", "coordinates": [[[303972.8891870674, 2772474.504027666], [303985.0730431223, 2772474.5522175394], [303985.1168776774, 2772463.4707475277], [303972.9330117285, 2772463.422557795], [303972.8891870674, 2772474.504027666]]]}, "properties": {"height": 17.5, "color": "rgb(0,0,255)"}}, {"geometry": {"type": "Polygon", "coordinates": [[[303886.30309171224, 2772477.5566705912], [303896.67181168427, 2772477.597614776], [303896.7310498895, 2772462.5975159216], [303886.36231852, 2772462.5565718985], [303886.30309171224, 2772477.5566705912]]]}, "properties": {"height": 14, "color": "rgb(0,0,255)"}}, {"geometry": {"type": "Polygon", "coordinates": [[[303933.32855577226, 2772476.463509946], [303939.66963615007, 2772476.4885706184], [303939.7259870081, 2772462.230965337], [303933.384900005, 2772462.2059047585], [303933.32855577226, 2772476.463509946]]]}, "properties": {"height": 14, "color": "rgb(0,0,255)"}}, {"geometry": {"type": "Polygon", "coordinates": [[[303854.1144391378, 2772559.870116434], [303872.20842255425, 2772559.941531136], [303872.2721583077, 2772543.7957922397], [303854.1781534824, 2772543.7243778417], [303854.1144391378, 2772559.870116434]]]}, "properties": {"height": 21, "color": "rgb(0,0,255)"}}, {"geometry": {"type": "Polygon", "coordinates": [[[303968.8934803568, 2772586.6688206405], [303986.956228732, 2772586.740264737], [303987.0174251122, 2772571.270928102], [303968.9546562601, 2772571.199484297], [303968.8934803568, 2772586.6688206405]]]}, "properties": {"height": 17.5, "color": "rgb(0,0,255)"}}, {"geometry": {"type": "Polygon", "coordinates": [[[303986.7180235472, 2772626.255302108], [303999.503284863, 2772626.3058870584], [303999.561095492, 2772611.6960416255], [303986.77582048724, 2772611.6454568696], [303986.7180235472, 2772626.255302108]]]}, "properties": {"height": 14, "color": "rgb(0,0,255)"}}, {"geometry": {"type": "Polygon", "coordinates": [[[303972.40183395194, 2772756.3109292677], [303986.6426815566, 2772756.367262079], [303986.7310439472, 2772734.0322487294], [303972.4901730317, 2772733.975916249], [303972.40183395194, 2772756.3109292677]]]}, "properties": {"height": 21, "color": "rgb(0,0,255)"}}, {"geometry": {"type": "Polygon", "coordinates": [[[303921.7796919018, 2772724.4282677853], [303938.63422161486, 2772724.4948778134], [303938.709751179, 2772705.3863364486], [303921.85519786255, 2772705.319726756], [303921.7796919018, 2772724.4282677853]]]}, "properties": {"height": 21, "color": "rgb(0,0,255)"}}, {"geometry": {"type": "Polygon", "coordinates": [[[303969.68375365436, 2772702.252616212], [304000.812528737, 2772702.3757632743], [304000.85964010534, 2772690.4704901013], [303969.73083786276, 2772690.347343425], [303969.68375365436, 2772702.252616212]]]}, "properties": {"height": 17.5, "color": "rgb(0,0,255)"}}, {"geometry": {"type": "Polygon", "coordinates": [[[303856.04602742364, 2772705.405478958], [303887.5686454746, 2772705.5299222106], [303887.61782623915, 2772693.075600995], [303856.0951794161, 2772692.951158151], [303856.04602742364, 2772705.405478958]]]}, "properties": {"height": 14, "color": "rgb(0,0,255)"}}, {"geometry": {"type": "Polygon", "coordinates": [[[303904.5155287761, 2772719.751272888], [303922.0392929291, 2772719.8205058957], [303922.09571559343, 2772705.541490627], [303904.5719331022, 2772705.47225788], [303904.5155287761, 2772719.751272888]]]}, "properties": {"height": 24.5, "color": "rgb(0,0,255)"}}, {"geometry": {"type": "Polygon", "coordinates": [[[303887.64508262544, 2772722.9441708983], [303904.854518304, 2772723.0121406713], [303904.92069393996, 2772706.2595943273], [303887.71123713243, 2772706.1916248547], [303887.64508262544, 2772722.9441708983]]]}, "properties": {"height": 14, "color": "rgb(0,0,255)"}}, {"geometry": {"type": "Polygon", "coordinates": [[[303834.6330169976, 2772753.9201446585], [303846.74006846047, 2772753.9679135494], [303846.80939087877, 2772736.400032027], [303834.70232382783, 2772736.3522633575], [303834.6330169976, 2772753.9201446585]]]}, "properties": {"height": 17.5, "color": "rgb(0,0,255)"}}, {"geometry": {"type": "Polygon", "coordinates": [[[303972.9562236371, 2772671.643185277], [303985.2913295252, 2772671.691977452], [303985.3250567584, 2772663.1663878853], [303972.9899431633, 2772663.1175958198], [303972.9562236371, 2772671.643185277]]]}, "properties": {"height": 28, "color": "rgb(0,0,255)"}}, {"geometry": {"type": "Polygon", "coordinates": [[[303939.24777672224, 2772720.498096946], [303950.5286066801, 2772720.54269147], [303950.58631330164, 2772705.9464571294], [303939.30547127646, 2772705.9018627773], [303939.24777672224, 2772720.498096946]]]}, "properties": {"height": 17.5, "color": "rgb(0,0,255)"}}, {"geometry": {"type": "Polygon", "coordinates": [[[303859.5183740675, 2772683.7581168795], [303872.5593602682, 2772683.809593395], [303872.60805537004, 2772671.4747141516], [303859.56705738057, 2772671.423237804], [303859.5183740675, 2772683.7581168795]]]}, "properties": {"height": 14, "color": "rgb(0,0,255)"}}, {"geometry": {"type": "Polygon", "coordinates": [[[303948.7018154635, 2772720.3433094947], [303957.8930631955, 2772720.379649302], [303957.95062358124, 2772705.8223898085], [303948.7593660434, 2772705.786050141], [303948.7018154635, 2772720.3433094947]]]}, "properties": {"height": 17.5, "color": "rgb(0,0,255)"}}, {"geometry": {"type": "Polygon", "coordinates": [[[303936.3454541036, 2772885.8322395524], [303959.2621792448, 2772885.9228432598], [303959.3168245541, 2772872.1041094637], [303936.4000762027, 2772872.013506087], [303936.3454541036, 2772885.8322395524]]]}, "properties": {"height": 21, "color": "rgb(0,0,255)"}}, {"geometry": {"type": "Polygon", "coordinates": [[[303273.9974640056, 2772457.0026514735], [303337.9940259238, 2772457.252614745], [303338.077458404, 2772435.9046473713], [303274.08079637156, 2772435.6546855066], [303273.9974640056, 2772457.0026514735]]]}, "properties": {"height": 14, "color": "rgb(0,0,255)"}}, {"geometry": {"type": "Polygon", "coordinates": [[[303372.23179546965, 2772642.252495967], [303443.0141851475, 2772642.5295120203], [303443.0869086514, 2772623.959647689], [303372.3044226461, 2772623.682632992], [303372.23179546965, 2772642.252495967]]]}, "properties": {"height": 17.5, "color": "rgb(0,0,255)"}}, {"geometry": {"type": "Polygon", "coordinates": [[[303271.43352402514, 2772617.395421838], [303331.02617622406, 2772617.6281784456], [303331.0967105723, 2772599.5793110756], [303271.5039795502, 2772599.3465555757], [303271.43352402514, 2772617.395421838]]]}, "properties": {"height": 21, "color": "rgb(0,0,255)"}}, {"geometry": {"type": "Polygon", "coordinates": [[[303370.850516535, 2772555.362764237], [303425.7252678935, 2772555.5774784936], [303425.8083009135, 2772534.367463969], [303370.9334642618, 2772534.1527509135], [303370.850516535, 2772555.362764237]]]}, "properties": {"height": 17.5, "color": "rgb(0,0,255)"}}, {"geometry": {"type": "Polygon", "coordinates": [[[303372.5362982803, 2772687.090785466], [303443.8498926671, 2772687.369888571], [303443.91844080074, 2772669.8667991254], [303372.6047549371, 2772669.587697309], [303372.5362982803, 2772687.090785466]]]}, "properties": {"height": 17.5, "color": "rgb(0,0,255)"}}, {"geometry": {"type": "Polygon", "coordinates": [[[303449.637539058, 2772591.6790603306], [303484.63824724033, 2772591.8161899247], [303484.7021472285, 2772575.511765184], [303449.70139722567, 2772575.3746361793], [303449.637539058, 2772591.6790603306]]]}, "properties": {"height": 35, "color": "rgb(0,0,255)"}}, {"geometry": {"type": "Polygon", "coordinates": [[[303385.7134298249, 2772790.9534922256], [303411.189770081, 2772791.0531861414], [303411.29992429033, 2772762.910344207], [303385.8235314873, 2772762.8106510313], [303385.7134298249, 2772790.9534922256]]]}, "properties": {"height": 49, "color": "rgb(0,0,255)"}}, {"geometry": {"type": "Polygon", "coordinates": [[[303308.7249508299, 2772858.534706345], [303343.3936008341, 2772858.670191415], [303343.4781375627, 2772837.0454285694], [303308.8094326116, 2772836.9099442717], [303308.7249508299, 2772858.534706345]]]}, "properties": {"height": 38.5, "color": "rgb(0,0,255)"}}, {"geometry": {"type": "Polygon", "coordinates": [[[303373.0074985114, 2772728.4227583823], [303443.9977463998, 2772728.7006023126], [303444.06401567615, 2772711.779731954], [303373.0736797533, 2772711.5018892623], [303373.0074985114, 2772728.4227583823]]]}, "properties": {"height": 17.5, "color": "rgb(0,0,255)"}}, {"geometry": {"type": "Polygon", "coordinates": [[[303343.1260051065, 2772873.1268510167], [303363.94044467784, 2772873.20823623], [303364.08508416085, 2772836.2233686056], [303343.2705881679, 2772836.141984185], [303343.1260051065, 2772873.1268510167]]]}, "properties": {"height": 24.5, "color": "rgb(0,0,255)"}}, {"geometry": {"type": "Polygon", "coordinates": [[[303577.7821576514, 2772453.5841712407], [303635.98266037164, 2772453.8127785227], [303636.056989945, 2772434.8996227104], [303577.856406562, 2772434.6710165692], [303577.7821576514, 2772453.5841712407]]]}, "properties": {"height": 17.5, "color": "rgb(0,0,255)"}}, {"geometry": {"type": "Polygon", "coordinates": [[[303577.11856619274, 2772433.119496737], [303635.7540454319, 2772433.3498087246], [303635.8259299069, 2772415.0585784623], [303577.190372075, 2772414.8282675864], [303577.11856619274, 2772433.119496737]]]}, "properties": {"height": 17.5, "color": "rgb(0,0,255)"}}, {"geometry": {"type": "Polygon", "coordinates": [[[303892.0561483245, 2772975.8759884546], [303967.86686611164, 2772976.1756261364], [303967.9231237298, 2772961.951964665], [303892.11232690787, 2772961.6523281066], [303892.0561483245, 2772975.8759884546]]]}, "properties": {"height": 24.5, "color": "rgb(0,0,255)"}}, {"geometry": {"type": "Polygon", "coordinates": [[[303869.55871988164, 2772945.626474015], [303905.60112174525, 2772945.7688159044], [303905.7015119637, 2772920.3573899507], [303869.6590429706, 2772920.2150490144], [303869.55871988164, 2772945.626474015]]]}, "properties": {"height": 21, "color": "rgb(0,0,255)"}}, {"geometry": {"type": "Polygon", "coordinates": [[[303348.9215516365, 2773013.6698520104], [303365.7359858129, 2773013.7356055262], [303365.89044451684, 2772974.243514415], [303349.0759616691, 2772974.1777615836], [303348.9215516365, 2773013.6698520104]]]}, "properties": {"height": 21, "color": "rgb(0,0,255)"}}, {"geometry": {"type": "Polygon", "coordinates": [[[303287.29215540906, 2772991.5739931245], [303326.53272622987, 2772991.7272985675], [303326.59114707785, 2772976.7791685276], [303287.35053326376, 2772976.625863688], [303287.29215540906, 2772991.5739931245]]]}, "properties": {"height": 24.5, "color": "rgb(0,0,255)"}}, {"geometry": {"type": "Polygon", "coordinates": [[[303197.6117165206, 2772912.5100315567], [303210.1665340264, 2772912.5589844603], [303210.2400200985, 2772893.714375939], [303197.6851852522, 2772893.6654232787], [303197.6117165206, 2772912.5100315567]]]}, "properties": {"height": 45.5, "color": "rgb(0,0,255)"}}, {"geometry": {"type": "Polygon", "coordinates": [[[303376.96865564934, 2772916.1208377015], [303417.96416059433, 2772916.281266432], [303418.0212576909, 2772901.6963985753], [303377.0257089227, 2772901.5359704625], [303376.96865564934, 2772916.1208377015]]]}, "properties": {"height": 17.5, "color": "rgb(0,0,255)"}}, {"geometry": {"type": "Polygon", "coordinates": [[[303350.0120228396, 2773057.7920132442], [303368.51299623086, 2773057.86436597], [303368.6029635451, 2773034.863147963], [303350.10195896256, 2773034.790795676], [303350.0120228396, 2773057.7920132442]]]}, "properties": {"height": 21, "color": "rgb(0,0,255)"}}, {"geometry": {"type": "Polygon", "coordinates": [[[303366.43908541807, 2773086.3701772424], [303433.0405738528, 2773086.63083981], [303433.0986982584, 2773071.788781983], [303366.4971373677, 2773071.528120435], [303366.43908541807, 2773086.3701772424]]]}, "properties": {"height": 17.5, "color": "rgb(0,0,255)"}}, {"geometry": {"type": "Polygon", "coordinates": [[[303269.62373541365, 2773090.6870514783], [303314.33432701195, 2773090.861685421], [303314.4012065743, 2773073.74600052], [303269.69055888406, 2773073.571367366], [303269.62373541365, 2773090.6870514783]]]}, "properties": {"height": 17.5, "color": "rgb(0,0,255)"}}, {"geometry": {"type": "Polygon", "coordinates": [[[303381.32599897304, 2773056.3713505184], [303414.17719406675, 2773056.499916], [303414.2311658754, 2773042.7131883744], [303381.3799375844, 2773042.58462336], [303381.32599897304, 2773056.3713505184]]]}, "properties": {"height": 24.5, "color": "rgb(0,0,255)"}}, {"geometry": {"type": "Polygon", "coordinates": [[[303355.3971331016, 2773108.593531035], [303394.86641909665, 2773108.7479347624], [303394.93599229294, 2773090.96988182], [303355.46665486484, 2773090.8154788157], [303355.3971331016, 2773108.593531035]]]}, "properties": {"height": 14, "color": "rgb(0,0,255)"}}, {"geometry": {"type": "Polygon", "coordinates": [[[303454.84129527805, 2773053.6721141045], [303475.9704042025, 2773053.754909041], [303476.07994592737, 2773025.8054622915], [303454.95079371723, 2773025.722667965], [303454.84129527805, 2773053.6721141045]]]}, "properties": {"height": 28, "color": "rgb(0,0,255)"}}, {"geometry": {"type": "Polygon", "coordinates": [[[303563.92780560494, 2772957.471223637], [303619.52045691514, 2772957.6895708577], [303619.58152969624, 2772942.148056042], [303563.98881505977, 2772941.929709716], [303563.92780560494, 2772957.471223637]]]}, "properties": {"height": 17.5, "color": "rgb(0,0,255)"}}, {"geometry": {"type": "Polygon", "coordinates": [[[303409.24456637586, 2772963.318162371], [303462.0596108969, 2772963.524996602], [303462.1234381783, 2772947.2347299755], [303409.3083305965, 2772947.0278966324], [303409.24456637586, 2772963.318162371]]]}, "properties": {"height": 17.5, "color": "rgb(0,0,255)"}}, {"geometry": {"type": "Polygon", "coordinates": [[[303565.89000613487, 2772937.475219949], [303619.46814248594, 2772937.6856569285], [303619.5265001592, 2772922.8349353764], [303565.94830548996, 2772922.624499221], [303565.89000613487, 2772937.475219949]]]}, "properties": {"height": 17.5, "color": "rgb(0,0,255)"}}, {"geometry": {"type": "Polygon", "coordinates": [[[303530.96168720676, 2772912.218165548], [303582.11687643296, 2772912.418948439], [303582.17557607545, 2772897.470635799], [303531.020330803, 2772897.2698536995], [303530.96168720676, 2772912.218165548]]]}, "properties": {"height": 17.5, "color": "rgb(0,0,255)"}}, {"geometry": {"type": "Polygon", "coordinates": [[[303270.18502595095, 2773156.6927887234], [303301.45568110043, 2773156.8149171565], [303301.6986319069, 2773094.625617028], [303270.4278342107, 2773094.5034905965], [303270.18502595095, 2773156.6927887234]]]}, "properties": {"height": 35, "color": "rgb(0,0,255)"}}, {"geometry": {"type": "Polygon", "coordinates": [[[303516.807985689, 2773106.733567805], [303587.6165725251, 2773107.011489537], [303587.7643349754, 2773069.389373333], [303516.9555528733, 2773069.111454358], [303516.807985689, 2773106.733567805]]]}, "properties": {"height": 21, "color": "rgb(0,0,255)"}}, {"geometry": {"type": "Polygon", "coordinates": [[[303269.2595479848, 2773014.8632562407], [303297.23284796916, 2773014.9724951265], [303297.3698975154, 2772979.8865952822], [303269.3965255931, 2772979.7773574074], [303269.2595479848, 2773014.8632562407]]]}, "properties": {"height": 49, "color": "rgb(0,0,255)"}}, {"geometry": {"type": "Polygon", "coordinates": [[[303481.87433904095, 2773153.5252560377], [303498.99254328076, 2773153.592368292], [303499.20640155673, 2773099.0521413093], [303482.08812888165, 2773098.98503002], [303481.87433904095, 2773153.5252560377]]]}, "properties": {"height": 17.5, "color": "rgb(0,0,255)"}}, {"geometry": {"type": "Polygon", "coordinates": [[[303668.6982280122, 2772979.134754793], [303733.0081817786, 2772979.3878568974], [303733.0719662887, 2772963.1906969547], [303668.761936175, 2772962.937595931], [303668.6982280122, 2772979.134754793]]]}, "properties": {"height": 14, "color": "rgb(0,0,255)"}}, {"geometry": {"type": "Polygon", "coordinates": [[[303584.18792358704, 2772911.3026687414], [303626.4736399158, 2772911.468790297], [303626.53764219774, 2772895.183590693], [303584.2518753969, 2772895.01746985], [303584.18792358704, 2772911.3026687414]]]}, "properties": {"height": 21, "color": "rgb(0,0,255)"}}, {"geometry": {"type": "Polygon", "coordinates": [[[303666.58668914397, 2772911.5732967732], [303719.91058030626, 2772911.783125938], [303719.9887813651, 2772891.91968602], [303666.66481257085, 2772891.7098579546], [303666.58668914397, 2772911.5732967732]]]}, "properties": {"height": 14, "color": "rgb(0,0,255)"}}, {"geometry": {"type": "Polygon", "coordinates": [[[303759.2973716967, 2772952.8615264245], [303777.0513641023, 2772952.9314869354], [303777.2185302292, 2772910.5161673366], [303759.4644826299, 2772910.4462076076], [303759.2973716967, 2772952.8615264245]]]}, "properties": {"height": 14, "color": "rgb(0,0,255)"}}, {"geometry": {"type": "Polygon", "coordinates": [[[303620.3635425232, 2773002.471132463], [303638.9373303091, 2773002.54413635], [303639.08746493724, 2772964.352966949], [303620.5136251586, 2772964.279963796], [303620.3635425232, 2773002.471132463]]]}, "properties": {"height": 17.5, "color": "rgb(0,0,255)"}}, {"geometry": {"type": "Polygon", "coordinates": [[[303620.1515472136, 2772956.8446159675], [303635.4649360734, 2772956.904801731], [303635.60930039553, 2772920.178423893], [303620.2958703146, 2772920.118238713], [303620.1515472136, 2772956.8446159675]]]}, "properties": {"height": 17.5, "color": "rgb(0,0,255)"}}, {"geometry": {"type": "Polygon", "coordinates": [[[303740.8177789159, 2772953.4523355914], [303758.30961799657, 2772953.521239233], [303758.4562582738, 2772916.3010457903], [303740.9643714749, 2772916.2321428237], [303740.8177789159, 2772953.4523355914]]]}, "properties": {"height": 14, "color": "rgb(0,0,255)"}}, {"geometry": {"type": "Polygon", "coordinates": [[[303817.6438841007, 2772967.959231295], [303831.7997659155, 2772968.015072276], [303831.92537247576, 2772936.177390927], [303817.7694576276, 2772936.1215504147], [303817.6438841007, 2772967.959231295]]]}, "properties": {"height": 38.5, "color": "rgb(0,0,255)"}}, {"geometry": {"type": "Polygon", "coordinates": [[[303837.6749174399, 2772979.8757783757], [303852.2260093392, 2772979.9332002015], [303852.39865978115, 2772936.187960623], [303837.8475212265, 2772936.130539459], [303837.6749174399, 2772979.8757783757]]]}, "properties": {"height": 24.5, "color": "rgb(0,0,255)"}}, {"geometry": {"type": "Polygon", "coordinates": [[[303950.8423624414, 2772948.608422033], [303968.13112979784, 2772948.6767915734], [303968.267677218, 2772914.1530526946], [303950.9788661142, 2772914.0846837764], [303950.8423624414, 2772948.608422033]]]}, "properties": {"height": 21, "color": "rgb(0,0,255)"}}, {"geometry": {"type": "Polygon", "coordinates": [[[303910.5547333374, 2772947.982090027], [303950.6287017729, 2772948.140480212], [303950.68681587523, 2772933.442577612], [303910.61280426907, 2772933.284188041], [303910.5547333374, 2772947.982090027]]]}, "properties": {"height": 21, "color": "rgb(0,0,255)"}}, {"geometry": {"type": "Polygon", "coordinates": [[[303306.7190637555, 2772963.6159490873], [303336.28677264426, 2772963.7314947895], [303336.35141018336, 2772947.1955314404], [303306.7836654585, 2772947.079986243], [303306.7190637555, 2772963.6159490873]]]}, "properties": {"height": 17.5, "color": "rgb(0,0,255)"}}, {"geometry": {"type": "Polygon", "coordinates": [[[303306.0698130785, 2772945.367807047], [303335.99080673006, 2772945.484731416], [303336.05342226586, 2772929.465841694], [303306.13239348424, 2772929.348917819], [303306.0698130785, 2772945.367807047]]]}, "properties": {"height": 17.5, "color": "rgb(0,0,255)"}}, {"geometry": {"type": "Polygon", "coordinates": [[[303326.4562312363, 2772991.2834951757], [303345.75196145894, 2772991.358921191], [303345.82044744823, 2772973.841728359], [303326.5246924511, 2772973.766302692], [303326.4562312363, 2772991.2834951757]]]}, "properties": {"height": 21, "color": "rgb(0,0,255)"}}, {"geometry": {"type": "Polygon", "coordinates": [[[303281.19200331566, 2772961.4607081274], [303306.4272183337, 2772961.5592718595], [303306.5344476147, 2772934.111793119], [303281.2991818296, 2772934.0132301003], [303281.19200331566, 2772961.4607081274]]]}, "properties": {"height": 7, "color": "rgb(0,0,255)"}}, {"geometry": {"type": "Polygon", "coordinates": [[[303277.0240386803, 2773005.533687445], [303286.5777983442, 2773005.5709947967], [303286.61526774755, 2772995.976581277], [303277.0615013651, 2772995.939274019], [303277.0240386803, 2773005.533687445]]]}, "properties": {"height": 59.5, "color": "rgb(0,0,255)"}}, {"geometry": {"type": "Polygon", "coordinates": [[[303307.2637958734, 2773013.0535317757], [303346.873256022, 2773013.2083382728], [303346.94280290825, 2772995.4203240993], [303307.333291117, 2772995.265518328], [303307.2637958734, 2773013.0535317757]]]}, "properties": {"height": 7, "color": "rgb(0,0,255)"}}, {"geometry": {"type": "Polygon", "coordinates": [[[303305.33218026493, 2772918.7667292496], [303340.54307006067, 2772918.904328738], [303340.61237037944, 2772901.1765901395], [303305.40143483324, 2772901.038991295], [303305.33218026493, 2772918.7667292496]]]}, "properties": {"height": 7, "color": "rgb(0,0,255)"}}, {"geometry": {"type": "Polygon", "coordinates": [[[303274.1712862547, 2772907.678191955], [303283.34399810707, 2772907.7140078344], [303283.38202061766, 2772897.9769837516], [303274.2093022191, 2772897.9411679637], [303274.1712862547, 2772907.678191955]]]}, "properties": {"height": 45.5, "color": "rgb(0,0,255)"}}, {"geometry": {"type": "Polygon", "coordinates": [[[303335.45330454723, 2772946.5206148806], [303366.1324927057, 2772946.6405690718], [303366.2025405856, 2772928.730391709], [303335.5233121541, 2772928.6104380847], [303335.45330454723, 2772946.5206148806]]]}, "properties": {"height": 7, "color": "rgb(0,0,255)"}}, {"geometry": {"type": "Polygon", "coordinates": [[[303345.77629276144, 2772964.3247945607], [303366.4176296972, 2772964.405509835], [303366.4853521511, 2772947.0901289573], [303345.8439890188, 2772947.009414051], [303345.77629276144, 2772964.3247945607]]]}, "properties": {"height": 7, "color": "rgb(0,0,255)"}}, {"geometry": {"type": "Polygon", "coordinates": [[[303295.695828244, 2772918.910846199], [303305.74142786243, 2772918.9500867147], [303305.8029202593, 2772903.209431488], [303295.75730905135, 2772903.170191136], [303295.695828244, 2772918.910846199]]]}, "properties": {"height": 14, "color": "rgb(0,0,255)"}}, {"geometry": {"type": "Polygon", "coordinates": [[[303349.5730307328, 2772918.4782643816], [303365.0771700595, 2772918.5388915655], [303365.14503254934, 2772901.186943672], [303349.6408735048, 2772901.126316766], [303349.5730307328, 2772918.4782643816]]]}, "properties": {"height": 7, "color": "rgb(0,0,255)"}}, {"geometry": {"type": "Polygon", "coordinates": [[[303300.362299277, 2773055.899621614], [303320.4386468232, 2773055.9780632835], [303320.4812589408, 2773045.073958503], [303300.4048953486, 2773044.9955170583], [303300.362299277, 2773055.899621614]]]}, "properties": {"height": 31.5, "color": "rgb(0,0,255)"}}, {"geometry": {"type": "Polygon", "coordinates": [[[303268.7634964441, 2773040.708671201], [303287.7792252016, 2773040.7829236165], [303287.85003275203, 2773022.652590414], [303268.8342787245, 2773022.578338353], [303268.7634964441, 2773040.708671201]]]}, "properties": {"height": 17.5, "color": "rgb(0,0,255)"}}, {"geometry": {"type": "Polygon", "coordinates": [[[303333.5588409255, 2773103.610624481], [303355.9214967322, 2773103.698057133], [303355.96386637044, 2773092.863422987], [303333.60119280394, 2773092.775990585], [303333.5588409255, 2773103.610624481]]]}, "properties": {"height": 24.5, "color": "rgb(0,0,255)"}}, {"geometry": {"type": "Polygon", "coordinates": [[[303289.7295445706, 2773040.535909922], [303330.73716519534, 2773040.6961320913], [303330.80045436684, 2773024.503943619], [303289.7927850726, 2773024.343722134], [303289.7295445706, 2773040.535909922]]]}, "properties": {"height": 7, "color": "rgb(0,0,255)"}}, {"geometry": {"type": "Polygon", "coordinates": [[[303327.3453450158, 2773090.6964735496], [303341.66998038726, 2773090.752468419], [303341.73888369976, 2773073.12790326], [303327.4142298229, 2773073.071908651], [303327.3453450158, 2773090.6964735496]]]}, "properties": {"height": 17.5, "color": "rgb(0,0,255)"}}, {"geometry": {"type": "Polygon", "coordinates": [[[303322.3026763471, 2773107.5758411335], [303333.85691928404, 2773107.621001433], [303333.9176138344, 2773092.093968893], [303322.36335774726, 2773092.0488087777], [303322.3026763471, 2773107.5758411335]]]}, "properties": {"height": 14, "color": "rgb(0,0,255)"}}, {"geometry": {"type": "Polygon", "coordinates": [[[303330.28584551427, 2773037.950690571], [303339.9611746723, 2773037.988510963], [303340.01990362053, 2773022.9656151715], [303330.3445638087, 2773022.92779493], [303330.28584551427, 2773037.950690571]]]}, "properties": {"height": 21, "color": "rgb(0,0,255)"}}, {"geometry": {"type": "Polygon", "coordinates": [[[303291.4228954495, 2773058.8324949644], [303300.5484942933, 2773058.8681406174], [303300.6030673799, 2773044.898116524], [303291.4774591918, 2773044.8624710026], [303291.4228954495, 2773058.8324949644]]]}, "properties": {"height": 21, "color": "rgb(0,0,255)"}}, {"geometry": {"type": "Polygon", "coordinates": [[[303341.46014859667, 2773090.7915788833], [303365.91354328167, 2773090.887201357], [303365.9585302704, 2773079.385358468], [303341.50511496945, 2773079.289736284], [303341.46014859667, 2773090.7915788833]]]}, "properties": {"height": 10.5, "color": "rgb(0,0,255)"}}, {"geometry": {"type": "Polygon", "coordinates": [[[303280.37852487003, 2773058.887787871], [303289.1735047775, 2773058.922134864], [303289.2277025365, 2773045.0452290927], [303280.4327136832, 2773045.010882226], [303280.37852487003, 2773058.887787871]]]}, "properties": {"height": 21, "color": "rgb(0,0,255)"}}, {"geometry": {"type": "Polygon", "coordinates": [[[303268.8825116725, 2773059.0813448634], [303279.53020355775, 2773059.1229189984], [303279.5952990175, 2773042.4527204987], [303268.947594122, 2773042.4111465462], [303268.8825116725, 2773059.0813448634]]]}, "properties": {"height": 14, "color": "rgb(0,0,255)"}}, {"geometry": {"type": "Polygon", "coordinates": [[[303320.7308625816, 2773057.143144009], [303329.26932576834, 2773057.176514375], [303329.3242221478, 2773043.131289326], [303320.7857501709, 2773043.0979190837], [303320.7308625816, 2773057.143144009]]]}, "properties": {"height": 21, "color": "rgb(0,0,255)"}}, {"geometry": {"type": "Polygon", "coordinates": [[[303346.03369966854, 2773034.0472865715], [303354.92372056015, 2773034.0820471803], [303354.969185947, 2773022.455226701], [303346.0791574792, 2773022.420466199], [303346.03369966854, 2773034.0472865715]]]}, "properties": {"height": 21, "color": "rgb(0,0,255)"}}, {"geometry": {"type": "Polygon", "coordinates": [[[303322.4483151826, 2773090.7804508014], [303328.26851096423, 2773090.803197991], [303328.3374989945, 2773073.1525291135], [303322.5172956828, 2773073.129782029], [303322.4483151826, 2773090.7804508014]]]}, "properties": {"height": 14, "color": "rgb(0,0,255)"}}, {"geometry": {"type": "Polygon", "coordinates": [[[303424.30232336174, 2772993.656649089], [303473.6761781705, 2772993.8500576005], [303473.7456699611, 2772976.1181402076], [303424.3717509824, 2772975.9247326], [303424.30232336174, 2772993.656649089]]]}, "properties": {"height": 10.5, "color": "rgb(0,0,255)"}}, {"geometry": {"type": "Polygon", "coordinates": [[[303417.3725317315, 2773012.4805207597], [303469.2047560511, 2773012.683539173], [303469.2783206407, 2772993.910955486], [303417.44602500193, 2772993.707938078], [303417.3725317315, 2773012.4805207597]]]}, "properties": {"height": 7, "color": "rgb(0,0,255)"}}, {"geometry": {"type": "Polygon", "coordinates": [[[303413.5716924822, 2772916.592479316], [303438.62584237097, 2772916.690576933], [303438.6864119725, 2772901.2246754095], [303413.6322336836, 2772901.126578193], [303413.5716924822, 2772916.592479316]]]}, "properties": {"height": 17.5, "color": "rgb(0,0,255)"}}, {"geometry": {"type": "Polygon", "coordinates": [[[303476.44728318235, 2772945.340084505], [303493.89929996734, 2772945.4084929065], [303493.9848197973, 2772923.594571323], [303476.5327751094, 2772923.526163314], [303476.44728318235, 2772945.340084505]]]}, "properties": {"height": 17.5, "color": "rgb(0,0,255)"}}, {"geometry": {"type": "Polygon", "coordinates": [[[303380.9684659771, 2772990.188128753], [303396.1989634943, 2772990.2477225335], [303396.2592739357, 2772974.8362248223], [303381.02875921427, 2772974.776631284], [303380.9684659771, 2772990.188128753]]]}, "properties": {"height": 24.5, "color": "rgb(0,0,255)"}}, {"geometry": {"type": "Polygon", "coordinates": [[[303396.8614988634, 2773011.336846004], [303417.88257300336, 2773011.4191267686], [303417.9422011095, 2772996.188307973], [303396.92110350233, 2772996.1060275384], [303396.8614988634, 2773011.336846004]]]}, "properties": {"height": 17.5, "color": "rgb(0,0,255)"}}, {"geometry": {"type": "Polygon", "coordinates": [[[303478.08256449044, 2772965.4032568354], [303493.8976187637, 2772965.46525013], [303493.97513869096, 2772945.6920679794], [303478.1600614974, 2772945.6300750077], [303478.08256449044, 2772965.4032568354]]]}, "properties": {"height": 17.5, "color": "rgb(0,0,255)"}}, {"geometry": {"type": "Polygon", "coordinates": [[[303475.2173153381, 2773013.816319427], [303495.5573795282, 2773013.8960509542], [303495.67763406096, 2772983.223961586], [303475.3375241434, 2772983.1442307034], [303475.2173153381, 2773013.816319427]]]}, "properties": {"height": 7, "color": "rgb(0,0,255)"}}, {"geometry": {"type": "Polygon", "coordinates": [[[303380.9880358404, 2773003.2589082494], [303393.49207253254, 2773003.3078329847], [303393.5419880386, 2772990.552044416], [303381.0379396558, 2772990.5031198454], [303380.9880358404, 2773003.2589082494]]]}, "properties": {"height": 24.5, "color": "rgb(0,0,255)"}}, {"geometry": {"type": "Polygon", "coordinates": [[[303461.6356068786, 2772964.718310822], [303476.20443313883, 2772964.7754007974], [303476.2736712324, 2772947.1088429037], [303461.7048261074, 2772947.051753194], [303461.6356068786, 2772964.718310822]]]}, "properties": {"height": 17.5, "color": "rgb(0,0,255)"}}, {"geometry": {"type": "Polygon", "coordinates": [[[303410.54088307975, 2772992.183106789], [303424.16870171967, 2772992.2364583965], [303424.2259237853, 2772977.6218212373], [303410.5980905474, 2772977.5684698345], [303410.54088307975, 2772992.183106789]]]}, "properties": {"height": 17.5, "color": "rgb(0,0,255)"}}, {"geometry": {"type": "Polygon", "coordinates": [[[303476.5467262698, 2772983.5739627415], [303494.59169227374, 2772983.644697019], [303494.6279221639, 2772974.4036626797], [303476.5829439377, 2772974.332928575], [303476.5467262698, 2772983.5739627415]]]}, "properties": {"height": 21, "color": "rgb(0,0,255)"}}, {"geometry": {"type": "Polygon", "coordinates": [[[303381.35450402444, 2773014.521679063], [303393.8166741249, 2773014.570440526], [303393.85667489446, 2773004.348452975], [303381.3944954568, 2773004.299691643], [303381.35450402444, 2773014.521679063]]]}, "properties": {"height": 24.5, "color": "rgb(0,0,255)"}}, {"geometry": {"type": "Polygon", "coordinates": [[[303379.3989916801, 2772967.112045059], [303399.17462571413, 2772967.1894233036], [303399.25469598913, 2772946.7295030965], [303379.4790322995, 2772946.652125269], [303379.3989916801, 2772967.112045059]]]}, "properties": {"height": 7, "color": "rgb(0,0,255)"}}, {"geometry": {"type": "Polygon", "coordinates": [[[303468.73946903914, 2773011.919865645], [303474.8326134403, 2773011.943744222], [303474.8991115255, 2772994.9762126314], [303468.8059595466, 2772994.952334162], [303468.73946903914, 2773011.919865645]]]}, "properties": {"height": 17.5, "color": "rgb(0,0,255)"}}, {"geometry": {"type": "Polygon", "coordinates": [[[303399.3134070475, 2772964.4666806334], [303409.6913268858, 2772964.5072989604], [303409.75695921754, 2772947.73992164], [303399.3790266252, 2772947.6993034924], [303399.3134070475, 2772964.4666806334]]]}, "properties": {"height": 7, "color": "rgb(0,0,255)"}}, {"geometry": {"type": "Polygon", "coordinates": [[[303513.80332320795, 2772945.9326972403], [303527.036018471, 2772945.9846009417], [303527.06261681014, 2772939.2042634995], [303513.8299149709, 2772939.1523598903], [303513.80332320795, 2772945.9326972403]]]}, "properties": {"height": 14, "color": "rgb(0,0,255)"}}, {"geometry": {"type": "Polygon", "coordinates": [[[303418.2866399591, 2773107.702027347], [303449.95320873806, 2773107.8260437227], [303450.0244985577, 2773089.6281071925], [303418.3578875389, 2773089.5040914114], [303418.2866399591, 2773107.702027347]]]}, "properties": {"height": 14, "color": "rgb(0,0,255)"}}, {"geometry": {"type": "Polygon", "coordinates": [[[303442.4804921533, 2773052.4744738443], [303455.34705959354, 2773052.524876231], [303455.44509735855, 2773027.5010013026], [303442.5785063187, 2773027.4505992485], [303442.4804921533, 2773052.4744738443]]]}, "properties": {"height": 24.5, "color": "rgb(0,0,255)"}}, {"geometry": {"type": "Polygon", "coordinates": [[[303413.87592665467, 2773057.3402975285], [303442.05011027993, 2773057.4506216184], [303442.10649636993, 2773043.054698363], [303413.93228301563, 2773042.944374691], [303413.87592665467, 2773057.3402975285]]]}, "properties": {"height": 10.5, "color": "rgb(0,0,255)"}}, {"geometry": {"type": "Polygon", "coordinates": [[[303381.73202578916, 2773039.0082958024], [303398.1367568658, 2773039.0724870246], [303398.20794594515, 2773020.882120054], [303381.80319299607, 2773020.8179291403], [303381.73202578916, 2773039.0082958024]]]}, "properties": {"height": 17.5, "color": "rgb(0,0,255)"}}, {"geometry": {"type": "Polygon", "coordinates": [[[303461.4231316282, 2773115.371364142], [303476.5632505306, 2773115.4306965545], [303476.6279134825, 2773098.9326499137], [303461.48777627107, 2773098.8733177595], [303461.4231316282, 2773115.371364142]]]}, "properties": {"height": 17.5, "color": "rgb(0,0,255)"}}, {"geometry": {"type": "Polygon", "coordinates": [[[303432.51368415775, 2773087.859964951], [303449.5327800935, 2773087.926625222], [303449.5970150423, 2773071.5293063824], [303432.5778986513, 2773071.462646399], [303432.51368415775, 2773087.859964951]]]}, "properties": {"height": 10.5, "color": "rgb(0,0,255)"}}, {"geometry": {"type": "Polygon", "coordinates": [[[303418.37467169313, 2773038.25721383], [303441.2109186069, 2773038.346638061], [303441.2830099551, 2773019.940562276], [303418.4467322327, 2773019.851138479], [303418.37467169313, 2773038.25721383]]]}, "properties": {"height": 7, "color": "rgb(0,0,255)"}}, {"geometry": {"type": "Polygon", "coordinates": [[[303394.76440146845, 2773105.2197787277], [303408.35621349164, 2773105.2729761065], [303408.3944104993, 2773095.514951455], [303394.80258875445, 2773095.4617542126], [303394.76440146845, 2773105.2197787277]]]}, "properties": {"height": 21, "color": "rgb(0,0,255)"}}, {"geometry": {"type": "Polygon", "coordinates": [[[303408.8397230521, 2773035.6676574363], [303418.5826783349, 2773035.7057982543], [303418.63857341325, 2773021.4288391033], [303408.89560793486, 2773021.390698429], [303408.8397230521, 2773035.6676574363]]]}, "properties": {"height": 17.5, "color": "rgb(0,0,255)"}}, {"geometry": {"type": "Polygon", "coordinates": [[[303357.1900216115, 2773034.281055451], [303366.39664321544, 2773034.317061628], [303366.4430633967, 2773022.4486250947], [303357.23643378366, 2773022.4126190306], [303357.1900216115, 2773034.281055451]]]}, "properties": {"height": 21, "color": "rgb(0,0,255)"}}, {"geometry": {"type": "Polygon", "coordinates": [[[303399.35761160956, 2773037.632090016], [303409.1021009123, 2773037.670230098], [303409.1585753965, 2773023.2427274524], [303399.4140757891, 2773023.2045875154], [303399.35761160956, 2773037.632090016]]]}, "properties": {"height": 14, "color": "rgb(0,0,255)"}}, {"geometry": {"type": "Polygon", "coordinates": [[[303408.4265613785, 2773107.7904241104], [303418.4675298138, 2773107.8297325303], [303418.5344776449, 2773090.7300930913], [303408.49349662435, 2773090.6907848488], [303408.4265613785, 2773107.7904241104]]]}, "properties": {"height": 7, "color": "rgb(0,0,255)"}}, {"geometry": {"type": "Polygon", "coordinates": [[[303821.615688145, 2773038.7701071957], [303851.03616378276, 2773038.8861911087], [303851.2422937692, 2772986.65811924], [303821.8217055055, 2772986.542036926], [303821.615688145, 2773038.7701071957]]]}, "properties": {"height": 35, "color": "rgb(0,0,255)"}}, {"geometry": {"type": "Polygon", "coordinates": [[[303582.8902492742, 2773005.9047294096], [303620.813178352, 2773006.0537076495], [303620.89462762745, 2772985.3277708897], [303582.97164093977, 2772985.1787934643], [303582.8902492742, 2773005.9047294096]]]}, "properties": {"height": 10.5, "color": "rgb(0,0,255)"}}, {"geometry": {"type": "Polygon", "coordinates": [[[303532.6856402328, 2772956.3145991163], [303564.37589609594, 2772956.4389662594], [303564.43143319496, 2772942.2915928303], [303532.74114447134, 2772942.1672261506], [303532.6856402328, 2772956.3145991163]]]}, "properties": {"height": 17.5, "color": "rgb(0,0,255)"}}, {"geometry": {"type": "Polygon", "coordinates": [[[303593.2958386351, 2772984.3033350687], [303620.02304686484, 2772984.4083399912], [303620.0995730144, 2772964.934707515], [303593.3723266361, 2772964.829703131], [303593.2958386351, 2772984.3033350687]]]}, "properties": {"height": 14, "color": "rgb(0,0,255)"}}, {"geometry": {"type": "Polygon", "coordinates": [[[303651.96737088537, 2772955.798345697], [303665.90748955845, 2772955.8531659143], [303666.0121982771, 2772929.2303432818], [303652.07205240265, 2772929.1755234487], [303651.96737088537, 2772955.798345697]]]}, "properties": {"height": 17.5, "color": "rgb(0,0,255)"}}, {"geometry": {"type": "Polygon", "coordinates": [[[303558.47362048965, 2772981.8209035834], [303582.6620180723, 2772981.9158700397], [303582.7180514445, 2772967.6470971084], [303558.5296285647, 2772967.5521310084], [303558.47362048965, 2772981.8209035834]]]}, "properties": {"height": 17.5, "color": "rgb(0,0,255)"}}, {"geometry": {"type": "Polygon", "coordinates": [[[303535.9217400563, 2772982.0882324255], [303557.55592844496, 2772982.1731329896], [303557.61690090154, 2772966.639353596], [303535.9826878812, 2772966.55445338], [303535.9217400563, 2772982.0882324255]]]}, "properties": {"height": 17.5, "color": "rgb(0,0,255)"}}, {"geometry": {"type": "Polygon", "coordinates": [[[303556.58903645596, 2773005.2879849384], [303578.5332110984, 2773005.374136309], [303578.5963959412, 2772989.2831674316], [303556.6521954177, 2772989.1970164264], [303556.58903645596, 2773005.2879849384]]]}, "properties": {"height": 14, "color": "rgb(0,0,255)"}}, {"geometry": {"type": "Polygon", "coordinates": [[[303514.4105366374, 2772984.9729422005], [303530.6091954117, 2772985.0364830466], [303530.67860235786, 2772967.344986245], [303514.4799225787, 2772967.2814456956], [303514.4105366374, 2772984.9729422005]]]}, "properties": {"height": 14, "color": "rgb(0,0,255)"}}, {"geometry": {"type": "Polygon", "coordinates": [[[303582.10562808195, 2772985.2890589642], [303593.97412180994, 2772985.3356713117], [303594.0518890078, 2772965.536617287], [303582.18337805645, 2772965.490005183], [303582.10562808195, 2772985.2890589642]]]}, "properties": {"height": 17.5, "color": "rgb(0,0,255)"}}, {"geometry": {"type": "Polygon", "coordinates": [[[303513.9400693367, 2772959.1860849024], [303530.12794930534, 2772959.249582231], [303530.1814369608, 2772945.615578614], [303513.9935408156, 2772945.5520815137], [303513.9400693367, 2772959.1860849024]]]}, "properties": {"height": 14, "color": "rgb(0,0,255)"}}, {"geometry": {"type": "Polygon", "coordinates": [[[303650.98327800544, 2773000.1446226663], [303668.23273796774, 2773000.2124591162], [303668.2781570054, 2772988.665134893], [303651.0286824436, 2772988.597298649], [303650.98327800544, 2773000.1446226663]]]}, "properties": {"height": 17.5, "color": "rgb(0,0,255)"}}, {"geometry": {"type": "Polygon", "coordinates": [[[303667.66074398305, 2772953.056025537], [303684.89049232693, 2772953.1238042056], [303684.9427257642, 2772939.8478488773], [303667.7129606548, 2772939.7800704464], [303667.66074398305, 2772953.056025537]]]}, "properties": {"height": 14, "color": "rgb(0,0,255)"}}, {"geometry": {"type": "Polygon", "coordinates": [[[303531.64138907933, 2772939.4800917367], [303556.2575707432, 2772939.576688026], [303556.3235195119, 2772922.774403271], [303531.70730753295, 2772922.677807409], [303531.64138907933, 2772939.4800917367]]]}, "properties": {"height": 7, "color": "rgb(0,0,255)"}}, {"geometry": {"type": "Polygon", "coordinates": [[[303512.72151742055, 2772909.7524352022], [303529.2075603483, 2772909.817099479], [303529.25378522935, 2772898.0339392456], [303512.7677280638, 2772897.96927517], [303512.72151742055, 2772909.7524352022]]]}, "properties": {"height": 14, "color": "rgb(0,0,255)"}}, {"geometry": {"type": "Polygon", "coordinates": [[[303668.6668335401, 2772997.8391476385], [303678.8153939995, 2772997.8790690606], [303678.8737308415, 2772983.0504271337], [303668.72515935183, 2772983.0105058677], [303668.6668335401, 2772997.8391476385]]]}, "properties": {"height": 14, "color": "rgb(0,0,255)"}}, {"geometry": {"type": "Polygon", "coordinates": [[[303518.126160059, 2773000.2915227064], [303534.8853155356, 2773000.357267477], [303534.9466956841, 2772984.7131161564], [303518.18752099056, 2772984.6473716567], [303518.126160059, 2773000.2915227064]]]}, "properties": {"height": 7, "color": "rgb(0,0,255)"}}, {"geometry": {"type": "Polygon", "coordinates": [[[303650.73605834006, 2772989.2160180314], [303664.3931898837, 2772989.26972475], [303664.4313849342, 2772979.558289779], [303650.77424366935, 2772979.504583198], [303650.73605834006, 2772989.2160180314]]]}, "properties": {"height": 14, "color": "rgb(0,0,255)"}}, {"geometry": {"type": "Polygon", "coordinates": [[[303649.1811900275, 2772911.929859127], [303665.18238293467, 2772911.9927814314], [303665.20912965795, 2772905.192074351], [303649.207928775, 2772905.1291521597], [303649.1811900275, 2772911.929859127]]]}, "properties": {"height": 17.5, "color": "rgb(0,0,255)"}}, {"geometry": {"type": "Polygon", "coordinates": [[[303513.39077487245, 2772939.5762216495], [303530.8082539069, 2772939.644541643], [303530.87364217365, 2772922.97714141], [303513.4561418616, 2772922.908821717], [303513.39077487245, 2772939.5762216495]]]}, "properties": {"height": 7, "color": "rgb(0,0,255)"}}, {"geometry": {"type": "Polygon", "coordinates": [[[303650.1398998576, 2772980.0066841566], [303668.6574211092, 2772980.0795065886], [303668.69940777903, 2772969.4048245405], [303650.1818720392, 2772969.3320023133], [303650.1398998576, 2772980.0066841566]]]}, "properties": {"height": 7, "color": "rgb(0,0,255)"}}, {"geometry": {"type": "Polygon", "coordinates": [[[303555.63180762494, 2772938.9366875584], [303561.203747735, 2772938.958558296], [303561.2678027635, 2772922.640260756], [303555.69585598924, 2772922.6183901126], [303555.63180762494, 2772938.9366875584]]]}, "properties": {"height": 14, "color": "rgb(0,0,255)"}}, {"geometry": {"type": "Polygon", "coordinates": [[[303618.2335379354, 2773031.852762385], [303639.5192009199, 2773031.9364250423], [303639.614565112, 2773007.6783435005], [303618.3288642808, 2773007.594681378], [303618.2335379354, 2773031.852762385]]]}, "properties": {"height": 17.5, "color": "rgb(0,0,255)"}}, {"geometry": {"type": "Polygon", "coordinates": [[[303651.22867920436, 2773034.745191634], [303669.11786406155, 2773034.8155456525], [303669.232267317, 2773005.730498567], [303651.34304432286, 2773005.6601450886], [303651.22867920436, 2773034.745191634]]]}, "properties": {"height": 17.5, "color": "rgb(0,0,255)"}}, {"geometry": {"type": "Polygon", "coordinates": [[[303546.3132422368, 2773032.398796386], [303576.050136101, 2773032.515528851], [303576.1029865852, 2773019.0558916326], [303546.366063384, 2773018.9391595814], [303546.3132422368, 2773032.398796386]]]}, "properties": {"height": 17.5, "color": "rgb(0,0,255)"}}, {"geometry": {"type": "Polygon", "coordinates": [[[303652.00735135016, 2773052.4503369564], [303670.7637359862, 2773052.524103672], [303670.82344269974, 2773037.3453167323], [303652.0670371959, 2773037.2715503117], [303652.00735135016, 2773052.4503369564]]]}, "properties": {"height": 21, "color": "rgb(0,0,255)"}}, {"geometry": {"type": "Polygon", "coordinates": [[[303528.8534727524, 2773033.979366009], [303543.0966947541, 2773034.035251639], [303543.1673174441, 2773016.038426537], [303528.924076654, 2773015.9825411723], [303528.8534727524, 2773033.979366009]]]}, "properties": {"height": 10.5, "color": "rgb(0,0,255)"}}, {"geometry": {"type": "Polygon", "coordinates": [[[303528.01662306354, 2773088.9002063517], [303537.07412637875, 2773088.9357434823], [303537.1196954532, 2773077.3223149697], [303528.0621844278, 2773077.286777947], [303528.01662306354, 2773088.9002063517]]]}, "properties": {"height": 24.5, "color": "rgb(0,0,255)"}}, {"geometry": {"type": "Polygon", "coordinates": [[[303516.6267643069, 2773055.303871825], [303531.35212533444, 2773055.3616367774], [303531.38680946396, 2773046.5212098686], [303516.66143889463, 2773046.463445051], [303516.6267643069, 2773055.303871825]]]}, "properties": {"height": 17.5, "color": "rgb(0,0,255)"}}, {"geometry": {"type": "Polygon", "coordinates": [[[303516.1820757738, 2773034.3974631913], [303529.3796129023, 2773034.449233151], [303529.44602443767, 2773017.521208659], [303516.248470934, 2773017.46943893], [303516.1820757738, 2773034.3974631913]]]}, "properties": {"height": 7, "color": "rgb(0,0,255)"}}, {"geometry": {"type": "Polygon", "coordinates": [[[303824.3435714353, 2772933.5883118026], [303850.47564180667, 2772933.6914183316], [303850.5430331202, 2772916.6153678917], [303824.4109300427, 2772916.512261826], [303824.3435714353, 2772933.5883118026]]]}, "properties": {"height": 21, "color": "rgb(0,0,255)"}}, {"geometry": {"type": "Polygon", "coordinates": [[[303676.11295816785, 2773026.8901292044], [303693.1634418216, 2773026.9572151587], [303693.22141443455, 2773012.225270194], [303676.1709123696, 2773012.1581844995], [303676.11295816785, 2773026.8901292044]]]}, "properties": {"height": 24.5, "color": "rgb(0,0,255)"}}, {"geometry": {"type": "Polygon", "coordinates": [[[303692.7011519979, 2773024.1891185874], [303713.13377927244, 2773024.269539033], [303713.20252200577, 2773006.807168641], [303692.76986857876, 2773006.7267485657], [303692.7011519979, 2773024.1891185874]]]}, "properties": {"height": 17.5, "color": "rgb(0,0,255)"}}, {"geometry": {"type": "Polygon", "coordinates": [[[303741.4771095983, 2772916.6223558187], [303756.9572450238, 2772916.683333668], [303757.0549630084, 2772891.879635746], [303741.57479944086, 2772891.8186582956], [303741.4771095983, 2772916.6223558187]]]}, "properties": {"height": 14, "color": "rgb(0,0,255)"}}, {"geometry": {"type": "Polygon", "coordinates": [[[303705.29152773466, 2772933.8071636115], [303725.15057146375, 2772933.8853415074], [303725.2111578821, 2772918.497755852], [303705.35209175566, 2772918.419578274], [303705.29152773466, 2772933.8071636115]]]}, "properties": {"height": 17.5, "color": "rgb(0,0,255)"}}, {"geometry": {"type": "Polygon", "coordinates": [[[303684.29777402704, 2772932.3655142575], [303704.9227425227, 2772932.4466761225], [303704.977681287, 2772918.488207323], [303684.35269169055, 2772918.407045756], [303684.29777402704, 2772932.3655142575]]]}, "properties": {"height": 14, "color": "rgb(0,0,255)"}}, {"geometry": {"type": "Polygon", "coordinates": [[[303721.29834177013, 2772997.6996219526], [303733.2984937391, 2772997.7468740838], [303733.3621577781, 2772981.5805152124], [303721.3619915899, 2772981.533263283], [303721.29834177013, 2772997.6996219526]]]}, "properties": {"height": 17.5, "color": "rgb(0,0,255)"}}, {"geometry": {"type": "Polygon", "coordinates": [[[303716.4122488341, 2773015.5677734935], [303731.3239038709, 2773015.626486722], [303731.3681298824, 2773004.3957508393], [303716.45646257064, 2773004.337037785], [303716.4122488341, 2773015.5677734935]]]}, "properties": {"height": 17.5, "color": "rgb(0,0,255)"}}, {"geometry": {"type": "Polygon", "coordinates": [[[303816.4464164724, 2772935.1044525206], [303832.03993165254, 2772935.165963185], [303832.0671031855, 2772928.2787212417], [303816.4735801338, 2772928.2172106877], [303816.4464164724, 2772935.1044525206]]]}, "properties": {"height": 21, "color": "rgb(0,0,255)"}}, {"geometry": {"type": "Polygon", "coordinates": [[[303678.4074659575, 2772998.664139583], [303689.28799786506, 2772998.7069484373], [303689.3521236723, 2772982.4099902576], [303678.471578768, 2772982.3671815875], [303678.4074659575, 2772998.664139583]]]}, "properties": {"height": 14, "color": "rgb(0,0,255)"}}, {"geometry": {"type": "Polygon", "coordinates": [[[303698.91599504504, 2772996.768670546], [303708.56796569854, 2772996.806659736], [303708.6222206535, 2772983.023228419], [303698.97024024895, 2772982.985239367], [303698.91599504504, 2772996.768670546]]]}, "properties": {"height": 17.5, "color": "rgb(0,0,255)"}}, {"geometry": {"type": "Polygon", "coordinates": [[[303688.75272218557, 2772996.451367044], [303698.74993239157, 2772996.490707737], [303698.8022900478, 2772983.1868512677], [303688.8050700933, 2772983.147510712], [303688.75272218557, 2772996.451367044]]]}, "properties": {"height": 14, "color": "rgb(0,0,255)"}}, {"geometry": {"type": "Polygon", "coordinates": [[[303817.4648144376, 2772979.5574897705], [303834.4871716596, 2772979.624640077], [303834.5121281333, 2772973.299258698], [303817.4897630194, 2772973.2321085036], [303817.4648144376, 2772979.5574897705]]]}, "properties": {"height": 17.5, "color": "rgb(0,0,255)"}}, {"geometry": {"type": "Polygon", "coordinates": [[[303717.86140274524, 2772909.2541712727], [303725.21552874707, 2772909.283124928], [303725.2675801741, 2772896.0631222297], [303717.91344704654, 2772896.0341686746], [303717.86140274524, 2772909.2541712727]]]}, "properties": {"height": 10.5, "color": "rgb(0,0,255)"}}, {"geometry": {"type": "Polygon", "coordinates": [[[303692.9350529724, 2773053.167442561], [303714.95037474093, 2773053.2540949928], [303715.0295487129, 2773033.142839866], [303693.01419449144, 2773033.0561878937], [303692.9350529724, 2773053.167442561]]]}, "properties": {"height": 14, "color": "rgb(0,0,255)"}}, {"geometry": {"type": "Polygon", "coordinates": [[[303670.897207252, 2773053.0506746247], [303693.62777911965, 2773053.1401061644], [303693.67512141436, 2773041.10976622], [303670.944529503, 2773041.0203349646], [303670.897207252, 2773053.0506746247]]]}, "properties": {"height": 24.5, "color": "rgb(0,0,255)"}}, {"geometry": {"type": "Polygon", "coordinates": [[[303676.4476979436, 2773038.8973321733], [303690.4682282318, 2773038.9524956876], [303690.51653119037, 2773026.6772433813], [303676.4959882873, 2773026.622080045], [303676.4476979436, 2773038.8973321733]]]}, "properties": {"height": 24.5, "color": "rgb(0,0,255)"}}, {"geometry": {"type": "Polygon", "coordinates": [[[303716.8074844657, 2773028.4061098304], [303733.1764024452, 2773028.4705625814], [303733.22708548006, 2773015.6006406727], [303716.8581520594, 2773015.536188141], [303716.8074844657, 2773028.4061098304]]]}, "properties": {"height": 10.5, "color": "rgb(0,0,255)"}}, {"geometry": {"type": "Polygon", "coordinates": [[[303864.7701615675, 2772995.1369854617], [303876.73292409495, 2772995.184216083], [303876.8735881961, 2772959.5599860833], [303864.9107944327, 2772959.512755906], [303864.7701615675, 2772995.1369854617]]]}, "properties": {"height": 17.5, "color": "rgb(0,0,255)"}}, {"geometry": {"type": "Polygon", "coordinates": [[[303892.4440328219, 2772990.041238434], [303916.41323721485, 2772990.1359310877], [303916.4619103901, 2772977.818181862], [303892.49268435687, 2772977.723489515], [303892.4440328219, 2772990.041238434]]]}, "properties": {"height": 24.5, "color": "rgb(0,0,255)"}}, {"geometry": {"type": "Polygon", "coordinates": [[[303921.45939316734, 2772931.527957222], [303939.8830595769, 2772931.600775377], [303939.9430467379, 2772916.4260225166], [303921.51935983717, 2772916.3532046527], [303921.45939316734, 2772931.527957222]]]}, "properties": {"height": 21, "color": "rgb(0,0,255)"}}, {"geometry": {"type": "Polygon", "coordinates": [[[303910.5721325559, 2772932.1056903005], [303927.43528792274, 2772932.1723262505], [303927.49600239994, 2772916.810044748], [303910.63282804575, 2772916.743409067], [303910.5721325559, 2772932.1056903005]]]}, "properties": {"height": 17.5, "color": "rgb(0,0,255)"}}, {"geometry": {"type": "Polygon", "coordinates": [[[303876.2745500989, 2772994.697707204], [303892.9145084132, 2772994.763420903], [303892.97896154417, 2772978.4451371604], [303876.3389833275, 2772978.3794237445], [303876.2745500989, 2772994.697707204]]]}, "properties": {"height": 14, "color": "rgb(0,0,255)"}}, {"geometry": {"type": "Polygon", "coordinates": [[[303876.2494212681, 2772977.354849775], [303889.5771685429, 2772977.407481037], [303889.6421281809, 2772960.9598236014], [303876.31436483905, 2772960.907192567], [303876.2494212681, 2772977.354849775]]]}, "properties": {"height": 14, "color": "rgb(0,0,255)"}}, {"geometry": {"type": "Polygon", "coordinates": [[[303939.5586602037, 2772931.229718069], [303949.7657572247, 2772931.2700713123], [303949.8258235584, 2772916.078071613], [303939.61871517194, 2772916.037718531], [303939.5586602037, 2772931.229718069]]]}, "properties": {"height": 21, "color": "rgb(0,0,255)"}}, {"geometry": {"type": "Polygon", "coordinates": [[[303980.0833433485, 2772926.2661142815], [304000.0780005718, 2772926.3452285416], [304000.13714839524, 2772911.3994466113], [303980.1424692691, 2772911.3203326636], [303980.0833433485, 2772926.2661142815]]]}, "properties": {"height": 10.5, "color": "rgb(0,0,255)"}}, {"geometry": {"type": "Polygon", "coordinates": [[[303265.5875328004, 2772920.948763723], [303290.61928617815, 2772921.046502338], [303290.7617402149, 2772884.571065278], [303265.7299199171, 2772884.4733276023], [303265.5875328004, 2772920.948763723]]]}, "properties": {"height": 38.5, "color": "rgb(0,0,255)"}}, {"geometry": {"type": "Polygon", "coordinates": [[[303377.6868975979, 2772945.1620925544], [303474.0477785989, 2772945.539389057], [303474.125687355, 2772925.6594882454], [303377.7646659482, 2772925.28219372], [303377.6868975979, 2772945.1620925544]]]}, "properties": {"height": 17.5, "color": "rgb(0,0,255)"}}, {"geometry": {"type": "Polygon", "coordinates": [[[303191.36738784635, 2772954.739834029], [303210.1575817395, 2772954.8130964595], [303210.3159810718, 2772914.194064423], [303191.5257312376, 2772914.120802778], [303191.36738784635, 2772954.739834029]]]}, "properties": {"height": 35, "color": "rgb(0,0,255)"}}, {"geometry": {"type": "Polygon", "coordinates": [[[303457.0341068789, 2773098.6611661], [303497.50475711474, 2773098.8197894613], [303497.61277950904, 2773071.269603234], [303457.142047547, 2773071.1109810243], [303457.0341068789, 2773098.6611661]]]}, "properties": {"height": 21, "color": "rgb(0,0,255)"}}, {"geometry": {"type": "Polygon", "coordinates": [[[303565.0935067706, 2773051.3175788904], [303639.7622289438, 2773051.610919679], [303639.82606076886, 2773035.3740494377], [303565.1572497308, 2773035.0807099054], [303565.0935067706, 2773051.3175788904]]]}, "properties": {"height": 17.5, "color": "rgb(0,0,255)"}}, {"geometry": {"type": "Polygon", "coordinates": [[[303574.792658566, 2773031.499187866], [303620.58181182126, 2773031.67905607], [303620.66643779434, 2773010.144893537], [303574.8772122661, 2773009.965026354], [303574.792658566, 2773031.499187866]]]}, "properties": {"height": 17.5, "color": "rgb(0,0,255)"}}, {"geometry": {"type": "Polygon", "coordinates": [[[304614.2714708805, 2772724.846441483], [304717.35467409826, 2772725.259388594], [304717.70147995243, 2772638.767192573], [304614.6176233151, 2772638.354254879], [304614.2714708805, 2772724.846441483]]]}, "properties": {"height": 17.5, "color": "rgb(0,0,255)"}}, {"geometry": {"type": "Polygon", "coordinates": [[[304268.4190105404, 2772582.3246719576], [304369.9512856301, 2772582.728803566], [304370.0218928409, 2772565.0062646945], [304268.4894858841, 2772564.6021349747], [304268.4190105404, 2772582.3246719576]]]}, "properties": {"height": 14, "color": "rgb(0,0,255)"}}, {"geometry": {"type": "Polygon", "coordinates": [[[304267.59074450226, 2772554.904589379], [304369.73066164186, 2772555.311131103], [304369.8003065499, 2772537.829865139], [304267.6602585614, 2772537.4233252895], [304267.59074450226, 2772554.904589379]]]}, "properties": {"height": 14, "color": "rgb(0,0,255)"}}, {"geometry": {"type": "Polygon", "coordinates": [[[304269.14453417115, 2772605.3944279305], [304357.88910192973, 2772605.7476267675], [304357.95543439663, 2772589.09452227], [304269.21075833327, 2772588.741324983], [304269.14453417115, 2772605.3944279305]]]}, "properties": {"height": 17.5, "color": "rgb(0,0,255)"}}, {"geometry": {"type": "Polygon", "coordinates": [[[304410.2350775519, 2772774.8172132224], [304440.8577885095, 2772774.9393499037], [304440.98909942684, 2772742.0255067884], [304410.3663146002, 2772741.903371166], [304410.2350775519, 2772774.8172132224]]]}, "properties": {"height": 38.5, "color": "rgb(0,0,255)"}}, {"geometry": {"type": "Polygon", "coordinates": [[[304482.4461425626, 2772770.4327374734], [304511.24161739013, 2772770.547736581], [304511.34400037414, 2772744.9179668403], [304482.5484714576, 2772744.8029685095], [304482.4461425626, 2772770.4327374734]]]}, "properties": {"height": 45.5, "color": "rgb(0,0,255)"}}, {"geometry": {"type": "Polygon", "coordinates": [[[304446.11112665886, 2772770.5583479987], [304473.47420916177, 2772770.6675523426], [304473.5728082916, 2772745.967896676], [304446.2096762555, 2772745.858693043], [304446.11112665886, 2772770.5583479987]]]}, "properties": {"height": 42, "color": "rgb(0,0,255)"}}, {"geometry": {"type": "Polygon", "coordinates": [[[304275.5623219999, 2772711.2564978837], [304377.1359147372, 2772711.6608686564], [304377.1852046277, 2772699.291316117], [304275.6115198106, 2772698.8869466637], [304275.5623219999, 2772711.2564978837]]]}, "properties": {"height": 21, "color": "rgb(0,0,255)"}}, {"geometry": {"type": "Polygon", "coordinates": [[[304562.8971369501, 2772353.1005785], [304591.74942673725, 2772353.215954906], [304591.91838277015, 2772310.9758205516], [304563.06600367924, 2772310.8604454314], [304562.8971369501, 2772353.1005785]]]}, "properties": {"height": 49, "color": "rgb(0,0,255)"}}, {"geometry": {"type": "Polygon", "coordinates": [[[304563.0477812066, 2772511.409079823], [304630.7982299844, 2772511.680119608], [304630.9344608519, 2772477.6480975375], [304563.1838431105, 2772477.3770601843], [304563.0477812066, 2772511.409079823]]]}, "properties": {"height": 24.5, "color": "rgb(0,0,255)"}}, {"geometry": {"type": "Polygon", "coordinates": [[[304562.45972115325, 2772471.420068907], [304615.8767337512, 2772471.633733051], [304616.0140612567, 2772437.3178206473], [304562.5969143325, 2772437.104158438], [304562.45972115325, 2772471.420068907]]]}, "properties": {"height": 21, "color": "rgb(0,0,255)"}}, {"geometry": {"type": "Polygon", "coordinates": [[[304590.4369850147, 2772337.261352474], [304619.4597083541, 2772337.3774684076], [304619.56612642994, 2772310.7856345274], [304590.54334653844, 2772310.6695194086], [304590.4369850147, 2772337.261352474]]]}, "properties": {"height": 35, "color": "rgb(0,0,255)"}}, {"geometry": {"type": "Polygon", "coordinates": [[[304563.0935019748, 2772430.8355417876], [304597.34518333414, 2772430.9725212674], [304597.47795602574, 2772397.78297478], [304563.2261913632, 2772397.6459965], [304563.0935019748, 2772430.8355417876]]]}, "properties": {"height": 24.5, "color": "rgb(0,0,255)"}}, {"geometry": {"type": "Polygon", "coordinates": [[[304693.699095753, 2772845.5559836873], [304725.7242375397, 2772845.684384468], [304725.85334317735, 2772813.49268821], [304693.8281258314, 2772813.364288519], [304693.699095753, 2772845.5559836873]]]}, "properties": {"height": 49, "color": "rgb(0,0,255)"}}, {"geometry": {"type": "Polygon", "coordinates": [[[304519.5742973671, 2772770.3388278815], [304547.46805406746, 2772770.4503008053], [304547.56796034606, 2772745.457141022], [304519.67415255186, 2772745.345668833], [304519.5742973671, 2772770.3388278815]]]}, "properties": {"height": 42, "color": "rgb(0,0,255)"}}, {"geometry": {"type": "Polygon", "coordinates": [[[304636.66992414417, 2772848.579479397], [304676.89005613566, 2772848.740581153], [304677.0298082022, 2772813.8631701567], [304636.80957339937, 2772813.7020698823], [304636.66992414417, 2772848.579479397]]]}, "properties": {"height": 21, "color": "rgb(0,0,255)"}}, {"geometry": {"type": "Polygon", "coordinates": [[[303978.7716914238, 2772391.669745804], [304037.721705645, 2772391.90302477], [304037.7918398864, 2772374.189590442], [303978.84174914804, 2772373.9563125656], [303978.7716914238, 2772391.669745804]]]}, "properties": {"height": 21, "color": "rgb(0,0,255)"}}, {"geometry": {"type": "Polygon", "coordinates": [[[304095.71191272547, 2772393.8274733583], [304113.08109722973, 2772393.896329694], [304113.2471030403, 2772352.0273703677], [304095.87786524644, 2772351.9585147933], [304095.71191272547, 2772393.8274733583]]]}, "properties": {"height": 31.5, "color": "rgb(0,0,255)"}}, {"geometry": {"type": "Polygon", "coordinates": [[[304094.7610059269, 2772427.811043811], [304112.0967147446, 2772427.879767169], [304112.1587241757, 2772412.2401344706], [304094.8229954903, 2772412.1714113955], [304094.7610059269, 2772427.811043811]]]}, "properties": {"height": 63, "color": "rgb(0,0,255)"}}, {"geometry": {"type": "Polygon", "coordinates": [[[304037.53928573517, 2772372.3958639917], [304071.86341514555, 2772372.531808332], [304071.93115548504, 2772355.4336572536], [304037.6069830698, 2772355.2977135265], [304037.53928573517, 2772372.3958639917]]]}, "properties": {"height": 28, "color": "rgb(0,0,255)"}}, {"geometry": {"type": "Polygon", "coordinates": [[[304122.5505544795, 2772377.1193339434], [304136.50354287063, 2772377.1746728276], [304136.64036766026, 2772342.6803062544], [304122.6873440009, 2772342.624967873], [304122.5505544795, 2772377.1193339434]]]}, "properties": {"height": 31.5, "color": "rgb(0,0,255)"}}, {"geometry": {"type": "Polygon", "coordinates": [[[304037.52696572454, 2772390.4889369314], [304073.18862113357, 2772390.630181448], [304073.26040573907, 2772372.5118038584], [304037.598702983, 2772372.370560016], [304037.52696572454, 2772390.4889369314]]]}, "properties": {"height": 21, "color": "rgb(0,0,255)"}}, {"geometry": {"type": "Polygon", "coordinates": [[[304051.2086857082, 2772430.309045739], [304076.8666124911, 2772430.4106866335], [304076.9701050383, 2772404.291417291], [304051.3121291464, 2772404.1897770963], [304051.2086857082, 2772430.309045739]]]}, "properties": {"height": 17.5, "color": "rgb(0,0,255)"}}, {"geometry": {"type": "Polygon", "coordinates": [[[304022.76710533653, 2772423.204458052], [304050.8235745505, 2772423.315544169], [304050.8679855246, 2772412.101774956], [304022.8114932557, 2772411.9906891678], [304022.76710533653, 2772423.204458052]]]}, "properties": {"height": 35, "color": "rgb(0,0,255)"}}, {"geometry": {"type": "Polygon", "coordinates": [[[304053.8798633077, 2772557.471767787], [304081.603727345, 2772557.581605906], [304081.71398614335, 2772529.7585628363], [304053.99006557855, 2772529.6487255227], [304053.8798633077, 2772557.471767787]]]}, "properties": {"height": 21, "color": "rgb(0,0,255)"}}, {"geometry": {"type": "Polygon", "coordinates": [[[303968.71436501556, 2772602.1731487755], [304033.48191431037, 2772602.429437297], [304033.5408086859, 2772587.5549212378], [303968.7731887902, 2772587.2986337217], [303968.71436501556, 2772602.1731487755]]]}, "properties": {"height": 17.5, "color": "rgb(0,0,255)"}}, {"geometry": {"type": "Polygon", "coordinates": [[[304024.0306309643, 2772515.961363002], [304074.4209593994, 2772516.1609307625], [304074.4852395359, 2772499.9378856383], [304024.0948511944, 2772499.738318732], [304024.0306309643, 2772515.961363002]]]}, "properties": {"height": 17.5, "color": "rgb(0,0,255)"}}, {"geometry": {"type": "Polygon", "coordinates": [[[304023.971008938, 2772499.4747743746], [304078.54937595694, 2772499.6909352746], [304078.6098521699, 2772484.4289903045], [304024.03142410994, 2772484.2128302744], [304023.971008938, 2772499.4747743746]]]}, "properties": {"height": 17.5, "color": "rgb(0,0,255)"}}, {"geometry": {"type": "Polygon", "coordinates": [[[304000.9981551923, 2772625.2333908323], [304078.870633716, 2772625.541760753], [304078.93346250034, 2772609.687025565], [304001.0608934957, 2772609.378656934], [304000.9981551923, 2772625.2333908323]]]}, "properties": {"height": 14, "color": "rgb(0,0,255)"}}, {"geometry": {"type": "Polygon", "coordinates": [[[303988.41287816653, 2772681.269138497], [304055.74539671757, 2772681.535688897], [304055.79757155094, 2772668.364136065], [303988.464988004, 2772668.097586591], [303988.41287816653, 2772681.269138497]]]}, "properties": {"height": 14, "color": "rgb(0,0,255)"}}, {"geometry": {"type": "Polygon", "coordinates": [[[303988.2098477453, 2772665.44573602], [304055.542996237, 2772665.7122861836], [304055.5953008384, 2772652.507838144], [303988.2620871883, 2772652.2412889083], [303988.2098477453, 2772665.44573602]]]}, "properties": {"height": 14, "color": "rgb(0,0,255)"}}, {"geometry": {"type": "Polygon", "coordinates": [[[304118.6438657681, 2772752.2665038765], [304144.3177045677, 2772752.368348122], [304144.4048234037, 2772730.4117525015], [304118.7309432906, 2772730.309908845], [304118.6438657681, 2772752.2665038765]]]}, "properties": {"height": 21, "color": "rgb(0,0,255)"}}, {"geometry": {"type": "Polygon", "coordinates": [[[304003.3691093027, 2772704.8025203226], [304054.9874560667, 2772705.006891583], [304055.03878337657, 2772692.0492398744], [304003.42038759426, 2772691.844869312], [304003.3691093027, 2772704.8025203226]]]}, "properties": {"height": 17.5, "color": "rgb(0,0,255)"}}, {"geometry": {"type": "Polygon", "coordinates": [[[304004.4498721103, 2772779.582812388], [304078.8223292856, 2772779.8773503755], [304078.90680234466, 2772758.5620308304], [304004.53422898566, 2772758.267494499], [304004.4498721103, 2772779.582812388]]]}, "properties": {"height": 14, "color": "rgb(0,0,255)"}}, {"geometry": {"type": "Polygon", "coordinates": [[[304016.78880541795, 2772915.720284019], [304084.8317311141, 2772915.9898158936], [304085.05903119827, 2772858.6437863396], [304017.0158195133, 2772858.3742585396], [304016.78880541795, 2772915.720284019]]]}, "properties": {"height": 3.5, "color": "rgb(0,0,255)"}}, {"geometry": {"type": "Polygon", "coordinates": [[[304207.79698619223, 2772334.8675703513], [304240.87395893235, 2772334.9989842717], [304240.9503556009, 2772315.775692061], [304207.8733362683, 2772315.6442788076], [304207.79698619223, 2772334.8675703513]]]}, "properties": {"height": 38.5, "color": "rgb(0,0,255)"}}, {"geometry": {"type": "Polygon", "coordinates": [[[304350.332084114, 2772325.390709396], [304396.06018287246, 2772325.572883919], [304396.1087787521, 2772313.379808714], [304350.3806391375, 2772313.1976347766], [304350.332084114, 2772325.390709396]]]}, "properties": {"height": 38.5, "color": "rgb(0,0,255)"}}, {"geometry": {"type": "Polygon", "coordinates": [[[304207.48596026254, 2772366.0298838653], [304226.88437503803, 2772366.1069440655], [304226.985277189, 2772340.7112140884], [304207.58682631457, 2772340.634154404], [304207.48596026254, 2772366.0298838653]]]}, "properties": {"height": 38.5, "color": "rgb(0,0,255)"}}, {"geometry": {"type": "Polygon", "coordinates": [[[304320.3417923562, 2772331.19498197], [304348.63917280454, 2772331.3076349054], [304348.7078773319, 2772314.054132766], [304320.410461108, 2772313.9414803437], [304320.3417923562, 2772331.19498197]]]}, "properties": {"height": 38.5, "color": "rgb(0,0,255)"}}, {"geometry": {"type": "Polygon", "coordinates": [[[304301.8159567652, 2772432.6601686506], [304379.40906962415, 2772432.969117425], [304379.46503853466, 2772418.922407536], [304301.87184580683, 2772418.613459906], [304301.8159567652, 2772432.6601686506]]]}, "properties": {"height": 17.5, "color": "rgb(0,0,255)"}}, {"geometry": {"type": "Polygon", "coordinates": [[[304350.3538748485, 2772325.756823584], [304375.3429564393, 2772325.8563577533], [304375.38512866053, 2772315.270999988], [304350.3960276869, 2772315.171466097], [304350.3538748485, 2772325.756823584]]]}, "properties": {"height": 38.5, "color": "rgb(0,0,255)"}}, {"geometry": {"type": "Polygon", "coordinates": [[[304302.3742228343, 2772455.607164277], [304348.9058812488, 2772455.7923878427], [304348.9607098765, 2772442.0242655403], [304302.429004515, 2772441.8390426487], [304302.3742228343, 2772455.607164277]]]}, "properties": {"height": 17.5, "color": "rgb(0,0,255)"}}, {"geometry": {"type": "Polygon", "coordinates": [[[304094.0824695396, 2772516.766685475], [304139.8289601336, 2772516.948088688], [304139.9667539165, 2772482.2135571195], [304094.2201468797, 2772482.0321555696], [304094.0824695396, 2772516.766685475]]]}, "properties": {"height": 45.5, "color": "rgb(0,0,255)"}}, {"geometry": {"type": "Polygon", "coordinates": [[[304106.3992860995, 2772475.819972114], [304136.76577391976, 2772475.940395707], [304136.90517077676, 2772440.7991855815], [304106.53860475816, 2772440.678763105], [304106.3992860995, 2772475.819972114]]]}, "properties": {"height": 59.5, "color": "rgb(0,0,255)"}}, {"geometry": {"type": "Polygon", "coordinates": [[[304268.0859944802, 2772536.276483532], [304358.60448079766, 2772536.6367311217], [304358.6606371888, 2772522.538174264], [304268.14205735, 2772522.1779280137], [304268.0859944802, 2772536.276483532]]]}, "properties": {"height": 17.5, "color": "rgb(0,0,255)"}}, {"geometry": {"type": "Polygon", "coordinates": [[[304267.5870794702, 2772496.377828451], [304347.9657878687, 2772496.69768348], [304348.0211103033, 2772482.8055529273], [304267.64232007693, 2772482.48569907], [304267.5870794702, 2772496.377828451]]]}, "properties": {"height": 14, "color": "rgb(0,0,255)"}}, {"geometry": {"type": "Polygon", "coordinates": [[[304267.17489240074, 2772471.6255916767], [304352.6666812359, 2772471.965803422], [304352.72092825436, 2772458.3447633414], [304267.2290540853, 2772458.0045528184], [304267.17489240074, 2772471.6255916767]]]}, "properties": {"height": 14, "color": "rgb(0,0,255)"}}, {"geometry": {"type": "Polygon", "coordinates": [[[304366.3164565688, 2772593.053615248], [304392.6641422171, 2772593.1586045194], [304392.72949706163, 2772576.761342589], [304366.38177975256, 2772576.656353771], [304366.3164565688, 2772593.053615248]]]}, "properties": {"height": 21, "color": "rgb(0,0,255)"}}, {"geometry": {"type": "Polygon", "coordinates": [[[304273.2345226608, 2772630.9563612905], [304357.60597007844, 2772631.292170621], [304357.66272287717, 2772617.044171607], [304273.29118736176, 2772616.708363538], [304273.2345226608, 2772630.9563612905]]]}, "properties": {"height": 17.5, "color": "rgb(0,0,255)"}}, {"geometry": {"type": "Polygon", "coordinates": [[[304214.673608656, 2772685.457806497], [304228.67173464276, 2772685.5134259406], [304228.7750782614, 2772659.507473623], [304214.7769255958, 2772659.45185456], [304214.673608656, 2772685.457806497]]]}, "properties": {"height": 63, "color": "rgb(0,0,255)"}}, {"geometry": {"type": "Polygon", "coordinates": [[[304319.96902554476, 2772724.5815035026], [304396.29663295276, 2772724.8855478656], [304396.3451616793, 2772712.7113694134], [304320.0174861703, 2772712.4073260264], [304319.96902554476, 2772724.5815035026]]]}, "properties": {"height": 21, "color": "rgb(0,0,255)"}}, {"geometry": {"type": "Polygon", "coordinates": [[[304228.27438937966, 2772680.4965619626], [304245.39180065366, 2772680.5645942944], [304245.45707893145, 2772664.1426683646], [304228.3396470566, 2772664.074636327], [304228.27438937966, 2772680.4965619626]]]}, "properties": {"height": 59.5, "color": "rgb(0,0,255)"}}, {"geometry": {"type": "Polygon", "coordinates": [[[304240.387177055, 2772684.2064510453], [304251.2933554782, 2772684.249804394], [304251.38848531974, 2772660.320789318], [304240.48228777066, 2772660.2774362434], [304240.387177055, 2772684.2064510453]]]}, "properties": {"height": 59.5, "color": "rgb(0,0,255)"}}, {"geometry": {"type": "Polygon", "coordinates": [[[304273.6944593285, 2772645.659634422], [304339.0812296453, 2772645.9198405594], [304339.1345325624, 2772632.5334674995], [304273.7476980994, 2772632.273262281], [304273.6944593285, 2772645.659634422]]]}, "properties": {"height": 17.5, "color": "rgb(0,0,255)"}}, {"geometry": {"type": "Polygon", "coordinates": [[[304275.7039020549, 2772723.4678371437], [304319.57055100944, 2772723.642381568], [304319.613430776, 2772712.870135238], [304275.74674718984, 2772712.695591309], [304275.7039020549, 2772723.4678371437]]]}, "properties": {"height": 21, "color": "rgb(0,0,255)"}}, {"geometry": {"type": "Polygon", "coordinates": [[[304345.9866089219, 2772756.115020226], [304365.72173304204, 2772756.193631089], [304365.772842934, 2772743.3648804054], [304346.0377002588, 2772743.2862698087], [304345.9866089219, 2772756.115020226]]]}, "properties": {"height": 63, "color": "rgb(0,0,255)"}}, {"geometry": {"type": "Polygon", "coordinates": [[[304509.05017570447, 2772472.0422994616], [304547.8007354095, 2772472.1971264402], [304547.90457910544, 2772446.215933748], [304509.153945623, 2772446.0611078297], [304509.05017570447, 2772472.0422994616]]]}, "properties": {"height": 24.5, "color": "rgb(0,0,255)"}}, {"geometry": {"type": "Polygon", "coordinates": [[[304492.0115491891, 2772349.1220000624], [304513.2636969619, 2772349.206868098], [304513.3234542967, 2772334.245671759], [304492.071283225, 2772334.1608040575], [304492.0115491891, 2772349.1220000624]]]}, "properties": {"height": 59.5, "color": "rgb(0,0,255)"}}, {"geometry": {"type": "Polygon", "coordinates": [[[304406.19483190763, 2772359.905473123], [304432.3248157691, 2772360.0096610826], [304432.4071055021, 2772339.376559549], [304406.2770821339, 2772339.272372157], [304406.19483190763, 2772359.905473123]]]}, "properties": {"height": 24.5, "color": "rgb(0,0,255)"}}, {"geometry": {"type": "Polygon", "coordinates": [[[304427.8734684595, 2772454.9420651877], [304471.88452896674, 2772455.1176558593], [304471.94379419804, 2772440.269039904], [304427.9326858022, 2772440.0934499195], [304427.8734684595, 2772454.9420651877]]]}, "properties": {"height": 17.5, "color": "rgb(0,0,255)"}}, {"geometry": {"type": "Polygon", "coordinates": [[[304477.84168940654, 2772385.306493201], [304515.0071553645, 2772385.4548945506], [304515.0525122706, 2772374.099612817], [304477.88701538765, 2772373.951211912], [304477.84168940654, 2772385.306493201]]]}, "properties": {"height": 24.5, "color": "rgb(0,0,255)"}}, {"geometry": {"type": "Polygon", "coordinates": [[[304421.2224349175, 2772552.530304093], [304483.2392753364, 2772552.7777529177], [304483.3055393571, 2772536.1797442436], [304421.28862350434, 2772535.9322965024], [304421.2224349175, 2772552.530304093]]]}, "properties": {"height": 17.5, "color": "rgb(0,0,255)"}}, {"geometry": {"type": "Polygon", "coordinates": [[[304515.9566019192, 2772500.6739289644], [304547.08240701095, 2772500.7982999263], [304547.1742865504, 2772477.8104602117], [304516.04842902493, 2772477.686090004], [304515.9566019192, 2772500.6739289644]]]}, "properties": {"height": 21, "color": "rgb(0,0,255)"}}, {"geometry": {"type": "Polygon", "coordinates": [[[304418.1951701946, 2772534.3257924314], [304482.09682954644, 2772534.5807500677], [304482.14972471446, 2772521.331042073], [304418.2480033161, 2772521.076085328], [304418.1951701946, 2772534.3257924314]]]}, "properties": {"height": 17.5, "color": "rgb(0,0,255)"}}, {"geometry": {"type": "Polygon", "coordinates": [[[304467.78391556715, 2772575.6166953067], [304514.1036105497, 2772575.801645247], [304514.15170502965, 2772563.761740332], [304467.831969178, 2772563.5767909796], [304467.78391556715, 2772575.6166953067]]]}, "properties": {"height": 24.5, "color": "rgb(0,0,255)"}}, {"geometry": {"type": "Polygon", "coordinates": [[[304520.8844231461, 2772584.8790341], [304549.7425230946, 2772584.994355883], [304549.82763694663, 2772563.7010401674], [304520.9694919665, 2772563.585719032], [304520.8844231461, 2772584.8790341]]]}, "properties": {"height": 21, "color": "rgb(0,0,255)"}}, {"geometry": {"type": "Polygon", "coordinates": [[[304564.4411026875, 2772607.6581525384], [304582.1064009525, 2772607.728795813], [304582.2840293353, 2772563.3172923014], [304564.61867357587, 2772563.2466498544], [304564.4411026875, 2772607.6581525384]]]}, "properties": {"height": 17.5, "color": "rgb(0,0,255)"}}, {"geometry": {"type": "Polygon", "coordinates": [[[304522.9810846539, 2772607.735487752], [304547.81099703413, 2772607.8347133053], [304547.89309133956, 2772587.296279022], [304523.06314158667, 2772587.197054006], [304522.9810846539, 2772607.735487752]]]}, "properties": {"height": 24.5, "color": "rgb(0,0,255)"}}, {"geometry": {"type": "Polygon", "coordinates": [[[304438.17902988556, 2772495.0711985854], [304478.1408649894, 2772495.2306609577], [304478.20643561357, 2772478.8044119617], [304438.2445524064, 2772478.6449502804], [304438.17902988556, 2772495.0711985854]]]}, "properties": {"height": 17.5, "color": "rgb(0,0,255)"}}, {"geometry": {"type": "Polygon", "coordinates": [[[304472.4380464373, 2772605.537759825], [304520.342402092, 2772605.729058624], [304520.4016282817, 2772590.9043286443], [304472.4972205827, 2772590.7130305935], [304472.4380464373, 2772605.537759825]]]}, "properties": {"height": 14, "color": "rgb(0,0,255)"}}, {"geometry": {"type": "Polygon", "coordinates": [[[304426.4887456833, 2772646.620833906], [304507.1744339556, 2772646.9428706793], [304507.23567426804, 2772631.610546587], [304426.54989533423, 2772631.288511115], [304426.4887456833, 2772646.620833906]]]}, "properties": {"height": 14, "color": "rgb(0,0,255)"}}, {"geometry": {"type": "Polygon", "coordinates": [[[304411.4776784347, 2772726.9813848794], [304438.97036156995, 2772727.0910348482], [304439.080144032, 2772699.571954759], [304411.5874054491, 2772699.462305586], [304411.4776784347, 2772726.9813848794]]]}, "properties": {"height": 17.5, "color": "rgb(0,0,255)"}}, {"geometry": {"type": "Polygon", "coordinates": [[[304579.0096908117, 2772845.5367284273], [304593.9703167982, 2772845.5965760835], [304594.08085285255, 2772817.9685993516], [304579.1201965724, 2772817.9087521313], [304579.0096908117, 2772845.5367284273]]]}, "properties": {"height": 38.5, "color": "rgb(0,0,255)"}}, {"geometry": {"type": "Polygon", "coordinates": [[[304620.5617485825, 2772454.2103928146], [304687.0013818055, 2772454.4764591516], [304687.0670117046, 2772438.0978761283], [304620.6272987395, 2772437.831810941], [304620.5617485825, 2772454.2103928146]]]}, "properties": {"height": 14, "color": "rgb(0,0,255)"}}, {"geometry": {"type": "Polygon", "coordinates": [[[304611.6780203101, 2772428.4677099697], [304680.98797632137, 2772428.745230139], [304681.0490084702, 2772413.512227852], [304611.738975091, 2772413.2347087977], [304611.6780203101, 2772428.4677099697]]]}, "properties": {"height": 14, "color": "rgb(0,0,255)"}}, {"geometry": {"type": "Polygon", "coordinates": [[[304592.01892447594, 2772388.479978016], [304642.17625994416, 2772388.6806995], [304642.2565441772, 2772368.6279951558], [304592.09913500695, 2772368.4272747333], [304592.01892447594, 2772388.479978016]]]}, "properties": {"height": 14, "color": "rgb(0,0,255)"}}, {"geometry": {"type": "Polygon", "coordinates": [[[304628.8114261121, 2772328.3962205816], [304667.93877690437, 2772328.5528876656], [304668.0030412352, 2772312.5086755157], [304628.87564444257, 2772312.3520090943], [304628.8114261121, 2772328.3962205816]]]}, "properties": {"height": 21, "color": "rgb(0,0,255)"}}, {"geometry": {"type": "Polygon", "coordinates": [[[304677.84579741076, 2772385.0381191615], [304709.3262483174, 2772385.1642750357], [304709.53056440724, 2772334.1942563485], [304678.0499959229, 2772334.0681021707], [304677.84579741076, 2772385.0381191615]]]}, "properties": {"height": 7, "color": "rgb(0,0,255)"}}, {"geometry": {"type": "Polygon", "coordinates": [[[304604.96809473017, 2772411.915915226], [304654.1531294343, 2772412.1127925264], [304654.20818623813, 2772398.364338344], [304605.0231019818, 2772398.167461758], [304604.96809473017, 2772411.915915226]]]}, "properties": {"height": 14, "color": "rgb(0,0,255)"}}, {"geometry": {"type": "Polygon", "coordinates": [[[304725.90679401986, 2772506.722327646], [304843.2305133812, 2772507.1933005042], [304843.28622270166, 2772493.3304028693], [304725.96238415194, 2772492.859431733], [304725.90679401986, 2772506.722327646]]]}, "properties": {"height": 14, "color": "rgb(0,0,255)"}}, {"geometry": {"type": "Polygon", "coordinates": [[[304584.5900608923, 2772587.2301345738], [304635.27602495125, 2772587.4329614746], [304635.3740675507, 2772562.9436113248], [304584.6880125272, 2772562.7407857343], [304584.5900608923, 2772587.2301345738]]]}, "properties": {"height": 21, "color": "rgb(0,0,255)"}}, {"geometry": {"type": "Polygon", "coordinates": [[[304729.3397304848, 2772605.1775508774], [304765.5670652313, 2772605.3228856865], [304765.64824300626, 2772585.094478358], [304729.42085455544, 2772584.9491443243], [304729.3397304848, 2772605.1775508774]]]}, "properties": {"height": 24.5, "color": "rgb(0,0,255)"}}, {"geometry": {"type": "Polygon", "coordinates": [[[304654.1675818405, 2772586.136522203], [304686.53434049105, 2772586.266185496], [304686.61302342376, 2772566.6309735104], [304654.2462181993, 2772566.5013108896], [304654.1675818405, 2772586.136522203]]]}, "properties": {"height": 24.5, "color": "rgb(0,0,255)"}}, {"geometry": {"type": "Polygon", "coordinates": [[[304771.8581020794, 2772581.3642108776], [304801.29845136375, 2772581.48240128], [304801.3753437665, 2772562.334159549], [304771.9349531699, 2772562.2159697423], [304771.8581020794, 2772581.3642108776]]]}, "properties": {"height": 24.5, "color": "rgb(0,0,255)"}}, {"geometry": {"type": "Polygon", "coordinates": [[[304727.0283565222, 2772578.466345236], [304771.3623950686, 2772578.6442057807], [304771.43333977094, 2772560.9674267885], [304727.0992437935, 2772560.789567073], [304727.0283565222, 2772578.466345236]]]}, "properties": {"height": 17.5, "color": "rgb(0,0,255)"}}, {"geometry": {"type": "Polygon", "coordinates": [[[304592.5564842796, 2772530.625947761], [304649.80989501515, 2772530.855097084], [304649.8532236924, 2772520.0349927987], [304592.59976755944, 2772519.80584413], [304592.5564842796, 2772530.625947761]]]}, "properties": {"height": 21, "color": "rgb(0,0,255)"}}, {"geometry": {"type": "Polygon", "coordinates": [[[304587.12358168163, 2772492.9750870317], [304630.7137258209, 2772493.149509041], [304630.75783234235, 2772482.131139619], [304587.1676530068, 2772481.956718116], [304587.12358168163, 2772492.9750870317]]]}, "properties": {"height": 24.5, "color": "rgb(0,0,255)"}}, {"geometry": {"type": "Polygon", "coordinates": [[[304690.7366418851, 2772580.214605644], [304715.35025597544, 2772580.3132680682], [304715.4258136703, 2772561.46784083], [304690.8121655871, 2772561.3691788963], [304690.7366418851, 2772580.214605644]]]}, "properties": {"height": 24.5, "color": "rgb(0,0,255)"}}, {"geometry": {"type": "Polygon", "coordinates": [[[304762.0212524641, 2772529.1638607564], [304821.86731816846, 2772529.404135489], [304821.917327187, 2772516.954987719], [304762.07120688504, 2772516.7147137756], [304762.0212524641, 2772529.1638607564]]]}, "properties": {"height": 14, "color": "rgb(0,0,255)"}}, {"geometry": {"type": "Polygon", "coordinates": [[[304679.46350950503, 2772725.586894193], [304715.69238462514, 2772725.732109954], [304715.816126166, 2772694.8707498494], [304679.58716910484, 2772694.72553527], [304679.46350950503, 2772725.586894193]]]}, "properties": {"height": 21, "color": "rgb(0,0,255)"}}, {"geometry": {"type": "Polygon", "coordinates": [[[304728.59908124374, 2772727.511614469], [304762.66291561956, 2772727.648272177], [304762.79183178407, 2772695.5239458843], [304728.72791721096, 2772695.387289334], [304728.59908124374, 2772727.511614469]]]}, "properties": {"height": 21, "color": "rgb(0,0,255)"}}, {"geometry": {"type": "Polygon", "coordinates": [[[304728.5213893107, 2772685.2571898676], [304752.46633838536, 2772685.3532418283], [304752.5682476785, 2772659.953555537], [304728.6232540313, 2772659.85750422], [304728.5213893107, 2772685.2571898676]]]}, "properties": {"height": 24.5, "color": "rgb(0,0,255)"}}, {"geometry": {"type": "Polygon", "coordinates": [[[304602.38877332065, 2772629.6115898136], [304665.33858428756, 2772629.8636069605], [304665.3958343094, 2772615.5716761607], [304602.4459574098, 2772615.3196599637], [304602.38877332065, 2772629.6115898136]]]}, "properties": {"height": 14, "color": "rgb(0,0,255)"}}, {"geometry": {"type": "Polygon", "coordinates": [[[304597.812365666, 2772669.410948389], [304647.5191662779, 2772669.609910114], [304647.57681652746, 2772655.21360805], [304597.86996347236, 2772655.0146470806], [304597.812365666, 2772669.410948389]]]}, "properties": {"height": 14, "color": "rgb(0,0,255)"}}, {"geometry": {"type": "Polygon", "coordinates": [[[304778.2966320955, 2772755.2142035896], [304791.2425155358, 2772755.2661777614], [304791.2975628155, 2772741.556423605], [304778.3516663675, 2772741.504449621], [304778.2966320955, 2772755.2142035896]]]}, "properties": {"height": 56, "color": "rgb(0,0,255)"}}, {"geometry": {"type": "Polygon", "coordinates": [[[304103.36184844776, 2772706.55815712], [304138.0097306769, 2772706.6955700587], [304138.22577492206, 2772652.2381886737], [304103.577754413, 2772652.100777709], [304103.36184844776, 2772706.55815712]]]}, "properties": {"height": 56, "color": "rgb(0,0,255)"}}, {"geometry": {"type": "Polygon", "coordinates": [[[304322.42257316934, 2772768.03128442], [304385.3248484461, 2772768.2818349763], [304385.4277293479, 2772742.4677699623], [304322.52533506707, 2772742.217221112], [304322.42257316934, 2772768.03128442]]]}, "properties": {"height": 63, "color": "rgb(0,0,255)"}}, {"geometry": {"type": "Polygon", "coordinates": [[[304275.3440915787, 2772685.289230973], [304399.4807101185, 2772685.7835219293], [304399.5953044166, 2772657.0369185195], [304275.4584243534, 2772656.5426313095], [304275.3440915787, 2772685.289230973]]]}, "properties": {"height": 21, "color": "rgb(0,0,255)"}}, {"geometry": {"type": "Polygon", "coordinates": [[[304747.7767193108, 2772829.8438717243], [304845.00777169893, 2772830.2343225274], [304845.07490627427, 2772813.531072539], [304747.8437348559, 2772813.140623455], [304747.7767193108, 2772829.8438717243]]]}, "properties": {"height": 17.5, "color": "rgb(0,0,255)"}}, {"geometry": {"type": "Polygon", "coordinates": [[[304594.0195235783, 2772831.579764243], [304637.22130697774, 2772831.752677494], [304637.29226716154, 2772814.0304752407], [304594.09042764816, 2772813.8575627976], [304594.0195235783, 2772831.579764243]]]}, "properties": {"height": 17.5, "color": "rgb(0,0,255)"}}, {"geometry": {"type": "Polygon", "coordinates": [[[304599.28040533373, 2772853.6905038385], [304637.88397779374, 2772853.8450227296], [304637.9568156216, 2772835.654265672], [304599.35319169395, 2772835.4997475212], [304599.28040533373, 2772853.6905038385]]]}, "properties": {"height": 17.5, "color": "rgb(0,0,255)"}}, {"geometry": {"type": "Polygon", "coordinates": [[[304735.79184370505, 2772769.2120808875], [304744.0637172512, 2772769.245263201], [304744.15063867415, 2772747.578560592], [304735.87875199283, 2772747.545378468], [304735.79184370505, 2772769.2120808875]]]}, "properties": {"height": 59.5, "color": "rgb(0,0,255)"}}, {"geometry": {"type": "Polygon", "coordinates": [[[304042.7732330383, 2772335.187153625], [304063.8967220873, 2772335.270812042], [304063.9578203705, 2772319.8466601335], [304042.8343074473, 2772319.7630020566], [304042.7732330383, 2772335.187153625]]]}, "properties": {"height": 28, "color": "rgb(0,0,255)"}}, {"geometry": {"type": "Polygon", "coordinates": [[[303996.1706374389, 2772426.9383257334], [304021.42519537907, 2772427.0382663775], [304021.4794262149, 2772413.3375461497], [303996.22484291974, 2772413.2376058665], [303996.1706374389, 2772426.9383257334]]]}, "properties": {"height": 28, "color": "rgb(0,0,255)"}}, {"geometry": {"type": "Polygon", "coordinates": [[[304095.4601723075, 2772333.971641322], [304128.1760523476, 2772334.101350884], [304128.19796533434, 2772328.5760323065], [304095.4820720485, 2772328.446322934], [304095.4601723075, 2772333.971641322]]]}, "properties": {"height": 38.5, "color": "rgb(0,0,255)"}}, {"geometry": {"type": "Polygon", "coordinates": [[[304104.04594942875, 2772342.308204349], [304119.0435124833, 2772342.367665508], [304119.07969176496, 2772333.2436134648], [304104.0821186833, 2772333.184152449], [304104.04594942875, 2772342.308204349]]]}, "properties": {"height": 45.5, "color": "rgb(0,0,255)"}}, {"geometry": {"type": "Polygon", "coordinates": [[[304022.8116433874, 2772423.463819444], [304041.98242222785, 2772423.5397175997], [304042.014160679, 2772415.524453998], [304022.8433705786, 2772415.4485560027], [304022.8116433874, 2772423.463819444]]]}, "properties": {"height": 38.5, "color": "rgb(0,0,255)"}}, {"geometry": {"type": "Polygon", "coordinates": [[[304060.7416275163, 2772379.5347275315], [304071.11063625186, 2772379.5758037325], [304071.2043490432, 2772355.921731119], [304060.8353223349, 2772355.8806551737], [304060.7416275163, 2772379.5347275315]]]}, "properties": {"height": 24.5, "color": "rgb(0,0,255)"}}, {"geometry": {"type": "Polygon", "coordinates": [[[304020.13183168235, 2772369.3675897433], [304037.31042472395, 2772369.4355945913], [304037.36664190347, 2772355.236888429], [304020.18803098856, 2772355.1688838364], [304020.13183168235, 2772369.3675897433]]]}, "properties": {"height": 21, "color": "rgb(0,0,255)"}}, {"geometry": {"type": "Polygon", "coordinates": [[[304054.42102935916, 2772433.228980075], [304076.03524592187, 2772433.31460427], [304076.082866571, 2772421.29604564], [304054.4686309725, 2772421.210421717], [304054.42102935916, 2772433.228980075]]]}, "properties": {"height": 17.5, "color": "rgb(0,0,255)"}}, {"geometry": {"type": "Polygon", "coordinates": [[[304066.0994263011, 2772334.934853387], [304076.88293040195, 2772334.9775752015], [304076.94346527994, 2772319.6993221473], [304066.15994910663, 2772319.656600504], [304066.0994263011, 2772334.934853387]]]}, "properties": {"height": 28, "color": "rgb(0,0,255)"}}, {"geometry": {"type": "Polygon", "coordinates": [[[304029.8424891551, 2772335.3252524454], [304040.5347357355, 2772335.3675842867], [304040.5951902002, 2772320.09936685], [304029.9029316574, 2772320.0570351793], [304029.8424891551, 2772335.3252524454]]]}, "properties": {"height": 28, "color": "rgb(0,0,255)"}}, {"geometry": {"type": "Polygon", "coordinates": [[[304031.36482345243, 2772431.358503577], [304050.65801579715, 2772431.4348987984], [304050.6906369466, 2772423.1980661997], [304031.3974329567, 2772423.1216711444], [304031.36482345243, 2772431.358503577]]]}, "properties": {"height": 24.5, "color": "rgb(0,0,255)"}}, {"geometry": {"type": "Polygon", "coordinates": [[[304121.1804835548, 2772393.6778623583], [304128.10302030266, 2772393.705315509], [304128.1554537399, 2772380.4846108365], [304121.23291028553, 2772380.457157782], [304121.1804835548, 2772393.6778623583]]]}, "properties": {"height": 24.5, "color": "rgb(0,0,255)"}}, {"geometry": {"type": "Polygon", "coordinates": [[[304098.6193608467, 2772551.093311108], [304105.03548491094, 2772551.1187468627], [304105.1345724715, 2772526.1254620417], [304098.7184366557, 2772526.100026455], [304098.6193608467, 2772551.093311108]]]}, "properties": {"height": 52.5, "color": "rgb(0,0,255)"}}, {"geometry": {"type": "Polygon", "coordinates": [[[304023.36438517296, 2772459.7823900296], [304061.38361210964, 2772459.932940253], [304061.4370058533, 2772446.4538527876], [304023.41774136334, 2772446.3033030997], [304023.36438517296, 2772459.7823900296]]]}, "properties": {"height": 17.5, "color": "rgb(0,0,255)"}}, {"geometry": {"type": "Polygon", "coordinates": [[[304117.330254933, 2772463.7056021206], [304126.37487137655, 2772463.741470122], [304126.41768194444, 2772452.947070976], [304117.3730583464, 2772452.9112030766], [304117.330254933, 2772463.7056021206]]]}, "properties": {"height": 59.5, "color": "rgb(0,0,255)"}}, {"geometry": {"type": "Polygon", "coordinates": [[[304004.42888173787, 2772459.86525532], [304023.5631972349, 2772459.940984449], [304023.6150716487, 2772446.836280652], [304004.4807377767, 2772446.7605517847], [304004.42888173787, 2772459.86525532]]]}, "properties": {"height": 17.5, "color": "rgb(0,0,255)"}}, {"geometry": {"type": "Polygon", "coordinates": [[[304061.1564203134, 2772458.2336527198], [304078.2675474166, 2772458.301444351], [304078.322005615, 2772444.5579207786], [304061.21086127876, 2772444.490129393], [304061.1564203134, 2772458.2336527198]]]}, "properties": {"height": 17.5, "color": "rgb(0,0,255)"}}, {"geometry": {"type": "Polygon", "coordinates": [[[304061.41041735717, 2772474.8999677086], [304078.37575670145, 2772474.9671824365], [304078.42930818157, 2772461.452605783], [304061.4639520356, 2772461.385391295], [304061.41041735717, 2772474.8999677086]]]}, "properties": {"height": 14, "color": "rgb(0,0,255)"}}, {"geometry": {"type": "Polygon", "coordinates": [[[304024.04539657914, 2772474.9052106505], [304042.49015243544, 2772474.9782371596], [304042.54272939026, 2772461.7007879224], [304024.09795558767, 2772461.6277616685], [304024.04539657914, 2772474.9052106505]]]}, "properties": {"height": 14, "color": "rgb(0,0,255)"}}, {"geometry": {"type": "Polygon", "coordinates": [[[304043.8811353241, 2772474.975522301], [304060.1735200947, 2772475.0400495348], [304060.224015397, 2772462.2924599885], [304043.93161540694, 2772462.227932972], [304043.8811353241, 2772474.975522301]]]}, "properties": {"height": 14, "color": "rgb(0,0,255)"}}, {"geometry": {"type": "Polygon", "coordinates": [[[304005.7557608713, 2772515.366533288], [304023.5920099784, 2772515.4371274672], [304023.6442425953, 2772502.242240359], [304005.8079762415, 2772502.1716464246], [304005.7557608713, 2772515.366533288]]]}, "properties": {"height": 14, "color": "rgb(0,0,255)"}}, {"geometry": {"type": "Polygon", "coordinates": [[[304027.12715908274, 2772536.4488296397], [304043.4664603414, 2772536.513524292], [304043.5072556676, 2772526.211783839], [304027.16794207384, 2772526.1470893626], [304027.12715908274, 2772536.4488296397]]]}, "properties": {"height": 17.5, "color": "rgb(0,0,255)"}}, {"geometry": {"type": "Polygon", "coordinates": [[[304071.96852637304, 2772545.1536224824], [304080.5319597074, 2772545.1875547897], [304080.5798208249, 2772533.109865017], [304072.0163799112, 2772533.075932819], [304071.96852637304, 2772545.1536224824]]]}, "properties": {"height": 24.5, "color": "rgb(0,0,255)"}}, {"geometry": {"type": "Polygon", "coordinates": [[[304043.41423736117, 2772557.112281339], [304053.2971066049, 2772557.1514218566], [304053.4268091548, 2772524.4047110192], [304043.5439161944, 2772524.365570839], [304043.41423736117, 2772557.112281339]]]}, "properties": {"height": 7, "color": "rgb(0,0,255)"}}, {"geometry": {"type": "Polygon", "coordinates": [[[304090.6480535006, 2772495.027937193], [304104.17812126223, 2772495.0815694937], [304104.21266585664, 2772486.3679222465], [304090.6825894555, 2772486.314290069], [304090.6480535006, 2772495.027937193]]]}, "properties": {"height": 17.5, "color": "rgb(0,0,255)"}}, {"geometry": {"type": "Polygon", "coordinates": [[[304074.1578178796, 2772515.605585165], [304080.6035929698, 2772515.631126548], [304080.6633731367, 2772500.5455098175], [304074.2175909207, 2772500.5199685353], [304074.1578178796, 2772515.605585165]]]}, "properties": {"height": 14, "color": "rgb(0,0,255)"}}, {"geometry": {"type": "Polygon", "coordinates": [[[304766.8497730188, 2772646.852559063], [304831.3147357335, 2772647.111424325], [304831.3612755219, 2772635.528457064], [304766.89625808515, 2772635.2695925925], [304766.8497730188, 2772646.852559063]]]}, "properties": {"height": 17.5, "color": "rgb(0,0,255)"}}, {"geometry": {"type": "Polygon", "coordinates": [[[304013.5071600974, 2772640.7576822024], [304059.51108829764, 2772640.939844358], [304059.562885209, 2772627.8643913483], [304013.5589129259, 2772627.6822298206], [304013.5071600974, 2772640.7576822024]]]}, "properties": {"height": 17.5, "color": "rgb(0,0,255)"}}, {"geometry": {"type": "Polygon", "coordinates": [[[304127.9091604841, 2772616.5531227677], [304137.719056181, 2772616.5920359353], [304137.87190018577, 2772578.0637507574], [304128.0619767904, 2772578.0248379847], [304127.9091604841, 2772616.5531227677]]]}, "properties": {"height": 14, "color": "rgb(0,0,255)"}}, {"geometry": {"type": "Polygon", "coordinates": [[[303987.18867324264, 2772641.5331478897], [304013.72951436695, 2772641.6381718116], [304013.7795667885, 2772628.9923880748], [303987.23870106746, 2772628.8873645035], [303987.18867324264, 2772641.5331478897]]]}, "properties": {"height": 14, "color": "rgb(0,0,255)"}}, {"geometry": {"type": "Polygon", "coordinates": [[[304007.5979177188, 2772583.345637266], [304018.6023607707, 2772583.3891917528], [304018.6467070591, 2772572.1858126833], [304007.64225497236, 2772572.142258326], [304007.5979177188, 2772583.345637266]]]}, "properties": {"height": 24.5, "color": "rgb(0,0,255)"}}, {"geometry": {"type": "Polygon", "coordinates": [[[304033.1666994773, 2772557.469501701], [304043.8977179872, 2772557.511993546], [304043.95283283904, 2772543.5944722015], [304033.2218033844, 2772543.551980512], [304033.1666994773, 2772557.469501701]]]}, "properties": {"height": 14, "color": "rgb(0,0,255)"}}, {"geometry": {"type": "Polygon", "coordinates": [[[304033.3036417763, 2772599.928980021], [304042.7823267343, 2772599.9665132877], [304042.8294274251, 2772588.0726818508], [304033.3507342052, 2772588.035148702], [304033.3036417763, 2772599.928980021]]]}, "properties": {"height": 17.5, "color": "rgb(0,0,255)"}}, {"geometry": {"type": "Polygon", "coordinates": [[[304090.51484702574, 2772751.0255552623], [304116.92735087615, 2772751.1302758986], [304116.98797664605, 2772735.8430147935], [304090.57544320356, 2772735.7382945777], [304090.51484702574, 2772751.0255552623]]]}, "properties": {"height": 24.5, "color": "rgb(0,0,255)"}}, {"geometry": {"type": "Polygon", "coordinates": [[[304123.1492325638, 2772776.7678853157], [304144.30536701117, 2772776.851812836], [304144.3912373355, 2772755.2100936957], [304123.23506933224, 2772755.1261666548], [304123.1492325638, 2772776.7678853157]]]}, "properties": {"height": 21, "color": "rgb(0,0,255)"}}, {"geometry": {"type": "Polygon", "coordinates": [[[304038.9307681868, 2772721.9258993007], [304084.42693576403, 2772722.1061407826], [304084.47401546105, 2772710.2273596004], [304038.9778082762, 2772710.047118683], [304038.9307681868, 2772721.9258993007]]]}, "properties": {"height": 17.5, "color": "rgb(0,0,255)"}}, {"geometry": {"type": "Polygon", "coordinates": [[[304058.42883366765, 2772676.3818343286], [304072.4545874363, 2772676.4374027736], [304072.5346239152, 2772656.2383461553], [304058.5088493841, 2772656.182778007], [304058.42883366765, 2772676.3818343286]]]}, "properties": {"height": 28, "color": "rgb(0,0,255)"}}, {"geometry": {"type": "Polygon", "coordinates": [[[303993.388170957, 2772718.4148969953], [304015.6999246557, 2772718.503195593], [304015.7534684014, 2772704.9762440696], [303993.4416925838, 2772704.887945787], [303993.388170957, 2772718.4148969953]]]}, "properties": {"height": 24.5, "color": "rgb(0,0,255)"}}, {"geometry": {"type": "Polygon", "coordinates": [[[304073.58849411266, 2772754.1748125413], [304090.7615492904, 2772754.2428734666], [304090.83386341744, 2772735.9994957265], [304073.6607852788, 2772735.931435129], [304073.58849411266, 2772754.1748125413]]]}, "properties": {"height": 21, "color": "rgb(0,0,255)"}}, {"geometry": {"type": "Polygon", "coordinates": [[[304016.96194680675, 2772718.3061133875], [304038.10986342956, 2772718.389841734], [304038.16016756993, 2772705.686594725], [304017.0122312586, 2772705.6028666585], [304016.96194680675, 2772718.3061133875]]]}, "properties": {"height": 24.5, "color": "rgb(0,0,255)"}}, {"geometry": {"type": "Polygon", "coordinates": [[[304078.2819006695, 2772777.9255642095], [304095.1879145285, 2772777.9925730876], [304095.26495390077, 2772758.5588881387], [304078.3589159629, 2772758.491879604], [304078.2819006695, 2772777.9255642095]]]}, "properties": {"height": 17.5, "color": "rgb(0,0,255)"}}, {"geometry": {"type": "Polygon", "coordinates": [[[304105.4340139163, 2772777.09757828], [304122.61688702455, 2772777.165718861], [304122.69621155655, 2772757.1657192823], [304105.5133132618, 2772757.0975790606], [304105.4340139163, 2772777.09757828]]]}, "properties": {"height": 14, "color": "rgb(0,0,255)"}}, {"geometry": {"type": "Polygon", "coordinates": [[[304059.22698736656, 2772708.049856797], [304076.73680967063, 2772708.119232887], [304076.7835351016, 2772696.3280933783], [304059.2736976666, 2772696.258717504], [304059.22698736656, 2772708.049856797]]]}, "properties": {"height": 24.5, "color": "rgb(0,0,255)"}}, {"geometry": {"type": "Polygon", "coordinates": [[[304094.6011375524, 2772777.699982126], [304106.03577268857, 2772777.745315959], [304106.1155999857, 2772757.6123914686], [304094.68094797735, 2772757.567057876], [304094.6011375524, 2772777.699982126]]]}, "properties": {"height": 17.5, "color": "rgb(0,0,255)"}}, {"geometry": {"type": "Polygon", "coordinates": [[[304107.8940983088, 2772752.494586011], [304118.78119499126, 2772752.5377590097], [304118.82706173917, 2772740.9725106033], [304107.93995582877, 2772740.9293377358], [304107.8940983088, 2772752.494586011]]]}, "properties": {"height": 24.5, "color": "rgb(0,0,255)"}}, {"geometry": {"type": "Polygon", "coordinates": [[[304113.24611983314, 2772722.8458629944], [304126.1864309496, 2772722.8971834816], [304126.2210853685, 2772714.16020446], [304113.28076596616, 2772714.1088840915], [304113.24611983314, 2772722.8458629944]]]}, "properties": {"height": 24.5, "color": "rgb(0,0,255)"}}, {"geometry": {"type": "Polygon", "coordinates": [[[304130.81369613274, 2772722.585203098], [304143.55237946374, 2772722.63574024], [304143.58534679766, 2772714.326770002], [304130.8466557095, 2772714.276232971], [304130.81369613274, 2772722.585203098]]]}, "properties": {"height": 24.5, "color": "rgb(0,0,255)"}}, {"geometry": {"type": "Polygon", "coordinates": [[[303987.60098260135, 2772738.416397257], [304046.2811697419, 2772738.648678875], [304046.3093879548, 2772731.5239090743], [303987.6291701737, 2772731.2916278923], [303987.60098260135, 2772738.416397257]]]}, "properties": {"height": 3.5, "color": "rgb(0,0,255)"}}, {"geometry": {"type": "Polygon", "coordinates": [[[304058.74354129005, 2772873.763837832], [304086.9670976726, 2772873.87568075], [304087.0684267875, 2772848.3118437994], [304058.8448175245, 2772848.200001636], [304058.74354129005, 2772873.763837832]]]}, "properties": {"height": 7, "color": "rgb(0,0,255)"}}, {"geometry": {"type": "Polygon", "coordinates": [[[304085.92390852416, 2772869.1599843097], [304099.17314669664, 2772869.2125067585], [304099.24312618567, 2772851.561689654], [304085.99387087306, 2772851.5091674495], [304085.92390852416, 2772869.1599843097]]]}, "properties": {"height": 10.5, "color": "rgb(0,0,255)"}}, {"geometry": {"type": "Polygon", "coordinates": [[[304058.33035685844, 2772837.931034872], [304096.47327933105, 2772838.0821962515], [304096.537896307, 2772821.782939623], [304058.39492826915, 2772821.6317788935], [304058.33035685844, 2772837.931034872]]]}, "properties": {"height": 3.5, "color": "rgb(0,0,255)"}}, {"geometry": {"type": "Polygon", "coordinates": [[[304265.01713072043, 2772392.6445046216], [304294.7855179081, 2772392.7628976153], [304294.8727733988, 2772370.829566485], [304265.10433836654, 2772370.711174176], [304265.01713072043, 2772392.6445046216]]]}, "properties": {"height": 14, "color": "rgb(0,0,255)"}}, {"geometry": {"type": "Polygon", "coordinates": [[[304242.24877437815, 2772429.9789237995], [304251.9931152777, 2772430.0176555803], [304252.06687632075, 2772411.462081217], [304242.32252217154, 2772411.423349626], [304242.24877437815, 2772429.9789237995]]]}, "properties": {"height": 45.5, "color": "rgb(0,0,255)"}}, {"geometry": {"type": "Polygon", "coordinates": [[[304245.3333068199, 2772339.372095217], [304258.57318959653, 2772339.4247238007], [304258.66831648693, 2772315.496276448], [304245.42841049575, 2772315.4436481963], [304245.3333068199, 2772339.372095217]]]}, "properties": {"height": 24.5, "color": "rgb(0,0,255)"}}, {"geometry": {"type": "Polygon", "coordinates": [[[304208.2715338735, 2772393.7486841767], [304238.80600659427, 2772393.8699979605], [304238.8501378677, 2772382.765337609], [304208.3156403003, 2772382.6440241807], [304208.2715338735, 2772393.7486841767]]]}, "properties": {"height": 24.5, "color": "rgb(0,0,255)"}}, {"geometry": {"type": "Polygon", "coordinates": [[[304300.8871789389, 2772415.203288143], [304339.5402604973, 2772415.357132386], [304339.59058680554, 2772402.7172108735], [304300.9374694453, 2772402.563367144], [304300.8871789389, 2772415.203288143]]]}, "properties": {"height": 14, "color": "rgb(0,0,255)"}}, {"geometry": {"type": "Polygon", "coordinates": [[[304267.63360870373, 2772432.1321956995], [304300.3509539817, 2772432.262329023], [304300.4017814447, 2772419.487413338], [304267.68440553895, 2772419.357280453], [304267.63360870373, 2772432.1321956995]]]}, "properties": {"height": 17.5, "color": "rgb(0,0,255)"}}, {"geometry": {"type": "Polygon", "coordinates": [[[304265.8596333319, 2772416.423030837], [304299.2388063574, 2772416.5557921976], [304299.2882651739, 2772404.124536543], [304265.90906174184, 2772403.9917756184], [304265.8596333319, 2772416.423030837]]]}, "properties": {"height": 14, "color": "rgb(0,0,255)"}}, {"geometry": {"type": "Polygon", "coordinates": [[[304213.4180654472, 2772379.928560395], [304235.4477644221, 2772380.016085569], [304235.4941834398, 2772368.3349741483], [304213.4644656083, 2772368.2474492444], [304213.4180654472, 2772379.928560395]]]}, "properties": {"height": 24.5, "color": "rgb(0,0,255)"}}, {"geometry": {"type": "Polygon", "coordinates": [[[304239.14113450685, 2772363.5889468025], [304253.6986766953, 2772363.6468077605], [304253.77477267117, 2772344.5039285147], [304239.2172100624, 2772344.446067849], [304239.14113450685, 2772363.5889468025]]]}, "properties": {"height": 17.5, "color": "rgb(0,0,255)"}}, {"geometry": {"type": "Polygon", "coordinates": [[[304310.39243112406, 2772368.369561557], [304325.3250730095, 2772368.4289916754], [304325.37038620346, 2772357.044965927], [304310.4377318614, 2772356.985535987], [304310.39243112406, 2772368.369561557]]]}, "properties": {"height": 24.5, "color": "rgb(0,0,255)"}}, {"geometry": {"type": "Polygon", "coordinates": [[[304294.7382210022, 2772385.9956766954], [304309.37758427457, 2772386.053923073], [304309.42515597725, 2772374.0990686244], [304294.7857798804, 2772374.04082243], [304294.7382210022, 2772385.9956766954]]]}, "properties": {"height": 21, "color": "rgb(0,0,255)"}}, {"geometry": {"type": "Polygon", "coordinates": [[[304269.9611862336, 2772361.160976295], [304287.674052798, 2772361.2314204983], [304287.7171032665, 2772350.408327208], [304270.00422265433, 2772350.337883205], [304269.9611862336, 2772361.160976295]]]}, "properties": {"height": 21, "color": "rgb(0,0,255)"}}, {"geometry": {"type": "Polygon", "coordinates": [[[304307.92348088475, 2772390.81823673], [304318.2611697467, 2772390.8593762564], [304318.3266040314, 2772374.418331993], [304307.988902715, 2772374.377192645], [304307.92348088475, 2772390.81823673]]]}, "properties": {"height": 21, "color": "rgb(0,0,255)"}}, {"geometry": {"type": "Polygon", "coordinates": [[[304245.8354673517, 2772392.2507639714], [304258.8212658675, 2772392.3023840464], [304258.885853012, 2772376.0564257684], [304245.90003903705, 2772376.004805915], [304245.8354673517, 2772392.2507639714]]]}, "properties": {"height": 14, "color": "rgb(0,0,255)"}}, {"geometry": {"type": "Polygon", "coordinates": [[[304213.7063016211, 2772382.1637502196], [304235.57789168175, 2772382.250647634], [304235.60578392737, 2772375.2317336407], [304213.73418261757, 2772375.1448363876], [304213.7063016211, 2772382.1637502196]]]}, "properties": {"height": 21, "color": "rgb(0,0,255)"}}, {"geometry": {"type": "Polygon", "coordinates": [[[304290.1058383019, 2772357.792536446], [304301.608482465, 2772357.838296845], [304301.65713771665, 2772345.609253157], [304290.154483246, 2772345.563492906], [304290.1058383019, 2772357.792536446]]]}, "properties": {"height": 17.5, "color": "rgb(0,0,255)"}}, {"geometry": {"type": "Polygon", "coordinates": [[[304219.1453562418, 2772459.5598908206], [304239.2596248063, 2772459.639815527], [304239.30085714, 2772449.2649773373], [304219.1865732833, 2772449.18505285], [304219.1453562418, 2772459.5598908206]]]}, "properties": {"height": 38.5, "color": "rgb(0,0,255)"}}, {"geometry": {"type": "Polygon", "coordinates": [[[304238.3507054888, 2772459.622684635], [304248.0792422725, 2772459.6613512845], [304248.1457996069, 2772442.9169667396], [304238.4172508861, 2772442.878300261], [304238.3507054888, 2772459.622684635]]]}, "properties": {"height": 38.5, "color": "rgb(0,0,255)"}}, {"geometry": {"type": "Polygon", "coordinates": [[[304209.17766639026, 2772458.993102078], [304218.01505013835, 2772459.0282075983], [304218.08432696795, 2772441.58998661], [304209.2469319268, 2772441.554881251], [304209.17766639026, 2772458.993102078]]]}, "properties": {"height": 38.5, "color": "rgb(0,0,255)"}}, {"geometry": {"type": "Polygon", "coordinates": [[[304210.4242673083, 2772475.7154743406], [304239.80543593864, 2772475.832213353], [304239.83705231384, 2772467.8770690775], [304210.4558665555, 2772467.760330309], [304210.4242673083, 2772475.7154743406]]]}, "properties": {"height": 24.5, "color": "rgb(0,0,255)"}}, {"geometry": {"type": "Polygon", "coordinates": [[[304217.60948632204, 2772509.2714760154], [304225.2789942044, 2772509.301947318], [304225.3438245194, 2772492.98551941], [304217.67430746666, 2772492.9550482384], [304217.60948632204, 2772509.2714760154]]]}, "properties": {"height": 42, "color": "rgb(0,0,255)"}}, {"geometry": {"type": "Polygon", "coordinates": [[[304237.611614222, 2772514.9507581615], [304253.5100707131, 2772515.0139516913], [304253.56935887074, 2772500.1001709574], [304237.6708850041, 2772500.036977676], [304237.611614222, 2772514.9507581615]]]}, "properties": {"height": 21, "color": "rgb(0,0,255)"}}, {"geometry": {"type": "Polygon", "coordinates": [[[304268.1856686785, 2772455.923871885], [304294.6551388222, 2772456.0291503086], [304294.70375063183, 2772443.809953005], [304268.23425678676, 2772443.704674921], [304268.1856686785, 2772455.923871885]]]}, "properties": {"height": 14, "color": "rgb(0,0,255)"}}, {"geometry": {"type": "Polygon", "coordinates": [[[304237.7359546989, 2772500.1994330473], [304254.2103475758, 2772500.264915923], [304254.2519410941, 2772489.8022549204], [304237.77753558604, 2772489.7367722257], [304237.7359546989, 2772500.1994330473]]]}, "properties": {"height": 24.5, "color": "rgb(0,0,255)"}}, {"geometry": {"type": "Polygon", "coordinates": [[[304284.60741756845, 2772453.808449257], [304294.4867659094, 2772453.84774876], [304294.5377926495, 2772441.0214753496], [304284.6584350229, 2772440.98217598], [304284.60741756845, 2772453.808449257]]]}, "properties": {"height": 17.5, "color": "rgb(0,0,255)"}}, {"geometry": {"type": "Polygon", "coordinates": [[[304294.43335280794, 2772456.459172882], [304302.62946582807, 2772456.491781998], [304302.6781535627, 2772444.255299355], [304294.4820331932, 2772444.222690344], [304294.43335280794, 2772456.459172882]]]}, "properties": {"height": 17.5, "color": "rgb(0,0,255)"}}, {"geometry": {"type": "Polygon", "coordinates": [[[304243.1708336615, 2772639.9833902786], [304256.47532619315, 2772640.036280132], [304256.5367172252, 2772624.5951614133], [304243.23220963817, 2772624.542271775], [304243.1708336615, 2772639.9833902786]]]}, "properties": {"height": 45.5, "color": "rgb(0,0,255)"}}, {"geometry": {"type": "Polygon", "coordinates": [[[304473.18883551186, 2772349.3438688596], [304531.7958262303, 2772349.5779086184], [304531.92868383933, 2772316.3261056384], [304473.32155032066, 2772316.0920679322], [304473.18883551186, 2772349.3438688596]]]}, "properties": {"height": 56, "color": "rgb(0,0,255)"}}, {"geometry": {"type": "Polygon", "coordinates": [[[304704.55364354467, 2772461.567080442], [304784.83248171676, 2772461.889103427], [304784.9541084457, 2772431.5901850522], [304704.67509203043, 2772431.2681646403], [304704.55364354467, 2772461.567080442]]]}, "properties": {"height": 35, "color": "rgb(0,0,255)"}}, {"geometry": {"type": "Polygon", "coordinates": [[[304426.08891123143, 2772411.525928476], [304470.83772153547, 2772411.7044547223], [304470.87818693166, 2772401.565678824], [304426.1293433812, 2772401.3871530555], [304426.08891123143, 2772411.525928476]]]}, "properties": {"height": 21, "color": "rgb(0,0,255)"}}, {"geometry": {"type": "Polygon", "coordinates": [[[304381.84400259866, 2772433.665828272], [304397.2927014448, 2772433.7273950498], [304397.42939188716, 2772399.4328962555], [304381.9806542174, 2772399.3713300345], [304381.84400259866, 2772433.665828272]]]}, "properties": {"height": 17.5, "color": "rgb(0,0,255)"}}, {"geometry": {"type": "Polygon", "coordinates": [[[304406.7123091555, 2772433.374028048], [304419.9252858385, 2772433.426707923], [304420.06115109136, 2772399.3534152727], [304406.84814141755, 2772399.3007358713], [304406.7123091555, 2772433.374028048]]]}, "properties": {"height": 17.5, "color": "rgb(0,0,255)"}}, {"geometry": {"type": "Polygon", "coordinates": [[[304415.633050113, 2772378.361062995], [304448.6771832265, 2772378.4928519274], [304448.7800953478, 2772352.6968718073], [304415.73589977226, 2772352.5650837715], [304415.633050113, 2772378.361062995]]]}, "properties": {"height": 7, "color": "rgb(0,0,255)"}}, {"geometry": {"type": "Polygon", "coordinates": [[[304339.3533454394, 2772388.3666144046], [304359.90856712614, 2772388.4484702353], [304359.95177370287, 2772377.6006850684], [304339.3965356768, 2772377.518829472], [304339.3533454394, 2772388.3666144046]]]}, "properties": {"height": 28, "color": "rgb(0,0,255)"}}, {"geometry": {"type": "Polygon", "coordinates": [[[304407.0632864656, 2772381.4042356433], [304419.2437558778, 2772381.452797749], [304419.3208202276, 2772362.1254241774], [304407.1403335647, 2772362.0768623194], [304407.0632864656, 2772381.4042356433]]]}, "properties": {"height": 24.5, "color": "rgb(0,0,255)"}}, {"geometry": {"type": "Polygon", "coordinates": [[[304339.3356013426, 2772415.4030442866], [304363.27180876315, 2772415.498368006], [304363.3230350391, 2772402.6380276782], [304339.38680506137, 2772402.542704282], [304339.3356013426, 2772415.4030442866]]]}, "properties": {"height": 17.5, "color": "rgb(0,0,255)"}}, {"geometry": {"type": "Polygon", "coordinates": [[[304445.14248131897, 2772371.2800147342], [304460.50618348765, 2772371.3413124178], [304460.58087350056, 2772352.6235272638], [304445.2171502592, 2772352.562229883], [304445.14248131897, 2772371.2800147342]]]}, "properties": {"height": 14, "color": "rgb(0,0,255)"}}, {"geometry": {"type": "Polygon", "coordinates": [[[304340.59793217503, 2772329.6255874042], [304348.34826053097, 2772329.656447401], [304348.40589404653, 2772315.1830851217], [304340.655557471, 2772315.152225243], [304340.59793217503, 2772329.6255874042]]]}, "properties": {"height": 38.5, "color": "rgb(0,0,255)"}}, {"geometry": {"type": "Polygon", "coordinates": [[[304425.4649382344, 2772430.879351725], [304444.35705631936, 2772430.954704034], [304444.40183111414, 2772419.7308205124], [304425.50969749084, 2772419.6554684266], [304425.4649382344, 2772430.879351725]]]}, "properties": {"height": 17.5, "color": "rgb(0,0,255)"}}, {"geometry": {"type": "Polygon", "coordinates": [[[304363.8285560636, 2772386.8129073046], [304380.0484904769, 2772386.877525449], [304380.08709798846, 2772377.1880033594], [304363.8671520586, 2772377.123385381], [304363.8285560636, 2772386.8129073046]]]}, "properties": {"height": 24.5, "color": "rgb(0,0,255)"}}, {"geometry": {"type": "Polygon", "coordinates": [[[304408.19157422404, 2772357.521793375], [304419.58362831443, 2772357.567212329], [304419.63831485144, 2772343.852052336], [304408.246249312, 2772343.806633547], [304408.19157422404, 2772357.521793375]]]}, "properties": {"height": 24.5, "color": "rgb(0,0,255)"}}, {"geometry": {"type": "Polygon", "coordinates": [[[304444.1901158959, 2772430.62556698], [304462.7967425479, 2772430.699805915], [304462.83994368766, 2772419.874062983], [304444.233302275, 2772419.7998242597], [304444.1901158959, 2772430.62556698]]]}, "properties": {"height": 17.5, "color": "rgb(0,0,255)"}}, {"geometry": {"type": "Polygon", "coordinates": [[[304364.48532939615, 2772414.99914256], [304379.1026144178, 2772415.0573764727], [304379.15438187134, 2772402.0649543074], [304364.53708293306, 2772402.006720595], [304364.48532939615, 2772414.99914256]]]}, "properties": {"height": 17.5, "color": "rgb(0,0,255)"}}, {"geometry": {"type": "Polygon", "coordinates": [[[304380.0695246474, 2772390.3633395755], [304396.8880370956, 2772390.430362857], [304396.9604414506, 2772372.2643019883], [304380.14190661407, 2772372.197279028], [304380.0695246474, 2772390.3633395755]]]}, "properties": {"height": 7, "color": "rgb(0,0,255)"}}, {"geometry": {"type": "Polygon", "coordinates": [[[304471.9295439337, 2772430.746559491], [304486.2165842762, 2772430.8035904057], [304486.2604666449, 2772419.811865333], [304471.9734147948, 2772419.754834584], [304471.9295439337, 2772430.746559491]]]}, "properties": {"height": 14, "color": "rgb(0,0,255)"}}, {"geometry": {"type": "Polygon", "coordinates": [[[304449.9238307, 2772390.2130049523], [304463.2451646051, 2772390.266158133], [304463.27862323355, 2772381.8817175888], [304449.95728114387, 2772381.828564526], [304449.9238307, 2772390.2130049523]]]}, "properties": {"height": 14, "color": "rgb(0,0,255)"}}, {"geometry": {"type": "Polygon", "coordinates": [[[304463.0782447557, 2772390.0461290483], [304472.4315122465, 2772390.0834569815], [304472.4757107575, 2772379.0095574125], [304463.12243567687, 2772378.972229589], [304463.0782447557, 2772390.0461290483]]]}, "properties": {"height": 17.5, "color": "rgb(0,0,255)"}}, {"geometry": {"type": "Polygon", "coordinates": [[[304449.8442059043, 2772383.094205009], [304466.1895721047, 2772383.159425843], [304466.2204095161, 2772375.4322354896], [304449.87503406045, 2772375.367014789], [304449.8442059043, 2772383.094205009]]]}, "properties": {"height": 14, "color": "rgb(0,0,255)"}}, {"geometry": {"type": "Polygon", "coordinates": [[[304333.83295925905, 2772389.074228563], [304339.51896831946, 2772389.096866226], [304339.58340509207, 2772372.912779665], [304333.89738928847, 2772372.890142099], [304333.83295925905, 2772389.074228563]]]}, "properties": {"height": 17.5, "color": "rgb(0,0,255)"}}, {"geometry": {"type": "Polygon", "coordinates": [[[304407.81381309574, 2772507.5333806067], [304425.833022012, 2772507.6052296464], [304425.9457707101, 2772479.3332346827], [304407.9265244615, 2772479.2613861784], [304407.81381309574, 2772507.5333806067]]]}, "properties": {"height": 17.5, "color": "rgb(0,0,255)"}}, {"geometry": {"type": "Polygon", "coordinates": [[[304407.4991696236, 2772473.17988176], [304423.125318431, 2772473.2421862036], [304423.2603380369, 2772439.383516381], [304407.6341504584, 2772439.321212494], [304407.4991696236, 2772473.17988176]]]}, "properties": {"height": 17.5, "color": "rgb(0,0,255)"}}, {"geometry": {"type": "Polygon", "coordinates": [[[304383.44643479615, 2772513.6455798405], [304397.9671165407, 2772513.7034513582], [304398.1030989031, 2772479.5881473436], [304383.5823808566, 2772479.5302763465], [304383.44643479615, 2772513.6455798405]]]}, "properties": {"height": 17.5, "color": "rgb(0,0,255)"}}, {"geometry": {"type": "Polygon", "coordinates": [[[304440.83562342974, 2772510.7183141364], [304479.0091489546, 2772510.8706464046], [304479.06347039976, 2772497.2627659696], [304440.88990680804, 2772497.1104342476], [304440.83562342974, 2772510.7183141364]]]}, "properties": {"height": 14, "color": "rgb(0,0,255)"}}, {"geometry": {"type": "Polygon", "coordinates": [[[304382.868714853, 2772468.6079055574], [304397.5680223257, 2772468.666487371], [304397.6834527469, 2772439.706539354], [304382.98411407956, 2772439.6479579876], [304382.868714853, 2772468.6079055574]]]}, "properties": {"height": 17.5, "color": "rgb(0,0,255)"}}, {"geometry": {"type": "Polygon", "coordinates": [[[304351.95259913884, 2772456.229434536], [304380.0496792996, 2772456.341360675], [304380.10160935845, 2772443.30857599], [304352.0045023639, 2772443.196650235], [304351.95259913884, 2772456.229434536]]]}, "properties": {"height": 17.5, "color": "rgb(0,0,255)"}}, {"geometry": {"type": "Polygon", "coordinates": [[[304408.13790187676, 2772552.254239176], [304417.1843054767, 2772552.2903083297], [304417.31249415054, 2772520.1421639076], [304408.2660692382, 2772520.1060950593], [304408.13790187676, 2772552.254239176]]]}, "properties": {"height": 21, "color": "rgb(0,0,255)"}}, {"geometry": {"type": "Polygon", "coordinates": [[[304352.5156658458, 2772470.022044299], [304380.1966024705, 2772470.1323140534], [304380.2446138114, 2772458.0831050426], [304352.5636527453, 2772457.9728356386], [304352.5156658458, 2772470.022044299]]]}, "properties": {"height": 14, "color": "rgb(0,0,255)"}}, {"geometry": {"type": "Polygon", "coordinates": [[[304383.88786438433, 2772552.521071975], [304398.42822242127, 2772552.579023317], [304398.48979248025, 2772537.13273062], [304383.94941798446, 2772537.0747795147], [304383.88786438433, 2772552.521071975]]]}, "properties": {"height": 21, "color": "rgb(0,0,255)"}}, {"geometry": {"type": "Polygon", "coordinates": [[[304369.9066720846, 2772552.7333542504], [304380.6387595505, 2772552.776115047], [304380.7026773604, 2772536.7355883396], [304369.97057727905, 2772536.692827725], [304369.9066720846, 2772552.7333542504]]]}, "properties": {"height": 24.5, "color": "rgb(0,0,255)"}}, {"geometry": {"type": "Polygon", "coordinates": [[[304355.0961408185, 2772495.5974103343], [304380.43492723745, 2772495.6983535774], [304380.4819565326, 2772483.895780553], [304355.143148198, 2772483.7948376243], [304355.0961408185, 2772495.5974103343]]]}, "properties": {"height": 10.5, "color": "rgb(0,0,255)"}}, {"geometry": {"type": "Polygon", "coordinates": [[[304358.54223948915, 2772529.690036792], [304380.812067408, 2772529.7787584495], [304380.85107900045, 2772519.9885334424], [304358.5812351041, 2772519.8998120143], [304358.54223948915, 2772529.690036792]]]}, "properties": {"height": 14, "color": "rgb(0,0,255)"}}, {"geometry": {"type": "Polygon", "coordinates": [[[304383.7769795888, 2772527.5217266837], [304398.20568991493, 2772527.5792322815], [304398.23764936166, 2772519.56135084], [304383.80893055775, 2772519.5038453643], [304383.7769795888, 2772527.5217266837]]]}, "properties": {"height": 17.5, "color": "rgb(0,0,255)"}}, {"geometry": {"type": "Polygon", "coordinates": [[[304428.1403697528, 2772470.970561607], [304436.21677357086, 2772471.002773724], [304436.26953930006, 2772457.7740045707], [304428.19312765263, 2772457.7417925647], [304428.1403697528, 2772470.970561607]]]}, "properties": {"height": 17.5, "color": "rgb(0,0,255)"}}, {"geometry": {"type": "Polygon", "coordinates": [[[304386.8390186716, 2772537.2713000737], [304398.3264829106, 2772537.317084863], [304398.36622582114, 2772527.3465721845], [304386.87875318865, 2772527.300787516], [304386.8390186716, 2772537.2713000737]]]}, "properties": {"height": 10.5, "color": "rgb(0,0,255)"}}, {"geometry": {"type": "Polygon", "coordinates": [[[304380.9202074234, 2772589.1503908383], [304398.4944619477, 2772589.220433113], [304398.5562757138, 2772573.7132526156], [304380.98200121766, 2772573.643210626], [304380.9202074234, 2772589.1503908383]]]}, "properties": {"height": 24.5, "color": "rgb(0,0,255)"}}, {"geometry": {"type": "Polygon", "coordinates": [[[304435.05278864916, 2772575.131704543], [304458.6212709507, 2772575.225734961], [304458.6648657243, 2772564.3011616534], [304435.096364554, 2772564.207131506], [304435.05278864916, 2772575.131704543]]]}, "properties": {"height": 24.5, "color": "rgb(0,0,255)"}}, {"geometry": {"type": "Polygon", "coordinates": [[[304409.1372032044, 2772634.9101305115], [304422.6537515641, 2772634.9640277284], [304422.73547019943, 2772614.4727928084], [304409.2189015419, 2772614.418895883], [304409.1372032044, 2772634.9101305115]]]}, "properties": {"height": 17.5, "color": "rgb(0,0,255)"}}, {"geometry": {"type": "Polygon", "coordinates": [[[304381.06641615945, 2772640.286602211], [304396.3681433162, 2772640.3475874877], [304396.4706984682, 2772614.6191309146], [304381.16894245986, 2772614.5581460525], [304381.06641615945, 2772640.286602211]]]}, "properties": {"height": 14, "color": "rgb(0,0,255)"}}, {"geometry": {"type": "Polygon", "coordinates": [[[304412.0479669909, 2772648.2593396455], [304425.26063683926, 2772648.3120281063], [304425.3086009396, 2772636.2855205014], [304412.095919446, 2772636.2328322073], [304412.0479669909, 2772648.2593396455]]]}, "properties": {"height": 28, "color": "rgb(0,0,255)"}}, {"geometry": {"type": "Polygon", "coordinates": [[[304463.4365939606, 2772670.020306454], [304481.5884574107, 2772670.0927633313], [304481.6468371674, 2772655.469894119], [304463.49495426484, 2772655.3974375217], [304463.4365939606, 2772670.020306454]]]}, "properties": {"height": 14, "color": "rgb(0,0,255)"}}, {"geometry": {"type": "Polygon", "coordinates": [[[304444.16777032334, 2772670.1443819627], [304461.60533740866, 2772670.213962506], [304461.6638173328, 2772655.5606297655], [304444.2262315215, 2772655.4910494904], [304444.16777032334, 2772670.1443819627]]]}, "properties": {"height": 17.5, "color": "rgb(0,0,255)"}}, {"geometry": {"type": "Polygon", "coordinates": [[[304455.19438962254, 2772629.8434809637], [304479.7479002217, 2772629.941480641], [304479.78266832704, 2772621.2323915563], [304455.2291420568, 2772621.134392104], [304455.19438962254, 2772629.8434809637]]]}, "properties": {"height": 17.5, "color": "rgb(0,0,255)"}}, {"geometry": {"type": "Polygon", "coordinates": [[[304412.75000455347, 2772608.3205291093], [304424.68445119925, 2772608.3681196463], [304424.7656416793, 2772588.0098594483], [304412.8311772281, 2772587.962269167], [304412.75000455347, 2772608.3205291093]]]}, "properties": {"height": 17.5, "color": "rgb(0,0,255)"}}, {"geometry": {"type": "Polygon", "coordinates": [[[304358.7601065795, 2772629.881472931], [304378.83217854745, 2772629.961440851], [304378.88541609666, 2772616.6011696947], [304358.813324476, 2772616.5212020557], [304358.7601065795, 2772629.881472931]]]}, "properties": {"height": 14, "color": "rgb(0,0,255)"}}, {"geometry": {"type": "Polygon", "coordinates": [[[304361.39018398814, 2772643.2556127408], [304377.1507262956, 2772643.318404251], [304377.19067058054, 2772633.2939053294], [304361.4301166946, 2772633.2311139856], [304361.39018398814, 2772643.2556127408]]]}, "properties": {"height": 24.5, "color": "rgb(0,0,255)"}}, {"geometry": {"type": "Polygon", "coordinates": [[[304380.82015308825, 2772608.265555452], [304396.6781627689, 2772608.328757008], [304396.73614373244, 2772593.782739998], [304380.8781171472, 2772593.719538684], [304380.82015308825, 2772608.265555452]]]}, "properties": {"height": 17.5, "color": "rgb(0,0,255)"}}, {"geometry": {"type": "Polygon", "coordinates": [[[304425.41153681965, 2772606.815788454], [304436.5706828707, 2772606.8602973623], [304436.6454139551, 2772588.1257954338], [304425.48625258316, 2772588.081286745], [304425.41153681965, 2772606.815788454]]]}, "properties": {"height": 17.5, "color": "rgb(0,0,255)"}}, {"geometry": {"type": "Polygon", "coordinates": [[[304358.29526938, 2772606.7506694198], [304379.2873542937, 2772606.8343019066], [304379.3268048346, 2772596.9339550054], [304358.3347046903, 2772596.850322737], [304358.29526938, 2772606.7506694198]]]}, "properties": {"height": 17.5, "color": "rgb(0,0,255)"}}, {"geometry": {"type": "Polygon", "coordinates": [[[304410.9995764863, 2772577.715102141], [304423.0411543369, 2772577.763117781], [304423.09337224456, 2772564.6690962287], [304411.0517828392, 2772564.621080755], [304410.9995764863, 2772577.715102141]]]}, "properties": {"height": 17.5, "color": "rgb(0,0,255)"}}, {"geometry": {"type": "Polygon", "coordinates": [[[304437.017602307, 2772604.2693535537], [304450.29428052023, 2772604.3223206294], [304450.35636986856, 2772588.7609186647], [304437.0796765145, 2772588.7079518074], [304437.017602307, 2772604.2693535537]]]}, "properties": {"height": 14, "color": "rgb(0,0,255)"}}, {"geometry": {"type": "Polygon", "coordinates": [[[304450.16804825445, 2772628.482235574], [304462.1143338129, 2772628.5299064745], [304462.1584051326, 2772617.48686332], [304450.21210990613, 2772617.439192559], [304450.16804825445, 2772628.482235574]]]}, "properties": {"height": 17.5, "color": "rgb(0,0,255)"}}, {"geometry": {"type": "Polygon", "coordinates": [[[304313.8779174298, 2772604.4782723114], [304330.11618971184, 2772604.542909866], [304330.1481681463, 2772596.5104645314], [304313.90988630545, 2772596.4458271135], [304313.8779174298, 2772604.4782723114]]]}, "properties": {"height": 17.5, "color": "rgb(0,0,255)"}}, {"geometry": {"type": "Polygon", "coordinates": [[[304369.5758896939, 2772585.208328795], [304375.0898233092, 2772585.230297548], [304375.17194666783, 2772564.619143545], [304369.65800472395, 2772564.5971749113], [304369.5758896939, 2772585.208328795]]]}, "properties": {"height": 17.5, "color": "rgb(0,0,255)"}}, {"geometry": {"type": "Polygon", "coordinates": [[[304426.34945392114, 2772578.72608825], [304434.07208265376, 2772578.7568896115], [304434.12862920377, 2772564.580305888], [304426.405992448, 2772564.5495046414], [304426.34945392114, 2772578.72608825]]]}, "properties": {"height": 17.5, "color": "rgb(0,0,255)"}}, {"geometry": {"type": "Polygon", "coordinates": [[[304434.79937634134, 2772630.6753500714], [304450.2450080827, 2772630.7369695334], [304450.30225810036, 2772616.388590442], [304434.85661011754, 2772616.3269712133], [304434.79937634134, 2772630.6753500714]]]}, "properties": {"height": 7, "color": "rgb(0,0,255)"}}, {"geometry": {"type": "Polygon", "coordinates": [[[304464.34270921134, 2772624.3473236463], [304478.6939397475, 2772624.4046074008], [304478.72167781804, 2772617.456328964], [304464.37043997407, 2772617.3990453146], [304464.34270921134, 2772624.3473236463]]]}, "properties": {"height": 17.5, "color": "rgb(0,0,255)"}}, {"geometry": {"type": "Polygon", "coordinates": [[[304444.5896717765, 2772709.9148526867], [304467.7825752797, 2772710.007405676], [304467.838236444, 2772696.062181475], [304444.6453092374, 2772695.9696288262], [304444.5896717765, 2772709.9148526867]]]}, "properties": {"height": 14, "color": "rgb(0,0,255)"}}, {"geometry": {"type": "Polygon", "coordinates": [[[304379.62641090207, 2772710.75380198], [304396.2546962608, 2772710.820075244], [304396.3087358427, 2772697.2633220125], [304379.6804339631, 2772697.1970489845], [304379.62641090207, 2772710.75380198]]]}, "properties": {"height": 21, "color": "rgb(0,0,255)"}}, {"geometry": {"type": "Polygon", "coordinates": [[[304464.4987923651, 2772686.1918597785], [304480.6161083351, 2772686.2561958227], [304480.6720948577, 2772672.2326242346], [304464.55476232327, 2772672.1682884283], [304464.4987923651, 2772686.1918597785]]]}, "properties": {"height": 17.5, "color": "rgb(0,0,255)"}}, {"geometry": {"type": "Polygon", "coordinates": [[[304443.81368242914, 2772686.310535745], [304461.72957411397, 2772686.3820252544], [304461.78503416356, 2772672.485509071], [304443.8691242327, 2772672.414019823], [304443.81368242914, 2772686.310535745]]]}, "properties": {"height": 14, "color": "rgb(0,0,255)"}}, {"geometry": {"type": "Polygon", "coordinates": [[[304445.8853262213, 2772726.117081682], [304457.99676575244, 2772726.1654098267], [304458.0480885129, 2772713.304896801], [304445.9366375665, 2772713.2565688198], [304445.8853262213, 2772726.117081682]]]}, "properties": {"height": 17.5, "color": "rgb(0,0,255)"}}, {"geometry": {"type": "Polygon", "coordinates": [[[304457.946817996, 2772726.0817739787], [304467.37753214984, 2772726.119412663], [304467.4304443697, 2772712.8628934673], [304457.9997210534, 2772712.8252549153], [304457.946817996, 2772726.0817739787]]]}, "properties": {"height": 17.5, "color": "rgb(0,0,255)"}}, {"geometry": {"type": "Polygon", "coordinates": [[[304561.58790977666, 2772388.9047671417], [304589.0612862321, 2772389.014627049], [304589.1116266819, 2772376.4288071115], [304561.63822488877, 2772376.3189475685], [304561.58790977666, 2772388.9047671417]]]}, "properties": {"height": 24.5, "color": "rgb(0,0,255)"}}, {"geometry": {"type": "Polygon", "coordinates": [[[304516.02574566554, 2772389.3259697603], [304529.2936032991, 2772389.3789737783], [304529.38553704746, 2772366.3690160955], [304516.1176570427, 2772366.316012399], [304516.02574566554, 2772389.3259697603]]]}, "properties": {"height": 21, "color": "rgb(0,0,255)"}}, {"geometry": {"type": "Polygon", "coordinates": [[[304531.5113094541, 2772389.1349441092], [304545.7894027514, 2772389.1920006606], [304545.88138198975, 2772366.177617377], [304531.60326461325, 2772366.120561172], [304531.5113094541, 2772389.1349441092]]]}, "properties": {"height": 21, "color": "rgb(0,0,255)"}}, {"geometry": {"type": "Polygon", "coordinates": [[[304569.4288506382, 2772429.9441720205], [304580.98565098346, 2772429.9903857675], [304581.03582266916, 2772417.445114373], [304569.4790116997, 2772417.39890078], [304569.4288506382, 2772429.9441720205]]]}, "properties": {"height": 24.5, "color": "rgb(0,0,255)"}}, {"geometry": {"type": "Polygon", "coordinates": [[[304485.3369113733, 2772412.435234705], [304500.13059975527, 2772412.4943024176], [304500.16692572593, 2772403.397573347], [304485.3732274825, 2772403.3385057766], [304485.3369113733, 2772412.435234705]]]}, "properties": {"height": 24.5, "color": "rgb(0,0,255)"}}, {"geometry": {"type": "Polygon", "coordinates": [[[304487.98087256623, 2772425.3828711766], [304501.1381918487, 2772425.435407291], [304501.1776152183, 2772415.5632629516], [304488.02028641757, 2772415.5107269734], [304487.98087256623, 2772425.3828711766]]]}, "properties": {"height": 21, "color": "rgb(0,0,255)"}}, {"geometry": {"type": "Polygon", "coordinates": [[[304561.8023773624, 2772373.4819705333], [304576.2807631799, 2772373.5398593396], [304576.3135348237, 2772365.3445232213], [304561.83514031145, 2772365.2866345407], [304561.8023773624, 2772373.4819705333]]]}, "properties": {"height": 21, "color": "rgb(0,0,255)"}}, {"geometry": {"type": "Polygon", "coordinates": [[[304586.4880861986, 2772551.587436644], [304646.8840593135, 2772551.829145842], [304646.9620167653, 2772532.36058733], [304586.565957483, 2772532.1188793727], [304586.4880861986, 2772551.587436644]]]}, "properties": {"height": 7, "color": "rgb(0,0,255)"}}, {"geometry": {"type": "Polygon", "coordinates": [[[304563.62558498414, 2772532.4934561667], [304589.78406930354, 2772532.598066922], [304589.83965926536, 2772518.700794814], [304563.68114830554, 2772518.5961844423], [304563.62558498414, 2772532.4934561667]]]}, "properties": {"height": 24.5, "color": "rgb(0,0,255)"}}, {"geometry": {"type": "Polygon", "coordinates": [[[304480.3662299316, 2772509.7446412696], [304514.82801587373, 2772509.882256837], [304514.8743103782, 2772498.2927967184], [304480.4124951679, 2772498.155181572], [304480.3662299316, 2772509.7446412696]]]}, "properties": {"height": 17.5, "color": "rgb(0,0,255)"}}, {"geometry": {"type": "Polygon", "coordinates": [[[304473.32693948474, 2772470.3961772365], [304503.1209428855, 2772470.5151306577], [304503.17661203304, 2772456.5755794183], [304473.3825781978, 2772456.4566264343], [304473.32693948474, 2772470.3961772365]]]}, "properties": {"height": 17.5, "color": "rgb(0,0,255)"}}, {"geometry": {"type": "Polygon", "coordinates": [[[304486.1523204855, 2772552.1116170017], [304516.2811755375, 2772552.2319400436], [304516.33760180743, 2772538.1066891155], [304486.2087155679, 2772537.986366522], [304486.1523204855, 2772552.1116170017]]]}, "properties": {"height": 17.5, "color": "rgb(0,0,255)"}}, {"geometry": {"type": "Polygon", "coordinates": [[[304533.0043787721, 2772541.4408042585], [304548.4998138172, 2772541.5027316734], [304548.57612565137, 2772522.410687935], [304533.0806689265, 2772522.3487608316], [304533.0043787721, 2772541.4408042585]]]}, "properties": {"height": 24.5, "color": "rgb(0,0,255)"}}, {"geometry": {"type": "Polygon", "coordinates": [[[304477.9387150085, 2772495.0899791834], [304510.150513867, 2772495.2186007635], [304510.20717223315, 2772481.033321888], [304477.9953398901, 2772480.9047007887], [304477.9387150085, 2772495.0899791834]]]}, "properties": {"height": 14, "color": "rgb(0,0,255)"}}, {"geometry": {"type": "Polygon", "coordinates": [[[304486.1954596359, 2772529.6049490822], [304522.60739990603, 2772529.7503715013], [304522.6512179819, 2772518.782521167], [304486.2392484458, 2772518.637099169], [304486.1954596359, 2772529.6049490822]]]}, "properties": {"height": 14, "color": "rgb(0,0,255)"}}, {"geometry": {"type": "Polygon", "coordinates": [[[304523.07720502734, 2772511.88702266], [304546.85077352205, 2772511.982022353], [304546.89161903533, 2772501.7626876035], [304523.1180327368, 2772501.667688167], [304523.07720502734, 2772511.88702266]]]}, "properties": {"height": 24.5, "color": "rgb(0,0,255)"}}, {"geometry": {"type": "Polygon", "coordinates": [[[304508.7835378995, 2772551.9228722835], [304531.1349923296, 2772552.012166071], [304531.1947554523, 2772537.05566857], [304508.8432765238, 2772536.9663751354], [304508.7835378995, 2772551.9228722835]]]}, "properties": {"height": 17.5, "color": "rgb(0,0,255)"}}, {"geometry": {"type": "Polygon", "coordinates": [[[304563.9614537455, 2772551.2909318497], [304580.5717877738, 2772551.3573535755], [304580.636141579, 2772535.266557642], [304564.0257879641, 2772535.2001361977], [304563.9614537455, 2772551.2909318497]]]}, "properties": {"height": 21, "color": "rgb(0,0,255)"}}, {"geometry": {"type": "Polygon", "coordinates": [[[304499.1375161607, 2772448.8548467453], [304520.8497852058, 2772448.941567474], [304520.89281490137, 2772438.1703481437], [304499.1805287185, 2772438.083627662], [304499.1375161607, 2772448.8548467453]]]}, "properties": {"height": 17.5, "color": "rgb(0,0,255)"}}, {"geometry": {"type": "Polygon", "coordinates": [[[304527.1026274135, 2772444.380157491], [304544.82761444495, 2772444.45098626], [304544.8545425367, 2772437.713285302], [304527.12954675383, 2772437.642456659], [304527.1026274135, 2772444.380157491]]]}, "properties": {"height": 24.5, "color": "rgb(0,0,255)"}}, {"geometry": {"type": "Polygon", "coordinates": [[[304482.5511131863, 2772453.799515056], [304495.28576945723, 2772453.8503588405], [304495.34100025415, 2772440.018487929], [304482.60633107537, 2772439.967644329], [304482.5511131863, 2772453.799515056]]]}, "properties": {"height": 17.5, "color": "rgb(0,0,255)"}}, {"geometry": {"type": "Polygon", "coordinates": [[[304564.27886140486, 2772462.949726441], [304576.8164366559, 2772462.999858543], [304576.8506516683, 2772454.4439709513], [304564.3130685565, 2772454.393838961], [304564.27886140486, 2772462.949726441]]]}, "properties": {"height": 24.5, "color": "rgb(0,0,255)"}}, {"geometry": {"type": "Polygon", "coordinates": [[[304564.8586526273, 2772502.591034749], [304576.8261068236, 2772502.638888232], [304576.8591407937, 2772494.3784711096], [304564.8916793531, 2772494.330617731], [304564.8586526273, 2772502.591034749]]]}, "properties": {"height": 24.5, "color": "rgb(0,0,255)"}}, {"geometry": {"type": "Polygon", "coordinates": [[[304526.6214560417, 2772524.0982211535], [304546.8013963851, 2772524.178863618], [304546.82670891547, 2772517.8458304256], [304526.64675920655, 2772517.765188096], [304526.6214560417, 2772524.0982211535]]]}, "properties": {"height": 17.5, "color": "rgb(0,0,255)"}}, {"geometry": {"type": "Polygon", "coordinates": [[[304630.64647469355, 2772467.705659566], [304641.9564686391, 2772467.750937702], [304642.00955219194, 2772454.4925769647], [304630.699547258, 2772454.4472989864], [304630.64647469355, 2772467.705659566]]]}, "properties": {"height": 14, "color": "rgb(0,0,255)"}}, {"geometry": {"type": "Polygon", "coordinates": [[[304474.0676503626, 2772587.6183757237], [304506.70115678024, 2772587.7486773757], [304506.73219552456, 2772579.9774699635], [304474.09867052204, 2772579.8471685797], [304474.0676503626, 2772587.6183757237]]]}, "properties": {"height": 24.5, "color": "rgb(0,0,255)"}}, {"geometry": {"type": "Polygon", "coordinates": [[[304532.823032742, 2772667.899687528], [304549.5042799235, 2772667.9663579958], [304549.5590227802, 2772654.2715148716], [304532.87775885663, 2772654.204844644], [304532.823032742, 2772667.899687528]]]}, "properties": {"height": 24.5, "color": "rgb(0,0,255)"}}, {"geometry": {"type": "Polygon", "coordinates": [[[304595.4292605416, 2772643.7924168627], [304621.49967198045, 2772643.8967408356], [304621.5486764448, 2772631.653492729], [304595.4782416143, 2772631.549169094], [304595.4292605416, 2772643.7924168627]]]}, "properties": {"height": 17.5, "color": "rgb(0,0,255)"}}, {"geometry": {"type": "Polygon", "coordinates": [[[304621.5948660475, 2772644.785303238], [304649.704442137, 2772644.8978432207], [304649.7586528488, 2772631.3608615072], [304621.6490488727, 2772631.2483219267], [304621.5948660475, 2772644.785303238]]]}, "properties": {"height": 14, "color": "rgb(0,0,255)"}}, {"geometry": {"type": "Polygon", "coordinates": [[[304586.6407576703, 2772606.4354525954], [304602.69524133566, 2772606.499679381], [304602.76403128746, 2772589.307039528], [304586.7095273942, 2772589.2428130335], [304586.6407576703, 2772606.4354525954]]]}, "properties": {"height": 17.5, "color": "rgb(0,0,255)"}}, {"geometry": {"type": "Polygon", "coordinates": [[[304492.1759117533, 2772628.5037111156], [304519.0137417348, 2772628.6109030396], [304519.06261760934, 2772616.3767514643], [304492.2247635656, 2772616.2695598863], [304492.1759117533, 2772628.5037111156]]]}, "properties": {"height": 14, "color": "rgb(0,0,255)"}}, {"geometry": {"type": "Polygon", "coordinates": [[[304602.4385901856, 2772603.5200168425], [304620.32933171897, 2772603.591611499], [304620.39615836, 2772586.895034379], [304602.5053949356, 2772586.8234400377], [304602.4385901856, 2772603.5200168425]]]}, "properties": {"height": 17.5, "color": "rgb(0,0,255)"}}, {"geometry": {"type": "Polygon", "coordinates": [[[304536.0061755076, 2772627.7626650175], [304550.2093129233, 2772627.8194322344], [304550.26543437445, 2772613.779659994], [304536.0622823451, 2772613.7228929875], [304536.0061755076, 2772627.7626650175]]]}, "properties": {"height": 21, "color": "rgb(0,0,255)"}}, {"geometry": {"type": "Polygon", "coordinates": [[[304491.8769502652, 2772587.013825093], [304514.46383697976, 2772587.1040329426], [304514.49434188695, 2772579.467568634], [304491.9074425321, 2772579.377360966], [304491.8769502652, 2772587.013825093]]]}, "properties": {"height": 24.5, "color": "rgb(0,0,255)"}}, {"geometry": {"type": "Polygon", "coordinates": [[[304482.83400683635, 2772669.850926564], [304500.8741180898, 2772669.9229629226], [304500.9325662756, 2772655.288132917], [304482.8924356735, 2772655.2160968366], [304482.83400683635, 2772669.850926564]]]}, "properties": {"height": 14, "color": "rgb(0,0,255)"}}, {"geometry": {"type": "Polygon", "coordinates": [[[304565.4925470749, 2772646.7572542173], [304585.77006633714, 2772646.8383485302], [304585.8495273891, 2772626.9728480037], [304565.57197860576, 2772626.8917541155], [304565.4925470749, 2772646.7572542173]]]}, "properties": {"height": 7, "color": "rgb(0,0,255)"}}, {"geometry": {"type": "Polygon", "coordinates": [[[304604.009360219, 2772595.4217357426], [304618.868615909, 2772595.481198949], [304618.9166016212, 2772583.4916602275], [304604.05733287515, 2772583.4321972094], [304604.009360219, 2772595.4217357426]]]}, "properties": {"height": 17.5, "color": "rgb(0,0,255)"}}, {"geometry": {"type": "Polygon", "coordinates": [[[304565.86448845343, 2772665.550623782], [304579.69903363416, 2772665.605948745], [304579.74718272506, 2772653.567301768], [304565.91262533853, 2772653.51197698], [304565.86448845343, 2772665.550623782]]]}, "properties": {"height": 21, "color": "rgb(0,0,255)"}}, {"geometry": {"type": "Polygon", "coordinates": [[[304565.3404543062, 2772627.3419544273], [304581.0932031293, 2772627.4049498877], [304581.15345810645, 2772612.339626839], [304565.4006918913, 2772612.276631629], [304565.3404543062, 2772627.3419544273]]]}, "properties": {"height": 14, "color": "rgb(0,0,255)"}}, {"geometry": {"type": "Polygon", "coordinates": [[[304588.79553520307, 2772628.597586558], [304602.4857654503, 2772628.6523565003], [304602.53659744444, 2772615.9480167646], [304588.84635445115, 2772615.893247006], [304588.79553520307, 2772628.597586558]]]}, "properties": {"height": 17.5, "color": "rgb(0,0,255)"}}, {"geometry": {"type": "Polygon", "coordinates": [[[304583.74664749374, 2772669.4048270616], [304596.94391881285, 2772669.4576206068], [304596.99724499776, 2772656.128781677], [304583.79996078723, 2772656.075988318], [304583.74664749374, 2772669.4048270616]]]}, "properties": {"height": 17.5, "color": "rgb(0,0,255)"}}, {"geometry": {"type": "Polygon", "coordinates": [[[304478.61585111124, 2772629.752813671], [304492.31479129544, 2772629.807507892], [304492.37572294864, 2772614.5481939213], [304478.67676744517, 2772614.49349992], [304478.61585111124, 2772629.752813671]]]}, "properties": {"height": 14, "color": "rgb(0,0,255)"}}, {"geometry": {"type": "Polygon", "coordinates": [[[304518.93329621956, 2772629.4733965215], [304533.28015879553, 2772629.530720348], [304533.3295320661, 2772617.1753026266], [304518.9826564996, 2772617.1179789864], [304518.93329621956, 2772629.4733965215]]]}, "properties": {"height": 17.5, "color": "rgb(0,0,255)"}}, {"geometry": {"type": "Polygon", "coordinates": [[[304510.6551308339, 2772646.7980363704], [304527.6497143266, 2772646.8659311617], [304527.7073154954, 2772632.4501316333], [304510.71271404845, 2772632.382237101], [304510.6551308339, 2772646.7980363704]]]}, "properties": {"height": 14, "color": "rgb(0,0,255)"}}, {"geometry": {"type": "Polygon", "coordinates": [[[304483.4351298101, 2772599.268914142], [304501.57324529975, 2772599.34134061], [304501.60612825013, 2772591.107661063], [304483.46800181596, 2772591.0352347516], [304483.4351298101, 2772599.268914142]]]}, "properties": {"height": 17.5, "color": "rgb(0,0,255)"}}, {"geometry": {"type": "Polygon", "coordinates": [[[304502.83905602066, 2772669.5323661193], [304519.7965672204, 2772669.6001037], [304519.8501380359, 2772656.1911737937], [304502.89261017216, 2772656.1234364524], [304502.83905602066, 2772669.5323661193]]]}, "properties": {"height": 14, "color": "rgb(0,0,255)"}}, {"geometry": {"type": "Polygon", "coordinates": [[[304534.344052525, 2772647.2530358955], [304548.3973243932, 2772647.309202789], [304548.4781743668, 2772627.082622701], [304534.4248816672, 2772627.026456107], [304534.344052525, 2772647.2530358955]]]}, "properties": {"height": 7, "color": "rgb(0,0,255)"}}, {"geometry": {"type": "Polygon", "coordinates": [[[304503.5792341762, 2772720.134153307], [304516.36370408523, 2772720.1852212753], [304516.4410175102, 2772700.8326113285], [304503.65652946883, 2772700.781543621], [304503.5792341762, 2772720.134153307]]]}, "properties": {"height": 35, "color": "rgb(0,0,255)"}}, {"geometry": {"type": "Polygon", "coordinates": [[[304522.54271373677, 2772720.081327147], [304535.2482044177, 2772720.1320972485], [304535.32533067657, 2772700.8330221875], [304522.6198220251, 2772700.782252345], [304522.54271373677, 2772720.081327147]]]}, "properties": {"height": 35, "color": "rgb(0,0,255)"}}, {"geometry": {"type": "Polygon", "coordinates": [[[304570.95323551167, 2772771.0582476105], [304611.14924314513, 2772771.2190540116], [304611.24941679806, 2772746.188234668], [304571.05333542556, 2772746.0274293288], [304570.95323551167, 2772771.0582476105]]]}, "properties": {"height": 7, "color": "rgb(0,0,255)"}}, {"geometry": {"type": "Polygon", "coordinates": [[[304607.25133684045, 2772710.709875728], [304645.0733205523, 2772710.861278275], [304645.1722343155, 2772686.160005866], [304607.3501821349, 2772686.0086043044], [304607.25133684045, 2772710.709875728]]]}, "properties": {"height": 7, "color": "rgb(0,0,255)"}}, {"geometry": {"type": "Polygon", "coordinates": [[[304566.59270240855, 2772684.616673502], [304586.09478486655, 2772684.6946689], [304586.14221025404, 2772672.838450914], [304566.6401108506, 2772672.76045576], [304566.59270240855, 2772684.616673502]]]}, "properties": {"height": 24.5, "color": "rgb(0,0,255)"}}, {"geometry": {"type": "Polygon", "coordinates": [[[304587.46555951156, 2772685.9168879674], [304612.23539548053, 2772686.0159936054], [304612.2900963271, 2772672.347479223], [304587.5202355457, 2772672.2483739424], [304587.46555951156, 2772685.9168879674]]]}, "properties": {"height": 14, "color": "rgb(0,0,255)"}}, {"geometry": {"type": "Polygon", "coordinates": [[[304475.1635287634, 2772709.014667261], [304492.9438503848, 2772709.085657225], [304493.0031585567, 2772694.233572511], [304475.22281758196, 2772694.162582825], [304475.1635287634, 2772709.014667261]]]}, "properties": {"height": 17.5, "color": "rgb(0,0,255)"}}, {"geometry": {"type": "Polygon", "coordinates": [[[304483.9274733883, 2772686.313414737], [304500.3163473169, 2772686.3788582673], [304500.3728018188, 2772672.2431783373], [304483.983910912, 2772672.177735051], [304483.9274733883, 2772686.313414737]]]}, "properties": {"height": 14, "color": "rgb(0,0,255)"}}, {"geometry": {"type": "Polygon", "coordinates": [[[304566.60997568787, 2772704.758688823], [304577.2565923444, 2772704.80126514], [304577.3012681846, 2772693.6307113436], [304566.65464281215, 2772693.5881351517], [304566.60997568787, 2772704.758688823]]]}, "properties": {"height": 24.5, "color": "rgb(0,0,255)"}}, {"geometry": {"type": "Polygon", "coordinates": [[[304520.76333617675, 2772672.8432508046], [304530.3267165262, 2772672.8814622015], [304530.3933765426, 2772656.199502594], [304520.82998450135, 2772656.161291365], [304520.76333617675, 2772672.8432508046]]]}, "properties": {"height": 17.5, "color": "rgb(0,0,255)"}}, {"geometry": {"type": "Polygon", "coordinates": [[[304644.662846307, 2772774.0351623083], [304718.6891522295, 2772774.3318006992], [304718.81910721364, 2772741.923209479], [304644.79262546374, 2772741.626573622], [304644.662846307, 2772774.0351623083]]]}, "properties": {"height": 45.5, "color": "rgb(0,0,255)"}}, {"geometry": {"type": "Polygon", "coordinates": [[[304583.34040821664, 2772844.4602002935], [304593.30438700586, 2772844.5000609607], [304593.34671059536, 2772833.921371663], [304583.38272408076, 2772833.881511107], [304583.34040821664, 2772844.4602002935]]]}, "properties": {"height": 38.5, "color": "rgb(0,0,255)"}}, {"geometry": {"type": "Polygon", "coordinates": [[[304636.47376603115, 2772342.3593767853], [304667.29126844107, 2772342.4827796128], [304667.33790040953, 2772330.840594653], [304636.52037170925, 2772330.717192204], [304636.47376603115, 2772342.3593767853]]]}, "properties": {"height": 14, "color": "rgb(0,0,255)"}}, {"geometry": {"type": "Polygon", "coordinates": [[[304639.352247876, 2772356.3256074795], [304667.4411289209, 2772356.4380878215], [304667.48551558045, 2772345.356563861], [304639.3966117268, 2772345.2440838474], [304639.352247876, 2772356.3256074795]]]}, "properties": {"height": 14, "color": "rgb(0,0,255)"}}, {"geometry": {"type": "Polygon", "coordinates": [[[304641.15211612586, 2772382.525946198], [304667.5655938668, 2772382.6317204814], [304667.6097423937, 2772371.609792088], [304641.19624331966, 2772371.504018113], [304641.15211612586, 2772382.525946198]]]}, "properties": {"height": 14, "color": "rgb(0,0,255)"}}, {"geometry": {"type": "Polygon", "coordinates": [[[304655.77501688106, 2772413.207507769], [304667.07821974444, 2772413.252778514], [304667.1465450258, 2772396.195032095], [304655.8433280338, 2772396.1497615543], [304655.77501688106, 2772413.207507769]]]}, "properties": {"height": 14, "color": "rgb(0,0,255)"}}, {"geometry": {"type": "Polygon", "coordinates": [[[304762.1544161464, 2772546.598987158], [304798.14235396276, 2772546.743444312], [304798.195921099, 2772533.4028654564], [304762.2079480996, 2772533.258408811], [304762.1544161464, 2772546.598987158]]]}, "properties": {"height": 14, "color": "rgb(0,0,255)"}}, {"geometry": {"type": "Polygon", "coordinates": [[[304635.3557559805, 2772490.628007198], [304667.6842320664, 2772490.757467448], [304667.73885368207, 2772477.121501949], [304635.4103452918, 2772476.9920421643], [304635.3557559805, 2772490.628007198]]]}, "properties": {"height": 14, "color": "rgb(0,0,255)"}}, {"geometry": {"type": "Polygon", "coordinates": [[[304729.0072765263, 2772548.9234633166], [304741.1486244408, 2772548.9721591678], [304741.2831138611, 2772515.4434096944], [304729.1417361146, 2772515.3947142735], [304729.0072765263, 2772548.9234633166]]]}, "properties": {"height": 17.5, "color": "rgb(0,0,255)"}}, {"geometry": {"type": "Polygon", "coordinates": [[[304641.7534250391, 2772467.6092183213], [304668.835206353, 2772467.7176745064], [304668.8904719751, 2772453.921096282], [304641.8086632811, 2772453.8126404914], [304641.7534250391, 2772467.6092183213]]]}, "properties": {"height": 14, "color": "rgb(0,0,255)"}}, {"geometry": {"type": "Polygon", "coordinates": [[[304744.0279855509, 2772546.4157986226], [304762.3572593161, 2772546.489336919], [304762.4081072684, 2772533.817680229], [304744.07881648245, 2772533.7441421784], [304744.0279855509, 2772546.4157986226]]]}, "properties": {"height": 17.5, "color": "rgb(0,0,255)"}}, {"geometry": {"type": "Polygon", "coordinates": [[[304663.3691242763, 2772547.0103796204], [304682.53185010084, 2772547.087149135], [304682.5872450656, 2772533.2621953734], [304663.4244998268, 2772533.1854261383], [304663.3691242763, 2772547.0103796204]]]}, "properties": {"height": 17.5, "color": "rgb(0,0,255)"}}, {"geometry": {"type": "Polygon", "coordinates": [[[304646.6401497564, 2772548.5820629015], [304662.36066184705, 2772548.6450210433], [304662.4248428473, 2772532.6214251197], [304646.7043122968, 2772532.5584672433], [304646.6401497564, 2772548.5820629015]]]}, "properties": {"height": 17.5, "color": "rgb(0,0,255)"}}, {"geometry": {"type": "Polygon", "coordinates": [[[304743.7394492153, 2772530.631857918], [304762.0643906054, 2772530.705377967], [304762.11581533187, 2772517.889833393], [304743.7908567318, 2772517.816313593], [304743.7394492153, 2772530.631857918]]]}, "properties": {"height": 17.5, "color": "rgb(0,0,255)"}}, {"geometry": {"type": "Polygon", "coordinates": [[[304743.70272421814, 2772491.610133898], [304761.1023733531, 2772491.6799399005], [304761.1560510465, 2772478.302483499], [304743.75638485444, 2772478.232677743], [304743.70272421814, 2772491.610133898]]]}, "properties": {"height": 17.5, "color": "rgb(0,0,255)"}}, {"geometry": {"type": "Polygon", "coordinates": [[[304640.6686011093, 2772505.832792037], [304659.97555064486, 2772505.9101060214], [304660.03087814624, 2772492.0960579566], [304640.723909066, 2772492.0187442536], [304640.6686011093, 2772505.832792037]]]}, "properties": {"height": 14, "color": "rgb(0,0,255)"}}, {"geometry": {"type": "Polygon", "coordinates": [[[304656.49486628023, 2772530.843003085], [304682.22937989444, 2772530.9460929786], [304682.28140401875, 2772517.962245897], [304656.5468659186, 2772517.8591563557], [304656.49486628023, 2772530.843003085]]]}, "properties": {"height": 14, "color": "rgb(0,0,255)"}}, {"geometry": {"type": "Polygon", "coordinates": [[[304661.04736047995, 2772510.196731841], [304682.2541222894, 2772510.28168685], [304682.29261225817, 2772500.6755358395], [304661.0858355201, 2772500.590581047], [304661.04736047995, 2772510.196731841]]]}, "properties": {"height": 17.5, "color": "rgb(0,0,255)"}}, {"geometry": {"type": "Polygon", "coordinates": [[[304668.85830055206, 2772498.126297179], [304681.9506517759, 2772498.178748924], [304682.0141232344, 2772482.337648326], [304668.9217568122, 2772482.2851968003], [304668.85830055206, 2772498.126297179]]]}, "properties": {"height": 17.5, "color": "rgb(0,0,255)"}}, {"geometry": {"type": "Polygon", "coordinates": [[[304646.6834732385, 2772549.246749508], [304662.3671714784, 2772549.309560262], [304662.42237343173, 2772535.5277072075], [304646.7386593517, 2772535.4648966817], [304646.6834732385, 2772549.246749508]]]}, "properties": {"height": 14, "color": "rgb(0,0,255)"}}, {"geometry": {"type": "Polygon", "coordinates": [[[304726.87520527374, 2772492.2107804962], [304740.9324381089, 2772492.2671579523], [304740.97419113526, 2772481.857719049], [304726.9169475771, 2772481.801341748], [304726.87520527374, 2772492.2107804962]]]}, "properties": {"height": 17.5, "color": "rgb(0,0,255)"}}, {"geometry": {"type": "Polygon", "coordinates": [[[304641.94498832186, 2772461.8055586265], [304657.50105065916, 2772461.8678505104], [304657.5311400008, 2772454.354742416], [304641.97506909893, 2772454.2924506557], [304641.94498832186, 2772461.8055586265]]]}, "properties": {"height": 14, "color": "rgb(0,0,255)"}}, {"geometry": {"type": "Polygon", "coordinates": [[[304620.45748796593, 2772605.5305067697], [304658.82319835265, 2772605.6841171347], [304658.87894202396, 2772591.7664367193], [304620.5131925062, 2772591.6128269187], [304620.45748796593, 2772605.5305067697]]]}, "properties": {"height": 17.5, "color": "rgb(0,0,255)"}}, {"geometry": {"type": "Polygon", "coordinates": [[[304635.4995652811, 2772585.9366649613], [304654.2177305111, 2772586.01161615], [304654.2996694453, 2772565.5517787132], [304635.58147614985, 2772565.4768279283], [304635.4995652811, 2772585.9366649613]]]}, "properties": {"height": 24.5, "color": "rgb(0,0,255)"}}, {"geometry": {"type": "Polygon", "coordinates": [[[304729.238707008, 2772631.2223265194], [304746.1150318561, 2772631.290018655], [304746.1866791906, 2772613.4303227137], [304729.3103322539, 2772613.3626308977], [304729.238707008, 2772631.2223265194]]]}, "properties": {"height": 24.5, "color": "rgb(0,0,255)"}}, {"geometry": {"type": "Polygon", "coordinates": [[[304760.3047618071, 2772668.856476314], [304778.45721622545, 2772668.9293303904], [304778.51409327064, 2772654.760056525], [304760.3616200025, 2772654.6872027214], [304760.3047618071, 2772668.856476314]]]}, "properties": {"height": 17.5, "color": "rgb(0,0,255)"}}, {"geometry": {"type": "Polygon", "coordinates": [[[304701.7149270778, 2772599.360632639], [304717.23371621827, 2772599.4228467187], [304717.2997053847, 2772582.964682085], [304701.78089752677, 2772582.9024682753], [304701.7149270778, 2772599.360632639]]]}, "properties": {"height": 17.5, "color": "rgb(0,0,255)"}}, {"geometry": {"type": "Polygon", "coordinates": [[[304778.2620225381, 2772668.9301393675], [304798.8740410461, 2772669.0128937783], [304798.92260786926, 2772656.918384051], [304778.3105710916, 2772656.835629904], [304778.2620225381, 2772668.9301393675]]]}, "properties": {"height": 17.5, "color": "rgb(0,0,255)"}}, {"geometry": {"type": "Polygon", "coordinates": [[[304652.40768996644, 2772645.351208453], [304671.9914512188, 2772645.429652454], [304672.04469334934, 2772632.139958532], [304652.46091302356, 2772632.0615148065], [304652.40768996644, 2772645.351208453]]]}, "properties": {"height": 14, "color": "rgb(0,0,255)"}}, {"geometry": {"type": "Polygon", "coordinates": [[[304730.02714416507, 2772646.928075689], [304740.723144966, 2772646.9709765795], [304740.7793278268, 2772632.964865403], [304730.0833160469, 2772632.921964672], [304730.02714416507, 2772646.928075689]]]}, "properties": {"height": 21, "color": "rgb(0,0,255)"}}, {"geometry": {"type": "Polygon", "coordinates": [[[304752.04639934446, 2772671.2988055907], [304760.6803126676, 2772671.3334492203], [304760.74139133363, 2772656.1125358297], [304752.1074683794, 2772656.0778923393], [304752.04639934446, 2772671.2988055907]]]}, "properties": {"height": 17.5, "color": "rgb(0,0,255)"}}, {"geometry": {"type": "Polygon", "coordinates": [[[304753.9747139482, 2772645.990672578], [304764.26474253886, 2772646.03196303], [304764.3125396888, 2772634.121489893], [304754.0225021164, 2772634.080199572], [304753.9747139482, 2772645.990672578]]]}, "properties": {"height": 17.5, "color": "rgb(0,0,255)"}}, {"geometry": {"type": "Polygon", "coordinates": [[[304742.9002409872, 2772643.9928113627], [304751.2288641503, 2772644.0262239636], [304751.27760913066, 2772631.876660557], [304742.94897855184, 2772631.843248063], [304742.9002409872, 2772643.9928113627]]]}, "properties": {"height": 17.5, "color": "rgb(0,0,255)"}}, {"geometry": {"type": "Polygon", "coordinates": [[[304768.54764025036, 2772633.8615036], [304777.62993630697, 2772633.8979569394], [304777.70150396845, 2772616.0684036342], [304768.6191960445, 2772616.0319504663], [304768.54764025036, 2772633.8615036]]]}, "properties": {"height": 10.5, "color": "rgb(0,0,255)"}}, {"geometry": {"type": "Polygon", "coordinates": [[[304785.8014841775, 2772771.7764583295], [304809.801693225, 2772771.8728361623], [304809.8446971193, 2772761.1662420607], [304785.84446923935, 2772761.0698645003], [304785.8014841775, 2772771.7764583295]]]}, "properties": {"height": 38.5, "color": "rgb(0,0,255)"}}, {"geometry": {"type": "Polygon", "coordinates": [[[304744.00649837044, 2772773.3348247283], [304755.8612304333, 2772773.3823883184], [304755.9143943677, 2772760.133233386], [304744.0596507937, 2772760.0856699613], [304744.00649837044, 2772773.3348247283]]]}, "properties": {"height": 56, "color": "rgb(0,0,255)"}}, {"geometry": {"type": "Polygon", "coordinates": [[[304741.08443353954, 2772726.063398821], [304762.7833866791, 2772726.1504609156], [304762.8390240849, 2772712.2863667295], [304741.1400488976, 2772712.1993049528], [304741.08443353954, 2772726.063398821]]]}, "properties": {"height": 21, "color": "rgb(0,0,255)"}}, {"geometry": {"type": "Polygon", "coordinates": [[[304765.8135874726, 2772709.3768479154], [304787.7778083159, 2772709.465013748], [304787.8240632181, 2772697.944097113], [304765.85982382955, 2772697.855931548], [304765.8135874726, 2772709.3768479154]]]}, "properties": {"height": 24.5, "color": "rgb(0,0,255)"}}, {"geometry": {"type": "Polygon", "coordinates": [[[304754.00607978547, 2772769.1900311373], [304763.4615692081, 2772769.227974512], [304763.500591777, 2772759.504373548], [304754.045095616, 2772759.4664302706], [304754.00607978547, 2772769.1900311373]]]}, "properties": {"height": 59.5, "color": "rgb(0,0,255)"}}, {"geometry": {"type": "Polygon", "coordinates": [[[304735.84004446445, 2772749.378714423], [304748.24679380376, 2772749.428485156], [304748.27820356324, 2772741.599599647], [304735.8714471053, 2772741.549829017], [304735.84004446445, 2772749.378714423]]]}, "properties": {"height": 56, "color": "rgb(0,0,255)"}}, {"geometry": {"type": "Polygon", "coordinates": [[[304772.8882709129, 2772683.058156643], [304787.4396955689, 2772683.1165699824], [304787.488058115, 2772671.070487394], [304772.93662061275, 2772671.01207424], [304772.8882709129, 2772683.058156643]]]}, "properties": {"height": 21, "color": "rgb(0,0,255)"}}, {"geometry": {"type": "Polygon", "coordinates": [[[304765.84834003606, 2772721.300404819], [304782.3864818584, 2772721.3667870914], [304782.4179578176, 2772713.52619992], [304765.8798064922, 2772713.459817786], [304765.84834003606, 2772721.300404819]]]}, "properties": {"height": 24.5, "color": "rgb(0,0,255)"}}, {"geometry": {"type": "Polygon", "coordinates": [[[304758.45495653915, 2772684.5000711577], [304772.9324532546, 2772684.5581724145], [304772.9697081395, 2772675.276324388], [304758.4922015759, 2772675.2182232738], [304758.45495653915, 2772684.5000711577]]]}, "properties": {"height": 17.5, "color": "rgb(0,0,255)"}}, {"geometry": {"type": "Polygon", "coordinates": [[[304707.93209190766, 2772717.6105186306], [304715.0447832667, 2772717.6390355015], [304715.1023256071, 2772703.2876960123], [304707.98962676706, 2772703.259179249], [304707.93209190766, 2772717.6105186306]]]}, "properties": {"height": 24.5, "color": "rgb(0,0,255)"}}, {"geometry": {"type": "Polygon", "coordinates": [[[304680.7460152994, 2772847.758480129], [304691.7512710398, 2772847.8025854356], [304691.8747310394, 2772816.999507034], [304680.8694504536, 2772816.955402086], [304680.7460152994, 2772847.758480129]]]}, "properties": {"height": 21, "color": "rgb(0,0,255)"}}, {"geometry": {"type": "Polygon", "coordinates": [[[304658.7425833982, 2772831.2139332085], [304680.49647392414, 2772831.3010882726], [304680.5658337513, 2772813.9922794406], [304658.8119156288, 2772813.905124774], [304658.7425833982, 2772831.2139332085]]]}, "properties": {"height": 17.5, "color": "rgb(0,0,255)"}}, {"geometry": {"type": "Polygon", "coordinates": [[[304705.17765475885, 2772845.1978300363], [304714.25142932625, 2772845.2342101913], [304714.2971328789, 2772833.8359589754], [304705.2233507313, 2772833.7995789303], [304705.17765475885, 2772845.1978300363]]]}, "properties": {"height": 59.5, "color": "rgb(0,0,255)"}}, {"geometry": {"type": "Polygon", "coordinates": [[[304741.6408362848, 2772851.5873347693], [304762.2565893121, 2772851.670055053], [304762.3255262943, 2772834.4925947813], [304741.7097473124, 2772834.409874872], [304741.6408362848, 2772851.5873347693]]]}, "properties": {"height": 10.5, "color": "rgb(0,0,255)"}}, {"geometry": {"type": "Polygon", "coordinates": [[[304646.24170689133, 2772835.055411212], [304656.54941895866, 2772835.09669446], [304656.6012432427, 2772822.158260202], [304646.29352140083, 2772822.1169770947], [304646.24170689133, 2772835.055411212]]]}, "properties": {"height": 24.5, "color": "rgb(0,0,255)"}}, {"geometry": {"type": "Polygon", "coordinates": [[[304661.60246544983, 2772846.92996628], [304676.0136505282, 2772846.98770295], [304676.04953795386, 2772838.0312987864], [304661.6383434156, 2772837.973562253], [304661.60246544983, 2772846.92996628]]]}, "properties": {"height": 24.5, "color": "rgb(0,0,255)"}}, {"geometry": {"type": "Polygon", "coordinates": [[[304643.9029871823, 2772847.005966906], [304658.50483459205, 2772847.0644486067], [304658.5286585955, 2772841.116804459], [304643.92680482066, 2772841.05832285], [304643.9029871823, 2772847.005966906]]]}, "properties": {"height": 24.5, "color": "rgb(0,0,255)"}}, {"geometry": {"type": "Polygon", "coordinates": [[[304208.97970488295, 2772438.543725921], [304252.5889497205, 2772438.7170122503], [304252.7093024828, 2772408.441050133], [304209.09996089403, 2772408.2677651877], [304208.97970488295, 2772438.543725921]]]}, "properties": {"height": 45.5, "color": "rgb(0,0,255)"}}, {"geometry": {"type": "Polygon", "coordinates": [[[304099.17059413926, 2772431.7641937803], [304134.90943385893, 2772431.905907914], [304135.01198406814, 2772406.052229685], [304099.27307664015, 2772405.9105165177], [304099.17059413926, 2772431.7641937803]]]}, "properties": {"height": 56, "color": "rgb(0,0,255)"}}, {"geometry": {"type": "Polygon", "coordinates": [[[304088.7401438454, 2772338.3013233435], [304131.4470441071, 2772338.470639488], [304131.52197308186, 2772319.5785717284], [304088.8150136994, 2772319.4092564275], [304088.7401438454, 2772338.3013233435]]]}, "properties": {"height": 35, "color": "rgb(0,0,255)"}}, {"geometry": {"type": "Polygon", "coordinates": [[[304214.2390123281, 2772609.1647324576], [304251.2147796047, 2772609.311675451], [304251.3654645736, 2772571.406982216], [304214.3895945854, 2772571.260040691], [304214.2390123281, 2772609.1647324576]]]}, "properties": {"height": 45.5, "color": "rgb(0,0,255)"}}, {"geometry": {"type": "Polygon", "coordinates": [[[304211.0295074515, 2772555.924110013], [304260.5561858426, 2772556.1209375965], [304260.7241268124, 2772513.8818300045], [304211.1972951172, 2772513.685004614], [304211.0295074515, 2772555.924110013]]]}, "properties": {"height": 24.5, "color": "rgb(0,0,255)"}}, {"geometry": {"type": "Polygon", "coordinates": [[[304211.9788399176, 2772646.892110173], [304246.32503325597, 2772647.028596263], [304246.4348368887, 2772619.405558764], [304212.0885740211, 2772619.269073668], [304211.9788399176, 2772646.892110173]]]}, "properties": {"height": 49, "color": "rgb(0,0,255)"}}, {"geometry": {"type": "Polygon", "coordinates": [[[304209.4832914, 2772539.4542102907], [304227.2423765971, 2772539.524764806], [304227.47139024717, 2772481.889241839], [304209.71223004226, 2772481.818688395], [304209.4832914, 2772539.4542102907]]]}, "properties": {"height": 38.5, "color": "rgb(0,0,255)"}}, {"geometry": {"type": "Polygon", "coordinates": [[[304102.5117684173, 2772700.749847604], [304116.71229021484, 2772700.8061549845], [304116.8890672563, 2772656.2291267402], [304102.688499067, 2772656.1728200214], [304102.5117684173, 2772700.749847604]]]}, "properties": {"height": 59.5, "color": "rgb(0,0,255)"}}, {"geometry": {"type": "Polygon", "coordinates": [[[304097.2070984955, 2772619.398073615], [304128.6633066414, 2772619.5228061005], [304128.8271809215, 2772578.2071743123], [304097.37087753287, 2772578.0824431856], [304097.2070984955, 2772619.398073615]]]}, "properties": {"height": 28, "color": "rgb(0,0,255)"}}, {"geometry": {"type": "Polygon", "coordinates": [[[304095.2911581155, 2772636.596618961], [304138.18070512667, 2772636.766700914], [304138.240011963, 2772621.817189262], [304095.350417963, 2772621.6471079793], [304095.2911581155, 2772636.596618961]]]}, "properties": {"height": 49, "color": "rgb(0,0,255)"}}, {"geometry": {"type": "Polygon", "coordinates": [[[304104.8268079043, 2772550.9847535444], [304132.8574470147, 2772551.095911722], [304132.95722074225, 2772525.9424849167], [304104.9265299628, 2772525.831327476], [304104.8268079043, 2772550.9847535444]]]}, "properties": {"height": 42, "color": "rgb(0,0,255)"}}, {"geometry": {"type": "Polygon", "coordinates": [[[304213.3875276768, 2772725.2344557154], [304251.92911828606, 2772725.3876284463], [304252.05869962473, 2772692.7935484084], [304213.5170169495, 2772692.6403769944], [304213.3875276768, 2772725.2344557154]]]}, "properties": {"height": 45.5, "color": "rgb(0,0,255)"}}, {"geometry": {"type": "Polygon", "coordinates": [[[304004.6518977017, 2772754.688285549], [304073.51223898574, 2772754.960978175], [304073.58401040407, 2772736.848744867], [304004.72357771336, 2772736.576053543], [304004.6518977017, 2772754.688285549]]]}, "properties": {"height": 24.5, "color": "rgb(0,0,255)"}}, {"geometry": {"type": "Polygon", "coordinates": [[[304301.22413600434, 2772369.422703608], [304396.55849499983, 2772369.802339834], [304396.6604725834, 2772344.216030723], [304301.32593484654, 2772343.8363970583], [304301.22413600434, 2772369.422703608]]]}, "properties": {"height": 24.5, "color": "rgb(0,0,255)"}}, {"geometry": {"type": "Polygon", "coordinates": [[[304502.5617219488, 2772431.5686097587], [304546.61280035705, 2772431.74459953], [304546.7468241439, 2772398.211163972], [304502.6956374893, 2772398.0351757575], [304502.5617219488, 2772431.5686097587]]]}, "properties": {"height": 21, "color": "rgb(0,0,255)"}}, {"geometry": {"type": "Polygon", "coordinates": [[[304264.50997099176, 2772329.865871418], [304317.2659458615, 2772330.0757262935], [304317.32100494753, 2772316.2409661594], [304264.5649765961, 2772316.03111205], [304264.50997099176, 2772329.865871418]]]}, "properties": {"height": 38.5, "color": "rgb(0,0,255)"}}, {"geometry": {"type": "Polygon", "coordinates": [[[304268.1069238252, 2772512.458949656], [304380.77652006777, 2772512.907441984], [304380.8387265317, 2772497.2961723143], [304268.16900139325, 2772496.8476818334], [304268.1069238252, 2772512.458949656]]]}, "properties": {"height": 14, "color": "rgb(0,0,255)"}}, {"geometry": {"type": "Polygon", "coordinates": [[[304000.9123506973, 2772947.0560656535], [304083.3642895175, 2772947.382626364], [304083.4456898174, 2772926.8458033744], [304000.99362688774, 2772926.5192444315], [304000.9123506973, 2772947.0560656535]]]}, "properties": {"height": 3.5, "color": "rgb(0,0,255)"}}, {"geometry": {"type": "Polygon", "coordinates": [[[304085.0933259615, 2772935.1416503885], [304106.9822710711, 2772935.228430192], [304107.1155888592, 2772901.6075659874], [304085.2265898107, 2772901.520786953], [304085.0933259615, 2772935.1416503885]]]}, "properties": {"height": 3.5, "color": "rgb(0,0,255)"}}, {"geometry": {"type": "Polygon", "coordinates": [[[305241.52615023754, 2772572.2363112574], [305361.32696492417, 2772572.7217778945], [305361.7842962351, 2772459.9840207], [305241.98249179247, 2772459.4985684943], [305241.52615023754, 2772572.2363112574]]]}, "properties": {"height": 24.5, "color": "rgb(0,0,255)"}}, {"geometry": {"type": "Polygon", "coordinates": [[[305282.31977040286, 2772606.399837045], [305363.78215557046, 2772606.7300792634], [305364.0753239423, 2772534.4651986], [305282.6125073625, 2772534.1349626747], [305282.31977040286, 2772606.399837045]]]}, "properties": {"height": 21, "color": "rgb(0,0,255)"}}, {"geometry": {"type": "Polygon", "coordinates": [[[305162.2338694567, 2772617.332892344], [305214.27629578253, 2772617.5433552377], [305214.4865920601, 2772565.566181918], [305162.4439674988, 2772565.355721909], [305162.2338694567, 2772617.332892344]]]}, "properties": {"height": 21, "color": "rgb(0,0,255)"}}, {"geometry": {"type": "Polygon", "coordinates": [[[305162.3674592816, 2772742.3583027925], [305228.45048333425, 2772742.625595113], [305228.59795843094, 2772706.1867276765], [305162.5147579006, 2772705.919437925], [305162.3674592816, 2772742.3583027925]]]}, "properties": {"height": 45.5, "color": "rgb(0,0,255)"}}, {"geometry": {"type": "Polygon", "coordinates": [[[305232.2412513934, 2772741.17695168], [305269.9506352609, 2772741.3296322264], [305270.10892838065, 2772702.2471227674], [305232.39943650254, 2772702.0944437943], [305232.2412513934, 2772741.17695168]]]}, "properties": {"height": 38.5, "color": "rgb(0,0,255)"}}, {"geometry": {"type": "Polygon", "coordinates": [[[305434.7595724529, 2772335.139666817], [305489.78817164985, 2772335.3632849827], [305489.9335157651, 2772299.6141086384], [305434.9047724174, 2772299.390492581], [305434.7595724529, 2772335.139666817]]]}, "properties": {"height": 42, "color": "rgb(0,0,255)"}}, {"geometry": {"type": "Polygon", "coordinates": [[[305458.39265401143, 2772396.4531906527], [305504.50634011306, 2772396.6406510375], [305504.67170982447, 2772355.9777063676], [305458.5578863181, 2772355.790247993], [305458.39265401143, 2772396.4531906527]]]}, "properties": {"height": 35, "color": "rgb(0,0,255)"}}, {"geometry": {"type": "Polygon", "coordinates": [[[305463.85009784804, 2772669.4143119957], [305508.8419454416, 2772669.597248532], [305509.0390899181, 2772621.1303212605], [305464.0470825158, 2772620.9473870625], [305463.85009784804, 2772669.4143119957]]]}, "properties": {"height": 42, "color": "rgb(0,0,255)"}}, {"geometry": {"type": "Polygon", "coordinates": [[[305539.77661894704, 2772575.425700254], [305598.1515703268, 2772575.6633966286], [305598.3306436419, 2772531.708222814], [305539.9555042259, 2772531.4705291945], [305539.77661894704, 2772575.425700254]]]}, "properties": {"height": 35, "color": "rgb(0,0,255)"}}, {"geometry": {"type": "Polygon", "coordinates": [[[305412.8866994889, 2772568.740385609], [305444.93415688304, 2772568.870550093], [305445.09713367524, 2772528.7557858624], [305413.0495820701, 2772528.625622756], [305412.8866994889, 2772568.740385609]]]}, "properties": {"height": 52.5, "color": "rgb(0,0,255)"}}, {"geometry": {"type": "Polygon", "coordinates": [[[305422.5444924114, 2772702.601737208], [305454.4256633617, 2772702.7312557786], [305454.556474834, 2772670.5409170506], [305422.6752286716, 2772670.411399579], [305422.5444924114, 2772702.601737208]]]}, "properties": {"height": 59.5, "color": "rgb(0,0,255)"}}, {"geometry": {"type": "Polygon", "coordinates": [[[305525.2860190367, 2772548.8551334552], [305558.2423050804, 2772548.9892606763], [305558.42803046684, 2772503.3680177354], [305525.4716342425, 2772503.2338921283], [305525.2860190367, 2772548.8551334552]]]}, "properties": {"height": 38.5, "color": "rgb(0,0,255)"}}, {"geometry": {"type": "Polygon", "coordinates": [[[305352.62269564084, 2772719.374502755], [305414.0228707711, 2772719.623697032], [305414.1373437132, 2772691.433651874], [305352.7370417311, 2772691.1844594493], [305352.62269564084, 2772719.374502755]]]}, "properties": {"height": 38.5, "color": "rgb(0,0,255)"}}, {"geometry": {"type": "Polygon", "coordinates": [[[304848.5811666301, 2772340.6574373655], [304881.7380478098, 2772340.7907258044], [304881.8692297232, 2772308.1675432804], [304848.71226928185, 2772308.0342559884], [304848.5811666301, 2772340.6574373655]]]}, "properties": {"height": 35, "color": "rgb(0,0,255)"}}, {"geometry": {"type": "Polygon", "coordinates": [[[304798.65496829647, 2772333.98073258], [304835.8262412616, 2772334.130027694], [304835.91052501457, 2772313.1522242404], [304798.7391949108, 2772313.002929952], [304798.65496829647, 2772333.98073258]]]}, "properties": {"height": 49, "color": "rgb(0,0,255)"}}, {"geometry": {"type": "Polygon", "coordinates": [[[304923.1623230808, 2772415.7279510074], [304938.2035901285, 2772415.788489964], [304938.3493089954, 2772379.5884980946], [304923.30800204806, 2772379.5279597165], [304923.1623230808, 2772415.7279510074]]]}, "properties": {"height": 38.5, "color": "rgb(0,0,255)"}}, {"geometry": {"type": "Polygon", "coordinates": [[[304947.5301441777, 2772333.481707304], [304967.66809968353, 2772333.5627966817], [304967.7698971207, 2772308.286669255], [304947.63190431666, 2772308.2055804175], [304947.5301441777, 2772333.481707304]]]}, "properties": {"height": 38.5, "color": "rgb(0,0,255)"}}, {"geometry": {"type": "Polygon", "coordinates": [[[304949.2239985816, 2772412.210388281], [304964.00878545374, 2772412.269922947], [304964.2583882108, 2772350.291482636], [304949.47353419114, 2772350.2319489424], [304949.2239985816, 2772412.210388281]]]}, "properties": {"height": 21, "color": "rgb(0,0,255)"}}, {"geometry": {"type": "Polygon", "coordinates": [[[304929.8432176705, 2772347.6908643316], [304951.9829344892, 2772347.7799876435], [304952.04796829633, 2772331.6277160677], [304929.90822527336, 2772331.5385931362], [304929.8432176705, 2772347.6908643316]]]}, "properties": {"height": 42, "color": "rgb(0,0,255)"}}, {"geometry": {"type": "Polygon", "coordinates": [[[304925.8204437618, 2772532.4440613408], [304962.9966591044, 2772532.5937348637], [304963.094560737, 2772508.2848520246], [304925.9182791685, 2772508.135179461], [304925.8204437618, 2772532.4440613408]]]}, "properties": {"height": 38.5, "color": "rgb(0,0,255)"}}, {"geometry": {"type": "Polygon", "coordinates": [[[304978.11166632466, 2772520.259745559], [305009.4768827274, 2772520.38613654], [305009.61499404215, 2772486.1219728948], [304978.2496988834, 2772485.995583056], [304978.11166632466, 2772520.259745559]]]}, "properties": {"height": 24.5, "color": "rgb(0,0,255)"}}, {"geometry": {"type": "Polygon", "coordinates": [[[304863.0113628831, 2772521.526408041], [304884.2947297238, 2772521.6119853416], [304884.41933199, 2772490.6288234014], [304863.1359168254, 2772490.5432468], [304863.0113628831, 2772521.526408041]]]}, "properties": {"height": 38.5, "color": "rgb(0,0,255)"}}, {"geometry": {"type": "Polygon", "coordinates": [[[304761.50660478347, 2772489.819581077], [304842.99727016425, 2772490.1468125363], [304843.05486574705, 2772475.814368623], [304761.564114777, 2772475.4871384003], [304761.50660478347, 2772489.819581077]]]}, "properties": {"height": 14, "color": "rgb(0,0,255)"}}, {"geometry": {"type": "Polygon", "coordinates": [[[304932.15241764183, 2772746.506832584], [304964.91053957614, 2772746.6387400953], [304965.03975416574, 2772714.558771853], [304932.2815552141, 2772714.4268654576], [304932.15241764183, 2772746.506832584]]]}, "properties": {"height": 35, "color": "rgb(0,0,255)"}}, {"geometry": {"type": "Polygon", "coordinates": [[[304862.0385374819, 2772671.008088302], [304885.08093862166, 2772671.1007439457], [304885.1512300441, 2772653.6236876925], [304862.1087993909, 2772653.5310324747], [304862.0385374819, 2772671.008088302]]]}, "properties": {"height": 42, "color": "rgb(0,0,255)"}}, {"geometry": {"type": "Polygon", "coordinates": [[[304892.12184123043, 2772641.8349273372], [304919.1207635168, 2772641.943554652], [304919.24302704714, 2772611.562715194], [304892.2440446485, 2772611.45408875], [304892.12184123043, 2772641.8349273372]]]}, "properties": {"height": 17.5, "color": "rgb(0,0,255)"}}, {"geometry": {"type": "Polygon", "coordinates": [[[304762.1691869967, 2772852.312793755], [304845.0186201809, 2772852.6455390663], [304845.08837422665, 2772835.2907193713], [304762.23883566086, 2772834.9579755818], [304762.1691869967, 2772852.312793755]]]}, "properties": {"height": 14, "color": "rgb(0,0,255)"}}, {"geometry": {"type": "Polygon", "coordinates": [[[304980.48267605476, 2772410.768173266], [305094.20154834655, 2772411.2267633006], [305094.2736776756, 2772393.3588978844], [304980.5546564881, 2772392.900310012], [304980.48267605476, 2772410.768173266]]]}, "properties": {"height": 24.5, "color": "rgb(0,0,255)"}}, {"geometry": {"type": "Polygon", "coordinates": [[[305146.5510312304, 2772457.9269865565], [305211.8920822149, 2772458.191169412], [305212.0185981314, 2772426.9180021], [305146.6773974054, 2772426.6538214236], [305146.5510312304, 2772457.9269865565]]]}, "properties": {"height": 21, "color": "rgb(0,0,255)"}}, {"geometry": {"type": "Polygon", "coordinates": [[[304981.8244529673, 2772392.4829811566], [305094.26758883806, 2772392.9364289697], [305094.3395469327, 2772375.1108694435], [304981.89626418636, 2772374.657423761], [304981.8244529673, 2772392.4829811566]]]}, "properties": {"height": 21, "color": "rgb(0,0,255)"}}, {"geometry": {"type": "Polygon", "coordinates": [[[304982.5851099095, 2772445.6604843037], [305062.5265030153, 2772445.982779103], [305062.5954080525, 2772428.9040618837], [304982.65391489834, 2772428.581768536], [304982.5851099095, 2772445.6604843037]]]}, "properties": {"height": 21, "color": "rgb(0,0,255)"}}, {"geometry": {"type": "Polygon", "coordinates": [[[305124.2430186091, 2772336.393825998], [305147.1812776941, 2772336.486490785], [305147.251611021, 2772319.0797356805], [305124.31332267815, 2772318.987071318], [305124.2430186091, 2772336.393825998]]]}, "properties": {"height": 56, "color": "rgb(0,0,255)"}}, {"geometry": {"type": "Polygon", "coordinates": [[[305112.79048618744, 2772411.3271424007], [305170.1496690309, 2772411.5588903762], [305170.22421966976, 2772393.1166408556], [305112.8649593098, 2772392.884894007], [305112.79048618744, 2772411.3271424007]]]}, "properties": {"height": 21, "color": "rgb(0,0,255)"}}, {"geometry": {"type": "Polygon", "coordinates": [[[305070.3328966135, 2772465.5243120273], [305097.3685537406, 2772465.6334323254], [305097.5161533402, 2772429.0728865033], [305070.4804237804, 2772428.9637672575], [305070.3328966135, 2772465.5243120273]]]}, "properties": {"height": 21, "color": "rgb(0,0,255)"}}, {"geometry": {"type": "Polygon", "coordinates": [[[305107.7300712105, 2772390.5842743465], [305145.44798257656, 2772390.7366233836], [305145.5244194352, 2772371.8191303518], [305107.80645578325, 2772371.6667820746], [305107.7300712105, 2772390.5842743465]]]}, "properties": {"height": 24.5, "color": "rgb(0,0,255)"}}, {"geometry": {"type": "Polygon", "coordinates": [[[305157.9922046685, 2772355.439779113], [305188.9948803933, 2772355.56510891], [305189.07715939777, 2772335.217501303], [305158.07443744777, 2772335.0921721784], [305157.9922046685, 2772355.439779113]]]}, "properties": {"height": 24.5, "color": "rgb(0,0,255)"}}, {"geometry": {"type": "Polygon", "coordinates": [[[305170.6488964899, 2772409.5304666376], [305199.4882639829, 2772409.647078203], [305199.5428513373, 2772396.1505001155], [305170.7034553219, 2772396.033888965], [305170.6488964899, 2772409.5304666376]]]}, "properties": {"height": 38.5, "color": "rgb(0,0,255)"}}, {"geometry": {"type": "Polygon", "coordinates": [[[305113.1183173567, 2772354.073949634], [305172.3197001724, 2772354.313140439], [305172.5092876294, 2772307.413736112], [305113.3077013607, 2772307.174548266], [305113.1183173567, 2772354.073949634]]]}, "properties": {"height": 49, "color": "rgb(0,0,255)"}}, {"geometry": {"type": "Polygon", "coordinates": [[[305114.5134852924, 2772573.5426641004], [305186.4656001079, 2772573.833438718], [305186.76242705196, 2772500.430653162], [305114.80992519454, 2772500.1398841725], [305114.5134852924, 2772573.5426641004]]]}, "properties": {"height": 24.5, "color": "rgb(0,0,255)"}}, {"geometry": {"type": "Polygon", "coordinates": [[[305012.09228659596, 2772501.6679223445], [305090.5950425648, 2772501.984589937], [305090.66403805884, 2772484.89255743], [305012.16118376324, 2772484.575891265], [305012.09228659596, 2772501.6679223445]]]}, "properties": {"height": 24.5, "color": "rgb(0,0,255)"}}, {"geometry": {"type": "Polygon", "coordinates": [[[305010.797450357, 2772519.532481101], [305065.99865650944, 2772519.7551032263], [305066.0655250295, 2772503.1827026396], [305010.86425183766, 2772502.9600814874], [305010.797450357, 2772519.532481101]]]}, "properties": {"height": 24.5, "color": "rgb(0,0,255)"}}, {"geometry": {"type": "Polygon", "coordinates": [[[305121.1192311772, 2772744.7076414935], [305146.4642765012, 2772744.8100426774], [305146.610520363, 2772708.6217100304], [305121.2654078193, 2772708.519309823], [305121.1192311772, 2772744.7076414935]]]}, "properties": {"height": 35, "color": "rgb(0,0,255)"}}, {"geometry": {"type": "Polygon", "coordinates": [[[305054.518893971, 2772664.245576685], [305084.17986374, 2772664.365271414], [305084.36284415354, 2772619.0336457198], [305054.70177584584, 2772618.913952421], [305054.518893971, 2772664.245576685]]]}, "properties": {"height": 21, "color": "rgb(0,0,255)"}}, {"geometry": {"type": "Polygon", "coordinates": [[[305157.71686945716, 2772691.2633263483], [305179.79664726555, 2772691.3525895383], [305179.97033120337, 2772648.3991255467], [305157.8904838896, 2772648.309863368], [305157.71686945716, 2772691.2633263483]]]}, "properties": {"height": 21, "color": "rgb(0,0,255)"}}, {"geometry": {"type": "Polygon", "coordinates": [[[305160.5252612086, 2772688.582120513], [305179.7980295137, 2772688.6600375427], [305179.94982118905, 2772651.120703529], [305160.676999862, 2772651.042787271], [305160.5252612086, 2772688.582120513]]]}, "properties": {"height": 21, "color": "rgb(0,0,255)"}}, {"geometry": {"type": "Polygon", "coordinates": [[[304996.0350894551, 2772720.8687226074], [305038.7823064811, 2772721.041067265], [305038.83809023333, 2772707.210179309], [304996.0908298772, 2772707.0378352795], [304996.0350894551, 2772720.8687226074]]]}, "properties": {"height": 24.5, "color": "rgb(0,0,255)"}}, {"geometry": {"type": "Polygon", "coordinates": [[[305055.8151112946, 2772837.2185777253], [305084.3482713342, 2772837.3337309607], [305084.44653229136, 2772812.992418051], [305055.91332134843, 2772812.877265555], [305055.8151112946, 2772837.2185777253]]]}, "properties": {"height": 42, "color": "rgb(0,0,255)"}}, {"geometry": {"type": "Polygon", "coordinates": [[[304991.7304312524, 2772835.934159777], [305013.0106236887, 2772836.0199360764], [305013.1092347589, 2772811.560203807], [304991.8290041739, 2772811.474428061], [304991.7304312524, 2772835.934159777]]]}, "properties": {"height": 42, "color": "rgb(0,0,255)"}}, {"geometry": {"type": "Polygon", "coordinates": [[[305263.2343327357, 2772419.330667638], [305304.460180493, 2772419.497662794], [305304.64494309505, 2772373.90224249], [305263.4189575954, 2772373.735249343], [305263.2343327357, 2772419.330667638]]]}, "properties": {"height": 24.5, "color": "rgb(0,0,255)"}}, {"geometry": {"type": "Polygon", "coordinates": [[[305295.20021759626, 2772333.029709916], [305324.98984629504, 2772333.1504329448], [305325.0969865966, 2772306.7194798607], [305295.30730020255, 2772306.598757674], [305295.20021759626, 2772333.029709916]]]}, "properties": {"height": 45.5, "color": "rgb(0,0,255)"}}, {"geometry": {"type": "Polygon", "coordinates": [[[305348.3462741595, 2772388.0113464096], [305381.3971351998, 2772388.145421309], [305381.5622423226, 2772347.456659859], [305348.51128273865, 2772347.322586398], [305348.3462741595, 2772388.0113464096]]]}, "properties": {"height": 24.5, "color": "rgb(0,0,255)"}}, {"geometry": {"type": "Polygon", "coordinates": [[[305302.73272086587, 2772403.145751424], [305348.6285929272, 2772403.3318030685], [305348.8305098977, 2772353.5424511787], [305302.93447038706, 2772353.3564019776], [305302.73272086587, 2772403.145751424]]]}, "properties": {"height": 14, "color": "rgb(0,0,255)"}}, {"geometry": {"type": "Polygon", "coordinates": [[[305345.80637829495, 2772344.421763436], [305370.5540340512, 2772344.522141428], [305370.6749252731, 2772314.7235703785], [305345.92721547955, 2772314.623193175], [305345.80637829495, 2772344.421763436]]]}, "properties": {"height": 35, "color": "rgb(0,0,255)"}}, {"geometry": {"type": "Polygon", "coordinates": [[[305243.43034986407, 2772440.117121982], [305274.7447151721, 2772440.24391258], [305274.8885078791, 2772404.7402645955], [305243.5740611012, 2772404.613475184], [305243.43034986407, 2772440.117121982]]]}, "properties": {"height": 24.5, "color": "rgb(0,0,255)"}}, {"geometry": {"type": "Polygon", "coordinates": [[[305203.1032265845, 2772565.2331110095], [305252.8750537183, 2772565.434532059], [305253.0688078949, 2772517.578394296], [305203.29680620966, 2772517.3769757887], [305203.1032265845, 2772565.2331110095]]]}, "properties": {"height": 14, "color": "rgb(0,0,255)"}}, {"geometry": {"type": "Polygon", "coordinates": [[[305237.69479972887, 2772538.4388056565], [305268.90360598144, 2772538.565160711], [305269.0137749043, 2772511.3617730564], [305237.8049064361, 2772511.235418908], [305237.69479972887, 2772538.4388056565]]]}, "properties": {"height": 24.5, "color": "rgb(0,0,255)"}}, {"geometry": {"type": "Polygon", "coordinates": [[[305347.04759783327, 2772597.010978246], [305379.84806580364, 2772597.1440453823], [305379.97411185823, 2772566.0832822816], [305347.1735692255, 2772565.950216235], [305347.04759783327, 2772597.010978246]]]}, "properties": {"height": 21, "color": "rgb(0,0,255)"}}, {"geometry": {"type": "Polygon", "coordinates": [[[305322.02942272765, 2772611.474271586], [305355.5083222035, 2772611.6100312946], [305355.6161215545, 2772585.0341905304], [305322.1371568752, 2772584.8984317733], [305322.02942272765, 2772611.474271586]]]}, "properties": {"height": 17.5, "color": "rgb(0,0,255)"}}, {"geometry": {"type": "Polygon", "coordinates": [[[305309.22146722674, 2772674.9070743835], [305376.0950988538, 2772675.178278618], [305376.205634564, 2772647.9386790586], [305309.33186943765, 2772647.6674767723], [305309.22146722674, 2772674.9070743835]]]}, "properties": {"height": 21, "color": "rgb(0,0,255)"}}, {"geometry": {"type": "Polygon", "coordinates": [[[305312.50650583365, 2772708.99350332], [305346.00969665695, 2772709.1293436177], [305346.0912709123, 2772689.0161672495], [305312.58803070383, 2772688.8803276727], [305312.50650583365, 2772708.99350332]]]}, "properties": {"height": 45.5, "color": "rgb(0,0,255)"}}, {"geometry": {"type": "Polygon", "coordinates": [[[305285.5315441006, 2772733.2038545096], [305309.96644358314, 2772733.302871549], [305310.10717872466, 2772698.5804691613], [305285.67221706174, 2772698.481453028], [305285.5315441006, 2772733.2038545096]]]}, "properties": {"height": 35, "color": "rgb(0,0,255)"}}, {"geometry": {"type": "Polygon", "coordinates": [[[305220.75408201636, 2772664.9358967645], [305275.54242284456, 2772665.157709089], [305275.6220702271, 2772645.494240554], [305220.83365044557, 2772645.2724293796], [305220.75408201636, 2772664.9358967645]]]}, "properties": {"height": 24.5, "color": "rgb(0,0,255)"}}, {"geometry": {"type": "Polygon", "coordinates": [[[305337.43397199013, 2772620.1250515995], [305383.04244236764, 2772620.3100701286], [305383.1553871577, 2772592.47965689], [305337.5468237596, 2772592.294639719], [305337.43397199013, 2772620.1250515995]]]}, "properties": {"height": 21, "color": "rgb(0,0,255)"}}, {"geometry": {"type": "Polygon", "coordinates": [[[305349.2913322838, 2772646.3959216787], [305394.0041683323, 2772646.577346251], [305394.08566915186, 2772626.4991712132], [305349.372767311, 2772626.317747602], [305349.2913322838, 2772646.3959216787]]]}, "properties": {"height": 24.5, "color": "rgb(0,0,255)"}}, {"geometry": {"type": "Polygon", "coordinates": [[[305311.12928897433, 2772676.596537326], [305376.43289842876, 2772676.8613799326], [305376.49374257587, 2772661.8675329094], [305311.1900613627, 2772661.6026913496], [305311.12928897433, 2772676.596537326]]]}, "properties": {"height": 21, "color": "rgb(0,0,255)"}}, {"geometry": {"type": "Polygon", "coordinates": [[[305225.7311841563, 2772685.6863192893], [305270.1233112224, 2772685.866043024], [305270.1974791596, 2772667.553712939], [305225.8052925169, 2772667.373990072], [305225.7311841563, 2772685.6863192893]]]}, "properties": {"height": 24.5, "color": "rgb(0,0,255)"}}, {"geometry": {"type": "Polygon", "coordinates": [[[305316.75686357217, 2772726.908728225], [305342.0221619308, 2772727.0111685875], [305342.08838149003, 2772710.6828428465], [305316.8230528971, 2772710.580402925], [305316.75686357217, 2772726.908728225]]]}, "properties": {"height": 45.5, "color": "rgb(0,0,255)"}}, {"geometry": {"type": "Polygon", "coordinates": [[[305269.632602133, 2772628.7430205536], [305291.30242117104, 2772628.8308015116], [305291.4302676665, 2772597.2763243737], [305269.76039851765, 2772597.188544146], [305269.632602133, 2772628.7430205536]]]}, "properties": {"height": 24.5, "color": "rgb(0,0,255)"}}, {"geometry": {"type": "Polygon", "coordinates": [[[305184.63501772494, 2772686.0925625144], [305226.84530140867, 2772686.263322491], [305226.9128979739, 2772669.560416796], [305184.7025626204, 2772669.389657571], [305184.63501772494, 2772686.0925625144]]]}, "properties": {"height": 24.5, "color": "rgb(0,0,255)"}}, {"geometry": {"type": "Polygon", "coordinates": [[[305446.9451814871, 2772368.8248374476], [305485.5191387367, 2772368.9816027], [305485.6561493462, 2772335.2800385957], [305447.08209683606, 2772335.123274736], [305446.9451814871, 2772368.8248374476]]]}, "properties": {"height": 35, "color": "rgb(0,0,255)"}}, {"geometry": {"type": "Polygon", "coordinates": [[[305496.7542191087, 2772383.9293104364], [305534.11768120463, 2772384.0812918516], [305534.30682134465, 2772337.597921836], [305496.9432319819, 2772337.445942284], [305496.7542191087, 2772383.9293104364]]]}, "properties": {"height": 24.5, "color": "rgb(0,0,255)"}}, {"geometry": {"type": "Polygon", "coordinates": [[[305546.5738032727, 2772348.2620903277], [305617.25744724064, 2772348.549946596], [305617.409242026, 2772311.2999062315], [305546.72540512326, 2772311.012052792], [305546.5738032727, 2772348.2620903277]]]}, "properties": {"height": 10.5, "color": "rgb(0,0,255)"}}, {"geometry": {"type": "Polygon", "coordinates": [[[305498.3295974265, 2772334.0561313825], [305536.2774916143, 2772334.210492096], [305536.39363251615, 2772305.668138744], [305498.44565896125, 2772305.5137791927], [305498.3295974265, 2772334.0561313825]]]}, "properties": {"height": 24.5, "color": "rgb(0,0,255)"}}, {"geometry": {"type": "Polygon", "coordinates": [[[305395.677437788, 2772519.928173112], [305442.0463853449, 2772520.1164680887], [305442.1778161464, 2772487.7640778357], [305395.8087586562, 2772487.5757844653], [305395.677437788, 2772519.928173112]]]}, "properties": {"height": 21, "color": "rgb(0,0,255)"}}, {"geometry": {"type": "Polygon", "coordinates": [[[305548.5006213927, 2772541.565368713], [305566.92277339485, 2772541.640365455], [305567.01727807603, 2772518.430052951], [305548.59509473946, 2772518.355056669], [305548.5006213927, 2772541.565368713]]]}, "properties": {"height": 38.5, "color": "rgb(0,0,255)"}}, {"geometry": {"type": "Polygon", "coordinates": [[[305564.64507730346, 2772530.8604070065], [305583.5646958487, 2772530.9374513254], [305583.6484817489, 2772510.365746791], [305564.72883468156, 2772510.28870289], [305564.64507730346, 2772530.8604070065]]]}, "properties": {"height": 38.5, "color": "rgb(0,0,255)"}}, {"geometry": {"type": "Polygon", "coordinates": [[[305437.0235155213, 2772701.7451072214], [305457.7335242307, 2772701.829255951], [305457.8328210273, 2772677.3955895277], [305437.122775233, 2772677.3114413405], [305437.0235155213, 2772701.7451072214]]]}, "properties": {"height": 59.5, "color": "rgb(0,0,255)"}}, {"geometry": {"type": "Polygon", "coordinates": [[[305463.3746814504, 2772664.5295907063], [305490.4364099412, 2772664.6396045624], [305490.54809999734, 2772637.1721288725], [305463.4863170317, 2772637.062115813], [305463.3746814504, 2772664.5295907063]]]}, "properties": {"height": 38.5, "color": "rgb(0,0,255)"}}, {"geometry": {"type": "Polygon", "coordinates": [[[305469.97980319575, 2772699.762393603], [305504.5729073458, 2772699.90305303], [305504.69270176056, 2772670.450424966], [305470.0995229414, 2772670.309766632], [305469.97980319575, 2772699.762393603]]]}, "properties": {"height": 28, "color": "rgb(0,0,255)"}}, {"geometry": {"type": "Polygon", "coordinates": [[[305458.9985446781, 2772641.709506996], [305479.3004476244, 2772641.7920278693], [305479.3603404639, 2772627.0597656197], [305459.05841559835, 2772626.977245067], [305458.9985446781, 2772641.709506996]]]}, "properties": {"height": 49, "color": "rgb(0,0,255)"}}, {"geometry": {"type": "Polygon", "coordinates": [[[304927.7115077901, 2772684.4341129055], [304961.20689291274, 2772684.5689757327], [304961.5635595546, 2772596.0106648346], [304928.06795704446, 2772595.8758051563], [304927.7115077901, 2772684.4341129055]]]}, "properties": {"height": 52.5, "color": "rgb(0,0,255)"}}, {"geometry": {"type": "Polygon", "coordinates": [[[304983.4476572055, 2772687.19820078], [305086.552166915, 2772687.6140161087], [305086.91403660236, 2772597.968351236], [304983.8088495201, 2772597.552545736], [304983.4476572055, 2772687.19820078]]]}, "properties": {"height": 14, "color": "rgb(0,0,255)"}}, {"geometry": {"type": "Polygon", "coordinates": [[[304852.97800491133, 2772385.2378805582], [304882.88563156297, 2772385.358115485], [304882.9538902658, 2772368.38380162], [304853.0462264138, 2772368.263567232], [304852.97800491133, 2772385.2378805582]]]}, "properties": {"height": 24.5, "color": "rgb(0,0,255)"}}, {"geometry": {"type": "Polygon", "coordinates": [[[304848.3577247739, 2772341.243832676], [304863.68751886726, 2772341.305447172], [304863.74821047304, 2772326.207341028], [304848.4183994198, 2772326.1457267776], [304848.3577247739, 2772341.243832676]]]}, "properties": {"height": 42, "color": "rgb(0,0,255)"}}, {"geometry": {"type": "Polygon", "coordinates": [[[304925.3844581017, 2772348.389274067], [304937.65212788025, 2772348.4386490756], [304937.7316284248, 2772328.688155817], [304925.4639408918, 2772328.638781066], [304925.3844581017, 2772348.389274067]]]}, "properties": {"height": 35, "color": "rgb(0,0,255)"}}, {"geometry": {"type": "Polygon", "coordinates": [[[304923.22882000037, 2772379.2733225175], [304944.0432809368, 2772379.357101007], [304944.14017097076, 2772355.289586616], [304923.3256733258, 2772355.2058086586], [304923.22882000037, 2772379.2733225175]]]}, "properties": {"height": 17.5, "color": "rgb(0,0,255)"}}, {"geometry": {"type": "Polygon", "coordinates": [[[304799.7799855976, 2772425.5413321145], [304817.21071714116, 2772425.611332559], [304817.32665395807, 2772396.746486413], [304799.89588554535, 2772396.6764865015], [304799.7799855976, 2772425.5413321145]]]}, "properties": {"height": 17.5, "color": "rgb(0,0,255)"}}, {"geometry": {"type": "Polygon", "coordinates": [[[304922.12451760407, 2772328.9154804563], [304945.96372723236, 2772329.011432331], [304946.053704967, 2772306.6612611692], [304922.2144562965, 2772306.5653098607], [304922.12451760407, 2772328.9154804563]]]}, "properties": {"height": 10.5, "color": "rgb(0,0,255)"}}, {"geometry": {"type": "Polygon", "coordinates": [[[304799.76583928854, 2772355.4412859925], [304831.6869960503, 2772355.5694920677], [304831.74367333524, 2772341.461875627], [304799.8224835746, 2772341.333670028], [304799.76583928854, 2772355.4412859925]]]}, "properties": {"height": 14, "color": "rgb(0,0,255)"}}, {"geometry": {"type": "Polygon", "coordinates": [[[304826.50827278337, 2772427.077044491], [304841.9422234278, 2772427.139055155], [304842.0212019752, 2772407.4846372586], [304826.58722910186, 2772407.4226269154], [304826.50827278337, 2772427.077044491]]]}, "properties": {"height": 14, "color": "rgb(0,0,255)"}}, {"geometry": {"type": "Polygon", "coordinates": [[[304865.16878560587, 2772367.9178312575], [304882.5798763846, 2772367.9878345733], [304882.6465654606, 2772351.403640017], [304865.2354535231, 2772351.3336370075], [304865.16878560587, 2772367.9178312575]]]}, "properties": {"height": 14, "color": "rgb(0,0,255)"}}, {"geometry": {"type": "Polygon", "coordinates": [[[304869.1264136275, 2772407.092398383], [304881.8324327113, 2772407.143486726], [304881.88744496705, 2772393.4631161364], [304869.1814131458, 2772393.4120279774], [304869.1264136275, 2772407.092398383]]]}, "properties": {"height": 21, "color": "rgb(0,0,255)"}}, {"geometry": {"type": "Polygon", "coordinates": [[[304815.727508976, 2772410.473673059], [304827.3679734271, 2772410.5204310897], [304827.41934844275, 2772397.731893219], [304815.77887308307, 2772397.6851353464], [304815.727508976, 2772410.473673059]]]}, "properties": {"height": 24.5, "color": "rgb(0,0,255)"}}, {"geometry": {"type": "Polygon", "coordinates": [[[304851.10800399684, 2772368.1477662413], [304862.85171471676, 2772368.194968665], [304862.91887955746, 2772351.4864565646], [304851.1751544591, 2772351.439254349], [304851.10800399684, 2772368.1477662413]]]}, "properties": {"height": 17.5, "color": "rgb(0,0,255)"}}, {"geometry": {"type": "Polygon", "coordinates": [[[304850.6163219596, 2772413.3740999848], [304863.67387334927, 2772413.4265843644], [304863.75015829864, 2772394.449903705], [304850.6925887513, 2772394.3974195896], [304850.6163219596, 2772413.3740999848]]]}, "properties": {"height": 14, "color": "rgb(0,0,255)"}}, {"geometry": {"type": "Polygon", "coordinates": [[[304809.2873811958, 2772386.251159875], [304829.4586523009, 2772386.332180881], [304829.50229363656, 2772375.4690610566], [304809.3310064746, 2772375.388040283], [304809.2873811958, 2772386.251159875]]]}, "properties": {"height": 14, "color": "rgb(0,0,255)"}}, {"geometry": {"type": "Polygon", "coordinates": [[[304796.7512210017, 2772386.1738599674], [304808.1869184177, 2772386.219779036], [304808.254701364, 2772369.340808569], [304796.81898980384, 2772369.294889705], [304796.7512210017, 2772386.1738599674]]]}, "properties": {"height": 14, "color": "rgb(0,0,255)"}}, {"geometry": {"type": "Polygon", "coordinates": [[[304830.3849352787, 2772385.857761686], [304840.8780083418, 2772385.8999212165], [304840.9657748261, 2772364.0577563075], [304830.4726849684, 2772364.0155970203], [304830.3849352787, 2772385.857761686]]]}, "properties": {"height": 10.5, "color": "rgb(0,0,255)"}}, {"geometry": {"type": "Polygon", "coordinates": [[[304831.5509904562, 2772355.532509189], [304842.6648241979, 2772355.5771634853], [304842.7221823848, 2772341.302920194], [304831.60833701835, 2772341.2582660653], [304831.5509904562, 2772355.532509189]]]}, "properties": {"height": 17.5, "color": "rgb(0,0,255)"}}, {"geometry": {"type": "Polygon", "coordinates": [[[304831.0928747418, 2772405.6301529184], [304841.0025599057, 2772405.6699691126], [304841.04869839863, 2772394.187768856], [304831.13900489674, 2772394.147952783], [304831.0928747418, 2772405.6301529184]]]}, "properties": {"height": 17.5, "color": "rgb(0,0,255)"}}, {"geometry": {"type": "Polygon", "coordinates": [[[304817.7804744089, 2772372.8391998117], [304829.232412292, 2772372.8852014923], [304829.26954395336, 2772363.6423710417], [304817.81759831397, 2772363.5963694737], [304817.7804744089, 2772372.8391998117]]]}, "properties": {"height": 17.5, "color": "rgb(0,0,255)"}}, {"geometry": {"type": "Polygon", "coordinates": [[[304804.53561199945, 2772373.5932498025], [304817.93546180526, 2772373.6470640865], [304817.9751153805, 2772363.7744456567], [304804.5752558807, 2772363.7206315133], [304804.53561199945, 2772373.5932498025]]]}, "properties": {"height": 10.5, "color": "rgb(0,0,255)"}}, {"geometry": {"type": "Polygon", "coordinates": [[[304949.00933169853, 2772508.485056178], [304964.6569782599, 2772508.5480681034], [304964.79493843665, 2772474.2933259956], [304949.14725259604, 2772474.23031464], [304949.00933169853, 2772508.485056178]]]}, "properties": {"height": 24.5, "color": "rgb(0,0,255)"}}, {"geometry": {"type": "Polygon", "coordinates": [[[304925.80157874787, 2772508.6790430825], [304941.73023772973, 2772508.7431597076], [304941.8676975693, 2772474.598410204], [304925.93899873126, 2772474.5342941564], [304925.80157874787, 2772508.6790430825]]]}, "properties": {"height": 24.5, "color": "rgb(0,0,255)"}}, {"geometry": {"type": "Polygon", "coordinates": [[[304923.5372453265, 2772441.1439942266], [304953.3963915494, 2772441.2641913174], [304953.4623461371, 2772424.884276869], [304923.603164074, 2772424.7640802977], [304923.5372453265, 2772441.1439942266]]]}, "properties": {"height": 21, "color": "rgb(0,0,255)"}}, {"geometry": {"type": "Polygon", "coordinates": [[[304857.9616857589, 2772547.691985475], [304881.5119842842, 2772547.7866720348], [304881.5949778872, 2772527.1489854287], [304858.04464374477, 2772527.0542993834], [304857.9616857589, 2772547.691985475]]]}, "properties": {"height": 21, "color": "rgb(0,0,255)"}}, {"geometry": {"type": "Polygon", "coordinates": [[[304863.7670324375, 2772455.375606113], [304872.8406797193, 2772455.412085372], [304872.93617583264, 2772431.6607846594], [304863.86251275823, 2772431.6243056282], [304863.7670324375, 2772455.375606113]]]}, "properties": {"height": 45.5, "color": "rgb(0,0,255)"}}, {"geometry": {"type": "Polygon", "coordinates": [[[304798.47041612334, 2772546.392708721], [304824.56404978735, 2772546.4975096714], [304824.62024222885, 2772532.509855109], [304798.52658181754, 2772532.405054545], [304798.47041612334, 2772546.392708721]]]}, "properties": {"height": 21, "color": "rgb(0,0,255)"}}, {"geometry": {"type": "Polygon", "coordinates": [[[304815.38230809715, 2772529.9393737083], [304842.30431155046, 2772530.047535123], [304842.36041983485, 2772516.0852528396], [304815.4383888353, 2772515.9770918237], [304815.38230809715, 2772529.9393737083]]]}, "properties": {"height": 21, "color": "rgb(0,0,255)"}}, {"geometry": {"type": "Polygon", "coordinates": [[[304824.5884342426, 2772547.903193478], [304844.830846137, 2772547.984528371], [304844.89170948724, 2772532.839776444], [304824.64927512687, 2772532.758441875], [304824.5884342426, 2772547.903193478]]]}, "properties": {"height": 21, "color": "rgb(0,0,255)"}}, {"geometry": {"type": "Polygon", "coordinates": [[[304799.26420259406, 2772466.369452787], [304824.9199574997, 2772466.4724927642], [304824.9734441205, 2772453.1580330953], [304799.31766418286, 2772453.05499348], [304799.26420259406, 2772466.369452787]]]}, "properties": {"height": 17.5, "color": "rgb(0,0,255)"}}, {"geometry": {"type": "Polygon", "coordinates": [[[304801.500579376, 2772449.415729778], [304824.4390531292, 2772449.507857304], [304824.4896130842, 2772436.921738026], [304801.5511181746, 2772436.829610806], [304801.500579376, 2772449.415729778]]]}, "properties": {"height": 17.5, "color": "rgb(0,0,255)"}}, {"geometry": {"type": "Polygon", "coordinates": [[[304822.28490092605, 2772465.669699021], [304842.8389026666, 2772465.7522798753], [304842.8915405573, 2772452.653372755], [304822.33751908725, 2772452.570792186], [304822.28490092605, 2772465.669699021]]]}, "properties": {"height": 14, "color": "rgb(0,0,255)"}}, {"geometry": {"type": "Polygon", "coordinates": [[[304951.21617332526, 2772507.762717816], [304961.2507523113, 2772507.8031258765], [304961.3034076714, 2772494.7283262075], [304951.2688190708, 2772494.687918286], [304951.21617332526, 2772507.762717816]]]}, "properties": {"height": 24.5, "color": "rgb(0,0,255)"}}, {"geometry": {"type": "Polygon", "coordinates": [[[304850.2779118494, 2772494.349613778], [304858.9825520682, 2772494.384601338], [304859.0485962145, 2772477.95457564], [304850.3439455152, 2772477.9195882324], [304850.2779118494, 2772494.349613778]]]}, "properties": {"height": 17.5, "color": "rgb(0,0,255)"}}, {"geometry": {"type": "Polygon", "coordinates": [[[304925.77402896195, 2772474.816548582], [304969.39163579926, 2772474.9921615017], [304969.4400640595, 2772462.968609862], [304925.82241879107, 2772462.7929974995], [304925.77402896195, 2772474.816548582]]]}, "properties": {"height": 3.5, "color": "rgb(0,0,255)"}}, {"geometry": {"type": "Polygon", "coordinates": [[[304768.51017245796, 2772634.519798925], [304846.0639529461, 2772634.831268648], [304846.1479324191, 2772613.935678671], [304768.59403316997, 2772613.6242106645], [304768.51017245796, 2772634.519798925]]]}, "properties": {"height": 7, "color": "rgb(0,0,255)"}}, {"geometry": {"type": "Polygon", "coordinates": [[[304952.41745914693, 2772658.2133114384], [304966.2498830967, 2772658.269019551], [304966.4213982581, 2772615.686551947], [304952.5889311417, 2772615.63084446], [304952.41745914693, 2772658.2133114384]]]}, "properties": {"height": 24.5, "color": "rgb(0,0,255)"}}, {"geometry": {"type": "Polygon", "coordinates": [[[304801.7070173657, 2772583.1519014775], [304834.2369030371, 2772583.2825699714], [304834.3148036128, 2772563.8949324633], [304801.7848717231, 2772563.764264636], [304801.7070173657, 2772583.1519014775]]]}, "properties": {"height": 21, "color": "rgb(0,0,255)"}}, {"geometry": {"type": "Polygon", "coordinates": [[[304938.3157902404, 2772648.1784268185], [304950.1408686926, 2772648.2260373496], [304950.20568172465, 2772632.1300437725], [304938.3805893235, 2772632.082433443], [304938.3157902404, 2772648.1784268185]]]}, "properties": {"height": 63, "color": "rgb(0,0,255)"}}, {"geometry": {"type": "Polygon", "coordinates": [[[304768.254106239, 2772606.6050414825], [304845.74896020145, 2772606.91626936], [304845.83221536985, 2772586.200543694], [304768.33724375954, 2772585.8893175167], [304768.254106239, 2772606.6050414825]]]}, "properties": {"height": 7, "color": "rgb(0,0,255)"}}, {"geometry": {"type": "Polygon", "coordinates": [[[304858.11863579275, 2772581.2408900154], [304884.3647226165, 2772581.346419634], [304884.4047517585, 2772571.3932056287], [304858.15864579065, 2772571.2876762864], [304858.11863579275, 2772581.2408900154]]]}, "properties": {"height": 38.5, "color": "rgb(0,0,255)"}}, {"geometry": {"type": "Polygon", "coordinates": [[[304857.9853926096, 2772569.2849680926], [304884.23068215745, 2772569.390493731], [304884.2703507778, 2772559.5268508513], [304858.0250422587, 2772559.421325487], [304857.9853926096, 2772569.2849680926]]]}, "properties": {"height": 38.5, "color": "rgb(0,0,255)"}}, {"geometry": {"type": "Polygon", "coordinates": [[[304867.8116953458, 2772607.515824387], [304883.3748283729, 2772607.5784058846], [304883.45190973004, 2772588.412019207], [304867.888754843, 2772588.349438025], [304867.8116953458, 2772607.515824387]]]}, "properties": {"height": 24.5, "color": "rgb(0,0,255)"}}, {"geometry": {"type": "Polygon", "coordinates": [[[304860.65727558825, 2772639.1154357493], [304868.21405690507, 2772639.145816822], [304868.2673584543, 2772625.8888354166], [304860.7105697957, 2772625.8584544505], [304860.65727558825, 2772639.1154357493]]]}, "properties": {"height": 59.5, "color": "rgb(0,0,255)"}}, {"geometry": {"type": "Polygon", "coordinates": [[[304897.158479556, 2772634.8026022394], [304903.74297285563, 2772634.829091682], [304903.9672146729, 2772579.092015603], [304897.3826944777, 2772579.06552655], [304897.158479556, 2772634.8026022394]]]}, "properties": {"height": 14, "color": "rgb(0,0,255)"}}, {"geometry": {"type": "Polygon", "coordinates": [[[304906.7547168726, 2772634.714854471], [304913.04543175205, 2772634.740166396], [304913.2698431164, 2772578.970394441], [304906.9791025263, 2772578.945082887], [304906.7547168726, 2772634.714854471]]]}, "properties": {"height": 14, "color": "rgb(0,0,255)"}}, {"geometry": {"type": "Polygon", "coordinates": [[[304831.5770278091, 2772646.114446393], [304845.55548927025, 2772646.170618674], [304845.60077016184, 2772634.903891875], [304831.6222971588, 2772634.847719762], [304831.5770278091, 2772646.114446393]]]}, "properties": {"height": 21, "color": "rgb(0,0,255)"}}, {"geometry": {"type": "Polygon", "coordinates": [[[304881.7223858176, 2772627.201742672], [304892.313861803, 2772627.244341664], [304892.3905869476, 2772608.169788505], [304881.79909615667, 2772608.127189727], [304881.7223858176, 2772627.201742672]]]}, "properties": {"height": 14, "color": "rgb(0,0,255)"}}, {"geometry": {"type": "Polygon", "coordinates": [[[304851.4626149852, 2772613.4185962453], [304864.9722774722, 2772613.472903387], [304865.09165015526, 2772583.7807834623], [304851.58195827156, 2772583.726476746], [304851.4626149852, 2772613.4185962453]]]}, "properties": {"height": 7, "color": "rgb(0,0,255)"}}, {"geometry": {"type": "Polygon", "coordinates": [[[304898.0841909637, 2772660.3670057617], [304904.05954604945, 2772660.391045162], [304904.13995041343, 2772640.4063501754], [304898.16458657617, 2772640.382310901], [304898.0841909637, 2772660.3670057617]]]}, "properties": {"height": 14, "color": "rgb(0,0,255)"}}, {"geometry": {"type": "Polygon", "coordinates": [[[304907.65948719607, 2772660.247820205], [304913.74044300185, 2772660.2722887355], [304913.82073893957, 2772640.3180607175], [304907.73977424117, 2772640.293592315], [304907.65948719607, 2772660.247820205]]]}, "properties": {"height": 14, "color": "rgb(0,0,255)"}}, {"geometry": {"type": "Polygon", "coordinates": [[[304831.935137701, 2772773.3262434574], [304849.82049345516, 2772773.3981223265], [304849.87651708204, 2772759.460208543], [304831.991143058, 2772759.3883299385], [304831.935137701, 2772773.3262434574]]]}, "properties": {"height": 52.5, "color": "rgb(0,0,255)"}}, {"geometry": {"type": "Polygon", "coordinates": [[[304815.8663583914, 2772721.0237615784], [304839.85270526045, 2772721.1201345706], [304839.9386475913, 2772699.734483999], [304815.9522631283, 2772699.63811155], [304815.8663583914, 2772721.0237615784]]]}, "properties": {"height": 24.5, "color": "rgb(0,0,255)"}}, {"geometry": {"type": "Polygon", "coordinates": [[[304858.3907364413, 2772716.6115551167], [304875.3683223075, 2772716.6798165394], [304875.42084346456, 2772703.6190504627], [304858.44324134756, 2772703.5507892747], [304858.3907364413, 2772716.6115551167]]]}, "properties": {"height": 52.5, "color": "rgb(0,0,255)"}}, {"geometry": {"type": "Polygon", "coordinates": [[[304850.05920820375, 2772755.0362390154], [304863.81859004137, 2772755.0915519223], [304863.8738946598, 2772741.335925105], [304850.1144989509, 2772741.2806123993], [304850.05920820375, 2772755.0362390154]]]}, "properties": {"height": 56, "color": "rgb(0,0,255)"}}, {"geometry": {"type": "Polygon", "coordinates": [[[304802.5792378872, 2772755.231351209], [304815.6692341486, 2772755.2839273163], [304815.72368491563, 2772741.7287803576], [304802.6336756501, 2772741.676204438], [304802.5792378872, 2772755.231351209]]]}, "properties": {"height": 56, "color": "rgb(0,0,255)"}}, {"geometry": {"type": "Polygon", "coordinates": [[[304849.7618879846, 2772768.865726488], [304858.0108393219, 2772768.8988857307], [304858.06967989774, 2772754.262310227], [304849.8207197118, 2772754.2291511125], [304849.7618879846, 2772768.865726488]]]}, "properties": {"height": 59.5, "color": "rgb(0,0,255)"}}, {"geometry": {"type": "Polygon", "coordinates": [[[304787.37161400693, 2772685.5519928737], [304814.1736637892, 2772685.659624109], [304814.230202847, 2772671.583824134], [304787.4281254165, 2772671.4761932977], [304787.37161400693, 2772685.5519928737]]]}, "properties": {"height": 17.5, "color": "rgb(0,0,255)"}}, {"geometry": {"type": "Polygon", "coordinates": [[[304856.69511999085, 2772704.5958248554], [304867.8487887687, 2772704.6406661905], [304867.89285260765, 2772693.681482637], [304856.7391748716, 2772693.6366414316], [304856.69511999085, 2772704.5958248554]]]}, "properties": {"height": 56, "color": "rgb(0,0,255)"}}, {"geometry": {"type": "Polygon", "coordinates": [[[304872.6854553593, 2772704.4037123607], [304883.7415815755, 2772704.4481744543], [304883.7856104726, 2772693.500851317], [304872.72947538603, 2772693.456389351], [304872.6854553593, 2772704.4037123607]]]}, "properties": {"height": 49, "color": "rgb(0,0,255)"}}, {"geometry": {"type": "Polygon", "coordinates": [[[304872.96337918163, 2772726.2964995056], [304883.99350483884, 2772726.3408576506], [304884.0337584178, 2772716.332365153], [304873.0036246699, 2772716.2880071253], [304872.96337918163, 2772726.2964995056]]]}, "properties": {"height": 56, "color": "rgb(0,0,255)"}}, {"geometry": {"type": "Polygon", "coordinates": [[[304857.01102348627, 2772726.4768866003], [304868.12465439294, 2772726.5215676115], [304868.16487381933, 2772716.518675384], [304857.0512347654, 2772716.4739944907], [304857.01102348627, 2772726.4768866003]]]}, "properties": {"height": 52.5, "color": "rgb(0,0,255)"}}, {"geometry": {"type": "Polygon", "coordinates": [[[304830.5644575777, 2772768.9731575255], [304840.11483615095, 2772769.0115352846], [304840.15436662245, 2772759.175142119], [304830.6039811643, 2772759.1367644607], [304830.5644575777, 2772768.9731575255]]]}, "properties": {"height": 59.5, "color": "rgb(0,0,255)"}}, {"geometry": {"type": "Polygon", "coordinates": [[[304856.2147746699, 2772743.253193182], [304869.8961182158, 2772743.308198239], [304869.9269452907, 2772735.641562083], [304856.2455940576, 2772735.5865571364], [304856.2147746699, 2772743.253193182]]]}, "properties": {"height": 52.5, "color": "rgb(0,0,255)"}}, {"geometry": {"type": "Polygon", "coordinates": [[[304790.82004758005, 2772709.3216459327], [304812.8496546888, 2772709.4101146474], [304812.8885378679, 2772699.7297387375], [304790.85891513026, 2772699.641270248], [304790.82004758005, 2772709.3216459327]]]}, "properties": {"height": 24.5, "color": "rgb(0,0,255)"}}, {"geometry": {"type": "Polygon", "coordinates": [[[304790.7971991226, 2772721.018777328], [304812.99605866784, 2772721.1079262714], [304813.032025091, 2772712.1537753814], [304790.8331509782, 2772712.0646266476], [304790.7971991226, 2772721.018777328]]]}, "properties": {"height": 24.5, "color": "rgb(0,0,255)"}}, {"geometry": {"type": "Polygon", "coordinates": [[[304871.70193605655, 2772688.9821110186], [304885.261312641, 2772689.036639829], [304885.34052483574, 2772669.3417507927], [304871.78112868, 2772669.2872222657], [304871.70193605655, 2772688.9821110186]]]}, "properties": {"height": 17.5, "color": "rgb(0,0,255)"}}, {"geometry": {"type": "Polygon", "coordinates": [[[304874.30981396115, 2772716.421319234], [304882.2356022577, 2772716.453192899], [304882.2843539731, 2772704.3313152464], [304874.35855863546, 2772704.299441684], [304874.30981396115, 2772716.421319234]]]}, "properties": {"height": 45.5, "color": "rgb(0,0,255)"}}, {"geometry": {"type": "Polygon", "coordinates": [[[304820.02900328283, 2772773.340340516], [304826.322637905, 2772773.365625633], [304826.37787773943, 2772759.6168192476], [304820.08423677547, 2772759.591534222], [304820.02900328283, 2772773.340340516]]]}, "properties": {"height": 49, "color": "rgb(0,0,255)"}}, {"geometry": {"type": "Polygon", "coordinates": [[[304823.5618515669, 2772684.102163914], [304837.36434023175, 2772684.157621719], [304837.4091851593, 2772672.997878337], [304823.60668520594, 2772672.942420696], [304823.5618515669, 2772684.102163914]]]}, "properties": {"height": 17.5, "color": "rgb(0,0,255)"}}, {"geometry": {"type": "Polygon", "coordinates": [[[304825.1104523916, 2772667.7956592278], [304841.2107692382, 2772667.860352357], [304841.2488033401, 2772658.396098822], [304825.14847532625, 2772658.3314058543], [304825.1104523916, 2772667.7956592278]]]}, "properties": {"height": 17.5, "color": "rgb(0,0,255)"}}, {"geometry": {"type": "Polygon", "coordinates": [[[304819.24115653604, 2772719.60177512], [304833.5412411682, 2772719.659228814], [304833.57219704485, 2772711.95538113], [304819.27210433886, 2772711.897927553], [304819.24115653604, 2772719.60177512]]]}, "properties": {"height": 24.5, "color": "rgb(0,0,255)"}}, {"geometry": {"type": "Polygon", "coordinates": [[[304799.268885874, 2772666.3851929214], [304815.3158365392, 2772666.4496411635], [304815.35740454186, 2772656.1011322574], [304799.31044170656, 2772656.0366841904], [304799.268885874, 2772666.3851929214]]]}, "properties": {"height": 17.5, "color": "rgb(0,0,255)"}}, {"geometry": {"type": "Polygon", "coordinates": [[[304836.02846498275, 2772685.6100188624], [304845.9657509241, 2772685.649954144], [304846.01817797596, 2772672.6054348913], [304836.0808825346, 2772672.5654997476], [304836.02846498275, 2772685.6100188624]]]}, "properties": {"height": 14, "color": "rgb(0,0,255)"}}, {"geometry": {"type": "Polygon", "coordinates": [[[304815.5758376999, 2772667.9664893374], [304824.45811979973, 2772668.0021709283], [304824.5054284347, 2772656.226478815], [304815.62313866947, 2772656.1907973355], [304815.5758376999, 2772667.9664893374]]]}, "properties": {"height": 17.5, "color": "rgb(0,0,255)"}}, {"geometry": {"type": "Polygon", "coordinates": [[[304853.86589595, 2772830.7969963984], [304867.27691942675, 2772830.850914145], [304867.3337814383, 2772816.7092551184], [304853.92274406157, 2772816.655337572], [304853.86589595, 2772830.7969963984]]]}, "properties": {"height": 56, "color": "rgb(0,0,255)"}}, {"geometry": {"type": "Polygon", "coordinates": [[[304996.58197792404, 2772345.168432731], [305017.12190546445, 2772345.251215244], [305017.15594012407, 2772336.8081284645], [304996.61599987594, 2772336.7253461364], [304996.58197792404, 2772345.168432731]]]}, "properties": {"height": 66.5, "color": "rgb(0,0,255)"}}, {"geometry": {"type": "Polygon", "coordinates": [[[305084.2685798098, 2772524.742272108], [305100.8565503136, 2772524.8092360627], [305100.94197255163, 2772503.6519832737], [305084.35397632915, 2772503.5850196923], [305084.2685798098, 2772524.742272108]]]}, "properties": {"height": 24.5, "color": "rgb(0,0,255)"}}, {"geometry": {"type": "Polygon", "coordinates": [[[305065.93741437286, 2772519.121590249], [305084.30352177477, 2772519.1957087195], [305084.3569148859, 2772505.9673958677], [305065.99078968, 2772505.893277656], [305065.93741437286, 2772519.121590249]]]}, "properties": {"height": 24.5, "color": "rgb(0,0,255)"}}, {"geometry": {"type": "Polygon", "coordinates": [[[304995.1423634368, 2772443.733022562], [305008.56911291566, 2772443.7871339526], [305008.6160545678, 2772432.14082233], [304995.1892936301, 2772432.0867111054], [304995.1423634368, 2772443.733022562]]]}, "properties": {"height": 24.5, "color": "rgb(0,0,255)"}}, {"geometry": {"type": "Polygon", "coordinates": [[[305030.8698917299, 2772461.28471178], [305043.20627076935, 2772461.334461007], [305043.2547116835, 2772449.323827813], [305030.91832178633, 2772449.274078743], [305030.8698917299, 2772461.28471178]]]}, "properties": {"height": 24.5, "color": "rgb(0,0,255)"}}, {"geometry": {"type": "Polygon", "coordinates": [[[305087.4371984658, 2772499.942525172], [305096.8322827193, 2772499.980451494], [305096.8921777233, 2772485.144527261], [305087.49708325544, 2772485.106601088], [305087.4371984658, 2772499.942525172]]]}, "properties": {"height": 24.5, "color": "rgb(0,0,255)"}}, {"geometry": {"type": "Polygon", "coordinates": [[[305076.59382802463, 2772445.118193796], [305086.5076164213, 2772445.158205448], [305086.55511114484, 2772433.391353143], [305076.6413141998, 2772433.351341615], [305076.59382802463, 2772445.118193796]]]}, "properties": {"height": 24.5, "color": "rgb(0,0,255)"}}, {"geometry": {"type": "Polygon", "coordinates": [[[305102.22051821474, 2772554.8955603517], [305119.9957840333, 2772554.9673423395], [305120.0592250037, 2772539.260041701], [305102.28393872443, 2772539.1882600114], [305102.22051821474, 2772554.8955603517]]]}, "properties": {"height": 17.5, "color": "rgb(0,0,255)"}}, {"geometry": {"type": "Polygon", "coordinates": [[[305040.6127275531, 2772554.2888909294], [305057.5622925303, 2772554.3572614403], [305057.5949863779, 2772546.2534468262], [305040.6454113348, 2772546.1850764607], [305040.6127275531, 2772554.2888909294]]]}, "properties": {"height": 24.5, "color": "rgb(0,0,255)"}}, {"geometry": {"type": "Polygon", "coordinates": [[[305015.8880485064, 2772551.960182211], [305032.4621710217, 2772552.027007959], [305032.48714137886, 2772545.834785955], [305015.91301134246, 2772545.7679603165], [305015.8880485064, 2772551.960182211]]]}, "properties": {"height": 24.5, "color": "rgb(0,0,255)"}}, {"geometry": {"type": "Polygon", "coordinates": [[[305056.57562003564, 2772739.2212776723], [305081.5667913433, 2772739.322130355], [305081.6253134789, 2772724.8236713265], [305056.6341156163, 2772724.7228190294], [305056.57562003564, 2772739.2212776723]]]}, "properties": {"height": 35, "color": "rgb(0,0,255)"}}, {"geometry": {"type": "Polygon", "coordinates": [[[305082.6194845784, 2772739.0103222798], [305097.4724391117, 2772739.0702846823], [305097.52916774893, 2772725.020209191], [305082.6761979214, 2772724.9602470105], [305082.6194845784, 2772739.0103222798]]]}, "properties": {"height": 42, "color": "rgb(0,0,255)"}}, {"geometry": {"type": "Polygon", "coordinates": [[[305077.08585614676, 2772720.560788745], [305098.46014575753, 2772720.6470740153], [305098.5181785888, 2772706.274134835], [305077.1438664632, 2772706.1878498923], [305077.08585614676, 2772720.560788745]]]}, "properties": {"height": 24.5, "color": "rgb(0,0,255)"}}, {"geometry": {"type": "Polygon", "coordinates": [[[305105.86870026914, 2772742.422580991], [305121.17725616886, 2772742.4844091106], [305121.24721630407, 2772725.1647324823], [305105.93864097266, 2772725.102904645], [305105.86870026914, 2772742.422580991]]]}, "properties": {"height": 24.5, "color": "rgb(0,0,255)"}}, {"geometry": {"type": "Polygon", "coordinates": [[[305103.00070532004, 2772719.8677559956], [305121.53036365827, 2772719.942591088], [305121.5829085648, 2772706.934286972], [305103.05323256133, 2772706.859452136], [305103.00070532004, 2772719.8677559956]]]}, "properties": {"height": 24.5, "color": "rgb(0,0,255)"}}, {"geometry": {"type": "Polygon", "coordinates": [[[305054.784931105, 2772720.4012398375], [305069.6553274484, 2772720.461241875], [305069.70905229234, 2772707.1482999213], [305054.8386414402, 2772707.0882980945], [305054.784931105, 2772720.4012398375]]]}, "properties": {"height": 24.5, "color": "rgb(0,0,255)"}}, {"geometry": {"type": "Polygon", "coordinates": [[[305038.58023514785, 2772719.3446565387], [305055.12001083593, 2772719.4113758635], [305055.1769637581, 2772705.2947868146], [305038.6371709583, 2772705.228067738], [305038.58023514785, 2772719.3446565387]]]}, "properties": {"height": 21, "color": "rgb(0,0,255)"}}, {"geometry": {"type": "Polygon", "coordinates": [[[304986.4296700748, 2772722.000727602], [305002.5229749968, 2772722.0655842293], [305002.56906470994, 2772710.630689309], [304986.475746301, 2772710.565832877], [304986.4296700748, 2772722.000727602]]]}, "properties": {"height": 24.5, "color": "rgb(0,0,255)"}}, {"geometry": {"type": "Polygon", "coordinates": [[[305067.3057955222, 2772718.099235297], [305077.22502436733, 2772718.1392666413], [305077.2801550834, 2772704.479815207], [305067.3609163083, 2772704.4397840067], [305067.3057955222, 2772718.099235297]]]}, "properties": {"height": 17.5, "color": "rgb(0,0,255)"}}, {"geometry": {"type": "Polygon", "coordinates": [[[305162.4045436736, 2772534.164449623], [305269.60079843365, 2772534.598161289], [305270.00807111483, 2772434.0324883903], [305162.8110263634, 2772433.598788226], [305162.4045436736, 2772534.164449623]]]}, "properties": {"height": 24.5, "color": "rgb(0,0,255)"}}, {"geometry": {"type": "Polygon", "coordinates": [[[305255.24012877245, 2772523.742705223], [305351.8926461345, 2772524.134375796], [305352.2738267418, 2772430.1511062984], [305255.62064371526, 2772429.7594454326], [305255.24012877245, 2772523.742705223]]]}, "properties": {"height": 21, "color": "rgb(0,0,255)"}}, {"geometry": {"type": "Polygon", "coordinates": [[[305260.3110507416, 2772596.3253230816], [305353.1582192284, 2772596.7016057763], [305353.4968165047, 2772513.2221547468], [305260.64908001095, 2772512.845880335], [305260.3110507416, 2772596.3253230816]]]}, "properties": {"height": 21, "color": "rgb(0,0,255)"}}, {"geometry": {"type": "Polygon", "coordinates": [[[305152.55396941944, 2772388.6353566283], [305184.59984164976, 2772388.7648938177], [305184.6650358718, 2772372.6413020752], [305152.61912577914, 2772372.511765437], [305152.55396941944, 2772388.6353566283]]]}, "properties": {"height": 21, "color": "rgb(0,0,255)"}}, {"geometry": {"type": "Polygon", "coordinates": [[[305208.3205933471, 2772388.9219331234], [305230.7440803235, 2772389.0126580223], [305230.83078969433, 2772367.58591867], [305208.4072675107, 2772367.4951942842], [305208.3205933471, 2772388.9219331234]]]}, "properties": {"height": 21, "color": "rgb(0,0,255)"}}, {"geometry": {"type": "Polygon", "coordinates": [[[305209.8632664827, 2772410.986633881], [305230.9197943527, 2772411.0718301916], [305231.00375713105, 2772390.324057059], [305209.9471972474, 2772390.2388612144], [305209.8632664827, 2772410.986633881]]]}, "properties": {"height": 21, "color": "rgb(0,0,255)"}}, {"geometry": {"type": "Polygon", "coordinates": [[[305184.8624274513, 2772387.910663575], [305207.4260473998, 2772388.001916746], [305207.48546255974, 2772373.313655303], [305184.9218183254, 2772373.222402485], [305184.8624274513, 2772387.910663575]]]}, "properties": {"height": 24.5, "color": "rgb(0,0,255)"}}, {"geometry": {"type": "Polygon", "coordinates": [[[305193.04002682376, 2772343.1369354445], [305209.2505491955, 2772343.2024997645], [305209.37583236926, 2772312.2311100373], [305193.1652732082, 2772312.165546252], [305193.04002682376, 2772343.1369354445]]]}, "properties": {"height": 17.5, "color": "rgb(0,0,255)"}}, {"geometry": {"type": "Polygon", "coordinates": [[[305177.9134901874, 2772329.657514866], [305190.1900517413, 2772329.707152423], [305190.2862433411, 2772305.919207301], [305178.0096603881, 2772305.869570055], [305177.9134901874, 2772329.657514866]]]}, "properties": {"height": 21, "color": "rgb(0,0,255)"}}, {"geometry": {"type": "Polygon", "coordinates": [[[305257.7346505031, 2772435.9132203604], [305270.5904638714, 2772435.9652777184], [305270.6651367009, 2772417.526553028], [305257.80930596206, 2772417.4744959227], [305257.7346505031, 2772435.9132203604]]]}, "properties": {"height": 24.5, "color": "rgb(0,0,255)"}}, {"geometry": {"type": "Polygon", "coordinates": [[[305251.8805017278, 2772427.1400459777], [305265.5354839185, 2772427.1953337733], [305265.5930283606, 2772412.984726755], [305251.93803195044, 2772412.9294391666], [305251.8805017278, 2772427.1400459777]]]}, "properties": {"height": 28, "color": "rgb(0,0,255)"}}, {"geometry": {"type": "Polygon", "coordinates": [[[305220.5361079161, 2772347.4702040358], [305230.0184410802, 2772347.5085726697], [305230.1430454694, 2772316.7166236937], [305220.66069091007, 2772316.6782553704], [305220.5361079161, 2772347.4702040358]]]}, "properties": {"height": 10.5, "color": "rgb(0,0,255)"}}, {"geometry": {"type": "Polygon", "coordinates": [[[305194.86932737095, 2772359.916623859], [305227.12111222104, 2772360.0470920936], [305227.1616704829, 2772350.023988924], [305194.909861945, 2772349.8935210346], [305194.86932737095, 2772359.916623859]]]}, "properties": {"height": 10.5, "color": "rgb(0,0,255)"}}, {"geometry": {"type": "Polygon", "coordinates": [[[305192.1963719794, 2772344.9328375105], [305210.2504540866, 2772345.005858363], [305210.4038601247, 2772307.0828551706], [305192.3497278477, 2772307.009835048], [305192.1963719794, 2772344.9328375105]]]}, "properties": {"height": 3.5, "color": "rgb(0,0,255)"}}, {"geometry": {"type": "Polygon", "coordinates": [[[305145.13741444703, 2772389.5028808415], [305153.14062961505, 2772389.535220392], [305153.2128568244, 2772371.6620683563], [305145.2096311745, 2772371.629728959], [305145.13741444703, 2772389.5028808415]]]}, "properties": {"height": 17.5, "color": "rgb(0,0,255)"}}, {"geometry": {"type": "Polygon", "coordinates": [[[305108.3631144551, 2772443.337877181], [305145.91362310934, 2772443.4895548434], [305145.9785060295, 2772427.432057288], [305108.42795319005, 2772427.280380267], [305108.3631144551, 2772443.337877181]]]}, "properties": {"height": 21, "color": "rgb(0,0,255)"}}, {"geometry": {"type": "Polygon", "coordinates": [[[305271.72107581043, 2772452.2116427976], [305286.5222484369, 2772452.27159417], [305286.5961161263, 2772434.0370586524], [305271.79492372216, 2772433.977107568], [305271.72107581043, 2772452.2116427976]]]}, "properties": {"height": 24.5, "color": "rgb(0,0,255)"}}, {"geometry": {"type": "Polygon", "coordinates": [[[305249.7737889728, 2772478.987830509], [305264.906203459, 2772479.0491000824], [305264.96460391633, 2772464.6272421093], [305249.8321734375, 2772464.5659727696], [305249.7737889728, 2772478.987830509]]]}, "properties": {"height": 28, "color": "rgb(0,0,255)"}}, {"geometry": {"type": "Polygon", "coordinates": [[[305191.3962377593, 2772529.410623882], [305206.4282712469, 2772529.471423927], [305206.4861310184, 2772515.168248931], [305191.45408177475, 2772515.107449114], [305191.3962377593, 2772529.410623882]]]}, "properties": {"height": 28, "color": "rgb(0,0,255)"}}, {"geometry": {"type": "Polygon", "coordinates": [[[305184.0450101692, 2772666.7063902817], [305216.9818739907, 2772666.8396213427], [305217.05953899294, 2772647.6452465914], [305184.1226288397, 2772647.5120162056], [305184.0450101692, 2772666.7063902817]]]}, "properties": {"height": 21, "color": "rgb(0,0,255)"}}, {"geometry": {"type": "Polygon", "coordinates": [[[305245.78018858266, 2772607.4571161307], [305269.68380162434, 2772607.5539051625], [305269.78148800606, 2772583.433796324], [305245.8778327117, 2772583.337007907], [305245.78018858266, 2772607.4571161307]]]}, "properties": {"height": 21, "color": "rgb(0,0,255)"}}, {"geometry": {"type": "Polygon", "coordinates": [[[305261.0817826147, 2772618.887073729], [305279.57891180756, 2772618.9619885874], [305279.64773477206, 2772601.971795347], [305261.150582548, 2772601.8968808246], [305261.0817826147, 2772618.887073729]]]}, "properties": {"height": 24.5, "color": "rgb(0,0,255)"}}, {"geometry": {"type": "Polygon", "coordinates": [[[305229.4657447406, 2772572.6115283044], [305247.1067041857, 2772572.682932829], [305247.17231146054, 2772556.4767660485], [305229.5313310643, 2772556.4053618284], [305229.4657447406, 2772572.6115283044]]]}, "properties": {"height": 28, "color": "rgb(0,0,255)"}}, {"geometry": {"type": "Polygon", "coordinates": [[[305113.45785859186, 2772573.2059316738], [305134.49150700675, 2772573.29089248], [305134.54799660074, 2772559.3084639134], [305113.5143266331, 2772559.2235034206], [305113.45785859186, 2772573.2059316738]]]}, "properties": {"height": 24.5, "color": "rgb(0,0,255)"}}, {"geometry": {"type": "Polygon", "coordinates": [[[305190.22110345383, 2772601.593621189], [305211.59829572146, 2772601.68009118], [305211.6792099858, 2772581.6801963383], [305190.3019863861, 2772581.5937268026], [305190.22110345383, 2772601.593621189]]]}, "properties": {"height": 14, "color": "rgb(0,0,255)"}}, {"geometry": {"type": "Polygon", "coordinates": [[[305183.24192578637, 2772610.8585232124], [305197.2948257506, 2772610.9153559576], [305197.35344367026, 2772596.4228497413], [305183.3005287808, 2772596.366017214], [305183.24192578637, 2772610.8585232124]]]}, "properties": {"height": 28, "color": "rgb(0,0,255)"}}, {"geometry": {"type": "Polygon", "coordinates": [[[305253.20741945656, 2772597.745963257], [305267.5149005104, 2772597.803898749], [305267.57443133346, 2772583.104308926], [305253.26693486696, 2772583.0463736583], [305253.20741945656, 2772597.745963257]]]}, "properties": {"height": 24.5, "color": "rgb(0,0,255)"}}, {"geometry": {"type": "Polygon", "coordinates": [[[305226.14975758805, 2772579.4453614797], [305242.8733010726, 2772579.5130481855], [305242.93096892314, 2772565.2670138306], [305226.2074079792, 2772565.199327379], [305226.14975758805, 2772579.4453614797]]]}, "properties": {"height": 24.5, "color": "rgb(0,0,255)"}}, {"geometry": {"type": "Polygon", "coordinates": [[[305190.7818795493, 2772728.612082166], [305206.2941061597, 2772728.674829151], [305206.35758809967, 2772712.9830714446], [305190.84534364997, 2772712.9203247186], [305190.7818795493, 2772728.612082166]]]}, "properties": {"height": 52.5, "color": "rgb(0,0,255)"}}, {"geometry": {"type": "Polygon", "coordinates": [[[305186.0665513887, 2772733.4303058856], [305202.0466832292, 2772733.494940428], [305202.11103407235, 2772717.58721029], [305186.1308836014, 2772717.522576018], [305186.0665513887, 2772733.4303058856]]]}, "properties": {"height": 49, "color": "rgb(0,0,255)"}}, {"geometry": {"type": "Polygon", "coordinates": [[[305211.3306215906, 2772716.0831738166], [305230.01771247154, 2772716.158793057], [305230.0786697114, 2772701.0974984784], [305211.39155820356, 2772701.0218795384], [305211.3306215906, 2772716.0831738166]]]}, "properties": {"height": 17.5, "color": "rgb(0,0,255)"}}, {"geometry": {"type": "Polygon", "coordinates": [[[305117.9515223376, 2772817.041883301], [305150.4822647953, 2772817.1733216564], [305150.55389203626, 2772799.450891792], [305118.0231073247, 2772799.31945405], [305117.9515223376, 2772817.041883301]]]}, "properties": {"height": 7, "color": "rgb(0,0,255)"}}, {"geometry": {"type": "Polygon", "coordinates": [[[305115.652278126, 2772795.7440733006], [305142.4126487528, 2772795.8521857318], [305142.44641222106, 2772787.496949051], [305115.6860252074, 2772787.388836858], [305115.652278126, 2772795.7440733006]]]}, "properties": {"height": 7, "color": "rgb(0,0,255)"}}, {"geometry": {"type": "Polygon", "coordinates": [[[305190.08195130917, 2772794.9402775583], [305206.1100781575, 2772795.0051126056], [305206.1443743707, 2772786.527829735], [305190.116237564, 2772786.462994833], [305190.08195130917, 2772794.9402775583]]]}, "properties": {"height": 10.5, "color": "rgb(0,0,255)"}}, {"geometry": {"type": "Polygon", "coordinates": [[[305175.24203664996, 2772795.0521465507], [305191.80138446606, 2772795.1191127477], [305191.8363555474, 2772786.4727762826], [305175.2769972378, 2772786.405810239], [305175.24203664996, 2772795.0521465507]]]}, "properties": {"height": 7, "color": "rgb(0,0,255)"}}, {"geometry": {"type": "Polygon", "coordinates": [[[305326.03554524505, 2772342.9001919236], [305341.90112080815, 2772342.964515476], [305342.02727348026, 2772311.8529200517], [305326.16166174767, 2772311.788597027], [305326.03554524505, 2772342.9001919236]]]}, "properties": {"height": 24.5, "color": "rgb(0,0,255)"}}, {"geometry": {"type": "Polygon", "coordinates": [[[305376.3952904668, 2772414.1519768015], [305393.8977995585, 2772414.2230046517], [305393.9917207087, 2772391.0827507325], [305376.48918193823, 2772391.0117233163], [305376.3952904668, 2772414.1519768015]]]}, "properties": {"height": 24.5, "color": "rgb(0,0,255)"}}, {"geometry": {"type": "Polygon", "coordinates": [[[305346.68595846626, 2772318.428737453], [305358.8975562392, 2772318.4782630843], [305358.9663569927, 2772301.5157967517], [305346.7547440415, 2772301.4662713413], [305346.68595846626, 2772318.428737453]]]}, "properties": {"height": 45.5, "color": "rgb(0,0,255)"}}, {"geometry": {"type": "Polygon", "coordinates": [[[305346.0356484341, 2772396.522829563], [305362.98814965313, 2772396.591586849], [305363.0622245983, 2772378.330726657], [305346.10970069474, 2772378.2619697014], [305346.0356484341, 2772396.522829563]]]}, "properties": {"height": 24.5, "color": "rgb(0,0,255)"}}, {"geometry": {"type": "Polygon", "coordinates": [[[305367.7273903659, 2772437.6583097638], [305397.8763306675, 2772437.7806547615], [305397.9718485174, 2772414.248922574], [305367.8228562273, 2772414.126578335], [305367.7273903659, 2772437.6583097638]]]}, "properties": {"height": 10.5, "color": "rgb(0,0,255)"}}, {"geometry": {"type": "Polygon", "coordinates": [[[305302.24144539563, 2772338.8969057114], [305318.2706148078, 2772338.9618645655], [305318.3014700115, 2772331.3491646643], [305302.2722916577, 2772331.2842059406], [305302.24144539563, 2772338.8969057114]]]}, "properties": {"height": 56, "color": "rgb(0,0,255)"}}, {"geometry": {"type": "Polygon", "coordinates": [[[305368.6527434401, 2772417.5681850947], [305382.0749337708, 2772417.622644845], [305382.131223526, 2772403.751078893], [305368.70901955175, 2772403.696619342], [305368.6527434401, 2772417.5681850947]]]}, "properties": {"height": 24.5, "color": "rgb(0,0,255)"}}, {"geometry": {"type": "Polygon", "coordinates": [[[305383.3807643166, 2772501.7334870165], [305412.4196098481, 2772501.8513624496], [305412.61406854226, 2772453.958245892], [305383.5751210945, 2772453.8403719473], [305383.3807643166, 2772501.7334870165]]]}, "properties": {"height": 7, "color": "rgb(0,0,255)"}}, {"geometry": {"type": "Polygon", "coordinates": [[[305386.5445400509, 2772470.154199955], [305408.43880072044, 2772470.2430720483], [305408.5483089518, 2772443.270162339], [305386.6540050064, 2772443.1812908784], [305386.5445400509, 2772470.154199955]]]}, "properties": {"height": 17.5, "color": "rgb(0,0,255)"}}, {"geometry": {"type": "Polygon", "coordinates": [[[305369.79223957594, 2772538.461338504], [305391.01516832697, 2772538.547461402], [305391.12583409366, 2772511.2816287694], [305369.902862937, 2772511.1955064908], [305369.79223957594, 2772538.461338504]]]}, "properties": {"height": 14, "color": "rgb(0,0,255)"}}, {"geometry": {"type": "Polygon", "coordinates": [[[305348.2146909678, 2772525.3576087374], [305368.29454795993, 2772525.43906001], [305368.4024700349, 2772498.8381673847], [305348.3225738998, 2772498.756716683], [305348.2146909678, 2772525.3576087374]]]}, "properties": {"height": 14, "color": "rgb(0,0,255)"}}, {"geometry": {"type": "Polygon", "coordinates": [[[305412.05088692484, 2772514.2637014408], [305426.71763949847, 2772514.3232605965], [305426.7798251298, 2772499.0117113977], [305412.11305609916, 2772498.9521524827], [305412.05088692484, 2772514.2637014408]]]}, "properties": {"height": 28, "color": "rgb(0,0,255)"}}, {"geometry": {"type": "Polygon", "coordinates": [[[305361.45637798717, 2772547.0956989666], [305378.66177459405, 2772547.165505877], [305378.74917788693, 2772525.6263752263], [305361.54375412234, 2772525.5565687125], [305361.45637798717, 2772547.0956989666]]]}, "properties": {"height": 14, "color": "rgb(0,0,255)"}}, {"geometry": {"type": "Polygon", "coordinates": [[[305361.05754454294, 2772509.097746426], [305378.0716625463, 2772509.1667755744], [305378.15921091224, 2772487.5913276454], [305361.14506600815, 2772487.5222988897], [305361.05754454294, 2772509.097746426]]]}, "properties": {"height": 14, "color": "rgb(0,0,255)"}}, {"geometry": {"type": "Polygon", "coordinates": [[[305354.9188698361, 2772441.6923228614], [305374.0684565769, 2772441.7700067046], [305374.16962889937, 2772416.834560476], [305355.02000716736, 2772416.7568771434], [305354.9188698361, 2772441.6923228614]]]}, "properties": {"height": 7, "color": "rgb(0,0,255)"}}, {"geometry": {"type": "Polygon", "coordinates": [[[305303.89774057694, 2772625.7566319234], [305328.50432433106, 2772625.8563735504], [305328.5887820972, 2772605.024928336], [305303.98216077784, 2772604.925187257], [305303.89774057694, 2772625.7566319234]]]}, "properties": {"height": 24.5, "color": "rgb(0,0,255)"}}, {"geometry": {"type": "Polygon", "coordinates": [[[305426.69542452, 2772577.304513778], [305443.11008538486, 2772577.371191277], [305443.16799230134, 2772563.117747776], [305426.75331429066, 2772563.0510705276], [305426.69542452, 2772577.304513778]]]}, "properties": {"height": 52.5, "color": "rgb(0,0,255)"}}, {"geometry": {"type": "Polygon", "coordinates": [[[305397.7816922385, 2772648.9434500104], [305413.3101899831, 2772649.0064963032], [305413.3660689837, 2772635.2452214775], [305397.8375555786, 2772635.1821754137], [305397.7816922385, 2772648.9434500104]]]}, "properties": {"height": 49, "color": "rgb(0,0,255)"}}, {"geometry": {"type": "Polygon", "coordinates": [[[305310.1210865595, 2772655.7988516376], [305341.6121118041, 2772655.9265229013], [305341.69363799685, 2772635.823161012], [305310.20256635675, 2772635.6954904264], [305310.1210865595, 2772655.7988516376]]]}, "properties": {"height": 14, "color": "rgb(0,0,255)"}}, {"geometry": {"type": "Polygon", "coordinates": [[[305400.4870665676, 2772637.564996762], [305415.4119385785, 2772637.6255946574], [305415.4662564576, 2772624.2492216546], [305400.54136981594, 2772624.188623973], [305400.4870665676, 2772637.564996762]]]}, "properties": {"height": 42, "color": "rgb(0,0,255)"}}, {"geometry": {"type": "Polygon", "coordinates": [[[305408.8427014523, 2772636.8138470757], [305422.11025787686, 2772636.8677232466], [305422.17015260935, 2772622.1197635606], [305408.90258184506, 2772622.0658875997], [305408.8427014523, 2772636.8138470757]]]}, "properties": {"height": 38.5, "color": "rgb(0,0,255)"}}, {"geometry": {"type": "Polygon", "coordinates": [[[305419.4912189074, 2772651.5629492137], [305433.16977731755, 2772651.6185055743], [305433.23447837017, 2772635.690350839], [305419.5559039929, 2772635.6347947116], [305419.4912189074, 2772651.5629492137]]]}, "properties": {"height": 35, "color": "rgb(0,0,255)"}}, {"geometry": {"type": "Polygon", "coordinates": [[[305294.88074430235, 2772658.5527747762], [305313.5820058023, 2772658.628564075], [305313.64795430587, 2772642.358257965], [305294.94667050673, 2772642.282468992], [305294.88074430235, 2772658.5527747762]]]}, "properties": {"height": 24.5, "color": "rgb(0,0,255)"}}, {"geometry": {"type": "Polygon", "coordinates": [[[305374.4419120057, 2772580.9213153576], [305393.772076932, 2772580.9997640084], [305393.87841415417, 2772554.8021630784], [305374.5482121167, 2772554.723714969], [305374.4419120057, 2772580.9213153576]]]}, "properties": {"height": 14, "color": "rgb(0,0,255)"}}, {"geometry": {"type": "Polygon", "coordinates": [[[305391.6602067516, 2772657.1240887437], [305403.66785873956, 2772657.1728334967], [305403.7265643497, 2772642.712982645], [305391.7188996372, 2772642.6642380776], [305391.6602067516, 2772657.1240887437]]]}, "properties": {"height": 38.5, "color": "rgb(0,0,255)"}}, {"geometry": {"type": "Polygon", "coordinates": [[[305397.1949879294, 2772593.050142741], [305416.1927214842, 2772593.1272740923], [305416.29829070705, 2772567.129532441], [305397.3005209574, 2772567.0524016176], [305397.1949879294, 2772593.050142741]]]}, "properties": {"height": 14, "color": "rgb(0,0,255)"}}, {"geometry": {"type": "Polygon", "coordinates": [[[305410.7097896923, 2772653.5884800353], [305422.16315687716, 2772653.6349903713], [305422.22453853907, 2772638.5210195216], [305410.77115866804, 2772638.4745093714], [305410.7097896923, 2772653.5884800353]]]}, "properties": {"height": 38.5, "color": "rgb(0,0,255)"}}, {"geometry": {"type": "Polygon", "coordinates": [[[305382.2887145484, 2772659.0043906667], [305394.32433529384, 2772659.053240744], [305394.3849389192, 2772644.123380063], [305382.34930500493, 2772644.074530178], [305382.2887145484, 2772659.0043906667]]]}, "properties": {"height": 35, "color": "rgb(0,0,255)"}}, {"geometry": {"type": "Polygon", "coordinates": [[[305339.87666082813, 2772649.7741679098], [305359.38916315604, 2772649.8533094972], [305359.4454063572, 2772635.988857477], [305339.9328842032, 2772635.9097161787], [305339.87666082813, 2772649.7741679098]]]}, "properties": {"height": 24.5, "color": "rgb(0,0,255)"}}, {"geometry": {"type": "Polygon", "coordinates": [[[305400.30758434004, 2772608.68774911], [305422.8330542683, 2772608.779211811], [305422.90310728655, 2772591.529982813], [305400.3776088838, 2772591.438520529], [305400.30758434004, 2772608.68774911]]]}, "properties": {"height": 14, "color": "rgb(0,0,255)"}}, {"geometry": {"type": "Polygon", "coordinates": [[[305285.0476920986, 2772661.7613186184], [305303.1791105201, 2772661.834785208], [305303.259642768, 2772641.962767076], [305285.12819794094, 2772641.889300871], [305285.0476920986, 2772661.7613186184]]]}, "properties": {"height": 14, "color": "rgb(0,0,255)"}}, {"geometry": {"type": "Polygon", "coordinates": [[[305387.23632609705, 2772566.9391640034], [305404.27337131073, 2772567.0083205067], [305404.3604409365, 2772545.561509989], [305387.3233689458, 2772545.492353877], [305387.23632609705, 2772566.9391640034]]]}, "properties": {"height": 14, "color": "rgb(0,0,255)"}}, {"geometry": {"type": "Polygon", "coordinates": [[[305316.86817577254, 2772576.9964016466], [305332.9255138121, 2772577.061498238], [305332.9766995163, 2772564.4373557973], [305316.91934662143, 2772564.372259422], [305316.86817577254, 2772576.9964016466]]]}, "properties": {"height": 24.5, "color": "rgb(0,0,255)"}}, {"geometry": {"type": "Polygon", "coordinates": [[[305295.12266428897, 2772629.3710767585], [305311.6018776369, 2772629.4378590686], [305311.6642886548, 2772614.0395607967], [305295.1850567106, 2772613.972778758], [305295.12266428897, 2772629.3710767585]]]}, "properties": {"height": 17.5, "color": "rgb(0,0,255)"}}, {"geometry": {"type": "Polygon", "coordinates": [[[305329.2875186658, 2772622.797796119], [305339.8086274359, 2772622.8404570296], [305339.85906931007, 2772610.401549757], [305329.3379509491, 2772610.3588889865], [305329.2875186658, 2772622.797796119]]]}, "properties": {"height": 17.5, "color": "rgb(0,0,255)"}}, {"geometry": {"type": "Polygon", "coordinates": [[[305387.1226912307, 2772605.5700225006], [305399.02867383853, 2772605.6183495047], [305399.07410356053, 2772594.427331407], [305387.1681111883, 2772594.3790045455], [305387.1226912307, 2772605.5700225006]]]}, "properties": {"height": 14, "color": "rgb(0,0,255)"}}, {"geometry": {"type": "Polygon", "coordinates": [[[305365.01155702886, 2772694.73937585], [305391.340507649, 2772694.8462215983], [305391.41812270106, 2772675.7247890295], [305365.0891351847, 2772675.61794382], [305365.01155702886, 2772694.73937585]]]}, "properties": {"height": 17.5, "color": "rgb(0,0,255)"}}, {"geometry": {"type": "Polygon", "coordinates": [[[305288.4850385495, 2772680.9595875437], [305308.5959023745, 2772681.0410818025], [305308.6772384482, 2772660.9728358206], [305288.56634504546, 2772660.8913419936], [305288.4850385495, 2772680.9595875437]]]}, "properties": {"height": 24.5, "color": "rgb(0,0,255)"}}, {"geometry": {"type": "Polygon", "coordinates": [[[305345.57518241036, 2772701.490856972], [305356.9966686597, 2772701.537184229], [305357.05461825203, 2772687.25177604], [305345.6331200451, 2772687.205448957], [305345.57518241036, 2772701.490856972]]]}, "properties": {"height": 45.5, "color": "rgb(0,0,255)"}}, {"geometry": {"type": "Polygon", "coordinates": [[[305393.34313471895, 2772691.030036298], [305414.00312774756, 2772691.1139152707], [305414.0723178352, 2772674.075028149], [305393.4122990078, 2772673.991149554], [305393.34313471895, 2772691.030036298]]]}, "properties": {"height": 21, "color": "rgb(0,0,255)"}}, {"geometry": {"type": "Polygon", "coordinates": [[[305354.8327557758, 2772698.29940545], [305367.4312581377, 2772698.3505158834], [305367.49853864755, 2772681.7679997906], [305354.90002097475, 2772681.7168895802], [305354.8327557758, 2772698.29940545]]]}, "properties": {"height": 21, "color": "rgb(0,0,255)"}}, {"geometry": {"type": "Polygon", "coordinates": [[[305442.6891279539, 2772323.520352588], [305462.5934549505, 2772323.601222805], [305462.6455530142, 2772310.780766873], [305442.7412073188, 2772310.6998969303], [305442.6891279539, 2772323.520352588]]]}, "properties": {"height": 45.5, "color": "rgb(0,0,255)"}}, {"geometry": {"type": "Polygon", "coordinates": [[[305583.7948994685, 2772408.9172608904], [305609.90969100216, 2772409.0236435393], [305610.0100722361, 2772384.387762191], [305583.8952335579, 2772384.281380233], [305583.7948994685, 2772408.9172608904]]]}, "properties": {"height": 17.5, "color": "rgb(0,0,255)"}}, {"geometry": {"type": "Polygon", "coordinates": [[[305475.3573467702, 2772421.872720447], [305493.28699540684, 2772421.9456122085], [305493.3926859304, 2772395.9523304673], [305475.46300314215, 2772395.8794392054], [305475.3573467702, 2772421.872720447]]]}, "properties": {"height": 21, "color": "rgb(0,0,255)"}}, {"geometry": {"type": "Polygon", "coordinates": [[[305573.378218174, 2772404.400524134], [305584.7094206079, 2772404.446668672], [305584.78980323125, 2772384.7099456517], [305573.45858440927, 2772384.6638013544], [305573.378218174, 2772404.400524134]]]}, "properties": {"height": 35, "color": "rgb(0,0,255)"}}, {"geometry": {"type": "Polygon", "coordinates": [[[305546.66451310425, 2772344.178136394], [305575.1734539351, 2772344.2941938424], [305575.242029605, 2772327.453191144], [305546.7330535927, 2772327.337134211], [305546.66451310425, 2772344.178136394]]]}, "properties": {"height": 14, "color": "rgb(0,0,255)"}}, {"geometry": {"type": "Polygon", "coordinates": [[[305522.0250051517, 2772405.687250915], [305536.0584544499, 2772405.7443485465], [305536.1440737519, 2772384.703430505], [305522.11060281616, 2772384.64633319], [305522.0250051517, 2772405.687250915]]]}, "properties": {"height": 21, "color": "rgb(0,0,255)"}}, {"geometry": {"type": "Polygon", "coordinates": [[[305575.2742205744, 2772432.4419743037], [305584.8774327, 2772432.4810830494], [305584.93008323, 2772419.5537537346], [305575.32686200726, 2772419.514645122], [305575.2742205744, 2772432.4419743037]]]}, "properties": {"height": 21, "color": "rgb(0,0,255)"}}, {"geometry": {"type": "Polygon", "coordinates": [[[305543.1075674762, 2772560.1406424926], [305558.03392143425, 2772560.201400463], [305558.08126588236, 2772548.5718736304], [305543.1548992034, 2772548.5111158467], [305543.1075674762, 2772560.1406424926]]]}, "properties": {"height": 42, "color": "rgb(0,0,255)"}}, {"geometry": {"type": "Polygon", "coordinates": [[[304976.90749806026, 2772352.9269648953], [305036.2549166734, 2772353.166153667], [305036.39329380787, 2772318.8503906894], [304977.04572596314, 2772318.6112040835], [304976.90749806026, 2772352.9269648953]]]}, "properties": {"height": 59.5, "color": "rgb(0,0,255)"}}, {"geometry": {"type": "Polygon", "coordinates": [[[304981.8213696574, 2772467.6710244175], [305099.389419962, 2772468.145176074], [305099.48967617727, 2772443.312612077], [304981.92141193006, 2772442.8384635258], [304981.8213696574, 2772467.6710244175]]]}, "properties": {"height": 21, "color": "rgb(0,0,255)"}}, {"geometry": {"type": "Polygon", "coordinates": [[[304857.37182926544, 2772466.9776706346], [304881.355940232, 2772467.074097537], [304881.5466168383, 2772419.657391226], [304857.56242253445, 2772419.5609655296], [304857.37182926544, 2772466.9776706346]]]}, "properties": {"height": 45.5, "color": "rgb(0,0,255)"}}, {"geometry": {"type": "Polygon", "coordinates": [[[304978.8936267806, 2772574.5491360007], [305113.4502421638, 2772575.0918811834], [305113.5944766643, 2772539.3769065607], [304979.0375091049, 2772538.83416649], [304978.8936267806, 2772574.5491360007]]]}, "properties": {"height": 24.5, "color": "rgb(0,0,255)"}}, {"geometry": {"type": "Polygon", "coordinates": [[[304851.88320703415, 2772639.115875279], [304885.3568071607, 2772639.2504618717], [304885.4761801931, 2772609.569596196], [304852.00250725576, 2772609.4350106567], [304851.88320703415, 2772639.115875279]]]}, "properties": {"height": 49, "color": "rgb(0,0,255)"}}, {"geometry": {"type": "Polygon", "coordinates": [[[304991.28044022724, 2772817.235974148], [305085.0587576532, 2772817.6142193656], [305085.18569648254, 2772786.1689057983], [304991.4071629308, 2772785.790663716], [304991.28044022724, 2772817.235974148]]]}, "properties": {"height": 31.5, "color": "rgb(0,0,255)"}}, {"geometry": {"type": "Polygon", "coordinates": [[[304853.7555693233, 2772858.469784312], [304892.98299881094, 2772858.6275330503], [304893.13396336575, 2772821.1003055642], [304853.9064259856, 2772820.9425583864], [304853.7555693233, 2772858.469784312]]]}, "properties": {"height": 49, "color": "rgb(0,0,255)"}}, {"geometry": {"type": "Polygon", "coordinates": [[[304982.31687687605, 2772744.5002314765], [305056.3539009504, 2772744.798741118], [305056.4332498317, 2772725.13162331], [304982.3961190423, 2772724.8331152163], [304982.31687687605, 2772744.5002314765]]]}, "properties": {"height": 38.5, "color": "rgb(0,0,255)"}}, {"geometry": {"type": "Polygon", "coordinates": [[[305243.17269721505, 2772351.7724060025], [305291.1459990977, 2772351.9666692936], [305291.33857384854, 2772304.4306036728], [305243.36510486173, 2772304.2363428166], [305243.17269721505, 2772351.7724060025]]]}, "properties": {"height": 49, "color": "rgb(0,0,255)"}}, {"geometry": {"type": "Polygon", "coordinates": [[[305266.287213815, 2772460.4779104153], [305333.66327722935, 2772460.7509175036], [305333.9107086854, 2772399.723275567], [305266.53434396, 2772399.450272872], [305266.287213815, 2772460.4779104153]]]}, "properties": {"height": 24.5, "color": "rgb(0,0,255)"}}, {"geometry": {"type": "Polygon", "coordinates": [[[305108.9253291273, 2772484.6443580147], [305170.1963520888, 2772484.8919098517], [305170.3442692811, 2772448.3013484324], [305109.0730820289, 2772448.0537989843], [305108.9253291273, 2772484.6443580147]]]}, "properties": {"height": 24.5, "color": "rgb(0,0,255)"}}, {"geometry": {"type": "Polygon", "coordinates": [[[305583.3389998105, 2772515.341672659], [305682.1653199041, 2772515.7445345423], [305682.5539308475, 2772420.4971947894], [305583.7269209653, 2772420.094343025], [305583.3389998105, 2772515.341672659]]]}, "properties": {"height": 17.5, "color": "rgb(0,0,255)"}}, {"geometry": {"type": "Polygon", "coordinates": [[[305891.6462004773, 2772472.7468889803], [305968.7542153559, 2772473.06289197], [305968.93294875586, 2772429.479808027], [305891.8246876112, 2772429.163808669], [305891.6462004773, 2772472.7468889803]]]}, "properties": {"height": 24.5, "color": "rgb(0,0,255)"}}, {"geometry": {"type": "Polygon", "coordinates": [[[305932.1783255904, 2772398.0774526675], [305977.63900743594, 2772398.2638355857], [305977.7640211375, 2772367.783952923], [305932.303237755, 2772367.597571504], [305932.1783255904, 2772398.0774526675]]]}, "properties": {"height": 52.5, "color": "rgb(0,0,255)"}}, {"geometry": {"type": "Polygon", "coordinates": [[[305937.57578283624, 2772416.8433176726], [305983.6409998946, 2772417.032199798], [305983.73144706857, 2772394.982628186], [305937.6661555795, 2772394.7937471587], [305937.57578283624, 2772416.8433176726]]]}, "properties": {"height": 56, "color": "rgb(0,0,255)"}}, {"geometry": {"type": "Polygon", "coordinates": [[[305626.51861021767, 2772356.6505468804], [305694.9832014648, 2772356.929762554], [305695.13585859846, 2772319.5205092123], [305626.6710796741, 2772319.241296293], [305626.51861021767, 2772356.6505468804]]]}, "properties": {"height": 21, "color": "rgb(0,0,255)"}}, {"geometry": {"type": "Polygon", "coordinates": [[[305862.41853691597, 2772498.7378145005], [305937.92770001886, 2772499.0471022706], [305938.0196678874, 2772476.60924196], [305862.51038062666, 2772476.29995602], [305862.41853691597, 2772498.7378145005]]]}, "properties": {"height": 14, "color": "rgb(0,0,255)"}}, {"geometry": {"type": "Polygon", "coordinates": [[[305655.62042451004, 2772570.0066183433], [305720.1368059377, 2772570.269883504], [305720.23491497076, 2772546.2408748614], [305655.7184199344, 2772545.9776113685], [305655.62042451004, 2772570.0066183433]]]}, "properties": {"height": 17.5, "color": "rgb(0,0,255)"}}, {"geometry": {"type": "Polygon", "coordinates": [[[305815.63495595, 2772360.5379435807], [305899.47276163066, 2772360.881064462], [305899.5549891891, 2772340.8046660586], [305815.7170601712, 2772340.461546994], [305815.63495595, 2772360.5379435807]]]}, "properties": {"height": 14, "color": "rgb(0,0,255)"}}, {"geometry": {"type": "Polygon", "coordinates": [[[305620.06979260524, 2772411.681588556], [305674.92300522665, 2772411.9052454126], [305675.0194860753, 2772388.254289771], [305620.1661783873, 2772388.0306343096], [305620.06979260524, 2772411.681588556]]]}, "properties": {"height": 14, "color": "rgb(0,0,255)"}}, {"geometry": {"type": "Polygon", "coordinates": [[[305798.37059006933, 2772317.161452212], [305871.28592334734, 2772317.4597442476], [305871.370042445, 2772296.910785475], [305798.45459937525, 2772296.612495055], [305798.37059006933, 2772317.161452212]]]}, "properties": {"height": 14, "color": "rgb(0,0,255)"}}, {"geometry": {"type": "Polygon", "coordinates": [[[305721.7295770698, 2772579.3141358728], [305766.8665775353, 2772579.498508944], [305766.97220985556, 2772553.6486536656], [305721.83512388385, 2772553.464281851], [305721.7295770698, 2772579.3141358728]]]}, "properties": {"height": 14, "color": "rgb(0,0,255)"}}, {"geometry": {"type": "Polygon", "coordinates": [[[305677.54822174984, 2772550.6411117087], [305726.07947510056, 2772550.8391960287], [305726.17119976686, 2772528.3760783407], [305677.6398665259, 2772528.177995195], [305677.54822174984, 2772550.6411117087]]]}, "properties": {"height": 14, "color": "rgb(0,0,255)"}}, {"geometry": {"type": "Polygon", "coordinates": [[[305937.4409711831, 2772330.9614474266], [306002.06110334315, 2772331.2264445922], [306002.1404034764, 2772311.900029732], [305937.5201798034, 2772311.6350339167], [305937.4409711831, 2772330.9614474266]]]}, "properties": {"height": 14, "color": "rgb(0,0,255)"}}, {"geometry": {"type": "Polygon", "coordinates": [[[305924.89974718966, 2772400.90085917], [305941.83380477986, 2772400.970259968], [305941.89981850714, 2772384.8650548384], [305924.9657409319, 2772384.7956543355], [305924.89974718966, 2772400.90085917]]]}, "properties": {"height": 59.5, "color": "rgb(0,0,255)"}}, {"geometry": {"type": "Polygon", "coordinates": [[[305973.5837591526, 2772399.746521185], [305990.41545427236, 2772399.8155624135], [305990.4813638153, 2772383.7497187247], [305973.64964887995, 2772383.6806777893], [305973.5837591526, 2772399.746521185]]]}, "properties": {"height": 59.5, "color": "rgb(0,0,255)"}}, {"geometry": {"type": "Polygon", "coordinates": [[[305647.2202950659, 2772388.7351869736], [305689.7616184775, 2772388.908707502], [305689.85355816945, 2772366.376750694], [305647.312164518, 2772366.203231197], [305647.2202950659, 2772388.7351869736]]]}, "properties": {"height": 17.5, "color": "rgb(0,0,255)"}}, {"geometry": {"type": "Polygon", "coordinates": [[[305958.6588750006, 2772315.539007298], [306013.5410662127, 2772315.7641349863], [306013.62039687677, 2772296.434119023], [305958.7381279283, 2772296.2089924826], [305958.6588750006, 2772315.539007298]]]}, "properties": {"height": 14, "color": "rgb(0,0,255)"}}, {"geometry": {"type": "Polygon", "coordinates": [[[305748.01499639585, 2772458.1756277108], [305807.4820632315, 2772458.4186691055], [305807.55052630306, 2772441.6760879112], [305748.08338650735, 2772441.4330475884], [305748.01499639585, 2772458.1756277108]]]}, "properties": {"height": 14, "color": "rgb(0,0,255)"}}, {"geometry": {"type": "Polygon", "coordinates": [[[305710.4914095514, 2772363.8051817836], [305758.03442508186, 2772363.999330685], [305758.10877150914, 2772345.80114798], [305710.5656925795, 2772345.6070000096], [305710.4914095514, 2772363.8051817836]]]}, "properties": {"height": 17.5, "color": "rgb(0,0,255)"}}, {"geometry": {"type": "Polygon", "coordinates": [[[305702.3104189269, 2772435.055169931], [305750.31752130453, 2772435.251191771], [305750.39067364554, 2772417.3433381068], [305702.3835082693, 2772417.1473171934], [305702.3104189269, 2772435.055169931]]]}, "properties": {"height": 17.5, "color": "rgb(0,0,255)"}}, {"geometry": {"type": "Polygon", "coordinates": [[[305740.11588269233, 2772482.198315425], [305793.85892242636, 2772482.4179225597], [305793.92652970593, 2772465.8807511795], [305740.183424843, 2772465.6611450016], [305740.11588269233, 2772482.198315425]]]}, "properties": {"height": 14, "color": "rgb(0,0,255)"}}, {"geometry": {"type": "Polygon", "coordinates": [[[305720.725660679, 2772500.7996743415], [305785.13844493864, 2772501.062816324], [305785.20706112107, 2772484.276365008], [305720.794197625, 2772484.01322419], [305720.725660679, 2772500.7996743415]]]}, "properties": {"height": 14, "color": "rgb(0,0,255)"}}, {"geometry": {"type": "Polygon", "coordinates": [[[305707.20862677216, 2772390.6123659527], [305753.9103373716, 2772390.8030686867], [305753.9857847113, 2772372.334245901], [305707.2840109077, 2772372.143544096], [305707.20862677216, 2772390.6123659527]]]}, "properties": {"height": 14, "color": "rgb(0,0,255)"}}, {"geometry": {"type": "Polygon", "coordinates": [[[305712.65018420183, 2772407.7916837456], [305754.91178245854, 2772407.964266824], [305754.9835494636, 2772390.3967983867], [305712.7218968027, 2772390.2242161077], [305712.65018420183, 2772407.7916837456]]]}, "properties": {"height": 17.5, "color": "rgb(0,0,255)"}}, {"geometry": {"type": "Polygon", "coordinates": [[[305813.4648893716, 2772373.5082890047], [305866.3164562708, 2772373.724526034], [305866.3760576469, 2772359.1639127857], [305813.5244343568, 2772358.947676587], [305813.4648893716, 2772373.5082890047]]]}, "properties": {"height": 14, "color": "rgb(0,0,255)"}}, {"geometry": {"type": "Polygon", "coordinates": [[[305805.20856882987, 2772445.805677928], [305852.58869604097, 2772445.9994966863], [305852.65773067233, 2772429.1306882934], [305805.27754489257, 2772428.9368703975], [305805.20856882987, 2772445.805677928]]]}, "properties": {"height": 14, "color": "rgb(0,0,255)"}}, {"geometry": {"type": "Polygon", "coordinates": [[[305694.3074531366, 2772505.842504594], [305721.1250514136, 2772505.951972421], [305721.23207216413, 2772479.7400563923], [305694.4144223747, 2772479.6305893217], [305694.3074531366, 2772505.842504594]]]}, "properties": {"height": 17.5, "color": "rgb(0,0,255)"}}, {"geometry": {"type": "Polygon", "coordinates": [[[305768.6825741849, 2772368.5340565974], [305808.7905882367, 2772368.6980039678], [305808.8574773093, 2772352.340125224], [305768.74941518146, 2772352.176178561], [305768.6825741849, 2772368.5340565974]]]}, "properties": {"height": 17.5, "color": "rgb(0,0,255)"}}, {"geometry": {"type": "Polygon", "coordinates": [[[305792.56660764024, 2772488.062518383], [305828.6326338056, 2772488.21000854], [305828.7028576981, 2772471.043534514], [305792.63678616245, 2772470.896045024], [305792.56660764024, 2772488.062518383]]]}, "properties": {"height": 17.5, "color": "rgb(0,0,255)"}}, {"geometry": {"type": "Polygon", "coordinates": [[[305745.8406676472, 2772411.596154867], [305776.58723110205, 2772411.7217761576], [305776.65444377833, 2772395.2755597923], [305745.90784326894, 2772395.1499390467], [305745.8406676472, 2772411.596154867]]]}, "properties": {"height": 17.5, "color": "rgb(0,0,255)"}}, {"geometry": {"type": "Polygon", "coordinates": [[[305865.5846167716, 2772378.4592264593], [305892.81732931203, 2772378.570725104], [305892.8800373267, 2772363.258451906], [305865.6472942299, 2772363.1469537118], [305865.5846167716, 2772378.4592264593]]]}, "properties": {"height": 17.5, "color": "rgb(0,0,255)"}}, {"geometry": {"type": "Polygon", "coordinates": [[[305773.06311774824, 2772440.860981349], [305800.4178685906, 2772440.972797208], [305800.48109512846, 2772425.5087408116], [305773.1263132877, 2772425.396925409], [305773.06311774824, 2772440.860981349]]]}, "properties": {"height": 14, "color": "rgb(0,0,255)"}}, {"geometry": {"type": "Polygon", "coordinates": [[[305752.5177350548, 2772392.6749171466], [305778.50063642, 2772392.7810828867], [305778.5659378639, 2772376.8029496265], [305752.58300607675, 2772376.696784334], [305752.5177350548, 2772392.6749171466]]]}, "properties": {"height": 14, "color": "rgb(0,0,255)"}}, {"geometry": {"type": "Polygon", "coordinates": [[[305731.52623517695, 2772345.8434904087], [305760.6978413615, 2772345.962641401], [305760.75380718935, 2772332.264142141], [305731.5821717229, 2772332.1449915795], [305731.52623517695, 2772345.8434904087]]]}, "properties": {"height": 14, "color": "rgb(0,0,255)"}}, {"geometry": {"type": "Polygon", "coordinates": [[[305803.28269507014, 2772415.361198254], [305828.92969826446, 2772415.4660875713], [305828.99162855453, 2772400.3266472826], [305803.34459690744, 2772400.221758384], [305803.28269507014, 2772415.361198254]]]}, "properties": {"height": 14, "color": "rgb(0,0,255)"}}, {"geometry": {"type": "Polygon", "coordinates": [[[305853.0814044728, 2772403.9451396028], [305877.5077906296, 2772404.045124489], [305877.5697245138, 2772388.9178965697], [305853.1433112804, 2772388.8179120827], [305853.0814044728, 2772403.9451396028]]]}, "properties": {"height": 14, "color": "rgb(0,0,255)"}}, {"geometry": {"type": "Polygon", "coordinates": [[[305700.5982394007, 2772448.992251438], [305725.1045502278, 2772449.0922916154], [305725.16506639106, 2772434.2711913697], [305700.6587289479, 2772434.1711515835], [305700.5982394007, 2772448.992251438]]]}, "properties": {"height": 14, "color": "rgb(0,0,255)"}}, {"geometry": {"type": "Polygon", "coordinates": [[[305806.06223838544, 2772397.0240545603], [305830.5588865179, 2772397.124242439], [305830.6139119907, 2772383.6730446056], [305806.1172397124, 2772383.572857083], [305806.06223838544, 2772397.0240545603]]]}, "properties": {"height": 17.5, "color": "rgb(0,0,255)"}}, {"geometry": {"type": "Polygon", "coordinates": [[[305749.25496367586, 2772437.451128601], [305773.7780433708, 2772437.551324199], [305773.8363293116, 2772423.288821725], [305749.3132239864, 2772423.188626504], [305749.25496367586, 2772437.451128601]]]}, "properties": {"height": 14, "color": "rgb(0,0,255)"}}, {"geometry": {"type": "Polygon", "coordinates": [[[305636.20840134117, 2772385.0501810475], [305654.45372425695, 2772385.1245702747], [305654.52806680393, 2772366.893629415], [305636.28271951375, 2772366.8192405463], [305636.20840134117, 2772385.0501810475]]]}, "properties": {"height": 17.5, "color": "rgb(0,0,255)"}}, {"geometry": {"type": "Polygon", "coordinates": [[[305829.9477765829, 2772400.8616738115], [305853.8654540234, 2772400.9595352835], [305853.92609124695, 2772386.1427273643], [305830.00838783773, 2772386.044866275], [305829.9477765829, 2772400.8616738115]]]}, "properties": {"height": 14, "color": "rgb(0,0,255)"}}, {"geometry": {"type": "Polygon", "coordinates": [[[305806.43629222293, 2772460.863851291], [305831.74948321667, 2772460.967382879], [305831.81664311886, 2772444.550646932], [305806.5034216729, 2772444.447115793], [305806.43629222293, 2772460.863851291]]]}, "properties": {"height": 14, "color": "rgb(0,0,255)"}}, {"geometry": {"type": "Polygon", "coordinates": [[[305712.67568200233, 2772343.391040565], [305737.28416084783, 2772343.49151533], [305737.3404992706, 2772329.6960111368], [305712.7319955487, 2772329.595536737], [305712.67568200233, 2772343.391040565]]]}, "properties": {"height": 17.5, "color": "rgb(0,0,255)"}}, {"geometry": {"type": "Polygon", "coordinates": [[[305672.73266166094, 2772416.92274698], [305686.94238374, 2772416.9807190713], [305687.0378835483, 2772393.575354358], [305672.8281370979, 2772393.5173826246], [305672.73266166094, 2772416.92274698]]]}, "properties": {"height": 17.5, "color": "rgb(0,0,255)"}}, {"geometry": {"type": "Polygon", "coordinates": [[[305733.43455660867, 2772452.909422748], [305749.0544337426, 2772452.9732191353], [305749.11680575146, 2772437.7041863217], [305733.4969111402, 2772437.6403901908], [305733.43455660867, 2772452.909422748]]]}, "properties": {"height": 17.5, "color": "rgb(0,0,255)"}}, {"geometry": {"type": "Polygon", "coordinates": [[[305622.65754092496, 2772385.267581467], [305635.9185706897, 2772385.3216333166], [305635.9672420266, 2772373.3820524695], [305622.7062006597, 2772373.3280007904], [305622.65754092496, 2772385.267581467]]]}, "properties": {"height": 17.5, "color": "rgb(0,0,255)"}}, {"geometry": {"type": "Polygon", "coordinates": [[[305830.0833967904, 2772460.659912939], [305842.56792525447, 2772460.710990733], [305842.62220720854, 2772447.444749028], [305830.1376666076, 2772447.3936714125], [305830.0833967904, 2772460.659912939]]]}, "properties": {"height": 17.5, "color": "rgb(0,0,255)"}}, {"geometry": {"type": "Polygon", "coordinates": [[[305670.3738421851, 2772355.6717293314], [305680.87745469145, 2772355.7145771096], [305680.9206981588, 2772345.1149471994], [305670.4170774942, 2772345.0720995413], [305670.3738421851, 2772355.6717293314]]]}, "properties": {"height": 24.5, "color": "rgb(0,0,255)"}}, {"geometry": {"type": "Polygon", "coordinates": [[[305724.0674495387, 2772451.2300273487], [305734.26215902815, 2772451.2716566296], [305734.31119921076, 2772439.2631449895], [305724.11648075015, 2772439.221515841], [305724.0674495387, 2772451.2300273487]]]}, "properties": {"height": 21, "color": "rgb(0,0,255)"}}, {"geometry": {"type": "Polygon", "coordinates": [[[305775.3759144759, 2772412.075286753], [305791.42787415086, 2772412.140896381], [305791.47633492027, 2772400.28623447], [305775.424361301, 2772400.220625047], [305775.3759144759, 2772412.075286753]]]}, "properties": {"height": 14, "color": "rgb(0,0,255)"}}, {"geometry": {"type": "Polygon", "coordinates": [[[305789.36269869894, 2772393.2123133885], [305802.008148123, 2772393.2640104718], [305802.05897241307, 2772380.8334346516], [305789.4135114704, 2772380.781737738], [305789.36269869894, 2772393.2123133885]]]}, "properties": {"height": 14, "color": "rgb(0,0,255)"}}, {"geometry": {"type": "Polygon", "coordinates": [[[305623.8861398409, 2772372.9843054935], [305636.7358663474, 2772373.0366815734], [305636.7788192169, 2772362.500003911], [305623.9290827891, 2772362.447627977], [305623.8861398409, 2772372.9843054935]]]}, "properties": {"height": 17.5, "color": "rgb(0,0,255)"}}, {"geometry": {"type": "Polygon", "coordinates": [[[305705.1185150712, 2772404.379234344], [305714.1120587781, 2772404.415945173], [305714.1754876735, 2772388.87813203], [305705.1819337266, 2772388.841421352], [305705.1185150712, 2772404.379234344]]]}, "properties": {"height": 17.5, "color": "rgb(0,0,255)"}}, {"geometry": {"type": "Polygon", "coordinates": [[[305713.44116801437, 2772449.8182844357], [305725.0607168903, 2772449.8657234665], [305725.11627734284, 2772436.2583298273], [305713.4967168805, 2772436.2108909665], [305713.44116801437, 2772449.8182844357]]]}, "properties": {"height": 14, "color": "rgb(0,0,255)"}}, {"geometry": {"type": "Polygon", "coordinates": [[[305707.94878601184, 2772449.2632629657], [305717.4466107129, 2772449.3020350826], [305717.5032638993, 2772435.4251185036], [305708.00542953995, 2772435.3863465292], [305707.94878601184, 2772449.2632629657]]]}, "properties": {"height": 17.5, "color": "rgb(0,0,255)"}}, {"geometry": {"type": "Polygon", "coordinates": [[[305777.5473146542, 2772392.5999313667], [305790.70949629083, 2772392.653729794], [305790.7591932399, 2772380.4964144416], [305777.5969998776, 2772380.4426161866], [305777.5473146542, 2772392.5999313667]]]}, "properties": {"height": 14, "color": "rgb(0,0,255)"}}, {"geometry": {"type": "Polygon", "coordinates": [[[305757.04734583007, 2772364.082482501], [305769.3121268196, 2772364.132593528], [305769.36026235385, 2772352.352590758], [305757.09547077725, 2772352.3024798864], [305757.04734583007, 2772364.082482501]]]}, "properties": {"height": 14, "color": "rgb(0,0,255)"}}, {"geometry": {"type": "Polygon", "coordinates": [[[305759.23392988904, 2772553.291716381], [305796.86208977614, 2772553.445509174], [305796.9590722032, 2772529.7249288345], [305759.3308469065, 2772529.5711370036], [305759.23392988904, 2772553.291716381]]]}, "properties": {"height": 17.5, "color": "rgb(0,0,255)"}}, {"geometry": {"type": "Polygon", "coordinates": [[[305728.6746619885, 2772549.509292384], [305760.23266463075, 2772549.638197514], [305760.3359131465, 2772524.3683829536], [305728.7778520639, 2772524.239478682], [305728.6746619885, 2772549.509292384]]]}, "properties": {"height": 17.5, "color": "rgb(0,0,255)"}}, {"geometry": {"type": "Polygon", "coordinates": [[[305635.45703506947, 2772618.045636605], [305730.6358677955, 2772618.433996746], [305730.7353116107, 2772594.0831393264], [305635.5563090334, 2772593.6947816806], [305635.45703506947, 2772618.045636605]]]}, "properties": {"height": 3.5, "color": "rgb(0,0,255)"}}, {"geometry": {"type": "Polygon", "coordinates": [[[305638.00729809905, 2772566.689193221], [305665.5913087138, 2772566.8016792913], [305665.6619958432, 2772549.4719149256], [305638.0779501973, 2772549.359429369], [305638.00729809905, 2772566.689193221]]]}, "properties": {"height": 14, "color": "rgb(0,0,255)"}}, {"geometry": {"type": "Polygon", "coordinates": [[[305790.1718339223, 2772506.2219519448], [305814.3550817008, 2772506.320834056], [305814.4021813426, 2772494.804314718], [305790.2189131547, 2772494.705432907], [305790.1718339223, 2772506.2219519448]]]}, "properties": {"height": 14, "color": "rgb(0,0,255)"}}, {"geometry": {"type": "Polygon", "coordinates": [[[305692.6422125486, 2772600.462244414], [305745.52960888593, 2772600.678180037], [305745.5997597179, 2772583.504795181], [305692.71229681955, 2772583.288860535], [305692.6422125486, 2772600.462244414]]]}, "properties": {"height": 3.5, "color": "rgb(0,0,255)"}}, {"geometry": {"type": "Polygon", "coordinates": [[[305638.28472857794, 2772593.3018899104], [305686.27120636404, 2772593.497615098], [305686.340676615, 2772576.4726943984], [305638.35413895827, 2772576.276970089], [305638.28472857794, 2772593.3018899104]]]}, "properties": {"height": 3.5, "color": "rgb(0,0,255)"}}, {"geometry": {"type": "Polygon", "coordinates": [[[305769.3990391481, 2772551.0022748667], [305786.0441809339, 2772551.070305975], [305786.07493532664, 2772543.546755122], [305769.42978436354, 2772543.478724149], [305769.3990391481, 2772551.0022748667]]]}, "properties": {"height": 17.5, "color": "rgb(0,0,255)"}}, {"geometry": {"type": "Polygon", "coordinates": [[[305621.83782676165, 2772633.363382797], [305649.22062179825, 2772633.475018732], [305649.2815161712, 2772618.542084458], [305621.89869116776, 2772618.430448963], [305621.83782676165, 2772633.363382797]]]}, "properties": {"height": 3.5, "color": "rgb(0,0,255)"}}, {"geometry": {"type": "Polygon", "coordinates": [[[306062.9383657224, 2772339.636170222], [306088.5905197911, 2772339.7415653514], [306088.69510832266, 2772314.291441766], [306063.04290641536, 2772314.1860473435], [306062.9383657224, 2772339.636170222]]]}, "properties": {"height": 17.5, "color": "rgb(0,0,255)"}}, {"geometry": {"type": "Polygon", "coordinates": [[[305869.97141538694, 2772321.6575588426], [305907.1090610789, 2772321.809633033], [305907.18013176706, 2772304.4593576556], [305870.04243885976, 2772304.307284162], [305869.97141538694, 2772321.6575588426]]]}, "properties": {"height": 14, "color": "rgb(0,0,255)"}}, {"geometry": {"type": "Polygon", "coordinates": [[[305924.64809175103, 2772386.249613388], [305933.90106553177, 2772386.287531821], [305933.98076223803, 2772366.841238786], [305924.727775272, 2772366.803320548], [305924.64809175103, 2772386.249613388]]]}, "properties": {"height": 52.5, "color": "rgb(0,0,255)"}}, {"geometry": {"type": "Polygon", "coordinates": [[[305981.7447714789, 2772417.724992914], [305990.6988054436, 2772417.761724133], [305990.77825398656, 2772398.3958983715], [305981.8242073151, 2772398.35916734], [305981.7447714789, 2772417.724992914]]]}, "properties": {"height": 49, "color": "rgb(0,0,255)"}}, {"geometry": {"type": "Polygon", "coordinates": [[[305910.43067149003, 2772445.5485978723], [305921.4395542056, 2772445.593702309], [305921.5122327484, 2772427.856352382], [305910.50333572365, 2772427.811248156], [305910.43067149003, 2772445.5485978723]]]}, "properties": {"height": 28, "color": "rgb(0,0,255)"}}, {"geometry": {"type": "Polygon", "coordinates": [[[306038.65386065596, 2772337.290811605], [306060.5739997297, 2772337.380831193], [306060.61701765837, 2772326.9078186145], [306038.69686176255, 2772326.8177992743], [306038.65386065596, 2772337.290811605]]]}, "properties": {"height": 21, "color": "rgb(0,0,255)"}}, {"geometry": {"type": "Polygon", "coordinates": [[[305941.53679795406, 2772308.6234287303], [305959.8235616213, 2772308.6983936788], [305959.875952702, 2772295.920304023], [305941.5891719125, 2772295.845339328], [305941.53679795406, 2772308.6234287303]]]}, "properties": {"height": 21, "color": "rgb(0,0,255)"}}, {"geometry": {"type": "Polygon", "coordinates": [[[305916.081850774, 2772324.220798095], [305928.4666169187, 2772324.271542884], [305928.5298206217, 2772308.8477236265], [305916.1450404798, 2772308.796979045], [305916.081850774, 2772324.220798095]]]}, "properties": {"height": 14, "color": "rgb(0,0,255)"}}, {"geometry": {"type": "Polygon", "coordinates": [[[305999.49574789696, 2772332.093417365], [306010.45798162656, 2772332.1384001], [306010.5122444616, 2772318.9158828394], [305999.5500001107, 2772318.8709002617], [305999.49574789696, 2772332.093417365]]]}, "properties": {"height": 14, "color": "rgb(0,0,255)"}}]}