{"type": "FeatureCollection", "features": [{"type": "Feature", "geometry": {"type": "Polygon", "coordinates": [[[121.48982815347144, 25.0338574903958], [121.48982272748549, 25.03249096805338], [121.48968234524327, 25.03260773483926], [121.48844357037962, 25.033862047479133], [121.48982815347144, 25.0338574903958]]]}, "properties": {"building_count": 10, "avg_height_m": 20.49, "footprint_coverage_ratio": 0.09}}, {"type": "Feature", "geometry": {"type": "Polygon", "coordinates": [[[121.4918028006582, 25.032045343373728], [121.49179843501605, 25.030950198440927], [121.49111866277609, 25.03141302166656], [121.49035271315107, 25.032050134747774], [121.4918028006582, 25.032045343373728]]]}, "properties": {"building_count": 17, "avg_height_m": 15.47, "footprint_coverage_ratio": 0.133}}, {"type": "Feature", "geometry": {"type": "Polygon", "coordinates": [[[121.48982815347144, 25.0338574903958], [121.49180999899785, 25.033850945093945], [121.4918028006582, 25.032045343373728], [121.49035271315107, 25.032050134747774], [121.48982272748549, 25.03249096805338], [121.48982815347144, 25.0338574903958]]]}, "properties": {"building_count": 33, "avg_height_m": 16.64, "footprint_coverage_ratio": 0.319}}, {"type": "Feature", "geometry": {"type": "Polygon", "coordinates": [[[121.48982815347144, 25.0338574903958], [121.48983532350046, 25.035663092211283], [121.49181719803398, 25.03565654637356], [121.49180999899785, 25.033850945093945], [121.48982815347144, 25.0338574903958]]]}, "properties": {"building_count": 37, "avg_height_m": 18.56, "footprint_coverage_ratio": 0.388}}, {"type": "Feature", "geometry": {"type": "Polygon", "coordinates": [[[121.48983532350046, 25.035663092211283], [121.4898424942232, 25.037468693586174], [121.49182439776665, 25.03746214721255], [121.49181719803398, 25.03565654637356], [121.48983532350046, 25.035663092211283]]]}, "properties": {"building_count": 1, "avg_height_m": 10.92, "footprint_coverage_ratio": 0.002}}, {"type": "Feature", "geometry": {"type": "Polygon", "coordinates": [[[121.4918028006582, 25.032045343373728], [121.49378461648391, 25.032038772183316], [121.49377738983927, 25.030233170560543], [121.49288758514125, 25.030236123993856], [121.49267656753523, 25.030352311837156], [121.49179843501605, 25.030950198440927], [121.4918028006582, 25.032045343373728]]]}, "properties": {"building_count": 17, "avg_height_m": 11.6, "footprint_coverage_ratio": 0.2}}, {"type": "Feature", "geometry": {"type": "Polygon", "coordinates": [[[121.4918028006582, 25.032045343373728], [121.49180999899785, 25.033850945093945], [121.49379184382782, 25.033844373365508], [121.49378461648391, 25.032038772183316], [121.4918028006582, 25.032045343373728]]]}, "properties": {"building_count": 25, "avg_height_m": 22.13, "footprint_coverage_ratio": 0.244}}, {"type": "Feature", "geometry": {"type": "Polygon", "coordinates": [[[121.49180999899785, 25.033850945093945], [121.49181719803398, 25.03565654637356], [121.49379907187101, 25.035649974107077], [121.49379184382782, 25.033844373365508], [121.49180999899785, 25.033850945093945]]]}, "properties": {"building_count": 61, "avg_height_m": 16.62, "footprint_coverage_ratio": 0.354}}, {"type": "Feature", "geometry": {"type": "Polygon", "coordinates": [[[121.49181719803398, 25.03565654637356], [121.49182439776665, 25.03746214721255], [121.49380630061353, 25.03745557440801], [121.49379907187101, 25.035649974107077], [121.49181719803398, 25.03565654637356]]]}, "properties": {"building_count": 62, "avg_height_m": 13.76, "footprint_coverage_ratio": 0.425}}, {"type": "Feature", "geometry": {"type": "Polygon", "coordinates": [[[121.49377738983927, 25.030233170560543], [121.49378461648391, 25.032038772183316], [121.49576643161038, 25.03203217456852], [121.49575917596431, 25.03022657348592], [121.49377738983927, 25.030233170560543]]]}, "properties": {"building_count": 16, "avg_height_m": 15.84, "footprint_coverage_ratio": 0.094}}, {"type": "Feature", "geometry": {"type": "Polygon", "coordinates": [[[121.49378461648391, 25.032038772183316], [121.49379184382782, 25.033844373365508], [121.49577368795849, 25.033837775210518], [121.49576643161038, 25.03203217456852], [121.49378461648391, 25.032038772183316]]]}, "properties": {"building_count": 30, "avg_height_m": 14.65, "footprint_coverage_ratio": 0.314}}, {"type": "Feature", "geometry": {"type": "Polygon", "coordinates": [[[121.49379184382782, 25.033844373365508], [121.49379907187101, 25.035649974107077], [121.49578094500868, 25.035643375411883], [121.49577368795849, 25.033837775210518], [121.49379184382782, 25.033844373365508]]]}, "properties": {"building_count": 44, "avg_height_m": 16.6, "footprint_coverage_ratio": 0.345}}, {"type": "Feature", "geometry": {"type": "Polygon", "coordinates": [[[121.49379907187101, 25.035649974107077], [121.49380630061353, 25.03745557440801], [121.49578820276103, 25.0374489751726], [121.49578094500868, 25.035643375411883], [121.49379907187101, 25.035649974107077]]]}, "properties": {"building_count": 33, "avg_height_m": 11.09, "footprint_coverage_ratio": 0.287}}, {"type": "Feature", "geometry": {"type": "Polygon", "coordinates": [[[121.49380630061353, 25.03745557440801], [121.4938135300554, 25.03926117426829], [121.49579546121554, 25.03925457449264], [121.49578820276103, 25.0374489751726], [121.49380630061353, 25.03745557440801]]]}, "properties": {"building_count": 15, "avg_height_m": 13.34, "footprint_coverage_ratio": 0.17}}, {"type": "Feature", "geometry": {"type": "Polygon", "coordinates": [[[121.49575917596431, 25.03022657348592], [121.49576643161038, 25.03203217456852], [121.49774824603479, 25.03202555052938], [121.49774096138738, 25.030219949989114], [121.49575917596431, 25.03022657348592]]]}, "properties": {"building_count": 30, "avg_height_m": 14.59, "footprint_coverage_ratio": 0.169}}, {"type": "Feature", "geometry": {"type": "Polygon", "coordinates": [[[121.49576643161038, 25.03203217456852], [121.49577368795849, 25.033837775210518], [121.49775553138706, 25.033831150629023], [121.49774824603479, 25.03202555052938], [121.49576643161038, 25.03203217456852]]]}, "properties": {"building_count": 30, "avg_height_m": 21.82, "footprint_coverage_ratio": 0.246}}, {"type": "Feature", "geometry": {"type": "Polygon", "coordinates": [[[121.49577368795849, 25.033837775210518], [121.49578094500868, 25.035643375411883], [121.49776281744424, 25.035636750288017], [121.49775553138706, 25.033831150629023], [121.49577368795849, 25.033837775210518]]]}, "properties": {"building_count": 59, "avg_height_m": 16.59, "footprint_coverage_ratio": 0.408}}, {"type": "Feature", "geometry": {"type": "Polygon", "coordinates": [[[121.49578094500868, 25.035643375411883], [121.49578820276103, 25.0374489751726], [121.49777010420635, 25.037442349506353], [121.49776281744424, 25.035636750288017], [121.49578094500868, 25.035643375411883]]]}, "properties": {"building_count": 40, "avg_height_m": 15.17, "footprint_coverage_ratio": 0.323}}, {"type": "Feature", "geometry": {"type": "Polygon", "coordinates": [[[121.49578820276103, 25.0374489751726], [121.49579546121554, 25.03925457449264], [121.49777739167344, 25.039247948283986], [121.49777010420635, 25.037442349506353], [121.49578820276103, 25.0374489751726]]]}, "properties": {"building_count": 40, "avg_height_m": 18.17, "footprint_coverage_ratio": 0.234}}, {"type": "Feature", "geometry": {"type": "Polygon", "coordinates": [[[121.49585355413559, 25.053699353185873], [121.49586081891178, 25.055504948538786], [121.49784301060926, 25.055498317447842], [121.49783571679524, 25.053692722637464], [121.49585355413559, 25.053699353185873]]]}, "properties": {"building_count": 1, "avg_height_m": 7.39, "footprint_coverage_ratio": 0.005}}, {"type": "Feature", "geometry": {"type": "Polygon", "coordinates": [[[121.49586081891178, 25.055504948538786], [121.49586808439057, 25.0573105434508], [121.49785030512872, 25.057303911817304], [121.49784301060926, 25.055498317447842], [121.49586081891178, 25.055504948538786]]]}, "properties": {"building_count": 2, "avg_height_m": 3.51, "footprint_coverage_ratio": 0.017}}, {"type": "Feature", "geometry": {"type": "Polygon", "coordinates": [[[121.49774096138738, 25.030219949989114], [121.49774824603479, 25.03202555052938], [121.49973005975436, 25.032018900065918], [121.4997227461056, 25.03021330007016], [121.49774096138738, 25.030219949989114]]]}, "properties": {"building_count": 28, "avg_height_m": 15.69, "footprint_coverage_ratio": 0.161}}, {"type": "Feature", "geometry": {"type": "Polygon", "coordinates": [[[121.49774824603479, 25.03202555052938], [121.49775553138706, 25.033831150629023], [121.49973737411074, 25.033824499621044], [121.49973005975436, 25.032018900065918], [121.49774824603479, 25.03202555052938]]]}, "properties": {"building_count": 33, "avg_height_m": 13.31, "footprint_coverage_ratio": 0.203}}, {"type": "Feature", "geometry": {"type": "Polygon", "coordinates": [[[121.49775553138706, 25.033831150629023], [121.49776281744424, 25.035636750288017], [121.49974468917483, 25.035630098735513], [121.49973737411074, 25.033824499621044], [121.49775553138706, 25.033831150629023]]]}, "properties": {"building_count": 57, "avg_height_m": 17.37, "footprint_coverage_ratio": 0.3}}, {"type": "Feature", "geometry": {"type": "Polygon", "coordinates": [[[121.49776281744424, 25.035636750288017], [121.49777010420635, 25.037442349506353], [121.49975200494669, 25.037435697409297], [121.49974468917483, 25.035630098735513], [121.49776281744424, 25.035636750288017]]]}, "properties": {"building_count": 58, "avg_height_m": 17.61, "footprint_coverage_ratio": 0.334}}, {"type": "Feature", "geometry": {"type": "Polygon", "coordinates": [[[121.49777010420635, 25.037442349506353], [121.49777739167344, 25.039247948283986], [121.49975932142634, 25.03924129564237], [121.49975200494669, 25.037435697409297], [121.49777010420635, 25.037442349506353]]]}, "properties": {"building_count": 63, "avg_height_m": 23.24, "footprint_coverage_ratio": 0.344}}, {"type": "Feature", "geometry": {"type": "Polygon", "coordinates": [[[121.49777739167344, 25.039247948283986], [121.4977846798456, 25.041053546620915], [121.49976663861379, 25.04104689343472], [121.49975932142634, 25.03924129564237], [121.49777739167344, 25.039247948283986]]]}, "properties": {"building_count": 57, "avg_height_m": 17.07, "footprint_coverage_ratio": 0.275}}, {"type": "Feature", "geometry": {"type": "Polygon", "coordinates": [[[121.4977846798456, 25.041053546620915], [121.49779196872281, 25.042859144517106], [121.49977395650917, 25.042852490786313], [121.49976663861379, 25.04104689343472], [121.4977846798456, 25.041053546620915]]]}, "properties": {"building_count": 1, "avg_height_m": 26.37, "footprint_coverage_ratio": 0.004}}, {"type": "Feature", "geometry": {"type": "Polygon", "coordinates": [[[121.49784301060926, 25.055498317447842], [121.49785030512872, 25.057303911817304], [121.49983252516138, 25.0572972537292], [121.49982520160131, 25.055491659904458], [121.49784301060926, 25.055498317447842]]]}, "properties": {"building_count": 2, "avg_height_m": 7.68, "footprint_coverage_ratio": 0.008}}, {"type": "Feature", "geometry": {"type": "Polygon", "coordinates": [[[121.4997227461056, 25.03021330007016], [121.49973005975436, 25.032018900065918], [121.50171187276626, 25.03201222317818], [121.50170453011624, 25.030206623729086], [121.4997227461056, 25.03021330007016]]]}, "properties": {"building_count": 22, "avg_height_m": 16.48, "footprint_coverage_ratio": 0.157}}, {"type": "Feature", "geometry": {"type": "Polygon", "coordinates": [[[121.49973005975436, 25.032018900065918], [121.49973737411074, 25.033824499621044], [121.50171921612673, 25.033817822186634], [121.50171187276626, 25.03201222317818], [121.49973005975436, 25.032018900065918]]]}, "properties": {"building_count": 36, "avg_height_m": 12.36, "footprint_coverage_ratio": 0.425}}, {"type": "Feature", "geometry": {"type": "Polygon", "coordinates": [[[121.49973737411074, 25.033824499621044], [121.49974468917483, 25.035630098735513], [121.5017265601977, 25.035623420754398], [121.50171921612673, 25.033817822186634], [121.49973737411074, 25.033824499621044]]]}, "properties": {"building_count": 48, "avg_height_m": 16.74, "footprint_coverage_ratio": 0.314}}, {"type": "Feature", "geometry": {"type": "Polygon", "coordinates": [[[121.49974468917483, 25.035630098735513], [121.49975200494669, 25.037435697409297], [121.50173390497923, 25.037429018881475], [121.5017265601977, 25.035623420754398], [121.49974468917483, 25.035630098735513]]]}, "properties": {"building_count": 53, "avg_height_m": 14.59, "footprint_coverage_ratio": 0.306}}, {"type": "Feature", "geometry": {"type": "Polygon", "coordinates": [[[121.49975200494669, 25.037435697409297], [121.49975932142634, 25.03924129564237], [121.50174125047137, 25.03923461656782], [121.50173390497923, 25.037429018881475], [121.49975200494669, 25.037435697409297]]]}, "properties": {"building_count": 90, "avg_height_m": 19.0, "footprint_coverage_ratio": 0.444}}, {"type": "Feature", "geometry": {"type": "Polygon", "coordinates": [[[121.49975932142634, 25.03924129564237], [121.49976663861379, 25.04104689343472], [121.50174859667413, 25.041040213813424], [121.50174125047137, 25.03923461656782], [121.49975932142634, 25.03924129564237]]]}, "properties": {"building_count": 76, "avg_height_m": 19.25, "footprint_coverage_ratio": 0.378}}, {"type": "Feature", "geometry": {"type": "Polygon", "coordinates": [[[121.49976663861379, 25.04104689343472], [121.49977395650917, 25.042852490786313], [121.50175594358761, 25.042845810618264], [121.50174859667413, 25.041040213813424], [121.49976663861379, 25.04104689343472]]]}, "properties": {"building_count": 60, "avg_height_m": 16.97, "footprint_coverage_ratio": 0.271}}, {"type": "Feature", "geometry": {"type": "Polygon", "coordinates": [[[121.49977395650917, 25.042852490786313], [121.49978127511245, 25.044658087697137], [121.50176329121182, 25.044651406982307], [121.50175594358761, 25.042845810618264], [121.49977395650917, 25.042852490786313]]]}, "properties": {"building_count": 21, "avg_height_m": 19.02, "footprint_coverage_ratio": 0.116}}, {"type": "Feature", "geometry": {"type": "Polygon", "coordinates": [[[121.49978127511245, 25.044658087697137], [121.49978859442373, 25.04646368416715], [121.5017706395468, 25.04645700290554], [121.50176329121182, 25.044651406982307], [121.49978127511245, 25.044658087697137]]]}, "properties": {"building_count": 1, "avg_height_m": 16.05, "footprint_coverage_ratio": 0.004}}, {"type": "Feature", "geometry": {"type": "Polygon", "coordinates": [[[121.49982520160131, 25.055491659904458], [121.49983252516138, 25.0572972537292], [121.50181474448574, 25.05729056918652], [121.5018073918851, 25.05548497590866], [121.49982520160131, 25.055491659904458]]]}, "properties": {"building_count": 1, "avg_height_m": 7.9, "footprint_coverage_ratio": 0.006}}, {"type": "Feature", "geometry": {"type": "Polygon", "coordinates": [[[121.49983252516138, 25.0572972537292], [121.49983984942975, 25.059102847112975], [121.50182209779749, 25.059096162023398], [121.50181474448574, 25.05729056918652], [121.49983252516138, 25.0572972537292]]]}, "properties": {"building_count": 2, "avg_height_m": 9.0, "footprint_coverage_ratio": 0.007}}, {"type": "Feature", "geometry": {"type": "Polygon", "coordinates": [[[121.50170453011624, 25.030206623729086], [121.50171187276626, 25.03201222317818], [121.50369368506769, 25.032005519866214], [121.50368631341645, 25.030199920965945], [121.50170453011624, 25.030206623729086]]]}, "properties": {"building_count": 21, "avg_height_m": 15.73, "footprint_coverage_ratio": 0.102}}, {"type": "Feature", "geometry": {"type": "Polygon", "coordinates": [[[121.50171187276626, 25.03201222317818], [121.50171921612673, 25.033817822186634], [121.5037010574322, 25.033811118325815], [121.50369368506769, 25.032005519866214], [121.50171187276626, 25.03201222317818]]]}, "properties": {"building_count": 34, "avg_height_m": 14.33, "footprint_coverage_ratio": 0.212}}, {"type": "Feature", "geometry": {"type": "Polygon", "coordinates": [[[121.50171921612673, 25.033817822186634], [121.5017265601977, 25.035623420754398], [121.50370843051002, 25.035616716344723], [121.5037010574322, 25.033811118325815], [121.50171921612673, 25.033817822186634]]]}, "properties": {"building_count": 53, "avg_height_m": 15.33, "footprint_coverage_ratio": 0.29}}, {"type": "Feature", "geometry": {"type": "Polygon", "coordinates": [[[121.5017265601977, 25.035623420754398], [121.50173390497923, 25.037429018881475], [121.50371580430117, 25.037422313922924], [121.50370843051002, 25.035616716344723], [121.5017265601977, 25.035623420754398]]]}, "properties": {"building_count": 58, "avg_height_m": 14.28, "footprint_coverage_ratio": 0.39}}, {"type": "Feature", "geometry": {"type": "Polygon", "coordinates": [[[121.50173390497923, 25.037429018881475], [121.50174125047137, 25.03923461656782], [121.50372317880576, 25.039227911060376], [121.50371580430117, 25.037422313922924], [121.50173390497923, 25.037429018881475]]]}, "properties": {"building_count": 33, "avg_height_m": 14.36, "footprint_coverage_ratio": 0.258}}, {"type": "Feature", "geometry": {"type": "Polygon", "coordinates": [[[121.50174125047137, 25.03923461656782], [121.50174859667413, 25.041040213813424], [121.50373055402379, 25.041033507757078], [121.50372317880576, 25.039227911060376], [121.50174125047137, 25.03923461656782]]]}, "properties": {"building_count": 59, "avg_height_m": 18.57, "footprint_coverage_ratio": 0.33}}, {"type": "Feature", "geometry": {"type": "Polygon", "coordinates": [[[121.50174859667413, 25.041040213813424], [121.50175594358761, 25.042845810618264], [121.50373792995532, 25.04283910401299], [121.50373055402379, 25.041033507757078], [121.50174859667413, 25.041040213813424]]]}, "properties": {"building_count": 50, "avg_height_m": 22.15, "footprint_coverage_ratio": 0.364}}, {"type": "Feature", "geometry": {"type": "Polygon", "coordinates": [[[121.50175594358761, 25.042845810618264], [121.50176329121182, 25.044651406982307], [121.50374530660041, 25.0446446998281], [121.50373792995532, 25.04283910401299], [121.50175594358761, 25.042845810618264]]]}, "properties": {"building_count": 42, "avg_height_m": 22.18, "footprint_coverage_ratio": 0.328}}, {"type": "Feature", "geometry": {"type": "Polygon", "coordinates": [[[121.50176329121182, 25.044651406982307], [121.5017706395468, 25.04645700290554], [121.50375268395908, 25.046450295202376], [121.50374530660041, 25.0446446998281], [121.50176329121182, 25.044651406982307]]]}, "properties": {"building_count": 32, "avg_height_m": 21.55, "footprint_coverage_ratio": 0.186}}, {"type": "Feature", "geometry": {"type": "Polygon", "coordinates": [[[121.50368631341645, 25.030199920965945], [121.50369368506769, 25.032005519866214], [121.50567549665587, 25.03199879013004], [121.50566809600346, 25.030193191780764], [121.50368631341645, 25.030199920965945]]]}, "properties": {"building_count": 22, "avg_height_m": 17.88, "footprint_coverage_ratio": 0.109}}, {"type": "Feature", "geometry": {"type": "Polygon", "coordinates": [[[121.50369368506769, 25.032005519866214], [121.5037010574322, 25.033811118325815], [121.50568289802435, 25.033804388038636], [121.50567549665587, 25.03199879013004], [121.50369368506769, 25.032005519866214]]]}, "properties": {"building_count": 57, "avg_height_m": 17.34, "footprint_coverage_ratio": 0.271}}, {"type": "Feature", "geometry": {"type": "Polygon", "coordinates": [[[121.5037010574322, 25.033811118325815], [121.50370843051002, 25.035616716344723], [121.50569030010895, 25.03560998550652], [121.50568289802435, 25.033804388038636], [121.5037010574322, 25.033811118325815]]]}, "properties": {"building_count": 37, "avg_height_m": 15.82, "footprint_coverage_ratio": 0.148}}, {"type": "Feature", "geometry": {"type": "Polygon", "coordinates": [[[121.50370843051002, 25.035616716344723], [121.50371580430117, 25.037422313922924], [121.50569770290971, 25.037415582533683], [121.50569030010895, 25.03560998550652], [121.50370843051002, 25.035616716344723]]]}, "properties": {"building_count": 39, "avg_height_m": 19.73, "footprint_coverage_ratio": 0.376}}, {"type": "Feature", "geometry": {"type": "Polygon", "coordinates": [[[121.50371580430117, 25.037422313922924], [121.50372317880576, 25.039227911060376], [121.50570510642669, 25.039221179120084], [121.50569770290971, 25.037415582533683], [121.50371580430117, 25.037422313922924]]]}, "properties": {"building_count": 69, "avg_height_m": 21.97, "footprint_coverage_ratio": 0.372}}, {"type": "Feature", "geometry": {"type": "Polygon", "coordinates": [[[121.50372317880576, 25.039227911060376], [121.50373055402379, 25.041033507757078], [121.50571251065993, 25.041026775265713], [121.50570510642669, 25.039221179120084], [121.50372317880576, 25.039227911060376]]]}, "properties": {"building_count": 86, "avg_height_m": 25.82, "footprint_coverage_ratio": 0.458}}, {"type": "Feature", "geometry": {"type": "Polygon", "coordinates": [[[121.50373055402379, 25.041033507757078], [121.50373792995532, 25.04283910401299], [121.50571991560948, 25.04283237097054], [121.50571251065993, 25.041026775265713], [121.50373055402379, 25.041033507757078]]]}, "properties": {"building_count": 83, "avg_height_m": 20.0, "footprint_coverage_ratio": 0.39}}, {"type": "Feature", "geometry": {"type": "Polygon", "coordinates": [[[121.50373792995532, 25.04283910401299], [121.50374530660041, 25.0446446998281], [121.50572732127539, 25.04463796623455], [121.50571991560948, 25.04283237097054], [121.50373792995532, 25.04283910401299]]]}, "properties": {"building_count": 59, "avg_height_m": 21.91, "footprint_coverage_ratio": 0.38}}, {"type": "Feature", "geometry": {"type": "Polygon", "coordinates": [[[121.50374530660041, 25.0446446998281], [121.50375268395908, 25.046450295202376], [121.50573472765768, 25.046443561057707], [121.50572732127539, 25.04463796623455], [121.50374530660041, 25.0446446998281]]]}, "properties": {"building_count": 78, "avg_height_m": 19.92, "footprint_coverage_ratio": 0.5}}, {"type": "Feature", "geometry": {"type": "Polygon", "coordinates": [[[121.50375268395908, 25.046450295202376], [121.50376006203136, 25.048255890135806], [121.50574213475642, 25.048249155440004], [121.50573472765768, 25.046443561057707], [121.50375268395908, 25.046450295202376]]]}, "properties": {"building_count": 38, "avg_height_m": 20.2, "footprint_coverage_ratio": 0.431}}, {"type": "Feature", "geometry": {"type": "Polygon", "coordinates": [[[121.50383388201442, 25.066311815218], [121.50384126793972, 25.06811740530051], [121.50582366014093, 25.068110664541212], [121.5058162451583, 25.06630507501001], [121.50383388201442, 25.066311815218]]]}, "properties": {"building_count": 1, "avg_height_m": 10.95, "footprint_coverage_ratio": 0.003}}, {"type": "Feature", "geometry": {"type": "Polygon", "coordinates": [[[121.50566809600346, 25.030193191780764], [121.50567549665587, 25.03199879013004], [121.50765730752795, 25.0319920339697], [121.50764987787443, 25.030186436173583], [121.50566809600346, 25.030193191780764]]]}, "properties": {"building_count": 14, "avg_height_m": 45.14, "footprint_coverage_ratio": 0.108}}, {"type": "Feature", "geometry": {"type": "Polygon", "coordinates": [[[121.50567549665587, 25.03199879013004], [121.50568289802435, 25.033804388038636], [121.50766473790037, 25.03379763132513], [121.50765730752795, 25.0319920339697], [121.50567549665587, 25.03199879013004]]]}, "properties": {"building_count": 40, "avg_height_m": 21.27, "footprint_coverage_ratio": 0.212}}, {"type": "Feature", "geometry": {"type": "Polygon", "coordinates": [[[121.50568289802435, 25.033804388038636], [121.50569030010895, 25.03560998550652], [121.50767216899173, 25.035603228239825], [121.50766473790037, 25.03379763132513], [121.50568289802435, 25.033804388038636]]]}, "properties": {"building_count": 33, "avg_height_m": 22.55, "footprint_coverage_ratio": 0.358}}, {"type": "Feature", "geometry": {"type": "Polygon", "coordinates": [[[121.50569030010895, 25.03560998550652], [121.50569770290971, 25.037415582533683], [121.50767960080204, 25.037408824713786], [121.50767216899173, 25.035603228239825], [121.50569030010895, 25.03560998550652]]]}, "properties": {"building_count": 23, "avg_height_m": 24.37, "footprint_coverage_ratio": 0.17}}, {"type": "Feature", "geometry": {"type": "Polygon", "coordinates": [[[121.50569770290971, 25.037415582533683], [121.50570510642669, 25.039221179120084], [121.5076870333314, 25.039214420746966], [121.50767960080204, 25.037408824713786], [121.50569770290971, 25.037415582533683]]]}, "properties": {"building_count": 43, "avg_height_m": 25.16, "footprint_coverage_ratio": 0.348}}, {"type": "Feature", "geometry": {"type": "Polygon", "coordinates": [[[121.50570510642669, 25.039221179120084], [121.50571251065993, 25.041026775265713], [121.50769446657978, 25.04102001633937], [121.5076870333314, 25.039214420746966], [121.50570510642669, 25.039221179120084]]]}, "properties": {"building_count": 47, "avg_height_m": 21.23, "footprint_coverage_ratio": 0.272}}, {"type": "Feature", "geometry": {"type": "Polygon", "coordinates": [[[121.50571251065993, 25.041026775265713], [121.50571991560948, 25.04283237097054], [121.50770190054729, 25.042825611490944], [121.50769446657978, 25.04102001633937], [121.50571251065993, 25.041026775265713]]]}, "properties": {"building_count": 60, "avg_height_m": 18.5, "footprint_coverage_ratio": 0.322}}, {"type": "Feature", "geometry": {"type": "Polygon", "coordinates": [[[121.50571991560948, 25.04283237097054], [121.50572732127539, 25.04463796623455], [121.50770933523397, 25.044631206201686], [121.50770190054729, 25.042825611490944], [121.50571991560948, 25.04283237097054]]]}, "properties": {"building_count": 87, "avg_height_m": 21.69, "footprint_coverage_ratio": 0.484}}, {"type": "Feature", "geometry": {"type": "Polygon", "coordinates": [[[121.50572732127539, 25.04463796623455], [121.50573472765768, 25.046443561057707], [121.50771677063985, 25.04643680047156], [121.50770933523397, 25.044631206201686], [121.50572732127539, 25.04463796623455]]]}, "properties": {"building_count": 73, "avg_height_m": 23.88, "footprint_coverage_ratio": 0.404}}, {"type": "Feature", "geometry": {"type": "Polygon", "coordinates": [[[121.50573472765768, 25.046443561057707], [121.50574213475642, 25.048249155440004], [121.50772420676496, 25.048242394300562], [121.50771677063985, 25.04643680047156], [121.50573472765768, 25.046443561057707]]]}, "properties": {"building_count": 16, "avg_height_m": 20.38, "footprint_coverage_ratio": 0.117}}, {"type": "Feature", "geometry": {"type": "Polygon", "coordinates": [[[121.50574213475642, 25.048249155440004], [121.50574954257165, 25.050054749381395], [121.50773164360939, 25.050047987688647], [121.50772420676496, 25.048242394300562], [121.50574213475642, 25.048249155440004]]]}, "properties": {"building_count": 2, "avg_height_m": 19.0, "footprint_coverage_ratio": 0.019}}, {"type": "Feature", "geometry": {"type": "Polygon", "coordinates": [[[121.50574954257165, 25.050054749381395], [121.50575695110341, 25.051860342881888], [121.50773908117317, 25.051853580635804], [121.50773164360939, 25.050047987688647], [121.50574954257165, 25.050054749381395]]]}, "properties": {"building_count": 2, "avg_height_m": 15.53, "footprint_coverage_ratio": 0.103}}, {"type": "Feature", "geometry": {"type": "Polygon", "coordinates": [[[121.50575695110341, 25.051860342881888], [121.50576436035175, 25.053665935941428], [121.50774651945632, 25.053659173142], [121.50773908117317, 25.051853580635804], [121.50575695110341, 25.051860342881888]]]}, "properties": {"building_count": 5, "avg_height_m": 30.51, "footprint_coverage_ratio": 0.061}}, {"type": "Feature", "geometry": {"type": "Polygon", "coordinates": [[[121.50764987787443, 25.030186436173583], [121.50765730752795, 25.0319920339697], [121.50963911768117, 25.031985251385237], [121.50963165902654, 25.030179654144437], [121.50764987787443, 25.030186436173583]]]}, "properties": {"building_count": 2, "avg_height_m": 7.34, "footprint_coverage_ratio": 0.007}}, {"type": "Feature", "geometry": {"type": "Polygon", "coordinates": [[[121.50765730752795, 25.0319920339697], [121.50766473790037, 25.03379763132513], [121.50964657705748, 25.03379084818533], [121.50963911768117, 25.031985251385237], [121.50765730752795, 25.0319920339697]]]}, "properties": {"building_count": 13, "avg_height_m": 12.41, "footprint_coverage_ratio": 0.208}}, {"type": "Feature", "geometry": {"type": "Polygon", "coordinates": [[[121.50766473790037, 25.03379763132513], [121.50767216899173, 25.035603228239825], [121.50965403715553, 25.03559644454468], [121.50964657705748, 25.03379084818533], [121.50766473790037, 25.03379763132513]]]}, "properties": {"building_count": 16, "avg_height_m": 20.56, "footprint_coverage_ratio": 0.228}}, {"type": "Feature", "geometry": {"type": "Polygon", "coordinates": [[[121.50767216899173, 25.035603228239825], [121.50767960080204, 25.037408824713786], [121.50966149797533, 25.037402040463274], [121.50965403715553, 25.03559644454468], [121.50767216899173, 25.035603228239825]]]}, "properties": {"building_count": 7, "avg_height_m": 38.18, "footprint_coverage_ratio": 0.068}}, {"type": "Feature", "geometry": {"type": "Polygon", "coordinates": [[[121.50767960080204, 25.037408824713786], [121.5076870333314, 25.039214420746966], [121.509668959517, 25.039207635941075], [121.50966149797533, 25.037402040463274], [121.50767960080204, 25.037408824713786]]]}, "properties": {"building_count": 22, "avg_height_m": 21.57, "footprint_coverage_ratio": 0.234}}, {"type": "Feature", "geometry": {"type": "Polygon", "coordinates": [[[121.5076870333314, 25.039214420746966], [121.50769446657978, 25.04102001633937], [121.5096764217805, 25.041013230978077], [121.509668959517, 25.039207635941075], [121.5076870333314, 25.039214420746966]]]}, "properties": {"building_count": 18, "avg_height_m": 14.77, "footprint_coverage_ratio": 0.296}}, {"type": "Feature", "geometry": {"type": "Polygon", "coordinates": [[[121.50769446657978, 25.04102001633937], [121.50770190054729, 25.042825611490944], [121.50968388476596, 25.042818825574244], [121.5096764217805, 25.041013230978077], [121.50769446657978, 25.04102001633937]]]}, "properties": {"building_count": 15, "avg_height_m": 34.83, "footprint_coverage_ratio": 0.191}}, {"type": "Feature", "geometry": {"type": "Polygon", "coordinates": [[[121.50770190054729, 25.042825611490944], [121.50770933523397, 25.044631206201686], [121.50969134847335, 25.044624419729548], [121.50968388476596, 25.042818825574244], [121.50770190054729, 25.042825611490944]]]}, "properties": {"building_count": 28, "avg_height_m": 20.82, "footprint_coverage_ratio": 0.19}}, {"type": "Feature", "geometry": {"type": "Polygon", "coordinates": [[[121.50770933523397, 25.044631206201686], [121.50771677063985, 25.04643680047156], [121.50969881290276, 25.04643001344398], [121.50969134847335, 25.044624419729548], [121.50770933523397, 25.044631206201686]]]}, "properties": {"building_count": 45, "avg_height_m": 27.24, "footprint_coverage_ratio": 0.237}}, {"type": "Feature", "geometry": {"type": "Polygon", "coordinates": [[[121.50771677063985, 25.04643680047156], [121.50772420676496, 25.048242394300562], [121.50970627805425, 25.048235606717526], [121.50969881290276, 25.04643001344398], [121.50771677063985, 25.04643680047156]]]}, "properties": {"building_count": 26, "avg_height_m": 21.03, "footprint_coverage_ratio": 0.274}}, {"type": "Feature", "geometry": {"type": "Polygon", "coordinates": [[[121.50772420676496, 25.048242394300562], [121.50773164360939, 25.050047987688647], [121.50971374392783, 25.05004119955013], [121.50970627805425, 25.048235606717526], [121.50772420676496, 25.048242394300562]]]}, "properties": {"building_count": 8, "avg_height_m": 4.87, "footprint_coverage_ratio": 0.066}}, {"type": "Feature", "geometry": {"type": "Polygon", "coordinates": [[[121.50773164360939, 25.050047987688647], [121.50773908117317, 25.051853580635804], [121.50972121052355, 25.05184679194179], [121.50971374392783, 25.05004119955013], [121.50773164360939, 25.050047987688647]]]}, "properties": {"building_count": 11, "avg_height_m": 27.79, "footprint_coverage_ratio": 0.236}}, {"type": "Feature", "geometry": {"type": "Polygon", "coordinates": [[[121.50773908117317, 25.051853580635804], [121.50774651945632, 25.053659173142], [121.50972867784148, 25.053652383892487], [121.50972121052355, 25.05184679194179], [121.50773908117317, 25.051853580635804]]]}, "properties": {"building_count": 62, "avg_height_m": 19.1, "footprint_coverage_ratio": 0.444}}, {"type": "Feature", "geometry": {"type": "Polygon", "coordinates": [[[121.50774651945632, 25.053659173142], [121.50775395845892, 25.055464765207216], [121.50973614588163, 25.055457975402184], [121.50972867784148, 25.053652383892487], [121.50774651945632, 25.053659173142]]]}, "properties": {"building_count": 79, "avg_height_m": 17.48, "footprint_coverage_ratio": 0.569}}, {"type": "Feature", "geometry": {"type": "Polygon", "coordinates": [[[121.50775395845892, 25.055464765207216], [121.50776139818099, 25.057270356831445], [121.5097436146441, 25.057263566470862], [121.50973614588163, 25.055457975402184], [121.50775395845892, 25.055464765207216]]]}, "properties": {"building_count": 64, "avg_height_m": 17.4, "footprint_coverage_ratio": 0.393}}, {"type": "Feature", "geometry": {"type": "Polygon", "coordinates": [[[121.50776139818099, 25.057270356831445], [121.50776883862261, 25.059075948014645], [121.50975108412891, 25.05906915709851], [121.5097436146441, 25.057263566470862], [121.50776139818099, 25.057270356831445]]]}, "properties": {"building_count": 46, "avg_height_m": 13.65, "footprint_coverage_ratio": 0.26}}, {"type": "Feature", "geometry": {"type": "Polygon", "coordinates": [[[121.50776883862261, 25.059075948014645], [121.50777627978378, 25.0608815387568], [121.50975855433609, 25.06087474728509], [121.50975108412891, 25.05906915709851], [121.50776883862261, 25.059075948014645]]]}, "properties": {"building_count": 48, "avg_height_m": 13.6, "footprint_coverage_ratio": 0.236}}, {"type": "Feature", "geometry": {"type": "Polygon", "coordinates": [[[121.50777627978378, 25.0608815387568], [121.50778372166457, 25.062687129057874], [121.50976602526568, 25.06268033703058], [121.50975855433609, 25.06087474728509], [121.50777627978378, 25.0608815387568]]]}, "properties": {"building_count": 41, "avg_height_m": 16.73, "footprint_coverage_ratio": 0.176}}, {"type": "Feature", "geometry": {"type": "Polygon", "coordinates": [[[121.50778372166457, 25.062687129057874], [121.50779116426503, 25.064492718917865], [121.50977349691777, 25.064485926334967], [121.50976602526568, 25.06268033703058], [121.50778372166457, 25.062687129057874]]]}, "properties": {"building_count": 24, "avg_height_m": 15.07, "footprint_coverage_ratio": 0.131}}, {"type": "Feature", "geometry": {"type": "Polygon", "coordinates": [[[121.50779116426503, 25.064492718917865], [121.5077986075852, 25.06629830833673], [121.50978096929235, 25.066291515198213], [121.50977349691777, 25.064485926334967], [121.50779116426503, 25.064492718917865]]]}, "properties": {"building_count": 20, "avg_height_m": 13.03, "footprint_coverage_ratio": 0.16}}, {"type": "Feature", "geometry": {"type": "Polygon", "coordinates": [[[121.5077986075852, 25.06629830833673], [121.50780605162514, 25.068103897314465], [121.50978844238954, 25.068097103620307], [121.50978096929235, 25.066291515198213], [121.5077986075852, 25.06629830833673]]]}, "properties": {"building_count": 21, "avg_height_m": 17.31, "footprint_coverage_ratio": 0.094}}, {"type": "Feature", "geometry": {"type": "Polygon", "coordinates": [[[121.50978844238954, 25.068097103620307], [121.50780605162514, 25.068103897314465], [121.5078094834681, 25.068936248983093], [121.50824591700578, 25.068926036304003], [121.50836953481759, 25.068915334487812], [121.50979105705642, 25.068728796651627], [121.50978844238954, 25.068097103620307]]]}, "properties": {"building_count": 7, "avg_height_m": 10.95, "footprint_coverage_ratio": 0.034}}, {"type": "Feature", "geometry": {"type": "Polygon", "coordinates": [[[121.50962420109359, 25.02837405646294], [121.50963165902654, 25.030179654144437], [121.51161343945705, 25.030172845693365], [121.5116076127822, 25.0287676619268], [121.51126382763435, 25.028620962024586], [121.51048814373262, 25.028371091816826], [121.50962420109359, 25.02837405646294]]]}, "properties": {"building_count": 4, "avg_height_m": 12.97, "footprint_coverage_ratio": 0.016}}, {"type": "Feature", "geometry": {"type": "Polygon", "coordinates": [[[121.50963165902654, 25.030179654144437], [121.50963911768117, 25.031985251385237], [121.5116209271127, 25.03197844237669], [121.51161343945705, 25.030172845693365], [121.50963165902654, 25.030179654144437]]]}, "properties": {"building_count": 12, "avg_height_m": 14.74, "footprint_coverage_ratio": 0.115}}, {"type": "Feature", "geometry": {"type": "Polygon", "coordinates": [[[121.50963911768117, 25.031985251385237], [121.50964657705748, 25.03379084818533], [121.51162841549285, 25.033784038619284], [121.5116209271127, 25.03197844237669], [121.50963911768117, 25.031985251385237]]]}, "properties": {"building_count": 12, "avg_height_m": 9.5, "footprint_coverage_ratio": 0.091}}, {"type": "Feature", "geometry": {"type": "Polygon", "coordinates": [[[121.50964657705748, 25.03379084818533], [121.50965403715553, 25.03559644454468], [121.51163590459754, 25.03558963442111], [121.51162841549285, 25.033784038619284], [121.50964657705748, 25.03379084818533]]]}, "properties": {"building_count": 24, "avg_height_m": 31.23, "footprint_coverage_ratio": 0.197}}, {"type": "Feature", "geometry": {"type": "Polygon", "coordinates": [[[121.50965403715553, 25.03559644454468], [121.50966149797533, 25.037402040463274], [121.51164339442683, 25.037395229782177], [121.51163590459754, 25.03558963442111], [121.50965403715553, 25.03559644454468]]]}, "properties": {"building_count": 5, "avg_height_m": 17.67, "footprint_coverage_ratio": 0.218}}, {"type": "Feature", "geometry": {"type": "Polygon", "coordinates": [[[121.50966149797533, 25.037402040463274], [121.509668959517, 25.039207635941075], [121.51165088498072, 25.039200824702434], [121.51164339442683, 25.037395229782177], [121.50966149797533, 25.037402040463274]]]}, "properties": {"building_count": 5, "avg_height_m": 12.36, "footprint_coverage_ratio": 0.04}}, {"type": "Feature", "geometry": {"type": "Polygon", "coordinates": [[[121.509668959517, 25.039207635941075], [121.5096764217805, 25.041013230978077], [121.51165837625933, 25.041006419181876], [121.51165088498072, 25.039200824702434], [121.509668959517, 25.039207635941075]]]}, "properties": {"building_count": 11, "avg_height_m": 19.43, "footprint_coverage_ratio": 0.199}}, {"type": "Feature", "geometry": {"type": "Polygon", "coordinates": [[[121.5096764217805, 25.041013230978077], [121.50968388476596, 25.042818825574244], [121.51166586826264, 25.042812013220463], [121.51165837625933, 25.041006419181876], [121.5096764217805, 25.041013230978077]]]}, "properties": {"building_count": 43, "avg_height_m": 19.68, "footprint_coverage_ratio": 0.293}}, {"type": "Feature", "geometry": {"type": "Polygon", "coordinates": [[[121.50968388476596, 25.042818825574244], [121.50969134847335, 25.044624419729548], [121.51167336099071, 25.04461760681818], [121.51166586826264, 25.042812013220463], [121.50968388476596, 25.042818825574244]]]}, "properties": {"building_count": 38, "avg_height_m": 25.34, "footprint_coverage_ratio": 0.244}}, {"type": "Feature", "geometry": {"type": "Polygon", "coordinates": [[[121.50969134847335, 25.044624419729548], [121.50969881290276, 25.04643001344398], [121.51168085444363, 25.046423199975003], [121.51167336099071, 25.04461760681818], [121.50969134847335, 25.044624419729548]]]}, "properties": {"building_count": 78, "avg_height_m": 23.8, "footprint_coverage_ratio": 0.396}}, {"type": "Feature", "geometry": {"type": "Polygon", "coordinates": [[[121.50969881290276, 25.04643001344398], [121.50970627805425, 25.048235606717526], [121.51168834862139, 25.04822879269092], [121.51168085444363, 25.046423199975003], [121.50969881290276, 25.04643001344398]]]}, "properties": {"building_count": 15, "avg_height_m": 17.59, "footprint_coverage_ratio": 0.101}}, {"type": "Feature", "geometry": {"type": "Polygon", "coordinates": [[[121.50970627805425, 25.048235606717526], [121.50971374392783, 25.05004119955013], [121.5116958435241, 25.05003438496589], [121.51168834862139, 25.04822879269092], [121.50970627805425, 25.048235606717526]]]}, "properties": {"building_count": 13, "avg_height_m": 4.54, "footprint_coverage_ratio": 0.178}}, {"type": "Feature", "geometry": {"type": "Polygon", "coordinates": [[[121.50971374392783, 25.05004119955013], [121.50972121052355, 25.05184679194179], [121.51170333915172, 25.051839976799894], [121.5116958435241, 25.05003438496589], [121.50971374392783, 25.05004119955013]]]}, "properties": {"building_count": 33, "avg_height_m": 38.66, "footprint_coverage_ratio": 0.262}}, {"type": "Feature", "geometry": {"type": "Polygon", "coordinates": [[[121.50972121052355, 25.05184679194179], [121.50972867784148, 25.053652383892487], [121.51171083550437, 25.053645568192916], [121.51170333915172, 25.051839976799894], [121.50972121052355, 25.05184679194179]]]}, "properties": {"building_count": 73, "avg_height_m": 21.23, "footprint_coverage_ratio": 0.525}}, {"type": "Feature", "geometry": {"type": "Polygon", "coordinates": [[[121.50972867784148, 25.053652383892487], [121.50973614588163, 25.055457975402184], [121.51171833258208, 25.055451159144923], [121.51171083550437, 25.053645568192916], [121.50972867784148, 25.053652383892487]]]}, "properties": {"building_count": 84, "avg_height_m": 17.7, "footprint_coverage_ratio": 0.483}}, {"type": "Feature", "geometry": {"type": "Polygon", "coordinates": [[[121.50973614588163, 25.055457975402184], [121.5097436146441, 25.057263566470862], [121.51172583038486, 25.057256749655902], [121.51171833258208, 25.055451159144923], [121.50973614588163, 25.055457975402184]]]}, "properties": {"building_count": 82, "avg_height_m": 15.32, "footprint_coverage_ratio": 0.46}}, {"type": "Feature", "geometry": {"type": "Polygon", "coordinates": [[[121.5097436146441, 25.057263566470862], [121.50975108412891, 25.05906915709851], [121.51173332891283, 25.059062339725823], [121.51172583038486, 25.057256749655902], [121.5097436146441, 25.057263566470862]]]}, "properties": {"building_count": 67, "avg_height_m": 17.72, "footprint_coverage_ratio": 0.386}}, {"type": "Feature", "geometry": {"type": "Polygon", "coordinates": [[[121.50975108412891, 25.05906915709851], [121.50975855433609, 25.06087474728509], [121.51174082816594, 25.060867929354668], [121.51173332891283, 25.059062339725823], [121.50975108412891, 25.05906915709851]]]}, "properties": {"building_count": 67, "avg_height_m": 19.41, "footprint_coverage_ratio": 0.355}}, {"type": "Feature", "geometry": {"type": "Polygon", "coordinates": [[[121.50975855433609, 25.06087474728509], [121.50976602526568, 25.06268033703058], [121.51174832814434, 25.062673518542407], [121.51174082816594, 25.060867929354668], [121.50975855433609, 25.06087474728509]]]}, "properties": {"building_count": 42, "avg_height_m": 16.5, "footprint_coverage_ratio": 0.304}}, {"type": "Feature", "geometry": {"type": "Polygon", "coordinates": [[[121.50976602526568, 25.06268033703058], [121.50977349691777, 25.064485926334967], [121.51175582884797, 25.064479107289024], [121.51174832814434, 25.062673518542407], [121.50976602526568, 25.06268033703058]]]}, "properties": {"building_count": 42, "avg_height_m": 14.21, "footprint_coverage_ratio": 0.298}}, {"type": "Feature", "geometry": {"type": "Polygon", "coordinates": [[[121.50977349691777, 25.064485926334967], [121.50978096929235, 25.066291515198213], [121.51176333027696, 25.06628469559449], [121.51175582884797, 25.064479107289024], [121.50977349691777, 25.064485926334967]]]}, "properties": {"building_count": 66, "avg_height_m": 14.42, "footprint_coverage_ratio": 0.384}}, {"type": "Feature", "geometry": {"type": "Polygon", "coordinates": [[[121.50978096929235, 25.066291515198213], [121.50978844238954, 25.068097103620307], [121.51177083243131, 25.068090283458787], [121.51176333027696, 25.06628469559449], [121.50978096929235, 25.066291515198213]]]}, "properties": {"building_count": 76, "avg_height_m": 13.83, "footprint_coverage_ratio": 0.404}}, {"type": "Feature", "geometry": {"type": "Polygon", "coordinates": [[[121.51177083243131, 25.068090283458787], [121.50978844238954, 25.068097103620307], [121.50979105705642, 25.068728796651627], [121.51026498866507, 25.068666602305132], [121.51142545217174, 25.06840823633722], [121.51161801648925, 25.068380049883544], [121.51177193752946, 25.068356239176946], [121.51177083243131, 25.068090283458787]]]}, "properties": {"building_count": 15, "avg_height_m": 14.32, "footprint_coverage_ratio": 0.076}}, {"type": "Feature", "geometry": {"type": "Polygon", "coordinates": [[[121.51161343945705, 25.030172845693365], [121.51359521916308, 25.03016601082041], [121.51359319644259, 25.029680097833626], [121.51302505794686, 25.029372501534816], [121.5116076127822, 25.0287676619268], [121.51161343945705, 25.030172845693365]]]}, "properties": {"building_count": 8, "avg_height_m": 18.03, "footprint_coverage_ratio": 0.133}}, {"type": "Feature", "geometry": {"type": "Polygon", "coordinates": [[[121.51161343945705, 25.030172845693365], [121.5116209271127, 25.03197844237669], [121.51360273581975, 25.031971606944087], [121.51359521916308, 25.03016601082041], [121.51161343945705, 25.030172845693365]]]}, "properties": {"building_count": 17, "avg_height_m": 14.54, "footprint_coverage_ratio": 0.343}}, {"type": "Feature", "geometry": {"type": "Polygon", "coordinates": [[[121.5116209271127, 25.03197844237669], [121.51162841549285, 25.033784038619284], [121.51361025320368, 25.033777202627018], [121.51360273581975, 25.031971606944087], [121.5116209271127, 25.03197844237669]]]}, "properties": {"building_count": 15, "avg_height_m": 14.76, "footprint_coverage_ratio": 0.147}}, {"type": "Feature", "geometry": {"type": "Polygon", "coordinates": [[[121.51162841549285, 25.033784038619284], [121.51163590459754, 25.03558963442111], [121.51361777131497, 25.03558279786917], [121.51361025320368, 25.033777202627018], [121.51162841549285, 25.033784038619284]]]}, "properties": {"building_count": 10, "avg_height_m": 6.35, "footprint_coverage_ratio": 0.108}}, {"type": "Feature", "geometry": {"type": "Polygon", "coordinates": [[[121.51163590459754, 25.03558963442111], [121.51164339442683, 25.037395229782177], [121.51362529015367, 25.03738839267055], [121.51361777131497, 25.03558279786917], [121.51163590459754, 25.03558963442111]]]}, "properties": {"building_count": 16, "avg_height_m": 15.59, "footprint_coverage_ratio": 0.24}}, {"type": "Feature", "geometry": {"type": "Polygon", "coordinates": [[[121.51164339442683, 25.037395229782177], [121.51165088498072, 25.039200824702434], [121.5136328097198, 25.039193987031087], [121.51362529015367, 25.03738839267055], [121.51164339442683, 25.037395229782177]]]}, "properties": {"building_count": 8, "avg_height_m": 18.99, "footprint_coverage_ratio": 0.303}}, {"type": "Feature", "geometry": {"type": "Polygon", "coordinates": [[[121.51165837625933, 25.041006419181876], [121.51166586826264, 25.042812013220463], [121.51364785103455, 25.042805174429652], [121.5136403300134, 25.040999580950807], [121.51165837625933, 25.041006419181876]]]}, "properties": {"building_count": 34, "avg_height_m": 23.12, "footprint_coverage_ratio": 0.261}}, {"type": "Feature", "geometry": {"type": "Polygon", "coordinates": [[[121.51166586826264, 25.042812013220463], [121.51167336099071, 25.04461760681818], [121.51365537278328, 25.044610767467617], [121.51364785103455, 25.042805174429652], [121.51166586826264, 25.042812013220463]]]}, "properties": {"building_count": 72, "avg_height_m": 16.72, "footprint_coverage_ratio": 0.336}}, {"type": "Feature", "geometry": {"type": "Polygon", "coordinates": [[[121.51167336099071, 25.04461760681818], [121.51168085444363, 25.046423199975003], [121.51366289525963, 25.046416360064665], [121.51365537278328, 25.044610767467617], [121.51167336099071, 25.04461760681818]]]}, "properties": {"building_count": 59, "avg_height_m": 24.85, "footprint_coverage_ratio": 0.425}}, {"type": "Feature", "geometry": {"type": "Polygon", "coordinates": [[[121.51168085444363, 25.046423199975003], [121.51168834862139, 25.04822879269092], [121.51367041846365, 25.04822195222079], [121.51366289525963, 25.046416360064665], [121.51168085444363, 25.046423199975003]]]}, "properties": {"building_count": 15, "avg_height_m": 16.87, "footprint_coverage_ratio": 0.127}}, {"type": "Feature", "geometry": {"type": "Polygon", "coordinates": [[[121.51168834862139, 25.04822879269092], [121.5116958435241, 25.05003438496589], [121.5136779423954, 25.05002754393595], [121.51367041846365, 25.04822195222079], [121.51168834862139, 25.04822879269092]]]}, "properties": {"building_count": 7, "avg_height_m": 12.83, "footprint_coverage_ratio": 0.041}}, {"type": "Feature", "geometry": {"type": "Polygon", "coordinates": [[[121.5116958435241, 25.05003438496589], [121.51170333915172, 25.051839976799894], [121.5136854670549, 25.051833135210142], [121.5136779423954, 25.05002754393595], [121.5116958435241, 25.05003438496589]]]}, "properties": {"building_count": 69, "avg_height_m": 18.49, "footprint_coverage_ratio": 0.357}}, {"type": "Feature", "geometry": {"type": "Polygon", "coordinates": [[[121.51170333915172, 25.051839976799894], [121.51171083550437, 25.053645568192916], [121.51369299244223, 25.053638726043328], [121.5136854670549, 25.051833135210142], [121.51170333915172, 25.051839976799894]]]}, "properties": {"building_count": 84, "avg_height_m": 20.77, "footprint_coverage_ratio": 0.38}}, {"type": "Feature", "geometry": {"type": "Polygon", "coordinates": [[[121.51171083550437, 25.053645568192916], [121.51171833258208, 25.055451159144923], [121.5137005185574, 25.055444316435477], [121.51369299244223, 25.053638726043328], [121.51171083550437, 25.053645568192916]]]}, "properties": {"building_count": 91, "avg_height_m": 18.46, "footprint_coverage_ratio": 0.516}}, {"type": "Feature", "geometry": {"type": "Polygon", "coordinates": [[[121.51171833258208, 25.055451159144923], [121.51172583038486, 25.057256749655902], [121.51370804540052, 25.05724990638659], [121.5137005185574, 25.055444316435477], [121.51171833258208, 25.055451159144923]]]}, "properties": {"building_count": 69, "avg_height_m": 24.51, "footprint_coverage_ratio": 0.446}}, {"type": "Feature", "geometry": {"type": "Polygon", "coordinates": [[[121.51172583038486, 25.057256749655902], [121.51173332891283, 25.059062339725823], [121.51371557297153, 25.059055495896633], [121.51370804540052, 25.05724990638659], [121.51172583038486, 25.057256749655902]]]}, "properties": {"building_count": 77, "avg_height_m": 19.2, "footprint_coverage_ratio": 0.431}}, {"type": "Feature", "geometry": {"type": "Polygon", "coordinates": [[[121.51173332891283, 25.059062339725823], [121.51174082816594, 25.060867929354668], [121.51372310127059, 25.06086108496557], [121.51371557297153, 25.059055495896633], [121.51173332891283, 25.059062339725823]]]}, "properties": {"building_count": 47, "avg_height_m": 20.29, "footprint_coverage_ratio": 0.25}}, {"type": "Feature", "geometry": {"type": "Polygon", "coordinates": [[[121.51174082816594, 25.060867929354668], [121.51174832814434, 25.062673518542407], [121.51373063029769, 25.062666673593395], [121.51372310127059, 25.06086108496557], [121.51174082816594, 25.060867929354668]]]}, "properties": {"building_count": 26, "avg_height_m": 17.52, "footprint_coverage_ratio": 0.295}}, {"type": "Feature", "geometry": {"type": "Polygon", "coordinates": [[[121.51174832814434, 25.062673518542407], [121.51175582884797, 25.064479107289024], [121.51373816005287, 25.064472261780082], [121.51373063029769, 25.062666673593395], [121.51174832814434, 25.062673518542407]]]}, "properties": {"building_count": 24, "avg_height_m": 17.98, "footprint_coverage_ratio": 0.201}}, {"type": "Feature", "geometry": {"type": "Polygon", "coordinates": [[[121.51175582884797, 25.064479107289024], [121.51176333027696, 25.06628469559449], [121.51374569053618, 25.0662778495256], [121.51373816005287, 25.064472261780082], [121.51175582884797, 25.064479107289024]]]}, "properties": {"building_count": 48, "avg_height_m": 13.28, "footprint_coverage_ratio": 0.353}}, {"type": "Feature", "geometry": {"type": "Polygon", "coordinates": [[[121.51374569053618, 25.0662778495256], [121.51176333027696, 25.06628469559449], [121.51177083243131, 25.068090283458787], [121.51345265586659, 25.068084476604437], [121.51375301390232, 25.068033608820407], [121.51374569053618, 25.0662778495256]]]}, "properties": {"building_count": 46, "avg_height_m": 17.07, "footprint_coverage_ratio": 0.406}}, {"type": "Feature", "geometry": {"type": "Polygon", "coordinates": [[[121.51177083243131, 25.068090283458787], [121.51177193752946, 25.068356239176946], [121.51249793919528, 25.0682439285919], [121.51280221769343, 25.068194630745403], [121.51345265586659, 25.068084476604437], [121.51177083243131, 25.068090283458787]]]}, "properties": {"building_count": 6, "avg_height_m": 14.64, "footprint_coverage_ratio": 0.05}}, {"type": "Feature", "geometry": {"type": "Polygon", "coordinates": [[[121.51359521916308, 25.03016601082041], [121.51448502051498, 25.030162933427984], [121.51359319644259, 25.029680097833626], [121.51359521916308, 25.03016601082041]]]}, "properties": {"building_count": 3, "avg_height_m": 16.28, "footprint_coverage_ratio": 0.049}}, {"type": "Feature", "geometry": {"type": "Polygon", "coordinates": [[[121.51359521916308, 25.03016601082041], [121.51360273581975, 25.031971606944087], [121.51558454379945, 25.03196474508747], [121.51557850820424, 25.030520505400926], [121.51551280135045, 25.030530303859877], [121.51514108010352, 25.0305753944894], [121.51469698022537, 25.03027768754181], [121.51448502051498, 25.030162933427984], [121.51359521916308, 25.03016601082041]]]}, "properties": {"building_count": 23, "avg_height_m": 21.75, "footprint_coverage_ratio": 0.182}}, {"type": "Feature", "geometry": {"type": "Polygon", "coordinates": [[[121.51360273581975, 25.031971606944087], [121.51361025320368, 25.033777202627018], [121.51559209018717, 25.03377034020858], [121.51558454379945, 25.03196474508747], [121.51360273581975, 25.031971606944087]]]}, "properties": {"building_count": 28, "avg_height_m": 23.16, "footprint_coverage_ratio": 0.271}}, {"type": "Feature", "geometry": {"type": "Polygon", "coordinates": [[[121.51361025320368, 25.033777202627018], [121.51361777131497, 25.03558279786917], [121.51559963730502, 25.035575934888893], [121.51559209018717, 25.03377034020858], [121.51361025320368, 25.033777202627018]]]}, "properties": {"building_count": 1, "avg_height_m": 9.3, "footprint_coverage_ratio": 0.055}}, {"type": "Feature", "geometry": {"type": "Polygon", "coordinates": [[[121.51361777131497, 25.03558279786917], [121.51362529015367, 25.03738839267055], [121.51560718515307, 25.037381529128407], [121.51559963730502, 25.035575934888893], [121.51361777131497, 25.03558279786917]]]}, "properties": {"building_count": 15, "avg_height_m": 19.26, "footprint_coverage_ratio": 0.393}}, {"type": "Feature", "geometry": {"type": "Polygon", "coordinates": [[[121.51362529015367, 25.03738839267055], [121.5136328097198, 25.039193987031087], [121.51561473373135, 25.039187122927082], [121.51560718515307, 25.037381529128407], [121.51362529015367, 25.03738839267055]]]}, "properties": {"building_count": 10, "avg_height_m": 17.83, "footprint_coverage_ratio": 0.182}}, {"type": "Feature", "geometry": {"type": "Polygon", "coordinates": [[[121.5136328097198, 25.039193987031087], [121.5136403300134, 25.040999580950807], [121.51562228303997, 25.040992716284908], [121.51561473373135, 25.039187122927082], [121.5136328097198, 25.039193987031087]]]}, "properties": {"building_count": 5, "avg_height_m": 9.12, "footprint_coverage_ratio": 0.083}}, {"type": "Feature", "geometry": {"type": "Polygon", "coordinates": [[[121.5136403300134, 25.040999580950807], [121.51364785103455, 25.042805174429652], [121.51562983307889, 25.04279830920185], [121.51562228303997, 25.040992716284908], [121.5136403300134, 25.040999580950807]]]}, "properties": {"building_count": 1, "avg_height_m": 7.82, "footprint_coverage_ratio": 0.01}}, {"type": "Feature", "geometry": {"type": "Polygon", "coordinates": [[[121.51364785103455, 25.042805174429652], [121.51365537278328, 25.044610767467617], [121.51563738384819, 25.044603901677892], [121.51562983307889, 25.04279830920185], [121.51364785103455, 25.042805174429652]]]}, "properties": {"building_count": 28, "avg_height_m": 26.61, "footprint_coverage_ratio": 0.226}}, {"type": "Feature", "geometry": {"type": "Polygon", "coordinates": [[[121.51365537278328, 25.044610767467617], [121.51366289525963, 25.046416360064665], [121.51564493534795, 25.046409493713007], [121.51563738384819, 25.044603901677892], [121.51365537278328, 25.044610767467617]]]}, "properties": {"building_count": 53, "avg_height_m": 26.7, "footprint_coverage_ratio": 0.312}}, {"type": "Feature", "geometry": {"type": "Polygon", "coordinates": [[[121.51366289525963, 25.046416360064665], [121.51367041846365, 25.04822195222079], [121.51565248757818, 25.04821508530718], [121.51564493534795, 25.046409493713007], [121.51366289525963, 25.046416360064665]]]}, "properties": {"building_count": 4, "avg_height_m": 17.59, "footprint_coverage_ratio": 0.066}}, {"type": "Feature", "geometry": {"type": "Polygon", "coordinates": [[[121.51367041846365, 25.04822195222079], [121.5136779423954, 25.05002754393595], [121.51566004053893, 25.05002067646037], [121.51565248757818, 25.04821508530718], [121.51367041846365, 25.04822195222079]]]}, "properties": {"building_count": 36, "avg_height_m": 18.28, "footprint_coverage_ratio": 0.202}}, {"type": "Feature", "geometry": {"type": "Polygon", "coordinates": [[[121.5136779423954, 25.05002754393595], [121.5136854670549, 25.051833135210142], [121.51566759423027, 25.051826267172576], [121.51566004053893, 25.05002067646037], [121.5136779423954, 25.05002754393595]]]}, "properties": {"building_count": 94, "avg_height_m": 15.8, "footprint_coverage_ratio": 0.393}}, {"type": "Feature", "geometry": {"type": "Polygon", "coordinates": [[[121.5136854670549, 25.051833135210142], [121.51369299244223, 25.053638726043328], [121.51567514865222, 25.053631857443758], [121.51566759423027, 25.051826267172576], [121.5136854670549, 25.051833135210142]]]}, "properties": {"building_count": 96, "avg_height_m": 19.53, "footprint_coverage_ratio": 0.429}}, {"type": "Feature", "geometry": {"type": "Polygon", "coordinates": [[[121.51369299244223, 25.053638726043328], [121.5137005185574, 25.055444316435477], [121.51568270380484, 25.0554374472739], [121.51567514865222, 25.053631857443758], [121.51369299244223, 25.053638726043328]]]}, "properties": {"building_count": 66, "avg_height_m": 25.25, "footprint_coverage_ratio": 0.417}}, {"type": "Feature", "geometry": {"type": "Polygon", "coordinates": [[[121.5137005185574, 25.055444316435477], [121.51370804540052, 25.05724990638659], [121.51569025968817, 25.057243036662978], [121.51568270380484, 25.0554374472739], [121.5137005185574, 25.055444316435477]]]}, "properties": {"building_count": 65, "avg_height_m": 20.68, "footprint_coverage_ratio": 0.36}}, {"type": "Feature", "geometry": {"type": "Polygon", "coordinates": [[[121.51370804540052, 25.05724990638659], [121.51371557297153, 25.059055495896633], [121.51569781630226, 25.059048625610966], [121.51569025968817, 25.057243036662978], [121.51370804540052, 25.05724990638659]]]}, "properties": {"building_count": 49, "avg_height_m": 20.4, "footprint_coverage_ratio": 0.296}}, {"type": "Feature", "geometry": {"type": "Polygon", "coordinates": [[[121.51371557297153, 25.059055495896633], [121.51372310127059, 25.06086108496557], [121.51570537364718, 25.060854214117843], [121.51569781630226, 25.059048625610966], [121.51371557297153, 25.059055495896633]]]}, "properties": {"building_count": 60, "avg_height_m": 22.29, "footprint_coverage_ratio": 0.505}}, {"type": "Feature", "geometry": {"type": "Polygon", "coordinates": [[[121.51372310127059, 25.06086108496557], [121.51373063029769, 25.062666673593395], [121.51571293172293, 25.062659802183585], [121.51570537364718, 25.060854214117843], [121.51372310127059, 25.06086108496557]]]}, "properties": {"building_count": 50, "avg_height_m": 19.48, "footprint_coverage_ratio": 0.305}}, {"type": "Feature", "geometry": {"type": "Polygon", "coordinates": [[[121.51373063029769, 25.062666673593395], [121.51373816005287, 25.064472261780082], [121.51572049052959, 25.064465389808177], [121.51571293172293, 25.062659802183585], [121.51373063029769, 25.062666673593395]]]}, "properties": {"building_count": 34, "avg_height_m": 14.78, "footprint_coverage_ratio": 0.268}}, {"type": "Feature", "geometry": {"type": "Polygon", "coordinates": [[[121.51373816005287, 25.064472261780082], [121.51374569053618, 25.0662778495256], [121.5157280500672, 25.066270976991582], [121.51572049052959, 25.064465389808177], [121.51373816005287, 25.064472261780082]]]}, "properties": {"building_count": 55, "avg_height_m": 16.09, "footprint_coverage_ratio": 0.504}}, {"type": "Feature", "geometry": {"type": "Polygon", "coordinates": [[[121.5157280500672, 25.066270976991582], [121.51374569053618, 25.0662778495256], [121.51375301390232, 25.068033608820407], [121.51395027630473, 25.068000200667544], [121.51409707958155, 25.067968479491494], [121.51424626400414, 25.06794794798489], [121.51455490622294, 25.067891239298795], [121.51496229426192, 25.067816310035163], [121.51547061978347, 25.06772421296161], [121.51573390386372, 25.06766902957016], [121.5157280500672, 25.066270976991582]]]}, "properties": {"building_count": 55, "avg_height_m": 16.72, "footprint_coverage_ratio": 0.437}}, {"type": "Feature", "geometry": {"type": "Polygon", "coordinates": [[[121.51558454379945, 25.03196474508747], [121.51756635104908, 25.03195785680688], [121.51755893174857, 25.0301892967306], [121.5172908521515, 25.03023332877681], [121.51684584228796, 25.03031121668352], [121.51658437796867, 25.03035980924894], [121.51653686807074, 25.03036869398966], [121.51630905570833, 25.030411561288215], [121.51557850820424, 25.030520505400926], [121.51558454379945, 25.03196474508747]]]}, "properties": {"building_count": 61, "avg_height_m": 18.73, "footprint_coverage_ratio": 0.321}}, {"type": "Feature", "geometry": {"type": "Polygon", "coordinates": [[[121.51558454379945, 25.03196474508747], [121.51559209018717, 25.03377034020858], [121.51757392644049, 25.033763451364003], [121.51756635104908, 25.03195785680688], [121.51558454379945, 25.03196474508747]]]}, "properties": {"building_count": 36, "avg_height_m": 19.32, "footprint_coverage_ratio": 0.301}}, {"type": "Feature", "geometry": {"type": "Polygon", "coordinates": [[[121.51559209018717, 25.03377034020858], [121.51559963730502, 25.035575934888893], [121.51758150256487, 25.035569045480308], [121.51757392644049, 25.033763451364003], [121.51559209018717, 25.03377034020858]]]}, "properties": {"building_count": 4, "avg_height_m": 10.12, "footprint_coverage_ratio": 0.066}}, {"type": "Feature", "geometry": {"type": "Polygon", "coordinates": [[[121.51559963730502, 25.035575934888893], [121.51560718515307, 25.037381529128407], [121.51758907942222, 25.0373746391558], [121.51758150256487, 25.035569045480308], [121.51559963730502, 25.035575934888893]]]}, "properties": {"building_count": 6, "avg_height_m": 15.21, "footprint_coverage_ratio": 0.137}}, {"type": "Feature", "geometry": {"type": "Polygon", "coordinates": [[[121.51560718515307, 25.037381529128407], [121.51561473373135, 25.039187122927082], [121.51759665701266, 25.03918023239044], [121.51758907942222, 25.0373746391558], [121.51560718515307, 25.037381529128407]]]}, "properties": {"building_count": 5, "avg_height_m": 21.28, "footprint_coverage_ratio": 0.256}}, {"type": "Feature", "geometry": {"type": "Polygon", "coordinates": [[[121.51561473373135, 25.039187122927082], [121.51562228303997, 25.040992716284908], [121.51760423533618, 25.04098582518421], [121.51759665701266, 25.03918023239044], [121.51561473373135, 25.039187122927082]]]}, "properties": {"building_count": 7, "avg_height_m": 11.54, "footprint_coverage_ratio": 0.071}}, {"type": "Feature", "geometry": {"type": "Polygon", "coordinates": [[[121.51562228303997, 25.040992716284908], [121.51562983307889, 25.04279830920185], [121.51761181439282, 25.042791417537092], [121.51760423533618, 25.04098582518421], [121.51562228303997, 25.040992716284908]]]}, "properties": {"building_count": 13, "avg_height_m": 14.47, "footprint_coverage_ratio": 0.405}}, {"type": "Feature", "geometry": {"type": "Polygon", "coordinates": [[[121.51562983307889, 25.04279830920185], [121.51563738384819, 25.044603901677892], [121.5176193941827, 25.044597009449046], [121.51761181439282, 25.042791417537092], [121.51562983307889, 25.04279830920185]]]}, "properties": {"building_count": 36, "avg_height_m": 26.87, "footprint_coverage_ratio": 0.413}}, {"type": "Feature", "geometry": {"type": "Polygon", "coordinates": [[[121.51563738384819, 25.044603901677892], [121.51564493534795, 25.046409493713007], [121.51762697470579, 25.046402600920064], [121.5176193941827, 25.044597009449046], [121.51563738384819, 25.044603901677892]]]}, "properties": {"building_count": 49, "avg_height_m": 27.92, "footprint_coverage_ratio": 0.333}}, {"type": "Feature", "geometry": {"type": "Polygon", "coordinates": [[[121.51565248757818, 25.04821508530718], [121.51566004053893, 25.05002067646037], [121.51764213795191, 25.050013782539175], [121.51763455596219, 25.048208191950117], [121.51565248757818, 25.04821508530718]]]}, "properties": {"building_count": 24, "avg_height_m": 39.15, "footprint_coverage_ratio": 0.243}}, {"type": "Feature", "geometry": {"type": "Polygon", "coordinates": [[[121.51566004053893, 25.05002067646037], [121.51566759423027, 25.051826267172576], [121.51764972067501, 25.05181937268723], [121.51764213795191, 25.050013782539175], [121.51566004053893, 25.05002067646037]]]}, "properties": {"building_count": 75, "avg_height_m": 18.67, "footprint_coverage_ratio": 0.38}}, {"type": "Feature", "geometry": {"type": "Polygon", "coordinates": [[[121.51566759423027, 25.051826267172576], [121.51567514865222, 25.053631857443758], [121.51765730413156, 25.053624962394252], [121.51764972067501, 25.05181937268723], [121.51566759423027, 25.051826267172576]]]}, "properties": {"building_count": 85, "avg_height_m": 17.19, "footprint_coverage_ratio": 0.384}}, {"type": "Feature", "geometry": {"type": "Polygon", "coordinates": [[[121.51567514865222, 25.053631857443758], [121.51568270380484, 25.0554374472739], [121.51766488832156, 25.05543055166021], [121.51765730413156, 25.053624962394252], [121.51567514865222, 25.053631857443758]]]}, "properties": {"building_count": 44, "avg_height_m": 24.22, "footprint_coverage_ratio": 0.335}}, {"type": "Feature", "geometry": {"type": "Polygon", "coordinates": [[[121.51568270380484, 25.0554374472739], [121.51569025968817, 25.057243036662978], [121.51767247324509, 25.057236140485095], [121.51766488832156, 25.05543055166021], [121.51568270380484, 25.0554374472739]]]}, "properties": {"building_count": 42, "avg_height_m": 17.97, "footprint_coverage_ratio": 0.34}}, {"type": "Feature", "geometry": {"type": "Polygon", "coordinates": [[[121.51569025968817, 25.057243036662978], [121.51569781630226, 25.059048625610966], [121.5176800589022, 25.059041728868866], [121.51767247324509, 25.057236140485095], [121.51569025968817, 25.057243036662978]]]}, "properties": {"building_count": 61, "avg_height_m": 15.06, "footprint_coverage_ratio": 0.359}}, {"type": "Feature", "geometry": {"type": "Polygon", "coordinates": [[[121.51569781630226, 25.059048625610966], [121.51570537364718, 25.060854214117843], [121.51768764529291, 25.06084731681152], [121.5176800589022, 25.059041728868866], [121.51569781630226, 25.059048625610966]]]}, "properties": {"building_count": 31, "avg_height_m": 12.46, "footprint_coverage_ratio": 0.251}}, {"type": "Feature", "geometry": {"type": "Polygon", "coordinates": [[[121.51570537364718, 25.060854214117843], [121.51571293172293, 25.062659802183585], [121.5176952324173, 25.062652904313012], [121.51768764529291, 25.06084731681152], [121.51570537364718, 25.060854214117843]]]}, "properties": {"building_count": 27, "avg_height_m": 28.43, "footprint_coverage_ratio": 0.284}}, {"type": "Feature", "geometry": {"type": "Polygon", "coordinates": [[[121.51571293172293, 25.062659802183585], [121.51572049052959, 25.064465389808177], [121.51770282027537, 25.064458491373344], [121.5176952324173, 25.062652904313012], [121.51571293172293, 25.062659802183585]]]}, "properties": {"building_count": 36, "avg_height_m": 22.29, "footprint_coverage_ratio": 0.363}}, {"type": "Feature", "geometry": {"type": "Polygon", "coordinates": [[[121.51572049052959, 25.064465389808177], [121.5157280500672, 25.066270976991582], [121.51771040886726, 25.066264077992468], [121.51770282027537, 25.064458491373344], [121.51572049052959, 25.064465389808177]]]}, "properties": {"building_count": 27, "avg_height_m": 18.01, "footprint_coverage_ratio": 0.26}}, {"type": "Feature", "geometry": {"type": "Polygon", "coordinates": [[[121.51771040886726, 25.066264077992468], [121.5157280500672, 25.066270976991582], [121.51573390386372, 25.06766902957016], [121.51662279581842, 25.067482717226888], [121.51703054913199, 25.067385502816084], [121.5177143468366, 25.067200987169393], [121.51771040886726, 25.066264077992468]]]}, "properties": {"building_count": 38, "avg_height_m": 19.67, "footprint_coverage_ratio": 0.299}}, {"type": "Feature", "geometry": {"type": "Polygon", "coordinates": [[[121.51954055390645, 25.03014534767059], [121.51953786171542, 25.029506007557558], [121.519200849918, 25.0296172029137], [121.51805735420807, 25.03011484797811], [121.51781086051417, 25.03015138379035], [121.51954055390645, 25.03014534767059]]]}, "properties": {"building_count": 16, "avg_height_m": 25.77, "footprint_coverage_ratio": 0.061}}, {"type": "Feature", "geometry": {"type": "Polygon", "coordinates": [[[121.51756635104908, 25.03195785680688], [121.51954815756582, 25.031950942102352], [121.51954055390645, 25.03014534767059], [121.51781086051417, 25.03015138379035], [121.51759461008173, 25.030183436529327], [121.51755893174857, 25.0301892967306], [121.51756635104908, 25.03195785680688]]]}, "properties": {"building_count": 71, "avg_height_m": 21.99, "footprint_coverage_ratio": 0.365}}, {"type": "Feature", "geometry": {"type": "Polygon", "coordinates": [[[121.51756635104908, 25.03195785680688], [121.51757392644049, 25.033763451364003], [121.51955576196087, 25.03375653609332], [121.51954815756582, 25.031950942102352], [121.51756635104908, 25.03195785680688]]]}, "properties": {"building_count": 50, "avg_height_m": 22.67, "footprint_coverage_ratio": 0.244}}, {"type": "Feature", "geometry": {"type": "Polygon", "coordinates": [[[121.51757392644049, 25.033763451364003], [121.51758150256487, 25.035569045480308], [121.51956336709168, 25.035562129643463], [121.51955576196087, 25.03375653609332], [121.51757392644049, 25.033763451364003]]]}, "properties": {"building_count": 14, "avg_height_m": 23.96, "footprint_coverage_ratio": 0.077}}, {"type": "Feature", "geometry": {"type": "Polygon", "coordinates": [[[121.51758907942222, 25.0373746391558], [121.51759665701266, 25.03918023239044], [121.51957857956083, 25.03917331542121], [121.51957097295832, 25.03736772275278], [121.51758907942222, 25.0373746391558]]]}, "properties": {"building_count": 9, "avg_height_m": 37.34, "footprint_coverage_ratio": 0.099}}, {"type": "Feature", "geometry": {"type": "Polygon", "coordinates": [[[121.51759665701266, 25.03918023239044], [121.51760423533618, 25.04098582518421], [121.51958618689923, 25.040978907648768], [121.51957857956083, 25.03917331542121], [121.51759665701266, 25.03918023239044]]]}, "properties": {"building_count": 15, "avg_height_m": 30.22, "footprint_coverage_ratio": 0.245}}, {"type": "Feature", "geometry": {"type": "Polygon", "coordinates": [[[121.51760423533618, 25.04098582518421], [121.51761181439282, 25.042791417537092], [121.5195937949736, 25.042784499435413], [121.51958618689923, 25.040978907648768], [121.51760423533618, 25.04098582518421]]]}, "properties": {"building_count": 21, "avg_height_m": 28.13, "footprint_coverage_ratio": 0.303}}, {"type": "Feature", "geometry": {"type": "Polygon", "coordinates": [[[121.51761181439282, 25.042791417537092], [121.5176193941827, 25.044597009449046], [121.51960140378397, 25.04459009078112], [121.5195937949736, 25.042784499435413], [121.51761181439282, 25.042791417537092]]]}, "properties": {"building_count": 20, "avg_height_m": 38.28, "footprint_coverage_ratio": 0.182}}, {"type": "Feature", "geometry": {"type": "Polygon", "coordinates": [[[121.5176193941827, 25.044597009449046], [121.51762697470579, 25.046402600920064], [121.51960901333034, 25.04639568168588], [121.51960140378397, 25.04459009078112], [121.5176193941827, 25.044597009449046]]]}, "properties": {"building_count": 13, "avg_height_m": 37.65, "footprint_coverage_ratio": 0.099}}, {"type": "Feature", "geometry": {"type": "Polygon", "coordinates": [[[121.51762697470579, 25.046402600920064], [121.51763455596219, 25.048208191950117], [121.51961662361286, 25.048201272149647], [121.51960901333034, 25.04639568168588], [121.51762697470579, 25.046402600920064]]]}, "properties": {"building_count": 12, "avg_height_m": 14.51, "footprint_coverage_ratio": 0.084}}, {"type": "Feature", "geometry": {"type": "Polygon", "coordinates": [[[121.51763455596219, 25.048208191950117], [121.51764213795191, 25.050013782539175], [121.5196242346315, 25.05000686217241], [121.51961662361286, 25.048201272149647], [121.51763455596219, 25.048208191950117]]]}, "properties": {"building_count": 34, "avg_height_m": 33.43, "footprint_coverage_ratio": 0.453}}, {"type": "Feature", "geometry": {"type": "Polygon", "coordinates": [[[121.51764213795191, 25.050013782539175], [121.51764972067501, 25.05181937268723], [121.51963184638633, 25.051812451754156], [121.5196242346315, 25.05000686217241], [121.51764213795191, 25.050013782539175]]]}, "properties": {"building_count": 51, "avg_height_m": 19.49, "footprint_coverage_ratio": 0.418}}, {"type": "Feature", "geometry": {"type": "Polygon", "coordinates": [[[121.51764972067501, 25.05181937268723], [121.51765730413156, 25.053624962394252], [121.51963945887739, 25.05361804089484], [121.51963184638633, 25.051812451754156], [121.51764972067501, 25.05181937268723]]]}, "properties": {"building_count": 52, "avg_height_m": 21.1, "footprint_coverage_ratio": 0.348}}, {"type": "Feature", "geometry": {"type": "Polygon", "coordinates": [[[121.51765730413156, 25.053624962394252], [121.51766488832156, 25.05543055166021], [121.51964707210476, 25.055423629594454], [121.51963945887739, 25.05361804089484], [121.51765730413156, 25.053624962394252]]]}, "properties": {"building_count": 25, "avg_height_m": 17.22, "footprint_coverage_ratio": 0.149}}, {"type": "Feature", "geometry": {"type": "Polygon", "coordinates": [[[121.51766488832156, 25.05543055166021], [121.51767247324509, 25.057236140485095], [121.51965468606845, 25.057229217852978], [121.51964707210476, 25.055423629594454], [121.51766488832156, 25.05543055166021]]]}, "properties": {"building_count": 43, "avg_height_m": 16.8, "footprint_coverage_ratio": 0.257}}, {"type": "Feature", "geometry": {"type": "Polygon", "coordinates": [[[121.51767247324509, 25.057236140485095], [121.5176800589022, 25.059041728868866], [121.5196623007685, 25.05903480567038], [121.51965468606845, 25.057229217852978], [121.51767247324509, 25.057236140485095]]]}, "properties": {"building_count": 62, "avg_height_m": 17.34, "footprint_coverage_ratio": 0.422}}, {"type": "Feature", "geometry": {"type": "Polygon", "coordinates": [[[121.5176800589022, 25.059041728868866], [121.51768764529291, 25.06084731681152], [121.51966991620499, 25.060840393046636], [121.5196623007685, 25.05903480567038], [121.5176800589022, 25.059041728868866]]]}, "properties": {"building_count": 43, "avg_height_m": 17.99, "footprint_coverage_ratio": 0.3}}, {"type": "Feature", "geometry": {"type": "Polygon", "coordinates": [[[121.51768764529291, 25.06084731681152], [121.5176952324173, 25.062652904313012], [121.51967753237795, 25.062645979981717], [121.51966991620499, 25.060840393046636], [121.51768764529291, 25.06084731681152]]]}, "properties": {"building_count": 20, "avg_height_m": 21.7, "footprint_coverage_ratio": 0.427}}, {"type": "Feature", "geometry": {"type": "Polygon", "coordinates": [[[121.5176952324173, 25.062652904313012], [121.51770282027537, 25.064458491373344], [121.51968514928743, 25.064451566475622], [121.51967753237795, 25.062645979981717], [121.5176952324173, 25.062652904313012]]]}, "properties": {"building_count": 33, "avg_height_m": 24.59, "footprint_coverage_ratio": 0.254}}, {"type": "Feature", "geometry": {"type": "Polygon", "coordinates": [[[121.51770282027537, 25.064458491373344], [121.51771040886726, 25.066264077992468], [121.51969276693346, 25.066257152528312], [121.51968514928743, 25.064451566475622], [121.51770282027537, 25.064458491373344]]]}, "properties": {"building_count": 35, "avg_height_m": 21.02, "footprint_coverage_ratio": 0.312}}, {"type": "Feature", "geometry": {"type": "Polygon", "coordinates": [[[121.51969276693346, 25.066257152528312], [121.51771040886726, 25.066264077992468], [121.5177143468366, 25.067200987169393], [121.51824693612276, 25.06705727097468], [121.51866538725842, 25.066930952868184], [121.51911109846989, 25.066786278400524], [121.51933879864848, 25.066740862702492], [121.51969448790322, 25.066665044195297], [121.51969276693346, 25.066257152528312]]]}, "properties": {"building_count": 11, "avg_height_m": 15.71, "footprint_coverage_ratio": 0.171}}, {"type": "Feature", "geometry": {"type": "Polygon", "coordinates": [[[121.51954055390645, 25.03014534767059], [121.52152233068666, 25.03013840711046], [121.5215170992205, 25.02890074223653], [121.52102945845525, 25.029013851141368], [121.51953786171542, 25.029506007557558], [121.51954055390645, 25.03014534767059]]]}, "properties": {"building_count": 23, "avg_height_m": 31.37, "footprint_coverage_ratio": 0.13}}, {"type": "Feature", "geometry": {"type": "Polygon", "coordinates": [[[121.51954055390645, 25.03014534767059], [121.51954815756582, 25.031950942102352], [121.5215299633468, 25.03194400097393], [121.52152233068666, 25.03013840711046], [121.51954055390645, 25.03014534767059]]]}, "properties": {"building_count": 50, "avg_height_m": 23.68, "footprint_coverage_ratio": 0.308}}, {"type": "Feature", "geometry": {"type": "Polygon", "coordinates": [[[121.51954815756582, 25.031950942102352], [121.51955576196087, 25.03375653609332], [121.52153759674549, 25.03374959439658], [121.5215299633468, 25.03194400097393], [121.51954815756582, 25.031950942102352]]]}, "properties": {"building_count": 36, "avg_height_m": 23.13, "footprint_coverage_ratio": 0.499}}, {"type": "Feature", "geometry": {"type": "Polygon", "coordinates": [[[121.51955576196087, 25.03375653609332], [121.51956336709168, 25.035562129643463], [121.52154523088272, 25.035555187378392], [121.52153759674549, 25.03374959439658], [121.51955576196087, 25.03375653609332]]]}, "properties": {"building_count": 1, "avg_height_m": 3.76, "footprint_coverage_ratio": 0.033}}, {"type": "Feature", "geometry": {"type": "Polygon", "coordinates": [[[121.51956336709168, 25.035562129643463], [121.51957097295832, 25.03736772275278], [121.5215528657586, 25.037360779919354], [121.52154523088272, 25.035555187378392], [121.51956336709168, 25.035562129643463]]]}, "properties": {"building_count": 3, "avg_height_m": 20.04, "footprint_coverage_ratio": 0.071}}, {"type": "Feature", "geometry": {"type": "Polygon", "coordinates": [[[121.51957097295832, 25.03736772275278], [121.51957857956083, 25.03917331542121], [121.5215605013731, 25.03916637201943], [121.5215528657586, 25.037360779919354], [121.51957097295832, 25.03736772275278]]]}, "properties": {"building_count": 11, "avg_height_m": 18.1, "footprint_coverage_ratio": 0.184}}, {"type": "Feature", "geometry": {"type": "Polygon", "coordinates": [[[121.51957857956083, 25.03917331542121], [121.51958618689923, 25.040978907648768], [121.52156813772635, 25.040971963678608], [121.5215605013731, 25.03916637201943], [121.51957857956083, 25.03917331542121]]]}, "properties": {"building_count": 31, "avg_height_m": 41.71, "footprint_coverage_ratio": 0.467}}, {"type": "Feature", "geometry": {"type": "Polygon", "coordinates": [[[121.51958618689923, 25.040978907648768], [121.5195937949736, 25.042784499435413], [121.52157577481836, 25.04277755489685], [121.52156813772635, 25.040971963678608], [121.51958618689923, 25.040978907648768]]]}, "properties": {"building_count": 18, "avg_height_m": 34.5, "footprint_coverage_ratio": 0.241}}, {"type": "Feature", "geometry": {"type": "Polygon", "coordinates": [[[121.5195937949736, 25.042784499435413], [121.51960140378397, 25.04459009078112], [121.52158341264916, 25.04458314567415], [121.52157577481836, 25.04277755489685], [121.5195937949736, 25.042784499435413]]]}, "properties": {"building_count": 20, "avg_height_m": 13.85, "footprint_coverage_ratio": 0.286}}, {"type": "Feature", "geometry": {"type": "Polygon", "coordinates": [[[121.51960140378397, 25.04459009078112], [121.51960901333034, 25.04639568168588], [121.52159105121882, 25.04638873601047], [121.52158341264916, 25.04458314567415], [121.51960140378397, 25.04459009078112]]]}, "properties": {"building_count": 13, "avg_height_m": 18.46, "footprint_coverage_ratio": 0.172}}, {"type": "Feature", "geometry": {"type": "Polygon", "coordinates": [[[121.51960901333034, 25.04639568168588], [121.51961662361286, 25.048201272149647], [121.52159869052738, 25.0481943259058], [121.52159105121882, 25.04638873601047], [121.51960901333034, 25.04639568168588]]]}, "properties": {"building_count": 19, "avg_height_m": 15.54, "footprint_coverage_ratio": 0.213}}, {"type": "Feature", "geometry": {"type": "Polygon", "coordinates": [[[121.51961662361286, 25.048201272149647], [121.5196242346315, 25.05000686217241], [121.52160633057491, 25.049999915360107], [121.52159869052738, 25.0481943259058], [121.51961662361286, 25.048201272149647]]]}, "properties": {"building_count": 46, "avg_height_m": 21.7, "footprint_coverage_ratio": 0.241}}, {"type": "Feature", "geometry": {"type": "Polygon", "coordinates": [[[121.5196242346315, 25.05000686217241], [121.51963184638633, 25.051812451754156], [121.52161397136142, 25.05180550437337], [121.52160633057491, 25.049999915360107], [121.5196242346315, 25.05000686217241]]]}, "properties": {"building_count": 41, "avg_height_m": 18.25, "footprint_coverage_ratio": 0.286}}, {"type": "Feature", "geometry": {"type": "Polygon", "coordinates": [[[121.51963184638633, 25.051812451754156], [121.51963945887739, 25.05361804089484], [121.52162161288696, 25.053611092945566], [121.52161397136142, 25.05180550437337], [121.51963184638633, 25.051812451754156]]]}, "properties": {"building_count": 55, "avg_height_m": 24.32, "footprint_coverage_ratio": 0.46}}, {"type": "Feature", "geometry": {"type": "Polygon", "coordinates": [[[121.51963945887739, 25.05361804089484], [121.51964707210476, 25.055423629594454], [121.52162925515161, 25.05541668107667], [121.52162161288696, 25.053611092945566], [121.51963945887739, 25.05361804089484]]]}, "properties": {"building_count": 63, "avg_height_m": 15.92, "footprint_coverage_ratio": 0.394}}, {"type": "Feature", "geometry": {"type": "Polygon", "coordinates": [[[121.51964707210476, 25.055423629594454], [121.51965468606845, 25.057229217852978], [121.52163689815539, 25.05722226876667], [121.52162925515161, 25.05541668107667], [121.51964707210476, 25.055423629594454]]]}, "properties": {"building_count": 58, "avg_height_m": 17.41, "footprint_coverage_ratio": 0.374}}, {"type": "Feature", "geometry": {"type": "Polygon", "coordinates": [[[121.51965468606845, 25.057229217852978], [121.5196623007685, 25.05903480567038], [121.52164454189837, 25.05902785601553], [121.52163689815539, 25.05722226876667], [121.51965468606845, 25.057229217852978]]]}, "properties": {"building_count": 68, "avg_height_m": 16.45, "footprint_coverage_ratio": 0.317}}, {"type": "Feature", "geometry": {"type": "Polygon", "coordinates": [[[121.5196623007685, 25.05903480567038], [121.51966991620499, 25.060840393046636], [121.52165218638058, 25.060833442823228], [121.52164454189837, 25.05902785601553], [121.5196623007685, 25.05903480567038]]]}, "properties": {"building_count": 51, "avg_height_m": 16.35, "footprint_coverage_ratio": 0.268}}, {"type": "Feature", "geometry": {"type": "Polygon", "coordinates": [[[121.51966991620499, 25.060840393046636], [121.51967753237795, 25.062645979981717], [121.52165983160207, 25.06263902918974], [121.52165218638058, 25.060833442823228], [121.51966991620499, 25.060840393046636]]]}, "properties": {"building_count": 63, "avg_height_m": 18.1, "footprint_coverage_ratio": 0.478}}, {"type": "Feature", "geometry": {"type": "Polygon", "coordinates": [[[121.51967753237795, 25.062645979981717], [121.51968514928743, 25.064451566475622], [121.52166747756289, 25.06444461511505], [121.52165983160207, 25.06263902918974], [121.51967753237795, 25.062645979981717]]]}, "properties": {"building_count": 55, "avg_height_m": 29.15, "footprint_coverage_ratio": 0.384}}, {"type": "Feature", "geometry": {"type": "Polygon", "coordinates": [[[121.51968514928743, 25.064451566475622], [121.51969276693346, 25.066257152528312], [121.52167512426308, 25.066250200599132], [121.52166747756289, 25.06444461511505], [121.51968514928743, 25.064451566475622]]]}, "properties": {"building_count": 24, "avg_height_m": 22.18, "footprint_coverage_ratio": 0.555}}, {"type": "Feature", "geometry": {"type": "Polygon", "coordinates": [[[121.52167512426308, 25.066250200599132], [121.51969276693346, 25.066257152528312], [121.51969448790322, 25.066665044195297], [121.51999482963963, 25.0666010227978], [121.52003932622605, 25.066592665286958], [121.52086132045683, 25.066468553925482], [121.5210409500074, 25.06643310495766], [121.52122310655481, 25.06641078536314], [121.52167548175507, 25.066334609501446], [121.52167512426308, 25.066250200599132]]]}, "properties": {"building_count": 5, "avg_height_m": 7.04, "footprint_coverage_ratio": 0.06}}, {"type": "Feature", "geometry": {"type": "Polygon", "coordinates": [[[121.52152233068666, 25.03013840711046], [121.52350410672835, 25.030131440128645], [121.52349716682922, 25.028495790383822], [121.52291415568794, 25.028576683213217], [121.5215170992205, 25.02890074223653], [121.52152233068666, 25.03013840711046]]]}, "properties": {"building_count": 58, "avg_height_m": 17.12, "footprint_coverage_ratio": 0.246}}, {"type": "Feature", "geometry": {"type": "Polygon", "coordinates": [[[121.52152233068666, 25.03013840711046], [121.5215299633468, 25.03194400097393], [121.52351176838928, 25.03193703342164], [121.52350410672835, 25.030131440128645], [121.52152233068666, 25.03013840711046]]]}, "properties": {"building_count": 26, "avg_height_m": 17.14, "footprint_coverage_ratio": 0.223}}, {"type": "Feature", "geometry": {"type": "Polygon", "coordinates": [[[121.5215299633468, 25.03194400097393], [121.52153759674549, 25.03374959439658], [121.52351943079152, 25.03374262627382], [121.52351176838928, 25.03193703342164], [121.5215299633468, 25.03194400097393]]]}, "properties": {"building_count": 14, "avg_height_m": 9.16, "footprint_coverage_ratio": 0.229}}, {"type": "Feature", "geometry": {"type": "Polygon", "coordinates": [[[121.52153759674549, 25.03374959439658], [121.52154523088272, 25.035555187378392], [121.52352709393512, 25.035548218685133], [121.52351943079152, 25.03374262627382], [121.52153759674549, 25.03374959439658]]]}, "properties": {"building_count": 2, "avg_height_m": 3.51, "footprint_coverage_ratio": 0.085}}, {"type": "Feature", "geometry": {"type": "Polygon", "coordinates": [[[121.52154523088272, 25.035555187378392], [121.5215528657586, 25.037360779919354], [121.52353475782016, 25.03735381065559], [121.52352709393512, 25.035548218685133], [121.52154523088272, 25.035555187378392]]]}, "properties": {"building_count": 16, "avg_height_m": 33.43, "footprint_coverage_ratio": 0.184}}, {"type": "Feature", "geometry": {"type": "Polygon", "coordinates": [[[121.5215528657586, 25.037360779919354], [121.5215605013731, 25.03916637201943], [121.52354242244668, 25.039159402185135], [121.52353475782016, 25.03735381065559], [121.5215528657586, 25.037360779919354]]]}, "properties": {"building_count": 26, "avg_height_m": 18.27, "footprint_coverage_ratio": 0.19}}, {"type": "Feature", "geometry": {"type": "Polygon", "coordinates": [[[121.5215605013731, 25.03916637201943], [121.52156813772635, 25.040971963678608], [121.5235500878147, 25.040964993273764], [121.52354242244668, 25.039159402185135], [121.5215605013731, 25.03916637201943]]]}, "properties": {"building_count": 33, "avg_height_m": 18.08, "footprint_coverage_ratio": 0.124}}, {"type": "Feature", "geometry": {"type": "Polygon", "coordinates": [[[121.52156813772635, 25.040971963678608], [121.52157577481836, 25.04277755489685], [121.5235577539243, 25.042770583921456], [121.5235500878147, 25.040964993273764], [121.52156813772635, 25.040971963678608]]]}, "properties": {"building_count": 15, "avg_height_m": 24.44, "footprint_coverage_ratio": 0.297}}, {"type": "Feature", "geometry": {"type": "Polygon", "coordinates": [[[121.52157577481836, 25.04277755489685], [121.52158341264916, 25.04458314567415], [121.5235654207755, 25.044576174128174], [121.5235577539243, 25.042770583921456], [121.52157577481836, 25.04277755489685]]]}, "properties": {"building_count": 28, "avg_height_m": 24.27, "footprint_coverage_ratio": 0.316}}, {"type": "Feature", "geometry": {"type": "Polygon", "coordinates": [[[121.52158341264916, 25.04458314567415], [121.52159105121882, 25.04638873601047], [121.52357308836838, 25.046381763893905], [121.5235654207755, 25.044576174128174], [121.52158341264916, 25.04458314567415]]]}, "properties": {"building_count": 14, "avg_height_m": 11.48, "footprint_coverage_ratio": 0.227}}, {"type": "Feature", "geometry": {"type": "Polygon", "coordinates": [[[121.52159105121882, 25.04638873601047], [121.52159869052738, 25.0481943259058], [121.52358075670297, 25.04818735321863], [121.52357308836838, 25.046381763893905], [121.52159105121882, 25.04638873601047]]]}, "properties": {"building_count": 10, "avg_height_m": 16.42, "footprint_coverage_ratio": 0.108}}, {"type": "Feature", "geometry": {"type": "Polygon", "coordinates": [[[121.52159869052738, 25.0481943259058], [121.52160633057491, 25.049999915360107], [121.5235884257793, 25.049992942102307], [121.52358075670297, 25.04818735321863], [121.52159869052738, 25.0481943259058]]]}, "properties": {"building_count": 71, "avg_height_m": 20.66, "footprint_coverage_ratio": 0.436}}, {"type": "Feature", "geometry": {"type": "Polygon", "coordinates": [[[121.52160633057491, 25.049999915360107], [121.52161397136142, 25.05180550437337], [121.52359609559744, 25.051798530544932], [121.5235884257793, 25.049992942102307], [121.52160633057491, 25.049999915360107]]]}, "properties": {"building_count": 79, "avg_height_m": 19.95, "footprint_coverage_ratio": 0.411}}, {"type": "Feature", "geometry": {"type": "Polygon", "coordinates": [[[121.52161397136142, 25.05180550437337], [121.52162161288696, 25.053611092945566], [121.52360376615742, 25.053604118546474], [121.52359609559744, 25.051798530544932], [121.52161397136142, 25.05180550437337]]]}, "properties": {"building_count": 54, "avg_height_m": 22.21, "footprint_coverage_ratio": 0.291}}, {"type": "Feature", "geometry": {"type": "Polygon", "coordinates": [[[121.52162161288696, 25.053611092945566], [121.52162925515161, 25.05541668107667], [121.52361143745935, 25.0554097061069], [121.52360376615742, 25.053604118546474], [121.52162161288696, 25.053611092945566]]]}, "properties": {"building_count": 51, "avg_height_m": 22.35, "footprint_coverage_ratio": 0.386}}, {"type": "Feature", "geometry": {"type": "Polygon", "coordinates": [[[121.52162925515161, 25.05541668107667], [121.52163689815539, 25.05722226876667], [121.52361910950317, 25.057215293226207], [121.52361143745935, 25.0554097061069], [121.52162925515161, 25.05541668107667]]]}, "properties": {"building_count": 49, "avg_height_m": 22.74, "footprint_coverage_ratio": 0.351}}, {"type": "Feature", "geometry": {"type": "Polygon", "coordinates": [[[121.52163689815539, 25.05722226876667], [121.52164454189837, 25.05902785601553], [121.52362678228901, 25.05902087990436], [121.52361910950317, 25.057215293226207], [121.52163689815539, 25.05722226876667]]]}, "properties": {"building_count": 51, "avg_height_m": 27.44, "footprint_coverage_ratio": 0.363}}, {"type": "Feature", "geometry": {"type": "Polygon", "coordinates": [[[121.52164454189837, 25.05902785601553], [121.52165218638058, 25.060833442823228], [121.5236344558169, 25.060826466141332], [121.52362678228901, 25.05902087990436], [121.52164454189837, 25.05902785601553]]]}, "properties": {"building_count": 48, "avg_height_m": 27.05, "footprint_coverage_ratio": 0.383}}, {"type": "Feature", "geometry": {"type": "Polygon", "coordinates": [[[121.52165218638058, 25.060833442823228], [121.52165983160207, 25.06263902918974], [121.52364213008687, 25.06263205193711], [121.5236344558169, 25.060826466141332], [121.52165218638058, 25.060833442823228]]]}, "properties": {"building_count": 52, "avg_height_m": 25.11, "footprint_coverage_ratio": 0.334}}, {"type": "Feature", "geometry": {"type": "Polygon", "coordinates": [[[121.52165983160207, 25.06263902918974], [121.52166747756289, 25.06444461511505], [121.52364980509897, 25.064437637291665], [121.52364213008687, 25.06263205193711], [121.52165983160207, 25.06263902918974]]]}, "properties": {"building_count": 54, "avg_height_m": 20.34, "footprint_coverage_ratio": 0.35}}, {"type": "Feature", "geometry": {"type": "Polygon", "coordinates": [[[121.52364980509897, 25.064437637291665], [121.52166747756289, 25.06444461511505], [121.52167512426308, 25.066250200599132], [121.52219858511017, 25.066248360456946], [121.52317635280171, 25.06609161647046], [121.52338827685413, 25.06605656026536], [121.52365649284033, 25.06601081951574], [121.52364980509897, 25.064437637291665]]]}, "properties": {"building_count": 43, "avg_height_m": 25.13, "footprint_coverage_ratio": 0.358}}, {"type": "Feature", "geometry": {"type": "Polygon", "coordinates": [[[121.52167512426308, 25.066250200599132], [121.52167548175507, 25.066334609501446], [121.52197136279433, 25.06628478503603], [121.52219858511017, 25.066248360456946], [121.52167512426308, 25.066250200599132]]]}, "properties": {"building_count": 2, "avg_height_m": 24.88, "footprint_coverage_ratio": 0.031}}, {"type": "Feature", "geometry": {"type": "Polygon", "coordinates": [[[121.52350410672835, 25.030131440128645], [121.52548588202882, 25.03012444672516], [121.52547819211128, 25.028318853563963], [121.52475388583387, 25.028321412429765], [121.52349716682922, 25.028495790383822], [121.52350410672835, 25.030131440128645]]]}, "properties": {"building_count": 66, "avg_height_m": 16.12, "footprint_coverage_ratio": 0.309}}, {"type": "Feature", "geometry": {"type": "Polygon", "coordinates": [[[121.52350410672835, 25.030131440128645], [121.52351176838928, 25.03193703342164], [121.52549357269041, 25.031930039445534], [121.52548588202882, 25.03012444672516], [121.52350410672835, 25.030131440128645]]]}, "properties": {"building_count": 25, "avg_height_m": 16.7, "footprint_coverage_ratio": 0.369}}, {"type": "Feature", "geometry": {"type": "Polygon", "coordinates": [[[121.52351176838928, 25.03193703342164], [121.52351943079152, 25.03374262627382], [121.52550126409618, 25.03373563172507], [121.52549357269041, 25.031930039445534], [121.52351176838928, 25.03193703342164]]]}, "properties": {"building_count": 36, "avg_height_m": 20.19, "footprint_coverage_ratio": 0.279}}, {"type": "Feature", "geometry": {"type": "Polygon", "coordinates": [[[121.52351943079152, 25.03374262627382], [121.52352709393512, 25.035548218685133], [121.5255089562461, 25.03554122356373], [121.52550126409618, 25.03373563172507], [121.52351943079152, 25.03374262627382]]]}, "properties": {"building_count": 45, "avg_height_m": 24.3, "footprint_coverage_ratio": 0.25}}, {"type": "Feature", "geometry": {"type": "Polygon", "coordinates": [[[121.52352709393512, 25.035548218685133], [121.52353475782016, 25.03735381065559], [121.52551664914027, 25.037346814961506], [121.5255089562461, 25.03554122356373], [121.52352709393512, 25.035548218685133]]]}, "properties": {"building_count": 35, "avg_height_m": 27.12, "footprint_coverage_ratio": 0.216}}, {"type": "Feature", "geometry": {"type": "Polygon", "coordinates": [[[121.52353475782016, 25.03735381065559], [121.52354242244668, 25.039159402185135], [121.52552434277872, 25.03915240591836], [121.52551664914027, 25.037346814961506], [121.52353475782016, 25.03735381065559]]]}, "properties": {"building_count": 31, "avg_height_m": 37.95, "footprint_coverage_ratio": 0.316}}, {"type": "Feature", "geometry": {"type": "Polygon", "coordinates": [[[121.52354242244668, 25.039159402185135], [121.5235500878147, 25.040964993273764], [121.52553203716148, 25.040957996434287], [121.52552434277872, 25.03915240591836], [121.52354242244668, 25.039159402185135]]]}, "properties": {"building_count": 28, "avg_height_m": 19.32, "footprint_coverage_ratio": 0.213}}, {"type": "Feature", "geometry": {"type": "Polygon", "coordinates": [[[121.5235500878147, 25.040964993273764], [121.5235577539243, 25.042770583921456], [121.52553973228864, 25.04276358650925], [121.52553203716148, 25.040957996434287], [121.5235500878147, 25.040964993273764]]]}, "properties": {"building_count": 15, "avg_height_m": 15.83, "footprint_coverage_ratio": 0.292}}, {"type": "Feature", "geometry": {"type": "Polygon", "coordinates": [[[121.5235577539243, 25.042770583921456], [121.5235654207755, 25.044576174128174], [121.5255474281602, 25.04456917614323], [121.52553973228864, 25.04276358650925], [121.5235577539243, 25.042770583921456]]]}, "properties": {"building_count": 20, "avg_height_m": 27.0, "footprint_coverage_ratio": 0.274}}, {"type": "Feature", "geometry": {"type": "Polygon", "coordinates": [[[121.5235654207755, 25.044576174128174], [121.52357308836838, 25.046381763893905], [121.52555512477622, 25.046374765336214], [121.5255474281602, 25.04456917614323], [121.5235654207755, 25.044576174128174]]]}, "properties": {"building_count": 43, "avg_height_m": 23.46, "footprint_coverage_ratio": 0.303}}, {"type": "Feature", "geometry": {"type": "Polygon", "coordinates": [[[121.52357308836838, 25.046381763893905], [121.52358075670297, 25.04818735321863], [121.52556282213678, 25.048180354088156], [121.52555512477622, 25.046374765336214], [121.52357308836838, 25.046381763893905]]]}, "properties": {"building_count": 3, "avg_height_m": 15.4, "footprint_coverage_ratio": 0.015}}, {"type": "Feature", "geometry": {"type": "Polygon", "coordinates": [[[121.52358075670297, 25.04818735321863], [121.5235884257793, 25.049992942102307], [121.52557052024189, 25.049985942399047], [121.52556282213678, 25.048180354088156], [121.52358075670297, 25.04818735321863]]]}, "properties": {"building_count": 56, "avg_height_m": 28.87, "footprint_coverage_ratio": 0.387}}, {"type": "Feature", "geometry": {"type": "Polygon", "coordinates": [[[121.5235884257793, 25.049992942102307], [121.52359609559744, 25.051798530544932], [121.52557821909161, 25.05179153026887], [121.52557052024189, 25.049985942399047], [121.5235884257793, 25.049992942102307]]]}, "properties": {"building_count": 95, "avg_height_m": 21.61, "footprint_coverage_ratio": 0.489}}, {"type": "Feature", "geometry": {"type": "Polygon", "coordinates": [[[121.52359609559744, 25.051798530544932], [121.52360376615742, 25.053604118546474], [121.52558591868602, 25.053597117697585], [121.52557821909161, 25.05179153026887], [121.52359609559744, 25.051798530544932]]]}, "properties": {"building_count": 27, "avg_height_m": 24.29, "footprint_coverage_ratio": 0.229}}, {"type": "Feature", "geometry": {"type": "Polygon", "coordinates": [[[121.52360376615742, 25.053604118546474], [121.52361143745935, 25.0554097061069], [121.5255936190251, 25.05540270468518], [121.52558591868602, 25.053597117697585], [121.52360376615742, 25.053604118546474]]]}, "properties": {"building_count": 43, "avg_height_m": 25.96, "footprint_coverage_ratio": 0.353}}, {"type": "Feature", "geometry": {"type": "Polygon", "coordinates": [[[121.52361143745935, 25.0554097061069], [121.52361910950317, 25.057215293226207], [121.52560132010898, 25.057208291231632], [121.5255936190251, 25.05540270468518], [121.52361143745935, 25.0554097061069]]]}, "properties": {"building_count": 64, "avg_height_m": 26.1, "footprint_coverage_ratio": 0.381}}, {"type": "Feature", "geometry": {"type": "Polygon", "coordinates": [[[121.52361910950317, 25.057215293226207], [121.52362678228901, 25.05902087990436], [121.52560902193763, 25.05901387733692], [121.52560132010898, 25.057208291231632], [121.52361910950317, 25.057215293226207]]]}, "properties": {"building_count": 41, "avg_height_m": 28.87, "footprint_coverage_ratio": 0.323}}, {"type": "Feature", "geometry": {"type": "Polygon", "coordinates": [[[121.52362678228901, 25.05902087990436], [121.5236344558169, 25.060826466141332], [121.52561672451114, 25.060819463001003], [121.52560902193763, 25.05901387733692], [121.52362678228901, 25.05902087990436]]]}, "properties": {"building_count": 62, "avg_height_m": 26.69, "footprint_coverage_ratio": 0.402}}, {"type": "Feature", "geometry": {"type": "Polygon", "coordinates": [[[121.5236344558169, 25.060826466141332], [121.52364213008687, 25.06263205193711], [121.52562442782954, 25.062625048223875], [121.52561672451114, 25.060819463001003], [121.5236344558169, 25.060826466141332]]]}, "properties": {"building_count": 80, "avg_height_m": 21.5, "footprint_coverage_ratio": 0.468}}, {"type": "Feature", "geometry": {"type": "Polygon", "coordinates": [[[121.52364213008687, 25.06263205193711], [121.52364980509897, 25.064437637291665], [121.52563213189288, 25.064430633005518], [121.52562442782954, 25.062625048223875], [121.52364213008687, 25.06263205193711]]]}, "properties": {"building_count": 53, "avg_height_m": 26.8, "footprint_coverage_ratio": 0.346}}, {"type": "Feature", "geometry": {"type": "Polygon", "coordinates": [[[121.52563213189288, 25.064430633005518], [121.52364980509897, 25.064437637291665], [121.52365649284033, 25.06601081951574], [121.52377182979069, 25.06599115013924], [121.52389796264114, 25.06596863008831], [121.52501062902336, 25.065904811727847], [121.52533797042223, 25.06588355599835], [121.52563823884067, 25.06586178088355], [121.52563213189288, 25.064430633005518]]]}, "properties": {"building_count": 61, "avg_height_m": 22.92, "footprint_coverage_ratio": 0.387}}, {"type": "Feature", "geometry": {"type": "Polygon", "coordinates": [[[121.52547819211128, 25.028318853563963], [121.52745993766976, 25.02831183431364], [121.52745875096414, 25.02803422707506], [121.52681050391806, 25.028217395034066], [121.52677887727388, 25.028216091759745], [121.52547802210779, 25.028278934752827], [121.52547819211128, 25.028318853563963]]]}, "properties": {"building_count": 6, "avg_height_m": 16.98, "footprint_coverage_ratio": 0.037}}, {"type": "Feature", "geometry": {"type": "Polygon", "coordinates": [[[121.52547819211128, 25.028318853563963], [121.52548588202882, 25.03012444672516], [121.52746765658515, 25.03011742690006], [121.52745993766976, 25.02831183431364], [121.52547819211128, 25.028318853563963]]]}, "properties": {"building_count": 64, "avg_height_m": 21.57, "footprint_coverage_ratio": 0.36}}, {"type": "Feature", "geometry": {"type": "Polygon", "coordinates": [[[121.52548588202882, 25.03012444672516], [121.52549357269041, 25.031930039445534], [121.52747537624742, 25.031923019045646], [121.52746765658515, 25.03011742690006], [121.52548588202882, 25.03012444672516]]]}, "properties": {"building_count": 22, "avg_height_m": 17.85, "footprint_coverage_ratio": 0.319}}, {"type": "Feature", "geometry": {"type": "Polygon", "coordinates": [[[121.52549357269041, 25.031930039445534], [121.52550126409618, 25.03373563172507], [121.52748309665664, 25.03372861075037], [121.52747537624742, 25.031923019045646], [121.52549357269041, 25.031930039445534]]]}, "properties": {"building_count": 32, "avg_height_m": 26.66, "footprint_coverage_ratio": 0.307}}, {"type": "Feature", "geometry": {"type": "Polygon", "coordinates": [[[121.52550126409618, 25.03373563172507], [121.5255089562461, 25.03554122356373], [121.52749081781286, 25.035534202014208], [121.52748309665664, 25.03372861075037], [121.52550126409618, 25.03373563172507]]]}, "properties": {"building_count": 56, "avg_height_m": 22.13, "footprint_coverage_ratio": 0.299}}, {"type": "Feature", "geometry": {"type": "Polygon", "coordinates": [[[121.5255089562461, 25.03554122356373], [121.52551664914027, 25.037346814961506], [121.5274985397161, 25.037339792837148], [121.52749081781286, 25.035534202014208], [121.5255089562461, 25.03554122356373]]]}, "properties": {"building_count": 88, "avg_height_m": 16.87, "footprint_coverage_ratio": 0.387}}, {"type": "Feature", "geometry": {"type": "Polygon", "coordinates": [[[121.52551664914027, 25.037346814961506], [121.52552434277872, 25.03915240591836], [121.52750626236643, 25.03914538321915], [121.5274985397161, 25.037339792837148], [121.52551664914027, 25.037346814961506]]]}, "properties": {"building_count": 56, "avg_height_m": 22.67, "footprint_coverage_ratio": 0.252}}, {"type": "Feature", "geometry": {"type": "Polygon", "coordinates": [[[121.52552434277872, 25.03915240591836], [121.52553203716148, 25.040957996434287], [121.5275139857639, 25.04095097316021], [121.52750626236643, 25.03914538321915], [121.52552434277872, 25.03915240591836]]]}, "properties": {"building_count": 59, "avg_height_m": 20.37, "footprint_coverage_ratio": 0.33}}, {"type": "Feature", "geometry": {"type": "Polygon", "coordinates": [[[121.52553203716148, 25.040957996434287], [121.52553973228864, 25.04276358650925], [121.52752170990856, 25.042756562660287], [121.5275139857639, 25.04095097316021], [121.52553203716148, 25.040957996434287]]]}, "properties": {"building_count": 37, "avg_height_m": 27.04, "footprint_coverage_ratio": 0.313}}, {"type": "Feature", "geometry": {"type": "Polygon", "coordinates": [[[121.52553973228864, 25.04276358650925], [121.5255474281602, 25.04456917614323], [121.52752943480043, 25.04456215171936], [121.52752170990856, 25.042756562660287], [121.52553973228864, 25.04276358650925]]]}, "properties": {"building_count": 42, "avg_height_m": 27.94, "footprint_coverage_ratio": 0.284}}, {"type": "Feature", "geometry": {"type": "Polygon", "coordinates": [[[121.5255474281602, 25.04456917614323], [121.52555512477622, 25.046374765336214], [121.52753716043955, 25.046367740337416], [121.52752943480043, 25.04456215171936], [121.5255474281602, 25.04456917614323]]]}, "properties": {"building_count": 27, "avg_height_m": 20.67, "footprint_coverage_ratio": 0.217}}, {"type": "Feature", "geometry": {"type": "Polygon", "coordinates": [[[121.52555512477622, 25.046374765336214], [121.52556282213678, 25.048180354088156], [121.52754488682602, 25.04817332851443], [121.52753716043955, 25.046367740337416], [121.52555512477622, 25.046374765336214]]]}, "properties": {"building_count": 18, "avg_height_m": 18.54, "footprint_coverage_ratio": 0.08}}, {"type": "Feature", "geometry": {"type": "Polygon", "coordinates": [[[121.52556282213678, 25.048180354088156], [121.52557052024189, 25.049985942399047], [121.52755261395988, 25.049978916250364], [121.52754488682602, 25.04817332851443], [121.52556282213678, 25.048180354088156]]]}, "properties": {"building_count": 66, "avg_height_m": 19.11, "footprint_coverage_ratio": 0.412}}, {"type": "Feature", "geometry": {"type": "Polygon", "coordinates": [[[121.52557052024189, 25.049985942399047], [121.52557821909161, 25.05179153026887], [121.52756034184115, 25.05178450354522], [121.52755261395988, 25.049978916250364], [121.52557052024189, 25.049985942399047]]]}, "properties": {"building_count": 84, "avg_height_m": 17.41, "footprint_coverage_ratio": 0.467}}, {"type": "Feature", "geometry": {"type": "Polygon", "coordinates": [[[121.52557821909161, 25.05179153026887], [121.52558591868602, 25.053597117697585], [121.52756807046987, 25.053590090398956], [121.52756034184115, 25.05178450354522], [121.52557821909161, 25.05179153026887]]]}, "properties": {"building_count": 11, "avg_height_m": 31.46, "footprint_coverage_ratio": 0.068}}, {"type": "Feature", "geometry": {"type": "Polygon", "coordinates": [[[121.52558591868602, 25.053597117697585], [121.5255936190251, 25.05540270468518], [121.52757579984612, 25.05539567681154], [121.52756807046987, 25.053590090398956], [121.52558591868602, 25.053597117697585]]]}, "properties": {"building_count": 49, "avg_height_m": 30.78, "footprint_coverage_ratio": 0.421}}, {"type": "Feature", "geometry": {"type": "Polygon", "coordinates": [[[121.5255936190251, 25.05540270468518], [121.52560132010898, 25.057208291231632], [121.52758352996993, 25.057201262782982], [121.52757579984612, 25.05539567681154], [121.5255936190251, 25.05540270468518]]]}, "properties": {"building_count": 59, "avg_height_m": 24.83, "footprint_coverage_ratio": 0.316}}, {"type": "Feature", "geometry": {"type": "Polygon", "coordinates": [[[121.52560132010898, 25.057208291231632], [121.52560902193763, 25.05901387733692], [121.52759126084138, 25.059006848313228], [121.52758352996993, 25.057201262782982], [121.52560132010898, 25.057208291231632]]]}, "properties": {"building_count": 46, "avg_height_m": 23.44, "footprint_coverage_ratio": 0.298}}, {"type": "Feature", "geometry": {"type": "Polygon", "coordinates": [[[121.52560902193763, 25.05901387733692], [121.52561672451114, 25.060819463001003], [121.52759899246045, 25.06081243340227], [121.52759126084138, 25.059006848313228], [121.52560902193763, 25.05901387733692]]]}, "properties": {"building_count": 22, "avg_height_m": 26.8, "footprint_coverage_ratio": 0.348}}, {"type": "Feature", "geometry": {"type": "Polygon", "coordinates": [[[121.52561672451114, 25.060819463001003], [121.52562442782954, 25.062625048223875], [121.52760672482724, 25.062618018050077], [121.52759899246045, 25.06081243340227], [121.52561672451114, 25.060819463001003]]]}, "properties": {"building_count": 16, "avg_height_m": 21.97, "footprint_coverage_ratio": 0.323}}, {"type": "Feature", "geometry": {"type": "Polygon", "coordinates": [[[121.52562442782954, 25.062625048223875], [121.52563213189288, 25.064430633005518], [121.5276144579418, 25.064423602256632], [121.52760672482724, 25.062618018050077], [121.52562442782954, 25.062625048223875]]]}, "properties": {"building_count": 22, "avg_height_m": 23.1, "footprint_coverage_ratio": 0.249}}, {"type": "Feature", "geometry": {"type": "Polygon", "coordinates": [[[121.5276144579418, 25.064423602256632], [121.52563213189288, 25.064430633005518], [121.52563823884067, 25.06586178088355], [121.52564001413346, 25.065861652139567], [121.52639050706811, 25.065794117419763], [121.52665654507685, 25.06576551270513], [121.52729862838639, 25.06568676319643], [121.52761967880973, 25.065642509757332], [121.5276144579418, 25.064423602256632]]]}, "properties": {"building_count": 40, "avg_height_m": 29.16, "footprint_coverage_ratio": 0.312}}, {"type": "Feature", "geometry": {"type": "Polygon", "coordinates": [[[121.52745993766976, 25.02831183431364], [121.52944168248142, 25.028304788643894], [121.52943835452758, 25.027529180639533], [121.52901337678682, 25.027625517781107], [121.52792774709359, 25.02790170596045], [121.52745875096414, 25.02803422707506], [121.52745993766976, 25.02831183431364]]]}, "properties": {"building_count": 11, "avg_height_m": 24.48, "footprint_coverage_ratio": 0.077}}, {"type": "Feature", "geometry": {"type": "Polygon", "coordinates": [[[121.52745993766976, 25.02831183431364], [121.52746765658515, 25.03011742690006], [121.5294494303946, 25.030110380653376], [121.52944168248142, 25.028304788643894], [121.52745993766976, 25.02831183431364]]]}, "properties": {"building_count": 67, "avg_height_m": 16.37, "footprint_coverage_ratio": 0.347}}, {"type": "Feature", "geometry": {"type": "Polygon", "coordinates": [[[121.52746765658515, 25.03011742690006], [121.52747537624742, 25.031923019045646], [121.5294571790575, 25.03191597222201], [121.5294494303946, 25.030110380653376], [121.52746765658515, 25.03011742690006]]]}, "properties": {"building_count": 45, "avg_height_m": 16.68, "footprint_coverage_ratio": 0.368}}, {"type": "Feature", "geometry": {"type": "Polygon", "coordinates": [[[121.52747537624742, 25.031923019045646], [121.52748309665664, 25.03372861075037], [121.52946492847013, 25.03372156334977], [121.5294571790575, 25.03191597222201], [121.52747537624742, 25.031923019045646]]]}, "properties": {"building_count": 55, "avg_height_m": 21.5, "footprint_coverage_ratio": 0.363}}, {"type": "Feature", "geometry": {"type": "Polygon", "coordinates": [[[121.52748309665664, 25.03372861075037], [121.52749081781286, 25.035534202014208], [121.52947267863259, 25.035527154036625], [121.52946492847013, 25.03372156334977], [121.52748309665664, 25.03372861075037]]]}, "properties": {"building_count": 60, "avg_height_m": 22.02, "footprint_coverage_ratio": 0.324}}, {"type": "Feature", "geometry": {"type": "Polygon", "coordinates": [[[121.52749081781286, 25.035534202014208], [121.5274985397161, 25.037339792837148], [121.52948042954485, 25.03733274428256], [121.52947267863259, 25.035527154036625], [121.52749081781286, 25.035534202014208]]]}, "properties": {"building_count": 60, "avg_height_m": 18.89, "footprint_coverage_ratio": 0.303}}, {"type": "Feature", "geometry": {"type": "Polygon", "coordinates": [[[121.5274985397161, 25.037339792837148], [121.52750626236643, 25.03914538321915], [121.52948818120703, 25.039138334087546], [121.52948042954485, 25.03733274428256], [121.5274985397161, 25.037339792837148]]]}, "properties": {"building_count": 53, "avg_height_m": 18.85, "footprint_coverage_ratio": 0.299}}, {"type": "Feature", "geometry": {"type": "Polygon", "coordinates": [[[121.52750626236643, 25.03914538321915], [121.5275139857639, 25.04095097316021], [121.52949593361912, 25.040943923451568], [121.52948818120703, 25.039138334087546], [121.52750626236643, 25.03914538321915]]]}, "properties": {"building_count": 54, "avg_height_m": 19.5, "footprint_coverage_ratio": 0.299}}, {"type": "Feature", "geometry": {"type": "Polygon", "coordinates": [[[121.5275139857639, 25.04095097316021], [121.52752170990856, 25.042756562660287], [121.52950368678124, 25.04274951237459], [121.52949593361912, 25.040943923451568], [121.5275139857639, 25.04095097316021]]]}, "properties": {"building_count": 49, "avg_height_m": 20.16, "footprint_coverage_ratio": 0.281}}, {"type": "Feature", "geometry": {"type": "Polygon", "coordinates": [[[121.52752170990856, 25.042756562660287], [121.52752943480043, 25.04456215171936], [121.52951144069335, 25.044555100856606], [121.52950368678124, 25.04274951237459], [121.52752170990856, 25.042756562660287]]]}, "properties": {"building_count": 30, "avg_height_m": 17.68, "footprint_coverage_ratio": 0.325}}, {"type": "Feature", "geometry": {"type": "Polygon", "coordinates": [[[121.52752943480043, 25.04456215171936], [121.52753716043955, 25.046367740337416], [121.52951919535558, 25.04636068889758], [121.52951144069335, 25.044555100856606], [121.52752943480043, 25.04456215171936]]]}, "properties": {"building_count": 14, "avg_height_m": 7.19, "footprint_coverage_ratio": 0.167}}, {"type": "Feature", "geometry": {"type": "Polygon", "coordinates": [[[121.52753716043955, 25.046367740337416], [121.52754488682602, 25.04817332851443], [121.52952695076793, 25.04816627649749], [121.52951919535558, 25.04636068889758], [121.52753716043955, 25.046367740337416]]]}, "properties": {"building_count": 41, "avg_height_m": 18.58, "footprint_coverage_ratio": 0.195}}, {"type": "Feature", "geometry": {"type": "Polygon", "coordinates": [[[121.52754488682602, 25.04817332851443], [121.52755261395988, 25.049978916250364], [121.52953470693045, 25.049971863656307], [121.52952695076793, 25.04816627649749], [121.52754488682602, 25.04817332851443]]]}, "properties": {"building_count": 41, "avg_height_m": 22.05, "footprint_coverage_ratio": 0.254}}, {"type": "Feature", "geometry": {"type": "Polygon", "coordinates": [[[121.52755261395988, 25.049978916250364], [121.52756034184115, 25.05178450354522], [121.52954246384321, 25.05177745037403], [121.52953470693045, 25.049971863656307], [121.52755261395988, 25.049978916250364]]]}, "properties": {"building_count": 47, "avg_height_m": 19.5, "footprint_coverage_ratio": 0.297}}, {"type": "Feature", "geometry": {"type": "Polygon", "coordinates": [[[121.52756034184115, 25.05178450354522], [121.52756807046987, 25.053590090398956], [121.52955022150621, 25.053583036650615], [121.52954246384321, 25.05177745037403], [121.52756034184115, 25.05178450354522]]]}, "properties": {"building_count": 47, "avg_height_m": 19.35, "footprint_coverage_ratio": 0.372}}, {"type": "Feature", "geometry": {"type": "Polygon", "coordinates": [[[121.52756807046987, 25.053590090398956], [121.52757579984612, 25.05539567681154], [121.52955797991959, 25.05538862248604], [121.52955022150621, 25.053583036650615], [121.52756807046987, 25.053590090398956]]]}, "properties": {"building_count": 38, "avg_height_m": 21.09, "footprint_coverage_ratio": 0.375}}, {"type": "Feature", "geometry": {"type": "Polygon", "coordinates": [[[121.52757579984612, 25.05539567681154], [121.52758352996993, 25.057201262782982], [121.52956573908331, 25.057194207880293], [121.52955797991959, 25.05538862248604], [121.52757579984612, 25.05539567681154]]]}, "properties": {"building_count": 54, "avg_height_m": 23.02, "footprint_coverage_ratio": 0.406}}, {"type": "Feature", "geometry": {"type": "Polygon", "coordinates": [[[121.52758352996993, 25.057201262782982], [121.52759126084138, 25.059006848313228], [121.52957349899746, 25.058999792833344], [121.52956573908331, 25.057194207880293], [121.52758352996993, 25.057201262782982]]]}, "properties": {"building_count": 48, "avg_height_m": 14.94, "footprint_coverage_ratio": 0.387}}, {"type": "Feature", "geometry": {"type": "Polygon", "coordinates": [[[121.52759126084138, 25.059006848313228], [121.52759899246045, 25.06081243340227], [121.52958125966208, 25.06080537734516], [121.52957349899746, 25.058999792833344], [121.52759126084138, 25.059006848313228]]]}, "properties": {"building_count": 60, "avg_height_m": 16.12, "footprint_coverage_ratio": 0.441}}, {"type": "Feature", "geometry": {"type": "Polygon", "coordinates": [[[121.52759899246045, 25.06081243340227], [121.52760672482724, 25.062618018050077], [121.5295890210772, 25.062610961415743], [121.52958125966208, 25.06080537734516], [121.52759899246045, 25.06081243340227]]]}, "properties": {"building_count": 56, "avg_height_m": 17.07, "footprint_coverage_ratio": 0.438}}, {"type": "Feature", "geometry": {"type": "Polygon", "coordinates": [[[121.52760672482724, 25.062618018050077], [121.5276144579418, 25.064423602256632], [121.5295967832429, 25.06441654504505], [121.5295890210772, 25.062610961415743], [121.52760672482724, 25.062618018050077]]]}, "properties": {"building_count": 43, "avg_height_m": 21.6, "footprint_coverage_ratio": 0.401}}, {"type": "Feature", "geometry": {"type": "Polygon", "coordinates": [[[121.5295967832429, 25.06441654504505], [121.5276144579418, 25.064423602256632], [121.52761967880973, 25.065642509757332], [121.52762877486101, 25.065641255951352], [121.52843674759521, 25.06551426212737], [121.52873568867905, 25.065461453981868], [121.5291623112523, 25.065381650802742], [121.52938714168235, 25.065337244048177], [121.52960055287582, 25.065293348973785], [121.5295967832429, 25.06441654504505]]]}, "properties": {"building_count": 28, "avg_height_m": 17.91, "footprint_coverage_ratio": 0.226}}, {"type": "Feature", "geometry": {"type": "Polygon", "coordinates": [[[121.52944168248142, 25.028304788643894], [121.5314234265434, 25.02829771655477], [121.53141842046635, 25.027135346232654], [121.5312490966048, 25.027163728444716], [121.53064617119817, 25.027273626477037], [121.53033051390075, 25.02733581701365], [121.5297340816563, 25.027462142193023], [121.52943835452758, 25.027529180639533], [121.52944168248142, 25.028304788643894]]]}, "properties": {"building_count": 26, "avg_height_m": 16.62, "footprint_coverage_ratio": 0.175}}, {"type": "Feature", "geometry": {"type": "Polygon", "coordinates": [[[121.52944168248142, 25.028304788643894], [121.5294494303946, 25.030110380653376], [121.53143120345436, 25.030103307985158], [121.5314234265434, 25.02829771655477], [121.52944168248142, 25.028304788643894]]]}, "properties": {"building_count": 57, "avg_height_m": 18.35, "footprint_coverage_ratio": 0.28}}, {"type": "Feature", "geometry": {"type": "Polygon", "coordinates": [[[121.5294494303946, 25.030110380653376], [121.5294571790575, 25.03191597222201], [121.53143898111783, 25.031908898974677], [121.53143120345436, 25.030103307985158], [121.5294494303946, 25.030110380653376]]]}, "properties": {"building_count": 68, "avg_height_m": 17.26, "footprint_coverage_ratio": 0.338}}, {"type": "Feature", "geometry": {"type": "Polygon", "coordinates": [[[121.5294571790575, 25.03191597222201], [121.52946492847013, 25.03372156334977], [121.53144675953382, 25.033714489523298], [121.53143898111783, 25.031908898974677], [121.5294571790575, 25.03191597222201]]]}, "properties": {"building_count": 82, "avg_height_m": 17.54, "footprint_coverage_ratio": 0.339}}, {"type": "Feature", "geometry": {"type": "Polygon", "coordinates": [[[121.52946492847013, 25.03372156334977], [121.52947267863259, 25.035527154036625], [121.53145453870245, 25.03552007963101], [121.53144675953382, 25.033714489523298], [121.52946492847013, 25.03372156334977]]]}, "properties": {"building_count": 65, "avg_height_m": 18.0, "footprint_coverage_ratio": 0.327}}, {"type": "Feature", "geometry": {"type": "Polygon", "coordinates": [[[121.52947267863259, 25.035527154036625], [121.52948042954485, 25.03733274428256], [121.5314623186237, 25.03732566929778], [121.53145453870245, 25.03552007963101], [121.52947267863259, 25.035527154036625]]]}, "properties": {"building_count": 73, "avg_height_m": 15.34, "footprint_coverage_ratio": 0.36}}, {"type": "Feature", "geometry": {"type": "Polygon", "coordinates": [[[121.52948042954485, 25.03733274428256], [121.52948818120703, 25.039138334087546], [121.53147009929766, 25.039131258523582], [121.5314623186237, 25.03732566929778], [121.52948042954485, 25.03733274428256]]]}, "properties": {"building_count": 54, "avg_height_m": 23.98, "footprint_coverage_ratio": 0.289}}, {"type": "Feature", "geometry": {"type": "Polygon", "coordinates": [[[121.52948818120703, 25.039138334087546], [121.52949593361912, 25.040943923451568], [121.53147788072438, 25.0409368473084], [121.53147009929766, 25.039131258523582], [121.52948818120703, 25.039138334087546]]]}, "properties": {"building_count": 69, "avg_height_m": 18.98, "footprint_coverage_ratio": 0.373}}, {"type": "Feature", "geometry": {"type": "Polygon", "coordinates": [[[121.52949593361912, 25.040943923451568], [121.52950368678124, 25.04274951237459], [121.53148566290388, 25.042742435652215], [121.53147788072438, 25.0409368473084], [121.52949593361912, 25.040943923451568]]]}, "properties": {"building_count": 62, "avg_height_m": 19.94, "footprint_coverage_ratio": 0.35}}, {"type": "Feature", "geometry": {"type": "Polygon", "coordinates": [[[121.52950368678124, 25.04274951237459], [121.52951144069335, 25.044555100856606], [121.5314934458362, 25.044548023555002], [121.53148566290388, 25.042742435652215], [121.52950368678124, 25.04274951237459]]]}, "properties": {"building_count": 30, "avg_height_m": 19.94, "footprint_coverage_ratio": 0.271}}, {"type": "Feature", "geometry": {"type": "Polygon", "coordinates": [[[121.52951144069335, 25.044555100856606], [121.52951919535558, 25.04636068889758], [121.53150122952145, 25.046353611016723], [121.5314934458362, 25.044548023555002], [121.52951144069335, 25.044555100856606]]]}, "properties": {"building_count": 13, "avg_height_m": 8.16, "footprint_coverage_ratio": 0.23}}, {"type": "Feature", "geometry": {"type": "Polygon", "coordinates": [[[121.52951919535558, 25.04636068889758], [121.52952695076793, 25.04816627649749], [121.53150901395962, 25.048159198037375], [121.53150122952145, 25.046353611016723], [121.52951919535558, 25.04636068889758]]]}, "properties": {"building_count": 45, "avg_height_m": 17.95, "footprint_coverage_ratio": 0.218}}, {"type": "Feature", "geometry": {"type": "Polygon", "coordinates": [[[121.52952695076793, 25.04816627649749], [121.52953470693045, 25.049971863656307], [121.5315167991508, 25.04996478461691], [121.53150901395962, 25.048159198037375], [121.52952695076793, 25.04816627649749]]]}, "properties": {"building_count": 23, "avg_height_m": 31.6, "footprint_coverage_ratio": 0.253}}, {"type": "Feature", "geometry": {"type": "Polygon", "coordinates": [[[121.52953470693045, 25.049971863656307], [121.52954246384321, 25.05177745037403], [121.53152458509499, 25.051770370755335], [121.5315167991508, 25.04996478461691], [121.52953470693045, 25.049971863656307]]]}, "properties": {"building_count": 52, "avg_height_m": 22.83, "footprint_coverage_ratio": 0.419}}, {"type": "Feature", "geometry": {"type": "Polygon", "coordinates": [[[121.52954246384321, 25.05177745037403], [121.52955022150621, 25.053583036650615], [121.53153237179227, 25.0535759564526], [121.53152458509499, 25.051770370755335], [121.52954246384321, 25.05177745037403]]]}, "properties": {"building_count": 47, "avg_height_m": 23.68, "footprint_coverage_ratio": 0.322}}, {"type": "Feature", "geometry": {"type": "Polygon", "coordinates": [[[121.52955022150621, 25.053583036650615], [121.52955797991959, 25.05538862248604], [121.53154015924267, 25.055381541708698], [121.53153237179227, 25.0535759564526], [121.52955022150621, 25.053583036650615]]]}, "properties": {"building_count": 44, "avg_height_m": 18.61, "footprint_coverage_ratio": 0.326}}, {"type": "Feature", "geometry": {"type": "Polygon", "coordinates": [[[121.52955797991959, 25.05538862248604], [121.52956573908331, 25.057194207880293], [121.53154794744626, 25.057187126523605], [121.53154015924267, 25.055381541708698], [121.52955797991959, 25.05538862248604]]]}, "properties": {"building_count": 55, "avg_height_m": 21.16, "footprint_coverage_ratio": 0.377}}, {"type": "Feature", "geometry": {"type": "Polygon", "coordinates": [[[121.52956573908331, 25.057194207880293], [121.52957349899746, 25.058999792833344], [121.53155573640308, 25.058992710897297], [121.53154794744626, 25.057187126523605], [121.52956573908331, 25.057194207880293]]]}, "properties": {"building_count": 57, "avg_height_m": 14.53, "footprint_coverage_ratio": 0.576}}, {"type": "Feature", "geometry": {"type": "Polygon", "coordinates": [[[121.52957349899746, 25.058999792833344], [121.52958125966208, 25.06080537734516], [121.53156352611317, 25.060798294829738], [121.53155573640308, 25.058992710897297], [121.52957349899746, 25.058999792833344]]]}, "properties": {"building_count": 57, "avg_height_m": 16.41, "footprint_coverage_ratio": 0.546}}, {"type": "Feature", "geometry": {"type": "Polygon", "coordinates": [[[121.52958125966208, 25.06080537734516], [121.5295890210772, 25.062610961415743], [121.53157131657659, 25.062603878320914], [121.53156352611317, 25.060798294829738], [121.52958125966208, 25.06080537734516]]]}, "properties": {"building_count": 62, "avg_height_m": 17.71, "footprint_coverage_ratio": 0.463}}, {"type": "Feature", "geometry": {"type": "Polygon", "coordinates": [[[121.5295890210772, 25.062610961415743], [121.5295967832429, 25.06441654504505], [121.5315791077934, 25.06440946137081], [121.53157131657659, 25.062603878320914], [121.5295890210772, 25.062610961415743]]]}, "properties": {"building_count": 51, "avg_height_m": 16.28, "footprint_coverage_ratio": 0.448}}, {"type": "Feature", "geometry": {"type": "Polygon", "coordinates": [[[121.5315791077934, 25.06440946137081], [121.5295967832429, 25.06441654504505], [121.52960055287582, 25.065293348973785], [121.52971779799725, 25.065269233491115], [121.52994832879011, 25.06521992606646], [121.53022787539201, 25.065158181710053], [121.53038499612656, 25.06512237636255], [121.53085144696534, 25.065010569004997], [121.53102516938517, 25.064966862563477], [121.53111647268005, 25.064943677544754], [121.5313115977441, 25.064893670193303], [121.53145468972531, 25.06485646940796], [121.53158089317645, 25.064823192040528], [121.5315791077934, 25.06440946137081]]]}, "properties": {"building_count": 16, "avg_height_m": 18.05, "footprint_coverage_ratio": 0.206}}, {"type": "Feature", "geometry": {"type": "Polygon", "coordinates": [[[121.5314234265434, 25.02829771655477], [121.53340516985294, 25.028290618046313], [121.5333990357706, 25.026871615748625], [121.53331481579724, 25.02687951991533], [121.53218206728957, 25.0270159961521], [121.53196759729335, 25.027047591161622], [121.53154495573175, 25.027114136147976], [121.53141842046635, 25.027135346232654], [121.5314234265434, 25.02829771655477]]]}, "properties": {"building_count": 35, "avg_height_m": 18.62, "footprint_coverage_ratio": 0.199}}, {"type": "Feature", "geometry": {"type": "Polygon", "coordinates": [[[121.5314234265434, 25.02829771655477], [121.53143120345436, 25.030103307985158], [121.5334129757616, 25.030096208895433], [121.53340516985294, 25.028290618046313], [121.5314234265434, 25.02829771655477]]]}, "properties": {"building_count": 46, "avg_height_m": 18.44, "footprint_coverage_ratio": 0.298}}, {"type": "Feature", "geometry": {"type": "Polygon", "coordinates": [[[121.53143120345436, 25.030103307985158], [121.53143898111783, 25.031908898974677], [121.5334207824256, 25.031901799303668], [121.5334129757616, 25.030096208895433], [121.53143120345436, 25.030103307985158]]]}, "properties": {"building_count": 18, "avg_height_m": 18.04, "footprint_coverage_ratio": 0.199}}, {"type": "Feature", "geometry": {"type": "Polygon", "coordinates": [[[121.53143898111783, 25.031908898974677], [121.53144675953382, 25.033714489523298], [121.53342858984493, 25.033707389271004], [121.5334207824256, 25.031901799303668], [121.53143898111783, 25.031908898974677]]]}, "properties": {"building_count": 36, "avg_height_m": 25.49, "footprint_coverage_ratio": 0.223}}, {"type": "Feature", "geometry": {"type": "Polygon", "coordinates": [[[121.53144675953382, 25.033714489523298], [121.53145453870245, 25.03552007963101], [121.53343639801967, 25.035512978797396], [121.53342858984493, 25.033707389271004], [121.53144675953382, 25.033714489523298]]]}, "properties": {"building_count": 52, "avg_height_m": 19.64, "footprint_coverage_ratio": 0.34}}, {"type": "Feature", "geometry": {"type": "Polygon", "coordinates": [[[121.53145453870245, 25.03552007963101], [121.5314623186237, 25.03732566929778], [121.53344420694987, 25.037318567882842], [121.53343639801967, 25.035512978797396], [121.53145453870245, 25.03552007963101]]]}, "properties": {"building_count": 78, "avg_height_m": 17.48, "footprint_coverage_ratio": 0.378}}, {"type": "Feature", "geometry": {"type": "Polygon", "coordinates": [[[121.5314623186237, 25.03732566929778], [121.53147009929766, 25.039131258523582], [121.53345201663555, 25.0391241565273], [121.53344420694987, 25.037318567882842], [121.5314623186237, 25.03732566929778]]]}, "properties": {"building_count": 33, "avg_height_m": 20.96, "footprint_coverage_ratio": 0.203}}, {"type": "Feature", "geometry": {"type": "Polygon", "coordinates": [[[121.53147009929766, 25.039131258523582], [121.53147788072438, 25.0409368473084], [121.53345982707683, 25.040929744730764], [121.53345201663555, 25.0391241565273], [121.53147009929766, 25.039131258523582]]]}, "properties": {"building_count": 52, "avg_height_m": 16.92, "footprint_coverage_ratio": 0.265}}, {"type": "Feature", "geometry": {"type": "Polygon", "coordinates": [[[121.53147788072438, 25.0409368473084], [121.53148566290388, 25.042742435652215], [121.53346763827368, 25.042735332493194], [121.53345982707683, 25.040929744730764], [121.53147788072438, 25.0409368473084]]]}, "properties": {"building_count": 34, "avg_height_m": 25.02, "footprint_coverage_ratio": 0.189}}, {"type": "Feature", "geometry": {"type": "Polygon", "coordinates": [[[121.53148566290388, 25.042742435652215], [121.5314934458362, 25.044548023555002], [121.53347545022619, 25.04454091981458], [121.53346763827368, 25.042735332493194], [121.53148566290388, 25.042742435652215]]]}, "properties": {"building_count": 24, "avg_height_m": 18.95, "footprint_coverage_ratio": 0.146}}, {"type": "Feature", "geometry": {"type": "Polygon", "coordinates": [[[121.5314934458362, 25.044548023555002], [121.53150122952145, 25.046353611016723], [121.53348326293437, 25.04634650669489], [121.53347545022619, 25.04454091981458], [121.5314934458362, 25.044548023555002]]]}, "properties": {"building_count": 16, "avg_height_m": 26.98, "footprint_coverage_ratio": 0.091}}, {"type": "Feature", "geometry": {"type": "Polygon", "coordinates": [[[121.53150122952145, 25.046353611016723], [121.53150901395962, 25.048159198037375], [121.53349107639833, 25.048152093134114], [121.53348326293437, 25.04634650669489], [121.53150122952145, 25.046353611016723]]]}, "properties": {"building_count": 58, "avg_height_m": 24.5, "footprint_coverage_ratio": 0.394}}, {"type": "Feature", "geometry": {"type": "Polygon", "coordinates": [[[121.53150901395962, 25.048159198037375], [121.5315167991508, 25.04996478461691], [121.53349889061806, 25.049957679132213], [121.53349107639833, 25.048152093134114], [121.53150901395962, 25.048159198037375]]]}, "properties": {"building_count": 48, "avg_height_m": 23.03, "footprint_coverage_ratio": 0.398}}, {"type": "Feature", "geometry": {"type": "Polygon", "coordinates": [[[121.5315167991508, 25.04996478461691], [121.53152458509499, 25.051770370755335], [121.53350670559365, 25.05176326468917], [121.53349889061806, 25.049957679132213], [121.5315167991508, 25.04996478461691]]]}, "properties": {"building_count": 41, "avg_height_m": 30.16, "footprint_coverage_ratio": 0.343}}, {"type": "Feature", "geometry": {"type": "Polygon", "coordinates": [[[121.53152458509499, 25.051770370755335], [121.53153237179227, 25.0535759564526], [121.53351452132515, 25.05356884980496], [121.53350670559365, 25.05176326468917], [121.53152458509499, 25.051770370755335]]]}, "properties": {"building_count": 38, "avg_height_m": 32.39, "footprint_coverage_ratio": 0.347}}, {"type": "Feature", "geometry": {"type": "Polygon", "coordinates": [[[121.53153237179227, 25.0535759564526], [121.53154015924267, 25.055381541708698], [121.53352233781257, 25.055374434479567], [121.53351452132515, 25.05356884980496], [121.53153237179227, 25.0535759564526]]]}, "properties": {"building_count": 47, "avg_height_m": 29.7, "footprint_coverage_ratio": 0.358}}, {"type": "Feature", "geometry": {"type": "Polygon", "coordinates": [[[121.53154015924267, 25.055381541708698], [121.53154794744626, 25.057187126523605], [121.53353015505597, 25.05718001871296], [121.53352233781257, 25.055374434479567], [121.53154015924267, 25.055381541708698]]]}, "properties": {"building_count": 39, "avg_height_m": 25.28, "footprint_coverage_ratio": 0.256}}, {"type": "Feature", "geometry": {"type": "Polygon", "coordinates": [[[121.53154794744626, 25.057187126523605], [121.53155573640308, 25.058992710897297], [121.53353797305543, 25.05898560250512], [121.53353015505597, 25.05718001871296], [121.53154794744626, 25.057187126523605]]]}, "properties": {"building_count": 39, "avg_height_m": 17.71, "footprint_coverage_ratio": 0.359}}, {"type": "Feature", "geometry": {"type": "Polygon", "coordinates": [[[121.53155573640308, 25.058992710897297], [121.53156352611317, 25.060798294829738], [121.53354579181094, 25.060791185856026], [121.53353797305543, 25.05898560250512], [121.53155573640308, 25.058992710897297]]]}, "properties": {"building_count": 42, "avg_height_m": 23.92, "footprint_coverage_ratio": 0.393}}, {"type": "Feature", "geometry": {"type": "Polygon", "coordinates": [[[121.53156352611317, 25.060798294829738], [121.53157131657659, 25.062603878320914], [121.53355361132262, 25.06259676876564], [121.53354579181094, 25.060791185856026], [121.53156352611317, 25.060798294829738]]]}, "properties": {"building_count": 52, "avg_height_m": 18.78, "footprint_coverage_ratio": 0.365}}, {"type": "Feature", "geometry": {"type": "Polygon", "coordinates": [[[121.53355361132262, 25.06259676876564], [121.53157131657659, 25.062603878320914], [121.5315791077934, 25.06440946137081], [121.5330176823659, 25.06440430417071], [121.5330473400564, 25.06439520427774], [121.53333926861102, 25.064313984069816], [121.53356076872299, 25.06424931187644], [121.53355361132262, 25.06259676876564]]]}, "properties": {"building_count": 48, "avg_height_m": 18.08, "footprint_coverage_ratio": 0.326}}, {"type": "Feature", "geometry": {"type": "Polygon", "coordinates": [[[121.5315791077934, 25.06440946137081], [121.53158089317645, 25.064823192040528], [121.53161741046924, 25.064813563125497], [121.53234381847521, 25.06460818466687], [121.53289718605481, 25.064441060685297], [121.53294118712017, 25.06442555013913], [121.53298658482679, 25.064413845845813], [121.5330176823659, 25.06440430417071], [121.5315791077934, 25.06440946137081]]]}, "properties": {"building_count": 7, "avg_height_m": 19.31, "footprint_coverage_ratio": 0.046}}, {"type": "Feature", "geometry": {"type": "Polygon", "coordinates": [[[121.53340516985294, 25.028290618046313], [121.53538691240722, 25.028283493118554], [121.53538017151101, 25.026729882339893], [121.53495085710786, 25.026752748139774], [121.53455536858696, 25.026777429853528], [121.5341516269817, 25.02680632473392], [121.53367276441728, 25.026845925581938], [121.5333990357706, 25.026871615748625], [121.53340516985294, 25.028290618046313]]]}, "properties": {"building_count": 29, "avg_height_m": 18.0, "footprint_coverage_ratio": 0.152}}, {"type": "Feature", "geometry": {"type": "Polygon", "coordinates": [[[121.53340516985294, 25.028290618046313], [121.5334129757616, 25.030096208895433], [121.53539474731356, 25.030089083384247], [121.53538691240722, 25.028283493118554], [121.53340516985294, 25.028290618046313]]]}, "properties": {"building_count": 11, "avg_height_m": 19.06, "footprint_coverage_ratio": 0.086}}, {"type": "Feature", "geometry": {"type": "Polygon", "coordinates": [[[121.53342858984493, 25.033707389271004], [121.53343639801967, 25.035512978797396], [121.53541825658142, 25.035505851535834], [121.5354104194006, 25.03370026259292], [121.53342858984493, 25.033707389271004]]]}, "properties": {"building_count": 75, "avg_height_m": 19.91, "footprint_coverage_ratio": 0.334}}, {"type": "Feature", "geometry": {"type": "Polygon", "coordinates": [[[121.53343639801967, 25.035512978797396], [121.53344420694987, 25.037318567882842], [121.53542609452052, 25.037311440037787], [121.53541825658142, 25.035505851535834], [121.53343639801967, 25.035512978797396]]]}, "properties": {"building_count": 58, "avg_height_m": 16.59, "footprint_coverage_ratio": 0.341}}, {"type": "Feature", "geometry": {"type": "Polygon", "coordinates": [[[121.53344420694987, 25.037318567882842], [121.53345201663555, 25.0391241565273], [121.5354339332179, 25.039117028098737], [121.53542609452052, 25.037311440037787], [121.53344420694987, 25.037318567882842]]]}, "properties": {"building_count": 32, "avg_height_m": 21.4, "footprint_coverage_ratio": 0.252}}, {"type": "Feature", "geometry": {"type": "Polygon", "coordinates": [[[121.53345201663555, 25.0391241565273], [121.53345982707683, 25.040929744730764], [121.53544177267366, 25.040922615718674], [121.5354339332179, 25.039117028098737], [121.53345201663555, 25.0391241565273]]]}, "properties": {"building_count": 78, "avg_height_m": 18.21, "footprint_coverage_ratio": 0.386}}, {"type": "Feature", "geometry": {"type": "Polygon", "coordinates": [[[121.53345982707683, 25.040929744730764], [121.53346763827368, 25.042735332493194], [121.53544961288785, 25.042728202897564], [121.53544177267366, 25.040922615718674], [121.53345982707683, 25.040929744730764]]]}, "properties": {"building_count": 26, "avg_height_m": 19.11, "footprint_coverage_ratio": 0.16}}, {"type": "Feature", "geometry": {"type": "Polygon", "coordinates": [[[121.53346763827368, 25.042735332493194], [121.53347545022619, 25.04454091981458], [121.53545745386045, 25.044533789635395], [121.53544961288785, 25.042728202897564], [121.53346763827368, 25.042735332493194]]]}, "properties": {"building_count": 12, "avg_height_m": 20.41, "footprint_coverage_ratio": 0.143}}, {"type": "Feature", "geometry": {"type": "Polygon", "coordinates": [[[121.53347545022619, 25.04454091981458], [121.53348326293437, 25.04634650669489], [121.53546529559156, 25.046339375932128], [121.53545745386045, 25.044533789635395], [121.53347545022619, 25.04454091981458]]]}, "properties": {"building_count": 22, "avg_height_m": 12.91, "footprint_coverage_ratio": 0.363}}, {"type": "Feature", "geometry": {"type": "Polygon", "coordinates": [[[121.53348326293437, 25.04634650669489], [121.53349107639833, 25.048152093134114], [121.53547313808124, 25.04814496178776], [121.53546529559156, 25.046339375932128], [121.53348326293437, 25.04634650669489]]]}, "properties": {"building_count": 32, "avg_height_m": 11.26, "footprint_coverage_ratio": 0.459}}, {"type": "Feature", "geometry": {"type": "Polygon", "coordinates": [[[121.53349107639833, 25.048152093134114], [121.53349889061806, 25.049957679132213], [121.53548098132953, 25.049950547202247], [121.53547313808124, 25.04814496178776], [121.53349107639833, 25.048152093134114]]]}, "properties": {"building_count": 66, "avg_height_m": 24.69, "footprint_coverage_ratio": 0.408}}, {"type": "Feature", "geometry": {"type": "Polygon", "coordinates": [[[121.53349889061806, 25.049957679132213], [121.53350670559365, 25.05176326468917], [121.53548882533647, 25.05175613217558], [121.53548098132953, 25.049950547202247], [121.53349889061806, 25.049957679132213]]]}, "properties": {"building_count": 56, "avg_height_m": 22.99, "footprint_coverage_ratio": 0.35}}, {"type": "Feature", "geometry": {"type": "Polygon", "coordinates": [[[121.53350670559365, 25.05176326468917], [121.53351452132515, 25.05356884980496], [121.5354966701021, 25.053561716707733], [121.53548882533647, 25.05175613217558], [121.53350670559365, 25.05176326468917]]]}, "properties": {"building_count": 45, "avg_height_m": 18.79, "footprint_coverage_ratio": 0.418}}, {"type": "Feature", "geometry": {"type": "Polygon", "coordinates": [[[121.53351452132515, 25.05356884980496], [121.53352233781257, 25.055374434479567], [121.53550451562647, 25.055367300798675], [121.5354966701021, 25.053561716707733], [121.53351452132515, 25.05356884980496]]]}, "properties": {"building_count": 44, "avg_height_m": 20.24, "footprint_coverage_ratio": 0.338}}, {"type": "Feature", "geometry": {"type": "Polygon", "coordinates": [[[121.53352233781257, 25.055374434479567], [121.53353015505597, 25.05718001871296], [121.53551236190965, 25.057172884448402], [121.53550451562647, 25.055367300798675], [121.53352233781257, 25.055374434479567]]]}, "properties": {"building_count": 15, "avg_height_m": 14.45, "footprint_coverage_ratio": 0.192}}, {"type": "Feature", "geometry": {"type": "Polygon", "coordinates": [[[121.53353015505597, 25.05718001871296], [121.53353797305543, 25.05898560250512], [121.53552020895167, 25.058978467656868], [121.53551236190965, 25.057172884448402], [121.53353015505597, 25.05718001871296]]]}, "properties": {"building_count": 20, "avg_height_m": 32.21, "footprint_coverage_ratio": 0.288}}, {"type": "Feature", "geometry": {"type": "Polygon", "coordinates": [[[121.53353797305543, 25.05898560250512], [121.53354579181094, 25.060791185856026], [121.5355280567526, 25.06078405042406], [121.53552020895167, 25.058978467656868], [121.53353797305543, 25.05898560250512]]]}, "properties": {"building_count": 36, "avg_height_m": 18.73, "footprint_coverage_ratio": 0.446}}, {"type": "Feature", "geometry": {"type": "Polygon", "coordinates": [[[121.53354579181094, 25.060791185856026], [121.53355361132262, 25.06259676876564], [121.53553590531244, 25.06258963274995], [121.5355280567526, 25.06078405042406], [121.53354579181094, 25.060791185856026]]]}, "properties": {"building_count": 37, "avg_height_m": 20.11, "footprint_coverage_ratio": 0.397}}, {"type": "Feature", "geometry": {"type": "Polygon", "coordinates": [[[121.53553590531244, 25.06258963274995], [121.53355361132262, 25.06259676876564], [121.53356076872299, 25.06424931187644], [121.5338584086307, 25.064162408245142], [121.53443331791216, 25.06398657037642], [121.53516227413931, 25.063767895280467], [121.53545074469378, 25.06368486693686], [121.53554055655455, 25.06365958091447], [121.53553590531244, 25.06258963274995]]]}, "properties": {"building_count": 18, "avg_height_m": 19.82, "footprint_coverage_ratio": 0.203}}, {"type": "Feature", "geometry": {"type": "Polygon", "coordinates": [[[121.535402582978, 25.03189467320905], [121.5354104194006, 25.03370026259292], [121.53739224819809, 25.033693109489086], [121.53738438277223, 25.03188752069083], [121.535402582978, 25.03189467320905]]]}, "properties": {"building_count": 1, "avg_height_m": 8.13, "footprint_coverage_ratio": 0.021}}, {"type": "Feature", "geometry": {"type": "Polygon", "coordinates": [[[121.5354104194006, 25.03370026259292], [121.53541825658142, 25.035505851535834], [121.53740011438494, 25.03549869784636], [121.53739224819809, 25.033693109489086], [121.5354104194006, 25.03370026259292]]]}, "properties": {"building_count": 69, "avg_height_m": 21.74, "footprint_coverage_ratio": 0.343}}, {"type": "Feature", "geometry": {"type": "Polygon", "coordinates": [[[121.53541825658142, 25.035505851535834], [121.53542609452052, 25.037311440037787], [121.53740798133286, 25.037304285762655], [121.53740011438494, 25.03549869784636], [121.53541825658142, 25.035505851535834]]]}, "properties": {"building_count": 65, "avg_height_m": 16.62, "footprint_coverage_ratio": 0.367}}, {"type": "Feature", "geometry": {"type": "Polygon", "coordinates": [[[121.53542609452052, 25.037311440037787], [121.5354339332179, 25.039117028098737], [121.5374158490419, 25.039109873237933], [121.53740798133286, 25.037304285762655], [121.53542609452052, 25.037311440037787]]]}, "properties": {"building_count": 28, "avg_height_m": 27.05, "footprint_coverage_ratio": 0.217}}, {"type": "Feature", "geometry": {"type": "Polygon", "coordinates": [[[121.5354339332179, 25.039117028098737], [121.53544177267366, 25.040922615718674], [121.5374237175121, 25.04091546027218], [121.5374158490419, 25.039109873237933], [121.5354339332179, 25.039117028098737]]]}, "properties": {"building_count": 62, "avg_height_m": 28.29, "footprint_coverage_ratio": 0.417}}, {"type": "Feature", "geometry": {"type": "Polygon", "coordinates": [[[121.53544177267366, 25.040922615718674], [121.53544961288785, 25.042728202897564], [121.53743158674352, 25.042721046865363], [121.5374237175121, 25.04091546027218], [121.53544177267366, 25.040922615718674]]]}, "properties": {"building_count": 21, "avg_height_m": 23.17, "footprint_coverage_ratio": 0.148}}, {"type": "Feature", "geometry": {"type": "Polygon", "coordinates": [[[121.53544961288785, 25.042728202897564], [121.53545745386045, 25.044533789635395], [121.53743945673622, 25.044526633017473], [121.53743158674352, 25.042721046865363], [121.53544961288785, 25.042728202897564]]]}, "properties": {"building_count": 11, "avg_height_m": 26.61, "footprint_coverage_ratio": 0.117}}, {"type": "Feature", "geometry": {"type": "Polygon", "coordinates": [[[121.53545745386045, 25.044533789635395], [121.53546529559156, 25.046339375932128], [121.53744732749021, 25.04633221872847], [121.53743945673622, 25.044526633017473], [121.53545745386045, 25.044533789635395]]]}, "properties": {"building_count": 5, "avg_height_m": 7.0, "footprint_coverage_ratio": 0.07}}, {"type": "Feature", "geometry": {"type": "Polygon", "coordinates": [[[121.53546529559156, 25.046339375932128], [121.53547313808124, 25.04814496178776], [121.53745519900556, 25.048137803998344], [121.53744732749021, 25.04633221872847], [121.53546529559156, 25.046339375932128]]]}, "properties": {"building_count": 28, "avg_height_m": 17.97, "footprint_coverage_ratio": 0.305}}, {"type": "Feature", "geometry": {"type": "Polygon", "coordinates": [[[121.53547313808124, 25.04814496178776], [121.53548098132953, 25.049950547202247], [121.53746307128236, 25.049943388827057], [121.53745519900556, 25.048137803998344], [121.53547313808124, 25.04814496178776]]]}, "properties": {"building_count": 29, "avg_height_m": 31.86, "footprint_coverage_ratio": 0.2}}, {"type": "Feature", "geometry": {"type": "Polygon", "coordinates": [[[121.53548098132953, 25.049950547202247], [121.53548882533647, 25.05175613217558], [121.53747094432057, 25.051748973214607], [121.53746307128236, 25.049943388827057], [121.53548098132953, 25.049950547202247]]]}, "properties": {"building_count": 34, "avg_height_m": 33.5, "footprint_coverage_ratio": 0.233}}, {"type": "Feature", "geometry": {"type": "Polygon", "coordinates": [[[121.53548882533647, 25.05175613217558], [121.5354966701021, 25.053561716707733], [121.53747881812032, 25.05355455716095], [121.53747094432057, 25.051748973214607], [121.53548882533647, 25.05175613217558]]]}, "properties": {"building_count": 39, "avg_height_m": 28.46, "footprint_coverage_ratio": 0.277}}, {"type": "Feature", "geometry": {"type": "Polygon", "coordinates": [[[121.5354966701021, 25.053561716707733], [121.53550451562647, 25.055367300798675], [121.53748669268158, 25.055360140666075], [121.53747881812032, 25.05355455716095], [121.5354966701021, 25.053561716707733]]]}, "properties": {"building_count": 22, "avg_height_m": 24.9, "footprint_coverage_ratio": 0.156}}, {"type": "Feature", "geometry": {"type": "Polygon", "coordinates": [[[121.53550451562647, 25.055367300798675], [121.53551236190965, 25.057172884448402], [121.53749456800449, 25.057165723729955], [121.53748669268158, 25.055360140666075], [121.53550451562647, 25.055367300798675]]]}, "properties": {"building_count": 8, "avg_height_m": 28.33, "footprint_coverage_ratio": 0.079}}, {"type": "Feature", "geometry": {"type": "Polygon", "coordinates": [[[121.53551236190965, 25.057172884448402], [121.53552020895167, 25.058978467656868], [121.53750244408904, 25.058971306352564], [121.53749456800449, 25.057165723729955], [121.53551236190965, 25.057172884448402]]]}, "properties": {"building_count": 23, "avg_height_m": 32.16, "footprint_coverage_ratio": 0.163}}, {"type": "Feature", "geometry": {"type": "Polygon", "coordinates": [[[121.53552020895167, 25.058978467656868], [121.5355280567526, 25.06078405042406], [121.5375103209353, 25.060776888533887], [121.53750244408904, 25.058971306352564], [121.53552020895167, 25.058978467656868]]]}, "properties": {"building_count": 33, "avg_height_m": 28.82, "footprint_coverage_ratio": 0.274}}, {"type": "Feature", "geometry": {"type": "Polygon", "coordinates": [[[121.5355280567526, 25.06078405042406], [121.53553590531244, 25.06258963274995], [121.53751819854331, 25.062582470273895], [121.5375103209353, 25.060776888533887], [121.5355280567526, 25.06078405042406]]]}, "properties": {"building_count": 22, "avg_height_m": 28.49, "footprint_coverage_ratio": 0.249}}, {"type": "Feature", "geometry": {"type": "Polygon", "coordinates": [[[121.53751819854331, 25.062582470273895], [121.53553590531244, 25.06258963274995], [121.53554055655455, 25.06365958091447], [121.53574729840602, 25.06360137366833], [121.53644093615196, 25.063410815954818], [121.5368601376183, 25.06329101812085], [121.53744437094274, 25.063117555109613], [121.53752044104988, 25.06309643044921], [121.53751819854331, 25.062582470273895]]]}, "properties": {"building_count": 7, "avg_height_m": 5.3, "footprint_coverage_ratio": 0.149}}, {"type": "Feature", "geometry": {"type": "Polygon", "coordinates": [[[121.53736865420343, 25.028276341771537], [121.53935039523877, 25.02826916400529], [121.539342622629, 25.026490921803013], [121.53910014541816, 25.02650062917841], [121.53812268751234, 25.026551719453074], [121.53769118195547, 25.02657857892258], [121.53736136437057, 25.02660240508986], [121.53736865420343, 25.028276341771537]]]}, "properties": {"building_count": 47, "avg_height_m": 19.66, "footprint_coverage_ratio": 0.231}}, {"type": "Feature", "geometry": {"type": "Polygon", "coordinates": [[[121.53736865420343, 25.028276341771537], [121.53737651810738, 25.030081931451644], [121.53935828814026, 25.030074753097654], [121.53935039523877, 25.02826916400529], [121.53736865420343, 25.028276341771537]]]}, "properties": {"building_count": 35, "avg_height_m": 30.71, "footprint_coverage_ratio": 0.188}}, {"type": "Feature", "geometry": {"type": "Polygon", "coordinates": [[[121.53737651810738, 25.030081931451644], [121.53738438277223, 25.03188752069083], [121.53936618180553, 25.03188034174907], [121.53935828814026, 25.030074753097654], [121.53737651810738, 25.030081931451644]]]}, "properties": {"building_count": 19, "avg_height_m": 36.39, "footprint_coverage_ratio": 0.115}}, {"type": "Feature", "geometry": {"type": "Polygon", "coordinates": [[[121.53738438277223, 25.03188752069083], [121.53739224819809, 25.033693109489086], [121.53937407623452, 25.03368592995954], [121.53936618180553, 25.03188034174907], [121.53738438277223, 25.03188752069083]]]}, "properties": {"building_count": 32, "avg_height_m": 22.34, "footprint_coverage_ratio": 0.235}}, {"type": "Feature", "geometry": {"type": "Polygon", "coordinates": [[[121.53739224819809, 25.033693109489086], [121.53740011438494, 25.03549869784636], [121.53938197142737, 25.03549151772901], [121.53937407623452, 25.03368592995954], [121.53739224819809, 25.033693109489086]]]}, "properties": {"building_count": 26, "avg_height_m": 22.53, "footprint_coverage_ratio": 0.292}}, {"type": "Feature", "geometry": {"type": "Polygon", "coordinates": [[[121.53740011438494, 25.03549869784636], [121.53740798133286, 25.037304285762655], [121.53938986738407, 25.037297105057487], [121.53938197142737, 25.03549151772901], [121.53740011438494, 25.03549869784636]]]}, "properties": {"building_count": 16, "avg_height_m": 25.72, "footprint_coverage_ratio": 0.145}}, {"type": "Feature", "geometry": {"type": "Polygon", "coordinates": [[[121.53740798133286, 25.037304285762655], [121.5374158490419, 25.039109873237933], [121.53939776410473, 25.03910269194493], [121.53938986738407, 25.037297105057487], [121.53740798133286, 25.037304285762655]]]}, "properties": {"building_count": 5, "avg_height_m": 21.03, "footprint_coverage_ratio": 0.069}}, {"type": "Feature", "geometry": {"type": "Polygon", "coordinates": [[[121.5374237175121, 25.04091546027218], [121.53743158674352, 25.042721046865363], [121.53941355983797, 25.04271386439664], [121.53940566158933, 25.040908278391328], [121.5374237175121, 25.04091546027218]]]}, "properties": {"building_count": 15, "avg_height_m": 21.58, "footprint_coverage_ratio": 0.373}}, {"type": "Feature", "geometry": {"type": "Polygon", "coordinates": [[[121.53743158674352, 25.042721046865363], [121.53743945673622, 25.044526633017473], [121.53942145885065, 25.04451944996086], [121.53941355983797, 25.04271386439664], [121.53743158674352, 25.042721046865363]]]}, "properties": {"building_count": 14, "avg_height_m": 19.42, "footprint_coverage_ratio": 0.214}}, {"type": "Feature", "geometry": {"type": "Polygon", "coordinates": [[[121.53743945673622, 25.044526633017473], [121.53744732749021, 25.04633221872847], [121.53942935862749, 25.046325035083957], [121.53942145885065, 25.04451944996086], [121.53743945673622, 25.044526633017473]]]}, "properties": {"building_count": 15, "avg_height_m": 13.22, "footprint_coverage_ratio": 0.165}}, {"type": "Feature", "geometry": {"type": "Polygon", "coordinates": [[[121.53744732749021, 25.04633221872847], [121.53745519900556, 25.048137803998344], [121.53943725916848, 25.04813061976591], [121.53942935862749, 25.046325035083957], [121.53744732749021, 25.04633221872847]]]}, "properties": {"building_count": 21, "avg_height_m": 17.82, "footprint_coverage_ratio": 0.126}}, {"type": "Feature", "geometry": {"type": "Polygon", "coordinates": [[[121.53745519900556, 25.048137803998344], [121.53746307128236, 25.049943388827057], [121.53944516047368, 25.049936204006684], [121.53943725916848, 25.04813061976591], [121.53745519900556, 25.048137803998344]]]}, "properties": {"building_count": 22, "avg_height_m": 26.46, "footprint_coverage_ratio": 0.302}}, {"type": "Feature", "geometry": {"type": "Polygon", "coordinates": [[[121.53746307128236, 25.049943388827057], [121.53747094432057, 25.051748973214607], [121.53945306254316, 25.051741787806282], [121.53944516047368, 25.049936204006684], [121.53746307128236, 25.049943388827057]]]}, "properties": {"building_count": 36, "avg_height_m": 28.02, "footprint_coverage_ratio": 0.329}}, {"type": "Feature", "geometry": {"type": "Polygon", "coordinates": [[[121.53747094432057, 25.051748973214607], [121.53747881812032, 25.05355455716095], [121.53946096537695, 25.053547371164658], [121.53945306254316, 25.051741787806282], [121.53747094432057, 25.051748973214607]]]}, "properties": {"building_count": 35, "avg_height_m": 23.2, "footprint_coverage_ratio": 0.278}}, {"type": "Feature", "geometry": {"type": "Polygon", "coordinates": [[[121.53747881812032, 25.05355455716095], [121.53748669268158, 25.055360140666075], [121.5394688689751, 25.055352954081794], [121.53946096537695, 25.053547371164658], [121.53747881812032, 25.05355455716095]]]}, "properties": {"building_count": 59, "avg_height_m": 30.58, "footprint_coverage_ratio": 0.397}}, {"type": "Feature", "geometry": {"type": "Polygon", "coordinates": [[[121.53748669268158, 25.055360140666075], [121.53749456800449, 25.057165723729955], [121.53947677333768, 25.057158536557676], [121.5394688689751, 25.055352954081794], [121.53748669268158, 25.055360140666075]]]}, "properties": {"building_count": 39, "avg_height_m": 16.81, "footprint_coverage_ratio": 0.278}}, {"type": "Feature", "geometry": {"type": "Polygon", "coordinates": [[[121.53749456800449, 25.057165723729955], [121.53750244408904, 25.058971306352564], [121.5394846784647, 25.058964118592268], [121.53947677333768, 25.057158536557676], [121.53749456800449, 25.057165723729955]]]}, "properties": {"building_count": 37, "avg_height_m": 27.35, "footprint_coverage_ratio": 0.284}}, {"type": "Feature", "geometry": {"type": "Polygon", "coordinates": [[[121.53750244408904, 25.058971306352564], [121.5375103209353, 25.060776888533887], [121.53949258435624, 25.06076970018555], [121.5394846784647, 25.058964118592268], [121.53750244408904, 25.058971306352564]]]}, "properties": {"building_count": 43, "avg_height_m": 18.96, "footprint_coverage_ratio": 0.463}}, {"type": "Feature", "geometry": {"type": "Polygon", "coordinates": [[[121.5375103209353, 25.060776888533887], [121.53751819854331, 25.062582470273895], [121.53950049101233, 25.0625752813375], [121.53949258435624, 25.06076970018555], [121.5375103209353, 25.060776888533887]]]}, "properties": {"building_count": 20, "avg_height_m": 31.58, "footprint_coverage_ratio": 0.292}}, {"type": "Feature", "geometry": {"type": "Polygon", "coordinates": [[[121.53935039523877, 25.02826916400529], [121.54133213551043, 25.028261959819876], [121.54132423626722, 25.026461360697407], [121.5403279263127, 25.026459995723712], [121.53963062814005, 25.02647939122409], [121.539342622629, 25.026490921803013], [121.53935039523877, 25.02826916400529]]]}, "properties": {"building_count": 57, "avg_height_m": 20.41, "footprint_coverage_ratio": 0.381}}, {"type": "Feature", "geometry": {"type": "Polygon", "coordinates": [[[121.53935039523877, 25.02826916400529], [121.53935828814026, 25.030074753097654], [121.54134005740944, 25.030067548322315], [121.54133213551043, 25.028261959819876], [121.53935039523877, 25.02826916400529]]]}, "properties": {"building_count": 58, "avg_height_m": 18.54, "footprint_coverage_ratio": 0.313}}, {"type": "Feature", "geometry": {"type": "Polygon", "coordinates": [[[121.53935828814026, 25.030074753097654], [121.53936618180553, 25.03188034174907], [121.541347980075, 25.03187313638381], [121.54134005740944, 25.030067548322315], [121.53935828814026, 25.030074753097654]]]}, "properties": {"building_count": 48, "avg_height_m": 16.63, "footprint_coverage_ratio": 0.386}}, {"type": "Feature", "geometry": {"type": "Polygon", "coordinates": [[[121.53936618180553, 25.03188034174907], [121.53937407623452, 25.03368592995954], [121.54135590350715, 25.03367872400432], [121.541347980075, 25.03187313638381], [121.53936618180553, 25.03188034174907]]]}, "properties": {"building_count": 17, "avg_height_m": 29.64, "footprint_coverage_ratio": 0.222}}, {"type": "Feature", "geometry": {"type": "Polygon", "coordinates": [[[121.53937407623452, 25.03368592995954], [121.53938197142737, 25.03549151772901], [121.54136382770594, 25.035484311183833], [121.54135590350715, 25.03367872400432], [121.53937407623452, 25.03368592995954]]]}, "properties": {"building_count": 13, "avg_height_m": 17.07, "footprint_coverage_ratio": 0.278}}, {"type": "Feature", "geometry": {"type": "Polygon", "coordinates": [[[121.53938197142737, 25.03549151772901], [121.53938986738407, 25.037297105057487], [121.5413717526714, 25.037289897922324], [121.54136382770594, 25.035484311183833], [121.53938197142737, 25.03549151772901]]]}, "properties": {"building_count": 11, "avg_height_m": 15.57, "footprint_coverage_ratio": 0.13}}, {"type": "Feature", "geometry": {"type": "Polygon", "coordinates": [[[121.53938986738407, 25.037297105057487], [121.53939776410473, 25.03910269194493], [121.54137967840356, 25.039095484219768], [121.5413717526714, 25.037289897922324], [121.53938986738407, 25.037297105057487]]]}, "properties": {"building_count": 9, "avg_height_m": 34.21, "footprint_coverage_ratio": 0.04}}, {"type": "Feature", "geometry": {"type": "Polygon", "coordinates": [[[121.53939776410473, 25.03910269194493], [121.53940566158933, 25.040908278391328], [121.54138760490252, 25.040901070076146], [121.54137967840356, 25.039095484219768], [121.53939776410473, 25.03910269194493]]]}, "properties": {"building_count": 3, "avg_height_m": 15.0, "footprint_coverage_ratio": 0.062}}, {"type": "Feature", "geometry": {"type": "Polygon", "coordinates": [[[121.53940566158933, 25.040908278391328], [121.53941355983797, 25.04271386439664], [121.54139553216834, 25.042706655491433], [121.54138760490252, 25.040901070076146], [121.53940566158933, 25.040908278391328]]]}, "properties": {"building_count": 22, "avg_height_m": 18.08, "footprint_coverage_ratio": 0.445}}, {"type": "Feature", "geometry": {"type": "Polygon", "coordinates": [[[121.53941355983797, 25.04271386439664], [121.53942145885065, 25.04451944996086], [121.541403460201, 25.044512240465597], [121.54139553216834, 25.042706655491433], [121.53941355983797, 25.04271386439664]]]}, "properties": {"building_count": 22, "avg_height_m": 18.54, "footprint_coverage_ratio": 0.306}}, {"type": "Feature", "geometry": {"type": "Polygon", "coordinates": [[[121.53942145885065, 25.04451944996086], [121.53942935862749, 25.046325035083957], [121.5414113890006, 25.046317824998624], [121.541403460201, 25.044512240465597], [121.53942145885065, 25.04451944996086]]]}, "properties": {"building_count": 17, "avg_height_m": 17.36, "footprint_coverage_ratio": 0.194}}, {"type": "Feature", "geometry": {"type": "Polygon", "coordinates": [[[121.53942935862749, 25.046325035083957], [121.53943725916848, 25.04813061976591], [121.54141931856716, 25.048123409090497], [121.5414113890006, 25.046317824998624], [121.53942935862749, 25.046325035083957]]]}, "properties": {"building_count": 37, "avg_height_m": 23.29, "footprint_coverage_ratio": 0.293}}, {"type": "Feature", "geometry": {"type": "Polygon", "coordinates": [[[121.53943725916848, 25.04813061976591], [121.53944516047368, 25.049936204006684], [121.54142724890076, 25.04992899274118], [121.54141931856716, 25.048123409090497], [121.53943725916848, 25.04813061976591]]]}, "properties": {"building_count": 60, "avg_height_m": 23.59, "footprint_coverage_ratio": 0.368}}, {"type": "Feature", "geometry": {"type": "Polygon", "coordinates": [[[121.53944516047368, 25.049936204006684], [121.53945306254316, 25.051741787806282], [121.54143518000146, 25.05173457595065], [121.54142724890076, 25.04992899274118], [121.53944516047368, 25.049936204006684]]]}, "properties": {"building_count": 33, "avg_height_m": 19.65, "footprint_coverage_ratio": 0.263}}, {"type": "Feature", "geometry": {"type": "Polygon", "coordinates": [[[121.53945306254316, 25.051741787806282], [121.53946096537695, 25.053547371164658], [121.54144311186924, 25.053540158718896], [121.54143518000146, 25.05173457595065], [121.53945306254316, 25.051741787806282]]]}, "properties": {"building_count": 24, "avg_height_m": 22.98, "footprint_coverage_ratio": 0.17}}, {"type": "Feature", "geometry": {"type": "Polygon", "coordinates": [[[121.53946096537695, 25.053547371164658], [121.5394688689751, 25.055352954081794], [121.54145104450421, 25.055345741045876], [121.54144311186924, 25.053540158718896], [121.53946096537695, 25.053547371164658]]]}, "properties": {"building_count": 46, "avg_height_m": 22.84, "footprint_coverage_ratio": 0.271}}, {"type": "Feature", "geometry": {"type": "Polygon", "coordinates": [[[121.5394688689751, 25.055352954081794], [121.53947677333768, 25.057158536557676], [121.54145897790639, 25.05715132293159], [121.54145104450421, 25.055345741045876], [121.5394688689751, 25.055352954081794]]]}, "properties": {"building_count": 52, "avg_height_m": 15.83, "footprint_coverage_ratio": 0.333}}, {"type": "Feature", "geometry": {"type": "Polygon", "coordinates": [[[121.53947677333768, 25.057158536557676], [121.5394846784647, 25.058964118592268], [121.54146691207585, 25.058956904375997], [121.54145897790639, 25.05715132293159], [121.53947677333768, 25.057158536557676]]]}, "properties": {"building_count": 32, "avg_height_m": 22.27, "footprint_coverage_ratio": 0.304}}, {"type": "Feature", "geometry": {"type": "Polygon", "coordinates": [[[121.5394846784647, 25.058964118592268], [121.53949258435624, 25.06076970018555], [121.54147484701262, 25.06076248537908], [121.54146691207585, 25.058956904375997], [121.5394846784647, 25.058964118592268]]]}, "properties": {"building_count": 49, "avg_height_m": 19.23, "footprint_coverage_ratio": 0.425}}, {"type": "Feature", "geometry": {"type": "Polygon", "coordinates": [[[121.53949258435624, 25.06076970018555], [121.53950049101233, 25.0625752813375], [121.54148278271677, 25.06256806594082], [121.54147484701262, 25.06076248537908], [121.53949258435624, 25.06076970018555]]]}, "properties": {"building_count": 41, "avg_height_m": 18.62, "footprint_coverage_ratio": 0.275}}, {"type": "Feature", "geometry": {"type": "Polygon", "coordinates": [[[121.54148278271677, 25.06256806594082], [121.53950049101233, 25.0625752813375], [121.53950147506397, 25.062799989254398], [121.53973803374245, 25.06279304915638], [121.54021300306435, 25.06277604554798], [121.54059468714615, 25.06275902278023], [121.54075545862477, 25.06275043660632], [121.54079981003851, 25.06274810748642], [121.54148369124022, 25.062774767652993], [121.54148278271677, 25.06256806594082]]]}, "properties": {"building_count": 4, "avg_height_m": 28.01, "footprint_coverage_ratio": 0.039}}, {"type": "Feature", "geometry": {"type": "Polygon", "coordinates": [[[121.54133213551043, 25.028261959819876], [121.5433138750156, 25.028254729215316], [121.54330639164614, 25.026555153109225], [121.54325772501866, 25.02655076513174], [121.54197020091313, 25.026473132714735], [121.54159715550246, 25.026461733439454], [121.54132423626722, 25.026461360697407], [121.54133213551043, 25.028261959819876]]]}, "properties": {"building_count": 61, "avg_height_m": 19.53, "footprint_coverage_ratio": 0.387}}, {"type": "Feature", "geometry": {"type": "Polygon", "coordinates": [[[121.54133213551043, 25.028261959819876], [121.54134005740944, 25.030067548322315], [121.54332182591209, 25.030060317125677], [121.5433138750156, 25.028254729215316], [121.54133213551043, 25.028261959819876]]]}, "properties": {"building_count": 45, "avg_height_m": 20.86, "footprint_coverage_ratio": 0.357}}, {"type": "Feature", "geometry": {"type": "Polygon", "coordinates": [[[121.54134005740944, 25.030067548322315], [121.541347980075, 25.03187313638381], [121.54332977757792, 25.03186590459507], [121.54332182591209, 25.030060317125677], [121.54134005740944, 25.030067548322315]]]}, "properties": {"building_count": 34, "avg_height_m": 31.16, "footprint_coverage_ratio": 0.215}}, {"type": "Feature", "geometry": {"type": "Polygon", "coordinates": [[[121.541347980075, 25.03187313638381], [121.54135590350715, 25.03367872400432], [121.54333773001316, 25.033671491623473], [121.54332977757792, 25.03186590459507], [121.541347980075, 25.03187313638381]]]}, "properties": {"building_count": 33, "avg_height_m": 24.92, "footprint_coverage_ratio": 0.338}}, {"type": "Feature", "geometry": {"type": "Polygon", "coordinates": [[[121.54135590350715, 25.03367872400432], [121.54136382770594, 25.035484311183833], [121.54334568321782, 25.035477078210857], [121.54333773001316, 25.033671491623473], [121.54135590350715, 25.03367872400432]]]}, "properties": {"building_count": 43, "avg_height_m": 25.14, "footprint_coverage_ratio": 0.367}}, {"type": "Feature", "geometry": {"type": "Polygon", "coordinates": [[[121.54136382770594, 25.035484311183833], [121.5413717526714, 25.037289897922324], [121.54335363719197, 25.037282664357203], [121.54334568321782, 25.035477078210857], [121.54136382770594, 25.035484311183833]]]}, "properties": {"building_count": 19, "avg_height_m": 18.91, "footprint_coverage_ratio": 0.118}}, {"type": "Feature", "geometry": {"type": "Polygon", "coordinates": [[[121.5413717526714, 25.037289897922324], [121.54137967840356, 25.039095484219768], [121.54336159193566, 25.03908825006248], [121.54335363719197, 25.037282664357203], [121.5413717526714, 25.037289897922324]]]}, "properties": {"building_count": 31, "avg_height_m": 23.62, "footprint_coverage_ratio": 0.259}}, {"type": "Feature", "geometry": {"type": "Polygon", "coordinates": [[[121.54137967840356, 25.039095484219768], [121.54138760490252, 25.040901070076146], [121.54336954744892, 25.04089383532668], [121.54336159193566, 25.03908825006248], [121.54137967840356, 25.039095484219768]]]}, "properties": {"building_count": 41, "avg_height_m": 16.98, "footprint_coverage_ratio": 0.349}}, {"type": "Feature", "geometry": {"type": "Polygon", "coordinates": [[[121.54138760490252, 25.040901070076146], [121.54139553216834, 25.042706655491433], [121.54337750373182, 25.04269942014977], [121.54336954744892, 25.04089383532668], [121.54138760490252, 25.040901070076146]]]}, "properties": {"building_count": 18, "avg_height_m": 19.44, "footprint_coverage_ratio": 0.29}}, {"type": "Feature", "geometry": {"type": "Polygon", "coordinates": [[[121.54139553216834, 25.042706655491433], [121.541403460201, 25.044512240465597], [121.5433854607844, 25.044505004531725], [121.54337750373182, 25.04269942014977], [121.54139553216834, 25.042706655491433]]]}, "properties": {"building_count": 31, "avg_height_m": 22.47, "footprint_coverage_ratio": 0.255}}, {"type": "Feature", "geometry": {"type": "Polygon", "coordinates": [[[121.541403460201, 25.044512240465597], [121.5414113890006, 25.046317824998624], [121.54339341860673, 25.046310588472522], [121.5433854607844, 25.044505004531725], [121.541403460201, 25.044512240465597]]]}, "properties": {"building_count": 35, "avg_height_m": 19.05, "footprint_coverage_ratio": 0.297}}, {"type": "Feature", "geometry": {"type": "Polygon", "coordinates": [[[121.5414113890006, 25.046317824998624], [121.54141931856716, 25.048123409090497], [121.54340137719883, 25.048116171972143], [121.54339341860673, 25.046310588472522], [121.5414113890006, 25.046317824998624]]]}, "properties": {"building_count": 61, "avg_height_m": 16.48, "footprint_coverage_ratio": 0.462}}, {"type": "Feature", "geometry": {"type": "Polygon", "coordinates": [[[121.54141931856716, 25.048123409090497], [121.54142724890076, 25.04992899274118], [121.54340933656077, 25.04992175503056], [121.54340137719883, 25.048116171972143], [121.54141931856716, 25.048123409090497]]]}, "properties": {"building_count": 40, "avg_height_m": 21.54, "footprint_coverage_ratio": 0.35}}, {"type": "Feature", "geometry": {"type": "Polygon", "coordinates": [[[121.54142724890076, 25.04992899274118], [121.54143518000146, 25.05173457595065], [121.5434172966926, 25.051727337647755], [121.54340933656077, 25.04992175503056], [121.54142724890076, 25.04992899274118]]]}, "properties": {"building_count": 62, "avg_height_m": 16.71, "footprint_coverage_ratio": 0.346}}, {"type": "Feature", "geometry": {"type": "Polygon", "coordinates": [[[121.54143518000146, 25.05173457595065], [121.54144311186924, 25.053540158718896], [121.54342525759435, 25.053532919823702], [121.5434172966926, 25.051727337647755], [121.54143518000146, 25.05173457595065]]]}, "properties": {"building_count": 23, "avg_height_m": 22.42, "footprint_coverage_ratio": 0.208}}, {"type": "Feature", "geometry": {"type": "Polygon", "coordinates": [[[121.54144311186924, 25.053540158718896], [121.54145104450421, 25.055345741045876], [121.54343321926608, 25.055338501558374], [121.54342525759435, 25.053532919823702], [121.54144311186924, 25.053540158718896]]]}, "properties": {"building_count": 63, "avg_height_m": 19.66, "footprint_coverage_ratio": 0.363}}, {"type": "Feature", "geometry": {"type": "Polygon", "coordinates": [[[121.54145104450421, 25.055345741045876], [121.54145897790639, 25.05715132293159], [121.54344118170782, 25.057144082851746], [121.54343321926608, 25.055338501558374], [121.54145104450421, 25.055345741045876]]]}, "properties": {"building_count": 27, "avg_height_m": 28.5, "footprint_coverage_ratio": 0.244}}, {"type": "Feature", "geometry": {"type": "Polygon", "coordinates": [[[121.54145897790639, 25.05715132293159], [121.54146691207585, 25.058956904375997], [121.54344914491968, 25.058949663703807], [121.54344118170782, 25.057144082851746], [121.54145897790639, 25.05715132293159]]]}, "properties": {"building_count": 16, "avg_height_m": 20.14, "footprint_coverage_ratio": 0.159}}, {"type": "Feature", "geometry": {"type": "Polygon", "coordinates": [[[121.54146691207585, 25.058956904375997], [121.54147484701262, 25.06076248537908], [121.54345710890163, 25.060755244114524], [121.54344914491968, 25.058949663703807], [121.54146691207585, 25.058956904375997]]]}, "properties": {"building_count": 37, "avg_height_m": 17.83, "footprint_coverage_ratio": 0.415}}, {"type": "Feature", "geometry": {"type": "Polygon", "coordinates": [[[121.54147484701262, 25.06076248537908], [121.54148278271677, 25.06256806594082], [121.54346507365379, 25.062560824083874], [121.54345710890163, 25.060755244114524], [121.54147484701262, 25.06076248537908]]]}, "properties": {"building_count": 39, "avg_height_m": 27.09, "footprint_coverage_ratio": 0.292}}, {"type": "Feature", "geometry": {"type": "Polygon", "coordinates": [[[121.54346507365379, 25.062560824083874], [121.54148278271677, 25.06256806594082], [121.54148369124022, 25.062774767652993], [121.54246472102372, 25.062813006222964], [121.5434659629635, 25.062762416455318], [121.54346507365379, 25.062560824083874]]]}, "properties": {"building_count": 11, "avg_height_m": 25.58, "footprint_coverage_ratio": 0.148}}, {"type": "Feature", "geometry": {"type": "Polygon", "coordinates": [[[121.5433138750156, 25.028254729215316], [121.54529561375148, 25.028247472191655], [121.54528916451596, 25.026788094501093], [121.54521509786002, 25.026774818478422], [121.54473016698627, 25.02671022652173], [121.54431401156855, 25.02665889129559], [121.54401195497104, 25.02662459546817], [121.54351278808696, 25.026573762455694], [121.54330639164614, 25.026555153109225], [121.5433138750156, 25.028254729215316]]]}, "properties": {"building_count": 38, "avg_height_m": 28.9, "footprint_coverage_ratio": 0.269}}, {"type": "Feature", "geometry": {"type": "Polygon", "coordinates": [[[121.5433138750156, 25.028254729215316], [121.54332182591209, 25.030060317125677], [121.54530359364539, 25.03005305950777], [121.54529561375148, 25.028247472191655], [121.5433138750156, 25.028254729215316]]]}, "properties": {"building_count": 38, "avg_height_m": 17.06, "footprint_coverage_ratio": 0.264}}, {"type": "Feature", "geometry": {"type": "Polygon", "coordinates": [[[121.54332182591209, 25.030060317125677], [121.54332977757792, 25.03186590459507], [121.54531157431147, 25.031858646382908], [121.54530359364539, 25.03005305950777], [121.54332182591209, 25.030060317125677]]]}, "properties": {"building_count": 46, "avg_height_m": 20.55, "footprint_coverage_ratio": 0.28}}, {"type": "Feature", "geometry": {"type": "Polygon", "coordinates": [[[121.54332977757792, 25.03186590459507], [121.54333773001316, 25.033671491623473], [121.5453195557497, 25.03366423281704], [121.54531157431147, 25.031858646382908], [121.54332977757792, 25.03186590459507]]]}, "properties": {"building_count": 38, "avg_height_m": 26.49, "footprint_coverage_ratio": 0.35}}, {"type": "Feature", "geometry": {"type": "Polygon", "coordinates": [[[121.54333773001316, 25.033671491623473], [121.54334568321782, 25.035477078210857], [121.5453275379602, 25.035469818810125], [121.5453195557497, 25.03366423281704], [121.54333773001316, 25.033671491623473]]]}, "properties": {"building_count": 38, "avg_height_m": 20.85, "footprint_coverage_ratio": 0.271}}, {"type": "Feature", "geometry": {"type": "Polygon", "coordinates": [[[121.54334568321782, 25.035477078210857], [121.54335363719197, 25.037282664357203], [121.545335520943, 25.03727540436216], [121.5453275379602, 25.035469818810125], [121.54334568321782, 25.035477078210857]]]}, "properties": {"building_count": 33, "avg_height_m": 22.99, "footprint_coverage_ratio": 0.282}}, {"type": "Feature", "geometry": {"type": "Polygon", "coordinates": [[[121.54335363719197, 25.037282664357203], [121.54336159193566, 25.03908825006248], [121.54534350469812, 25.03908098947311], [121.545335520943, 25.03727540436216], [121.54335363719197, 25.037282664357203]]]}, "properties": {"building_count": 24, "avg_height_m": 29.5, "footprint_coverage_ratio": 0.308}}, {"type": "Feature", "geometry": {"type": "Polygon", "coordinates": [[[121.54336159193566, 25.03908825006248], [121.54336954744892, 25.04089383532668], [121.54535148922565, 25.040886574142977], [121.54534350469812, 25.03908098947311], [121.54336159193566, 25.03908825006248]]]}, "properties": {"building_count": 29, "avg_height_m": 21.9, "footprint_coverage_ratio": 0.244}}, {"type": "Feature", "geometry": {"type": "Polygon", "coordinates": [[[121.54336954744892, 25.04089383532668], [121.54337750373182, 25.04269942014977], [121.54535947452563, 25.042692158371697], [121.54535148922565, 25.040886574142977], [121.54336954744892, 25.04089383532668]]]}, "properties": {"building_count": 18, "avg_height_m": 29.66, "footprint_coverage_ratio": 0.181}}, {"type": "Feature", "geometry": {"type": "Polygon", "coordinates": [[[121.54337750373182, 25.04269942014977], [121.5433854607844, 25.044505004531725], [121.54536746059809, 25.044497742159272], [121.54535947452563, 25.042692158371697], [121.54337750373182, 25.04269942014977]]]}, "properties": {"building_count": 40, "avg_height_m": 23.29, "footprint_coverage_ratio": 0.405}}, {"type": "Feature", "geometry": {"type": "Polygon", "coordinates": [[[121.5433854607844, 25.044505004531725], [121.54339341860673, 25.046310588472522], [121.54537544744308, 25.046303325505683], [121.54536746059809, 25.044497742159272], [121.5433854607844, 25.044505004531725]]]}, "properties": {"building_count": 32, "avg_height_m": 26.21, "footprint_coverage_ratio": 0.386}}, {"type": "Feature", "geometry": {"type": "Polygon", "coordinates": [[[121.54339341860673, 25.046310588472522], [121.54340137719883, 25.048116171972143], [121.54538343506069, 25.048108908410892], [121.54537544744308, 25.046303325505683], [121.54339341860673, 25.046310588472522]]]}, "properties": {"building_count": 32, "avg_height_m": 24.52, "footprint_coverage_ratio": 0.383}}, {"type": "Feature", "geometry": {"type": "Polygon", "coordinates": [[[121.54340137719883, 25.048116171972143], [121.54340933656077, 25.04992175503056], [121.5453914234509, 25.049914490874873], [121.54538343506069, 25.048108908410892], [121.54340137719883, 25.048116171972143]]]}, "properties": {"building_count": 30, "avg_height_m": 25.85, "footprint_coverage_ratio": 0.261}}, {"type": "Feature", "geometry": {"type": "Polygon", "coordinates": [[[121.54340933656077, 25.04992175503056], [121.5434172966926, 25.051727337647755], [121.54539941261382, 25.051720072897634], [121.5453914234509, 25.049914490874873], [121.54340933656077, 25.04992175503056]]]}, "properties": {"building_count": 50, "avg_height_m": 29.06, "footprint_coverage_ratio": 0.381}}, {"type": "Feature", "geometry": {"type": "Polygon", "coordinates": [[[121.5434172966926, 25.051727337647755], [121.54342525759435, 25.053532919823702], [121.54540740254947, 25.053525654479113], [121.54539941261382, 25.051720072897634], [121.5434172966926, 25.051727337647755]]]}, "properties": {"building_count": 29, "avg_height_m": 31.72, "footprint_coverage_ratio": 0.394}}, {"type": "Feature", "geometry": {"type": "Polygon", "coordinates": [[[121.54342525759435, 25.053532919823702], [121.54343321926608, 25.055338501558374], [121.54541539325791, 25.055331235619303], [121.54540740254947, 25.053525654479113], [121.54342525759435, 25.053532919823702]]]}, "properties": {"building_count": 37, "avg_height_m": 30.36, "footprint_coverage_ratio": 0.308}}, {"type": "Feature", "geometry": {"type": "Polygon", "coordinates": [[[121.54343321926608, 25.055338501558374], [121.54344118170782, 25.057144082851746], [121.5454233847392, 25.057136816318184], [121.54541539325791, 25.055331235619303], [121.54343321926608, 25.055338501558374]]]}, "properties": {"building_count": 32, "avg_height_m": 22.05, "footprint_coverage_ratio": 0.297}}, {"type": "Feature", "geometry": {"type": "Polygon", "coordinates": [[[121.54344118170782, 25.057144082851746], [121.54344914491968, 25.058949663703807], [121.54543137699338, 25.058942396575734], [121.5454233847392, 25.057136816318184], [121.54344118170782, 25.057144082851746]]]}, "properties": {"building_count": 31, "avg_height_m": 31.33, "footprint_coverage_ratio": 0.295}}, {"type": "Feature", "geometry": {"type": "Polygon", "coordinates": [[[121.54344914491968, 25.058949663703807], [121.54345710890163, 25.060755244114524], [121.54543937002049, 25.060747976391923], [121.54543137699338, 25.058942396575734], [121.54344914491968, 25.058949663703807]]]}, "properties": {"building_count": 25, "avg_height_m": 23.99, "footprint_coverage_ratio": 0.253}}, {"type": "Feature", "geometry": {"type": "Polygon", "coordinates": [[[121.54345710890163, 25.060755244114524], [121.54346507365379, 25.062560824083874], [121.54544736382059, 25.062553555766726], [121.54543937002049, 25.060747976391923], [121.54345710890163, 25.060755244114524]]]}, "properties": {"building_count": 31, "avg_height_m": 37.79, "footprint_coverage_ratio": 0.307}}, {"type": "Feature", "geometry": {"type": "Polygon", "coordinates": [[[121.54544736382059, 25.062553555766726], [121.54346507365379, 25.062560824083874], [121.5434659629635, 25.062762416455318], [121.54440708113096, 25.062714858375028], [121.54544742841945, 25.06256814616151], [121.54544736382059, 25.062553555766726]]]}, "properties": {"building_count": 3, "avg_height_m": 49.19, "footprint_coverage_ratio": 0.031}}, {"type": "Feature", "geometry": {"type": "Polygon", "coordinates": [[[121.54529561375148, 25.028247472191655], [121.54727735171527, 25.028240188748935], [121.54727255092041, 25.027157776263433], [121.54712330592778, 25.027116841077742], [121.54528916451596, 25.026788094501093], [121.54529561375148, 25.028247472191655]]]}, "properties": {"building_count": 24, "avg_height_m": 37.3, "footprint_coverage_ratio": 0.34}}, {"type": "Feature", "geometry": {"type": "Polygon", "coordinates": [[[121.54529561375148, 25.028247472191655], [121.54530359364539, 25.03005305950777], [121.54728536060655, 25.03004577546865], [121.54727735171527, 25.028240188748935], [121.54529561375148, 25.028247472191655]]]}, "properties": {"building_count": 27, "avg_height_m": 14.85, "footprint_coverage_ratio": 0.345}}, {"type": "Feature", "geometry": {"type": "Polygon", "coordinates": [[[121.54530359364539, 25.03005305950777], [121.54531157431147, 25.031858646382908], [121.54729337027278, 25.031851361747364], [121.54728536060655, 25.03004577546865], [121.54530359364539, 25.03005305950777]]]}, "properties": {"building_count": 28, "avg_height_m": 19.32, "footprint_coverage_ratio": 0.234}}, {"type": "Feature", "geometry": {"type": "Polygon", "coordinates": [[[121.54531157431147, 25.031858646382908], [121.5453195557497, 25.03366423281704], [121.54730138071403, 25.033656947585055], [121.54729337027278, 25.031851361747364], [121.54531157431147, 25.031858646382908]]]}, "properties": {"building_count": 26, "avg_height_m": 28.03, "footprint_coverage_ratio": 0.247}}, {"type": "Feature", "geometry": {"type": "Polygon", "coordinates": [[[121.5453195557497, 25.03366423281704], [121.5453275379602, 25.035469818810125], [121.54730939193031, 25.035462532981686], [121.54730138071403, 25.033656947585055], [121.5453195557497, 25.03366423281704]]]}, "properties": {"building_count": 47, "avg_height_m": 21.97, "footprint_coverage_ratio": 0.352}}, {"type": "Feature", "geometry": {"type": "Polygon", "coordinates": [[[121.5453275379602, 25.035469818810125], [121.545335520943, 25.03727540436216], [121.5473174039217, 25.03726811793725], [121.54730939193031, 25.035462532981686], [121.5453275379602, 25.035469818810125]]]}, "properties": {"building_count": 48, "avg_height_m": 18.41, "footprint_coverage_ratio": 0.356}}, {"type": "Feature", "geometry": {"type": "Polygon", "coordinates": [[[121.545335520943, 25.03727540436216], [121.54534350469812, 25.03908098947311], [121.54732541668824, 25.03907370245171], [121.5473174039217, 25.03726811793725], [121.545335520943, 25.03727540436216]]]}, "properties": {"building_count": 36, "avg_height_m": 24.26, "footprint_coverage_ratio": 0.342}}, {"type": "Feature", "geometry": {"type": "Polygon", "coordinates": [[[121.54534350469812, 25.03908098947311], [121.54535148922565, 25.040886574142977], [121.54733343022995, 25.04087928652506], [121.54732541668824, 25.03907370245171], [121.54534350469812, 25.03908098947311]]]}, "properties": {"building_count": 77, "avg_height_m": 20.39, "footprint_coverage_ratio": 0.453}}, {"type": "Feature", "geometry": {"type": "Polygon", "coordinates": [[[121.54535148922565, 25.040886574142977], [121.54535947452563, 25.042692158371697], [121.54734144454693, 25.04268487015726], [121.54733343022995, 25.04087928652506], [121.54535148922565, 25.040886574142977]]]}, "properties": {"building_count": 24, "avg_height_m": 28.83, "footprint_coverage_ratio": 0.286}}, {"type": "Feature", "geometry": {"type": "Polygon", "coordinates": [[[121.54535947452563, 25.042692158371697], [121.54536746059809, 25.044497742159272], [121.54734945963921, 25.0444904533483], [121.54734144454693, 25.04268487015726], [121.54535947452563, 25.042692158371697]]]}, "properties": {"building_count": 34, "avg_height_m": 19.97, "footprint_coverage_ratio": 0.413}}, {"type": "Feature", "geometry": {"type": "Polygon", "coordinates": [[[121.54536746059809, 25.044497742159272], [121.54537544744308, 25.046303325505683], [121.54735747550684, 25.046296036098145], [121.54734945963921, 25.0444904533483], [121.54536746059809, 25.044497742159272]]]}, "properties": {"building_count": 35, "avg_height_m": 18.84, "footprint_coverage_ratio": 0.278}}, {"type": "Feature", "geometry": {"type": "Polygon", "coordinates": [[[121.54537544744308, 25.046303325505683], [121.54538343506069, 25.048108908410892], [121.54736549214985, 25.04810161840678], [121.54735747550684, 25.046296036098145], [121.54537544744308, 25.046303325505683]]]}, "properties": {"building_count": 46, "avg_height_m": 19.32, "footprint_coverage_ratio": 0.333}}, {"type": "Feature", "geometry": {"type": "Polygon", "coordinates": [[[121.54538343506069, 25.048108908410892], [121.5453914234509, 25.049914490874873], [121.54737350956833, 25.049907200274173], [121.54736549214985, 25.04810161840678], [121.54538343506069, 25.048108908410892]]]}, "properties": {"building_count": 37, "avg_height_m": 22.64, "footprint_coverage_ratio": 0.309}}, {"type": "Feature", "geometry": {"type": "Polygon", "coordinates": [[[121.5453914234509, 25.049914490874873], [121.54539941261382, 25.051720072897634], [121.54738152776231, 25.05171278170032], [121.54737350956833, 25.049907200274173], [121.5453914234509, 25.049914490874873]]]}, "properties": {"building_count": 17, "avg_height_m": 22.49, "footprint_coverage_ratio": 0.314}}, {"type": "Feature", "geometry": {"type": "Polygon", "coordinates": [[[121.54539941261382, 25.051720072897634], [121.54540740254947, 25.053525654479113], [121.54738954673184, 25.053518362685175], [121.54738152776231, 25.05171278170032], [121.54539941261382, 25.051720072897634]]]}, "properties": {"building_count": 36, "avg_height_m": 24.21, "footprint_coverage_ratio": 0.311}}, {"type": "Feature", "geometry": {"type": "Polygon", "coordinates": [[[121.54540740254947, 25.053525654479113], [121.54541539325791, 25.055331235619303], [121.54739756647693, 25.05532394322872], [121.54738954673184, 25.053518362685175], [121.54540740254947, 25.053525654479113]]]}, "properties": {"building_count": 31, "avg_height_m": 29.57, "footprint_coverage_ratio": 0.318}}, {"type": "Feature", "geometry": {"type": "Polygon", "coordinates": [[[121.54541539325791, 25.055331235619303], [121.5454233847392, 25.057136816318184], [121.5474055869977, 25.057129523330946], [121.54739756647693, 25.05532394322872], [121.54541539325791, 25.055331235619303]]]}, "properties": {"building_count": 34, "avg_height_m": 29.41, "footprint_coverage_ratio": 0.241}}, {"type": "Feature", "geometry": {"type": "Polygon", "coordinates": [[[121.5454233847392, 25.057136816318184], [121.54543137699338, 25.058942396575734], [121.54741360829414, 25.058935102991814], [121.5474055869977, 25.057129523330946], [121.5454233847392, 25.057136816318184]]]}, "properties": {"building_count": 33, "avg_height_m": 30.67, "footprint_coverage_ratio": 0.392}}, {"type": "Feature", "geometry": {"type": "Polygon", "coordinates": [[[121.54543137699338, 25.058942396575734], [121.54543937002049, 25.060747976391923], [121.54742163036634, 25.06074068221131], [121.54741360829414, 25.058935102991814], [121.54543137699338, 25.058942396575734]]]}, "properties": {"building_count": 22, "avg_height_m": 22.62, "footprint_coverage_ratio": 0.471}}, {"type": "Feature", "geometry": {"type": "Polygon", "coordinates": [[[121.54742163036634, 25.06074068221131], [121.54543937002049, 25.060747976391923], [121.54544736382059, 25.062553555766726], [121.54555365588935, 25.062553165285912], [121.54632951890105, 25.06244374572436], [121.54742805387231, 25.06218633569243], [121.54742163036634, 25.06074068221131]]]}, "properties": {"building_count": 23, "avg_height_m": 25.26, "footprint_coverage_ratio": 0.24}}, {"type": "Feature", "geometry": {"type": "Polygon", "coordinates": [[[121.54727735171527, 25.028240188748935], [121.54925908890415, 25.0282328788872], [121.54925684762411, 25.027729379103487], [121.54898554499583, 25.02762760660961], [121.54727255092041, 25.027157776263433], [121.54727735171527, 25.028240188748935]]]}, "properties": {"building_count": 14, "avg_height_m": 23.27, "footprint_coverage_ratio": 0.12}}, {"type": "Feature", "geometry": {"type": "Polygon", "coordinates": [[[121.54727735171527, 25.028240188748935], [121.54728536060655, 25.03004577546865], [121.54926712679276, 25.030038465008335], [121.54925908890415, 25.0282328788872], [121.54727735171527, 25.028240188748935]]]}, "properties": {"building_count": 11, "avg_height_m": 20.92, "footprint_coverage_ratio": 0.165}}, {"type": "Feature", "geometry": {"type": "Polygon", "coordinates": [[[121.54728536060655, 25.03004577546865], [121.54729337027278, 25.031851361747364], [121.54927516545912, 25.03184405068847], [121.54926712679276, 25.030038465008335], [121.54728536060655, 25.03004577546865]]]}, "properties": {"building_count": 18, "avg_height_m": 38.57, "footprint_coverage_ratio": 0.271}}, {"type": "Feature", "geometry": {"type": "Polygon", "coordinates": [[[121.54729337027278, 25.031851361747364], [121.54730138071403, 25.033656947585055], [121.54928320490328, 25.033649635927553], [121.54927516545912, 25.03184405068847], [121.54729337027278, 25.031851361747364]]]}, "properties": {"building_count": 28, "avg_height_m": 37.78, "footprint_coverage_ratio": 0.232}}, {"type": "Feature", "geometry": {"type": "Polygon", "coordinates": [[[121.54730138071403, 25.033656947585055], [121.54730939193031, 25.035462532981686], [121.54929124512532, 25.03545522072557], [121.54928320490328, 25.033649635927553], [121.54730138071403, 25.033656947585055]]]}, "properties": {"building_count": 39, "avg_height_m": 24.46, "footprint_coverage_ratio": 0.248}}, {"type": "Feature", "geometry": {"type": "Polygon", "coordinates": [[[121.54730939193031, 25.035462532981686], [121.5473174039217, 25.03726811793725], [121.54929928612525, 25.037260805082497], [121.54929124512532, 25.03545522072557], [121.54730939193031, 25.035462532981686]]]}, "properties": {"building_count": 33, "avg_height_m": 21.54, "footprint_coverage_ratio": 0.242}}, {"type": "Feature", "geometry": {"type": "Polygon", "coordinates": [[[121.5473174039217, 25.03726811793725], [121.54732541668824, 25.03907370245171], [121.54930732790314, 25.039066388998304], [121.54929928612525, 25.037260805082497], [121.5473174039217, 25.03726811793725]]]}, "properties": {"building_count": 5, "avg_height_m": 24.18, "footprint_coverage_ratio": 0.074}}, {"type": "Feature", "geometry": {"type": "Polygon", "coordinates": [[[121.54732541668824, 25.03907370245171], [121.54733343022995, 25.04087928652506], [121.54931537045901, 25.040871972472985], [121.54930732790314, 25.039066388998304], [121.54732541668824, 25.03907370245171]]]}, "properties": {"building_count": 22, "avg_height_m": 29.21, "footprint_coverage_ratio": 0.25}}, {"type": "Feature", "geometry": {"type": "Polygon", "coordinates": [[[121.54733343022995, 25.04087928652506], [121.54734144454693, 25.04268487015726], [121.54932341379295, 25.042677555506497], [121.54931537045901, 25.040871972472985], [121.54733343022995, 25.04087928652506]]]}, "properties": {"building_count": 16, "avg_height_m": 33.32, "footprint_coverage_ratio": 0.199}}, {"type": "Feature", "geometry": {"type": "Polygon", "coordinates": [[[121.54734144454693, 25.04268487015726], [121.54734945963921, 25.0444904533483], [121.54933145790501, 25.04448313809883], [121.54932341379295, 25.042677555506497], [121.54734144454693, 25.04268487015726]]]}, "properties": {"building_count": 29, "avg_height_m": 21.56, "footprint_coverage_ratio": 0.343}}, {"type": "Feature", "geometry": {"type": "Polygon", "coordinates": [[[121.54734945963921, 25.0444904533483], [121.54735747550684, 25.046296036098145], [121.54933950279522, 25.046288720249947], [121.54933145790501, 25.04448313809883], [121.54734945963921, 25.0444904533483]]]}, "properties": {"building_count": 21, "avg_height_m": 19.63, "footprint_coverage_ratio": 0.194}}, {"type": "Feature", "geometry": {"type": "Polygon", "coordinates": [[[121.54735747550684, 25.046296036098145], [121.54736549214985, 25.04810161840678], [121.54934754846361, 25.048094301959846], [121.54933950279522, 25.046288720249947], [121.54735747550684, 25.046296036098145]]]}, "properties": {"building_count": 17, "avg_height_m": 31.52, "footprint_coverage_ratio": 0.266}}, {"type": "Feature", "geometry": {"type": "Polygon", "coordinates": [[[121.54736549214985, 25.04810161840678], [121.54737350956833, 25.049907200274173], [121.54935559491028, 25.04989988322849], [121.54934754846361, 25.048094301959846], [121.54736549214985, 25.04810161840678]]]}, "properties": {"building_count": 6, "avg_height_m": 15.28, "footprint_coverage_ratio": 0.13}}, {"type": "Feature", "geometry": {"type": "Polygon", "coordinates": [[[121.54737350956833, 25.049907200274173], [121.54738152776231, 25.05171278170032], [121.54936364213523, 25.05170546405586], [121.54935559491028, 25.04989988322849], [121.54737350956833, 25.049907200274173]]]}, "properties": {"building_count": 16, "avg_height_m": 28.95, "footprint_coverage_ratio": 0.249}}, {"type": "Feature", "geometry": {"type": "Polygon", "coordinates": [[[121.54738152776231, 25.05171278170032], [121.54738954673184, 25.053518362685175], [121.54937169013856, 25.053511044441926], [121.54936364213523, 25.05170546405586], [121.54738152776231, 25.05171278170032]]]}, "properties": {"building_count": 27, "avg_height_m": 33.57, "footprint_coverage_ratio": 0.307}}, {"type": "Feature", "geometry": {"type": "Polygon", "coordinates": [[[121.54738954673184, 25.053518362685175], [121.54739756647693, 25.05532394322872], [121.5493797389203, 25.055316624386666], [121.54937169013856, 25.053511044441926], [121.54738954673184, 25.053518362685175]]]}, "properties": {"building_count": 21, "avg_height_m": 24.45, "footprint_coverage_ratio": 0.214}}, {"type": "Feature", "geometry": {"type": "Polygon", "coordinates": [[[121.54739756647693, 25.05532394322872], [121.5474055869977, 25.057129523330946], [121.54938778848046, 25.057122203890067], [121.5493797389203, 25.055316624386666], [121.54739756647693, 25.05532394322872]]]}, "properties": {"building_count": 18, "avg_height_m": 41.62, "footprint_coverage_ratio": 0.29}}, {"type": "Feature", "geometry": {"type": "Polygon", "coordinates": [[[121.5474055869977, 25.057129523330946], [121.54741360829414, 25.058935102991814], [121.54939583881915, 25.058927782952097], [121.54938778848046, 25.057122203890067], [121.5474055869977, 25.057129523330946]]]}, "properties": {"building_count": 12, "avg_height_m": 31.83, "footprint_coverage_ratio": 0.159}}, {"type": "Feature", "geometry": {"type": "Polygon", "coordinates": [[[121.54741360829414, 25.058935102991814], [121.54742163036634, 25.06074068221131], [121.5494038899364, 25.060733361572726], [121.54939583881915, 25.058927782952097], [121.54741360829414, 25.058935102991814]]]}, "properties": {"building_count": 38, "avg_height_m": 20.17, "footprint_coverage_ratio": 0.433}}, {"type": "Feature", "geometry": {"type": "Polygon", "coordinates": [[[121.5494038899364, 25.060733361572726], [121.54742163036634, 25.06074068221131], [121.54742805387231, 25.06218633569243], [121.54821351243352, 25.062002280477795], [121.54940777785383, 25.061605220196945], [121.5494038899364, 25.060733361572726]]]}, "properties": {"building_count": 28, "avg_height_m": 29.96, "footprint_coverage_ratio": 0.222}}, {"type": "Feature", "geometry": {"type": "Polygon", "coordinates": [[[121.54925908890415, 25.0282328788872], [121.55058600387444, 25.028227969642792], [121.54925684762411, 25.027729379103487], [121.54925908890415, 25.0282328788872]]]}, "properties": {"building_count": 7, "avg_height_m": 33.47, "footprint_coverage_ratio": 0.025}}, {"type": "Feature", "geometry": {"type": "Polygon", "coordinates": [[[121.54925908890415, 25.0282328788872], [121.54926712679276, 25.030038465008335], [121.5512488922012, 25.030031128126897], [121.55124215970321, 25.02852422650859], [121.55078388759232, 25.028302198029753], [121.55058600387444, 25.028227969642792], [121.54925908890415, 25.0282328788872]]]}, "properties": {"building_count": 26, "avg_height_m": 34.99, "footprint_coverage_ratio": 0.226}}, {"type": "Feature", "geometry": {"type": "Polygon", "coordinates": [[[121.54926712679276, 25.030038465008335], [121.54927516545912, 25.03184405068847], [121.55125695986764, 25.031836713206275], [121.5512488922012, 25.030031128126897], [121.54926712679276, 25.030038465008335]]]}, "properties": {"building_count": 38, "avg_height_m": 27.87, "footprint_coverage_ratio": 0.369}}, {"type": "Feature", "geometry": {"type": "Polygon", "coordinates": [[[121.54927516545912, 25.03184405068847], [121.54928320490328, 25.033649635927553], [121.5512650283147, 25.033642297844594], [121.55125695986764, 25.031836713206275], [121.54927516545912, 25.03184405068847]]]}, "properties": {"building_count": 45, "avg_height_m": 21.35, "footprint_coverage_ratio": 0.349}}, {"type": "Feature", "geometry": {"type": "Polygon", "coordinates": [[[121.54928320490328, 25.033649635927553], [121.54929124512532, 25.03545522072557], [121.5512730975424, 25.035447882041822], [121.5512650283147, 25.033642297844594], [121.54928320490328, 25.033649635927553]]]}, "properties": {"building_count": 58, "avg_height_m": 21.65, "footprint_coverage_ratio": 0.424}}, {"type": "Feature", "geometry": {"type": "Polygon", "coordinates": [[[121.54929124512532, 25.03545522072557], [121.54929928612525, 25.037260805082497], [121.55128116755083, 25.03725346579795], [121.5512730975424, 25.035447882041822], [121.54929124512532, 25.03545522072557]]]}, "properties": {"building_count": 31, "avg_height_m": 23.72, "footprint_coverage_ratio": 0.343}}, {"type": "Feature", "geometry": {"type": "Polygon", "coordinates": [[[121.54929928612525, 25.037260805082497], [121.54930732790314, 25.039066388998304], [121.55128923834, 25.039059049112936], [121.55128116755083, 25.03725346579795], [121.54929928612525, 25.037260805082497]]]}, "properties": {"building_count": 8, "avg_height_m": 35.34, "footprint_coverage_ratio": 0.118}}, {"type": "Feature", "geometry": {"type": "Polygon", "coordinates": [[[121.54930732790314, 25.039066388998304], [121.54931537045901, 25.040871972472985], [121.55129730991, 25.040864631986782], [121.55128923834, 25.039059049112936], [121.54930732790314, 25.039066388998304]]]}, "properties": {"building_count": 51, "avg_height_m": 26.58, "footprint_coverage_ratio": 0.381}}, {"type": "Feature", "geometry": {"type": "Polygon", "coordinates": [[[121.54931537045901, 25.040871972472985], [121.54932341379295, 25.042677555506497], [121.55130538226086, 25.04267021441944], [121.55129730991, 25.040864631986782], [121.54931537045901, 25.040871972472985]]]}, "properties": {"building_count": 22, "avg_height_m": 33.03, "footprint_coverage_ratio": 0.267}}, {"type": "Feature", "geometry": {"type": "Polygon", "coordinates": [[[121.54932341379295, 25.042677555506497], [121.54933145790501, 25.04448313809883], [121.55131345539263, 25.044475796410907], [121.55130538226086, 25.04267021441944], [121.54932341379295, 25.042677555506497]]]}, "properties": {"building_count": 57, "avg_height_m": 20.72, "footprint_coverage_ratio": 0.424}}, {"type": "Feature", "geometry": {"type": "Polygon", "coordinates": [[[121.54933145790501, 25.04448313809883], [121.54933950279522, 25.046288720249947], [121.55132152930537, 25.04628137796115], [121.55131345539263, 25.044475796410907], [121.54933145790501, 25.04448313809883]]]}, "properties": {"building_count": 41, "avg_height_m": 16.74, "footprint_coverage_ratio": 0.361}}, {"type": "Feature", "geometry": {"type": "Polygon", "coordinates": [[[121.54933950279522, 25.046288720249947], [121.54934754846361, 25.048094301959846], [121.5513296039991, 25.048086959070144], [121.55132152930537, 25.04628137796115], [121.54933950279522, 25.046288720249947]]]}, "properties": {"building_count": 40, "avg_height_m": 25.55, "footprint_coverage_ratio": 0.488}}, {"type": "Feature", "geometry": {"type": "Polygon", "coordinates": [[[121.54934754846361, 25.048094301959846], [121.54935559491028, 25.04989988322849], [121.55133767947392, 25.049892539737865], [121.5513296039991, 25.048086959070144], [121.54934754846361, 25.048094301959846]]]}, "properties": {"building_count": 7, "avg_height_m": 22.39, "footprint_coverage_ratio": 0.355}}, {"type": "Feature", "geometry": {"type": "Polygon", "coordinates": [[[121.54935559491028, 25.04989988322849], [121.54936364213523, 25.05170546405586], [121.55134575572984, 25.0516981199643], [121.55133767947392, 25.049892539737865], [121.54935559491028, 25.04989988322849]]]}, "properties": {"building_count": 3, "avg_height_m": 12.89, "footprint_coverage_ratio": 0.017}}, {"type": "Feature", "geometry": {"type": "Polygon", "coordinates": [[[121.54936364213523, 25.05170546405586], [121.54937169013856, 25.053511044441926], [121.55135383276689, 25.053503699749413], [121.55134575572984, 25.0516981199643], [121.54936364213523, 25.05170546405586]]]}, "properties": {"building_count": 21, "avg_height_m": 21.98, "footprint_coverage_ratio": 0.26}}, {"type": "Feature", "geometry": {"type": "Polygon", "coordinates": [[[121.54937169013856, 25.053511044441926], [121.5493797389203, 25.055316624386666], [121.5513619105852, 25.05530927909318], [121.55135383276689, 25.053503699749413], [121.54937169013856, 25.053511044441926]]]}, "properties": {"building_count": 41, "avg_height_m": 22.98, "footprint_coverage_ratio": 0.364}}, {"type": "Feature", "geometry": {"type": "Polygon", "coordinates": [[[121.5493797389203, 25.055316624386666], [121.54938778848046, 25.057122203890067], [121.55136998918476, 25.05711485799559], [121.5513619105852, 25.05530927909318], [121.5493797389203, 25.055316624386666]]]}, "properties": {"building_count": 19, "avg_height_m": 31.74, "footprint_coverage_ratio": 0.199}}, {"type": "Feature", "geometry": {"type": "Polygon", "coordinates": [[[121.54938778848046, 25.057122203890067], [121.54939583881915, 25.058927782952097], [121.55137806856564, 25.058920436456614], [121.55136998918476, 25.05711485799559], [121.54938778848046, 25.057122203890067]]]}, "properties": {"building_count": 21, "avg_height_m": 29.67, "footprint_coverage_ratio": 0.353}}, {"type": "Feature", "geometry": {"type": "Polygon", "coordinates": [[[121.54939583881915, 25.058927782952097], [121.5494038899364, 25.060733361572726], [121.55138614872786, 25.060726014476227], [121.55137806856564, 25.058920436456614], [121.54939583881915, 25.058927782952097]]]}, "properties": {"building_count": 7, "avg_height_m": 37.5, "footprint_coverage_ratio": 0.061}}, {"type": "Feature", "geometry": {"type": "Polygon", "coordinates": [[[121.55138614872786, 25.060726014476227], [121.5494038899364, 25.060733361572726], [121.54940777785383, 25.061605220196945], [121.55004091072934, 25.061394716082887], [121.55138650408816, 25.060805418607117], [121.55138614872786, 25.060726014476227]]]}, "properties": {"building_count": 6, "avg_height_m": 45.67, "footprint_coverage_ratio": 0.06}}, {"type": "Feature", "geometry": {"type": "Polygon", "coordinates": [[[121.5512488922012, 25.030031128126897], [121.55323065682911, 25.03002376482434], [121.55322864466534, 25.02957501820838], [121.55250102061515, 25.029134121135254], [121.55124215970321, 25.02852422650859], [121.5512488922012, 25.030031128126897]]]}, "properties": {"building_count": 23, "avg_height_m": 17.92, "footprint_coverage_ratio": 0.165}}, {"type": "Feature", "geometry": {"type": "Polygon", "coordinates": [[[121.5512488922012, 25.030031128126897], [121.55125695986764, 25.031836713206275], [121.55323875349556, 25.031829349300807], [121.55323065682911, 25.03002376482434], [121.5512488922012, 25.030031128126897]]]}, "properties": {"building_count": 37, "avg_height_m": 27.25, "footprint_coverage_ratio": 0.252}}, {"type": "Feature", "geometry": {"type": "Polygon", "coordinates": [[[121.55125695986764, 25.031836713206275], [121.5512650283147, 25.033642297844594], [121.55324685094546, 25.033634933336195], [121.55323875349556, 25.031829349300807], [121.55125695986764, 25.031836713206275]]]}, "properties": {"building_count": 47, "avg_height_m": 28.91, "footprint_coverage_ratio": 0.331}}, {"type": "Feature", "geometry": {"type": "Polygon", "coordinates": [[[121.5512650283147, 25.033642297844594], [121.5512730975424, 25.035447882041822], [121.5532549491788, 25.03544051693048], [121.55324685094546, 25.033634933336195], [121.5512650283147, 25.033642297844594]]]}, "properties": {"building_count": 51, "avg_height_m": 22.27, "footprint_coverage_ratio": 0.344}}, {"type": "Feature", "geometry": {"type": "Polygon", "coordinates": [[[121.5512730975424, 25.035447882041822], [121.55128116755083, 25.03725346579795], [121.55326304819566, 25.037246100083653], [121.5532549491788, 25.03544051693048], [121.5512730975424, 25.035447882041822]]]}, "properties": {"building_count": 12, "avg_height_m": 27.04, "footprint_coverage_ratio": 0.218}}, {"type": "Feature", "geometry": {"type": "Polygon", "coordinates": [[[121.55128116755083, 25.03725346579795], [121.55128923834, 25.039059049112936], [121.5532711479961, 25.039051682795655], [121.55326304819566, 25.037246100083653], [121.55128116755083, 25.03725346579795]]]}, "properties": {"building_count": 21, "avg_height_m": 34.89, "footprint_coverage_ratio": 0.231}}, {"type": "Feature", "geometry": {"type": "Polygon", "coordinates": [[[121.55128923834, 25.039059049112936], [121.55129730991, 25.040864631986782], [121.55327924858015, 25.040857265066496], [121.5532711479961, 25.039051682795655], [121.55128923834, 25.039059049112936]]]}, "properties": {"building_count": 40, "avg_height_m": 30.21, "footprint_coverage_ratio": 0.376}}, {"type": "Feature", "geometry": {"type": "Polygon", "coordinates": [[[121.55129730991, 25.040864631986782], [121.55130538226086, 25.04267021441944], [121.55328734994788, 25.04266284689615], [121.55327924858015, 25.040857265066496], [121.55129730991, 25.040864631986782]]]}, "properties": {"building_count": 29, "avg_height_m": 31.02, "footprint_coverage_ratio": 0.4}}, {"type": "Feature", "geometry": {"type": "Polygon", "coordinates": [[[121.55130538226086, 25.04267021441944], [121.55131345539263, 25.044475796410907], [121.5532954520993, 25.04446842828458], [121.55328734994788, 25.04266284689615], [121.55130538226086, 25.04267021441944]]]}, "properties": {"building_count": 42, "avg_height_m": 22.06, "footprint_coverage_ratio": 0.365}}, {"type": "Feature", "geometry": {"type": "Polygon", "coordinates": [[[121.55131345539263, 25.044475796410907], [121.55132152930537, 25.04628137796115], [121.5533035550345, 25.04627400923177], [121.5532954520993, 25.04446842828458], [121.55131345539263, 25.044475796410907]]]}, "properties": {"building_count": 32, "avg_height_m": 17.85, "footprint_coverage_ratio": 0.404}}, {"type": "Feature", "geometry": {"type": "Polygon", "coordinates": [[[121.55132152930537, 25.04628137796115], [121.5513296039991, 25.048086959070144], [121.55331165875354, 25.0480795897377], [121.5533035550345, 25.04627400923177], [121.55132152930537, 25.04628137796115]]]}, "properties": {"building_count": 51, "avg_height_m": 18.7, "footprint_coverage_ratio": 0.484}}, {"type": "Feature", "geometry": {"type": "Polygon", "coordinates": [[[121.5513296039991, 25.048086959070144], [121.55133767947392, 25.049892539737865], [121.55331976325643, 25.04988516980234], [121.55331165875354, 25.0480795897377], [121.5513296039991, 25.048086959070144]]]}, "properties": {"building_count": 26, "avg_height_m": 22.51, "footprint_coverage_ratio": 0.297}}, {"type": "Feature", "geometry": {"type": "Polygon", "coordinates": [[[121.55133767947392, 25.049892539737865], [121.55134575572984, 25.0516981199643], [121.55332786854325, 25.051690749425664], [121.55331976325643, 25.04988516980234], [121.55133767947392, 25.049892539737865]]]}, "properties": {"building_count": 15, "avg_height_m": 40.81, "footprint_coverage_ratio": 0.226}}, {"type": "Feature", "geometry": {"type": "Polygon", "coordinates": [[[121.55134575572984, 25.0516981199643], [121.55135383276689, 25.053503699749413], [121.55333597461404, 25.05349632860766], [121.55332786854325, 25.051690749425664], [121.55134575572984, 25.0516981199643]]]}, "properties": {"building_count": 26, "avg_height_m": 20.55, "footprint_coverage_ratio": 0.281}}, {"type": "Feature", "geometry": {"type": "Polygon", "coordinates": [[[121.55135383276689, 25.053503699749413], [121.5513619105852, 25.05530927909318], [121.55334408146885, 25.055301907348298], [121.55333597461404, 25.05349632860766], [121.55135383276689, 25.053503699749413]]]}, "properties": {"building_count": 41, "avg_height_m": 25.92, "footprint_coverage_ratio": 0.335}}, {"type": "Feature", "geometry": {"type": "Polygon", "coordinates": [[[121.5513619105852, 25.05530927909318], [121.55136998918476, 25.05711485799559], [121.55335218910774, 25.057107485647556], [121.55334408146885, 25.055301907348298], [121.5513619105852, 25.05530927909318]]]}, "properties": {"building_count": 29, "avg_height_m": 21.52, "footprint_coverage_ratio": 0.323}}, {"type": "Feature", "geometry": {"type": "Polygon", "coordinates": [[[121.55136998918476, 25.05711485799559], [121.55137806856564, 25.058920436456614], [121.55336029753072, 25.058913063505404], [121.55335218910774, 25.057107485647556], [121.55136998918476, 25.05711485799559]]]}, "properties": {"building_count": 37, "avg_height_m": 17.13, "footprint_coverage_ratio": 0.34}}, {"type": "Feature", "geometry": {"type": "Polygon", "coordinates": [[[121.55336029753072, 25.058913063505404], [121.55137806856564, 25.058920436456614], [121.55138614872786, 25.060726014476227], [121.55156936485396, 25.060725334063235], [121.55179410876862, 25.06062690619169], [121.55336408897611, 25.05975727980133], [121.55336029753072, 25.058913063505404]]]}, "properties": {"building_count": 28, "avg_height_m": 13.9, "footprint_coverage_ratio": 0.392}}, {"type": "Feature", "geometry": {"type": "Polygon", "coordinates": [[[121.55138614872786, 25.060726014476227], [121.55138650408816, 25.060805418607117], [121.55156936485396, 25.060725334063235], [121.55138614872786, 25.060726014476227]]]}, "properties": {"building_count": 1, "avg_height_m": 3.58, "footprint_coverage_ratio": 0.008}}, {"type": "Feature", "geometry": {"type": "Polygon", "coordinates": [[[121.55323065682911, 25.03002376482434], [121.55396472221241, 25.03002103067705], [121.55322864466534, 25.02957501820838], [121.55323065682911, 25.03002376482434]]]}, "properties": {"building_count": 8, "avg_height_m": 14.56, "footprint_coverage_ratio": 0.061}}, {"type": "Feature", "geometry": {"type": "Polygon", "coordinates": [[[121.55323065682911, 25.03002376482434], [121.55323875349556, 25.031829349300807], [121.55522054634007, 25.031821958972127], [121.555216538175, 25.0309313365958], [121.55412041183932, 25.030115367012204], [121.55396472221241, 25.03002103067705], [121.55323065682911, 25.03002376482434]]]}, "properties": {"building_count": 73, "avg_height_m": 16.39, "footprint_coverage_ratio": 0.413}}, {"type": "Feature", "geometry": {"type": "Polygon", "coordinates": [[[121.55323875349556, 25.031829349300807], [121.55324685094546, 25.033634933336195], [121.55522867279271, 25.033627542402414], [121.55522054634007, 25.031821958972127], [121.55323875349556, 25.031829349300807]]]}, "properties": {"building_count": 53, "avg_height_m": 22.63, "footprint_coverage_ratio": 0.328}}, {"type": "Feature", "geometry": {"type": "Polygon", "coordinates": [[[121.55324685094546, 25.033634933336195], [121.5532549491788, 25.03544051693048], [121.55523680003165, 25.03543312539159], [121.55522867279271, 25.033627542402414], [121.55324685094546, 25.033634933336195]]]}, "properties": {"building_count": 50, "avg_height_m": 20.23, "footprint_coverage_ratio": 0.345}}, {"type": "Feature", "geometry": {"type": "Polygon", "coordinates": [[[121.5532549491788, 25.03544051693048], [121.55326304819566, 25.037246100083653], [121.55524492805692, 25.03723870793963], [121.55523680003165, 25.03543312539159], [121.5532549491788, 25.03544051693048]]]}, "properties": {"building_count": 32, "avg_height_m": 20.17, "footprint_coverage_ratio": 0.448}}, {"type": "Feature", "geometry": {"type": "Polygon", "coordinates": [[[121.55326304819566, 25.037246100083653], [121.5532711479961, 25.039051682795655], [121.55525305686855, 25.039044290046494], [121.55524492805692, 25.03723870793963], [121.55326304819566, 25.037246100083653]]]}, "properties": {"building_count": 26, "avg_height_m": 34.45, "footprint_coverage_ratio": 0.274}}, {"type": "Feature", "geometry": {"type": "Polygon", "coordinates": [[[121.5532711479961, 25.039051682795655], [121.55327924858015, 25.040857265066496], [121.55526118646662, 25.04084987171218], [121.55525305686855, 25.039044290046494], [121.5532711479961, 25.039051682795655]]]}, "properties": {"building_count": 54, "avg_height_m": 23.35, "footprint_coverage_ratio": 0.411}}, {"type": "Feature", "geometry": {"type": "Polygon", "coordinates": [[[121.55327924858015, 25.040857265066496], [121.55328734994788, 25.04266284689615], [121.55526931685115, 25.042655452936653], [121.55526118646662, 25.04084987171218], [121.55327924858015, 25.040857265066496]]]}, "properties": {"building_count": 35, "avg_height_m": 25.1, "footprint_coverage_ratio": 0.374}}, {"type": "Feature", "geometry": {"type": "Polygon", "coordinates": [[[121.55328734994788, 25.04266284689615], [121.5532954520993, 25.04446842828458], [121.5552774480222, 25.04446103371988], [121.55526931685115, 25.042655452936653], [121.55328734994788, 25.04266284689615]]]}, "properties": {"building_count": 41, "avg_height_m": 15.91, "footprint_coverage_ratio": 0.352}}, {"type": "Feature", "geometry": {"type": "Polygon", "coordinates": [[[121.5532954520993, 25.04446842828458], [121.5533035550345, 25.04627400923177], [121.55528557997982, 25.04626661406186], [121.5552774480222, 25.04446103371988], [121.5532954520993, 25.04446842828458]]]}, "properties": {"building_count": 56, "avg_height_m": 17.4, "footprint_coverage_ratio": 0.407}}, {"type": "Feature", "geometry": {"type": "Polygon", "coordinates": [[[121.5533035550345, 25.04627400923177], [121.55331165875354, 25.0480795897377], [121.5552937127241, 25.04807219396256], [121.55528557997982, 25.04626661406186], [121.5533035550345, 25.04627400923177]]]}, "properties": {"building_count": 54, "avg_height_m": 19.15, "footprint_coverage_ratio": 0.393}}, {"type": "Feature", "geometry": {"type": "Polygon", "coordinates": [[[121.55331165875354, 25.0480795897377], [121.55331976325643, 25.04988516980234], [121.55530184625503, 25.049877773421944], [121.5552937127241, 25.04807219396256], [121.55331165875354, 25.0480795897377]]]}, "properties": {"building_count": 38, "avg_height_m": 17.26, "footprint_coverage_ratio": 0.38}}, {"type": "Feature", "geometry": {"type": "Polygon", "coordinates": [[[121.55331976325643, 25.04988516980234], [121.55332786854325, 25.051690749425664], [121.55530998057272, 25.051683352440016], [121.55530184625503, 25.049877773421944], [121.55331976325643, 25.04988516980234]]]}, "properties": {"building_count": 32, "avg_height_m": 29.92, "footprint_coverage_ratio": 0.25}}, {"type": "Feature", "geometry": {"type": "Polygon", "coordinates": [[[121.55332786854325, 25.051690749425664], [121.55333597461404, 25.05349632860766], [121.55531811567714, 25.053488931016727], [121.55530998057272, 25.051683352440016], [121.55332786854325, 25.051690749425664]]]}, "properties": {"building_count": 34, "avg_height_m": 20.68, "footprint_coverage_ratio": 0.427}}, {"type": "Feature", "geometry": {"type": "Polygon", "coordinates": [[[121.55333597461404, 25.05349632860766], [121.55334408146885, 25.055301907348298], [121.55532625156843, 25.055294509152063], [121.55531811567714, 25.053488931016727], [121.55333597461404, 25.05349632860766]]]}, "properties": {"building_count": 28, "avg_height_m": 32.11, "footprint_coverage_ratio": 0.14}}, {"type": "Feature", "geometry": {"type": "Polygon", "coordinates": [[[121.55334408146885, 25.055301907348298], [121.55335218910774, 25.057107485647556], [121.55533438824656, 25.057100086846], [121.55532625156843, 25.055294509152063], [121.55334408146885, 25.055301907348298]]]}, "properties": {"building_count": 39, "avg_height_m": 28.7, "footprint_coverage_ratio": 0.31}}, {"type": "Feature", "geometry": {"type": "Polygon", "coordinates": [[[121.55533438824656, 25.057100086846], [121.55335218910774, 25.057107485647556], [121.55336029753072, 25.058913063505404], [121.55462162052365, 25.058908358207834], [121.55501122565614, 25.058641611850938], [121.5553400960634, 25.05836658117755], [121.55533438824656, 25.057100086846]]]}, "properties": {"building_count": 38, "avg_height_m": 20.56, "footprint_coverage_ratio": 0.382}}, {"type": "Feature", "geometry": {"type": "Polygon", "coordinates": [[[121.55336029753072, 25.058913063505404], [121.55336408897611, 25.05975727980133], [121.55345621729404, 25.05970624819173], [121.55462162052365, 25.058908358207834], [121.55336029753072, 25.058913063505404]]]}, "properties": {"building_count": 4, "avg_height_m": 21.11, "footprint_coverage_ratio": 0.082}}, {"type": "Feature", "geometry": {"type": "Polygon", "coordinates": [[[121.55522054634007, 25.031821958972127], [121.55626756726522, 25.0318180438444], [121.55562646895055, 25.031236489052446], [121.555216538175, 25.0309313365958], [121.55522054634007, 25.031821958972127]]]}, "properties": {"building_count": 14, "avg_height_m": 14.18, "footprint_coverage_ratio": 0.061}}, {"type": "Feature", "geometry": {"type": "Polygon", "coordinates": [[[121.55522054634007, 25.031821958972127], [121.55522867279271, 25.033627542402414], [121.55721049385374, 25.033620125043292], [121.55720638112027, 25.03270960539134], [121.55700468958052, 25.032486693802028], [121.55626756726522, 25.0318180438444], [121.55522054634007, 25.031821958972127]]]}, "properties": {"building_count": 39, "avg_height_m": 17.84, "footprint_coverage_ratio": 0.314}}, {"type": "Feature", "geometry": {"type": "Polygon", "coordinates": [[[121.55522867279271, 25.033627542402414], [121.55523680003165, 25.03543312539159], [121.55721865009822, 25.035425707425194], [121.55721049385374, 25.033620125043292], [121.55522867279271, 25.033627542402414]]]}, "properties": {"building_count": 33, "avg_height_m": 23.79, "footprint_coverage_ratio": 0.365}}, {"type": "Feature", "geometry": {"type": "Polygon", "coordinates": [[[121.55523680003165, 25.03543312539159], [121.55524492805692, 25.03723870793963], [121.5572268071318, 25.037231289365945], [121.55721865009822, 25.035425707425194], [121.55523680003165, 25.03543312539159]]]}, "properties": {"building_count": 45, "avg_height_m": 20.23, "footprint_coverage_ratio": 0.285}}, {"type": "Feature", "geometry": {"type": "Polygon", "coordinates": [[[121.55524492805692, 25.03723870793963], [121.55525305686855, 25.039044290046494], [121.55723496495459, 25.039036870865502], [121.5572268071318, 25.037231289365945], [121.55524492805692, 25.03723870793963]]]}, "properties": {"building_count": 35, "avg_height_m": 26.43, "footprint_coverage_ratio": 0.335}}, {"type": "Feature", "geometry": {"type": "Polygon", "coordinates": [[[121.55525305686855, 25.039044290046494], [121.55526118646662, 25.04084987171218], [121.5572431235666, 25.04084245192386], [121.55723496495459, 25.039036870865502], [121.55525305686855, 25.039044290046494]]]}, "properties": {"building_count": 41, "avg_height_m": 21.91, "footprint_coverage_ratio": 0.39}}, {"type": "Feature", "geometry": {"type": "Polygon", "coordinates": [[[121.55526118646662, 25.04084987171218], [121.55526931685115, 25.042655452936653], [121.55725128296788, 25.04264803254099], [121.5572431235666, 25.04084245192386], [121.55526118646662, 25.04084987171218]]]}, "properties": {"building_count": 23, "avg_height_m": 25.76, "footprint_coverage_ratio": 0.289}}, {"type": "Feature", "geometry": {"type": "Polygon", "coordinates": [[[121.55526931685115, 25.042655452936653], [121.5552774480222, 25.04446103371988], [121.55725944315851, 25.04445361271686], [121.55725128296788, 25.04264803254099], [121.55526931685115, 25.042655452936653]]]}, "properties": {"building_count": 39, "avg_height_m": 20.66, "footprint_coverage_ratio": 0.436}}, {"type": "Feature", "geometry": {"type": "Polygon", "coordinates": [[[121.5552774480222, 25.04446103371988], [121.55528557997982, 25.04626661406186], [121.55726760413853, 25.04625919245146], [121.55725944315851, 25.04445361271686], [121.5552774480222, 25.04446103371988]]]}, "properties": {"building_count": 54, "avg_height_m": 17.16, "footprint_coverage_ratio": 0.304}}, {"type": "Feature", "geometry": {"type": "Polygon", "coordinates": [[[121.55528557997982, 25.04626661406186], [121.5552937127241, 25.04807219396256], [121.55727576590799, 25.048064771744762], [121.55726760413853, 25.04625919245146], [121.55528557997982, 25.04626661406186]]]}, "properties": {"building_count": 46, "avg_height_m": 21.58, "footprint_coverage_ratio": 0.384}}, {"type": "Feature", "geometry": {"type": "Polygon", "coordinates": [[[121.5552937127241, 25.04807219396256], [121.55530184625503, 25.049877773421944], [121.5572839284669, 25.049870350596738], [121.55727576590799, 25.048064771744762], [121.5552937127241, 25.04807219396256]]]}, "properties": {"building_count": 37, "avg_height_m": 20.84, "footprint_coverage_ratio": 0.446}}, {"type": "Feature", "geometry": {"type": "Polygon", "coordinates": [[[121.55530184625503, 25.049877773421944], [121.55530998057272, 25.051683352440016], [121.55729209181538, 25.051675929007377], [121.5572839284669, 25.049870350596738], [121.55530184625503, 25.049877773421944]]]}, "properties": {"building_count": 42, "avg_height_m": 21.78, "footprint_coverage_ratio": 0.447}}, {"type": "Feature", "geometry": {"type": "Polygon", "coordinates": [[[121.55530998057272, 25.051683352440016], [121.55531811567714, 25.053488931016727], [121.55730025595341, 25.053481506976638], [121.55729209181538, 25.051675929007377], [121.55530998057272, 25.051683352440016]]]}, "properties": {"building_count": 48, "avg_height_m": 21.68, "footprint_coverage_ratio": 0.457}}, {"type": "Feature", "geometry": {"type": "Polygon", "coordinates": [[[121.55531811567714, 25.053488931016727], [121.55532625156843, 25.055294509152063], [121.55730842088111, 25.05528708450451], [121.55730025595341, 25.053481506976638], [121.55531811567714, 25.053488931016727]]]}, "properties": {"building_count": 20, "avg_height_m": 32.8, "footprint_coverage_ratio": 0.228}}, {"type": "Feature", "geometry": {"type": "Polygon", "coordinates": [[[121.55730842088111, 25.05528708450451], [121.55532625156843, 25.055294509152063], [121.55533438824656, 25.057100086846], [121.55678656479454, 25.05709464962792], [121.55731416623323, 25.056557496483155], [121.55730842088111, 25.05528708450451]]]}, "properties": {"building_count": 15, "avg_height_m": 22.39, "footprint_coverage_ratio": 0.385}}, {"type": "Feature", "geometry": {"type": "Polygon", "coordinates": [[[121.55533438824656, 25.057100086846], [121.5553400960634, 25.05836658117755], [121.55644415614415, 25.057443253768923], [121.55678656479454, 25.05709464962792], [121.55533438824656, 25.057100086846]]]}, "properties": {"building_count": 8, "avg_height_m": 17.19, "footprint_coverage_ratio": 0.081}}, {"type": "Feature", "geometry": {"type": "Polygon", "coordinates": [[[121.55721049385374, 25.033620125043292], [121.55802746067275, 25.03361705968984], [121.55720638112027, 25.03270960539134], [121.55721049385374, 25.033620125043292]]]}, "properties": {"building_count": 3, "avg_height_m": 38.01, "footprint_coverage_ratio": 0.037}}, {"type": "Feature", "geometry": {"type": "Polygon", "coordinates": [[[121.55721049385374, 25.033620125043292], [121.55721865009822, 25.035425707425194], [121.55920049937562, 25.03541826303133], [121.5591992981478, 25.03515329552402], [121.55824180090383, 25.033853944771376], [121.55802746067275, 25.03361705968984], [121.55721049385374, 25.033620125043292]]]}, "properties": {"building_count": 17, "avg_height_m": 22.09, "footprint_coverage_ratio": 0.266}}, {"type": "Feature", "geometry": {"type": "Polygon", "coordinates": [[[121.55721865009822, 25.035425707425194], [121.5572268071318, 25.037231289365945], [121.55920868541752, 25.037223844362625], [121.55920049937562, 25.03541826303133], [121.55721865009822, 25.035425707425194]]]}, "properties": {"building_count": 57, "avg_height_m": 23.31, "footprint_coverage_ratio": 0.423}}, {"type": "Feature", "geometry": {"type": "Polygon", "coordinates": [[[121.5572268071318, 25.037231289365945], [121.55723496495459, 25.039036870865502], [121.5592168722514, 25.039029425252707], [121.55920868541752, 25.037223844362625], [121.5572268071318, 25.037231289365945]]]}, "properties": {"building_count": 7, "avg_height_m": 39.36, "footprint_coverage_ratio": 0.048}}, {"type": "Feature", "geometry": {"type": "Polygon", "coordinates": [[[121.55723496495459, 25.039036870865502], [121.5572431235666, 25.04084245192386], [121.5592250598773, 25.040835005701574], [121.5592168722514, 25.039029425252707], [121.55723496495459, 25.039036870865502]]]}, "properties": {"building_count": 16, "avg_height_m": 24.96, "footprint_coverage_ratio": 0.233}}, {"type": "Feature", "geometry": {"type": "Polygon", "coordinates": [[[121.5572431235666, 25.04084245192386], [121.55725128296788, 25.04264803254099], [121.55923324829531, 25.0426405857092], [121.5592250598773, 25.040835005701574], [121.5572431235666, 25.04084245192386]]]}, "properties": {"building_count": 5, "avg_height_m": 43.22, "footprint_coverage_ratio": 0.071}}, {"type": "Feature", "geometry": {"type": "Polygon", "coordinates": [[[121.55725128296788, 25.04264803254099], [121.55725944315851, 25.04445361271686], [121.55924143750548, 25.04444616527555], [121.55923324829531, 25.0426405857092], [121.55725128296788, 25.04264803254099]]]}, "properties": {"building_count": 7, "avg_height_m": 28.64, "footprint_coverage_ratio": 0.109}}, {"type": "Feature", "geometry": {"type": "Polygon", "coordinates": [[[121.55725944315851, 25.04445361271686], [121.55726760413853, 25.04625919245146], [121.5592496275078, 25.04625174440061], [121.55924143750548, 25.04444616527555], [121.55725944315851, 25.04445361271686]]]}, "properties": {"building_count": 28, "avg_height_m": 21.33, "footprint_coverage_ratio": 0.183}}, {"type": "Feature", "geometry": {"type": "Polygon", "coordinates": [[[121.55726760413853, 25.04625919245146], [121.55727576590799, 25.048064771744762], [121.55925781830238, 25.048057323084354], [121.5592496275078, 25.04625174440061], [121.55726760413853, 25.04625919245146]]]}, "properties": {"building_count": 45, "avg_height_m": 19.68, "footprint_coverage_ratio": 0.37}}, {"type": "Feature", "geometry": {"type": "Polygon", "coordinates": [[[121.55727576590799, 25.048064771744762], [121.5572839284669, 25.049870350596738], [121.55926600988926, 25.049862901326755], [121.55925781830238, 25.048057323084354], [121.55727576590799, 25.048064771744762]]]}, "properties": {"building_count": 31, "avg_height_m": 19.56, "footprint_coverage_ratio": 0.382}}, {"type": "Feature", "geometry": {"type": "Polygon", "coordinates": [[[121.5572839284669, 25.049870350596738], [121.55729209181538, 25.051675929007377], [121.55927420226847, 25.051668479127798], [121.55926600988926, 25.049862901326755], [121.5572839284669, 25.049870350596738]]]}, "properties": {"building_count": 31, "avg_height_m": 27.32, "footprint_coverage_ratio": 0.328}}, {"type": "Feature", "geometry": {"type": "Polygon", "coordinates": [[[121.55729209181538, 25.051675929007377], [121.55730025595341, 25.053481506976638], [121.55928239544008, 25.053474056487456], [121.55927420226847, 25.051668479127798], [121.55729209181538, 25.051675929007377]]]}, "properties": {"building_count": 37, "avg_height_m": 25.82, "footprint_coverage_ratio": 0.413}}, {"type": "Feature", "geometry": {"type": "Polygon", "coordinates": [[[121.55928239544008, 25.053474056487456], [121.55730025595341, 25.053481506976638], [121.55730842088111, 25.05528708450451], [121.55841580167122, 25.05528292505023], [121.55888989190107, 25.054692727045545], [121.55928515942911, 25.054083133499013], [121.55928239544008, 25.053474056487456]]]}, "properties": {"building_count": 24, "avg_height_m": 15.6, "footprint_coverage_ratio": 0.281}}, {"type": "Feature", "geometry": {"type": "Polygon", "coordinates": [[[121.55730842088111, 25.05528708450451], [121.55731416623323, 25.056557496483155], [121.55774120831124, 25.05612271846274], [121.55841580167122, 25.05528292505023], [121.55730842088111, 25.05528708450451]]]}, "properties": {"building_count": 11, "avg_height_m": 16.7, "footprint_coverage_ratio": 0.161}}, {"type": "Feature", "geometry": {"type": "Polygon", "coordinates": [[[121.55920049937562, 25.03541826303133], [121.5593804493275, 25.03541758577886], [121.55932588745478, 25.035325078212576], [121.5591992981478, 25.03515329552402], [121.55920049937562, 25.03541826303133]]]}, "properties": {"building_count": 1, "avg_height_m": 34.14, "footprint_coverage_ratio": 0.064}}, {"type": "Feature", "geometry": {"type": "Polygon", "coordinates": [[[121.55920049937562, 25.03541826303133], [121.55920868541752, 25.037223844362625], [121.56039905253658, 25.037219359996126], [121.56024650593343, 25.03688592975426], [121.5593804493275, 25.03541758577886], [121.55920049937562, 25.03541826303133]]]}, "properties": {"building_count": 21, "avg_height_m": 19.74, "footprint_coverage_ratio": 0.209}}, {"type": "Feature", "geometry": {"type": "Polygon", "coordinates": [[[121.55920868541752, 25.037223844362625], [121.5592168722514, 25.039029425252707], [121.5611628097669, 25.03902208905144], [121.56099478589341, 25.03852147067981], [121.56039905253658, 25.037219359996126], [121.55920868541752, 25.037223844362625]]]}, "properties": {"building_count": 3, "avg_height_m": 29.2, "footprint_coverage_ratio": 0.033}}, {"type": "Feature", "geometry": {"type": "Polygon", "coordinates": [[[121.55923324829531, 25.0426405857092], [121.55924143750548, 25.04444616527555], [121.56122343106021, 25.044438691395996], [121.5612152128306, 25.04263311244133], [121.55923324829531, 25.0426405857092]]]}, "properties": {"building_count": 5, "avg_height_m": 10.73, "footprint_coverage_ratio": 0.438}}, {"type": "Feature", "geometry": {"type": "Polygon", "coordinates": [[[121.55924143750548, 25.04444616527555], [121.5592496275078, 25.04625174440061], [121.56123165008482, 25.046244269909344], [121.56122343106021, 25.044438691395996], [121.55924143750548, 25.04444616527555]]]}, "properties": {"building_count": 14, "avg_height_m": 10.13, "footprint_coverage_ratio": 0.229}}, {"type": "Feature", "geometry": {"type": "Polygon", "coordinates": [[[121.5592496275078, 25.04625174440061], [121.55925781830238, 25.048057323084354], [121.56123986990448, 25.04804984798137], [121.56123165008482, 25.046244269909344], [121.5592496275078, 25.04625174440061]]]}, "properties": {"building_count": 35, "avg_height_m": 16.69, "footprint_coverage_ratio": 0.47}}, {"type": "Feature", "geometry": {"type": "Polygon", "coordinates": [[[121.55925781830238, 25.048057323084354], [121.55926600988926, 25.049862901326755], [121.56124809051924, 25.049855425612034], [121.56123986990448, 25.04804984798137], [121.55925781830238, 25.048057323084354]]]}, "properties": {"building_count": 25, "avg_height_m": 19.09, "footprint_coverage_ratio": 0.364}}, {"type": "Feature", "geometry": {"type": "Polygon", "coordinates": [[[121.56124809051924, 25.049855425612034], [121.55926600988926, 25.049862901326755], [121.55927420226847, 25.051668479127798], [121.560646910874, 25.051663304219247], [121.56069945091885, 25.051560397260882], [121.5612493469582, 25.050131374715807], [121.56124809051924, 25.049855425612034]]]}, "properties": {"building_count": 33, "avg_height_m": 31.37, "footprint_coverage_ratio": 0.378}}, {"type": "Feature", "geometry": {"type": "Polygon", "coordinates": [[[121.55927420226847, 25.051668479127798], [121.55928239544008, 25.053474056487456], [121.55968106120181, 25.05347255478274], [121.55987914709422, 25.053167054575407], [121.560646910874, 25.051663304219247], [121.55927420226847, 25.051668479127798]]]}, "properties": {"building_count": 32, "avg_height_m": 21.24, "footprint_coverage_ratio": 0.297}}, {"type": "Feature", "geometry": {"type": "Polygon", "coordinates": [[[121.55928239544008, 25.053474056487456], [121.55928515942911, 25.054083133499013], [121.55968106120181, 25.05347255478274], [121.55928239544008, 25.053474056487456]]]}, "properties": {"building_count": 4, "avg_height_m": 16.0, "footprint_coverage_ratio": 0.059}}, {"type": "Feature", "geometry": {"type": "Polygon", "coordinates": [[[121.56120699539593, 25.040827533045377], [121.5612152128306, 25.04263311244133], [121.56202207470169, 25.04263006248589], [121.56194721038825, 25.04195305872268], [121.56169819100614, 25.04082567696182], [121.56120699539593, 25.040827533045377]]]}, "properties": {"building_count": 3, "avg_height_m": 30.95, "footprint_coverage_ratio": 0.129}}, {"type": "Feature", "geometry": {"type": "Polygon", "coordinates": [[[121.5612152128306, 25.04263311244133], [121.56122343106021, 25.044438691395996], [121.56214654241211, 25.044435201419358], [121.56214381862793, 25.04439058219521], [121.56214216836118, 25.043716061491978], [121.56205393885111, 25.042918209946397], [121.56205116447795, 25.042872760684176], [121.56204472870863, 25.042834922793585], [121.56202207470169, 25.04263006248589], [121.5612152128306, 25.04263311244133]]]}, "properties": {"building_count": 3, "avg_height_m": 7.45, "footprint_coverage_ratio": 0.036}}, {"type": "Feature", "geometry": {"type": "Polygon", "coordinates": [[[121.56122343106021, 25.044438691395996], [121.56123165008482, 25.046244269909344], [121.56208430460235, 25.04624104629214], [121.5620981173858, 25.04594598843884], [121.56214650370791, 25.045487983040797], [121.56214516528863, 25.044940979701202], [121.56215916362514, 25.044641953253343], [121.56214654241211, 25.044435201419358], [121.56122343106021, 25.044438691395996]]]}, "properties": {"building_count": 9, "avg_height_m": 9.11, "footprint_coverage_ratio": 0.134}}, {"type": "Feature", "geometry": {"type": "Polygon", "coordinates": [[[121.56123165008482, 25.046244269909344], [121.56123986990448, 25.04804984798137], [121.56182184740673, 25.04804764809079], [121.56190824554994, 25.04749234385847], [121.56196016648386, 25.04725175895511], [121.56199082000504, 25.04696161106437], [121.56207628894941, 25.04641226987914], [121.56208430460235, 25.04624104629214], [121.56123165008482, 25.046244269909344]]]}, "properties": {"building_count": 2, "avg_height_m": 16.09, "footprint_coverage_ratio": 0.094}}, {"type": "Feature", "geometry": {"type": "Polygon", "coordinates": [[[121.56123986990448, 25.04804984798137], [121.56124809051924, 25.049855425612034], [121.56135178723662, 25.04985503377626], [121.56157488478928, 25.049020851793564], [121.56158494314377, 25.048990402548583], [121.5615929482714, 25.048953310303467], [121.56180333040129, 25.048166661274347], [121.56182184740673, 25.04804764809079], [121.56123986990448, 25.04804984798137]]]}, "properties": {"building_count": 5, "avg_height_m": 27.4, "footprint_coverage_ratio": 0.067}}]}