{"type": "FeatureCollection", "features": [{"type": "Feature", "geometry": {"type": "Polygon", "coordinates": [[[301167.52971915057, 2771089.7855268153], [301179.6875298095, 2771136.802544408], [301177.1360662384, 2771141.10254832], [301085.2640257752, 2771164.239202403], [301080.967043633, 2771161.682653074], [301068.20314376213, 2771111.8353937846], [301146.181, 2771093.073], [301146.7049999998, 2771095.079], [301164.1619999998, 2771090.624], [301167.52971915057, 2771089.7855268153]]]}, "properties": {"編號": "13", "圖層": "26", "顏色": "10", "街廓編號": "", "分區代碼": "C", "分區簡稱": "文教", "使用分區": "文教區", "分區說明": "", "原屬分區": "", "變更前代碼": "", "變更前簡稱": "", "變更前分區": ""}}, {"type": "Feature", "geometry": {"type": "Polygon", "coordinates": [[[301785.8661194422, 2770467.925714638], [301783.0958665166, 2770435.503600176], [301786.2631758926, 2770431.6347306618], [301854.93766014575, 2770423.8050106675], [301858.7270107732, 2770427.0670379237], [301860.1841044078, 2770467.7889705547], [301825.51677868864, 2770469.2255838905], [301824.9999302995, 2770465.050320964], [301785.8661194422, 2770467.925714638]]]}, "properties": {"編號": "755", "圖層": "29", "顏色": "13", "街廓編號": "", "分區代碼": "G", "分區簡稱": "行政", "使用分區": "行政區", "分區說明": "", "原屬分區": "", "變更前代碼": "", "變更前簡稱": "", "變更前分區": ""}}, {"type": "Feature", "geometry": {"type": "Polygon", "coordinates": [[[301619.6852471495, 2770505.3546651388], [301619.53866541863, 2770503.7785605863], [301614.9529818757, 2770454.4985517147], [301618.1075398533, 2770450.619278076], [301759.35383775923, 2770434.6538694487], [301763.22117511084, 2770437.8230494387], [301769.0839312656, 2770506.522443351], [301769.3371206875, 2770509.485073994], [301619.6852471495, 2770505.3546651388]]]}, "properties": {"編號": "756", "圖層": "29", "顏色": "13", "街廓編號": "", "分區代碼": "G", "分區簡稱": "行政", "使用分區": "行政區", "分區說明": "", "原屬分區": "", "變更前代碼": "", "變更前簡稱": "", "變更前分區": ""}}, {"type": "Feature", "geometry": {"type": "Polygon", "coordinates": [[[302226.186, 2770256.204], [302232.62440124847, 2770262.7660757173], [302265.6468711848, 2770389.43880137], [302084.29771889426, 2770436.1410227995], [302079.98806818604, 2770433.6058875425], [302040.124742249, 2770280.8589481562], [302042.5962145977, 2770276.5124755143], [302191.2978847568, 2770233.5162271676], [302200.761, 2770236.924], [302205.14977539086, 2770242.1191423517], [302210.11777641537, 2770246.7634743066], [302215.5963767035, 2770250.792840556], [302221.5098966317, 2770254.1515807277], [302226.186, 2770256.204]]]}, "properties": {"編號": "769", "圖層": "29", "顏色": "13", "街廓編號": "", "分區代碼": "G", "分區簡稱": "行政", "使用分區": "行政區", "分區說明": "", "原屬分區": "", "變更前代碼": "", "變更前簡稱": "", "變更前分區": ""}}, {"type": "Feature", "geometry": {"type": "Polygon", "coordinates": [[[301604.0710954194, 2770338.982297314], [301599.9935549586, 2770295.125165637], [301590.41894982936, 2770197.2808901872], [301593.61325919867, 2770193.434282896], [301736.8574270985, 2770180.9094108623], [301740.68922768283, 2770184.121466946], [301760.76179410436, 2770410.8527294616], [301757.59854203346, 2770414.7249170006], [301616.1848942337, 2770430.7092415886], [301612.3057497046, 2770427.554524847], [301604.0710954194, 2770338.982297314]]]}, "properties": {"編號": "771", "圖層": "29", "顏色": "13", "街廓編號": "", "分區代碼": "G", "分區簡稱": "行政", "使用分區": "行政區", "分區說明": "", "原屬分區": "", "變更前代碼": "", "變更前簡稱": "", "變更前分區": ""}}, {"type": "Feature", "geometry": {"type": "Polygon", "coordinates": [[[301499.63731091045, 2770337.5072070938], [301502.7182669823, 2770333.5692241476], [301582.4783939905, 2770322.5029398063], [301586.397149389, 2770325.6083151666], [301596.06331563403, 2770429.5779350637], [301592.9048058553, 2770433.45399182], [301514.2487979796, 2770442.188856411], [301510.3531825633, 2770439.054501529], [301499.63731091045, 2770337.5072070938]]]}, "properties": {"編號": "772", "圖層": "29", "顏色": "13", "街廓編號": "", "分區代碼": "G", "分區簡稱": "行政", "使用分區": "行政區", "分區說明": "", "原屬分區": "", "變更前代碼": "", "變更前簡稱": "", "變更前分區": ""}}, {"type": "Feature", "geometry": {"type": "Polygon", "coordinates": [[[301484.90891911247, 2770336.01582158], [301488.84481188084, 2770339.099447387], [301499.7002582915, 2770441.9694003467], [301497.0819128573, 2770446.229009154], [301415.8467426298, 2770477.1177378567], [301411.40027156926, 2770474.831060112], [301379.65295133996, 2770354.2519203015], [301382.42818977305, 2770350.092827656], [301484.90891911247, 2770336.01582158]]]}, "properties": {"編號": "773", "圖層": "29", "顏色": "13", "街廓編號": "", "分區代碼": "G", "分區簡稱": "行政", "使用分區": "行政區", "分區說明": "", "原屬分區": "", "變更前代碼": "", "變更前簡稱": "", "變更前分區": ""}}, {"type": "Feature", "geometry": {"type": "Polygon", "coordinates": [[[301472.7753060856, 2770204.5334207853], [301476.61033175304, 2770207.7416256], [301482.2149115808, 2770268.40993466], [301486.51387911465, 2770315.7960838666], [301483.40148149873, 2770319.709264297], [301377.9464729395, 2770334.194824712], [301373.79285227275, 2770331.411403192], [301356.8681113405, 2770266.086117775], [301344.8065425999, 2770219.531465992], [301347.6918432476, 2770215.447957675], [301472.7753060856, 2770204.5334207853]]]}, "properties": {"編號": "774", "圖層": "29", "顏色": "13", "街廓編號": "", "分區代碼": "G", "分區簡稱": "行政", "使用分區": "行政區", "分區說明": "", "原屬分區": "", "變更前代碼": "", "變更前簡稱": "", "變更前分區": ""}}, {"type": "Feature", "geometry": {"type": "Polygon", "coordinates": [[[301516.08213325, 2770493.8259441303], [301515.7927366669, 2770491.1184242773], [301513.12711972353, 2770465.986444859], [301516.2587017143, 2770462.0886000395], [301594.8343155818, 2770453.3626633207], [301598.71050160314, 2770456.5210144613], [301602.6402434626, 2770498.729117611], [301557.2134839418, 2770494.084065604], [301545.37002224853, 2770492.9792714072], [301516.08213325, 2770493.8259441303]]]}, "properties": {"編號": "787", "圖層": "29", "顏色": "13", "街廓編號": "", "分區代碼": "G", "分區簡稱": "行政", "使用分區": "行政區", "分區說明": "", "原屬分區": "", "變更前代碼": "", "變更前簡稱": "", "變更前分區": ""}}, {"type": "Feature", "geometry": {"type": "Polygon", "coordinates": [[[302417.1257856641, 2770816.5258995574], [302419.6558679671, 2770812.213280453], [302593.05219758773, 2770766.7493304415], [302597.36684511736, 2770769.2759520384], [302623.400700758, 2770869.2058337224], [302463.6185907774, 2770911.312997285], [302458.264, 2770909.681], [302453.85687375476, 2770905.50553971], [302448.93950036145, 2770901.9451086563], [302443.59708153224, 2770899.0613972577], [302440.823, 2770897.9], [302436.773, 2770892.44], [302417.1257856641, 2770816.5258995574]]]}, "properties": {"編號": "794", "圖層": "29", "顏色": "13", "街廓編號": "", "分區代碼": "G", "分區簡稱": "行政", "使用分區": "行政區", "分區說明": "", "原屬分區": "", "變更前代碼": "", "變更前簡稱": "", "變更前分區": ""}}, {"type": "Feature", "geometry": {"type": "Polygon", "coordinates": [[[301722.16081271647, 2769979.259893239], [301723.4587714281, 2769993.859429041], [301738.3014816859, 2770160.809120242], [301735.0901386559, 2770164.641518439], [301592.0925883324, 2770177.1448269174], [301588.24969290424, 2770173.9460529764], [301572.3860233824, 2770007.854179629], [301570.99245355034, 2769993.26356907], [301563.4991140652, 2769914.8086572997], [301562.105556596, 2769900.218176175], [301558.5272068541, 2769862.7530227746], [301561.39559016225, 2769858.657613491], [301704.3164763255, 2769821.6155692874], [301708.40246960236, 2769824.497349803], [301713.87310205697, 2769886.030378863], [301715.17087343335, 2769900.6298175678], [301722.16081271647, 2769979.259893239]]]}, "properties": {"編號": "813", "圖層": "29", "顏色": "13", "街廓編號": "", "分區代碼": "G", "分區簡稱": "行政", "使用分區": "行政區", "分區說明": "", "原屬分區": "", "變更前代碼": "", "變更前簡稱": "", "變更前分區": ""}}, {"type": "Feature", "geometry": {"type": "Polygon", "coordinates": [[[301966.28120590805, 2770002.709861741], [301968.1887685552, 2770063.8453327827], [301849.098, 2770059.972], [301842.543, 2769994.791], [301844.503, 2769994.793], [301966.28120590805, 2770002.709861741]]]}, "properties": {"編號": "814", "圖層": "29", "顏色": "13", "街廓編號": "", "分區代碼": "G", "分區簡稱": "行政", "使用分區": "行政區", "分區說明": "", "原屬分區": "", "變更前代碼": "", "變更前簡稱": "", "變更前分區": ""}}, {"type": "Feature", "geometry": {"type": "Polygon", "coordinates": [[[301761.45700110676, 2769377.0378627353], [301840.2657837441, 2769399.598047202], [301849.32341433695, 2769402.163065816], [301823.3500000002, 2769475.923], [301854.42782909324, 2769479.4043813148], [301811.3000175779, 2769552.9057771387], [301756.77262851025, 2769549.9891552664], [301759.03, 2769525.346], [301749.533, 2769524.731], [301750.194, 2769520.703], [301723.801, 2769517.828], [301748.398, 2769453.063], [301735.989, 2769444.774], [301735.048, 2769439.979], [301740.245, 2769424.133], [301745.298, 2769426.66], [301761.45700110676, 2769377.0378627353]]]}, "properties": {"編號": "822", "圖層": "29", "顏色": "13", "街廓編號": "", "分區代碼": "G", "分區簡稱": "行政", "使用分區": "行政區", "分區說明": "", "原屬分區": "", "變更前代碼": "", "變更前簡稱": "", "變更前分區": ""}}, {"type": "Feature", "geometry": {"type": "Polygon", "coordinates": [[[301492.1742416494, 2770257.542976892], [301579.0647072096, 2770249.2340005436], [301584.2519737153, 2770302.2434276673], [301581.1560916283, 2770306.1696872236], [301501.225773869, 2770317.259584606], [301497.31046384596, 2770314.1498663835], [301492.1742416494, 2770257.542976892]]]}, "properties": {"編號": "915", "圖層": "29", "顏色": "13", "街廓編號": "", "分區代碼": "G", "分區簡稱": "行政", "使用分區": "行政區", "分區說明": "", "原屬分區": "", "變更前代碼": "", "變更前簡稱": "", "變更前分區": ""}}, {"type": "Feature", "geometry": {"type": "Polygon", "coordinates": [[[302242.044, 2770841.13], [302193.1241908417, 2770853.834061442], [302188.812611645, 2770851.3022074117], [302178.179, 2770810.472], [302232.293, 2770796.005], [302242.044, 2770841.13]]]}, "properties": {"編號": "919", "圖層": "29", "顏色": "13", "街廓編號": "", "分區代碼": "G", "分區簡稱": "行政", "使用分區": "行政區", "分區說明": "", "原屬分區": "", "變更前代碼": "", "變更前簡稱": "", "變更前分區": ""}}, {"type": "Feature", "geometry": {"type": "Polygon", "coordinates": [[[302134.9639999995, 2770644.544], [302084.5373269076, 2770450.9909862345], [302087.0733593209, 2770446.6818634006], [302268.83869566297, 2770399.872463528], [302319.2133058398, 2770594.04810627], [302145.195, 2770639.155], [302145.901, 2770641.71], [302134.9639999995, 2770644.544]]]}, "properties": {"編號": "920", "圖層": "29", "顏色": "13", "街廓編號": "", "分區代碼": "G", "分區簡稱": "行政", "使用分區": "行政區", "分區說明": "", "原屬分區": "", "變更前代碼": "", "變更前簡稱": "", "變更前分區": ""}}, {"type": "Feature", "geometry": {"type": "Polygon", "coordinates": [[[306032.724, 2771463.67], [306032.03499999974, 2771472.167], [306031.134, 2771484.279], [306030.5955, 2771487.4505], [306030.0408059919, 2771490.7173747346], [306016.8661117332, 2771490.9841746604], [306014.00225417136, 2771488.1916274596], [306013.8487528672, 2771457.2721942053], [306016.6419411521, 2771454.408961905], [306035.1165169764, 2771454.0431098165], [306032.724, 2771463.67]]]}, "properties": {"編號": "1639", "圖層": "26", "顏色": "10", "街廓編號": "", "分區代碼": "C", "分區簡稱": "文教", "使用分區": "文教區", "分區說明": "", "原屬分區": "", "變更前代碼": "", "變更前簡稱": "", "變更前分區": ""}}, {"type": "Feature", "geometry": {"type": "Polygon", "coordinates": [[[305963.576423841, 2771487.208277365], [305965.0138408823, 2771504.601696049], [305962.4194985743, 2771507.6462630113], [305885.37641421176, 2771513.5820339033], [305886.37024513003, 2771509.3974826685], [305886.5933064718, 2771508.728298643], [305887.26440547226, 2771485.8150613355], [305960.61011058977, 2771484.524812125], [305963.576423841, 2771487.208277365]]]}, "properties": {"編號": "1640", "圖層": "26", "顏色": "10", "街廓編號": "", "分區代碼": "C", "分區簡稱": "文教", "使用分區": "文教區", "分區說明": "", "原屬分區": "", "變更前代碼": "", "變更前簡稱": "", "變更前分區": ""}}, {"type": "Feature", "geometry": {"type": "Polygon", "coordinates": [[[306026.4705, 2771430.964], [306039.129, 2771430.731], [306039.37699999975, 2771439.951], [306039.5794848466, 2771447.953553287], [306016.65556648065, 2771448.4075157214], [306013.79539072607, 2771445.611197668], [306013.7553628273, 2771431.1980424975], [306026.4705, 2771430.964]]]}, "properties": {"編號": "1641", "圖層": "26", "顏色": "10", "街廓編號": "", "分區代碼": "C", "分區簡稱": "文教", "使用分區": "文教區", "分區說明": "", "原屬分區": "", "變更前代碼": "", "變更前簡稱": "", "變更前分區": ""}}, {"type": "Feature", "geometry": {"type": "Polygon", "coordinates": [[[305959.92539639736, 2771478.5478496426], [305892.96332032135, 2771479.714749092], [305869.0954572444, 2771480.1619267864], [305866.20788183284, 2771477.3939115694], [305864.6587786372, 2771411.6007386087], [305863.1585079701, 2771352.1709545273], [305865.9180792024, 2771349.275308379], [305923.8019061232, 2771347.950965997], [305927.0228095834, 2771350.3228388643], [305944.4831996136, 2771411.401544211], [305960.9345864766, 2771455.668591637], [305962.60710730054, 2771475.579950279], [305959.92539639736, 2771478.5478496426]]]}, "properties": {"編號": "1642", "圖層": "26", "顏色": "10", "街廓編號": "", "分區代碼": "C", "分區簡稱": "文教", "使用分區": "文教區", "分區說明": "", "原屬分區": "", "變更前代碼": "", "變更前簡稱": "", "變更前分區": ""}}, {"type": "Feature", "geometry": {"type": "Polygon", "coordinates": [[[306056.1969963236, 2771528.978073585], [306054.6439347448, 2771538.0574335805], [306016.9647372515, 2771538.8147156877], [306014.10567416024, 2771536.017260015], [306014.04804348206, 2771501.8455134477], [306016.845280817, 2771498.98623674], [306055.5058934033, 2771498.203323045], [306055.6329963236, 2771504.070073585], [306060.1099963236, 2771505.386073585], [306057.8429963236, 2771519.163073585], [306056.1969963236, 2771528.978073585]]]}, "properties": {"編號": "1643", "圖層": "26", "顏色": "10", "街廓編號": "", "分區代碼": "C", "分區簡稱": "文教", "使用分區": "文教區", "分區說明": "", "原屬分區": "", "變更前代碼": "", "變更前簡稱": "", "變更前分區": ""}}, {"type": "Feature", "geometry": {"type": "Polygon", "coordinates": [[[302016.4247896752, 2772332.172077047], [301987.3980343242, 2772324.5068212757], [302008.05418190145, 2772256.8443237096], [302011.55172035744, 2772254.90338972], [302037.86584989046, 2772261.9384732638], [302089.69782684685, 2772275.795754299], [302095.1512663462, 2772279.227657938], [302094.747, 2772280.349], [302090.182, 2772298.095], [302088.647, 2772304.092], [302086.371, 2772312.889], [302082.564, 2772327.699], [302081.109, 2772333.347], [302077.266, 2772348.173], [302016.682, 2772332.24], [302016.4247896752, 2772332.172077047]]]}, "properties": {"編號": "1700", "圖層": "26", "顏色": "10", "街廓編號": "", "分區代碼": "C", "分區簡稱": "文教", "使用分區": "文教區", "分區說明": "", "原屬分區": "", "變更前代碼": "", "變更前簡稱": "", "變更前分區": ""}}, {"type": "Feature", "geometry": {"type": "Polygon", "coordinates": [[[302359.962, 2771666.381], [302339.37087703944, 2771671.586022937], [302334.1162711499, 2771648.9906141763], [302355.04099999974, 2771643.875], [302358.3729999995, 2771657.528], [302357.92, 2771657.68], [302359.962, 2771666.381]]]}, "properties": {"編號": "1701", "圖層": "26", "顏色": "10", "街廓編號": "", "分區代碼": "C", "分區簡稱": "文教", "使用分區": "文教區", "分區說明": "", "原屬分區": "", "變更前代碼": "", "變更前簡稱": "", "變更前分區": ""}}, {"type": "Feature", "geometry": {"type": "Polygon", "coordinates": [[[302956.1458105006, 2769726.635048025], [302957.27, 2769734.053], [302952.997, 2769736.2], [302955.856, 2769742.022], [302954.306, 2769742.9], [302958.429, 2769750.702], [302962.01917173126, 2769757.4961457956], [302957.9194713833, 2769759.6795157995], [302956.434, 2769756.545], [302955.864, 2769756.819], [302929.822, 2769770.922], [302917.84, 2769777.411], [302917.447, 2769777.313], [302914.89299999975, 2769776.68], [302913.92100000026, 2769774.881], [302910.2559999995, 2769768.094], [302897.915, 2769745.247], [302894.802, 2769739.505], [302894.324, 2769738.629], [302891.181, 2769732.873], [302888.42449787405, 2769734.373452897], [302881.2564926467, 2769720.851395716], [302904.423, 2769708.364], [302901.972, 2769703.292], [302904.645, 2769701.837], [302902.588, 2769697.523], [302902.344, 2769696.843], [302903.299, 2769691.921], [302910.999, 2769688.274], [302922.686, 2769682.733], [302924.921, 2769687.723], [302927.323, 2769692.954], [302927.763, 2769693.924], [302926.647, 2769694.434], [302929.097, 2769700.152], [302928.595, 2769700.326], [302935.01, 2769714.081], [302936.522, 2769713.368], [302936.727, 2769713.81], [302952.205, 2769705.515], [302953.568, 2769709.941], [302955.417, 2769721.826], [302956.1458105006, 2769726.635048025]]]}, "properties": {"編號": "1728", "圖層": "26", "顏色": "10", "街廓編號": "", "分區代碼": "C", "分區簡稱": "文教", "使用分區": "文教區", "分區說明": "", "原屬分區": "", "變更前代碼": "", "變更前簡稱": "", "變更前分區": ""}}, {"type": "Feature", "geometry": {"type": "Polygon", "coordinates": [[[303304.58687218954, 2769285.978452502], [303306.91447018314, 2769282.7254096833], [303340.6778651924, 2769277.2903183117], [303343.9355723469, 2769279.6113836044], [303347.8837525542, 2769302.1946598426], [303355.7707026181, 2769349.3696349896], [303352.85441769887, 2769353.431073438], [303319.86341938947, 2769358.7442488815], [303316.61029331706, 2769356.416767247], [303306.86538631533, 2769299.326957342], [303304.58687218954, 2769285.978452502]]]}, "properties": {"編號": "1729", "圖層": "26", "顏色": "10", "街廓編號": "", "分區代碼": "C", "分區簡稱": "文教", "使用分區": "文教區", "分區說明": "", "原屬分區": "", "變更前代碼": "", "變更前簡稱": "", "變更前分區": ""}}, {"type": "Feature", "geometry": {"type": "Polygon", "coordinates": [[[304326.1808429937, 2769990.9682649923], [304325.203497689, 2769903.0772098377], [304335.0235976098, 2769900.0], [304336.91600000026, 2769899.407], [304338.54387688043, 2769898.6254955395], [304446.1325247536, 2769899.500723658], [304480.84491544747, 2769899.8151854654], [304481.0294886961, 2769900.0], [304483.67149442603, 2769902.6454595295], [304484.02803594066, 2769948.6356086684], [304481.22500933, 2769951.4892102205], [304373.2974506288, 2769952.582421352], [304373.3651400938, 2769963.452947361], [304372.628, 2769963.866], [304371.71, 2769964.922], [304370.833, 2769965.921], [304369.286, 2769967.657], [304368.29, 2769969.53], [304363.328, 2769981.707], [304363.061, 2769983.723], [304362.363, 2769985.312], [304360.769, 2769987.759], [304357.696, 2769992.606], [304356.2000440152, 2769992.528186945], [304326.1808429937, 2769990.9682649923]]]}, "properties": {"編號": "1730", "圖層": "26", "顏色": "10", "街廓編號": "", "分區代碼": "C", "分區簡稱": "文教", "使用分區": "文教區", "分區說明": "", "原屬分區": "", "變更前代碼": "", "變更前簡稱": "", "變更前分區": ""}}, {"type": "Feature", "geometry": {"type": "Polygon", "coordinates": [[[305216.7086658828, 2770209.7221855065], [305304.25627452304, 2770207.941484389], [305308.2656792002, 2770207.8783355355], [305348.5208750896, 2770207.244308874], [305348.78685813927, 2770285.8852225933], [305308.8291953204, 2770286.6332373563], [305304.7315868454, 2770286.709945337], [305218.1719261787, 2770288.410457229], [305215.29182428145, 2770285.6346666995], [305214.6601212482, 2770248.9938426916], [305213.93764294626, 2770212.6068747244], [305216.7086658828, 2770209.7221855065]]]}, "properties": {"編號": "1731", "圖層": "26", "顏色": "10", "街廓編號": "", "分區代碼": "C", "分區簡稱": "文教", "使用分區": "文教區", "分區說明": "", "原屬分區": "", "變更前代碼": "", "變更前簡稱": "", "變更前分區": ""}}, {"type": "Feature", "geometry": {"type": "Polygon", "coordinates": [[[304710.27, 2769064.193], [304713.546, 2769060.58], [304715.447, 2769058.484], [304722.55, 2769053.244], [304725.067, 2769051.327], [304734.1400157933, 2769044.219006774], [304762.46755012724, 2769043.7344973027], [304761.824, 2769044.732], [304762.62, 2769048.271], [304759.197, 2769056.668], [304761.253, 2769057.914], [304739.167, 2769083.636], [304740.127, 2769091.167], [304739.78, 2769091.959], [304739.349, 2769092.745], [304737.398, 2769096.752], [304735.15041809867, 2769101.314790161], [304726.56006729935, 2769101.4366279515], [304712.6686064186, 2769117.8233032883], [304705.559, 2769112.868], [304677.883, 2769087.483], [304676.773, 2769084.997], [304691.752, 2769066.642], [304694.865, 2769063.912], [304694.197, 2769062.996], [304697.026, 2769059.237], [304706.754, 2769067.461], [304707.692, 2769066.415], [304710.27, 2769064.193]]]}, "properties": {"編號": "1733", "圖層": "26", "顏色": "10", "街廓編號": "", "分區代碼": "C", "分區簡稱": "文教", "使用分區": "文教區", "分區說明": "", "原屬分區": "", "變更前代碼": "", "變更前簡稱": "", "變更前分區": ""}}, {"type": "Feature", "geometry": {"type": "Polygon", "coordinates": [[[304708.417, 2769011.456], [304715.411, 2769012.15], [304716.896, 2769007.944], [304716.36, 2769001.069], [304719.326, 2769000.973], [304720.63, 2769000.933], [304720.655, 2769002.518], [304720.677, 2769003.895], [304719.766, 2769004.595], [304719.838, 2769013.772], [304720.798, 2769013.755], [304728.835, 2769013.701], [304728.818, 2769011.956], [304731.455, 2769015.047], [304745.816, 2769025.384], [304752.3639650514, 2769028.905113456], [304724.9357747621, 2769029.3742406955], [304695.3385791304, 2769029.879094497], [304692.396, 2769025.037], [304695.44, 2769021.013], [304699.882, 2769017.853], [304702.889, 2769017.425], [304706.011, 2769017.665], [304708.238, 2769011.921], [304708.417, 2769011.456]]]}, "properties": {"編號": "1734", "圖層": "26", "顏色": "10", "街廓編號": "", "分區代碼": "C", "分區簡稱": "文教", "使用分區": "文教區", "分區說明": "", "原屬分區": "", "變更前代碼": "", "變更前簡稱": "", "變更前分區": ""}}, {"type": "Feature", "geometry": {"type": "Polygon", "coordinates": [[[305678.801, 2769474.315], [305670.368862205, 2769475.5130736837], [305669.95741275046, 2769455.9595559635], [305672.7282368352, 2769453.074675742], [305690.51459117746, 2769452.731560212], [305698.875, 2769458.022], [305706.265, 2769462.135], [305702.031, 2769469.305], [305709.397, 2769474.159], [305707.415, 2769478.119], [305704.534, 2769483.691], [305691.99, 2769474.495], [305678.801, 2769474.315]]]}, "properties": {"編號": "1735", "圖層": "26", "顏色": "10", "街廓編號": "", "分區代碼": "C", "分區簡稱": "文教", "使用分區": "文教區", "分區說明": "", "原屬分區": "", "變更前代碼": "", "變更前簡稱": "", "變更前分區": ""}}, {"type": "Feature", "geometry": {"type": "Polygon", "coordinates": [[[305669.0469157696, 2769413.1075049774], [305671.8174191687, 2769410.222316783], [305673.64233942196, 2769410.187140142], [305671.105, 2769414.003], [305680.295, 2769417.759], [305679.969, 2769419.644], [305678.99, 2769419.455], [305677.258, 2769423.905], [305675.183, 2769428.965], [305677.334, 2769430.369], [305678.455, 2769432.869], [305678.674, 2769434.172], [305678.82, 2769435.042], [305678.311, 2769437.482], [305677.567, 2769439.749], [305676.328, 2769443.333], [305681.702677825, 2769446.9004340037], [305672.59601675987, 2769447.076110074], [305669.71080747916, 2769444.305628635], [305669.0469157696, 2769413.1075049774]]]}, "properties": {"編號": "1736", "圖層": "26", "顏色": "10", "街廓編號": "", "分區代碼": "C", "分區簡稱": "文教", "使用分區": "文教區", "分區說明": "", "原屬分區": "", "變更前代碼": "", "變更前簡稱": "", "變更前分區": ""}}, {"type": "Feature", "geometry": {"type": "Polygon", "coordinates": [[[305654.04921841074, 2769413.3752933955], [305654.81123197795, 2769449.184436899], [305654.86408504867, 2769451.6820962406], [305655.4316839826, 2769478.656383553], [305646.045, 2769478.314], [305635.103, 2769477.358], [305629.27, 2769478.13], [305621.66, 2769479.15], [305606.565, 2769481.207], [305606.74, 2769483.275], [305607.7502259629, 2769493.442529772], [305603.9994054375, 2769493.5068588443], [305603.571, 2769488.662], [305603.269, 2769483.992], [305602.374, 2769470.375], [305592.271, 2769469.851], [305582.1180591359, 2769469.3392813248], [305582.1539074714, 2769456.6622986193], [305584.25578615424, 2769454.5217131847], [305600.06321915676, 2769454.1885283357], [305604.6170827422, 2769454.092543216], [305605.042, 2769451.792], [305605.525, 2769448.229], [305607.378, 2769437.21], [305608.507, 2769430.562], [305605.762, 2769430.557], [305606.963, 2769417.477], [305607.61918696144, 2769411.365116187], [305651.1664654217, 2769410.602256215], [305654.04921841074, 2769413.3752933955]]]}, "properties": {"編號": "1737", "圖層": "26", "顏色": "10", "街廓編號": "", "分區代碼": "C", "分區簡稱": "文教", "使用分區": "文教區", "分區說明": "", "原屬分區": "", "變更前代碼": "", "變更前簡稱": "", "變更前分區": ""}}, {"type": "Feature", "geometry": {"type": "Polygon", "coordinates": [[[303324.81434983946, 2773208.4379339498], [303324.57312731, 2773195.58300364], [303324.0052666101, 2773153.75600986], [303323.672, 2773142.847], [303323.524, 2773134.588], [303326.4667916801, 2773134.69121745], [303380.9665453501, 2773133.96473825], [303350.69028200005, 2773122.08602728], [303339.25245311, 2773117.11474175], [303398.173, 2773116.354], [303419.39599752997, 2773116.18036818], [303419.35384053993, 2773124.41402963], [303425.00981044007, 2773126.5072149], [303430.7, 2773128.604], [303430.813, 2773132.151], [303430.9807040901, 2773137.32501858], [303428.64695727994, 2773137.37501316], [303428.864, 2773142.644], [303429.048, 2773147.921], [303429.115, 2773149.948], [303423.44287742994, 2773148.31010869], [303410.5234684601, 2773184.82438243], [303416.15288828517, 2773186.4779015104], [303421.78230811, 2773188.13142059], [303430.501, 2773191.497], [303430.54, 2773193.81], [303436.125, 2773193.72], [303437.666, 2773194.436], [303437.265, 2773194.598], [303432.483, 2773194.591], [303427.563, 2773194.665], [303422.661, 2773194.731], [303417.841, 2773194.773], [303412.911, 2773194.781], [303408.117, 2773194.855], [303403.236, 2773194.88], [303398.308, 2773194.9], [303393.462, 2773194.964], [303388.5546782899, 2773194.94695666], [303383.6725810001, 2773194.99549028], [303378.78085858986, 2773195.04411957], [303373.84196001006, 2773195.09321785], [303369.0813849301, 2773195.14054339], [303364.2017665, 2773195.18905236], [303359.2592065101, 2773195.20218526], [303354.46249275014, 2773195.25887051], [303349.5535859699, 2773195.30767064], [303344.6414152, 2773195.38350455], [303339.827, 2773195.41236439], [303334.94672940014, 2773195.46888017], [303330.16307009006, 2773195.48543066], [303330.122, 2773211.207], [303327.68099460413, 2773211.227619917], [303324.81434983946, 2773208.4379339498]]]}, "properties": {"編號": "1766", "圖層": "26", "顏色": "10", "街廓編號": "", "分區代碼": "C", "分區簡稱": "文教", "使用分區": "文教區", "分區說明": "", "原屬分區": "", "變更前代碼": "", "變更前簡稱": "", "變更前分區": ""}}, {"type": "Feature", "geometry": {"type": "Polygon", "coordinates": [[[302575.76799999975, 2770516.969], [302576.927, 2770521.439], [302598.37800000026, 2770604.166], [302518.716, 2770624.902], [302457.8, 2770640.76], [302400.0, 2770655.803835616], [302382.39099999977, 2770660.387], [302376.9119999998, 2770657.166], [302343.32799999975, 2770527.712], [302346.54899999977, 2770522.223], [302389.09799999977, 2770511.173], [302400.0, 2770508.340539257], [302432.10231923533, 2770500.0], [302544.534, 2770470.789], [302552.3680394771, 2770500.0], [302558.155, 2770521.578], [302575.76799999975, 2770516.969]]]}, "properties": {"編號": "1921", "圖層": "29", "顏色": "13", "街廓編號": "", "分區代碼": "G", "分區簡稱": "行政", "使用分區": "行政區", "分區說明": "", "原屬分區": "", "變更前代碼": "", "變更前簡稱": "", "變更前分區": ""}}, {"type": "Feature", "geometry": {"type": "Polygon", "coordinates": [[[302552.3680394771, 2770500.0], [302544.534, 2770470.789], [302687.319035403, 2770433.6903171227], [302691.6315500915, 2770436.2205773983], [302708.2839720514, 2770500.0], [302725.861692719, 2770567.3233525744], [302723.3324608245, 2770571.636470475], [302598.37800000026, 2770604.166], [302576.927, 2770521.439], [302575.76799999975, 2770516.969], [302558.155, 2770521.578], [302552.3680394771, 2770500.0]]]}, "properties": {"編號": "1922", "圖層": "26", "顏色": "10", "街廓編號": "", "分區代碼": "C", "分區簡稱": "文教", "使用分區": "文教區", "分區說明": "", "原屬分區": "", "變更前代碼": "", "變更前簡稱": "", "變更前分區": ""}}, {"type": "Feature", "geometry": {"type": "Polygon", "coordinates": [[[302379.9178214245, 2770113.341677209], [302402.82500000024, 2770187.241], [302400.0, 2770187.6434771107], [302308.784, 2770200.639], [302306.244, 2770200.695], [302303.763, 2770200.135], [302301.483, 2770198.984], [302299.553, 2770197.335], [302298.082, 2770195.265], [302297.142, 2770192.895], [302291.159, 2770169.965], [302290.829, 2770167.645], [302291.018, 2770165.315], [302291.708, 2770163.085], [302292.888, 2770161.064], [302294.478, 2770159.344], [302296.9472653279, 2770157.6277002553], [302346.9342661779, 2770130.9486820507], [302379.9178214245, 2770113.341677209]]]}, "properties": {"編號": "1923", "圖層": "29", "顏色": "13", "街廓編號": "", "分區代碼": "G", "分區簡稱": "行政", "使用分區": "行政區", "分區說明": "", "原屬分區": "", "變更前代碼": "", "變更前簡稱": "", "變更前分區": ""}}, {"type": "Feature", "geometry": {"type": "MultiPolygon", "coordinates": [[[[301347.4498448935, 2770148.40587357], [301467.77049967455, 2770136.1809614752], [301470.32581383846, 2770133.1035649246], [301467.488856179, 2770099.2443996733], [301464.41187579726, 2770096.6885843948], [301343.6102060065, 2770108.9226194047], [301345.50799999974, 2770128.469], [301347.4498448935, 2770148.40587357]]], [[[301407.3036778958, 2770060.7991319248], [301352.8719918208, 2770066.347067214], [301356.2898931246, 2770101.6078096577], [301476.2844163463, 2770089.4555173866], [301473.134, 2770054.464], [301407.3036778958, 2770060.7991319248]]], [[[301474.659, 2770184.359], [301471.01003378985, 2770141.8827056834], [301426.3055403366, 2770146.4248061534], [301426.30549351574, 2770146.4248109106], [301426.311, 2770146.483], [301430.544, 2770191.602], [301410.23300000024, 2770193.391], [301389.91, 2770195.167], [301342.703, 2770199.31], [301338.611, 2770196.43], [301328.91852686903, 2770159.373605411], [301326.2013164599, 2770147.949387122], [301322.1117343893, 2770132.2972743562], [301317.49381572247, 2770114.621485916], [301314.51604539895, 2770103.2235523607], [301313.5141711788, 2770099.388672325], [301306.904014904, 2770074.085639981], [301304.1823912778, 2770063.667841523], [301301.8579570558, 2770054.77081898], [301294.3563633523, 2770026.054682235], [301282.76925446535, 2769981.681778734], [301286.419, 2769980.084], [301360.553, 2769946.832], [301393.66200000024, 2769931.991], [301465.4324257054, 2769900.0], [301539.12354756333, 2769867.1528675472], [301542.53200000024, 2769869.06], [301545.6095369897, 2769900.0], [301546.6334870856, 2769910.294276259], [301555.280011791, 2770000.8229830135], [301559.075, 2770041.535], [301571.967, 2770175.794], [301568.91, 2770179.461], [301512.68900000025, 2770184.394], [301472.01600000024, 2770187.963], [301474.659, 2770184.359]]]]}, "properties": {"編號": "1929", "圖層": "29", "顏色": "13", "街廓編號": "", "分區代碼": "G", "分區簡稱": "行政", "使用分區": "行政區", "分區說明": "", "原屬分區": "", "變更前代碼": "", "變更前簡稱": "", "變更前分區": ""}}, {"type": "Feature", "geometry": {"type": "Polygon", "coordinates": [[[301474.659, 2770184.359], [301472.01600000024, 2770187.963], [301430.544, 2770191.602], [301426.311, 2770146.483], [301426.3055403366, 2770146.4248061534], [301471.01003378985, 2770141.8827056834], [301474.659, 2770184.359]]]}, "properties": {"編號": "1930", "圖層": "26", "顏色": "10", "街廓編號": "", "分區代碼": "C", "分區簡稱": "文教", "使用分區": "文教區", "分區說明": "", "原屬分區": "", "變更前代碼": "", "變更前簡稱": "", "變更前分區": ""}}, {"type": "Feature", "geometry": {"type": "Polygon", "coordinates": [[[301343.6102060065, 2770108.9226194047], [301464.41187579726, 2770096.6885843948], [301467.488856179, 2770099.2443996733], [301470.32581383846, 2770133.1035649246], [301467.77049967455, 2770136.1809614752], [301347.4498448935, 2770148.40587357], [301345.50799999974, 2770128.469], [301343.6102060065, 2770108.9226194047]]]}, "properties": {"編號": "1931", "圖層": "26", "顏色": "10", "街廓編號": "", "分區代碼": "C", "分區簡稱": "文教", "使用分區": "文教區", "分區說明": "", "原屬分區": "", "變更前代碼": "", "變更前簡稱": "", "變更前分區": ""}}, {"type": "Feature", "geometry": {"type": "Polygon", "coordinates": [[[301476.2844163463, 2770089.4555173866], [301356.2898931246, 2770101.6078096577], [301352.8719918208, 2770066.347067214], [301407.3036778958, 2770060.7991319248], [301473.134, 2770054.464], [301476.2844163463, 2770089.4555173866]]]}, "properties": {"編號": "1932", "圖層": "26", "顏色": "10", "街廓編號": "", "分區代碼": "C", "分區簡稱": "文教", "使用分區": "文教區", "分區說明": "", "原屬分區": "", "變更前代碼": "", "變更前簡稱": "", "變更前分區": ""}}, {"type": "Feature", "geometry": {"type": "Polygon", "coordinates": [[[302099.5815789361, 2773142.7542850813], [302093.2253872149, 2773142.8872492826], [302068.7278120909, 2773143.398364426], [302066.6118381979, 2773050.1210038764], [302065.69971208856, 2773001.8845872786], [302068.46241630195, 2772998.991930121], [302230.91585870006, 2772994.597775432], [302233.7960993786, 2772997.373421957], [302235.1920841153, 2773137.815329139], [302233.10367830656, 2773139.969061058], [302099.5815789361, 2773142.7542850813]]]}, "properties": {"編號": "2530", "圖層": "41", "顏色": "10", "街廓編號": "", "分區代碼": "PSB", "分區簡稱": "國小", "使用分區": "國小用地", "分區說明": "", "原屬分區": "", "變更前代碼": "", "變更前簡稱": "", "變更前分區": ""}}, {"type": "Feature", "geometry": {"type": "Polygon", "coordinates": [[[301842.00961328746, 2772981.1026616017], [301840.78343603207, 2772880.7527333717], [301846.3373404648, 2772874.9947697083], [301931.073070503, 2772872.9728910676], [301936.0811656668, 2772872.8571236553], [301956.30838066386, 2772932.4787527374], [301963.796069443, 2772955.167720978], [301963.467, 2772955.301], [301934.1, 2772961.5975], [301904.733, 2772967.894], [301871.9348618822, 2772974.8017537156], [301871.796, 2772974.831], [301859.965, 2772977.323], [301858.392, 2772977.654], [301842.00961328746, 2772981.1026616017]]]}, "properties": {"編號": "2531", "圖層": "41", "顏色": "10", "街廓編號": "", "分區代碼": "PSC", "分區簡稱": "國中", "使用分區": "國中用地", "分區說明": "", "原屬分區": "", "變更前代碼": "", "變更前簡稱": "", "變更前分區": ""}}, {"type": "Feature", "geometry": {"type": "Polygon", "coordinates": [[[301795.21220221545, 2772873.838895044], [301800.7663238473, 2772879.596649198], [301802.188369235, 2772995.9763585418], [301802.66190228035, 2773037.7586976406], [301756.24719268846, 2773037.0405240934], [301689.53605226876, 2773036.010691988], [301669.69541768264, 2773035.2101389314], [301667.67134037067, 2773035.1241565524], [301667.73709610867, 2772988.043987506], [301670.2040177991, 2772951.0832764464], [301672.59890716337, 2772915.8029669984], [301673.6283127291, 2772900.740557293], [301675.45713466214, 2772867.951650967], [301714.46600325394, 2772869.9424680094], [301795.21220221545, 2772873.838895044]]]}, "properties": {"編號": "2532", "圖層": "41", "顏色": "10", "街廓編號": "", "分區代碼": "PSB", "分區簡稱": "國小", "使用分區": "國小用地", "分區說明": "", "原屬分區": "", "變更前代碼": "", "變更前簡稱": "", "變更前分區": ""}}, {"type": "Feature", "geometry": {"type": "Polygon", "coordinates": [[[302059.02527877735, 2772511.9665740253], [302059.4724934783, 2772511.6151736076], [302192.10782767175, 2772546.351418929], [302224.1090590434, 2772554.7366256053], [302225.9615734522, 2772557.096326934], [302228.1916483579, 2772691.401726962], [302225.4176609781, 2772694.283565614], [302060.71677254245, 2772697.830208204], [302057.8341304414, 2772695.0570557527], [302057.2915358443, 2772663.481546145], [302056.60602423217, 2772623.6791951847], [302055.97634763026, 2772586.1744283615], [302055.3277235429, 2772548.384744152], [302054.75467281486, 2772515.3222166602], [302059.02527877735, 2772511.9665740253]]]}, "properties": {"編號": "2534", "圖層": "41", "顏色": "10", "街廓編號": "", "分區代碼": "PSB", "分區簡稱": "國小", "使用分區": "國小用地", "分區說明": "", "原屬分區": "", "變更前代碼": "", "變更前簡稱": "", "變更前分區": ""}}, {"type": "Feature", "geometry": {"type": "Polygon", "coordinates": [[[301997.09851213597, 2772398.3537639873], [302011.501, 2772402.412], [302022.6175, 2772405.558], [302033.734, 2772408.704], [302033.549, 2772409.934], [302031.2735, 2772423.6825], [302028.998, 2772437.431], [302028.743, 2772439.013], [302027.9425, 2772443.308], [302027.183, 2772447.234], [302026.054, 2772451.155], [302024.604, 2772456.473], [302023.166, 2772461.647], [302021.723, 2772466.785], [302020.295, 2772471.91], [302019.283, 2772475.471], [302018.084, 2772479.654], [302016.881, 2772484.021], [302016.58904272434, 2772485.057256251], [302013.57357849146, 2772484.2489691693], [301949.00163051486, 2772466.914876523], [301946.5658428221, 2772462.548305979], [301968.2232221446, 2772390.2026491016], [301971.231, 2772391.01], [301988.758, 2772396.003], [301992.076, 2772396.934], [301996.929, 2772398.306], [301997.09851213597, 2772398.3537639873]]]}, "properties": {"編號": "2535", "圖層": "35", "顏色": "13", "街廓編號": "", "分區代碼": "PG", "分區簡稱": "機", "使用分區": "機關用地", "分區說明": "", "原屬分區": "", "變更前代碼": "", "變更前簡稱": "", "變更前分區": ""}}, {"type": "Feature", "geometry": {"type": "Polygon", "coordinates": [[[301620.0695553794, 2772746.154852768], [301619.9975613821, 2772746.151683553], [301619.664, 2772746.137], [301614.224, 2772745.907], [301608.338, 2772745.653], [301593.715, 2772744.853], [301590.0328331127, 2772744.666908716], [301597.42728493357, 2772620.499282785], [301598.3615666399, 2772604.7668438274], [301602.121175067, 2772601.47058163], [301630.55460671044, 2772603.5165334227], [301647.3772421138, 2772604.51817268], [301718.46055286145, 2772608.802915037], [301736.500214674, 2772609.881972788], [301797.38204379275, 2772613.5509282136], [301798.98598477937, 2772754.3748843158], [301790.647, 2772754.098], [301785.1355, 2772753.8615], [301779.624, 2772753.625], [301774.523, 2772753.402], [301772.78, 2772753.328], [301763.429, 2772752.763], [301744.137, 2772751.593], [301712.609, 2772750.183], [301700.195, 2772749.686], [301636.306, 2772746.895], [301630.654, 2772746.631], [301625.116, 2772746.377], [301620.0695553794, 2772746.154852768]]]}, "properties": {"編號": "2537", "圖層": "41", "顏色": "10", "街廓編號": "", "分區代碼": "PSB", "分區簡稱": "國小", "使用分區": "國小用地", "分區說明": "", "原屬分區": "", "變更前代碼": "", "變更前簡稱": "", "變更前分區": ""}}, {"type": "Feature", "geometry": {"type": "Polygon", "coordinates": [[[301574.38958357, 2772732.1425516615], [301570.907, 2772731.982], [301512.367, 2772729.958], [301511.17, 2772729.872], [301509.631, 2772730.44], [301494.393, 2772729.466], [301477.02, 2772728.395], [301466.435, 2772727.758], [301461.231, 2772727.374], [301455.901, 2772727.072], [301450.234, 2772726.693], [301444.682, 2772726.386], [301439.516, 2772726.018], [301434.1241914458, 2772725.702601728], [301434.95709308865, 2772712.253218766], [301439.55671649554, 2772672.819952651], [301446.07738202694, 2772641.046312789], [301449.2334494891, 2772594.1493864744], [301452.2418244324, 2772591.513161863], [301495.5693701279, 2772594.310516158], [301533.1158572574, 2772596.730175982], [301578.7413579433, 2772599.729121984], [301582.0492531853, 2772603.4784991415], [301581.096137882, 2772619.5280784583], [301574.38958357, 2772732.1425516615]]]}, "properties": {"編號": "2538", "圖層": "41", "顏色": "10", "街廓編號": "", "分區代碼": "PSB", "分區簡稱": "國小", "使用分區": "國小用地", "分區說明": "", "原屬分區": "", "變更前代碼": "", "變更前簡稱": "", "變更前分區": ""}}, {"type": "Feature", "geometry": {"type": "Polygon", "coordinates": [[[301661.15290214465, 2772423.3618613156], [301661.1649249222, 2772423.352545241], [301670.15316609934, 2772424.49647538], [301672.26136064314, 2772424.7666422976], [301667.256, 2772466.728], [301664.3251360631, 2772487.2850037357], [301652.5579936073, 2772485.765869725], [301650.72260859894, 2772483.392820659], [301658.00306378055, 2772425.802572612], [301661.15290214465, 2772423.3618613156]]]}, "properties": {"編號": "2539", "圖層": "35", "顏色": "13", "街廓編號": "", "分區代碼": "PG", "分區簡稱": "機", "使用分區": "機關用地", "分區說明": "", "原屬分區": "", "變更前代碼": "", "變更前簡稱": "", "變更前分區": ""}}, {"type": "Feature", "geometry": {"type": "Polygon", "coordinates": [[[302149.39675164485, 2772150.2139717196], [302151.4568121116, 2772158.3717477852], [302155.0507835579, 2772172.5046276418], [302151.74078760075, 2772194.173224781], [302147.710205369, 2772197.132009476], [302039.3736875064, 2772180.4548582304], [302144.894, 2772151.534], [302146.779, 2772150.985], [302149.39675164485, 2772150.2139717196]]]}, "properties": {"編號": "2541", "圖層": "39", "顏色": "16", "街廓編號": "", "分區代碼": "PM", "分區簡稱": "市", "使用分區": "市場用地", "分區說明": "", "原屬分區": "", "變更前代碼": "", "變更前簡稱": "", "變更前分區": ""}}, {"type": "Feature", "geometry": {"type": "Polygon", "coordinates": [[[302214.4797775006, 2771797.7469209014], [302221.42650778365, 2771801.714658087], [302256.89460001804, 2771921.7895128755], [302262.0390311534, 2771941.0323029477], [302126.39934579184, 2771977.6292397594], [302122.0900049479, 2771975.093577816], [302113.2666140976, 2771939.584942227], [302104.26451803686, 2771902.4676889707], [302101.8664181964, 2771892.556300754], [302087.4755834241, 2771833.2240318805], [302090.06160187506, 2771828.9447201863], [302214.4797775006, 2771797.7469209014]]]}, "properties": {"編號": "2542", "圖層": "41", "顏色": "10", "街廓編號": "", "分區代碼": "PSB", "分區簡稱": "國小", "使用分區": "國小用地", "分區說明": "", "原屬分區": "", "變更前代碼": "", "變更前簡稱": "", "變更前分區": ""}}, {"type": "Feature", "geometry": {"type": "Polygon", "coordinates": [[[301621.073, 2771673.653], [301621.172, 2771670.173], [301621.64, 2771652.724], [301621.7239315865, 2771649.2757263863], [301633.22651277186, 2771649.6054286775], [301638.26311048365, 2771655.007626625], [301637.0526726496, 2771674.4721896467], [301621.073, 2771673.653]]]}, "properties": {"編號": "2544", "圖層": "35", "顏色": "13", "街廓編號": "", "分區代碼": "PG", "分區簡稱": "機", "使用分區": "機關用地", "分區說明": "", "原屬分區": "", "變更前代碼": "", "變更前簡稱": "", "變更前分區": ""}}, {"type": "Feature", "geometry": {"type": "Polygon", "coordinates": [[[301572.8998007507, 2771470.556435103], [301570.17645164276, 2771443.5371811716], [301605.65299999976, 2771436.074], [301610.402, 2771460.68], [301589.3710000002, 2771476.636], [301602.521, 2771489.048], [301622.63, 2771490.419], [301620.92399999977, 2771565.148], [301578.83300000045, 2771565.2589999996], [301578.5150000005, 2771566.568], [301566.261, 2771568.949], [301565.29, 2771582.604], [301553.414, 2771582.047], [301518.9039672172, 2771580.4283286724], [301516.21450102853, 2771577.4674552167], [301518.7764390507, 2771525.3567223507], [301548.271, 2771532.616], [301578.55897255277, 2771526.7029642113], [301572.8998007507, 2771470.556435103]]]}, "properties": {"編號": "2545", "圖層": "35", "顏色": "13", "街廓編號": "", "分區代碼": "PG", "分區簡稱": "機", "使用分區": "機關用地", "分區說明": "", "原屬分區": "", "變更前代碼": "", "變更前簡稱": "", "變更前分區": ""}}, {"type": "Feature", "geometry": {"type": "Polygon", "coordinates": [[[301194.51037124894, 2771666.4234184455], [301190.18498541095, 2771663.915224404], [301183.6795, 2771620.5345], [301178.474, 2771585.88], [301175.4252979052, 2771568.5039982377], [301171.59207001975, 2771551.2840567254], [301166.9821970556, 2771534.2555778455], [301163.887, 2771524.267], [301160.2474201231, 2771513.4987293817], [301164.4098628962, 2771506.666887012], [301267.08389498043, 2771491.1027298123], [301271.2601183374, 2771493.8521221946], [301304.3057341654, 2771620.147495714], [301302.0325664167, 2771624.6008886215], [301194.51037124894, 2771666.4234184455]]]}, "properties": {"編號": "2549", "圖層": "41", "顏色": "10", "街廓編號": "", "分區代碼": "PSC", "分區簡稱": "國中", "使用分區": "國中用地", "分區說明": "", "原屬分區": "", "變更前代碼": "", "變更前簡稱": "", "變更前分區": ""}}, {"type": "Feature", "geometry": {"type": "Polygon", "coordinates": [[[302301.6180079253, 2771489.387967888], [302399.66399593255, 2771465.083954596], [302421.3694292135, 2771459.617921154], [302431.625, 2771499.326], [302311.138, 2771529.541], [302301.6180079253, 2771489.387967888]]]}, "properties": {"編號": "2550", "圖層": "35", "顏色": "13", "街廓編號": "", "分區代碼": "PG", "分區簡稱": "機", "使用分區": "機關用地", "分區說明": "", "原屬分區": "", "變更前代碼": "", "變更前簡稱": "", "變更前分區": ""}}, {"type": "Feature", "geometry": {"type": "Polygon", "coordinates": [[[302334.1162711499, 2771648.9906141763], [302331.58204954077, 2771638.093170229], [302329.2313164971, 2771628.288504851], [302317.0914703021, 2771577.0004420304], [302310.1568987184, 2771547.4865566017], [302306.4702237949, 2771531.91213164], [302297.41985759547, 2771493.3242191696], [302299.50623205997, 2771489.91144294], [302301.6180079253, 2771489.387967888], [302311.138, 2771529.541], [302431.625, 2771499.326], [302421.3694292135, 2771459.6179211535], [302429.12753083947, 2771457.6642147987], [302468.625, 2771614.613], [302438.72200000024, 2771622.481], [302407.156, 2771630.778], [302365.561, 2771641.669], [302365.395, 2771641.3], [302355.04099999974, 2771643.875], [302334.1162711499, 2771648.9906141763]]]}, "properties": {"編號": "2551", "圖層": "41", "顏色": "10", "街廓編號": "", "分區代碼": "PSC", "分區簡稱": "國中", "使用分區": "國中用地", "分區說明": "", "原屬分區": "", "變更前代碼": "", "變更前簡稱": "", "變更前分區": ""}}, {"type": "Feature", "geometry": {"type": "Polygon", "coordinates": [[[302482.7035255547, 2772568.340289419], [302485.35100000026, 2772572.874], [302478.36700000026, 2772589.781], [302454.323, 2772647.32], [302446.188, 2772666.944], [302431.4630000002, 2772702.31], [302420.692, 2772727.858], [302418.656, 2772732.715], [302415.72300000023, 2772739.507], [302414.854, 2772741.589], [302412.75400000025, 2772746.533], [302408.452, 2772756.629], [302406.336, 2772761.607], [302404.255, 2772766.541], [302403.96100000024, 2772767.174], [302401.69875438954, 2772768.737267419], [302308.3059672792, 2772771.110779129], [302307.0500646443, 2772695.653671219], [302305.05067909, 2772557.7648849697], [302308.7004699266, 2772554.347425848], [302342.43054609105, 2772557.0592120453], [302450.3559951293, 2772565.7371586575], [302482.7035255547, 2772568.340289419]]]}, "properties": {"編號": "2554", "圖層": "41", "顏色": "10", "街廓編號": "", "分區代碼": "PSD", "分區簡稱": "高中", "使用分區": "高中用地", "分區說明": "", "原屬分區": "", "變更前代碼": "", "變更前簡稱": "", "變更前分區": ""}}, {"type": "Feature", "geometry": {"type": "Polygon", "coordinates": [[[302335.93977044726, 2771959.0552625046], [302332.8821740816, 2771959.2024334664], [302320.09896627185, 2771959.8177262545], [302302.86112912203, 2771960.6708927206], [302302.8527475412, 2771960.6713075573], [302303.0556122484, 2771939.5802368503], [302295.76821919275, 2771912.1920923265], [302295.7585078282, 2771912.1592151513], [302326.06721491506, 2771901.3897004514], [302330.26256910444, 2771925.8803674807], [302335.93977044726, 2771959.0552625046]]]}, "properties": {"編號": "2556", "圖層": "35", "顏色": "13", "街廓編號": "", "分區代碼": "PG", "分區簡稱": "機", "使用分區": "機關用地", "分區說明": "", "原屬分區": "", "變更前代碼": "", "變更前簡稱": "", "變更前分區": ""}}, {"type": "Feature", "geometry": {"type": "Polygon", "coordinates": [[[301611.31169920304, 2773314.3244726565], [301615.2088337107, 2773237.1067241756], [301615.6741473386, 2773227.8870088626], [301617.670429214, 2773188.3327180254], [301620.56513411214, 2773185.5721594673], [301630.70297472476, 2773185.5418037595], [301763.3232643693, 2773186.260145642], [301766.1544228799, 2773189.08583874], [301767.087008709, 2773315.9868156174], [301764.2545151441, 2773318.811170447], [301684.1808172345, 2773317.9922865173], [301614.0522938757, 2773317.2380856783], [301611.31169920304, 2773314.3244726565]]]}, "properties": {"編號": "2566", "圖層": "41", "顏色": "10", "街廓編號": "", "分區代碼": "PSB", "分區簡稱": "國小", "使用分區": "國小用地", "分區說明": "", "原屬分區": "", "變更前代碼": "", "變更前簡稱": "", "變更前分區": ""}}, {"type": "Feature", "geometry": {"type": "Polygon", "coordinates": [[[302036.56678773306, 2772015.000262893], [302037.538, 2772018.401], [302039.035, 2772023.145], [302025.941, 2772026.451], [302023.675, 2772049.788], [302032.195, 2772050.959], [302031.626, 2772055.524], [302033.677, 2772058.29], [302037.919, 2772058.638], [302052.288, 2772059.955], [302052.385, 2772058.635], [302085.775, 2772061.909], [302106.775, 2772063.967], [302108.423, 2772063.725], [302110.721, 2772031.126], [302108.971, 2772023.944], [302071.905, 2772022.02], [302068.925, 2772009.894], [302068.07001858595, 2772006.521573311], [302106.8011031012, 2771996.0975998375], [302111.11402611685, 2771998.627164041], [302121.16989773104, 2772038.5063443715], [302130.44933982467, 2772075.2079970217], [302135.62642673444, 2772095.6839087564], [302149.39675164485, 2772150.2139717196], [302146.779, 2772150.985], [302144.894, 2772151.534], [302039.3736875064, 2772180.4548582304], [302024.24092759966, 2772178.1253452403], [302021.27632373426, 2772175.439991647], [301984.5816970439, 2772032.631799809], [301987.1015499597, 2772028.3131957194], [302036.56678773306, 2772015.000262893]]]}, "properties": {"編號": "2576", "圖層": "41", "顏色": "10", "街廓編號": "", "分區代碼": "PSB", "分區簡稱": "國小", "使用分區": "國小用地", "分區說明": "", "原屬分區": "", "變更前代碼": "", "變更前簡稱": "", "變更前分區": ""}}, {"type": "Feature", "geometry": {"type": "Polygon", "coordinates": [[[300239.82729233004, 2768873.9792031343], [300292.99341936567, 2768827.6560191456], [300431.1033683617, 2768801.8828652888], [300434.200306977, 2768804.4144598874], [300436.56738668063, 2768954.9576354553], [300439.4010363154, 2769110.3055682913], [300281.5647201507, 2769102.372354765], [300270.9865, 2769043.6585], [300260.426, 2768985.043], [300248.478, 2768920.13], [300244.22, 2768897.411], [300239.82729233004, 2768873.9792031343]]]}, "properties": {"編號": "2587", "圖層": "41", "顏色": "10", "街廓編號": "", "分區代碼": "PSC", "分區簡稱": "國中", "使用分區": "國中用地", "分區說明": "", "原屬分區": "", "變更前代碼": "", "變更前簡稱": "", "變更前分區": ""}}, {"type": "Feature", "geometry": {"type": "Polygon", "coordinates": [[[300081.3331175806, 2769050.3479093444], [300077.9232127962, 2769045.560834196], [300073.8954888051, 2769041.2805329734], [300069.3243961101, 2769037.5861249445], [300064.2944291186, 2769034.5458994308], [300058.89856430434, 2769032.21605351], [300058.3250109823, 2769032.017959975], [300065.376, 2769031.147], [300060.8631648228, 2769009.964698697], [300041.5453701067, 2768919.2910241415], [300161.2664227347, 2768895.8444335], [300230.1584813428, 2768882.4035540377], [300239.82729233004, 2768873.9792031343], [300244.22, 2768897.411], [300248.478, 2768920.13], [300260.426, 2768985.043], [300270.9865, 2769043.6585], [300281.5647201507, 2769102.372354765], [300191.18311548757, 2769097.82956901], [300154.5357403026, 2769088.899178635], [300109.3428614497, 2769076.962692349], [300101.9413305051, 2769074.0524606397], [300097.2239332371, 2769071.7260521054], [300092.85341973737, 2769068.3460956467], [300089.0160894506, 2769064.371125184], [300086.76615093113, 2769061.3899876927], [300083.2590401986, 2769053.8298134557], [300081.3331175806, 2769050.3479093444]]]}, "properties": {"編號": "2588", "圖層": "41", "顏色": "10", "街廓編號": "", "分區代碼": "PSD", "分區簡稱": "高中", "使用分區": "高中用地", "分區說明": "", "原屬分區": "", "變更前代碼": "", "變更前簡稱": "", "變更前分區": ""}}, {"type": "Feature", "geometry": {"type": "Polygon", "coordinates": [[[300212.079171226, 2769300.5337937833], [300197.7215143404, 2769226.8709495543], [300189.937536629, 2769187.677089858], [300190.6470900421, 2769157.8176063644], [300191.4839028361, 2769127.882557822], [300371.5415559726, 2769136.932666466], [300368.9056329806, 2769223.0261217193], [300367.67046051525, 2769263.3172056554], [300366.3457879567, 2769306.445971657], [300272.57502642705, 2769302.6271784143], [300212.079171226, 2769300.5337937833]]]}, "properties": {"編號": "2590", "圖層": "41", "顏色": "10", "街廓編號": "", "分區代碼": "PSB", "分區簡稱": "國小", "使用分區": "國小用地", "分區說明": "", "原屬分區": "", "變更前代碼": "", "變更前簡稱": "", "變更前分區": ""}}, {"type": "Feature", "geometry": {"type": "Polygon", "coordinates": [[[300765.48953880026, 2768847.1571529275], [300726.2612588508, 2768961.021852229], [300721.9322416656, 2768963.523773533], [300698.96709375264, 2768959.0849747155], [300716.527, 2768896.882], [300698.883, 2768894.042], [300698.115, 2768893.52], [300699.904, 2768881.448], [300702.728, 2768862.476], [300715.391, 2768865.131], [300721.13, 2768838.665], [300722.33835302375, 2768833.131036678], [300763.07811057614, 2768842.7770828456], [300765.48953880026, 2768847.1571529275]]]}, "properties": {"編號": "2591", "圖層": "41", "顏色": "10", "街廓編號": "", "分區代碼": "PSB", "分區簡稱": "國小", "使用分區": "國小用地", "分區說明": "", "原屬分區": "", "變更前代碼": "", "變更前簡稱": "", "變更前分區": ""}}, {"type": "Feature", "geometry": {"type": "Polygon", "coordinates": [[[299747.48946867086, 2769442.5246256227], [299744.57736798906, 2769441.803744482], [299679.1603660133, 2769360.287404079], [299679.58536894753, 2769356.310046601], [299689.67494731233, 2769348.1237832652], [299723.39285121585, 2769320.7666496267], [299784.127914614, 2769271.504430089], [299788.1223368666, 2769271.715595589], [299865.04250459693, 2769348.8987360373], [299864.8322970774, 2769352.8932088185], [299762.39798880555, 2769436.059181408], [299747.48946867086, 2769442.5246256227]]]}, "properties": {"編號": "2598", "圖層": "41", "顏色": "10", "街廓編號": "", "分區代碼": "PSB", "分區簡稱": "國小", "使用分區": "國小用地", "分區說明": "", "原屬分區": "", "變更前代碼": "", "變更前簡稱": "", "變更前分區": ""}}, {"type": "Feature", "geometry": {"type": "Polygon", "coordinates": [[[300285.7126895139, 2769484.8917121408], [300265.4870001955, 2769483.2757451413], [300262.8875223141, 2769480.235561801], [300262.92501058435, 2769479.7448239275], [300265.49031397817, 2769446.163879278], [300269.7034994416, 2769443.471469902], [300300.62531582906, 2769455.014741526], [300299.78999999975, 2769457.141], [300295.1229999995, 2769469.748], [300289.3169999995, 2769468.181], [300285.7126895139, 2769484.8917121408]]]}, "properties": {"編號": "2599", "圖層": "35", "顏色": "13", "街廓編號": "", "分區代碼": "PG", "分區簡稱": "機", "使用分區": "機關用地", "分區說明": "", "原屬分區": "", "變更前代碼": "", "變更前簡稱": "", "變更前分區": ""}}, {"type": "Feature", "geometry": {"type": "Polygon", "coordinates": [[[301027.192, 2769722.916], [301029.0308581643, 2769725.319251933], [301037.69328083255, 2769736.330394026], [301053.444754257, 2769761.5603653565], [301067.68764719175, 2769787.6899983967], [301079.18877718, 2769815.2159692096], [301089.4906175299, 2769843.2788499305], [301095.6587805717, 2769862.34664781], [301093.80035410833, 2769865.888716567], [300951.35226288583, 2769908.638219937], [300891.01791503694, 2769843.544422426], [300882.35658951045, 2769834.197632865], [300905.8202671528, 2769807.919506897], [300977.2891093204, 2769706.915733475], [300989.32235680154, 2769696.144466257], [300991.16973531054, 2769696.32332237], [300995.832, 2769701.677], [300996.422, 2769702.286], [300997.51, 2769703.253], [300998.542, 2769704.177], [300999.657, 2769705.059], [301001.163, 2769706.24], [301003.328, 2769707.715], [301005.855, 2769709.356], [301007.708, 2769710.486], [301008.724, 2769711.076], [301009.74, 2769711.521], [301015.524, 2769713.877], [301019.48890096066, 2769716.017639778], [301021.782, 2769717.725], [301027.192, 2769722.916]]]}, "properties": {"編號": "2608", "圖層": "41", "顏色": "10", "街廓編號": "", "分區代碼": "PSC", "分區簡稱": "國中", "使用分區": "國中用地", "分區說明": "", "原屬分區": "", "變更前代碼": "", "變更前簡稱": "", "變更前分區": ""}}, {"type": "Feature", "geometry": {"type": "Polygon", "coordinates": [[[299608.36718064215, 2769564.7542757518], [299612.29163593485, 2769565.4976542783], [299692.8803059609, 2769665.7284439877], [299692.4388447523, 2769669.70400835], [299673.24043289444, 2769684.9898305535], [299597.1927177136, 2769686.880969544], [299535.50536498905, 2769609.9264158593], [299536.2538764074, 2769606.0035282057], [299536.2550647592, 2769605.9973001503], [299554.42502831126, 2769595.642167347], [299594.8394049489, 2769572.4809872485], [299608.36152223777, 2769564.7532039247], [299608.36718064215, 2769564.7542757518]]]}, "properties": {"編號": "2609", "圖層": "41", "顏色": "10", "街廓編號": "", "分區代碼": "PSB", "分區簡稱": "國小", "使用分區": "國小用地", "分區說明": "", "原屬分區": "", "變更前代碼": "", "變更前簡稱": "", "變更前分區": ""}}, {"type": "Feature", "geometry": {"type": "Polygon", "coordinates": [[[299933.59725492384, 2769829.108924552], [299919.2408888836, 2769811.2113616914], [299923.43800000026, 2769807.416], [299925.3884489045, 2769802.70568023], [299937.70669840596, 2769802.3812908744], [299938.528, 2769825.772], [299936.096, 2769827.105], [299933.59725492384, 2769829.108924552]]]}, "properties": {"編號": "2614", "圖層": "35", "顏色": "13", "街廓編號": "", "分區代碼": "PG", "分區簡稱": "機", "使用分區": "機關用地", "分區說明": "", "原屬分區": "", "變更前代碼": "", "變更前簡稱": "", "變更前分區": ""}}, {"type": "Feature", "geometry": {"type": "Polygon", "coordinates": [[[299937.70669840596, 2769802.3812908744], [300027.2910373914, 2769800.0221727253], [300131.76832147385, 2769797.3492262214], [300132.5666297207, 2769833.332884052], [300134.1005308075, 2769899.893277878], [300134.91162042663, 2769934.8178068576], [300132.16670083284, 2769937.727345725], [300081.2556331184, 2769939.5094526913], [300023.69251654315, 2769941.5392924366], [299994.59577993915, 2769905.207945769], [300019.011, 2769898.394], [300025.884, 2769896.495], [300017.279, 2769862.951], [300018.544, 2769859.678], [299969.4731739745, 2769873.838857239], [299967.08427323034, 2769870.855980421], [299933.59725492384, 2769829.108924552], [299936.096, 2769827.105], [299938.528, 2769825.772], [299937.70669840596, 2769802.3812908744]]]}, "properties": {"編號": "2615", "圖層": "41", "顏色": "10", "街廓編號": "", "分區代碼": "PSB", "分區簡稱": "國小", "使用分區": "國小用地", "分區說明": "", "原屬分區": "", "變更前代碼": "", "變更前簡稱": "", "變更前分區": ""}}, {"type": "Feature", "geometry": {"type": "Polygon", "coordinates": [[[300487.84665179753, 2769760.579562624], [300415.1368090539, 2769762.4842212144], [300415.363, 2769756.675], [300415.565, 2769752.02], [300415.756, 2769747.426], [300415.961, 2769742.508], [300416.158, 2769737.868], [300416.367, 2769733.07], [300416.551, 2769728.511], [300416.749, 2769723.692], [300416.936, 2769719.112], [300424.905, 2769719.582], [300425.1795, 2769714.554], [300425.245, 2769713.038], [300425.9936912594, 2769698.257836281], [300470.29256108473, 2769702.217039354], [300469.143, 2769722.467], [300468.825, 2769728.09], [300468.052, 2769743.89], [300488.108, 2769744.381], [300487.84665179753, 2769760.579562624]]]}, "properties": {"編號": "2616", "圖層": "39", "顏色": "16", "街廓編號": "", "分區代碼": "PM", "分區簡稱": "市", "使用分區": "市場用地", "分區說明": "", "原屬分區": "", "變更前代碼": "", "變更前簡稱": "", "變更前分區": ""}}, {"type": "Feature", "geometry": {"type": "Polygon", "coordinates": [[[300644.14460355614, 2770112.6278375788], [300640.0496986792, 2770109.758734226], [300613.17536891863, 2769937.3144177543], [300616.3603704879, 2769933.4601000445], [300803.33864616964, 2769926.9141030866], [300807.2332307253, 2769930.0497387694], [300833.0681615474, 2770071.9573230725], [300830.25146372983, 2770076.088450449], [300644.14460355614, 2770112.6278375788]]]}, "properties": {"編號": "2618", "圖層": "41", "顏色": "10", "街廓編號": "", "分區代碼": "PSB", "分區簡稱": "國小", "使用分區": "國小用地", "分區說明": "", "原屬分區": "", "變更前代碼": "", "變更前簡稱": "", "變更前分區": ""}}, {"type": "Feature", "geometry": {"type": "Polygon", "coordinates": [[[300861.6925346856, 2770515.0879221237], [300863.927, 2770531.093], [300865.491, 2770542.297], [300866.737, 2770551.23], [300870.363, 2770578.105], [300872.204, 2770589.612], [300873.883, 2770600.234], [300875.982, 2770613.517], [300876.443, 2770615.723], [300878.127, 2770626.003], [300880.676, 2770641.541], [300881.26871334313, 2770645.300467743], [300743.7758582199, 2770680.204341246], [300739.64100000024, 2770678.5700000003], [300736.81000000046, 2770676.156], [300734.76400000026, 2770674.365], [300733.899, 2770673.625], [300733.535, 2770673.312], [300732.4190000002, 2770672.363], [300731.19300000026, 2770671.524], [300730.3160000002, 2770671.004], [300729.413, 2770670.454], [300728.3810000002, 2770669.803], [300727.88000000024, 2770669.549], [300727.224, 2770669.278], [300726.526, 2770668.937], [300725.978, 2770668.72], [300724.249, 2770668.086], [300722.416, 2770667.436], [300719.16300000047, 2770664.6300000004], [300705.86341529083, 2770578.849116939], [300747.938, 2770570.518], [300833.292, 2770553.341], [300832.308, 2770540.153], [300830.533, 2770540.294], [300828.642, 2770517.847], [300847.064, 2770516.518], [300848.743, 2770516.974], [300861.6925346856, 2770515.0879221237]]]}, "properties": {"編號": "2623", "圖層": "41", "顏色": "10", "街廓編號": "", "分區代碼": "PSB", "分區簡稱": "國小", "使用分區": "國小用地", "分區說明": "", "原屬分區": "", "變更前代碼": "", "變更前簡稱": "", "變更前分區": ""}}, {"type": "Feature", "geometry": {"type": "Polygon", "coordinates": [[[300705.86341529083, 2770578.849116939], [300693.638218853, 2770499.9979220377], [300697.83040392183, 2770494.878593426], [300871.806, 2770480.436], [300872.421, 2770484.153], [300873.68, 2770492.211], [300860.467, 2770493.006], [300859.018, 2770495.708], [300860.979, 2770509.977], [300861.6925346856, 2770515.0879221237], [300848.743, 2770516.974], [300847.064, 2770516.518], [300828.642, 2770517.847], [300830.533, 2770540.294], [300832.308, 2770540.153], [300833.292, 2770553.341], [300747.938, 2770570.518], [300705.86341529083, 2770578.849116939]]]}, "properties": {"編號": "2624", "圖層": "41", "顏色": "10", "街廓編號": "", "分區代碼": "PSF", "分區簡稱": "大專", "使用分區": "大專用地", "分區說明": "", "原屬分區": "", "變更前代碼": "", "變更前簡稱": "", "變更前分區": ""}}, {"type": "Feature", "geometry": {"type": "Polygon", "coordinates": [[[300891.8733598046, 2770766.7359591397], [300895.6137414439, 2770765.7702948484], [300956.91628801415, 2770749.9436531058], [300962.7469722564, 2770753.5536055574], [300971.83084901905, 2770789.31301604], [300968.482, 2770790.176], [300932.4, 2770799.664], [300930.767, 2770800.11], [300919.414, 2770802.577], [300900.385, 2770806.649], [300898.648, 2770798.416], [300897.138, 2770791.31], [300891.8733598046, 2770766.7359591397]]]}, "properties": {"編號": "2625", "圖層": "35", "顏色": "13", "街廓編號": "", "分區代碼": "PG", "分區簡稱": "機", "使用分區": "機關用地", "分區說明": "", "原屬分區": "", "變更前代碼": "", "變更前簡稱": "", "變更前分區": ""}}, {"type": "Feature", "geometry": {"type": "Polygon", "coordinates": [[[301173.78229188203, 2771034.4815457286], [301359.78494333243, 2770986.7453068076], [301364.161, 2770989.13], [301364.282, 2770989.591], [301364.346, 2770989.625], [301368.92, 2771008.055], [301373.349, 2771025.742], [301385.792, 2771074.714], [301387.601, 2771082.041], [301387.727, 2771082.887], [301385.03786327865, 2771087.313670591], [301199.8498264544, 2771135.29990761], [301195.54112219525, 2771132.7631641054], [301171.24054267455, 2771038.7872989695], [301173.78229188203, 2771034.4815457286]]]}, "properties": {"編號": "2628", "圖層": "41", "顏色": "10", "街廓編號": "", "分區代碼": "PSB", "分區簡稱": "國小", "使用分區": "國小用地", "分區說明": "", "原屬分區": "", "變更前代碼": "", "變更前簡稱": "", "變更前分區": ""}}, {"type": "Feature", "geometry": {"type": "Polygon", "coordinates": [[[300993.815180306, 2771184.764213768], [300946.6425879419, 2771137.8231964307], [301008.172, 2771121.564], [301036.651, 2771114.034], [301054.4368976965, 2771109.39245864], [301071.0832273605, 2771174.4018930118], [301095.6912931509, 2771270.402541469], [301074.3428006892, 2771276.0595584004], [301068.0929770844, 2771273.4488075264], [301059.2233450572, 2771259.1847013165], [301049.68468965864, 2771245.3590312973], [301039.49864240125, 2771232.003150961], [301028.6883029351, 2771219.1473484226], [301017.27818666433, 2771206.820777733], [301005.2941691508, 2771195.0513927653], [300993.815180306, 2771184.764213768]]]}, "properties": {"編號": "2629", "圖層": "39", "顏色": "16", "街廓編號": "", "分區代碼": "PM", "分區簡稱": "市", "使用分區": "市場用地", "分區說明": "", "原屬分區": "", "變更前代碼": "", "變更前簡稱": "", "變更前分區": ""}}, {"type": "Feature", "geometry": {"type": "Polygon", "coordinates": [[[299502.0450874476, 2769612.8153422903], [299502.04212978244, 2769612.82419979], [299484.29203012394, 2769622.949924876], [299479.89655608556, 2769625.4637380666], [299479.89586394024, 2769625.463559972], [299475.97692760016, 2769624.455187521], [299464.31786458206, 2769604.3808949436], [299453.3573554785, 2769583.916823669], [299447.70400000026, 2769572.652], [299458.192, 2769566.276], [299462.7995, 2769563.1005], [299470.075, 2769557.853], [299475.915, 2769553.706], [299478.5893538308, 2769551.815754898], [299503.3090319619, 2769609.0301308837], [299502.0450874476, 2769612.8153422903]]]}, "properties": {"編號": "2631", "圖層": "35", "顏色": "13", "街廓編號": "", "分區代碼": "PG", "分區簡稱": "機", "使用分區": "機關用地", "分區說明": "", "原屬分區": "", "變更前代碼": "", "變更前簡稱": "", "變更前分區": ""}}, {"type": "Feature", "geometry": {"type": "Polygon", "coordinates": [[[302202.3398460579, 2770145.3953694073], [302200.084, 2770154.924], [302196.0107556212, 2770160.0277370918], [302192.5915428629, 2770165.590868959], [302189.8775864985, 2770171.5300518093], [302187.90954553604, 2770177.756308055], [302186.7169040875, 2770184.176359335], [302186.423, 2770187.339], [302180.31722602865, 2770195.052693226], [302043.0125209358, 2770234.753573472], [302025.432340348, 2770224.711837357], [302006.9911843834, 2770154.497543585], [302009.0114799027, 2770151.0452391347], [302191.4532245507, 2770103.4832040453], [302202.3398460579, 2770145.3953694073]]]}, "properties": {"編號": "2636", "圖層": "35", "顏色": "13", "街廓編號": "", "分區代碼": "PG", "分區簡稱": "機", "使用分區": "機關用地", "分區說明": "", "原屬分區": "", "變更前代碼": "", "變更前簡稱": "", "變更前分區": ""}}, {"type": "Feature", "geometry": {"type": "Polygon", "coordinates": [[[302116.7551552973, 2770114.482706481], [302110.278, 2770089.493], [302108.646, 2770083.22], [302102.515, 2770059.587], [302100.443, 2770051.582], [302093.908, 2770026.399], [302092.68, 2770021.665], [302086.106, 2769996.317], [302083.987, 2769988.172], [302077.432, 2769962.91], [302075.841, 2769956.774], [302081.293, 2769955.377], [302088.43, 2769953.547], [302148.50777733256, 2769938.148468733], [302189.3916959851, 2770095.546570436], [302116.7551552973, 2770114.482706481]]]}, "properties": {"編號": "2637", "圖層": "35", "顏色": "13", "街廓編號": "", "分區代碼": "PG", "分區簡稱": "機", "使用分區": "機關用地", "分區說明": "", "原屬分區": "", "變更前代碼": "", "變更前簡稱": "", "變更前分區": ""}}, {"type": "Feature", "geometry": {"type": "Polygon", "coordinates": [[[301984.01499110606, 2769929.7680022498], [301980.84786307695, 2769828.2647230816], [301980.7972273767, 2769825.702630921], [301981.10100000026, 2769824.346], [301984.99800000025, 2769819.604], [301989.7986781366, 2769817.2390990327], [301994.19381689694, 2769814.1859003124], [301998.085472162, 2769810.512443296], [302001.3869197645, 2769806.30058968], [302004.02458810713, 2769801.6441991394], [302005.93969768, 2769796.647037698], [302007.0895709405, 2769791.4204653376], [302007.39400000026, 2769788.3485], [302007.83017557906, 2769785.8753857818], [302009.01750426413, 2769783.6625157753], [302010.8370077345, 2769781.9316344406], [302013.10635950253, 2769780.8561877315], [302013.892, 2769780.6700000004], [302079.95000000024, 2769772.374], [302082.77021476673, 2769772.4227012414], [302085.46452264383, 2769773.2573797447], [302087.8183495267, 2769774.811561892], [302088.90100000025, 2769775.9335], [302093.09538665845, 2769779.838054484], [302097.79210450937, 2769783.1212338265], [302102.89984010265, 2769785.7192065497], [302104.43100000074, 2769786.332], [302106.95665888954, 2769787.592171512], [302109.0300507431, 2769789.5073820185], [302110.48627682496, 2769791.9253130895], [302111.1844870181, 2769794.458351973], [302148.50777733256, 2769938.148468733], [302088.43, 2769953.547], [302081.293, 2769955.377], [302081.251, 2769955.212], [302078.009, 2769942.39], [302079.459, 2769942.02], [302077.277, 2769933.408], [302076.166, 2769929.028], [302071.534, 2769910.728], [302070.798, 2769907.82], [302067.88300000073, 2769908.557], [301984.01499110606, 2769929.7680022498]]]}, "properties": {"編號": "2638", "圖層": "41", "顏色": "10", "街廓編號": "", "分區代碼": "PSB", "分區簡稱": "國小", "使用分區": "國小用地", "分區說明": "", "原屬分區": "", "變更前代碼": "", "變更前簡稱": "", "變更前分區": ""}}, {"type": "Feature", "geometry": {"type": "Polygon", "coordinates": [[[302116.7551552973, 2770114.482706481], [302006.92348571756, 2770143.115505036], [302003.47118126776, 2770141.0952095166], [301988.8747930503, 2770085.519783969], [301984.01499110577, 2769929.7680022498], [302067.88300000073, 2769908.557], [302070.798, 2769907.82], [302071.534, 2769910.728], [302076.166, 2769929.028], [302077.277, 2769933.408], [302079.459, 2769942.02], [302078.009, 2769942.39], [302081.251, 2769955.212], [302081.293, 2769955.377], [302075.841, 2769956.774], [302077.432, 2769962.91], [302083.987, 2769988.172], [302086.106, 2769996.317], [302092.68, 2770021.665], [302093.908, 2770026.399], [302100.443, 2770051.582], [302102.515, 2770059.587], [302108.646, 2770083.22], [302110.278, 2770089.493], [302116.7551552973, 2770114.482706481]]]}, "properties": {"編號": "2639", "圖層": "41", "顏色": "10", "街廓編號": "", "分區代碼": "PSC", "分區簡稱": "國中", "使用分區": "國中用地", "分區說明": "", "原屬分區": "", "變更前代碼": "", "變更前簡稱": "", "變更前分區": ""}}, {"type": "Feature", "geometry": {"type": "Polygon", "coordinates": [[[302655.052819916, 2770296.3727991404], [302656.73286596657, 2770302.8360401327], [302685.49766697886, 2770413.607681641], [302682.9645450835, 2770417.9185160683], [302341.208608268, 2770506.7142017335], [302336.8965706797, 2770504.183128476], [302272.27247291186, 2770256.2879642793], [302271.9924897082, 2770253.6371746175], [302272.5072385676, 2770251.021814214], [302273.77087043785, 2770248.6748351087], [302275.670832716, 2770246.8052844224], [302278.03789439105, 2770245.5796843846], [302279.6552471533, 2770245.1928802333], [302625.46488214826, 2770195.92545975], [302629.62704686023, 2770198.6960887243], [302655.052819916, 2770296.3727991404]]]}, "properties": {"編號": "2640", "圖層": "41", "顏色": "10", "街廓編號": "", "分區代碼": "PSF", "分區簡稱": "大專", "使用分區": "大專用地", "分區說明": "", "原屬分區": "", "變更前代碼": "", "變更前簡稱": "", "變更前分區": ""}}, {"type": "Feature", "geometry": {"type": "Polygon", "coordinates": [[[303116.3231585863, 2770609.9913393594], [303113.79072723794, 2770614.3025794895], [302958.9162516017, 2770654.539901761], [302954.60216598655, 2770652.0123208417], [302926.0446820512, 2770543.1959436224], [302928.5732851751, 2770538.88245707], [303083.7195014594, 2770498.6530159237], [303088.03014137864, 2770501.186468802], [303116.3231585863, 2770609.9913393594]]]}, "properties": {"編號": "2641", "圖層": "41", "顏色": "10", "街廓編號": "", "分區代碼": "PSF", "分區簡稱": "大專", "使用分區": "大專用地", "分區說明": "", "原屬分區": "", "變更前代碼": "", "變更前簡稱": "", "變更前分區": ""}}, {"type": "Feature", "geometry": {"type": "Polygon", "coordinates": [[[303081.2140746429, 2770474.987095833], [303078.68113413337, 2770479.2980368403], [302923.69914229034, 2770519.48489456], [302919.38845243765, 2770516.9515266456], [302885.3507160466, 2770386.0756934737], [302887.88236754964, 2770381.763995355], [302965.3731763663, 2770361.604735463], [303042.7650304596, 2770341.3177880323], [303047.07932684134, 2770343.845009181], [303081.2140746429, 2770474.987095833]]]}, "properties": {"編號": "2642", "圖層": "41", "顏色": "10", "街廓編號": "", "分區代碼": "PSF", "分區簡稱": "大專", "使用分區": "大專用地", "分區說明": "", "原屬分區": "", "變更前代碼": "", "變更前簡稱": "", "變更前分區": ""}}, {"type": "Feature", "geometry": {"type": "Polygon", "coordinates": [[[302868.7193564627, 2770386.7520497697], [302873.03140495013, 2770389.2831044598], [302907.0924725535, 2770520.248646649], [302904.5596287141, 2770524.559644455], [302749.3721671798, 2770564.840052788], [302745.06045649434, 2770562.308422688], [302710.9634434936, 2770431.5070413523], [302713.4929910934, 2770427.194108599], [302808.8598060739, 2770402.3422138644], [302868.7193564627, 2770386.7520497697]]]}, "properties": {"編號": "2643", "圖層": "41", "顏色": "10", "街廓編號": "", "分區代碼": "PSF", "分區簡稱": "大專", "使用分區": "大專用地", "分區說明": "", "原屬分區": "", "變更前代碼": "", "變更前簡稱": "", "變更前分區": ""}}, {"type": "Feature", "geometry": {"type": "Polygon", "coordinates": [[[302909.43310947897, 2770543.9574172823], [302913.74690340564, 2770546.4854959906], [302942.2859879613, 2770655.231763606], [302939.7593520031, 2770659.5464027263], [302784.61644871853, 2770699.9260206376], [302780.30395612767, 2770697.3957227], [302751.92200458935, 2770588.4954582974], [302754.45374455955, 2770584.1838121237], [302909.43310947897, 2770543.9574172823]]]}, "properties": {"編號": "2644", "圖層": "41", "顏色": "10", "街廓編號": "", "分區代碼": "PSD", "分區簡稱": "高中", "使用分區": "高中用地", "分區說明": "", "原屬分區": "", "變更前代碼": "", "變更前簡稱": "", "變更前分區": ""}}, {"type": "Feature", "geometry": {"type": "Polygon", "coordinates": [[[302454.5126776483, 2770662.2819301086], [302562.7148561921, 2770634.1197192543], [302592.12118277146, 2770750.0093128225], [302416.7775550942, 2770796.0549596087], [302412.46270627045, 2770793.5286817877], [302392.242, 2770715.963], [302463.949, 2770698.69], [302454.5126776483, 2770662.2819301086]]]}, "properties": {"編號": "2646", "圖層": "35", "顏色": "13", "街廓編號": "", "分區代碼": "PG", "分區簡稱": "機", "使用分區": "機關用地", "分區說明": "", "原屬分區": "", "變更前代碼": "", "變更前簡稱": "", "變更前分區": ""}}, {"type": "Feature", "geometry": {"type": "Polygon", "coordinates": [[[303698.3570424683, 2770644.2149402495], [303700.97909131885, 2770659.624846056], [303698.6763413057, 2770662.8955252483], [303628.4179143445, 2770675.3444570624], [303603.338, 2770675.088], [303602.7624112985, 2770672.377557188], [303596.5119492471, 2770642.9441789896], [303693.28955126286, 2770614.433053412], [303698.3570424683, 2770644.2149402495]]]}, "properties": {"編號": "2652", "圖層": "41", "顏色": "10", "街廓編號": "", "分區代碼": "PSB", "分區簡稱": "國小", "使用分區": "國小用地", "分區說明": "", "原屬分區": "", "變更前代碼": "", "變更前簡稱": "", "變更前分區": ""}}, {"type": "Feature", "geometry": {"type": "Polygon", "coordinates": [[[301968.1887685552, 2770063.8453327827], [301968.955194864, 2770088.4085278492], [301981.92140638543, 2770137.777091656], [301979.05817280343, 2770141.8761029327], [301849.2703676257, 2770154.1769867963], [301832.0351145008, 2770156.002575577], [301762.0517824664, 2770162.1903113476], [301758.2178231454, 2770158.980832274], [301744.4163599031, 2770003.7430093708], [301744.449, 2770003.74], [301842.543, 2769994.791], [301849.098, 2770059.972], [301968.1887685552, 2770063.8453327827]]]}, "properties": {"編號": "2659", "圖層": "41", "顏色": "10", "街廓編號": "", "分區代碼": "PSD", "分區簡稱": "高中", "使用分區": "高中用地", "分區說明": "", "原屬分區": "", "變更前代碼": "", "變更前簡稱": "", "變更前分區": ""}}, {"type": "Feature", "geometry": {"type": "Polygon", "coordinates": [[[301842.543, 2769994.791], [301744.449, 2770003.74], [301744.4163599031, 2770003.7430093708], [301743.38042400073, 2769992.0908800764], [301742.0824394243, 2769977.4910535673], [301735.0834394243, 2769898.7590535674], [301733.7854234059, 2769884.1568733854], [301728.1037354434, 2769820.2499168455], [301731.242121289, 2769816.3575481214], [301929.66700000025, 2769791.426], [301934.807, 2769794.807], [301936.57180559373, 2769799.991556149], [301939.0721364691, 2769804.8641844704], [301942.2547838631, 2769809.3211920774], [301946.05201884697, 2769813.267730778], [301950.3830336454, 2769816.6198155116], [301955.1556612799, 2769819.3061116063], [301957.37500000023, 2769820.264], [301960.73044657183, 2769824.8135881117], [301966.28120590805, 2770002.709861741], [301844.503, 2769994.793], [301842.543, 2769994.791]]]}, "properties": {"編號": "2660", "圖層": "41", "顏色": "10", "街廓編號": "", "分區代碼": "PSF", "分區簡稱": "大專", "使用分區": "大專用地", "分區說明": "", "原屬分區": "", "變更前代碼": "", "變更前簡稱": "", "變更前分區": ""}}, {"type": "Feature", "geometry": {"type": "Polygon", "coordinates": [[[301292.86500229075, 2769570.249399455], [301295.52279191924, 2769567.260059345], [301416.953854918, 2769555.422028805], [301420.0346474578, 2769557.973247598], [301424.7663396673, 2769610.214973121], [301427.61432563566, 2769641.38411084], [301433.8938651705, 2769709.9419059926], [301445.72301549435, 2769759.1948577072], [301443.7235794332, 2769762.659284851], [301391.2652099557, 2769778.2117424994], [301314.4965784213, 2769800.9500696897], [301303.8499009936, 2769804.103567983], [301299.79896489595, 2769801.1727120103], [301297.15768224647, 2769713.6924750577], [301295.547987746, 2769662.030709262], [301293.2353673055, 2769588.6662221947], [301292.86500229075, 2769570.249399455]]]}, "properties": {"編號": "2674", "圖層": "41", "顏色": "10", "街廓編號": "", "分區代碼": "PSC", "分區簡稱": "國中", "使用分區": "國中用地", "分區說明": "", "原屬分區": "", "變更前代碼": "", "變更前簡稱": "", "變更前分區": ""}}, {"type": "Feature", "geometry": {"type": "Polygon", "coordinates": [[[301849.32341433695, 2769402.163065816], [301888.63183509064, 2769413.294766305], [301890.49619485164, 2769417.93418035], [301854.42782902333, 2769479.404381274], [301823.3500000002, 2769475.923], [301849.32341433695, 2769402.163065816]]]}, "properties": {"編號": "2675", "圖層": "35", "顏色": "13", "街廓編號": "", "分區代碼": "PG", "分區簡稱": "機", "使用分區": "機關用地", "分區說明": "", "原屬分區": "", "變更前代碼": "", "變更前簡稱": "", "變更前分區": ""}}, {"type": "Feature", "geometry": {"type": "Polygon", "coordinates": [[[302631.42798453046, 2769492.9300163835], [302579.809, 2769389.963], [302572.1151272442, 2769374.7483087797], [302581.98444399715, 2769370.1474588644], [302693.8740464442, 2769314.509352105], [302699.23715363623, 2769317.199534487], [302710.397968369, 2769378.7150630024], [302710.8443050108, 2769381.1750499583], [302722.2158984392, 2769443.8469684655], [302720.4422415192, 2769447.432235698], [302632.4914157138, 2769492.384575245], [302631.42798453046, 2769492.9300163835]]]}, "properties": {"編號": "2676", "圖層": "41", "顏色": "10", "街廓編號": "", "分區代碼": "PSC", "分區簡稱": "國中", "使用分區": "國中用地", "分區說明": "", "原屬分區": "", "變更前代碼": "", "變更前簡稱": "", "變更前分區": ""}}, {"type": "Feature", "geometry": {"type": "Polygon", "coordinates": [[[301605.71299999283, 2769315.5319999983], [301420.11611390946, 2769262.533198941], [301419.38865942194, 2769256.5774613745], [301545.11400000047, 2769184.385], [301545.1266920786, 2769184.3777150763], [301546.649, 2769196.505], [301612.472, 2769213.82], [301608.669, 2769228.906], [301612.39, 2769233.517], [301606.002, 2769254.532], [301621.462, 2769259.019], [301605.71299999283, 2769315.5319999983]]]}, "properties": {"編號": "2677", "圖層": "41", "顏色": "10", "街廓編號": "", "分區代碼": "PSB", "分區簡稱": "國小", "使用分區": "國小用地", "分區說明": "", "原屬分區": "", "變更前代碼": "", "變更前簡稱": "", "變更前分區": ""}}, {"type": "Feature", "geometry": {"type": "Polygon", "coordinates": [[[301545.1266920786, 2769184.3777150763], [301554.49342060706, 2769179.00145607], [301590.83565680886, 2769158.135896101], [301628.29336124327, 2769136.58816782], [301684.6030138044, 2769104.2422172558], [301740.7384184258, 2769118.9564853935], [301881.5149358139, 2769154.097035721], [301884.08820468973, 2769158.384026191], [301871.02196498465, 2769210.6512823873], [301862.5700991356, 2769244.798826125], [301830.01382846356, 2769375.8430441343], [301825.6861230333, 2769378.3472337658], [301804.07284605264, 2769372.175375007], [301655.6642374666, 2769329.7960092346], [301605.71299999283, 2769315.5319999983], [301621.462, 2769259.019], [301606.002, 2769254.532], [301612.39, 2769233.517], [301608.669, 2769228.906], [301612.472, 2769213.82], [301546.649, 2769196.505], [301545.1266920786, 2769184.3777150763]]]}, "properties": {"編號": "2678", "圖層": "41", "顏色": "10", "街廓編號": "", "分區代碼": "PSD", "分區簡稱": "高中", "使用分區": "高中用地", "分區說明": "", "原屬分區": "", "變更前代碼": "", "變更前簡稱": "", "變更前分區": ""}}, {"type": "Feature", "geometry": {"type": "Polygon", "coordinates": [[[301105.6942834611, 2769162.7493387847], [301106.0867160952, 2769167.733914657], [301089.1932913258, 2769187.4991186354], [301055.62623169564, 2769226.8210787335], [300983.5407658415, 2769206.8637414053], [300981.78181087924, 2769201.127359493], [300990.35681709123, 2769191.0626314133], [301011.87154663086, 2769165.850840535], [301034.06549732876, 2769139.834381158], [301050.6109654057, 2769120.394290989], [301055.5951290886, 2769119.996657512], [301105.6942834611, 2769162.7493387847]]]}, "properties": {"編號": "2679", "圖層": "41", "顏色": "10", "街廓編號": "", "分區代碼": "PSB", "分區簡稱": "國小", "使用分區": "國小用地", "分區說明": "", "原屬分區": "", "變更前代碼": "", "變更前簡稱": "", "變更前分區": ""}}, {"type": "Feature", "geometry": {"type": "Polygon", "coordinates": [[[302024.315, 2769455.842], [302058.233, 2769465.463], [302056.569, 2769471.363], [302081.9309454541, 2769488.629418124], [302036.57186041, 2769555.4212653665], [302032.267, 2769556.206], [301983.032, 2769522.911], [301982.328, 2769518.778], [302024.315, 2769455.842]]]}, "properties": {"編號": "2700", "圖層": "35", "顏色": "13", "街廓編號": "", "分區代碼": "PG", "分區簡稱": "機", "使用分區": "機關用地", "分區說明": "", "原屬分區": "", "變更前代碼": "", "變更前簡稱": "", "變更前分區": ""}}, {"type": "Feature", "geometry": {"type": "Polygon", "coordinates": [[[302964.4834698341, 2770026.6660816837], [302968.37695649173, 2770041.6749158776], [302977.61218506575, 2770077.2767953146], [302983.7958121755, 2770101.0932342797], [302981.0207692578, 2770105.2524573808], [302923.64190915134, 2770113.339671296], [302908.56220858503, 2770115.4677288937], [302890.459, 2770045.927], [302964.4834698341, 2770026.6660816837]]]}, "properties": {"編號": "2704", "圖層": "35", "顏色": "13", "街廓編號": "", "分區代碼": "PG", "分區簡稱": "機", "使用分區": "機關用地", "分區說明": "", "原屬分區": "", "變更前代碼": "", "變更前簡稱": "", "變更前分區": ""}}, {"type": "Feature", "geometry": {"type": "Polygon", "coordinates": [[[304486.4607253833, 2771565.2732653636], [304477.98444826744, 2771565.4421911696], [304477.95986546995, 2771565.44273148], [304469.5206998374, 2771565.645519196], [304460.99153477716, 2771565.825332936], [304460.9870331304, 2771565.8254295303], [304452.65146997094, 2771566.0074199927], [304444.3794699712, 2771566.1874200087], [304444.37328722357, 2771566.187557734], [304435.51681221917, 2771566.3894090205], [304427.325337569, 2771566.558274502], [304427.3167222164, 2771566.5584582947], [304419.1087222164, 2771566.739458295], [304410.9181797924, 2771566.919448222], [304393.94459527085, 2771567.296374139], [304367.4095952709, 2771567.864374139], [304367.4059751441, 2771567.8644527225], [304338.30867839983, 2771568.5048688482], [304335.4292790568, 2771565.7283495483], [304334.93493914296, 2771531.329110028], [304334.902, 2771529.037], [304330.8187175226, 2771437.571272689], [304333.5609138236, 2771434.6591670164], [304400.479, 2771433.624], [304517.0653252709, 2771431.9535427713], [304520.642682025, 2771435.4467531363], [304520.8278526213, 2771454.9919969086], [304520.8682105141, 2771485.56743986], [304520.9912105141, 2771511.6964398604], [304521.0331130507, 2771522.5425432473], [304521.16817542, 2771561.6948565766], [304518.3764484856, 2771564.5595137505], [304501.3669963646, 2771564.939496601], [304496.32900252583, 2771565.0643441807], [304486.4607253833, 2771565.2732653636]]]}, "properties": {"編號": "2962", "圖層": "41", "顏色": "10", "街廓編號": "", "分區代碼": "PSB", "分區簡稱": "國小", "使用分區": "國小用地", "分區說明": "", "原屬分區": "", "變更前代碼": "", "變更前簡稱": "", "變更前分區": ""}}, {"type": "Feature", "geometry": {"type": "Polygon", "coordinates": [[[303972.7662248721, 2771962.519167192], [304000.1526109474, 2771962.101172281], [304113.439995898, 2771960.372081401], [304116.31245241617, 2771963.155782813], [304117.15458658576, 2772015.395200223], [304118.11580179236, 2772072.128167017], [304119.10705521534, 2772132.5747863078], [304120.05548068497, 2772190.542767492], [304120.9452162814, 2772244.779646971], [304118.85579958034, 2772246.9323981986], [303999.9596388016, 2772248.5321401595], [303959.75887814927, 2772249.0730394055], [303851.8869643977, 2772250.454398824], [303849.0246851757, 2772247.660233894], [303847.7698745563, 2772136.4008622677], [303854.284, 2772129.728], [303855.758, 2772127.213], [303863.156, 2772115.6775], [303870.554, 2772104.142], [303873.039, 2772100.087], [303881.044, 2772095.105], [303886.008, 2772089.222], [303891.3835, 2772085.9085], [303896.759, 2772082.595], [303903.952, 2772079.398], [303914.141, 2772074.335], [303930.218, 2772063.6915], [303946.295, 2772053.048], [303955.714, 2772045.237], [303968.056, 2772031.436], [303970.729, 2772025.963], [303971.9645, 2772024.7485], [303973.2, 2772023.534], [303974.969, 2772022.661], [303972.7662248721, 2771962.519167192]]]}, "properties": {"編號": "2963", "圖層": "41", "顏色": "10", "街廓編號": "", "分區代碼": "PSD", "分區簡稱": "高中", "使用分區": "高中用地", "分區說明": "", "原屬分區": "", "變更前代碼": "", "變更前簡稱": "", "變更前分區": ""}}, {"type": "Feature", "geometry": {"type": "Polygon", "coordinates": [[[303847.7698745563, 2772136.4008622677], [303847.2156635747, 2772087.261044185], [303846.01717282936, 2771966.9232333517], [303848.8141115153, 2771964.063664505], [303961.6776957767, 2771962.688409995], [303972.7662248721, 2771962.519167192], [303974.969, 2772022.661], [303973.2, 2772023.534], [303971.9645, 2772024.7485], [303970.729, 2772025.963], [303968.056, 2772031.436], [303955.714, 2772045.237], [303946.295, 2772053.048], [303930.218, 2772063.6915], [303914.141, 2772074.335], [303903.952, 2772079.398], [303896.759, 2772082.595], [303891.3835, 2772085.9085], [303886.008, 2772089.222], [303881.044, 2772095.105], [303873.039, 2772100.087], [303870.554, 2772104.142], [303863.156, 2772115.6775], [303855.758, 2772127.213], [303854.284, 2772129.728], [303847.7698745563, 2772136.4008622677]]]}, "properties": {"編號": "2966", "圖層": "41", "顏色": "10", "街廓編號": "", "分區代碼": "PSB", "分區簡稱": "國小", "使用分區": "國小用地", "分區說明": "", "原屬分區": "", "變更前代碼": "", "變更前簡稱": "", "變更前分區": ""}}, {"type": "Feature", "geometry": {"type": "Polygon", "coordinates": [[[303524.73307722853, 2771471.23956981], [303509.27648961305, 2771471.3674340392], [303495.43387940596, 2771471.4642773997], [303491.8630444629, 2771467.964400572], [303490.786, 2771385.591], [303489.9099885521, 2771318.4921231573], [303492.7073971858, 2771315.633014041], [303616.221, 2771314.551], [303673.8220434504, 2771314.046573864], [303676.67691068054, 2771316.8483113786], [303676.8474021957, 2771333.8502182695], [303676.84746856644, 2771333.8565843194], [303676.98846856644, 2771346.8835843196], [303677.1523533177, 2771361.300186169], [303677.24535331776, 2771371.195186169], [303677.4390393667, 2771390.7263399647], [303677.3079061978, 2771402.5604705266], [303677.5242351811, 2771417.635694756], [303677.72098801687, 2771434.7771613565], [303677.9190273466, 2771455.4935543947], [303678.04859320546, 2771466.563369989], [303674.5461120343, 2771470.131650477], [303587.7243923356, 2771470.731357822], [303570.8792119305, 2771470.8615274304], [303541.0821524546, 2771471.111410523], [303532.7832374103, 2771471.165632631], [303524.73307722853, 2771471.23956981]]]}, "properties": {"編號": "2971", "圖層": "41", "顏色": "10", "街廓編號": "", "分區代碼": "PSC", "分區簡稱": "國中", "使用分區": "國中用地", "分區說明": "", "原屬分區": "", "變更前代碼": "", "變更前簡稱": "", "變更前分區": ""}}, {"type": "Feature", "geometry": {"type": "Polygon", "coordinates": [[[303331.8974316671, 2771899.4322381667], [303330.54580974387, 2771802.459171153], [303333.33261295536, 2771799.5897238436], [303400.16698719095, 2771798.5697214394], [303473.8659036298, 2771797.4404253867], [303476.7346086369, 2771800.22799271], [303477.096388587, 2771827.29440621], [303477.6779391506, 2771868.6782105914], [303478.19162130525, 2771906.3689409075], [303478.7401801195, 2771945.199141104], [303475.2571096005, 2771948.7863711994], [303388.2858424506, 2771950.1202379502], [303388.2755197234, 2771950.1204015985], [303335.4470509589, 2771950.9851787477], [303332.5760805302, 2771948.1999446824], [303331.8974316671, 2771899.4322381667]]]}, "properties": {"編號": "2972", "圖層": "41", "顏色": "10", "街廓編號": "", "分區代碼": "PSB", "分區簡稱": "國小", "使用分區": "國小用地", "分區說明": "", "原屬分區": "", "變更前代碼": "", "變更前簡稱": "", "變更前分區": ""}}, {"type": "Feature", "geometry": {"type": "Polygon", "coordinates": [[[304667.3516868553, 2772340.0765996655], [304666.84636115644, 2772310.080660015], [304703.60320207145, 2772309.594275879], [304786.1319960656, 2772308.6803029613], [304787.8113238707, 2772360.7017093576], [304788.8311094098, 2772390.7901505297], [304790.11963475635, 2772430.25282623], [304791.2155269859, 2772463.689887354], [304788.4532274439, 2772466.582930949], [304720.8249038327, 2772467.4936737446], [304701.1804664516, 2772467.7841750355], [304698.3124286468, 2772464.995921254], [304697.84129744675, 2772429.896503702], [304692.68939099525, 2772429.9569346188], [304676.3379517658, 2772403.424893482], [304676.1561600509, 2772396.168864983], [304675.4239835706, 2772360.549501156], [304667.69778016594, 2772360.6205658265], [304667.3516868553, 2772340.0765996655]]]}, "properties": {"編號": "2973", "圖層": "41", "顏色": "10", "街廓編號": "", "分區代碼": "PSF", "分區簡稱": "大專", "使用分區": "大專用地", "分區說明": "", "原屬分區": "", "變更前代碼": "", "變更前簡稱": "", "變更前分區": ""}}, {"type": "Feature", "geometry": {"type": "Polygon", "coordinates": [[[304386.0330302379, 2772116.4506414314], [304389.6531216271, 2772119.8995453636], [304391.2986924541, 2772184.6306608785], [304388.54335918283, 2772187.5303399237], [304205.10010297084, 2772192.2317934283], [304203.98867144965, 2772124.166394406], [304207.45392431924, 2772120.5619495735], [304257.4460951693, 2772119.4096524715], [304386.0330302379, 2772116.4506414314]]]}, "properties": {"編號": "2977", "圖層": "41", "顏色": "10", "街廓編號": "", "分區代碼": "PSF", "分區簡稱": "大專", "使用分區": "大專用地", "分區說明": "", "原屬分區": "", "變更前代碼": "", "變更前簡稱": "", "變更前分區": ""}}, {"type": "Feature", "geometry": {"type": "Polygon", "coordinates": [[[304404.09898348857, 2772116.033190288], [304532.68145082856, 2772113.049845407], [304535.57714315155, 2772115.8093681866], [304536.37172400596, 2772147.6494132956], [304537.21702656127, 2772181.453354832], [304534.45524086355, 2772184.3468889613], [304405.1898834543, 2772187.13732008], [304402.2957758522, 2772184.3761353367], [304400.65042338107, 2772119.653609212], [304404.09898348857, 2772116.033190288]]]}, "properties": {"編號": "2978", "圖層": "41", "顏色": "10", "街廓編號": "", "分區代碼": "PSF", "分區簡稱": "大專", "使用分區": "大專用地", "分區說明": "", "原屬分區": "", "變更前代碼": "", "變更前簡稱": "", "變更前分區": ""}}, {"type": "Feature", "geometry": {"type": "Polygon", "coordinates": [[[304333.53085952427, 2771423.6583158867], [304301.28670899844, 2771424.2228707005], [304281.2007647126, 2771424.6818465767], [304261.20476471377, 2771425.136846627], [304221.53613587975, 2771426.044572089], [304192.8490722203, 2771426.66504655], [304192.2900466382, 2771390.540620308], [304191.6366182561, 2771348.315852512], [304190.23724279046, 2771257.887726448], [304193.71717258956, 2771254.297449495], [304386.9770275986, 2771251.2555997935], [304389.851438925, 2771254.0372826518], [304390.55209501507, 2771295.1334186117], [304391.1650959928, 2771332.1624185955], [304391.31677949097, 2771344.8586747437], [304391.34818630555, 2771347.1083332384], [304391.7773247483, 2771373.7705823337], [304392.108603323, 2771399.043158032], [304392.526446223, 2771419.9105052417], [304389.7486508026, 2771422.788673514], [304333.53085952427, 2771423.6583158867]]]}, "properties": {"編號": "2981", "圖層": "41", "顏色": "10", "街廓編號": "", "分區代碼": "PSD", "分區簡稱": "高中", "使用分區": "高中用地", "分區說明": "", "原屬分區": "", "變更前代碼": "", "變更前簡稱": "", "變更前分區": ""}}, {"type": "Feature", "geometry": {"type": "Polygon", "coordinates": [[[303871.9479992883, 2771187.548429568], [303871.90205344127, 2771150.718024818], [303879.16329858685, 2771142.0716503416], [303883.1483084226, 2771141.7256783643], [303933.4958494408, 2771184.0511312936], [303931.81985387445, 2771188.7618678454], [303874.0869210532, 2771189.6520012175], [303871.9479992883, 2771187.548429568]]]}, "properties": {"編號": "2984", "圖層": "35", "顏色": "13", "街廓編號": "", "分區代碼": "PG", "分區簡稱": "機", "使用分區": "機關用地", "分區說明": "", "原屬分區": "", "變更前代碼": "", "變更前簡稱": "", "變更前分區": ""}}, {"type": "Feature", "geometry": {"type": "Polygon", "coordinates": [[[304697.98392794013, 2770852.7958559995], [304691.188, 2770881.3145], [304684.379, 2770909.888], [304634.44977470086, 2770896.1138657355], [304581.7512069704, 2770898.7586063254], [304578.7864796829, 2770896.0733889947], [304576.2958652425, 2770844.9905715524], [304579.1756612108, 2770842.2144636326], [304664.646477643, 2770849.529671886], [304697.98392794013, 2770852.7958559995]]]}, "properties": {"編號": "2987", "圖層": "41", "顏色": "10", "街廓編號": "", "分區代碼": "PSB", "分區簡稱": "國小", "使用分區": "國小用地", "分區說明": "", "原屬分區": "", "變更前代碼": "", "變更前簡稱": "", "變更前分區": ""}}, {"type": "Feature", "geometry": {"type": "Polygon", "coordinates": [[[303176.34028919315, 2772841.288132801], [303177.1250105369, 2772900.080077445], [303177.3504970255, 2772916.954840989], [303178.31993904617, 2772960.020054048], [303179.00218293525, 2773007.917588259], [303176.91232999566, 2773010.069915997], [303045.9090657291, 2773012.0625126096], [303043.05639388325, 2773009.2585398313], [303042.9267996266, 2772944.746126166], [303042.01575385215, 2772896.6958087175], [303041.89383608196, 2772885.1161406077], [303041.32591443014, 2772848.06215039], [303044.7910903955, 2772844.457631625], [303176.34028919315, 2772841.288132801]]]}, "properties": {"編號": "2988", "圖層": "41", "顏色": "10", "街廓編號": "", "分區代碼": "PSB", "分區簡稱": "國小", "使用分區": "國小用地", "分區說明": "", "原屬分區": "", "變更前代碼": "", "變更前簡稱": "", "變更前分區": ""}}, {"type": "Feature", "geometry": {"type": "Polygon", "coordinates": [[[303201.2526980824, 2772800.6754445964], [303175.3822316599, 2772801.2996075093], [303043.35369620775, 2772804.4806552967], [303039.74976439355, 2772801.014868881], [303038.07696495584, 2772689.405987946], [303199.25228492357, 2772685.5364327286], [303198.7936362672, 2772695.994424252], [303199.39784904144, 2772721.648457487], [303200.00000000023, 2772747.303470378], [303201.2526980824, 2772800.6754445964]]]}, "properties": {"編號": "2989", "圖層": "41", "顏色": "10", "街廓編號": "", "分區代碼": "PSC", "分區簡稱": "國中", "使用分區": "國中用地", "分區說明": "", "原屬分區": "", "變更前代碼": "", "變更前簡稱": "", "變更前分區": ""}}, {"type": "Feature", "geometry": {"type": "Polygon", "coordinates": [[[303199.25228492357, 2772685.5364327286], [303038.07696495584, 2772689.405987946], [303037.7744542868, 2772669.2225299254], [303040.5472039297, 2772666.3395003695], [303196.0038258159, 2772662.6069881325], [303198.8909439707, 2772665.375480278], [303199.2525343864, 2772685.530744538], [303199.25228492357, 2772685.5364327286]]]}, "properties": {"編號": "2990", "圖層": "39", "顏色": "16", "街廓編號": "", "分區代碼": "PM", "分區簡稱": "市", "使用分區": "市場用地", "分區說明": "", "原屬分區": "", "變更前代碼": "", "變更前簡稱": "", "變更前分區": ""}}, {"type": "Feature", "geometry": {"type": "Polygon", "coordinates": [[[303024.80685569166, 2771894.371305063], [303024.2074721892, 2771856.117682128], [303026.95057388686, 2771853.206429292], [303202.5311836739, 2771845.5125242425], [303204.5752026956, 2771889.460933241], [303027.71736833, 2771897.1151921195], [303024.80685569166, 2771894.371305063]]]}, "properties": {"編號": "3003", "圖層": "39", "顏色": "16", "街廓編號": "", "分區代碼": "PM", "分區簡稱": "市", "使用分區": "市場用地", "分區說明": "", "原屬分區": "", "變更前代碼": "", "變更前簡稱": "", "變更前分區": ""}}, {"type": "Feature", "geometry": {"type": "Polygon", "coordinates": [[[302636.90790962626, 2771464.1171001107], [302565.7056522286, 2771483.2525624717], [302563.1376812086, 2771481.7015870237], [302551.5454913473, 2771430.2459820877], [302553.64543375204, 2771426.841537655], [302612.15921956755, 2771412.2854791745], [302616.61877370166, 2771414.5465357695], [302636.90790962626, 2771464.1171001107]]]}, "properties": {"編號": "3005", "圖層": "39", "顏色": "16", "街廓編號": "", "分區代碼": "PM", "分區簡稱": "市", "使用分區": "市場用地", "分區說明": "", "原屬分區": "", "變更前代碼": "", "變更前簡稱": "", "變更前分區": ""}}, {"type": "Feature", "geometry": {"type": "Polygon", "coordinates": [[[305759.24876182724, 2771480.033652503], [305759.4184904659, 2771485.6351199867], [305760.45963692333, 2771520.5337581197], [305761.8575615585, 2771563.504015319], [305762.8331069069, 2771593.4909212524], [305743.14830466296, 2771593.887451623], [305741.799, 2771553.157], [305718.87699999975, 2771553.938], [305717.3768987839, 2771512.548428901], [305716.3384865091, 2771481.3156715706], [305754.7320425747, 2771480.173923287], [305759.24876182724, 2771480.033652503]]]}, "properties": {"編號": "3077", "圖層": "35", "顏色": "13", "街廓編號": "", "分區代碼": "PG", "分區簡稱": "機", "使用分區": "機關用地", "分區說明": "", "原屬分區": "", "變更前代碼": "", "變更前簡稱": "", "變更前分區": ""}}, {"type": "Feature", "geometry": {"type": "Polygon", "coordinates": [[[305743.14830466296, 2771593.887451623], [305607.7688147638, 2771596.6145341014], [305442.644720386, 2771599.901844143], [305442.0533272011, 2771599.913617668], [305439.9429220078, 2771599.4719049535], [305437.9183545022, 2771598.853287104], [305436.3061988957, 2771598.1221932825], [305434.6940432892, 2771597.2598774936], [305433.1006336782, 2771596.1726097586], [305432.1820799024, 2771595.366531955], [305431.0010821908, 2771594.2230262347], [305429.9513064468, 2771593.0232825275], [305428.4984918017, 2771590.811255067], [305427.7486519847, 2771589.8224038086], [305427.1675261266, 2771589.095996486], [305426.6051462641, 2771588.4258271493], [305425.53193802596, 2771587.230769941], [305425.13827212213, 2771586.8160147923], [305424.71414397575, 2771586.3801703993], [305424.53840026853, 2771586.204426692], [305424.08263825485, 2771585.7568660513], [305423.81075294636, 2771585.4979276625], [305423.07217223, 2771263.3845783276], [305427.2652720828, 2771258.386639384], [305430.81575446966, 2771252.913472579], [305431.784, 2771251.12], [305432.843, 2771249.092], [305435.05638361216, 2771245.9506036034], [305437.87074674724, 2771243.3339648284], [305441.16477694607, 2771241.3548732726], [305444.7964858129, 2771240.098637211], [305446.5448631914, 2771239.778686069], [305466.2317897334, 2771239.8273133547], [305569.88434993604, 2771240.133264472], [305605.1670553801, 2771240.234777848], [305748.4578871734, 2771240.6599300867], [305751.93533747934, 2771240.660699671], [305752.72997407534, 2771266.670824962], [305753.1526029732, 2771280.530399037], [305753.2799684913, 2771284.707188277], [305755.21250806167, 2771348.009562653], [305755.2892699981, 2771350.5107965637], [305757.24492105696, 2771413.901920086], [305759.24876182724, 2771480.033652503], [305754.7320425747, 2771480.173923287], [305716.3384865091, 2771481.3156715706], [305717.3768987839, 2771512.548428901], [305718.87699999975, 2771553.938], [305741.799, 2771553.157], [305743.14830466296, 2771593.887451623]]]}, "properties": {"編號": "3078", "圖層": "33", "顏色": "19", "街廓編號": "", "分區代碼": "PEC2", "分區簡稱": "體育場", "使用分區": "體育場用地", "分區說明": "", "原屬分區": "", "變更前代碼": "", "變更前簡稱": "", "變更前分區": ""}}, {"type": "Feature", "geometry": {"type": "Polygon", "coordinates": [[[304977.50381352904, 2771029.1877803276], [304980.30411715724, 2771032.0440540523], [304981.14705066395, 2771067.8173303385], [304981.9087402587, 2771100.070827416], [304982.1465813632, 2771110.142131298], [304983.08319750166, 2771150.435515755], [304983.15378776955, 2771153.3911284204], [304983.6151803174, 2771172.709622265], [304921.5267450426, 2771155.794008235], [304922.206, 2771144.618], [304922.881, 2771133.512], [304923.686, 2771120.648], [304924.077, 2771114.23], [304924.337, 2771108.658], [304925.003, 2771103.116], [304925.694, 2771097.909], [304926.524, 2771091.525], [304928.118, 2771079.405], [304929.402, 2771069.17], [304930.781, 2771058.945], [304931.418, 2771053.866], [304932.321, 2771046.899], [304933.528, 2771042.243], [304936.477, 2771031.57], [304938.175, 2771025.214], [304940.453, 2771025.141], [304963.721, 2771028.593], [304973.359, 2771029.008], [304977.50381352904, 2771029.1877803276]]]}, "properties": {"編號": "3081", "圖層": "35", "顏色": "13", "街廓編號": "", "分區代碼": "PG", "分區簡稱": "機", "使用分區": "機關用地", "分區說明": "", "原屬分區": "", "變更前代碼": "", "變更前簡稱": "", "變更前分區": ""}}, {"type": "Feature", "geometry": {"type": "Polygon", "coordinates": [[[305063.5741297426, 2771560.072718727], [305063.438, 2771552.112], [305063.359, 2771548.925], [305063.236, 2771542.607], [305063.012, 2771529.718], [305062.404, 2771494.315], [305061.728, 2771454.062], [305064.33908298396, 2771451.3460503817], [305112.19865196134, 2771450.506045391], [305247.9941157713, 2771447.8195963586], [305248.02278885315, 2771447.8190291175], [305250.6372575953, 2771535.15483925], [305251.9231557555, 2771578.110012419], [305252.62807183195, 2771603.7242319197], [305247.8159528141, 2771603.8223856594], [305161.82379048585, 2771605.5291533307], [305064.43019700696, 2771607.4625176345], [305064.291, 2771599.467], [305063.841, 2771575.679], [305063.5741297426, 2771560.072718727]]]}, "properties": {"編號": "3082", "圖層": "41", "顏色": "10", "街廓編號": "", "分區代碼": "PSC", "分區簡稱": "國中", "使用分區": "國中用地", "分區說明": "", "原屬分區": "", "變更前代碼": "", "變更前簡稱": "", "變更前分區": ""}}, {"type": "Feature", "geometry": {"type": "Polygon", "coordinates": [[[305241.42103354644, 2771239.1603010185], [305327.42, 2771239.077], [305331.1893176484, 2771240.0187855344], [305334.68676134537, 2771241.710708439], [305337.76482596446, 2771244.081411653], [305340.29369374464, 2771247.0309104715], [305340.624, 2771247.524], [305341.795, 2771249.45], [305342.637, 2771251.316], [305343.331, 2771252.827], [305346.00629614375, 2771257.3786382275], [305349.194, 2771261.322], [305350.202, 2771262.522], [305351.486, 2771263.841], [305352.36945960426, 2771264.639116458], [305353.45559775946, 2771434.7346255947], [305247.57620401715, 2771436.825880755], [305247.447, 2771433.427], [305247.422, 2771432.616], [305246.819, 2771412.049], [305246.341, 2771396.515], [305245.487, 2771368.829], [305244.489, 2771335.39], [305243.838, 2771313.641], [305243.081, 2771288.921], [305242.97257336497, 2771286.52846502], [305242.899, 2771284.905], [305242.173, 2771258.666], [305241.42103354644, 2771239.1603010185]]]}, "properties": {"編號": "3083", "圖層": "41", "顏色": "10", "街廓編號": "", "分區代碼": "PSB", "分區簡稱": "國小", "使用分區": "國小用地", "分區說明": "", "原屬分區": "", "變更前代碼": "", "變更前簡稱": "", "變更前分區": ""}}, {"type": "Feature", "geometry": {"type": "Polygon", "coordinates": [[[304799.68969119573, 2769735.7209720546], [304799.65664098953, 2769733.1922654137], [304799.18896179675, 2769698.658006415], [304801.9721064739, 2769695.785010469], [304816.79512970493, 2769695.514557753], [304816.934, 2769700.053], [304819.718, 2769726.538], [304820.036, 2769736.393], [304819.132, 2769736.389], [304819.111, 2769735.807], [304799.68969119573, 2769735.7209720546]]]}, "properties": {"編號": "3338", "圖層": "35", "顏色": "13", "街廓編號": "", "分區代碼": "PG", "分區簡稱": "機", "使用分區": "機關用地", "分區說明": "", "原屬分區": "", "變更前代碼": "", "變更前簡稱": "", "變更前分區": ""}}, {"type": "Feature", "geometry": {"type": "Polygon", "coordinates": [[[304443.9373325572, 2769612.2982429224], [304679.70445824816, 2769607.940862967], [304680.3841682675, 2769642.967925997], [304680.46172091365, 2769646.964397068], [304681.35352078197, 2769694.167506919], [304682.32194091345, 2769738.7018905217], [304683.08129913686, 2769777.4765797853], [304684.14535437105, 2769833.748950741], [304684.91089052893, 2769872.0753893615], [304677.936, 2769872.098], [304661.988, 2769872.211], [304662.164, 2769880.674], [304662.2335, 2769885.2125], [304662.303, 2769889.751], [304662.359, 2769892.017], [304662.436, 2769895.691], [304664.074, 2769980.75], [304660.751, 2769980.918], [304658.371, 2769980.994], [304643.949, 2769981.478], [304626.464, 2769982.057], [304624.664, 2769982.076], [304618.733, 2769983.049], [304611.569, 2769984.271], [304605.572, 2769985.328], [304602.759, 2769985.712], [304595.024, 2769986.72], [304587.314, 2769987.777], [304580.633, 2769989.091], [304580.74, 2769994.424], [304580.7873215568, 2769996.8074612697], [304574.27154294634, 2769996.886911775], [304495.137040463, 2769997.851842688], [304492.28412988735, 2769995.0481128073], [304492.07291944907, 2769954.3941048766], [304491.53425046516, 2769884.9114053603], [304452.80554558994, 2769884.560559501], [304449.9566963463, 2769881.752703026], [304448.8522209168, 2769834.866339668], [304447.64840861823, 2769780.872231209], [304445.79070422007, 2769696.3098654994], [304444.59896774363, 2769642.289553717], [304443.9373325572, 2769612.2982429224]]]}, "properties": {"編號": "3339", "圖層": "41", "顏色": "10", "街廓編號": "", "分區代碼": "PSD", "分區簡稱": "高中", "使用分區": "高中用地", "分區說明": "", "原屬分區": "", "變更前代碼": "", "變更前簡稱": "", "變更前分區": ""}}, {"type": "Feature", "geometry": {"type": "Polygon", "coordinates": [[[305532.7611980701, 2769898.5277952505], [305648.23, 2769896.895], [305648.408, 2769917.0], [305661.7, 2769916.79], [305714.835, 2769916.066], [305715.769, 2769916.037], [305719.7055690551, 2769916.0231840145], [305623.0997256896, 2770049.2088398486], [305599.44601872755, 2770049.6457046946], [305535.38273871015, 2770050.82890169], [305534.60201289656, 2770005.8372006537], [305534.5283209174, 2770001.590476081], [305533.7865552497, 2769958.8434093534], [305533.0883041861, 2769917.845291836], [305533.03727130796, 2769914.8488740074], [305532.7611980701, 2769898.5277952505]]]}, "properties": {"編號": "3342", "圖層": "41", "顏色": "10", "街廓編號": "", "分區代碼": "PSC", "分區簡稱": "國中", "使用分區": "國中用地", "分區說明": "", "原屬分區": "", "變更前代碼": "", "變更前簡稱": "", "變更前分區": ""}}, {"type": "Feature", "geometry": {"type": "Polygon", "coordinates": [[[305532.7611980701, 2769898.5277952505], [305531.5444257052, 2769826.5938484813], [305534.31981477665, 2769823.71335972], [305600.0809823403, 2769822.381713469], [305670.0259747322, 2769820.965345872], [305741.60062509944, 2769819.6633477486], [305742.7600629034, 2769894.221108576], [305720.2530572765, 2769915.2683893223], [305719.7055690551, 2769916.0231840145], [305715.769, 2769916.037], [305714.835, 2769916.066], [305661.7, 2769916.79], [305648.408, 2769917.0], [305648.23, 2769896.895], [305532.7611980701, 2769898.5277952505]]]}, "properties": {"編號": "3343", "圖層": "41", "顏色": "10", "街廓編號": "", "分區代碼": "PSB", "分區簡稱": "國小", "使用分區": "國小用地", "分區說明": "", "原屬分區": "", "變更前代碼": "", "變更前簡稱": "", "變更前分區": ""}}, {"type": "Feature", "geometry": {"type": "Polygon", "coordinates": [[[305294.83323254564, 2769196.0462727603], [305294.80975945375, 2769208.514324066], [305296.72563078214, 2769300.0836721966], [305296.9935549393, 2769312.889146166], [305294.2113865943, 2769315.7630875884], [305197.9614633646, 2769316.872757], [305117.68050050474, 2769317.6992546865], [305114.09619812394, 2769314.213171434], [305113.8453369925, 2769299.868856005], [305113.84304347564, 2769299.73771201], [305112.7854149013, 2769239.262190074], [305112.14652264834, 2769202.3804616574], [305112.1372430577, 2769201.8336679614], [305186.288, 2769199.43], [305187.744, 2769199.437], [305206.2085, 2769198.865], [305224.673, 2769198.293], [305241.943, 2769197.757], [305268.38044782495, 2769196.901884415], [305294.83323254564, 2769196.0462727603]]]}, "properties": {"編號": "3346", "圖層": "41", "顏色": "10", "街廓編號": "", "分區代碼": "PSC", "分區簡稱": "國中", "使用分區": "國中用地", "分區說明": "", "原屬分區": "", "變更前代碼": "", "變更前簡稱": "", "變更前分區": ""}}, {"type": "Feature", "geometry": {"type": "Polygon", "coordinates": [[[305294.83323254564, 2769196.0462727603], [305268.38044782495, 2769196.901884415], [305241.943, 2769197.757], [305224.673, 2769198.293], [305206.2085, 2769198.865], [305187.744, 2769199.437], [305186.288, 2769199.43], [305112.1372430577, 2769201.8336679614], [305111.44807272864, 2769161.2247649482], [305110.70949603105, 2769119.152457116], [305110.08062692784, 2769083.503809018], [305112.8586900432, 2769080.6258991295], [305233.22753952385, 2769078.49947394], [305295.25837375165, 2769077.3373325774], [305298.0486329961, 2769080.203419343], [305294.9221715083, 2769148.8051357954], [305294.83323254564, 2769196.0462727603]]]}, "properties": {"編號": "3347", "圖層": "41", "顏色": "10", "街廓編號": "", "分區代碼": "PSB", "分區簡稱": "國小", "使用分區": "國小用地", "分區說明": "", "原屬分區": "", "變更前代碼": "", "變更前簡稱": "", "變更前分區": ""}}, {"type": "Feature", "geometry": {"type": "Polygon", "coordinates": [[[303248.44591843174, 2769481.1110165445], [303282.741, 2769475.682], [303289.6744272346, 2769517.531005397], [303258.06955092074, 2769522.7023993656], [303254.82280017855, 2769520.3660326093], [303249.75527957035, 2769489.180128796], [303248.44591843174, 2769481.1110165445]]]}, "properties": {"編號": "3360", "圖層": "35", "顏色": "13", "街廓編號": "", "分區代碼": "PG", "分區簡稱": "機", "使用分區": "機關用地", "分區說明": "", "原屬分區": "", "變更前代碼": "", "變更前簡稱": "", "變更前分區": ""}}, {"type": "Feature", "geometry": {"type": "Polygon", "coordinates": [[[303282.741, 2769475.682], [303248.44591843174, 2769481.1110165445], [303240.2066420791, 2769430.3353796327], [303243.13014304044, 2769426.279132336], [303315.55803748703, 2769414.5231756973], [303318.81178655865, 2769416.849786318], [303323.35331805254, 2769443.568062157], [303367.68791580293, 2769436.349481593], [303370.9420053124, 2769438.6756160394], [303375.6173699687, 2769466.2149458462], [303381.30171069887, 2769499.7358314055], [303378.9761046519, 2769502.9902985687], [303339.9132774866, 2769509.3714150735], [303334.8390305841, 2769510.140881322], [303289.6744272346, 2769517.531005397], [303282.741, 2769475.682]]]}, "properties": {"編號": "3361", "圖層": "41", "顏色": "10", "街廓編號": "", "分區代碼": "PSB", "分區簡稱": "國小", "使用分區": "國小用地", "分區說明": "", "原屬分區": "", "變更前代碼": "", "變更前簡稱": "", "變更前分區": ""}}, {"type": "Feature", "geometry": {"type": "Polygon", "coordinates": [[[303829.56716402434, 2769275.3543264484], [303831.84316375206, 2769279.8062726795], [303825.236585557, 2769300.0], [303790.5459373815, 2769406.617026576], [303663.75104476523, 2769368.548609531], [303600.1684412799, 2769349.5168973035], [303598.3450655968, 2769345.95665839], [303607.16356931784, 2769320.4872837677], [303619.0223518112, 2769286.256134756], [303630.49382777716, 2769253.0832855655], [303642.46045639017, 2769218.473223876], [303646.03709678934, 2769216.682234358], [303829.56716402434, 2769275.3543264484]]]}, "properties": {"編號": "3362", "圖層": "41", "顏色": "10", "街廓編號": "", "分區代碼": "PSC", "分區簡稱": "國中", "使用分區": "國中用地", "分區說明": "", "原屬分區": "", "變更前代碼": "", "變更前簡稱": "", "變更前分區": ""}}, {"type": "Feature", "geometry": {"type": "Polygon", "coordinates": [[[303838.7072716198, 2769258.8266769783], [303834.2568782761, 2769261.1057116613], [303651.01906794694, 2769202.5270501697], [303649.2313407278, 2769198.948778046], [303666.8890649028, 2769148.178853246], [303682.2735884268, 2769104.04738125], [303685.66024561547, 2769101.918871658], [303790.6056402361, 2769113.8434047066], [303822.88853472116, 2769118.6308397907], [303855.8372697754, 2769125.788163148], [303879.60417769005, 2769133.2415867127], [303838.7072716198, 2769258.8266769783]]]}, "properties": {"編號": "3363", "圖層": "41", "顏色": "10", "街廓編號": "", "分區代碼": "PSB", "分區簡稱": "國小", "使用分區": "國小用地", "分區說明": "", "原屬分區": "", "變更前代碼": "", "變更前簡稱": "", "變更前分區": ""}}, {"type": "Feature", "geometry": {"type": "Polygon", "coordinates": [[[303921.6746355789, 2770062.55557018], [303918.32532435324, 2770060.36876559], [303915.7, 2770037.76], [303914.324, 2770026.188], [303913.149, 2770015.006], [303908.9418322575, 2769970.6484432295], [303908.33354569436, 2769944.016582076], [303908.327, 2769943.73], [303908.33354569436, 2769944.016582076], [303906.8378236015, 2769904.227917362], [303909.5933502114, 2769901.328422044], [304044.6235851667, 2769899.52807196], [304047.49208012654, 2769902.315855428], [304047.7571906314, 2769919.7506704857], [304048.00956196664, 2769931.3492404725], [304048.3226510913, 2769947.195590041], [304048.6387463484, 2769962.321148215], [304048.6209748664, 2769973.8918876043], [304048.8621716528, 2769989.340491727], [304049.1535061126, 2770004.8657349083], [304049.178, 2770012.966], [304049.3435352421, 2770032.3456999254], [304049.8064154811, 2770054.3987213583], [304047.0287309067, 2770057.276996607], [304000.00000000023, 2770057.9627102097], [303966.7269999998, 2770058.4478551047], [303933.4539999995, 2770058.933], [303921.6746355789, 2770062.55557018]]]}, "properties": {"編號": "3375", "圖層": "41", "顏色": "10", "街廓編號": "", "分區代碼": "PSB", "分區簡稱": "國小", "使用分區": "國小用地", "分區說明": "", "原屬分區": "", "變更前代碼": "", "變更前簡稱": "", "變更前分區": ""}}, {"type": "Feature", "geometry": {"type": "Polygon", "coordinates": [[[306706.326, 2770639.207], [306703.602, 2770639.274], [306701.688, 2770564.939], [306701.563, 2770561.245], [306700.83, 2770532.345], [306704.6749999995, 2770532.252], [306705.1970000002, 2770561.1779999994], [306705.254, 2770564.868], [306706.326, 2770639.207]]]}, "properties": {"編號": "3477", "圖層": "35", "顏色": "13", "街廓編號": "", "分區代碼": "PG", "分區簡稱": "機", "使用分區": "機關用地", "分區說明": "", "原屬分區": "", "變更前代碼": "", "變更前簡稱": "", "變更前分區": ""}}, {"type": "Feature", "geometry": {"type": "Polygon", "coordinates": [[[301229.283, 2770769.091], [301231.412, 2770777.506], [301231.785, 2770779.287], [301231.118, 2770779.487], [301225.3049999995, 2770780.945], [301214.89399999974, 2770783.602], [301211.4230650017, 2770784.529070306], [301208.75914444827, 2770774.1487398925], [301229.283, 2770769.091]]]}, "properties": {"編號": "3544", "圖層": "35", "顏色": "13", "街廓編號": "", "分區代碼": "PG", "分區簡稱": "機", "使用分區": "機關用地", "分區說明": "", "原屬分區": "", "變更前代碼": "", "變更前簡稱": "", "變更前分區": ""}}, {"type": "Feature", "geometry": {"type": "Polygon", "coordinates": [[[300706.481, 2770861.374], [300742.037, 2770851.945], [300745.4736380992, 2770851.011163312], [300752.74459127476, 2770880.3372566425], [300749.25799999974, 2770881.2], [300733.5360000005, 2770885.174], [300713.72700000025, 2770890.134], [300706.481, 2770861.374]]]}, "properties": {"編號": "3545", "圖層": "35", "顏色": "13", "街廓編號": "", "分區代碼": "PG", "分區簡稱": "機", "使用分區": "機關用地", "分區說明": "", "原屬分區": "", "變更前代碼": "", "變更前簡稱": "", "變更前分區": ""}}, {"type": "Feature", "geometry": {"type": "Polygon", "coordinates": [[[302444.98100000026, 2770181.23], [302421.5926576996, 2770091.095165618], [302432.4708003354, 2770085.288286747], [302576.13631662226, 2770008.5987869375], [302580.7157635169, 2770010.6059406786], [302594.87186871265, 2770065.064530598], [302602.289789135, 2770093.5949233677], [302617.69886151125, 2770152.8487897646], [302614.92782164144, 2770157.0106809265], [302457.59000000026, 2770179.433], [302444.98100000026, 2770181.23]]]}, "properties": {"編號": "3631", "圖層": "41", "顏色": "10", "街廓編號": "", "分區代碼": "PSB", "分區簡稱": "國小", "使用分區": "國小用地", "分區說明": "", "原屬分區": "", "變更前代碼": "", "變更前簡稱": "", "變更前分區": ""}}, {"type": "Feature", "geometry": {"type": "Polygon", "coordinates": [[[302400.0, 2770102.6215770626], [302421.5926576996, 2770091.095165618], [302444.98100000026, 2770181.23], [302402.82500000024, 2770187.241], [302379.9178214245, 2770113.341677209], [302400.0, 2770102.6215770626]]]}, "properties": {"編號": "3632", "圖層": "33", "顏色": "19", "街廓編號": "", "分區代碼": "PEC2", "分區簡稱": "體育場", "使用分區": "體育場用地", "分區說明": "", "原屬分區": "", "變更前代碼": "", "變更前簡稱": "", "變更前分區": ""}}, {"type": "Feature", "geometry": {"type": "Polygon", "coordinates": [[[301382.526, 2770701.522], [301380.556, 2770693.892], [301368.698, 2770696.971], [301355.44, 2770645.399], [301353.423, 2770637.551], [301433.531, 2770616.883], [301456.16, 2770611.047], [301461.09, 2770611.826], [301465.921, 2770613.127], [301470.55, 2770614.996], [301474.931, 2770617.417], [301479.031, 2770620.297], [301482.782, 2770623.617], [301486.152, 2770627.307], [301489.012, 2770631.408], [301491.462, 2770635.759], [301493.332, 2770640.398], [301494.652, 2770645.219], [301495.492, 2770650.148], [301495.682, 2770655.148], [301495.462, 2770658.595], [301495.372, 2770660.128], [301494.412, 2770665.048], [301492.87, 2770669.977], [301490.92, 2770674.387], [301488.429, 2770678.727], [301485.529, 2770682.797], [301482.078, 2770686.416], [301478.327, 2770689.715], [301474.126, 2770692.425], [301469.934, 2770694.614], [301453.884, 2770698.763], [301403.78, 2770711.716], [301400.969, 2770700.872], [301386.436, 2770704.641], [301385.436, 2770700.762], [301382.526, 2770701.522]]]}, "properties": {"編號": "3637", "圖層": "35", "顏色": "13", "街廓編號": "", "分區代碼": "PG", "分區簡稱": "機", "使用分區": "機關用地", "分區說明": "", "原屬分區": "", "變更前代碼": "", "變更前簡稱": "", "變更前分區": ""}}, {"type": "Feature", "geometry": {"type": "Polygon", "coordinates": [[[306329.41, 2771255.336], [306328.655, 2771255.255], [306327.048, 2771259.094], [306325.871, 2771264.921], [306326.54, 2771275.265], [306300.63169196463, 2771272.530323193], [306300.27241713, 2771251.32499688], [306306.195108716, 2771245.9471046925], [306330.2391197445, 2771248.6826705514], [306329.41, 2771255.336]]]}, "properties": {"編號": "3709", "圖層": "35", "顏色": "13", "街廓編號": "", "分區代碼": "PG", "分區簡稱": "機", "使用分區": "機關用地", "分區說明": "", "原屬分區": "", "變更前代碼": "", "變更前簡稱": "", "變更前分區": ""}}, {"type": "Feature", "geometry": {"type": "Polygon", "coordinates": [[[306414.0341559932, 2771258.208915077], [306437.6410618274, 2771260.898464559], [306440.7690242562, 2771264.7992146206], [306435.3495964093, 2771315.9416556833], [306428.5546083844, 2771380.062617324], [306423.4267061198, 2771383.1778409705], [306418.4174955077, 2771381.2154461076], [306400.0, 2771373.780041081], [306355.73362524173, 2771355.9090756583], [306354.03597619414, 2771353.435619026], [306352.4087702601, 2771251.204358678], [306414.0341559932, 2771258.208915077]]]}, "properties": {"編號": "3723", "圖層": "35", "顏色": "13", "街廓編號": "", "分區代碼": "PG", "分區簡稱": "機", "使用分區": "機關用地", "分區說明": "", "原屬分區": "", "變更前代碼": "", "變更前簡稱": "", "變更前分區": ""}}, {"type": "Feature", "geometry": {"type": "Polygon", "coordinates": [[[306705.254, 2770564.868], [306705.1970000002, 2770561.1779999994], [306704.6749999995, 2770532.252], [306700.83, 2770532.345], [306699.5554425912, 2770482.1015046723], [306767.4137318075, 2770480.4777042973], [306778.4934064391, 2770480.243829601], [306778.83074964903, 2770500.093458662], [306780.15822262457, 2770578.203363904], [306781.1461619861, 2770637.3773112083], [306779.1070000005, 2770637.415], [306740.013, 2770638.383], [306714.80199999973, 2770638.997], [306706.326, 2770639.207], [306705.254, 2770564.868]]]}, "properties": {"編號": "3730", "圖層": "35", "顏色": "13", "街廓編號": "", "分區代碼": "PG", "分區簡稱": "機", "使用分區": "機關用地", "分區說明": "", "原屬分區": "", "變更前代碼": "", "變更前簡稱": "", "變更前分區": ""}}, {"type": "Feature", "geometry": {"type": "Polygon", "coordinates": [[[306413.14778020524, 2770448.9625049494], [306399.5200655093, 2770449.289619662], [306292.4823249917, 2770451.8589146966], [306286.7109446118, 2770446.31895364], [306285.0998589895, 2770351.072875805], [306284.0177181256, 2770285.119175135], [306399.99999999977, 2770282.722968212], [306410.64699999976, 2770282.503], [306411.05699999974, 2770292.182], [306413.14778020524, 2770448.9625049494]]]}, "properties": {"編號": "3770", "圖層": "41", "顏色": "10", "街廓編號": "", "分區代碼": "PSB", "分區簡稱": "國小", "使用分區": "國小用地", "分區說明": "", "原屬分區": "", "變更前代碼": "", "變更前簡稱": "", "變更前分區": ""}}]}