{"type": "FeatureCollection", "features": [{"type": "Feature", "geometry": {"type": "Polygon", "coordinates": [[[303109.898, 2771849.63], [303202.695, 2771845.56], [303204.735, 2771889.51], [303027.885, 2771897.17], [303024.965, 2771894.42], [303024.375, 2771856.17], [303027.115, 2771853.26], [303109.898, 2771849.63]]]}, "properties": {"編號": "14", "圖層": "39", "顏色": "16", "街廓編號": "", "分區代碼": "PM", "分區簡稱": "市", "使用分區": "市場用地", "分區說明": "", "原屬分區": "", "變更前代碼": "", "變更前簡稱": "", "變更前分區": ""}}, {"type": "Feature", "geometry": {"type": "Polygon", "coordinates": [[[302516.437, 2771436.089], [302542.473, 2771429.615], [302545.878, 2771431.714], [302557.653, 2771483.973], [302555.008, 2771486.975], [302520.876, 2771483.704], [302519.365, 2771461.746], [302510.67, 2771458.32], [302505.603, 2771438.786], [302516.437, 2771436.089]]]}, "properties": {"編號": "17", "圖層": "35", "顏色": "13", "街廓編號": "", "分區代碼": "PG", "分區簡稱": "機", "使用分區": "機關用地", "分區說明": "", "原屬分區": "", "變更前代碼": "", "變更前簡稱": "", "變更前分區": ""}}, {"type": "Feature", "geometry": {"type": "Polygon", "coordinates": [[[302612.293, 2771412.263], [302616.753, 2771414.522], [302637.071, 2771464.166], [302618.649, 2771469.127], [302565.881, 2771483.308], [302563.313, 2771481.758], [302551.711, 2771430.266], [302553.81, 2771426.86], [302612.293, 2771412.263]]]}, "properties": {"編號": "18", "圖層": "39", "顏色": "16", "街廓編號": "", "分區代碼": "PM", "分區簡稱": "市", "使用分區": "市場用地", "分區說明": "", "原屬分區": "", "變更前代碼": "", "變更前簡稱": "", "變更前分區": ""}}, {"type": "Feature", "geometry": {"type": "Polygon", "coordinates": [[[302070.535, 2771375.204], [302076.326, 2771398.147], [301983.743, 2771420.544], [301982.773, 2771416.664], [302002.509, 2771411.889], [301997.873, 2771393.831], [302070.535, 2771375.204]]]}, "properties": {"編號": "24", "圖層": "39", "顏色": "16", "街廓編號": "", "分區代碼": "PM", "分區簡稱": "市", "使用分區": "市場用地", "分區說明": "", "原屬分區": "", "變更前代碼": "", "變更前簡稱": "", "變更前分區": ""}}, {"type": "Feature", "geometry": {"type": "Polygon", "coordinates": [[[301993.947, 2771528.643], [301993.97, 2771528.637], [301995.434, 2771534.456], [301984.757, 2771537.283], [301982.916, 2771537.771], [301981.38, 2771531.971], [301993.947, 2771528.643]]]}, "properties": {"編號": "25", "圖層": "35", "顏色": "13", "街廓編號": "", "分區代碼": "PG", "分區簡稱": "機", "使用分區": "機關用地", "分區說明": "", "原屬分區": "", "變更前代碼": "", "變更前簡稱": "", "變更前分區": ""}}, {"type": "Feature", "geometry": {"type": "Polygon", "coordinates": [[[302087.655, 2771833.26], [302090.245, 2771828.98], [302214.655, 2771797.78], [302221.605, 2771801.75], [302262.705, 2771940.92], [302126.375, 2771977.7], [302122.075, 2771975.15], [302100.642, 2771886.795], [302087.655, 2771833.26]]]}, "properties": {"編號": "26", "圖層": "41", "顏色": "10", "街廓編號": "", "分區代碼": "PSB", "分區簡稱": "國小", "使用分區": "國小用地", "分區說明": "", "原屬分區": "", "變更前代碼": "", "變更前簡稱": "", "變更前分區": ""}}, {"type": "Feature", "geometry": {"type": "Polygon", "coordinates": [[[302139.409, 2772149.148], [302148.647, 2772146.533], [302151.615, 2772158.27], [302155.205, 2772172.52], [302151.865, 2772194.27], [302147.835, 2772197.27], [302068.168, 2772184.997], [302031.565, 2772179.36], [302093.725, 2772162.01], [302139.409, 2772149.148]]]}, "properties": {"編號": "28", "圖層": "39", "顏色": "16", "街廓編號": "", "分區代碼": "PM", "分區簡稱": "市", "使用分區": "市場用地", "分區說明": "", "原屬分區": "", "變更前代碼": "", "變更前簡稱": "", "變更前分區": ""}}, {"type": "Feature", "geometry": {"type": "Polygon", "coordinates": [[[301957.625, 2771877.26], [301958.585, 2771876.37], [301959.505, 2771875.46], [301960.557, 2771874.386], [301960.656, 2771874.244], [301961.795, 2771872.92], [301970.695, 2771886.53], [301954.39, 2771891.456], [301949.645, 2771892.89], [301949.639, 2771892.892], [301948.195, 2771887.17], [301950.235, 2771882.6], [301951.365, 2771881.94], [301952.465, 2771881.24], [301953.545, 2771880.51], [301954.605, 2771879.74], [301955.635, 2771878.94], [301956.645, 2771878.12], [301957.625, 2771877.26]]]}, "properties": {"編號": "29", "圖層": "35", "顏色": "13", "街廓編號": "", "分區代碼": "PG", "分區簡稱": "機", "使用分區": "機關用地", "分區說明": "", "原屬分區": "", "變更前代碼": "", "變更前簡稱": "", "變更前分區": ""}}, {"type": "Feature", "geometry": {"type": "Polygon", "coordinates": [[[301578.773, 2771526.761], [301575.67, 2771496.02], [301573.107, 2771470.613], [301570.292, 2771442.705], [301608.17315076134, 2771435.1799700614], [301613.485, 2771469.357], [301592.066, 2771481.643], [301600.293, 2771491.381], [301625.924, 2771494.096], [301625.854, 2771496.02], [301621.02, 2771572.796], [301616.145, 2771572.846], [301569.021, 2771573.334], [301560.404, 2771574.707], [301559.779, 2771582.905], [301519.081, 2771581.27], [301516.394, 2771578.52], [301517.217, 2771561.316], [301550.021, 2771557.61], [301547.124, 2771538.62], [301549.496, 2771538.176], [301548.616, 2771532.409], [301578.773, 2771526.761]]]}, "properties": {"編號": "31", "圖層": "35", "顏色": "13", "街廓編號": "", "分區代碼": "PG", "分區簡稱": "機", "使用分區": "機關用地", "分區說明": "", "原屬分區": "", "變更前代碼": "", "變更前簡稱": "", "變更前分區": ""}}, {"type": "Feature", "geometry": {"type": "Polygon", "coordinates": [[[301518.955, 2771524.99], [301548.616, 2771532.409], [301549.496, 2771538.176], [301547.124, 2771538.62], [301550.021, 2771557.61], [301517.217, 2771561.316], [301518.955, 2771524.99]]]}, "properties": {"編號": "32", "圖層": "35", "顏色": "13", "街廓編號": "", "分區代碼": "PG", "分區簡稱": "機", "使用分區": "機關用地", "分區說明": "", "原屬分區": "", "變更前代碼": "", "變更前簡稱": "", "變更前分區": ""}}, {"type": "Feature", "geometry": {"type": "Polygon", "coordinates": [[[301658.237, 2772425.77], [301661.425, 2772423.27], [301672.292, 2772424.686], [301664.827, 2772487.308], [301652.8, 2772485.77], [301650.956, 2772483.27], [301658.237, 2772425.77]]]}, "properties": {"編號": "35", "圖層": "35", "顏色": "13", "街廓編號": "", "分區代碼": "PG", "分區簡稱": "機", "使用分區": "機關用地", "分區說明": "", "原屬分區": "", "變更前代碼": "", "變更前簡稱": "", "變更前分區": ""}}, {"type": "Feature", "geometry": {"type": "Polygon", "coordinates": [[[301451.695, 2772591.48], [301471.339, 2772592.724], [301495.765, 2772594.27], [301579.145, 2772599.77], [301582.455, 2772603.52], [301576.365, 2772696.02], [301574.269, 2772732.671], [301527.841, 2772730.456], [301509.544, 2772729.253], [301471.745, 2772727.447], [301434.385, 2772725.79], [301435.255, 2772711.71], [301437.084, 2772696.026], [301437.035, 2772696.02], [301439.745, 2772672.81], [301446.275, 2772641.05], [301449.485, 2772593.42], [301451.695, 2772591.48]]]}, "properties": {"編號": "37", "圖層": "41", "顏色": "10", "街廓編號": "", "分區代碼": "PSB", "分區簡稱": "國小", "使用分區": "國小用地", "分區說明": "", "原屬分區": "", "變更前代碼": "", "變更前簡稱": "", "變更前分區": ""}}, {"type": "Feature", "geometry": {"type": "Polygon", "coordinates": [[[301598.735, 2772604.77], [301602.485, 2772601.52], [301630.925, 2772603.54], [301661.748, 2772605.398], [301796.455, 2772613.52], [301797.835, 2772615.02], [301798.485, 2772696.27], [301798.536, 2772753.844], [301742.735, 2772751.405], [301692.622, 2772749.303], [301671.641, 2772748.34], [301671.5644420912, 2772748.336678976], [301659.913, 2772747.802], [301632.005, 2772746.601], [301590.293, 2772744.812], [301592.755, 2772696.02], [301598.735, 2772604.77]]]}, "properties": {"編號": "38", "圖層": "41", "顏色": "10", "街廓編號": "", "分區代碼": "PSB", "分區簡稱": "國小", "使用分區": "國小用地", "分區說明": "", "原屬分區": "", "變更前代碼": "", "變更前簡稱": "", "變更前分區": ""}}, {"type": "Feature", "geometry": {"type": "Polygon", "coordinates": [[[301673.24, 2772908.679], [301675.955, 2772868.27], [301795.365, 2772873.77], [301800.925, 2772879.52], [301802.395, 2772996.02], [301802.925, 2773037.77], [301689.835, 2773036.02], [301669.925, 2773035.02], [301667.865, 2773033.02], [301667.915, 2772996.02], [301667.925, 2772987.77], [301673.24, 2772908.679]]]}, "properties": {"編號": "41", "圖層": "41", "顏色": "10", "街廓編號": "", "分區代碼": "PSB", "分區簡稱": "國小", "使用分區": "國小用地", "分區說明": "", "原屬分區": "", "變更前代碼": "", "變更前簡稱": "", "變更前分區": ""}}, {"type": "Feature", "geometry": {"type": "Polygon", "coordinates": [[[301864.63, 2772874.814], [301880.865, 2772874.36], [301880.864, 2772874.312], [301936.205, 2772872.77], [301964.149, 2772955.781], [301903.047, 2772968.524], [301872.134, 2772974.971], [301851.211, 2772979.334], [301842.21479540394, 2772981.21], [301842.2099874873, 2772981.2100001527], [301841.49398864724, 2772924.032094333], [301841.16099996946, 2772897.439996887], [301840.955, 2772881.02], [301846.485, 2772875.27], [301864.63, 2772874.814]]]}, "properties": {"編號": "42", "圖層": "41", "顏色": "10", "街廓編號": "", "分區代碼": "PSC", "分區簡稱": "國中", "使用分區": "國中用地", "分區說明": "", "原屬分區": "", "變更前代碼": "", "變更前簡稱": "", "變更前分區": ""}}, {"type": "Feature", "geometry": {"type": "Polygon", "coordinates": [[[302068.545, 2772999.02], [302085.768, 2772998.572], [302145.455, 2772997.02], [302231.085, 2772994.52], [302233.955, 2772997.27], [302235.365, 2773140.02], [302093.395, 2773143.02], [302068.705, 2773143.52], [302065.805, 2773002.02], [302068.545, 2772999.02]]]}, "properties": {"編號": "45", "圖層": "41", "顏色": "10", "街廓編號": "", "分區代碼": "PSB", "分區簡稱": "國小", "使用分區": "國小用地", "分區說明": "", "原屬分區": "", "變更前代碼": "", "變更前簡稱": "", "變更前分區": ""}}, {"type": "Feature", "geometry": {"type": "Polygon", "coordinates": [[[302093.425, 2773145.02], [302100.969, 2773144.861], [302125.565, 2773167.87], [302072.985, 2773168.52], [302069.365, 2773165.02], [302069.236, 2773160.256], [302068.835, 2773145.51], [302075.703, 2773145.373], [302093.425, 2773145.02]]]}, "properties": {"編號": "46", "圖層": "35", "顏色": "13", "街廓編號": "", "分區代碼": "PG", "分區簡稱": "機", "使用分區": "機關用地", "分區說明": "", "原屬分區": "", "變更前代碼": "", "變更前簡稱": "", "變更前分區": ""}}, {"type": "Feature", "geometry": {"type": "Polygon", "coordinates": [[[302052.515, 2773183.27], [302056.065, 2773187.31], [302053.015, 2773233.29], [302052.775, 2773237.427], [301938.571, 2773233.446], [301939.105, 2773188.64], [301943.775, 2773184.57], [301969.732, 2773184.26], [302052.515, 2773183.27]]]}, "properties": {"編號": "47", "圖層": "39", "顏色": "16", "街廓編號": "", "分區代碼": "PM", "分區簡稱": "市", "使用分區": "市場用地", "分區說明": "", "原屬分區": "", "變更前代碼": "", "變更前簡稱": "", "變更前分區": ""}}, {"type": "Feature", "geometry": {"type": "Polygon", "coordinates": [[[301620.745, 2773185.95], [301630.925, 2773185.52], [301668.226, 2773185.733], [301762.045, 2773186.27], [301766.305, 2773190.52], [301766.725, 2773296.02], [301767.145, 2773316.02], [301764.335, 2773319.02], [301630.925, 2773317.54], [301614.585, 2773317.27], [301611.805, 2773314.52], [301612.425, 2773296.02], [301617.845, 2773188.7], [301620.745, 2773185.95]]]}, "properties": {"編號": "51", "圖層": "41", "顏色": "10", "街廓編號": "", "分區代碼": "PSB", "分區簡稱": "國小", "使用分區": "國小用地", "分區說明": "", "原屬分區": "", "變更前代碼": "", "變更前簡稱": "", "變更前分區": ""}}, {"type": "Feature", "geometry": {"type": "Polygon", "coordinates": [[[303041.475, 2772848.07], [303044.925, 2772844.48], [303176.495, 2772841.31], [303177.495, 2772916.95], [303178.465, 2772960.04], [303179.145, 2773008.0], [303177.095, 2773010.09], [303046.085, 2773012.09], [303043.185, 2773009.26], [303043.075, 2772944.71], [303042.682, 2772923.961], [303042.455, 2772912.01], [303041.475, 2772848.07]]]}, "properties": {"編號": "63", "圖層": "41", "顏色": "10", "街廓編號": "", "分區代碼": "PSB", "分區簡稱": "國小", "使用分區": "國小用地", "分區說明": "", "原屬分區": "", "變更前代碼": "", "變更前簡稱": "", "變更前分區": ""}}, {"type": "Feature", "geometry": {"type": "Polygon", "coordinates": [[[303037.925, 2772689.44], [303037.926, 2772689.412], [303199.405, 2772685.564], [303198.945, 2772696.02], [303201.315, 2772797.18], [303197.855, 2772800.79], [303043.755, 2772804.5], [303040.175, 2772801.05], [303039.485, 2772759.4], [303038.945, 2772721.52], [303038.325, 2772696.02], [303038.315, 2772696.02], [303037.925, 2772689.44]]]}, "properties": {"編號": "70", "圖層": "41", "顏色": "10", "街廓編號": "", "分區代碼": "PSC", "分區簡稱": "國中", "使用分區": "國中用地", "分區說明": "", "原屬分區": "", "變更前代碼": "", "變更前簡稱": "", "變更前分區": ""}}, {"type": "Feature", "geometry": {"type": "Polygon", "coordinates": [[[303196.155, 2772662.63], [303199.045, 2772665.4], [303199.405, 2772685.55], [303199.405, 2772685.564], [303068.3, 2772688.688], [303037.926, 2772689.412], [303037.925, 2772689.38], [303037.575, 2772669.26], [303040.345, 2772666.38], [303105.858, 2772664.803], [303105.859, 2772664.803], [303196.155, 2772662.63]]]}, "properties": {"編號": "71", "圖層": "39", "顏色": "16", "街廓編號": "", "分區代碼": "PM", "分區簡稱": "市", "使用分區": "市場用地", "分區說明": "", "原屬分區": "", "變更前代碼": "", "變更前簡稱": "", "變更前分區": ""}}, {"type": "Feature", "geometry": {"type": "Polygon", "coordinates": [[[302693.179, 2772064.633], [302694.1650829494, 2772087.74399646], [302694.707, 2772100.445], [302648.355, 2772102.74], [302645.445, 2772100.0], [302644.915, 2772096.02], [302644.875, 2772095.7], [302644.768, 2772093.296], [302643.725, 2772069.85], [302646.415, 2772066.9], [302693.179, 2772064.633]]]}, "properties": {"編號": "76", "圖層": "35", "顏色": "13", "街廓編號": "", "分區代碼": "PG", "分區簡稱": "機", "使用分區": "機關用地", "分區說明": "", "原屬分區": "", "變更前代碼": "", "變更前簡稱": "", "變更前分區": ""}}, {"type": "Feature", "geometry": {"type": "Polygon", "coordinates": [[[302054.895, 2772514.77], [302058.805, 2772511.77], [302074.705, 2772515.52], [302192.265, 2772546.27], [302224.265, 2772554.77], [302226.115, 2772557.02], [302228.335, 2772690.52], [302224.865, 2772694.02], [302146.145, 2772696.02], [302060.897, 2772697.77], [302060.897, 2772697.768], [302057.985, 2772695.02], [302057.455, 2772663.52], [302057.016, 2772638.202], [302056.765, 2772623.77], [302056.145, 2772586.27], [302055.485, 2772548.52], [302054.895, 2772514.77]]]}, "properties": {"編號": "82", "圖層": "41", "顏色": "10", "街廓編號": "", "分區代碼": "PSB", "分區簡稱": "國小", "使用分區": "國小用地", "分區說明": "", "原屬分區": "", "變更前代碼": "", "變更前簡稱": "", "變更前分區": ""}}, {"type": "Feature", "geometry": {"type": "Polygon", "coordinates": [[[302308.865, 2772554.27], [302342.585, 2772557.02], [302430.925, 2772564.2], [302450.515, 2772565.77], [302482.045, 2772568.31], [302484.665, 2772572.57], [302417.895, 2772735.29], [302404.865, 2772767.02], [302402.395, 2772768.77], [302308.485, 2772771.27], [302307.185, 2772696.02], [302305.205, 2772557.77], [302308.865, 2772554.27]]]}, "properties": {"編號": "83", "圖層": "41", "顏色": "10", "街廓編號": "", "分區代碼": "PSC", "分區簡稱": "國中", "使用分區": "國中用地", "分區說明": "", "原屬分區": "", "變更前代碼": "", "變更前簡稱": "", "變更前分區": ""}}, {"type": "Feature", "geometry": {"type": "Polygon", "coordinates": [[[301966.6150002441, 2772396.019999176], [301968.2, 2772390.728], [301968.205, 2772390.73], [301997.047, 2772398.974], [302021.67315536976, 2772406.012456404], [302033.595, 2772409.42], [302015.405, 2772484.72], [302015.404, 2772484.722], [302013.705, 2772484.27], [301977.927, 2772474.71], [301949.145, 2772467.02], [301946.705, 2772462.52], [301950.297, 2772450.521], [301966.6150002441, 2772396.019999176]]]}, "properties": {"編號": "86", "圖層": "35", "顏色": "13", "街廓編號": "", "分區代碼": "PG", "分區簡稱": "機", "使用分區": "機關用地", "分區說明": "", "原屬分區": "", "變更前代碼": "", "變更前簡稱": "", "變更前分區": ""}}, {"type": "Feature", "geometry": {"type": "Polygon", "coordinates": [[[301897.285, 2772396.02], [301945.615, 2772398.27], [301947.925, 2772401.52], [301935.505, 2772442.88], [301931.795, 2772445.28], [301840.295, 2772433.49], [301837.475, 2772430.22], [301837.781, 2772414.819], [301838.155, 2772396.02], [301838.205, 2772393.27], [301855.486, 2772394.074], [301897.285, 2772396.02]]]}, "properties": {"編號": "87", "圖層": "39", "顏色": "16", "街廓編號": "", "分區代碼": "PM", "分區簡稱": "市", "使用分區": "市場用地", "分區說明": "", "原屬分區": "", "變更前代碼": "", "變更前簡稱": "", "變更前分區": ""}}, {"type": "Feature", "geometry": {"type": "Polygon", "coordinates": [[[303337.525, 2771799.58], [303470.165, 2771797.55], [303474.015, 2771797.49], [303476.885, 2771800.28], [303476.925, 2771803.23], [303477.245, 2771827.34], [303477.825, 2771868.73], [303478.365, 2771907.67], [303478.895, 2771945.2], [303475.405, 2771948.78], [303438.975, 2771949.19], [303358.875, 2771950.73], [303339.075, 2771951.0], [303335.605, 2771951.05], [303332.735, 2771948.26], [303332.695, 2771945.67], [303331.831, 2771883.523], [303330.755, 2771806.11], [303330.705, 2771802.51], [303333.495, 2771799.64], [303337.525, 2771799.58]]]}, "properties": {"編號": "88", "圖層": "41", "顏色": "10", "街廓編號": "", "分區代碼": "PSB", "分區簡稱": "國小", "使用分區": "國小用地", "分區說明": "", "原屬分區": "", "變更前代碼": "", "變更前簡稱": "", "變更前分區": ""}}, {"type": "Feature", "geometry": {"type": "Polygon", "coordinates": [[[303695.515, 2772521.07], [303697.675, 2772523.15], [303698.455, 2772560.0], [303695.675, 2772562.88], [303649.355, 2772563.59], [303646.485, 2772560.81], [303646.256, 2772548.825], [303645.795, 2772524.65], [303648.575, 2772521.78], [303695.515, 2772521.07]]]}, "properties": {"編號": "95", "圖層": "39", "顏色": "16", "街廓編號": "", "分區代碼": "PM", "分區簡稱": "市", "使用分區": "市場用地", "分區說明": "", "原屬分區": "", "變更前代碼": "", "變更前簡稱": "", "變更前分區": ""}}, {"type": "Feature", "geometry": {"type": "Polygon", "coordinates": [[[303624.00500009157, 2772876.33], [303630.925, 2772876.13], [303633.105, 2772876.07], [303636.015, 2772878.82], [303636.125, 2772882.71], [303636.795, 2772906.52], [303636.875, 2772909.28], [303634.125, 2772912.19], [303631.555, 2772912.27], [303630.925, 2772912.28], [303582.603, 2772913.716], [303581.645, 2772877.53], [303581.645, 2772877.527], [303624.00500009157, 2772876.33]]]}, "properties": {"編號": "103", "圖層": "39", "顏色": "16", "街廓編號": "", "分區代碼": "PM", "分區簡稱": "市", "使用分區": "市場用地", "分區說明": "", "原屬分區": "", "變更前代碼": "", "變更前簡稱": "", "變更前分區": ""}}, {"type": "Feature", "geometry": {"type": "Polygon", "coordinates": [[[303836.538, 2772979.298], [303836.538, 2772979.662], [303857.238, 2772979.662], [303857.445, 2772996.02], [303858.005, 2773040.83], [303855.235, 2773043.71], [303821.575, 2773044.58], [303817.975, 2773041.11], [303817.692, 2773017.899], [303817.425, 2772996.02], [303817.221, 2772979.418], [303836.538, 2772979.298]]]}, "properties": {"編號": "105", "圖層": "35", "顏色": "13", "街廓編號": "", "分區代碼": "PG", "分區簡稱": "機", "使用分區": "機關用地", "分區說明": "", "原屬分區": "", "變更前代碼": "", "變更前簡稱": "", "變更前分區": ""}}, {"type": "Feature", "geometry": {"type": "Polygon", "coordinates": [[[304532.805, 2772113.06], [304535.695, 2772115.81], [304537.345, 2772181.48], [304534.585, 2772184.38], [304430.925, 2772186.7], [304420.31, 2772186.94], [304408.385, 2772187.21], [304405.255, 2772187.28], [304402.365, 2772184.52], [304402.36, 2772184.52], [304400.7654759667, 2772119.6695005647], [304404.215, 2772116.05], [304407.265, 2772115.98], [304430.925, 2772115.43], [304532.805, 2772113.06]]]}, "properties": {"編號": "107", "圖層": "41", "顏色": "10", "街廓編號": "", "分區代碼": "PSF", "分區簡稱": "大專", "使用分區": "大專用地", "分區說明": "", "原屬分區": "", "變更前代碼": "", "變更前簡稱": "", "變更前分區": ""}}, {"type": "Feature", "geometry": {"type": "Polygon", "coordinates": [[[304384.0050001831, 2772116.52], [304386.145, 2772116.47], [304389.764, 2772119.92], [304391.285, 2772181.37], [304391.365, 2772184.76], [304388.605, 2772187.66], [304386.955, 2772187.7], [304229.494, 2772191.356], [304205.225, 2772191.92], [304204.125, 2772124.2], [304207.595, 2772120.59], [304384.0050001831, 2772116.52]]]}, "properties": {"編號": "108", "圖層": "41", "顏色": "10", "街廓編號": "", "分區代碼": "PSF", "分區簡稱": "大專", "使用分區": "大專用地", "分區說明": "", "原屬分區": "", "變更前代碼": "", "變更前簡稱": "", "變更前分區": ""}}, {"type": "Feature", "geometry": {"type": "Polygon", "coordinates": [[[304380.685, 2771863.38], [304384.295, 2771866.84], [304384.735, 2771889.54], [304381.965, 2771892.42], [304336.715, 2771893.56], [304333.825, 2771890.8], [304333.752, 2771887.122], [304333.375, 2771868.19], [304336.825, 2771864.57], [304380.685, 2771863.38]]]}, "properties": {"編號": "111", "圖層": "39", "顏色": "16", "街廓編號": "", "分區代碼": "PM", "分區簡稱": "市", "使用分區": "市場用地", "分區說明": "", "原屬分區": "", "變更前代碼": "", "變更前簡稱": "", "變更前分區": ""}}, {"type": "Feature", "geometry": {"type": "Polygon", "coordinates": [[[304706.715, 2771947.12], [304749.175, 2771946.163], [304749.1757383344, 2771946.206890347], [304749.74, 2771979.749], [304706.585, 2771980.87], [304703.705, 2771978.1], [304703.491, 2771965.36], [304703.245, 2771950.73], [304706.715, 2771947.12]]]}, "properties": {"編號": "113", "圖層": "39", "顏色": "16", "街廓編號": "", "分區代碼": "PM", "分區簡稱": "市", "使用分區": "市場用地", "分區說明": "", "原屬分區": "", "變更前代碼": "", "變更前簡稱": "", "變更前分區": ""}}, {"type": "Feature", "geometry": {"type": "Polygon", "coordinates": [[[304409.865, 2772696.02], [304411.535, 2772694.34], [304430.945, 2772694.29], [304437.725, 2772694.27], [304439.895, 2772696.02], [304440.085, 2772725.4], [304437.265, 2772728.25], [304430.925, 2772728.27], [304412.925, 2772728.33], [304410.075, 2772725.51], [304409.992, 2772713.825], [304409.865, 2772696.02]]]}, "properties": {"編號": "117", "圖層": "39", "顏色": "16", "街廓編號": "", "分區代碼": "PM", "分區簡稱": "市", "使用分區": "市場用地", "分區說明": "", "原屬分區": "", "變更前代碼": "", "變更前簡稱": "", "變更前分區": ""}}, {"type": "Feature", "geometry": {"type": "Polygon", "coordinates": [[[304786.265, 2772308.73], [304787.945, 2772360.74], [304788.965, 2772390.83], [304789.135, 2772396.02], [304791.355, 2772463.73], [304788.595, 2772466.63], [304720.945, 2772467.54], [304701.295, 2772467.83], [304698.435, 2772465.04], [304697.965, 2772429.94], [304692.804, 2772430.0], [304676.452, 2772403.452], [304676.317, 2772396.02], [304676.315, 2772396.02], [304675.585, 2772360.08], [304667.818, 2772360.176], [304667.8086528826, 2772359.6200253917], [304666.978, 2772310.212], [304786.265, 2772308.73]]]}, "properties": {"編號": "126", "圖層": "41", "顏色": "10", "街廓編號": "", "分區代碼": "PSF", "分區簡稱": "大專", "使用分區": "大專用地", "分區說明": "", "原屬分區": "", "變更前代碼": "", "變更前簡稱": "", "變更前分區": ""}}, {"type": "Feature", "geometry": {"type": "Polygon", "coordinates": [[[305111.925, 2772109.1], [305114.715, 2772106.23], [305145.375, 2772105.85], [305176.055, 2772148.04], [305174.855, 2772150.65], [305115.375, 2772151.47], [305112.505, 2772148.68], [305112.037, 2772116.736], [305111.925, 2772109.1]]]}, "properties": {"編號": "127", "圖層": "39", "顏色": "16", "街廓編號": "", "分區代碼": "PM", "分區簡稱": "市", "使用分區": "市場用地", "分區說明": "", "原屬分區": "", "變更前代碼": "", "變更前簡稱": "", "變更前分區": ""}}, {"type": "Feature", "geometry": {"type": "Polygon", "coordinates": [[[304334.664, 2771437.904], [304337.433, 2771435.015], [304394.492, 2771433.58], [304397.036, 2771433.512], [304430.925, 2771432.998], [304512.256, 2771431.762], [304517.814, 2771431.677], [304521.368, 2771435.194], [304519.042, 2771496.02], [304519.045, 2771496.02], [304520.245, 2771558.48], [304520.305, 2771561.88], [304517.525, 2771564.77], [304513.985, 2771564.83], [304430.925, 2771566.34], [304404.662, 2771566.814], [304343.445, 2771567.92], [304339.155, 2771568.0], [304336.285, 2771565.21], [304336.255, 2771562.4], [304335.885, 2771525.29], [304335.615, 2771496.02], [304335.618, 2771496.02], [304335.495, 2771488.545], [304334.664, 2771437.904]]]}, "properties": {"編號": "133", "圖層": "41", "顏色": "10", "街廓編號": "", "分區代碼": "PSB", "分區簡稱": "國小", "使用分區": "國小用地", "分區說明": "", "原屬分區": "", "變更前代碼": "", "變更前簡稱": "", "變更前分區": ""}}, {"type": "Feature", "geometry": {"type": "Polygon", "coordinates": [[[304573.93, 2771134.842], [304572.937, 2771173.557], [304545.758, 2771173.239], [304539.22, 2771173.163], [304536.403, 2771170.324], [304536.254, 2771132.481], [304539.272, 2771129.856], [304541.728, 2771130.208], [304573.93, 2771134.842]]]}, "properties": {"編號": "139", "圖層": "39", "顏色": "16", "街廓編號": "", "分區代碼": "PM", "分區簡稱": "市", "使用分區": "市場用地", "分區說明": "", "原屬分區": "", "變更前代碼": "", "變更前簡稱": "", "變更前分區": ""}}, {"type": "Feature", "geometry": {"type": "Polygon", "coordinates": [[[304931.315, 2771057.228], [304938.04, 2771025.352], [304941.686, 2771025.32], [304960.01, 2771029.725], [304977.811, 2771029.674], [304980.501, 2771032.635], [304983.672, 2771168.379], [304981.312, 2771172.14], [304937.005, 2771160.077], [304922.945, 2771156.248], [304925.122, 2771113.332], [304931.315, 2771057.228]]]}, "properties": {"編號": "140", "圖層": "35", "顏色": "13", "街廓編號": "", "分區代碼": "PG", "分區簡稱": "機", "使用分區": "機關用地", "分區說明": "", "原屬分區": "", "變更前代碼": "", "變更前簡稱": "", "變更前分區": ""}}, {"type": "Feature", "geometry": {"type": "Polygon", "coordinates": [[[304769.885, 2770896.02], [304777.679, 2770868.595], [304781.055, 2770866.45], [304782.099, 2770866.62], [304827.654, 2770874.042], [304828.878, 2770931.777], [304825.47, 2770932.02], [304817.217, 2770940.391], [304785.348, 2771031.16], [304764.891, 2771113.518], [304711.218, 2771098.287], [304745.207, 2770982.853], [304746.677, 2770977.677], [304769.885, 2770896.02]]]}, "properties": {"編號": "141", "圖層": "35", "顏色": "13", "街廓編號": "", "分區代碼": "PG", "分區簡稱": "機", "使用分區": "機關用地", "分區說明": "", "原屬分區": "", "變更前代碼": "", "變更前簡稱": "", "變更前分區": ""}}, {"type": "Feature", "geometry": {"type": "Polygon", "coordinates": [[[304596.993, 2770844.445], [304600.645, 2770844.381], [304606.075, 2770844.609], [304609.326, 2770844.632], [304612.928, 2770844.654], [304616.086, 2770844.765], [304619.976, 2770844.981], [304623.506, 2770845.211], [304627.038, 2770845.341], [304630.202, 2770845.442], [304632.158, 2770845.722], [304635.888, 2770845.973], [304638.104, 2770846.151], [304640.392, 2770846.466], [304645.881, 2770846.915], [304648.367, 2770847.189], [304651.819, 2770847.679], [304664.729, 2770849.564], [304679.06, 2770851.564], [304697.04, 2770854.098], [304687.854, 2770896.17], [304684.327, 2770910.458], [304637.078, 2770897.067], [304632.71, 2770896.02], [304622.632, 2770896.598], [304581.245, 2770898.975], [304578.303, 2770896.265], [304578.297, 2770896.02], [304577.111, 2770847.027], [304579.22, 2770844.345], [304580.096, 2770844.342], [304586.018, 2770844.381], [304590.251, 2770844.407], [304593.052, 2770844.533], [304596.993, 2770844.445]]]}, "properties": {"編號": "144", "圖層": "41", "顏色": "10", "街廓編號": "", "分區代碼": "PSB", "分區簡稱": "國小", "使用分區": "國小用地", "分區說明": "", "原屬分區": "", "變更前代碼": "", "變更前簡稱": "", "變更前分區": ""}}, {"type": "Feature", "geometry": {"type": "Polygon", "coordinates": [[[303933.612, 2771183.453], [303931.943, 2771188.166], [303901.195, 2771188.576], [303874.805, 2771188.927], [303872.638, 2771186.851], [303871.543, 2771150.765], [303872.557, 2771147.941], [303878.475, 2771141.197], [303882.463, 2771140.885], [303933.612, 2771183.453]]]}, "properties": {"編號": "146", "圖層": "35", "顏色": "13", "街廓編號": "", "分區代碼": "PG", "分區簡稱": "機", "使用分區": "機關用地", "分區說明": "", "原屬分區": "", "變更前代碼": "", "變更前簡稱": "", "變更前分區": ""}}, {"type": "Feature", "geometry": {"type": "Polygon", "coordinates": [[[303490.21, 2771317.606], [303493.008, 2771314.748], [303603.191, 2771313.888], [303605.31, 2771470.044], [303568.452, 2771470.331], [303495.873, 2771470.896], [303492.299, 2771467.399], [303490.21, 2771317.606]]]}, "properties": {"編號": "149", "圖層": "41", "顏色": "10", "街廓編號": "", "分區代碼": "PSB", "分區簡稱": "國小", "使用分區": "國小用地", "分區說明": "", "原屬分區": "", "變更前代碼": "", "變更前簡稱": "", "變更前分區": ""}}, {"type": "Feature", "geometry": {"type": "Polygon", "coordinates": [[[303603.191, 2771313.888], [303630.925, 2771313.671], [303672.536, 2771313.347], [303676.563, 2771317.313], [303677.672, 2771466.654], [303674.865, 2771469.504], [303630.925, 2771469.845], [303605.31, 2771470.044], [303603.191, 2771313.888]]]}, "properties": {"編號": "150", "圖層": "41", "顏色": "10", "街廓編號": "", "分區代碼": "PSC", "分區簡稱": "國中", "使用分區": "國中用地", "分區說明": "", "原屬分區": "", "變更前代碼": "", "變更前簡稱": "", "變更前分區": ""}}, {"type": "Feature", "geometry": {"type": "Polygon", "coordinates": [[[305112.334, 2771450.378], [305230.925, 2771447.913], [305233.614, 2771447.858], [305237.238, 2771451.302], [305238.577, 2771496.02], [305238.575, 2771496.02], [305241.815, 2771604.0], [305230.925, 2771604.22], [305161.945, 2771605.59], [305070.125, 2771607.41], [305064.965, 2771607.51], [305064.765, 2771599.06], [305063.013, 2771521.225], [305062.445, 2771496.02], [305062.443, 2771496.02], [305061.502, 2771454.293], [305064.267, 2771451.402], [305112.334, 2771450.378]]]}, "properties": {"編號": "156", "圖層": "41", "顏色": "10", "街廓編號": "", "分區代碼": "PSC", "分區簡稱": "國中", "使用分區": "國中用地", "分區說明": "", "原屬分區": "", "變更前代碼": "", "變更前簡稱": "", "變更前分區": ""}}, {"type": "Feature", "geometry": {"type": "Polygon", "coordinates": [[[305242.45, 2771242.485], [305245.792, 2771238.765], [305334.152, 2771238.737], [305336.197, 2771239.183], [305337.588, 2771240.021], [305338.501, 2771241.107], [305339.039, 2771242.211], [305339.967, 2771244.171], [305340.275, 2771244.941], [305340.608, 2771245.777], [305340.96, 2771246.653], [305341.325, 2771247.541], [305341.696, 2771248.415], [305342.038, 2771249.113], [305342.381, 2771249.777], [305342.723, 2771250.419], [305343.066, 2771251.043], [305343.41, 2771251.657], [305343.713, 2771252.263], [305344.028, 2771252.873], [305344.365, 2771253.503], [305344.736, 2771254.159], [305345.15, 2771254.851], [305345.675, 2771255.655], [305346.251, 2771256.499], [305346.875, 2771257.371], [305347.543, 2771258.269], [305348.253, 2771259.183], [305352.497, 2771263.957], [305353.583, 2771434.383], [305277.116, 2771435.959], [305249.837, 2771436.521], [305247.74, 2771434.513], [305242.45, 2771242.485]]]}, "properties": {"編號": "158", "圖層": "41", "顏色": "10", "街廓編號": "", "分區代碼": "PSB", "分區簡稱": "國小", "使用分區": "國小用地", "分區說明": "", "原屬分區": "", "變更前代碼": "", "變更前簡稱": "", "變更前分區": ""}}, {"type": "Feature", "geometry": {"type": "Polygon", "coordinates": [[[304737.656, 2770672.753], [304738.054, 2770671.509], [304741.242, 2770669.092], [304742.203, 2770669.058], [304798.34, 2770667.044], [304823.074, 2770666.234], [304824.387, 2770669.322], [304797.731, 2770702.209], [304797.107, 2770702.97], [304796.463, 2770703.737], [304795.809, 2770704.498], [304795.146, 2770705.249], [304794.474, 2770705.993], [304793.794, 2770706.729], [304793.105, 2770707.458], [304792.408, 2770708.177], [304791.702, 2770708.89], [304790.987, 2770709.592], [304790.265, 2770710.288], [304789.534, 2770710.975], [304788.795, 2770711.652], [304788.049, 2770712.32], [304787.294, 2770712.981], [304786.532, 2770713.632], [304785.762, 2770714.274], [304784.985, 2770714.907], [304784.2, 2770715.529], [304783.408, 2770716.145], [304782.608, 2770716.749], [304781.802, 2770717.345], [304780.989, 2770717.93], [304780.169, 2770718.507], [304779.342, 2770719.074], [304778.508, 2770719.631], [304777.668, 2770720.177], [304776.821, 2770720.714], [304775.969, 2770721.242], [304775.11, 2770721.759], [304774.245, 2770722.265], [304773.374, 2770722.762], [304772.497, 2770723.248], [304771.615, 2770723.723], [304770.727, 2770724.189], [304769.834, 2770724.643], [304768.935, 2770725.087], [304768.031, 2770725.521], [304767.123, 2770725.944], [304766.209, 2770726.356], [304765.29, 2770726.757], [304764.367, 2770727.148], [304763.439, 2770727.527], [304762.507, 2770727.896], [304761.57, 2770728.254], [304760.63, 2770728.6], [304759.685, 2770728.936], [304758.737, 2770729.26], [304757.784, 2770729.572], [304756.828, 2770729.874], [304755.869, 2770730.165], [304754.906, 2770730.444], [304753.94, 2770730.711], [304752.971, 2770730.969], [304751.999, 2770731.212], [304751.024, 2770731.447], [304750.047, 2770731.669], [304749.066, 2770731.879], [304748.084, 2770732.078], [304747.099, 2770732.265], [304746.113, 2770732.439], [304746.071, 2770732.447], [304720.693, 2770737.002], [304718.057, 2770733.993], [304718.352, 2770733.069], [304727.866, 2770703.341], [304737.656, 2770672.753]]]}, "properties": {"編號": "162", "圖層": "39", "顏色": "16", "街廓編號": "", "分區代碼": "PM", "分區簡稱": "市", "使用分區": "市場用地", "分區說明": "", "原屬分區": "", "變更前代碼": "", "變更前簡稱": "", "變更前分區": ""}}, {"type": "Feature", "geometry": {"type": "Polygon", "coordinates": [[[304199.783, 2770604.925], [304204.231, 2770591.265], [304210.926, 2770569.517], [304213.128, 2770561.901], [304216.431, 2770552.69], [304218.138, 2770547.859], [304226.395, 2770526.607], [304230.21, 2770523.782], [304301.192, 2770523.542], [304353.915, 2770523.364], [304344.491, 2770574.788], [304340.587, 2770596.02], [304323.856, 2770686.998], [304315.934, 2770729.964], [304312.787, 2770732.433], [304182.552, 2770724.879], [304182.223, 2770715.702], [304182.469, 2770708.899], [304182.601, 2770704.197], [304184.282, 2770691.445], [304186.136, 2770681.667], [304187.019, 2770674.53], [304187.562, 2770669.9], [304187.966, 2770666.193], [304188.707, 2770661.946], [304190.594, 2770652.061], [304193.066, 2770638.828], [304194.459, 2770628.268], [304197.469, 2770614.541], [304199.783, 2770604.925]]]}, "properties": {"編號": "168", "圖層": "41", "顏色": "10", "街廓編號": "", "分區代碼": "PSF", "分區簡稱": "大專", "使用分區": "大專用地", "分區說明": "", "原屬分區": "", "變更前代碼": "", "變更前簡稱": "", "變更前分區": ""}}, {"type": "Feature", "geometry": {"type": "Polygon", "coordinates": [[[303841.45, 2770583.558], [303840.873, 2770579.477], [303981.788, 2770557.949], [304139.663, 2770532.929], [304146.39, 2770540.704], [304125.095, 2770618.851], [304122.993, 2770632.737], [304119.426, 2770650.715], [304118.026, 2770661.834], [304116.785, 2770671.665], [304114.855, 2770682.502], [304112.72, 2770698.97], [304112.197, 2770715.16], [304093.348, 2770720.736], [304081.33, 2770724.396], [304074.16615738394, 2770726.14714008], [304063.989, 2770727.839], [304059.9725989869, 2770728.3318001344], [304052.78403140354, 2770729.2138153934], [304043.872853328, 2770730.3094454785], [304035.6527511215, 2770731.8610634785], [304033.73, 2770732.224], [304027.687, 2770734.289], [304026.9346446426, 2770734.6320752585], [304010.801, 2770742.352], [303997.533, 2770748.805], [303996.2109941709, 2770749.3799866023], [303990.867, 2770751.705], [303985.29694174026, 2770753.6240562154], [303984.943, 2770753.746], [303978.877, 2770754.774], [303965.072, 2770756.012], [303965.05919492175, 2770756.0135672777], [303957.9300482802, 2770756.886145146], [303951.9952797327, 2770757.9853728754], [303945.701, 2770759.496], [303938.891, 2770761.602], [303932.869, 2770763.88], [303929.8685261085, 2770765.2015106054], [303925.4727760551, 2770767.304582934], [303922.422, 2770768.844], [303915.6814491408, 2770772.8100866424], [303902.57884978794, 2770781.151764031], [303896.01634733105, 2770785.3544968413], [303886.1959986572, 2770793.056998291], [303881.95, 2770797.072], [303881.9371616566, 2770797.0884904023], [303879.646960448, 2770800.1570103765], [303872.493, 2770800.05], [303865.435, 2770799.943], [303794.144, 2770779.373], [303792.36, 2770634.893], [303791.898, 2770597.478], [303795.683, 2770597.431], [303795.694, 2770597.417], [303802.287, 2770589.512], [303819.023, 2770586.968], [303841.45, 2770583.558]]]}, "properties": {"編號": "174", "圖層": "41", "顏色": "10", "街廓編號": "", "分區代碼": "PSF", "分區簡稱": "大專", "使用分區": "大專用地", "分區說明": "", "原屬分區": "", "變更前代碼": "", "變更前簡稱": "", "變更前分區": ""}}, {"type": "Feature", "geometry": {"type": "Polygon", "coordinates": [[[303692.858, 2770614.558], [303701.976, 2770659.483], [303699.746, 2770662.804], [303638.543, 2770674.433], [303634.928, 2770675.12], [303630.925, 2770675.119], [303602.631, 2770675.108], [303594.286, 2770643.626], [303630.925, 2770632.822], [303692.858, 2770614.558]]]}, "properties": {"編號": "177", "圖層": "41", "顏色": "10", "街廓編號": "", "分區代碼": "PSB", "分區簡稱": "國小", "使用分區": "國小用地", "分區說明": "", "原屬分區": "", "變更前代碼": "", "變更前簡稱": "", "變更前分區": ""}}, {"type": "Feature", "geometry": {"type": "Polygon", "coordinates": [[[302923.554, 2770742.344], [302959.633, 2770732.853], [302963.084, 2770734.876], [302966.813, 2770749.28], [302974.504, 2770779.027], [302922.121, 2770792.72], [302901.342, 2770798.151], [302893.66, 2770768.652], [302889.919, 2770754.186], [302891.938, 2770750.734], [302923.554, 2770742.344]]]}, "properties": {"編號": "180", "圖層": "39", "顏色": "16", "街廓編號": "", "分區代碼": "PM", "分區簡稱": "市", "使用分區": "市場用地", "分區說明": "", "原屬分區": "", "變更前代碼": "", "變更前簡稱": "", "變更前分區": ""}}, {"type": "Feature", "geometry": {"type": "Polygon", "coordinates": [[[302713.475, 2770427.322], [302830.925, 2770396.723], [302868.716, 2770386.876], [302873.029, 2770389.405], [302907.156, 2770520.217], [302904.624, 2770524.529], [302830.925, 2770543.64], [302784.066, 2770555.792], [302749.375, 2770564.788], [302745.063, 2770562.257], [302710.947, 2770431.635], [302713.475, 2770427.322]]]}, "properties": {"編號": "187", "圖層": "41", "顏色": "10", "街廓編號": "", "分區代碼": "PSF", "分區簡稱": "大專", "使用分區": "大專用地", "分區說明": "", "原屬分區": "", "變更前代碼": "", "變更前簡稱": "", "變更前分區": ""}}, {"type": "Feature", "geometry": {"type": "Polygon", "coordinates": [[[302830.925, 2770564.302], [302909.679, 2770543.881], [302913.991, 2770546.413], [302926.933, 2770596.02], [302942.132, 2770654.279], [302939.605, 2770658.594], [302836.016, 2770685.679], [302830.925, 2770687.01], [302784.473, 2770699.155], [302780.159, 2770696.629], [302753.882, 2770596.02], [302751.904, 2770588.447], [302754.435, 2770584.135], [302830.925, 2770564.302]]]}, "properties": {"編號": "188", "圖層": "41", "顏色": "10", "街廓編號": "", "分區代碼": "PSD", "分區簡稱": "高中", "使用分區": "高中用地", "分區說明": "", "原屬分區": "", "變更前代碼": "", "變更前簡稱": "", "變更前分區": ""}}, {"type": "Feature", "geometry": {"type": "Polygon", "coordinates": [[[302744.598, 2770650.259], [302748.049, 2770652.282], [302754.461, 2770676.977], [302760.873, 2770701.672], [302758.343, 2770705.984], [302692.162, 2770723.289], [302678.712, 2770667.506], [302744.598, 2770650.259]]]}, "properties": {"編號": "189", "圖層": "35", "顏色": "13", "街廓編號": "", "分區代碼": "PG", "分區簡稱": "機", "使用分區": "機關用地", "分區說明": "", "原屬分區": "", "變更前代碼": "", "變更前簡稱": "", "變更前分區": ""}}, {"type": "Feature", "geometry": {"type": "Polygon", "coordinates": [[[302430.925, 2770223.415], [302430.947, 2770223.322], [302625.566, 2770195.913], [302629.724, 2770198.689], [302655.031, 2770296.02], [302656.517, 2770301.734], [302685.672, 2770413.95], [302683.131, 2770418.256], [302452.523, 2770477.558], [302430.925, 2770483.112], [302341.613, 2770507.27], [302337.785, 2770505.05], [302307.909, 2770389.969], [302304.917, 2770379.561], [302283.649, 2770296.02], [302273.771, 2770260.827], [302273.501, 2770259.529], [302273.362, 2770258.209], [302273.353, 2770256.884], [302273.475, 2770255.563], [302273.728, 2770254.26], [302274.108, 2770252.99], [302274.612, 2770251.763], [302275.234, 2770250.592], [302275.969, 2770249.489], [302276.81, 2770248.464], [302277.748, 2770247.526], [302278.774, 2770246.686], [302279.879, 2770245.952], [302281.05, 2770245.33], [302282.277, 2770244.827], [302283.548, 2770244.447], [302284.85, 2770244.195], [302430.925, 2770223.415]]]}, "properties": {"編號": "190", "圖層": "41", "顏色": "10", "街廓編號": "", "分區代碼": "PSF", "分區簡稱": "大專", "使用分區": "大專用地", "分區說明": "", "原屬分區": "", "變更前代碼": "", "變更前簡稱": "", "變更前分區": ""}}, {"type": "Feature", "geometry": {"type": "Polygon", "coordinates": [[[302680.545, 2770188.152], [302745.18, 2770179.05], [302758.264, 2770198.199], [302770.976, 2770213.341], [302778.075, 2770226.831], [302725.402, 2770240.555], [302720.814, 2770234.53], [302691.719, 2770240.141], [302662.625, 2770245.752], [302649.762, 2770196.279], [302652.536, 2770192.12], [302680.545, 2770188.152]]]}, "properties": {"編號": "191", "圖層": "35", "顏色": "13", "街廓編號": "", "分區代碼": "PG", "分區簡稱": "機", "使用分區": "機關用地", "分區說明": "", "原屬分區": "", "變更前代碼": "", "變更前簡稱": "", "變更前分區": ""}}, {"type": "Feature", "geometry": {"type": "Polygon", "coordinates": [[[302964.5321080356, 2770026.4219719837], [302978.076, 2770078.631], [302983.943, 2770101.229], [302981.168, 2770105.388], [302922.55, 2770113.652], [302908.6398530839, 2770115.6154336683], [302890.484, 2770045.631], [302964.5321080356, 2770026.4219719837]]]}, "properties": {"編號": "192", "圖層": "35", "顏色": "13", "街廓編號": "", "分區代碼": "PG", "分區簡稱": "機", "使用分區": "機關用地", "分區說明": "", "原屬分區": "", "變更前代碼": "", "變更前簡稱": "", "變更前分區": ""}}, {"type": "Feature", "geometry": {"type": "Polygon", "coordinates": [[[303736.925, 2769941.02], [303737.025, 2769955.108], [303727.249, 2769960.242], [303717.473, 2769965.376], [303714.637, 2769964.396], [303705.88, 2769944.906], [303705.925, 2769941.02], [303736.925, 2769941.02]]]}, "properties": {"編號": "199", "圖層": "39", "顏色": "16", "街廓編號": "", "分區代碼": "PM", "分區簡稱": "市", "使用分區": "市場用地", "分區說明": "", "原屬分區": "", "變更前代碼": "", "變更前簡稱": "", "變更前分區": ""}}, {"type": "Feature", "geometry": {"type": "Polygon", "coordinates": [[[304032.917, 2769761.198], [304077.678, 2769760.755], [304079.963, 2769762.371], [304080.237, 2769791.174], [304080.406, 2769793.45], [304059.354, 2769793.607], [304032.94, 2769793.805], [304032.917, 2769761.198]]]}, "properties": {"編號": "202", "圖層": "39", "顏色": "16", "街廓編號": "", "分區代碼": "PM", "分區簡稱": "市", "使用分區": "市場用地", "分區說明": "", "原屬分區": "", "變更前代碼": "", "變更前簡稱": "", "變更前分區": ""}}, {"type": "Feature", "geometry": {"type": "Polygon", "coordinates": [[[303805.659, 2770053.581], [303805.559, 2770044.807], [303824.799, 2770044.123], [303824.808, 2770050.577], [303824.85, 2770080.575], [303800.792, 2770080.725], [303791.113, 2770080.785], [303785.406, 2770075.178], [303785.169, 2770054.536], [303805.659, 2770053.581]]]}, "properties": {"編號": "203", "圖層": "35", "顏色": "13", "街廓編號": "", "分區代碼": "PG", "分區簡稱": "機", "使用分區": "機關用地", "分區說明": "", "原屬分區": "", "變更前代碼": "", "變更前簡稱": "", "變更前分區": ""}}, {"type": "Feature", "geometry": {"type": "Polygon", "coordinates": [[[303906.998, 2769904.963], [303909.777, 2769902.085], [304030.925, 2769900.146], [304044.716, 2769899.9], [304048.097, 2769902.288], [304050.24, 2770054.42], [304046.999, 2770057.615], [304030.925, 2770057.857], [303932.034, 2770059.345], [303921.875, 2770062.502], [303917.692, 2770059.763], [303910.66, 2769996.02], [303908.658, 2769977.871], [303906.998, 2769904.963]]]}, "properties": {"編號": "204", "圖層": "41", "顏色": "10", "街廓編號": "", "分區代碼": "PSB", "分區簡稱": "國小", "使用分區": "國小用地", "分區說明": "", "原屬分區": "", "變更前代碼": "", "變更前簡稱": "", "變更前分區": ""}}, {"type": "Feature", "geometry": {"type": "Polygon", "coordinates": [[[303826.385, 2769274.413], [303829.362, 2769275.365], [303831.645, 2769279.813], [303828.498, 2769289.523], [303793.975, 2769396.02], [303790.519, 2769406.681], [303755.003, 2769396.02], [303663.851, 2769368.659], [303654.968, 2769366.0], [303630.925, 2769358.805], [303600.267, 2769349.63], [303598.443, 2769346.07], [303630.925, 2769252.172], [303642.309, 2769219.264], [303642.541, 2769218.593], [303646.118, 2769216.802], [303648.617, 2769217.601], [303826.385, 2769274.413]]]}, "properties": {"編號": "211", "圖層": "41", "顏色": "10", "街廓編號": "", "分區代碼": "PSC", "分區簡稱": "國中", "使用分區": "國中用地", "分區說明": "", "原屬分區": "", "變更前代碼": "", "變更前簡稱": "", "變更前分區": ""}}, {"type": "Feature", "geometry": {"type": "Polygon", "coordinates": [[[303790.681, 2769113.956], [303822.965, 2769118.74], [303855.915, 2769125.895], [303879.57, 2769133.311], [303838.48, 2769258.833], [303834.028, 2769261.108], [303682.007, 2769212.524], [303651.1, 2769202.647], [303649.312, 2769199.069], [303666.958, 2769148.304], [303682.323, 2769104.233], [303685.709, 2769102.103], [303790.681, 2769113.956]]]}, "properties": {"編號": "212", "圖層": "41", "顏色": "10", "街廓編號": "", "分區代碼": "PSB", "分區簡稱": "國小", "使用分區": "國小用地", "分區說明": "", "原屬分區": "", "變更前代碼": "", "變更前簡稱": "", "變更前分區": ""}}, {"type": "Feature", "geometry": {"type": "Polygon", "coordinates": [[[303435.80700076296, 2769031.5269998778], [303443.239, 2769030.28], [303446.41, 2769032.718], [303448.122, 2769050.971], [303411.757, 2769053.319], [303408.866, 2769046.211], [303407.391, 2769036.293], [303419.152, 2769034.32], [303435.80700076296, 2769031.5269998778]]]}, "properties": {"編號": "216", "圖層": "39", "顏色": "16", "街廓編號": "", "分區代碼": "PM", "分區簡稱": "市", "使用分區": "市場用地", "分區說明": "", "原屬分區": "", "變更前代碼": "", "變更前簡稱": "", "變更前分區": ""}}, {"type": "Feature", "geometry": {"type": "Polygon", "coordinates": [[[303914.24, 2768798.917], [303933.81, 2768796.02], [303951.137, 2768793.455], [303954.168, 2768796.02], [303957.244, 2768798.623], [303958.232, 2768850.453], [303937.963, 2768848.784], [303933.189, 2768855.062], [303928.759, 2768853.902], [303924.33, 2768852.741], [303910.395, 2768854.915], [303914.24, 2768798.917]]]}, "properties": {"編號": "218", "圖層": "35", "顏色": "13", "街廓編號": "", "分區代碼": "PG", "分區簡稱": "機", "使用分區": "機關用地", "分區說明": "", "原屬分區": "", "變更前代碼": "", "變更前簡稱": "", "變更前分區": ""}}, {"type": "Feature", "geometry": {"type": "Polygon", "coordinates": [[[302284.019, 2769413.77], [302286.956, 2769413.02], [302321.3, 2769436.52], [302282.078, 2769495.27], [302276.737, 2769503.27], [302276.706, 2769503.27], [302271.081, 2769505.52], [302235.269, 2769495.27], [302233.487, 2769490.52], [302240.769, 2769479.27], [302252.113, 2769462.02], [302284.019, 2769413.77]]]}, "properties": {"編號": "221", "圖層": "39", "顏色": "16", "街廓編號": "", "分區代碼": "PM", "分區簡稱": "市", "使用分區": "市場用地", "分區說明": "", "原屬分區": "", "變更前代碼": "", "變更前簡稱": "", "變更前分區": ""}}, {"type": "Feature", "geometry": {"type": "Polygon", "coordinates": [[[301050.829, 2769120.527], [301055.813, 2769120.131], [301105.903, 2769162.882], [301106.306, 2769167.865], [301105.079, 2769169.294], [301061.059, 2769220.848], [301056.048, 2769226.717], [301048.601, 2769224.651], [301016.851, 2769215.842], [300993.02, 2769209.231], [300984.003, 2769206.729], [300982.246, 2769200.993], [300984.86, 2769197.927], [301050.829, 2769120.527]]]}, "properties": {"編號": "231", "圖層": "41", "顏色": "10", "街廓編號": "", "分區代碼": "PSB", "分區簡稱": "國小", "使用分區": "國小用地", "分區說明": "", "原屬分區": "", "變更前代碼": "", "變更前簡稱": "", "變更前分區": ""}}, {"type": "Feature", "geometry": {"type": "Polygon", "coordinates": [[[300763.344, 2768842.992], [300765.753, 2768847.373], [300726.491, 2768961.245], [300722.157, 2768963.737], [300699.725, 2768959.317], [300716.125, 2768896.82], [300697.725, 2768894.02], [300702.525, 2768862.82], [300714.925, 2768865.62], [300720.508, 2768832.82], [300763.344, 2768842.992]]]}, "properties": {"編號": "232", "圖層": "41", "顏色": "10", "街廓編號": "", "分區代碼": "PSB", "分區簡稱": "國小", "使用分區": "國小用地", "分區說明": "", "原屬分區": "", "變更前代碼": "", "變更前簡稱": "", "變更前分區": ""}}, {"type": "Feature", "geometry": {"type": "Polygon", "coordinates": [[[300297.382, 2768887.809], [300302.901, 2768914.331], [300435.797, 2768887.434], [300436.855, 2768955.083], [300436.891, 2768956.615], [300439.423, 2769096.02], [300439.684, 2769110.465], [300373.306, 2769107.157], [300373.308, 2769107.125], [300281.924, 2769102.616], [300244.228, 2768897.808], [300297.382, 2768887.809]]]}, "properties": {"編號": "238", "圖層": "41", "顏色": "10", "街廓編號": "", "分區代碼": "PSC", "分區簡稱": "國中", "使用分區": "國中用地", "分區說明": "", "原屬分區": "", "變更前代碼": "", "變更前簡稱": "", "變更前分區": ""}}, {"type": "Feature", "geometry": {"type": "Polygon", "coordinates": [[[300097.616, 2769071.247], [300095.522, 2769069.965], [300095.082, 2769069.68], [300094.663, 2769069.395], [300094.265, 2769069.107], [300093.847, 2769068.79], [300093.464, 2769068.483], [300093.074, 2769068.154], [300092.692, 2769067.816], [300092.324, 2769067.471], [300091.953, 2769067.107], [300091.619, 2769066.763], [300091.267, 2769066.379], [300090.921, 2769065.983], [300090.606, 2769065.605], [300090.298, 2769065.214], [300090.003, 2769064.82], [300089.797, 2769064.528], [300089.236, 2769063.405], [300088.415, 2769061.827], [300087.557, 2769060.243], [300086.683, 2769058.699], [300085.789, 2769057.173], [300084.855, 2769055.644], [300083.904, 2769054.142], [300082.917, 2769052.64], [300081.908, 2769051.163], [300080.888, 2769049.721], [300079.835, 2769048.285], [300078.751, 2769046.857], [300077.648, 2769045.455], [300074.901, 2769042.084], [300070.733, 2769038.575], [300067.462, 2769036.278], [300063.984, 2769034.273], [300060.369, 2769032.601], [300056.628, 2769031.252], [300052.745, 2769030.231], [300051.5439762871, 2769030.0278478344], [300064.78, 2769027.965], [300059.165, 2768999.994], [300051.41529425955, 2768961.391187414], [300042.944, 2768919.193], [300161.544, 2768895.916], [300230.422, 2768882.64], [300239.913, 2768874.368], [300281.924, 2769102.616], [300232.515, 2769100.178], [300189.03, 2769096.791], [300185.763, 2769096.02], [300142.426, 2769085.793], [300111.6477199564, 2769077.301922742], [300106.9607401083, 2769076.2380583268], [300102.51462961436, 2769074.412766825], [300098.4321474409, 2769071.876445296], [300097.616, 2769071.247]]]}, "properties": {"編號": "239", "圖層": "41", "顏色": "10", "街廓編號": "", "分區代碼": "PSD", "分區簡稱": "高中", "使用分區": "高中用地", "分區說明": "", "原屬分區": "", "變更前代碼": "", "變更前簡稱": "", "變更前分區": ""}}, {"type": "Feature", "geometry": {"type": "Polygon", "coordinates": [[[300191.805, 2769127.128], [300231.036, 2769130.142], [300371.829, 2769137.089], [300369.175, 2769223.27], [300366.613, 2769306.52], [300272.863, 2769302.77], [300212.331, 2769300.77], [300197.987, 2769227.02], [300190.237, 2769187.77], [300190.925, 2769158.02], [300191.805, 2769127.128]]]}, "properties": {"編號": "244", "圖層": "41", "顏色": "10", "街廓編號": "", "分區代碼": "PSB", "分區簡稱": "國小", "使用分區": "國小用地", "分區說明": "", "原屬分區": "", "變更前代碼": "", "變更前簡稱": "", "變更前分區": ""}}, {"type": "Feature", "geometry": {"type": "Polygon", "coordinates": [[[300641.912, 2769417.917], [300641.737, 2769420.38], [300641.061, 2769429.887], [300639.682, 2769449.274], [300639.613, 2769449.27], [300623.269, 2769448.27], [300620.581, 2769445.27], [300621.831, 2769416.77], [300621.832, 2769416.747], [300641.912, 2769417.917]]]}, "properties": {"編號": "246", "圖層": "35", "顏色": "13", "街廓編號": "", "分區代碼": "PG", "分區簡稱": "機", "使用分區": "機關用地", "分區說明": "", "原屬分區": "", "變更前代碼": "", "變更前簡稱": "", "變更前分區": ""}}, {"type": "Feature", "geometry": {"type": "Polygon", "coordinates": [[[300675.519, 2769413.02], [300677.894, 2769416.27], [300674.3, 2769448.52], [300671.237, 2769451.27], [300639.682, 2769449.274], [300641.061, 2769429.887], [300641.737, 2769420.38], [300643.25, 2769420.601], [300643.698, 2769417.492], [300649.223, 2769418.203], [300650.948, 2769408.36], [300675.519, 2769413.02]]]}, "properties": {"編號": "247", "圖層": "39", "顏色": "16", "街廓編號": "", "分區代碼": "PM", "分區簡稱": "市", "使用分區": "市場用地", "分區說明": "", "原屬分區": "", "變更前代碼": "", "變更前簡稱": "", "變更前分區": ""}}, {"type": "Feature", "geometry": {"type": "Polygon", "coordinates": [[[300265.706, 2769446.27], [300269.925, 2769443.52], [300298.185, 2769454.146], [300296.924, 2769465.788], [300289.429, 2769463.352], [300287.687, 2769485.283], [300265.581, 2769483.52], [300262.987, 2769480.52], [300265.706, 2769446.27]]]}, "properties": {"編號": "248", "圖層": "35", "顏色": "13", "街廓編號": "", "分區代碼": "PG", "分區簡稱": "機", "使用分區": "機關用地", "分區說明": "", "原屬分區": "", "變更前代碼": "", "變更前簡稱": "", "變更前分區": ""}}, {"type": "Feature", "geometry": {"type": "Polygon", "coordinates": [[[300425.535, 2769698.322], [300430.925, 2769698.796], [300470.133, 2769702.31], [300469.396, 2769719.243], [300468.602, 2769746.468], [300489.191, 2769745.95], [300489.247, 2769760.735], [300430.925, 2769762.209], [300414.592, 2769762.622], [300416.967, 2769717.582], [300424.303, 2769717.687], [300425.535, 2769698.322]]]}, "properties": {"編號": "255", "圖層": "39", "顏色": "16", "街廓編號": "", "分區代碼": "PM", "分區簡稱": "市", "使用分區": "市場用地", "分區說明": "", "原屬分區": "", "變更前代碼": "", "變更前簡稱": "", "變更前分區": ""}}, {"type": "Feature", "geometry": {"type": "Polygon", "coordinates": [[[300650.247, 2769812.337], [300655.001, 2769811.616], [300661.372, 2769809.725], [300664.892, 2769822.604], [300672.432, 2769863.252], [300642.019, 2769864.27], [300639.8, 2769862.27], [300638.363, 2769832.27], [300637.425, 2769812.758], [300650.247, 2769812.337]]]}, "properties": {"編號": "256", "圖層": "39", "顏色": "16", "街廓編號": "", "分區代碼": "PM", "分區簡稱": "市", "使用分區": "市場用地", "分區說明": "", "原屬分區": "", "變更前代碼": "", "變更前簡稱": "", "變更前分區": ""}}, {"type": "Feature", "geometry": {"type": "Polygon", "coordinates": [[[301359.691, 2769211.622], [301364.968, 2769235.671], [301367.138, 2769245.561], [301363.08, 2769254.7], [301358.342, 2769257.407], [301319.167, 2769279.788], [301288.563, 2769297.272], [301258.694, 2769271.669], [301359.691, 2769211.622]]]}, "properties": {"編號": "258", "圖層": "35", "顏色": "13", "街廓編號": "", "分區代碼": "PG", "分區簡稱": "機", "使用分區": "機關用地", "分區說明": "", "原屬分區": "", "變更前代碼": "", "變更前簡稱": "", "變更前分區": ""}}, {"type": "Feature", "geometry": {"type": "Polygon", "coordinates": [[[301340.7120029297, 2769183.917997009], [301343.889, 2769180.668], [301353.502, 2769183.421], [301354.26, 2769186.873], [301359.691, 2769211.622], [301297.066, 2769248.833], [301258.69388372445, 2769271.6690691854], [301250.77, 2769264.877], [301254.853, 2769262.628], [301255.81, 2769262.078], [301256.764, 2769261.521], [301257.714, 2769260.958], [301258.661, 2769260.39], [301259.604, 2769259.814], [301260.542, 2769259.234], [301261.477, 2769258.646], [301262.408, 2769258.052], [301263.335, 2769257.45], [301264.258, 2769256.845], [301265.177, 2769256.231], [301266.091, 2769255.612], [301267.002, 2769254.987], [301267.908, 2769254.356], [301268.81, 2769253.72], [301269.708, 2769253.077], [301270.601, 2769252.427], [301271.49, 2769251.773], [301272.375, 2769251.112], [301273.255, 2769250.444], [301274.131, 2769249.773], [301275.002, 2769249.094], [301275.869, 2769248.41], [301276.731, 2769247.719], [301277.588, 2769247.023], [301278.441, 2769246.322], [301279.289, 2769245.614], [301280.133, 2769244.901], [301280.971, 2769244.183], [301281.805, 2769243.458], [301282.634, 2769242.728], [301283.457, 2769241.993], [301284.276, 2769241.253], [301285.09, 2769240.506], [301285.899, 2769239.754], [301286.703, 2769238.996], [301287.502, 2769238.234], [301288.296, 2769237.467], [301289.084, 2769236.694], [301289.868, 2769235.916], [301290.646, 2769235.132], [301291.396, 2769234.365], [301340.7120029297, 2769183.917997009]]]}, "properties": {"編號": "259", "圖層": "35", "顏色": "13", "街廓編號": "", "分區代碼": "PG", "分區簡稱": "機", "使用分區": "機關用地", "分區說明": "", "原屬分區": "", "變更前代碼": "", "變更前簡稱": "", "變更前分區": ""}}, {"type": "Feature", "geometry": {"type": "Polygon", "coordinates": [[[301548.458, 2769182.731], [301554.693, 2769179.146], [301591.033, 2769158.28], [301608.55, 2769148.213], [301608.554, 2769148.219], [301582.124, 2769246.956], [301566.121, 2769304.5], [301551.326, 2769300.327], [301440.039, 2769268.939], [301437.028, 2769268.089], [301434.563, 2769248.243], [301441.709, 2769244.132], [301548.458, 2769182.731]]]}, "properties": {"編號": "261", "圖層": "41", "顏色": "10", "街廓編號": "", "分區代碼": "PSB", "分區簡稱": "國小", "使用分區": "國小用地", "分區說明": "", "原屬分區": "", "變更前代碼": "", "變更前簡稱": "", "變更前分區": ""}}, {"type": "Feature", "geometry": {"type": "Polygon", "coordinates": [[[301630.925, 2769135.354], [301683.998, 2769104.866], [301881.706, 2769154.27], [301884.269, 2769158.52], [301871.206, 2769210.77], [301862.737, 2769245.02], [301850.863, 2769292.77], [301830.175, 2769376.02], [301825.831, 2769378.52], [301630.929, 2769322.763], [301630.925, 2769322.777], [301566.121, 2769304.5], [301582.124, 2769246.956], [301608.554, 2769148.219], [301608.55, 2769148.213], [301630.925, 2769135.354]]]}, "properties": {"編號": "262", "圖層": "41", "顏色": "10", "街廓編號": "", "分區代碼": "PSD", "分區簡稱": "高中", "使用分區": "高中用地", "分區說明": "", "原屬分區": "", "變更前代碼": "", "變更前簡稱": "", "變更前分區": ""}}, {"type": "Feature", "geometry": {"type": "Polygon", "coordinates": [[[301603.092, 2769100.703], [301601.759, 2769100.954], [301601.283, 2769099.372], [301612.402, 2769097.016], [301612.616, 2769098.05], [301615.065, 2769109.845], [301604.623, 2769115.852], [301603.201, 2769106.656], [301603.925, 2769106.52], [301603.092, 2769100.703]]]}, "properties": {"編號": "263", "圖層": "35", "顏色": "13", "街廓編號": "", "分區代碼": "PG", "分區簡稱": "機", "使用分區": "機關用地", "分區說明": "", "原屬分區": "", "變更前代碼": "", "變更前簡稱": "", "變更前分區": ""}}, {"type": "Feature", "geometry": {"type": "Polygon", "coordinates": [[[301975.894, 2769528.77], [301979.831, 2769528.02], [302029.363, 2769561.27], [302030.144, 2769565.27], [301986.615, 2769629.384], [301962.081, 2769665.52], [301956.081, 2769665.77], [301919.644, 2769616.27], [301919.581, 2769613.27], [301975.894, 2769528.77]]]}, "properties": {"編號": "265", "圖層": "35", "顏色": "13", "街廓編號": "", "分區代碼": "PG", "分區簡稱": "機", "使用分區": "機關用地", "分區說明": "", "原屬分區": "", "變更前代碼": "", "變更前簡稱": "", "變更前分區": ""}}, {"type": "Feature", "geometry": {"type": "Polygon", "coordinates": [[[301919.357, 2769506.738], [301970.064, 2769521.107], [301942.972, 2769561.753], [301932.66, 2769577.224], [301882.628, 2769565.881], [301882.363, 2769565.52], [301882.269, 2769561.52], [301919.357, 2769506.738]]]}, "properties": {"編號": "266", "圖層": "35", "顏色": "13", "街廓編號": "", "分區代碼": "PG", "分區簡稱": "機", "使用分區": "機關用地", "分區說明": "", "原屬分區": "", "變更前代碼": "", "變更前簡稱": "", "變更前分區": ""}}, {"type": "Feature", "geometry": {"type": "Polygon", "coordinates": [[[301292.886, 2769570.667], [301295.783, 2769567.378], [301416.977, 2769555.569], [301420.233, 2769558.265], [301432.788, 2769696.02], [301434.063, 2769709.949], [301445.931, 2769759.287], [301443.935, 2769762.753], [301391.444, 2769778.421], [301354.261, 2769789.414], [301314.68, 2769801.116], [301304.019, 2769804.196], [301299.978, 2769801.251], [301297.347, 2769713.829], [301296.787, 2769696.02], [301292.886, 2769570.667]]]}, "properties": {"編號": "270", "圖層": "41", "顏色": "10", "街廓編號": "", "分區代碼": "PSC", "分區簡稱": "國中", "使用分區": "國中用地", "分區說明": "", "原屬分區": "", "變更前代碼": "", "變更前簡稱": "", "變更前分區": ""}}, {"type": "Feature", "geometry": {"type": "Polygon", "coordinates": [[[301483.922, 2769705.706], [301519.862, 2769702.386], [301520.672, 2769710.935], [301522.998, 2769735.266], [301519.665, 2769740.204], [301455.1, 2769759.344], [301451.635, 2769757.345], [301440.759, 2769712.131], [301442.5, 2769709.688], [301483.922, 2769705.706]]]}, "properties": {"編號": "271", "圖層": "35", "顏色": "13", "街廓編號": "", "分區代碼": "PG", "分區簡稱": "機", "使用分區": "機關用地", "分區說明": "", "原屬分區": "", "變更前代碼": "", "變更前簡稱": "", "變更前分區": ""}}, {"type": "Feature", "geometry": {"type": "Polygon", "coordinates": [[[301228.354, 2769839.808], [301230.925, 2769841.242], [301232.721, 2769842.243], [301243.349, 2769881.424], [301209.285, 2769891.623], [301193.256, 2769853.329], [301194.97, 2769849.715], [301228.354, 2769839.808]]]}, "properties": {"編號": "273", "圖層": "35", "顏色": "13", "街廓編號": "", "分區代碼": "PG", "分區簡稱": "機", "使用分區": "機關用地", "分區說明": "", "原屬分區": "", "變更前代碼": "", "變更前簡稱": "", "變更前分區": ""}}, {"type": "Feature", "geometry": {"type": "Polygon", "coordinates": [[[301230.925, 2771019.862], [301359.199, 2770986.591], [301363.506, 2770989.129], [301387.008, 2771080.467], [301384.495, 2771084.791], [301230.925, 2771126.621], [301199.431, 2771135.2], [301195.111, 2771132.683], [301171.234, 2771038.99], [301173.778, 2771034.686], [301230.925, 2771019.862]]]}, "properties": {"編號": "279", "圖層": "41", "顏色": "10", "街廓編號": "", "分區代碼": "PSB", "分區簡稱": "國小", "使用分區": "國小用地", "分區說明": "", "原屬分區": "", "變更前代碼": "", "變更前簡稱": "", "變更前分區": ""}}, {"type": "Feature", "geometry": {"type": "Polygon", "coordinates": [[[301855.775, 2770424.132], [301858.804, 2770426.737], [301860.294, 2770468.647], [301835.785, 2770469.278], [301825.725, 2770469.698], [301825.175, 2770465.27], [301806.628, 2770466.52], [301788.081, 2770467.77], [301785.05, 2770465.27], [301782.394, 2770435.77], [301785.55, 2770432.02], [301855.775, 2770424.132]]]}, "properties": {"編號": "290", "圖層": "35", "顏色": "13", "街廓編號": "", "分區代碼": "PG", "分區簡稱": "機", "使用分區": "機關用地", "分區說明": "", "原屬分區": "", "變更前代碼": "", "變更前簡稱": "", "變更前分區": ""}}, {"type": "Feature", "geometry": {"type": "Polygon", "coordinates": [[[302191.605, 2770103.609], [302202.061, 2770143.858], [302202.309, 2770145.2], [302202.367, 2770146.564], [302202.231, 2770147.921], [302201.905, 2770149.248], [302201.395, 2770150.513], [302200.712, 2770151.695], [302199.869, 2770152.77], [302198.883, 2770153.712], [302197.921, 2770154.529], [302196.976, 2770155.364], [302196.05, 2770156.22], [302195.141, 2770157.094], [302194.251, 2770157.987], [302193.38, 2770158.899], [302192.529, 2770159.83], [302191.697, 2770160.777], [302190.885, 2770161.742], [302190.094, 2770162.723], [302189.323, 2770163.723], [302188.574, 2770164.737], [302187.846, 2770165.765], [302187.14, 2770166.811], [302186.456, 2770167.87], [302185.795, 2770168.944], [302185.156, 2770170.032], [302184.54, 2770171.132], [302183.947, 2770172.245], [302183.378, 2770173.37], [302182.833, 2770174.507], [302182.312, 2770175.655], [302181.815, 2770176.814], [302181.342, 2770177.984], [302180.894, 2770179.163], [302180.471, 2770180.35], [302180.073, 2770181.546], [302179.701, 2770182.751], [302179.353, 2770183.964], [302179.032, 2770185.183], [302178.736, 2770186.408], [302178.465, 2770187.64], [302178.221, 2770188.878], [302178.0, 2770190.119], [302177.68, 2770191.45], [302177.179, 2770192.723], [302176.505, 2770193.913], [302175.671, 2770194.996], [302174.693, 2770195.953], [302173.59, 2770196.762], [302172.385, 2770197.41], [302171.1, 2770197.881], [302111.262, 2770215.181], [302043.175, 2770234.865], [302030.925, 2770227.868], [302025.595, 2770224.822], [302007.171, 2770154.674], [302009.241, 2770151.137], [302191.605, 2770103.609]]]}, "properties": {"編號": "291", "圖層": "35", "顏色": "13", "街廓編號": "", "分區代碼": "PG", "分區簡稱": "機", "使用分區": "機關用地", "分區說明": "", "原屬分區": "", "變更前代碼": "", "變更前簡稱": "", "變更前分區": ""}}, {"type": "Feature", "geometry": {"type": "Polygon", "coordinates": [[[302148.659, 2769938.213], [302161.026, 2769985.887], [302163.658, 2769996.02], [302189.543, 2770095.673], [302135.506, 2770109.756], [302115.549, 2770114.957], [302074.195, 2769957.355], [302074.182, 2769957.304], [302148.659, 2769938.213]]]}, "properties": {"編號": "292", "圖層": "35", "顏色": "13", "街廓編號": "", "分區代碼": "PG", "分區簡稱": "機", "使用分區": "機關用地", "分區說明": "", "原屬分區": "", "變更前代碼": "", "變更前簡稱": "", "變更前分區": ""}}, {"type": "Feature", "geometry": {"type": "Polygon", "coordinates": [[[301994.949, 2769813.956], [301995.898, 2769813.095], [301996.816, 2769812.2], [301997.702, 2769811.274], [301998.556, 2769810.319], [301999.377, 2769809.333], [302000.162, 2769808.32], [302000.913, 2769807.282], [302001.627, 2769806.217], [302002.304, 2769805.129], [302002.943, 2769804.018], [302003.543, 2769802.885], [302004.104, 2769801.733], [302004.624, 2769800.561], [302005.104, 2769799.373], [302005.542, 2769798.168], [302005.938, 2769796.95], [302006.293, 2769795.717], [302006.604, 2769794.473], [302006.872, 2769793.22], [302007.097, 2769791.958], [302007.278, 2769790.689], [302007.415, 2769789.416], [302007.508, 2769788.137], [302007.558, 2769786.856], [302007.753, 2769785.487], [302008.261, 2769784.203], [302009.058, 2769783.074], [302010.098, 2769782.163], [302011.323, 2769781.524], [302012.664, 2769781.191], [302030.925, 2769778.899], [302078.407, 2769772.94], [302079.787, 2769772.858], [302081.166, 2769772.958], [302082.52, 2769773.237], [302083.827, 2769773.689], [302085.062, 2769774.31], [302086.206, 2769775.086], [302087.239, 2769776.007], [302088.186, 2769776.939], [302089.16, 2769777.842], [302090.162, 2769778.714], [302091.19, 2769779.557], [302092.244, 2769780.367], [302093.321, 2769781.143], [302094.422, 2769781.887], [302095.545, 2769782.598], [302096.69, 2769783.274], [302097.854, 2769783.913], [302099.038, 2769784.518], [302100.239, 2769785.086], [302101.457, 2769785.615], [302102.691, 2769786.109], [302103.939, 2769786.565], [302105.121, 2769787.05], [302106.243, 2769787.66], [302107.292, 2769788.39], [302108.255, 2769789.228], [302109.121, 2769790.168], [302109.879, 2769791.195], [302110.522, 2769792.299], [302111.04, 2769793.467], [302111.427, 2769794.683], [302148.659, 2769938.213], [302074.182, 2769957.304], [301985.871, 2769979.941], [301985.87, 2769979.941], [301981.615, 2769825.805], [301981.622, 2769825.804], [301981.752, 2769824.381], [301982.214, 2769823.027], [301982.982, 2769821.822], [301984.012, 2769820.831], [301985.246, 2769820.111], [301986.413, 2769819.58], [301987.56, 2769819.009], [301988.688, 2769818.399], [301989.793, 2769817.749], [301990.876, 2769817.064], [301991.934, 2769816.341], [301992.966, 2769815.581], [301993.972, 2769814.785], [301994.949, 2769813.956]]]}, "properties": {"編號": "294", "圖層": "41", "顏色": "10", "街廓編號": "", "分區代碼": "PSB", "分區簡稱": "國小", "使用分區": "國小用地", "分區說明": "", "原屬分區": "", "變更前代碼": "", "變更前簡稱": "", "變更前分區": ""}}, {"type": "Feature", "geometry": {"type": "Polygon", "coordinates": [[[301985.87, 2769979.941], [301985.871, 2769979.941], [302074.182, 2769957.304], [302074.195, 2769957.355], [302115.549, 2770114.957], [302024.334, 2770138.73], [302007.158, 2770143.206], [302003.615, 2770141.132], [301988.758, 2770084.564], [301986.314, 2769996.02], [301985.87, 2769979.941]]]}, "properties": {"編號": "295", "圖層": "41", "顏色": "10", "街廓編號": "", "分區代碼": "PSC", "分區簡稱": "國中", "使用分區": "國中用地", "分區說明": "", "原屬分區": "", "變更前代碼": "", "變更前簡稱": "", "變更前分區": ""}}, {"type": "Feature", "geometry": {"type": "Polygon", "coordinates": [[[301977.8629506822, 2769679.2698465833], [301976.175, 2769674.02], [301978.872, 2769670.038], [301988.455, 2769668.832], [301998.037, 2769667.626], [302106.868, 2769653.927], [302151.827, 2769588.076], [302198.514, 2769619.87], [302149.956, 2769691.77], [302143.235, 2769696.02], [302140.972, 2769697.294], [302070.23, 2769706.171], [302069.738, 2769702.276], [302051.085, 2769704.595], [302051.874, 2769708.474], [302030.925, 2769711.103], [302002.276, 2769714.697], [301999.17, 2769711.992], [301998.805, 2769708.831], [301998.614, 2769707.567], [301998.381, 2769706.309], [301998.105, 2769705.061], [301997.786, 2769703.821], [301997.425, 2769702.594], [301997.022, 2769701.38], [301996.577, 2769700.181], [301996.092, 2769698.996], [301994.6459996388, 2769696.01999918], [301992.22916543746, 2769691.521579302], [301989.14040398167, 2769687.4550793786], [301985.4552901692, 2769683.9199973224], [301981.26399027015, 2769681.002828471], [301977.8629506822, 2769679.2698465833]]]}, "properties": {"編號": "297", "圖層": "35", "顏色": "13", "街廓編號": "", "分區代碼": "PG", "分區簡稱": "機", "使用分區": "機關用地", "分區說明": "", "原屬分區": "", "變更前代碼": "", "變更前簡稱": "", "變更前分區": ""}}, {"type": "Feature", "geometry": {"type": "Polygon", "coordinates": [[[300658.073, 2768910.569], [300688.569, 2768916.078], [300685.192, 2768936.171], [300681.891, 2768955.803], [300637.418, 2768947.195], [300634.898, 2768944.089], [300635.533, 2768906.228], [300658.073, 2768910.569]]]}, "properties": {"編號": "326", "圖層": "39", "顏色": "16", "街廓編號": "", "分區代碼": "PM", "分區簡稱": "市", "使用分區": "市場用地", "分區說明": "", "原屬分區": "", "變更前代碼": "", "變更前簡稱": "", "變更前分區": ""}}, {"type": "Feature", "geometry": {"type": "Polygon", "coordinates": [[[300425.206, 2770142.02], [300428.863, 2770145.52], [300429.8, 2770166.77], [300427.113, 2770169.52], [300406.269, 2770170.27], [300380.675, 2770170.52], [300378.144, 2770168.77], [300369.175, 2770149.27], [300369.113, 2770146.02], [300371.863, 2770143.02], [300425.206, 2770142.02]]]}, "properties": {"編號": "348", "圖層": "35", "顏色": "13", "街廓編號": "", "分區代碼": "PG", "分區簡稱": "機", "使用分區": "機關用地", "分區說明": "", "原屬分區": "", "變更前代碼": "", "變更前簡稱": "", "變更前分區": ""}}, {"type": "Feature", "geometry": {"type": "Polygon", "coordinates": [[[300573.729, 2770233.913], [300575.661, 2770231.74], [300609.454, 2770230.266], [300611.83, 2770229.963], [300613.878, 2770245.891], [300617.587, 2770256.281], [300617.958, 2770267.166], [300618.205, 2770271.372], [300611.537, 2770271.731], [300609.905, 2770271.856], [300585.151, 2770273.275], [300575.607, 2770273.725], [300573.729, 2770233.913]]]}, "properties": {"編號": "353", "圖層": "39", "顏色": "16", "街廓編號": "", "分區代碼": "PM", "分區簡稱": "市", "使用分區": "市場用地", "分區說明": "", "原屬分區": "", "變更前代碼": "", "變更前簡稱": "", "變更前分區": ""}}, {"type": "Feature", "geometry": {"type": "Polygon", "coordinates": [[[300826.288, 2770559.086], [300830.925, 2770557.264], [300833.809, 2770555.8], [300833.464, 2770539.575], [300831.762, 2770539.832], [300830.925, 2770530.625], [300829.735, 2770517.534], [300830.925, 2770517.448], [300848.083, 2770516.201], [300845.699, 2770520.241], [300846.954, 2770534.617], [300857.352, 2770537.788], [300866.9304235053, 2770548.480932615], [300882.275, 2770644.895], [300830.925, 2770657.766], [300746.283, 2770679.412], [300742.439, 2770678.305], [300741.518, 2770677.395], [300740.577, 2770676.506], [300739.616, 2770675.637], [300738.636, 2770674.791], [300737.637, 2770673.967], [300736.62, 2770673.166], [300735.586, 2770672.387], [300734.534, 2770671.632], [300733.465, 2770670.901], [300732.381, 2770670.194], [300731.28, 2770669.51], [300730.165, 2770668.853], [300729.036, 2770668.22], [300727.892, 2770667.612], [300726.735, 2770667.032], [300725.565, 2770666.475], [300724.384, 2770665.947], [300723.19, 2770665.444], [300721.986, 2770664.969], [300720.771, 2770664.52], [300718.206, 2770661.45], [300708.724, 2770596.02], [300706.335, 2770579.531], [300747.424, 2770573.803], [300755.031, 2770572.716], [300826.288, 2770559.086]]]}, "properties": {"編號": "354", "圖層": "41", "顏色": "10", "街廓編號": "", "分區代碼": "PSB", "分區簡稱": "國小", "使用分區": "國小用地", "分區說明": "", "原屬分區": "", "變更前代碼": "", "變更前簡稱": "", "變更前分區": ""}}, {"type": "Feature", "geometry": {"type": "Polygon", "coordinates": [[[300856.385, 2770482.224], [300873.08, 2770480.625], [300873.867, 2770490.811], [300857.994, 2770492.331], [300856.385, 2770482.224]]]}, "properties": {"編號": "355", "圖層": "41", "顏色": "10", "街廓編號": "", "分區代碼": "PSF", "分區簡稱": "大專", "使用分區": "大專用地", "分區說明": "", "原屬分區": "", "變更前代碼": "", "變更前簡稱": "", "變更前分區": ""}}, {"type": "Feature", "geometry": {"type": "Polygon", "coordinates": [[[300830.925, 2770484.662], [300856.385, 2770482.224], [300866.93, 2770548.481], [300857.352, 2770537.788], [300846.954, 2770534.617], [300845.699, 2770520.241], [300848.083, 2770516.201], [300830.925, 2770517.448], [300829.735, 2770517.534], [300830.925, 2770530.625], [300831.762, 2770539.832], [300833.464, 2770539.575], [300833.809, 2770555.8], [300830.925, 2770557.264], [300826.288, 2770559.086], [300755.031, 2770572.716], [300747.424, 2770573.803], [300706.335, 2770579.531], [300694.548, 2770498.194], [300697.679, 2770494.296], [300830.925, 2770484.662]]]}, "properties": {"編號": "356", "圖層": "41", "顏色": "10", "街廓編號": "", "分區代碼": "PSF", "分區簡稱": "大專", "使用分區": "大專用地", "分區說明": "", "原屬分區": "", "變更前代碼": "", "變更前簡稱": "", "變更前分區": ""}}, {"type": "Feature", "geometry": {"type": "Polygon", "coordinates": [[[300958.357, 2770749.656], [300961.221, 2770751.344], [300970.696, 2770786.069], [300899.725, 2770803.865], [300892.612, 2770768.751], [300894.255, 2770766.133], [300958.357, 2770749.656]]]}, "properties": {"編號": "359", "圖層": "35", "顏色": "13", "街廓編號": "", "分區代碼": "PG", "分區簡稱": "機", "使用分區": "機關用地", "分區說明": "", "原屬分區": "", "變更前代碼": "", "變更前簡稱": "", "變更前分區": ""}}, {"type": "Feature", "geometry": {"type": "Polygon", "coordinates": [[[299924.247, 2769806.74], [299924.786, 2769805.441], [299925.28, 2769804.126], [299925.727, 2769802.794], [299937.913, 2769802.474], [299938.601, 2769821.59], [299932.19, 2769827.01], [299920.887, 2769812.899], [299921.644, 2769811.716], [299922.36, 2769810.507], [299923.033, 2769809.273], [299923.662, 2769808.016], [299924.247, 2769806.74]]]}, "properties": {"編號": "367", "圖層": "35", "顏色": "13", "街廓編號": "", "分區代碼": "PG", "分區簡稱": "機", "使用分區": "機關用地", "分區說明": "", "原屬分區": "", "變更前代碼": "", "變更前簡稱": "", "變更前分區": ""}}, {"type": "Feature", "geometry": {"type": "Polygon", "coordinates": [[[300027.559, 2769800.117], [300030.925, 2769800.03], [300111.675, 2769798.02], [300132.019, 2769797.52], [300132.831, 2769833.52], [300134.394, 2769900.02], [300135.206, 2769935.02], [300132.456, 2769937.77], [300082.081, 2769939.52], [300030.925, 2769941.378], [300023.99, 2769941.621], [299994.385, 2769904.66], [300025.272, 2769896.665], [300016.044, 2769860.21], [299969.147, 2769873.151], [299932.19, 2769827.01], [299938.601, 2769821.59], [299937.913, 2769802.474], [300027.559, 2769800.117]]]}, "properties": {"編號": "368", "圖層": "41", "顏色": "10", "街廓編號": "", "分區代碼": "PSB", "分區簡稱": "國小", "使用分區": "國小用地", "分區說明": "", "原屬分區": "", "變更前代碼": "", "變更前簡稱": "", "變更前分區": ""}}, {"type": "Feature", "geometry": {"type": "Polygon", "coordinates": [[[299784.423, 2769271.612], [299788.417, 2769271.824], [299865.313, 2769349.015], [299865.102, 2769353.01], [299812.121, 2769396.02], [299762.659, 2769436.171], [299747.755, 2769442.635], [299744.843, 2769441.913], [299708.033, 2769396.02], [299679.451, 2769360.384], [299679.877, 2769356.405], [299689.967, 2769348.22], [299723.685, 2769320.868], [299784.423, 2769271.612]]]}, "properties": {"編號": "373", "圖層": "41", "顏色": "10", "街廓編號": "", "分區代碼": "PSB", "分區簡稱": "國小", "使用分區": "國小用地", "分區說明": "", "原屬分區": "", "變更前代碼": "", "變更前簡稱": "", "變更前分區": ""}}, {"type": "Feature", "geometry": {"type": "Polygon", "coordinates": [[[301237.607, 2771496.02], [301267.215, 2771491.012], [301271.417, 2771493.723], [301272.023, 2771496.02], [301304.363, 2771619.52], [301302.113, 2771624.02], [301230.925, 2771652.387], [301194.206, 2771667.02], [301189.863, 2771664.52], [301174.487, 2771563.77], [301168.394, 2771539.27], [301168.185, 2771538.615], [301159.363, 2771511.02], [301161.956, 2771506.77], [301237.607, 2771496.02]]]}, "properties": {"編號": "378", "圖層": "41", "顏色": "10", "街廓編號": "", "分區代碼": "PSC", "分區簡稱": "國中", "使用分區": "國中用地", "分區說明": "", "原屬分區": "", "變更前代碼": "", "變更前簡稱": "", "變更前分區": ""}}, {"type": "Feature", "geometry": {"type": "Polygon", "coordinates": [[[301503.084, 2771906.869], [301503.144, 2771906.77], [301548.456, 2771908.52], [301551.113, 2771911.52], [301548.113, 2771947.02], [301542.644, 2772008.27], [301541.925, 2772021.27], [301539.164, 2772023.547], [301521.644, 2772022.02], [301472.855, 2772017.226], [301470.581, 2772014.27], [301471.517, 2772006.738], [301472.453, 2771999.206], [301473.389, 2771991.674], [301474.255, 2771984.706], [301475.987, 2771970.77], [301481.925, 2771922.52], [301483.419, 2771910.561], [301487.914, 2771906.659], [301503.084, 2771906.869]]]}, "properties": {"編號": "382", "圖層": "39", "顏色": "16", "街廓編號": "", "分區代碼": "PM", "分區簡稱": "市", "使用分區": "市場用地", "分區說明": "", "原屬分區": "", "變更前代碼": "", "變更前簡稱": "", "變更前分區": ""}}, {"type": "Feature", "geometry": {"type": "Polygon", "coordinates": [[[301313.782, 2771770.373], [301314.699, 2771778.418], [301311.363, 2771783.27], [301305.425, 2771785.102], [301303.398, 2771785.732], [301303.402, 2771785.745], [301301.40197683644, 2771786.3668082217], [301299.607, 2771771.504], [301303.5660359204, 2771771.188115024], [301313.782, 2771770.373]]]}, "properties": {"編號": "383", "圖層": "35", "顏色": "13", "街廓編號": "", "分區代碼": "PG", "分區簡稱": "機", "使用分區": "機關用地", "分區說明": "", "原屬分區": "", "變更前代碼": "", "變更前簡稱": "", "變更前分區": ""}}, {"type": "Feature", "geometry": {"type": "Polygon", "coordinates": [[[302572.898, 2769374.878], [302582.187, 2769370.242], [302643.061, 2769339.961], [302695.483, 2769313.885], [302699.058, 2769315.677], [302710.752, 2769380.038], [302713.647, 2769396.02], [302722.332, 2769443.958], [302720.561, 2769447.546], [302631.176, 2769493.427], [302630.41, 2769493.82], [302617.293, 2769466.692], [302614.9659632557, 2769467.8889285563], [302606.953, 2769451.318], [302609.28, 2769450.121], [302572.898, 2769374.878]]]}, "properties": {"編號": "385", "圖層": "41", "顏色": "10", "街廓編號": "", "分區代碼": "PSC", "分區簡稱": "國中", "使用分區": "國中用地", "分區說明": "", "原屬分區": "", "變更前代碼": "", "變更前簡稱": "", "變更前分區": ""}}, {"type": "Feature", "geometry": {"type": "Polygon", "coordinates": [[[303162.837, 2769696.02], [303162.845, 2769696.02], [303172.211, 2769691.03], [303176.245, 2769702.19], [303174.118, 2769703.222], [303182.385, 2769719.316], [303183.721, 2769721.917], [303186.517, 2769724.723], [303189.832, 2769732.156], [303191.393, 2769731.566], [303192.633, 2769734.458], [303193.339, 2769734.464], [303194.421, 2769737.297], [303159.98, 2769747.321], [303158.526, 2769741.896], [303140.606, 2769707.865], [303147.623, 2769704.126], [303162.837, 2769696.02]]]}, "properties": {"編號": "389", "圖層": "39", "顏色": "16", "街廓編號": "", "分區代碼": "PM", "分區簡稱": "市", "使用分區": "市場用地", "分區說明": "", "原屬分區": "", "變更前代碼": "", "變更前簡稱": "", "變更前分區": ""}}, {"type": "Feature", "geometry": {"type": "Polygon", "coordinates": [[[303488.035, 2768834.982], [303522.58, 2768832.07], [303531.741, 2768969.808], [303529.088, 2768972.803], [303447.182, 2768977.285], [303435.787, 2768977.909], [303433.193, 2768978.35], [303388.604, 2768985.935], [303317.333, 2768997.695], [303312.019, 2768998.572], [303309.582, 2768996.822], [303308.777, 2768991.884], [303303.415, 2768959.003], [303299.589, 2768935.734], [303292.539, 2768892.348], [303288.915, 2768851.766], [303488.035, 2768834.982]]]}, "properties": {"編號": "392", "圖層": "41", "顏色": "10", "街廓編號": "", "分區代碼": "PSF", "分區簡稱": "大專", "使用分區": "大專用地", "分區說明": "", "原屬分區": "", "變更前代碼": "", "變更前簡稱": "", "變更前分區": ""}}, {"type": "Feature", "geometry": {"type": "Polygon", "coordinates": [[[303961.805, 2771962.73], [303973.164, 2771962.556], [303973.955, 2772029.83], [303968.175, 2772039.24], [303959.105, 2772046.34], [303950.655, 2772052.8], [303922.155, 2772069.65], [303893.765, 2772086.29], [303886.795, 2772090.86], [303882.105, 2772096.02], [303870.945, 2772108.29], [303854.875, 2772128.62], [303847.924, 2772138.261], [303847.445, 2772096.02], [303847.287, 2772080.17], [303846.165, 2771967.68], [303849.655, 2771964.1], [303961.805, 2771962.73]]]}, "properties": {"編號": "436", "圖層": "41", "顏色": "10", "街廓編號": "", "分區代碼": "PSB", "分區簡稱": "國小", "使用分區": "國小用地", "分區說明": "", "原屬分區": "", "變更前代碼": "", "變更前簡稱": "", "變更前分區": ""}}, {"type": "Feature", "geometry": {"type": "Polygon", "coordinates": [[[306068.7647393546, 2772128.7625437165], [306068.765, 2772128.76], [306206.2533893352, 2772141.400596073], [306207.9995642889, 2772141.958155963], [306209.3485088377, 2772143.1992637757], [306210.0492912898, 2772144.8930476923], [306210.0969299705, 2772146.014989302], [306210.095, 2772146.02], [306201.595, 2772240.229], [306201.5928662763, 2772240.2284616833], [306201.0383102705, 2772241.9755929424], [306199.7995241985, 2772243.3266699454], [306198.10694798804, 2772244.0303643188], [306196.98223199154, 2772244.0796783203], [306052.111, 2772231.151], [306052.110465482, 2772231.1543004033], [306050.555623589, 2772230.619822445], [306049.42831099057, 2772229.4230073774], [306048.98769938137, 2772227.8390056696], [306049.03357753204, 2772227.1710507856], [306049.035, 2772227.17], [306063.467, 2772141.191], [306065.07509053923, 2772131.6099484977], [306065.7280981214, 2772130.101047872], [306067.00843212655, 2772129.0695708557], [306068.62174089503, 2772128.752656328], [306068.7647393546, 2772128.7625437165]]]}, "properties": {"編號": "472", "圖層": "41", "顏色": "10", "街廓編號": "", "分區代碼": "PSC", "分區簡稱": "國中", "使用分區": "國中用地", "分區說明": "", "原屬分區": "", "變更前代碼": "", "變更前簡稱": "", "變更前分區": ""}}, {"type": "Feature", "geometry": {"type": "Polygon", "coordinates": [[[305678.326, 2772057.567], [305678.647, 2772046.942], [305683.918, 2772039.488], [305686.716, 2772033.429], [305687.713, 2772033.488], [305690.755, 2772033.67], [305778.2450000305, 2772038.97], [305779.525, 2772039.05], [305782.355, 2772041.88], [305785.555, 2772096.02], [305786.225, 2772107.36], [305786.445, 2772111.04], [305786.445, 2772111.53], [305786.325, 2772112.52], [305786.025, 2772113.47], [305785.565, 2772114.35], [305784.945, 2772115.14], [305784.195, 2772115.8], [305781.825, 2772117.52], [305779.865, 2772118.94], [305777.455, 2772120.68], [305774.695, 2772122.67], [305771.655, 2772124.82], [305768.445, 2772127.08], [305765.455, 2772129.22], [305762.385, 2772131.36], [305759.245, 2772133.48], [305756.045, 2772135.54], [305752.785, 2772137.52], [305749.655, 2772139.16], [305746.445, 2772140.71], [305743.115, 2772142.2], [305739.645, 2772143.65], [305735.995, 2772145.08], [305731.665, 2772146.76], [305727.205, 2772148.42], [305722.695, 2772150.01], [305718.215, 2772151.5], [305713.845, 2772152.85], [305710.365, 2772153.77], [305706.975, 2772154.55], [305703.615, 2772155.19], [305700.175, 2772155.73], [305696.575, 2772156.18], [305692.015, 2772156.69], [305687.295, 2772157.14], [305682.495, 2772157.52], [305677.705, 2772157.85], [305673.015, 2772158.11], [305668.935, 2772158.3], [305665.015, 2772158.42], [305661.255, 2772158.47], [305657.615, 2772158.44], [305654.095, 2772158.35], [305650.375, 2772158.09], [305646.805, 2772157.78], [305643.445, 2772157.43], [305640.365, 2772157.06], [305637.615, 2772156.7], [305630.925, 2772155.75], [305629.179, 2772155.354], [305628.31, 2772155.14], [305630.562, 2772150.361], [305634.676, 2772145.507], [305640.043, 2772139.475], [305640.648, 2772138.77], [305636.412, 2772134.939], [305641.254, 2772129.597], [305649.215, 2772121.026], [305654.259, 2772115.72], [305656.052, 2772112.939], [305659.52, 2772106.534], [305664.079, 2772098.692], [305669.248, 2772089.949], [305670.945, 2772086.29], [305677.675, 2772081.28], [305678.326, 2772057.567]]]}, "properties": {"編號": "473", "圖層": "41", "顏色": "10", "街廓編號": "", "分區代碼": "PSB", "分區簡稱": "國小", "使用分區": "國小用地", "分區說明": "", "原屬分區": "", "變更前代碼": "", "變更前簡稱": "", "變更前分區": ""}}, {"type": "Feature", "geometry": {"type": "Polygon", "coordinates": [[[305861.285, 2771934.06], [305891.315, 2771936.4], [305893.915, 2771939.44], [305891.445, 2771970.943], [305855.417, 2771968.17], [305855.545, 2771966.73], [305858.225, 2771936.65], [305861.285, 2771934.06]]]}, "properties": {"編號": "477", "圖層": "39", "顏色": "16", "街廓編號": "", "分區代碼": "PM", "分區簡稱": "市", "使用分區": "市場用地", "分區說明": "", "原屬分區": "", "變更前代碼": "", "變更前簡稱": "", "變更前分區": ""}}, {"type": "Feature", "geometry": {"type": "Polygon", "coordinates": [[[304626.378, 2770263.409], [304629.182, 2770260.556], [304671.378, 2770260.345], [304686.099, 2770260.271], [304688.961, 2770263.065], [304689.584, 2770296.02], [304689.586, 2770296.02], [304690.486, 2770343.494], [304680.326, 2770343.924], [304680.3213478806, 2770343.924066866], [304674.064, 2770344.014], [304627.356, 2770344.687], [304626.77, 2770296.02], [304626.773, 2770296.02], [304626.378, 2770263.409]]]}, "properties": {"編號": "504", "圖層": "41", "顏色": "10", "街廓編號": "", "分區代碼": "PSC", "分區簡稱": "國中", "使用分區": "國中用地", "分區說明": "", "原屬分區": "", "變更前代碼": "", "變更前簡稱": "", "變更前分區": ""}}, {"type": "Feature", "geometry": {"type": "Polygon", "coordinates": [[[304799.28, 2769696.009], [304806.238, 2769695.882], [304818.278, 2769695.661], [304818.285, 2769696.02], [304819.301, 2769735.017], [304799.806, 2769735.573], [304799.28, 2769696.009]]]}, "properties": {"編號": "512", "圖層": "35", "顏色": "13", "街廓編號": "", "分區代碼": "PG", "分區簡稱": "機", "使用分區": "機關用地", "分區說明": "", "原屬分區": "", "變更前代碼": "", "變更前簡稱": "", "變更前分區": ""}}, {"type": "Feature", "geometry": {"type": "Polygon", "coordinates": [[[304599.575, 2768978.76], [304607.125, 2768978.65], [304614.792, 2768978.557], [304646.035, 2768978.18], [304649.405, 2768978.14], [304652.125, 2768983.49], [304650.495, 2768985.67], [304616.605, 2769031.04], [304615.545, 2769032.45], [304610.545, 2769032.57], [304609.485, 2769031.27], [304582.385, 2768998.27], [304580.165, 2768995.57], [304582.805, 2768993.29], [304599.575, 2768978.76]]]}, "properties": {"編號": "521", "圖層": "39", "顏色": "16", "街廓編號": "", "分區代碼": "PM", "分區簡稱": "市", "使用分區": "市場用地", "分區說明": "", "原屬分區": "", "變更前代碼": "", "變更前簡稱": "", "變更前分區": ""}}, {"type": "Feature", "geometry": {"type": "Polygon", "coordinates": [[[305230.925, 2769078.71], [305233.305, 2769078.67], [305295.315, 2769077.51], [305298.095, 2769080.39], [305297.258, 2769096.02], [305294.419, 2769148.929], [305294.921, 2769208.696], [305297.113, 2769313.047], [305294.331, 2769315.921], [305230.925, 2769316.641], [305197.89, 2769317.016], [305117.749, 2769317.835], [305114.165, 2769314.349], [305110.355, 2769096.02], [305110.145, 2769083.66], [305112.915, 2769080.78], [305230.925, 2769078.71]]]}, "properties": {"編號": "530", "圖層": "41", "顏色": "10", "街廓編號": "", "分區代碼": "PSB", "分區簡稱": "國小", "使用分區": "國小用地", "分區說明": "", "原屬分區": "", "變更前代碼": "", "變更前簡稱": "", "變更前分區": ""}}, {"type": "Feature", "geometry": {"type": "Polygon", "coordinates": [[[305649.033, 2769897.114], [305648.92, 2769916.958], [305717.61717069003, 2769916.5676516923], [305659.987, 2769996.02], [305630.925, 2770036.083], [305623.191, 2770046.747], [305621.255, 2770049.416], [305619.252, 2770049.453], [305535.54, 2770050.998], [305534.587, 2769996.02], [305533.945, 2769959.008], [305532.92093191313, 2769898.5719888606], [305649.033, 2769897.114]]]}, "properties": {"編號": "537", "圖層": "41", "顏色": "10", "街廓編號": "", "分區代碼": "PSC", "分區簡稱": "國中", "使用分區": "國中用地", "分區說明": "", "原屬分區": "", "變更前代碼": "", "變更前簡稱": "", "變更前分區": ""}}, {"type": "Feature", "geometry": {"type": "Polygon", "coordinates": [[[305670.194, 2769821.123], [305741.768, 2769819.714], [305742.83, 2769888.325], [305725.307, 2769905.966], [305717.61717069003, 2769916.5676516923], [305648.92, 2769916.958], [305649.033, 2769897.114], [305532.92093191313, 2769898.5719888606], [305531.704, 2769826.754], [305534.479, 2769823.873], [305630.925, 2769821.919], [305670.194, 2769821.123]]]}, "properties": {"編號": "538", "圖層": "41", "顏色": "10", "街廓編號": "", "分區代碼": "PSB", "分區簡稱": "國小", "使用分區": "國小用地", "分區說明": "", "原屬分區": "", "變更前代碼": "", "變更前簡稱": "", "變更前分區": ""}}, {"type": "Feature", "geometry": {"type": "Polygon", "coordinates": [[[305955.452, 2770748.748], [305961.033, 2770746.836], [305964.307, 2770749.134], [305964.36, 2770752.317], [305964.601, 2770766.819], [305965.072, 2770795.124], [305961.21, 2770798.3], [305891.374, 2770783.359], [305888.704, 2770779.132], [305890.063, 2770773.416], [305890.651, 2770770.941], [305894.905, 2770769.484], [305955.452, 2770748.748]]]}, "properties": {"編號": "575", "圖層": "39", "顏色": "16", "街廓編號": "", "分區代碼": "PM", "分區簡稱": "市", "使用分區": "市場用地", "分區說明": "", "原屬分區": "", "變更前代碼": "", "變更前簡稱": "", "變更前分區": ""}}, {"type": "Feature", "geometry": {"type": "Polygon", "coordinates": [[[306105.479, 2769709.868], [306108.249, 2769714.379], [306130.905, 2769728.743], [306131.64, 2769732.674], [306109.727, 2769762.353], [306104.181, 2769769.865], [306099.288, 2769770.896], [306071.991, 2769755.302], [306079.31, 2769745.372], [306071.991, 2769755.302], [306105.479, 2769709.868]]]}, "properties": {"編號": "579", "圖層": "39", "顏色": "16", "街廓編號": "", "分區代碼": "PM", "分區簡稱": "市", "使用分區": "市場用地", "分區說明": "", "原屬分區": "", "變更前代碼": "", "變更前簡稱": "", "變更前分區": ""}}, {"type": "Feature", "geometry": {"type": "Polygon", "coordinates": [[[306142.61, 2769610.44], [306177.75748246716, 2769609.6915617236], [306177.702, 2769609.826], [306174.798, 2769612.684], [306171.688, 2769619.915], [306169.716, 2769620.904], [306170.711, 2769623.926], [306185.518, 2769629.553], [306159.8589184547, 2769664.2858668175], [306146.0949999695, 2769654.8799999696], [306145.635, 2769654.57], [306145.335, 2769654.36], [306142.945, 2769652.73], [306142.925, 2769649.64], [306142.915, 2769649.15], [306142.61, 2769610.44]]]}, "properties": {"編號": "580", "圖層": "35", "顏色": "13", "街廓編號": "", "分區代碼": "PG", "分區簡稱": "機", "使用分區": "機關用地", "分區說明": "", "原屬分區": "", "變更前代碼": "", "變更前簡稱": "", "變更前分區": ""}}, {"type": "Feature", "geometry": {"type": "Polygon", "coordinates": [[[306180.224, 2769603.715], [306177.75748246716, 2769609.6915617236], [306155.567, 2769610.164], [306142.61, 2769610.44], [306142.5935544908, 2769608.3526852624], [306142.5627155676, 2769604.438513413], [306142.61000006105, 2769604.438], [306180.224, 2769603.715]]]}, "properties": {"編號": "581", "圖層": "35", "顏色": "13", "街廓編號": "", "分區代碼": "PG", "分區簡稱": "機", "使用分區": "機關用地", "分區說明": "", "原屬分區": "", "變更前代碼": "", "變更前簡稱": "", "變更前分區": ""}}, {"type": "Feature", "geometry": {"type": "Polygon", "coordinates": [[[306027.545, 2769217.98], [306030.925, 2769219.94], [306031.005, 2769219.98], [306040.155, 2769255.01], [306038.165, 2769258.48], [306030.925, 2769260.48], [305986.035, 2769272.92], [305968.703, 2769273.339], [305968.427, 2769253.313], [305968.427, 2769253.312], [305962.836, 2769235.632], [306027.545, 2769217.98]]]}, "properties": {"編號": "584", "圖層": "39", "顏色": "16", "街廓編號": "", "分區代碼": "PM", "分區簡稱": "市", "使用分區": "市場用地", "分區說明": "", "原屬分區": "", "變更前代碼": "", "變更前簡稱": "", "變更前分區": ""}}, {"type": "Feature", "geometry": {"type": "Polygon", "coordinates": [[[305748.583, 2771240.765], [305752.167, 2771244.253], [305752.887, 2771267.778], [305630.925, 2771267.415], [305609.222, 2771267.35], [305609.296, 2771240.371], [305630.925, 2771240.432], [305748.583, 2771240.765]]]}, "properties": {"編號": "671", "圖層": "35", "顏色": "13", "街廓編號": "", "分區代碼": "PG", "分區簡稱": "機", "使用分區": "機關用地", "分區說明": "", "原屬分區": "", "變更前代碼": "", "變更前簡稱": "", "變更前分區": ""}}, {"type": "Feature", "geometry": {"type": "Polygon", "coordinates": [[[305435.903, 2771241.276], [305436.386, 2771240.555], [305437.441, 2771240.066], [305438.295, 2771239.885], [305609.296, 2771240.371], [305609.222, 2771267.35], [305630.925, 2771267.415], [305752.887, 2771267.778], [305759.3560003967, 2771479.173020142], [305716.304, 2771480.041], [305719.435, 2771552.438], [305741.605, 2771551.992], [305742.958, 2771593.976], [305630.925, 2771596.229], [305607.896, 2771596.694], [305486.388, 2771599.101], [305437.056, 2771600.066], [305436.032, 2771600.157], [305435.203, 2771599.998], [305434.623, 2771599.708], [305434.164, 2771599.291], [305433.65, 2771598.552], [305433.049, 2771597.212], [305432.041, 2771595.507], [305430.746, 2771593.18], [305428.976, 2771590.864], [305427.515, 2771589.041], [305425.157, 2771586.084], [305424.463, 2771585.072], [305423.93, 2771583.529], [305423.739, 2771496.02], [305423.614, 2771439.012], [305422.499, 2771263.893], [305422.479, 2771263.648], [305422.737, 2771263.419], [305423.08, 2771263.103], [305423.506, 2771262.694], [305424.014, 2771262.177], [305424.603, 2771261.544], [305425.414, 2771260.552], [305426.267, 2771259.478], [305427.125, 2771258.374], [305427.953, 2771257.285], [305428.712, 2771256.257], [305429.257, 2771255.467], [305429.457, 2771255.174], [305429.682, 2771254.839], [305429.929, 2771254.467], [305430.194, 2771254.057], [305430.476, 2771253.609], [305430.823, 2771253.021], [305431.168, 2771252.429], [305431.497, 2771251.859], [305431.793, 2771251.339], [305432.043, 2771250.901], [305432.277, 2771250.391], [305432.837, 2771249.146], [305433.049, 2771248.601], [305433.282, 2771247.992], [305433.531, 2771247.331], [305433.789, 2771246.634], [305434.051, 2771245.913], [305434.328, 2771245.126], [305434.595, 2771244.359], [305434.842, 2771243.643], [305435.06, 2771243.007], [305435.24, 2771242.506], [305435.495, 2771241.972], [305435.903, 2771241.276]]]}, "properties": {"編號": "672", "圖層": "33", "顏色": "19", "街廓編號": "", "分區代碼": "PEC2", "分區簡稱": "體育場", "使用分區": "體育場用地", "分區說明": "", "原屬分區": "", "變更前代碼": "", "變更前簡稱": "", "變更前分區": ""}}, {"type": "Feature", "geometry": {"type": "Polygon", "coordinates": [[[305741.605, 2771551.992], [305719.435, 2771552.438], [305741.605, 2771551.991], [305761.598, 2771551.588], [305761.599, 2771551.588], [305762.794, 2771588.595], [305757.976, 2771593.674], [305742.958, 2771593.976], [305741.605, 2771551.992]]]}, "properties": {"編號": "674", "圖層": "35", "顏色": "13", "街廓編號": "", "分區代碼": "PG", "分區簡稱": "機", "使用分區": "機關用地", "分區說明": "", "原屬分區": "", "變更前代碼": "", "變更前簡稱": "", "變更前分區": ""}}, {"type": "Feature", "geometry": {"type": "Polygon", "coordinates": [[[305716.304, 2771480.041], [305759.357, 2771479.173], [305759.872, 2771496.02], [305760.6, 2771520.645], [305761.598, 2771551.588], [305741.605, 2771551.991], [305719.435, 2771552.438], [305716.304, 2771480.041]]]}, "properties": {"編號": "675", "圖層": "35", "顏色": "13", "街廓編號": "", "分區代碼": "PG", "分區簡稱": "機", "使用分區": "機關用地", "分區說明": "", "原屬分區": "", "變更前代碼": "", "變更前簡稱": "", "變更前分區": ""}}, {"type": "Feature", "geometry": {"type": "Polygon", "coordinates": [[[305755.16, 2771174.007], [305757.969, 2771171.16], [305790.809, 2771171.229], [305792.327, 2771174.932], [305788.47, 2771218.708], [305755.86, 2771218.768], [305755.585, 2771201.188], [305755.16, 2771174.007]]]}, "properties": {"編號": "678", "圖層": "39", "顏色": "16", "街廓編號": "", "分區代碼": "PM", "分區簡稱": "市", "使用分區": "市場用地", "分區說明": "", "原屬分區": "", "變更前代碼": "", "變更前簡稱": "", "變更前分區": ""}}, {"type": "Feature", "geometry": {"type": "Polygon", "coordinates": [[[302951.945, 2769114.679], [302981.925, 2769109.62], [302985.175, 2769111.96], [302992.785, 2769159.58], [302989.575, 2769161.97], [302915.265, 2769125.7], [302915.975, 2769120.75], [302951.945, 2769114.679]]]}, "properties": {"編號": "1325", "圖層": "35", "顏色": "13", "街廓編號": "", "分區代碼": "PG", "分區簡稱": "機", "使用分區": "機關用地", "分區說明": "", "原屬分區": "", "變更前代碼": "", "變更前簡稱": "", "變更前分區": ""}}, {"type": "Feature", "geometry": {"type": "Polygon", "coordinates": [[[301379.785, 2772563.24], [301381.505, 2772563.39], [301382.305, 2772563.59], [301384.903, 2772563.72], [301384.365, 2772569.87], [301384.098, 2772570.417], [301383.565, 2772571.51], [301382.145, 2772572.93], [301381.265, 2772573.287], [301379.505, 2772574.0], [301377.978, 2772574.007], [301374.925, 2772574.02], [301363.661, 2772573.271], [301364.315, 2772562.48], [301379.785, 2772563.24]]]}, "properties": {"編號": "1547", "圖層": "35", "顏色": "13", "街廓編號": "", "分區代碼": "PG", "分區簡稱": "機", "使用分區": "機關用地", "分區說明": "", "原屬分區": "", "變更前代碼": "", "變更前簡稱": "", "變更前分區": ""}}, {"type": "Feature", "geometry": {"type": "Polygon", "coordinates": [[[303867.245, 2772915.64], [303911.055, 2772914.51], [303911.453, 2772932.487], [303911.85, 2772950.478], [303867.725, 2772951.59], [303864.845, 2772948.82], [303864.658, 2772933.9], [303864.465, 2772918.52], [303867.245, 2772915.64]]]}, "properties": {"編號": "1601", "圖層": "35", "顏色": "13", "街廓編號": "", "分區代碼": "PG", "分區簡稱": "機", "使用分區": "機關用地", "分區說明": "", "原屬分區": "", "變更前代碼": "", "變更前簡稱": "", "變更前分區": ""}}, {"type": "Feature", "geometry": {"type": "Polygon", "coordinates": [[[302718.126, 2772250.329], [302731.475, 2772252.34], [302731.635, 2772273.12], [302724.645, 2772279.28], [302712.85632114625, 2772277.649044435], [302715.48750001524, 2772264.008], [302718.126, 2772250.329]]]}, "properties": {"編號": "1656", "圖層": "35", "顏色": "13", "街廓編號": "", "分區代碼": "PG", "分區簡稱": "機", "使用分區": "機關用地", "分區說明": "", "原屬分區": "", "變更前代碼": "", "變更前簡稱": "", "變更前分區": ""}}, {"type": "Feature", "geometry": {"type": "Polygon", "coordinates": [[[301849.23746943567, 2769402.202529893], [301888.8, 2769413.52], [301890.675, 2769418.02], [301862.641, 2769465.827], [301854.29, 2769480.069], [301824.028, 2769472.991], [301849.23746943567, 2769402.202529893]]]}, "properties": {"編號": "1664", "圖層": "35", "顏色": "13", "街廓編號": "", "分區代碼": "PG", "分區簡稱": "機", "使用分區": "機關用地", "分區說明": "", "原屬分區": "", "變更前代碼": "", "變更前簡稱": "", "變更前分區": ""}}, {"type": "Feature", "geometry": {"type": "Polygon", "coordinates": [[[300803.081, 2769927.02], [300806.987, 2769930.27], [300819.196, 2769996.02], [300830.925, 2770057.808], [300833.464, 2770071.515], [300830.925, 2770076.047], [300643.017, 2770112.973], [300638.987, 2770110.02], [300622.452, 2769996.02], [300613.894, 2769937.02], [300617.113, 2769933.02], [300803.081, 2769927.02]]]}, "properties": {"編號": "1692", "圖層": "41", "顏色": "10", "街廓編號": "", "分區代碼": "PSB", "分區簡稱": "國小", "使用分區": "國小用地", "分區說明": "", "原屬分區": "", "變更前代碼": "", "變更前簡稱": "", "變更前分區": ""}}, {"type": "Feature", "geometry": {"type": "Polygon", "coordinates": [[[302693.179, 2772064.633], [302723.145, 2772063.18], [302724.545, 2772096.02], [302724.545, 2772096.04], [302724.695, 2772098.96], [302694.707, 2772100.445], [302693.179, 2772064.633]]]}, "properties": {"編號": "1724", "圖層": "35", "顏色": "13", "街廓編號": "", "分區代碼": "PG", "分區簡稱": "機", "使用分區": "機關用地", "分區說明": "", "原屬分區": "", "變更前代碼": "", "變更前簡稱": "", "變更前分區": ""}}, {"type": "Feature", "geometry": {"type": "Polygon", "coordinates": [[[303542.352, 2770310.688], [303571.236, 2770303.165], [303573.838, 2770304.659], [303585.799, 2770347.302], [303583.806, 2770350.77], [303554.467, 2770358.403], [303554.467, 2770358.403], [303542.352, 2770310.688]]]}, "properties": {"編號": "1773", "圖層": "39", "顏色": "16", "街廓編號": "", "分區代碼": "PM", "分區簡稱": "市", "使用分區": "市場用地", "分區說明": "", "原屬分區": "", "變更前代碼": "", "變更前簡稱": "", "變更前分區": ""}}, {"type": "Feature", "geometry": {"type": "Polygon", "coordinates": [[[304194.223, 2771255.535], [304221.53, 2771255.193], [304388.197, 2771253.103], [304391.057, 2771255.901], [304392.74, 2771419.813], [304389.963, 2771422.691], [304195.934, 2771427.575], [304193.759, 2771427.631], [304193.72, 2771425.429], [304190.739, 2771259.12], [304194.223, 2771255.535]]]}, "properties": {"編號": "1776", "圖層": "41", "顏色": "10", "街廓編號": "", "分區代碼": "PSD", "分區簡稱": "高中", "使用分區": "高中用地", "分區說明": "", "原屬分區": "", "變更前代碼": "", "變更前簡稱": "", "變更前分區": ""}}, {"type": "Feature", "geometry": {"type": "Polygon", "coordinates": [[[304587.1853958862, 2770297.0540947295], [304615.8, 2770296.52], [304616.943, 2770393.577], [304544.757, 2770393.577], [304544.757, 2770433.077], [304525.474, 2770433.077], [304522.925, 2770326.317], [304522.926, 2770326.316], [304547.899, 2770326.031], [304551.694, 2770325.988], [304551.494, 2770297.72], [304551.4936129336, 2770297.4341409956], [304587.1853958862, 2770297.0540947295]]]}, "properties": {"編號": "1785", "圖層": "41", "顏色": "10", "街廓編號": "", "分區代碼": "PSC", "分區簡稱": "國中", "使用分區": "國中用地", "分區說明": "", "原屬分區": "", "變更前代碼": "", "變更前簡稱": "", "變更前分區": ""}}, {"type": "Feature", "geometry": {"type": "Polygon", "coordinates": [[[302082.09199712373, 2769488.7339980514], [302075.747, 2769498.099], [302075.577, 2769497.984], [302045.435, 2769489.354], [302058.1385615053, 2769470.603924892], [302057.768, 2769471.97], [302082.09199712373, 2769488.7339980514]]]}, "properties": {"編號": "1817", "圖層": "35", "顏色": "13", "街廓編號": "", "分區代碼": "PG", "分區簡稱": "機", "使用分區": "機關用地", "分區說明": "", "原屬分區": "", "變更前代碼": "", "變更前簡稱": "", "變更前分區": ""}}, {"type": "Feature", "geometry": {"type": "Polygon", "coordinates": [[[302024.319, 2769456.161], [302059.331, 2769466.208], [302058.13856150577, 2769470.603924891], [302045.435, 2769489.354], [302075.747, 2769498.099], [302047.001, 2769540.529], [302036.675, 2769555.77], [302032.737, 2769556.52], [302030.925, 2769555.296], [301983.144, 2769523.02], [301982.363, 2769519.02], [302024.319, 2769456.161]]]}, "properties": {"編號": "1819", "圖層": "35", "顏色": "13", "街廓編號": "", "分區代碼": "PG", "分區簡稱": "機", "使用分區": "機關用地", "分區說明": "", "原屬分區": "", "變更前代碼": "", "變更前簡稱": "", "變更前分區": ""}}, {"type": "Feature", "geometry": {"type": "Polygon", "coordinates": [[[301621.7067855518, 2771649.9211437753], [301622.459, 2771650.504], [301623.737, 2771651.77], [301624.737, 2771652.77], [301625.425, 2771654.02], [301625.987, 2771655.27], [301626.675, 2771656.52], [301627.425, 2771657.77], [301628.237, 2771658.77], [301629.175, 2771659.77], [301630.175, 2771660.77], [301630.925, 2771661.476], [301630.925, 2771661.48], [301632.265, 2771662.88], [301633.325, 2771663.76], [301634.405, 2771664.46], [301635.595, 2771665.37], [301636.555, 2771666.52], [301637.245, 2771667.84], [301637.645, 2771669.28], [301637.715, 2771670.78], [301637.4944262946, 2771674.494835919], [301621.073, 2771673.653], [301621.7067855518, 2771649.9211437753]]]}, "properties": {"編號": "1901", "圖層": "35", "顏色": "13", "街廓編號": "", "分區代碼": "PG", "分區簡稱": "機", "使用分區": "機關用地", "分區說明": "", "原屬分區": "", "變更前代碼": "", "變更前簡稱": "", "變更前分區": ""}}, {"type": "Feature", "geometry": {"type": "Polygon", "coordinates": [[[302392.584, 2770716.134], [302465.334, 2770698.11], [302455.018, 2770662.112], [302557.902, 2770635.097], [302562.22, 2770637.618], [302591.086, 2770746.052], [302588.569, 2770750.373], [302430.925, 2770791.589], [302415.994, 2770795.493], [302412.624, 2770793.327], [302392.584, 2770716.134]]]}, "properties": {"編號": "1919", "圖層": "35", "顏色": "13", "街廓編號": "", "分區代碼": "PG", "分區簡稱": "機", "使用分區": "機關用地", "分區說明": "", "原屬分區": "", "變更前代碼": "", "變更前簡稱": "", "變更前分區": ""}}, {"type": "Feature", "geometry": {"type": "Polygon", "coordinates": [[[306034.81017368246, 2771455.2757586455], [306035.0926913302, 2771454.1389782606], [306035.694, 2771454.127], [306034.81017368246, 2771455.2757586455]]]}, "properties": {"編號": "1950", "圖層": "41", "顏色": "10", "街廓編號": "", "分區代碼": "PSC", "分區簡稱": "國中", "使用分區": "國中用地", "分區說明": "", "原屬分區": "", "變更前代碼": "", "變更前簡稱": "", "變更前分區": ""}}, {"type": "Feature", "geometry": {"type": "Polygon", "coordinates": [[[300620.503, 2770392.974], [300614.834, 2770381.006], [300613.2007347286, 2770377.632353985], [300614.304, 2770377.123], [300624.74052376463, 2770372.304601591], [300626.817, 2770371.395], [300633.395, 2770368.542], [300634.807, 2770367.989], [300635.773, 2770367.914], [300642.88865657547, 2770367.7422489095], [300643.769, 2770367.721], [300650.16, 2770368.887], [300652.122, 2770368.752], [300656.531, 2770372.053], [300656.726, 2770372.044], [300657.1215646465, 2770374.531910224], [300657.121, 2770374.532], [300657.94830916286, 2770379.8460183907], [300654.508, 2770380.433], [300650.7057138331, 2770381.12143189], [300644.365, 2770382.05], [300643.00022728014, 2770381.9912441173], [300634.099, 2770380.868], [300631.307, 2770380.486], [300631.7986454239, 2770381.5089961793], [300634.675, 2770387.494], [300628.55, 2770389.869], [300620.503, 2770392.974]]]}, "properties": {"編號": "1958", "圖層": "35", "顏色": "13", "街廓編號": "", "分區代碼": "PG", "分區簡稱": "機", "使用分區": "機關用地", "分區說明": "", "原屬分區": "", "變更前代碼": "", "變更前簡稱": "", "變更前分區": ""}}, {"type": "Feature", "geometry": {"type": "Polygon", "coordinates": [[[301710.1279996743, 2770975.7071035993], [301710.117, 2770979.205999999], [301710.06190515496, 2770995.1004112093], [301710.0259446828, 2770997.4339170046], [301699.19200023176, 2770997.4040000006], [301699.193, 2770996.764000012], [301699.255, 2770979.157], [301699.2659999957, 2770975.6680013887], [301710.1279996743, 2770975.7071035993]]]}, "properties": {"編號": "1967", "圖層": "35", "顏色": "13", "街廓編號": "", "分區代碼": "PG", "分區簡稱": "機", "使用分區": "機關用地", "分區說明": "", "原屬分區": "", "變更前代碼": "", "變更前簡稱": "", "變更前分區": ""}}, {"type": "Feature", "geometry": {"type": "Polygon", "coordinates": [[[302320.10597647406, 2771959.868328695], [302303.025, 2771960.71], [302303.235, 2771939.62], [302303.22236093925, 2771939.5725256098], [302319.0946364615, 2771938.838517281], [302320.1028628113, 2771959.8175361883], [302320.10597647406, 2771959.868328695]]]}, "properties": {"編號": "1995", "圖層": "35", "顏色": "13", "街廓編號": "", "分區代碼": "PG", "分區簡稱": "機", "使用分區": "機關用地", "分區說明": "", "原屬分區": "", "變更前代碼": "", "變更前簡稱": "", "變更前分區": ""}}, {"type": "Feature", "geometry": {"type": "Polygon", "coordinates": [[[302036.5855166738, 2772015.0658429996], [302037.538, 2772018.401], [302039.035, 2772023.145], [302025.941, 2772026.451], [302023.675, 2772049.788], [302032.195, 2772050.959], [302031.626, 2772055.524], [302033.677, 2772058.29], [302037.919, 2772058.638], [302052.288, 2772059.955], [302052.385, 2772058.635], [302085.775, 2772061.909], [302106.775, 2772063.967], [302108.423, 2772063.725], [302110.721, 2772031.126], [302108.971, 2772023.944], [302071.905, 2772022.02], [302068.925, 2772009.894], [302068.0858521001, 2772006.584027728], [302106.985, 2771996.11], [302111.305, 2771998.64], [302121.365, 2772038.54], [302135.875, 2772096.02], [302148.647, 2772146.533], [302140.215, 2772148.906], [302093.725, 2772162.01], [302031.565, 2772179.36], [302030.925, 2772179.26], [302024.455, 2772178.27], [302021.485, 2772175.77], [302000.835, 2772096.02], [301991.159, 2772057.862], [301984.765, 2772032.65], [301987.285, 2772028.34], [302030.925, 2772016.59], [302036.5855166738, 2772015.0658429996]]]}, "properties": {"編號": "1997", "圖層": "41", "顏色": "10", "街廓編號": "", "分區代碼": "PSB", "分區簡稱": "國小", "使用分區": "國小用地", "分區說明": "", "原屬分區": "", "變更前代碼": "", "變更前簡稱": "", "變更前分區": ""}}, {"type": "Feature", "geometry": {"type": "Polygon", "coordinates": [[[303886.795, 2772090.86], [303893.765, 2772086.29], [303922.155, 2772069.65], [303950.655, 2772052.8], [303959.105, 2772046.34], [303968.175, 2772039.24], [303973.955, 2772029.83], [303973.164, 2771962.556], [304030.925, 2771961.67], [304113.065, 2771960.41], [304116.395, 2771960.36], [304117.265, 2772013.91], [304117.255, 2772013.91], [304118.245, 2772071.91], [304118.125, 2772096.02], [304121.115, 2772246.94], [304030.925, 2772248.16], [303852.025, 2772250.49], [303849.165, 2772247.7], [303847.924, 2772138.261], [303854.875, 2772128.62], [303870.945, 2772108.29], [303882.105, 2772096.02], [303886.795, 2772090.86]]]}, "properties": {"編號": "2007", "圖層": "41", "顏色": "10", "街廓編號": "", "分區代碼": "PSD", "分區簡稱": "高中", "使用分區": "高中用地", "分區說明": "", "原屬分區": "", "變更前代碼": "", "變更前簡稱": "", "變更前分區": ""}}, {"type": "Feature", "geometry": {"type": "Polygon", "coordinates": [[[306629.08396209596, 2771336.410331553], [306594.027, 2771332.403], [306592.813, 2771333.384], [306593.059, 2771323.404], [306595.542, 2771301.945], [306597.756, 2771282.807], [306601.672, 2771279.697], [306635.198, 2771283.516], [306629.763, 2771330.45], [306629.08396209596, 2771336.410331553]]]}, "properties": {"編號": "2008", "圖層": "41", "顏色": "10", "街廓編號": "", "分區代碼": "PSD", "分區簡稱": "高中", "使用分區": "高中用地", "分區說明": "", "原屬分區": "", "變更前代碼": "", "變更前簡稱": "", "變更前分區": ""}}, {"type": "Feature", "geometry": {"type": "Polygon", "coordinates": [[[306629.0672026486, 2771336.408415785], [306628.874, 2771338.35], [306628.781, 2771339.289], [306637.722, 2771340.317], [306638.7, 2771339.478], [306640.72519546794, 2771337.741031036], [306757.391, 2771351.077], [306758.846, 2771352.911], [306758.825, 2771356.103], [306752.41, 2771410.992], [306753.249, 2771459.83], [306749.531, 2771463.171], [306590.578, 2771443.43], [306587.218, 2771439.728], [306585.792, 2771386.205], [306586.208, 2771382.62], [306590.301, 2771347.245], [306592.813, 2771333.384], [306594.027, 2771332.403], [306629.0672026486, 2771336.408415785]]]}, "properties": {"編號": "2009", "圖層": "41", "顏色": "10", "街廓編號": "", "分區代碼": "PSD", "分區簡稱": "高中", "使用分區": "高中用地", "分區說明": "", "原屬分區": "", "變更前代碼": "", "變更前簡稱": "", "變更前分區": ""}}, {"type": "Feature", "geometry": {"type": "Polygon", "coordinates": [[[305058.4488234909, 2771240.7502428885], [305102.3819853046, 2771240.222773305], [305105.24416357087, 2771243.0170416473], [305105.56455822586, 2771269.7047403813], [305078.87499999977, 2771270.046], [305077.744, 2771270.087], [305059.158, 2771270.396], [305058.4488234909, 2771240.7502428885]]]}, "properties": {"編號": "2256", "圖層": "35", "顏色": "13", "街廓編號": "", "分區代碼": "PG", "分區簡稱": "機", "使用分區": "機關用地", "分區說明": "", "原屬分區": "", "變更前代碼": "", "變更前簡稱": "", "變更前分區": ""}}, {"type": "Feature", "geometry": {"type": "Polygon", "coordinates": [[[301231.412, 2770777.506], [301231.785, 2770779.287], [301231.118, 2770779.487], [301225.3049999995, 2770780.945], [301214.89399999974, 2770783.602], [301211.4719999998, 2770784.516], [301208.892, 2770774.116], [301229.283, 2770769.091], [301231.412, 2770777.506]]]}, "properties": {"編號": "2258", "圖層": "35", "顏色": "13", "街廓編號": "", "分區代碼": "PG", "分區簡稱": "機", "使用分區": "機關用地", "分區說明": "", "原屬分區": "", "變更前代碼": "", "變更前簡稱": "", "變更前分區": ""}}, {"type": "Feature", "geometry": {"type": "Polygon", "coordinates": [[[300742.037, 2770851.945], [300745.50000000023, 2770851.004], [300752.7819999998, 2770880.328], [300749.25799999974, 2770881.2], [300733.5360000005, 2770885.174], [300713.72700000025, 2770890.134], [300706.481, 2770861.374], [300742.037, 2770851.945]]]}, "properties": {"編號": "2259", "圖層": "35", "顏色": "13", "街廓編號": "", "分區代碼": "PG", "分區簡稱": "機", "使用分區": "機關用地", "分區說明": "", "原屬分區": "", "變更前代碼": "", "變更前簡稱": "", "變更前分區": ""}}, {"type": "Feature", "geometry": {"type": "Polygon", "coordinates": [[[302334.11632230855, 2771648.9906016695], [302331.5844370687, 2771638.103128307], [302329.23231643916, 2771628.29272938], [302317.0920358, 2771577.002848815], [302310.15747293306, 2771547.4889823776], [302306.4709295392, 2771531.9151407112], [302297.4198581016, 2771493.3242213298], [302299.50623344944, 2771489.91144564], [302301.61795987154, 2771489.3879840043], [302302.514, 2771493.164], [302311.1380000002, 2771529.541], [302400.0, 2771507.2567259287], [302431.625, 2771499.326], [302422.309, 2771463.254], [302421.3694292135, 2771459.6179211535], [302429.1274437921, 2771457.6642367193], [302430.0709999993, 2771461.316], [302435.7700000007, 2771484.057], [302438.7230000007, 2771495.64], [302439.21000000025, 2771497.615], [302442.0920000007, 2771509.118], [302446.00900000025, 2771524.875], [302448.07500000024, 2771533.105], [302449.9670000007, 2771540.57], [302454.6130000005, 2771559.197], [302455.31499999977, 2771562.012], [302459.769, 2771579.672], [302464.1350000005, 2771597.226], [302465.2600000005, 2771601.729], [302466.34800000023, 2771606.0170000005], [302467.4680000002, 2771610.429], [302468.50799999974, 2771614.644], [302460.53000000026, 2771616.727], [302455.9900000002, 2771617.936], [302451.7670000002, 2771619.052], [302447.39900000097, 2771620.208], [302443.0740000005, 2771621.348], [302438.72200000024, 2771622.481], [302433.98999999976, 2771623.729], [302428.981, 2771625.025], [302424.333000001, 2771626.258], [302418.6410000007, 2771627.734], [302412.9530000002, 2771629.26], [302407.156, 2771630.778], [302400.0, 2771632.651686645], [302365.561, 2771641.6690000007], [302365.395, 2771641.3], [302355.04099999974, 2771643.875], [302334.11632230855, 2771648.9906016695]]]}, "properties": {"編號": "2297", "圖層": "41", "顏色": "10", "街廓編號": "", "分區代碼": "PSC", "分區簡稱": "國中", "使用分區": "國中用地", "分區說明": "", "原屬分區": "", "變更前代碼": "", "變更前簡稱": "", "變更前分區": ""}}, {"type": "Feature", "geometry": {"type": "Polygon", "coordinates": [[[302301.61795987154, 2771489.3879840043], [302399.6492701678, 2771465.0876629543], [302400.0, 2771464.999339401], [302421.3694292135, 2771459.6179211535], [302422.309, 2771463.254], [302431.625, 2771499.326], [302400.0, 2771507.2567259287], [302311.1380000002, 2771529.541], [302302.514, 2771493.164], [302301.61795987154, 2771489.3879840043]]]}, "properties": {"編號": "2298", "圖層": "35", "顏色": "13", "街廓編號": "", "分區代碼": "PG", "分區簡稱": "機", "使用分區": "機關用地", "分區說明": "", "原屬分區": "", "變更前代碼": "", "變更前簡稱": "", "變更前分區": ""}}, {"type": "Feature", "geometry": {"type": "Polygon", "coordinates": [[[302926.062, 2770543.263], [302928.591, 2770538.951], [302929.272, 2770538.774], [303072.539, 2770501.511], [303082.99, 2770498.791], [303083.68, 2770498.611], [303087.998, 2770501.139], [303088.171, 2770501.821], [303116.272, 2770609.278], [303116.447, 2770609.959], [303113.921, 2770614.268], [303113.231, 2770614.448], [302959.601, 2770654.362], [302958.907, 2770654.548], [302954.601, 2770652.012], [302954.421, 2770651.322], [302926.241, 2770543.944], [302926.062, 2770543.263]]]}, "properties": {"編號": "2357", "圖層": "41", "顏色": "10", "街廓編號": "", "分區代碼": "PSF", "分區簡稱": "大專", "使用分區": "大專用地", "分區說明": "", "原屬分區": "", "變更前代碼": "", "變更前簡稱": "", "變更前分區": ""}}, {"type": "Feature", "geometry": {"type": "Polygon", "coordinates": [[[303282.741, 2769475.682], [303289.69, 2769517.625], [303286.364, 2769518.17], [303257.912, 2769522.96], [303254.667, 2769520.62], [303250.732, 2769496.072], [303248.874, 2769484.548], [303248.326, 2769481.13], [303282.741, 2769475.682]]]}, "properties": {"編號": "2375", "圖層": "35", "顏色": "13", "街廓編號": "", "分區代碼": "PG", "分區簡稱": "機", "使用分區": "機關用地", "分區說明": "", "原屬分區": "", "變更前代碼": "", "變更前簡稱": "", "變更前分區": ""}}, {"type": "Feature", "geometry": {"type": "Polygon", "coordinates": [[[303282.741, 2769475.682], [303248.326, 2769481.13], [303240.132, 2769430.008], [303243.273, 2769425.963], [303314.92630515026, 2769414.543242156], [303319.121, 2769417.872], [303323.549, 2769443.704], [303334.269, 2769441.936], [303351.129, 2769439.179], [303367.641, 2769436.504], [303371.092, 2769438.787], [303379.087, 2769485.948], [303381.426, 2769499.806], [303379.131, 2769503.058], [303362.113, 2769505.784], [303355.962, 2769506.686], [303345.479, 2769508.365], [303332.263, 2769510.644], [303289.69, 2769517.625], [303282.741, 2769475.682]]]}, "properties": {"編號": "2376", "圖層": "41", "顏色": "10", "街廓編號": "", "分區代碼": "PSB", "分區簡稱": "國小", "使用分區": "國小用地", "分區說明": "", "原屬分區": "", "變更前代碼": "", "變更前簡稱": "", "變更前分區": ""}}, {"type": "Feature", "geometry": {"type": "Polygon", "coordinates": [[[302575.6391171012, 2771971.452010023], [302574.0913504975, 2771939.204907716], [302576.1097662923, 2771936.9854488447], [302624.63110345864, 2771934.7106641247], [302627.5873688302, 2771937.405194706], [302628.9960818176, 2771968.1938349362], [302625.62972614076, 2771971.8908133586], [302578.5997113433, 2771974.14178357], [302575.6391171012, 2771971.452010023]]]}, "properties": {"編號": "2417", "圖層": "33", "顏色": "19", "街廓編號": "", "分區代碼": "PEC2", "分區簡稱": "體育場", "使用分區": "體育場用地", "分區說明": "", "原屬分區": "", "變更前代碼": "", "變更前簡稱": "", "變更前分區": ""}}, {"type": "Feature", "geometry": {"type": "Polygon", "coordinates": [[[300993.24499957275, 2769697.73499939], [300996.64238310506, 2769702.1622675797], [301000.6371743951, 2769706.0590048097], [301001.88562111236, 2769707.070059306], [301002.454087713, 2769707.500408477], [301002.454045917, 2769707.500519944], [301007.1860080552, 2769710.519352127], [301012.29866265773, 2769712.8357235007], [301012.709856838, 2769712.985177884], [301012.71, 2769712.985], [301014.605, 2769713.656], [301014.6050246637, 2769713.6564312694], [301018.4270019198, 2769715.430977141], [301021.1663281133, 2769717.3229358713], [301025.43767639494, 2769721.2800578917], [301028.7628622818, 2769725.279832035], [301028.763, 2769725.28], [301037.88, 2769736.415], [301053.645, 2769761.736], [301067.898, 2769787.822], [301079.382, 2769815.316], [301089.68, 2769843.504], [301095.814, 2769862.319], [301093.964, 2769865.865], [300955.105, 2769907.919], [300949.315, 2769906.345], [300891.249, 2769843.537], [300882.641, 2769834.266], [300886.928, 2769829.533], [300906.055, 2769808.092], [300929.125, 2769775.45], [300943.133, 2769755.439], [300963.237, 2769727.262], [300977.499, 2769707.031], [300989.801, 2769696.02], [300992.049, 2769696.02], [300993.24499957275, 2769697.73499939]]]}, "properties": {"編號": "2543", "圖層": "41", "顏色": "10", "街廓編號": "", "分區代碼": "PSC", "分區簡稱": "國中", "使用分區": "國中用地", "分區說明": "", "原屬分區": "", "變更前代碼": "", "變更前簡稱": "", "變更前分區": ""}}, {"type": "Feature", "geometry": {"type": "Polygon", "coordinates": [[[301849.098, 2770059.972], [301968.928, 2770063.869], [301969.689, 2770087.148], [301982.701, 2770137.844], [301979.652, 2770142.683], [301762.442, 2770162.893], [301757.951, 2770158.792], [301744.167, 2770003.766], [301842.543, 2769994.791], [301849.098, 2770059.972]]]}, "properties": {"編號": "2609", "圖層": "41", "顏色": "10", "街廓編號": "", "分區代碼": "PSD", "分區簡稱": "高中", "使用分區": "高中用地", "分區說明": "", "原屬分區": "", "變更前代碼": "", "變更前簡稱": "", "變更前分區": ""}}, {"type": "Feature", "geometry": {"type": "Polygon", "coordinates": [[[301744.167, 2770003.766], [301727.914, 2769820.81], [301731.533, 2769816.321], [301929.667, 2769791.426], [301934.807, 2769794.807], [301935.317, 2769796.457], [301935.787, 2769797.867], [301936.177, 2769798.978], [301936.777, 2769800.468], [301937.176, 2769801.408], [301937.826, 2769802.668], [301938.586, 2769804.039], [301939.296, 2769805.249], [301940.097, 2769806.469], [301940.767, 2769807.439], [301941.567, 2769808.54], [301942.386, 2769809.5], [301943.366, 2769810.6], [301944.996, 2769812.27], [301946.396, 2769813.541], [301948.046, 2769815.011], [301949.716, 2769816.312], [301951.986, 2769817.602], [301953.716, 2769818.503], [301955.995, 2769819.514], [301957.375, 2769820.264], [301961.056, 2769825.255], [301966.914, 2770002.751], [301844.503, 2769994.793], [301842.543, 2769994.791], [301744.167, 2770003.766]]]}, "properties": {"編號": "2610", "圖層": "41", "顏色": "10", "街廓編號": "", "分區代碼": "PSF", "分區簡稱": "大專", "使用分區": "大專用地", "分區說明": "", "原屬分區": "", "變更前代碼": "", "變更前簡稱": "", "變更前分區": ""}}, {"type": "Feature", "geometry": {"type": "Polygon", "coordinates": [[[302438.41431135085, 2770896.017808424], [302438.406, 2770896.02], [302430.925, 2770865.56], [302417.957, 2770815.51], [302420.363, 2770811.52], [302430.925, 2770808.498], [302592.794, 2770766.179], [302597.114, 2770768.695], [302623.873, 2770869.214], [302518.032, 2770896.018], [302477.035, 2770906.563], [302473.41336684563, 2770907.4934890396], [302468.241929939, 2770908.3843047163], [302462.9951989744, 2770908.4798370777], [302457.794760756, 2770907.7778722728], [302452.7611293092, 2770906.2946775095], [302448.01095310855, 2770904.064624077], [302443.65431188775, 2770901.139390835], [302439.79216567066, 2770897.5867666155], [302438.41431135085, 2770896.017808424]]]}, "properties": {"編號": "5356", "圖層": "29", "顏色": "13", "街廓編號": "", "分區代碼": "G", "分區簡稱": "行政", "使用分區": "行政區", "分區說明": "", "原屬分區": "", "變更前代碼": "", "變更前簡稱": "", "變更前分區": ""}}, {"type": "Feature", "geometry": {"type": "Polygon", "coordinates": [[[302269.192, 2770400.02], [302317.889, 2770587.601], [302143.952, 2770632.069], [302145.593, 2770638.69], [302133.795, 2770641.297], [302121.92, 2770596.02], [302084.327, 2770450.611], [302086.487, 2770446.77], [302269.192, 2770400.02]]]}, "properties": {"編號": "5389", "圖層": "29", "顏色": "13", "街廓編號": "", "分區代碼": "G", "分區簡稱": "行政", "使用分區": "行政區", "分區說明": "", "原屬分區": "", "變更前代碼": "", "變更前簡稱": "", "變更前分區": ""}}, {"type": "Feature", "geometry": {"type": "Polygon", "coordinates": [[[302182.031, 2770236.357], [302183.365, 2770236.072], [302184.725, 2770235.978], [302186.086, 2770236.078], [302187.418, 2770236.37], [302188.695, 2770236.848], [302189.892, 2770237.501], [302190.985, 2770238.316], [302191.951, 2770239.279], [302192.813, 2770240.248], [302193.696, 2770241.197], [302194.599, 2770242.129], [302195.522, 2770243.04], [302196.464, 2770243.93], [302197.425, 2770244.799], [302198.405, 2770245.649], [302199.403, 2770246.476], [302200.419, 2770247.282], [302201.452, 2770248.066], [302202.502, 2770248.828], [302203.567, 2770249.566], [302204.649, 2770250.282], [302205.746, 2770250.973], [302206.857, 2770251.641], [302207.983, 2770252.285], [302209.122, 2770252.904], [302210.274, 2770253.498], [302211.439, 2770254.067], [302212.616, 2770254.612], [302213.804, 2770255.131], [302215.004, 2770255.623], [302216.214, 2770256.089], [302217.433, 2770256.53], [302218.662, 2770256.944], [302219.899, 2770257.331], [302221.145, 2770257.692], [302222.398, 2770258.026], [302223.658, 2770258.333], [302224.924, 2770258.612], [302226.196, 2770258.863], [302227.517, 2770259.208], [302228.775, 2770259.736], [302229.947, 2770260.436], [302231.009, 2770261.294], [302231.938, 2770262.293], [302232.718, 2770263.413], [302233.332, 2770264.632], [302233.767, 2770265.925], [302242.373, 2770296.02], [302266.153, 2770389.429], [302102.179, 2770431.527], [302083.706, 2770436.27], [302080.058, 2770434.155], [302044.053, 2770296.02], [302040.027, 2770280.573], [302042.186, 2770276.768], [302182.031, 2770236.357]]]}, "properties": {"編號": "5390", "圖層": "29", "顏色": "13", "街廓編號": "", "分區代碼": "G", "分區簡稱": "行政", "使用分區": "行政區", "分區說明": "", "原屬分區": "", "變更前代碼": "", "變更前簡稱": "", "變更前分區": ""}}, {"type": "Feature", "geometry": {"type": "Polygon", "coordinates": [[[302232.078, 2770796.365], [302239.461, 2770841.708], [302218.593, 2770847.211], [302193.6, 2770853.803], [302188.8, 2770851.02], [302178.253, 2770810.807], [302232.078, 2770796.365]]]}, "properties": {"編號": "5391", "圖層": "29", "顏色": "13", "街廓編號": "", "分區代碼": "G", "分區簡稱": "行政", "使用分區": "行政區", "分區說明": "", "原屬分區": "", "變更前代碼": "", "變更前簡稱": "", "變更前分區": ""}}, {"type": "Feature", "geometry": {"type": "Polygon", "coordinates": [[[301596.231, 2770453.2], [301600.052, 2770456.427], [301602.515, 2770494.186], [301598.196, 2770498.35], [301557.412, 2770494.18], [301545.728, 2770493.091], [301545.556, 2770493.075], [301519.78, 2770493.82], [301515.766, 2770491.769], [301513.32, 2770464.381], [301514.88, 2770462.46], [301596.231, 2770453.2]]]}, "properties": {"編號": "6240", "圖層": "29", "顏色": "13", "街廓編號": "", "分區代碼": "G", "分區簡稱": "行政", "使用分區": "行政區", "分區說明": "", "原屬分區": "", "變更前代碼": "", "變更前簡稱": "", "變更前分區": ""}}, {"type": "Feature", "geometry": {"type": "Polygon", "coordinates": [[[301484.907, 2770336.112], [301488.842, 2770339.195], [301499.555, 2770442.052], [301496.921, 2770446.3], [301434.371, 2770469.636], [301414.698, 2770476.976], [301410.27, 2770474.654], [301379.839, 2770354.391], [301382.632, 2770350.245], [301484.907, 2770336.112]]]}, "properties": {"編號": "6241", "圖層": "29", "顏色": "13", "街廓編號": "", "分區代碼": "G", "分區簡稱": "行政", "使用分區": "行政區", "分區說明": "", "原屬分區": "", "變更前代碼": "", "變更前簡稱": "", "變更前分區": ""}}, {"type": "Feature", "geometry": {"type": "Polygon", "coordinates": [[[301582.665, 2770322.601], [301586.583, 2770325.708], [301596.238, 2770429.558], [301593.066, 2770433.421], [301513.353, 2770441.686], [301510.187, 2770439.117], [301499.633, 2770337.586], [301502.717, 2770333.651], [301582.665, 2770322.601]]]}, "properties": {"編號": "6242", "圖層": "29", "顏色": "13", "街廓編號": "", "分區代碼": "G", "分區簡稱": "行政", "使用分區": "行政區", "分區說明": "", "原屬分區": "", "變更前代碼": "", "變更前簡稱": "", "變更前分區": ""}}, {"type": "Feature", "geometry": {"type": "Polygon", "coordinates": [[[301491.103, 2770255.298], [301518.738, 2770252.953], [301579.151, 2770247.826], [301583.823, 2770296.02], [301584.412, 2770302.356], [301581.305, 2770306.274], [301516.53, 2770315.226], [301501.139, 2770317.353], [301497.204, 2770314.268], [301495.303, 2770296.02], [301495.304, 2770296.02], [301491.103, 2770255.298]]]}, "properties": {"編號": "6243", "圖層": "29", "顏色": "13", "街廓編號": "", "分區代碼": "G", "分區簡稱": "行政", "使用分區": "行政區", "分區說明": "", "原屬分區": "", "變更前代碼": "", "變更前簡稱": "", "變更前分區": ""}}, {"type": "Feature", "geometry": {"type": "Polygon", "coordinates": [[[301478.418, 2770265.936], [301481.505, 2770268.48], [301484.347, 2770296.02], [301484.344, 2770296.02], [301486.417, 2770315.918], [301483.33, 2770319.851], [301395.797, 2770331.875], [301378.191, 2770334.293], [301374.046, 2770331.498], [301364.545, 2770296.02], [301360.286, 2770279.583], [301362.59, 2770276.314], [301478.418, 2770265.936]]]}, "properties": {"編號": "6244", "圖層": "29", "顏色": "13", "街廓編號": "", "分區代碼": "G", "分區簡稱": "行政", "使用分區": "行政區", "分區說明": "", "原屬分區": "", "變更前代碼": "", "變更前簡稱": "", "變更前分區": ""}}, {"type": "Feature", "geometry": {"type": "Polygon", "coordinates": [[[301471.407, 2770204.782], [301475.262, 2770207.967], [301480.103, 2770254.894], [301477.559, 2770257.981], [301360.088, 2770268.506], [301356.818, 2770266.202], [301344.759, 2770219.665], [301347.644, 2770215.581], [301471.407, 2770204.782]]]}, "properties": {"編號": "6245", "圖層": "29", "顏色": "13", "街廓編號": "", "分區代碼": "G", "分區簡稱": "行政", "使用分區": "行政區", "分區說明": "", "原屬分區": "", "變更前代碼": "", "變更前簡稱": "", "變更前分區": ""}}, {"type": "Feature", "geometry": {"type": "Polygon", "coordinates": [[[301590.685, 2770197.247], [301593.874, 2770193.396], [301630.937, 2770189.817], [301735.991, 2770180.288], [301739.829, 2770183.493], [301749.883, 2770296.02], [301760.769, 2770411.02], [301757.613, 2770415.02], [301638.984, 2770428.305], [301630.925, 2770429.208], [301616.374, 2770431.006], [301612.509, 2770427.833], [301600.254, 2770296.02], [301600.138, 2770296.02], [301590.685, 2770197.247]]]}, "properties": {"編號": "6246", "圖層": "29", "顏色": "13", "街廓編號": "", "分區代碼": "G", "分區簡稱": "行政", "使用分區": "行政區", "分區說明": "", "原屬分區": "", "變更前代碼": "", "變更前簡稱": "", "變更前分區": ""}}, {"type": "Feature", "geometry": {"type": "Polygon", "coordinates": [[[301758.644, 2770435.02], [301762.519, 2770438.02], [301768.675, 2770506.52], [301765.925, 2770509.52], [301667.509, 2770506.673], [301630.925, 2770505.614], [301622.188, 2770505.396], [301619.404, 2770501.754], [301616.327, 2770454.603], [301619.671, 2770450.58], [301630.925, 2770449.208], [301758.644, 2770435.02]]]}, "properties": {"編號": "6247", "圖層": "29", "顏色": "13", "街廓編號": "", "分區代碼": "G", "分區簡稱": "行政", "使用分區": "行政區", "分區說明": "", "原屬分區": "", "變更前代碼": "", "變更前簡稱": "", "變更前分區": ""}}, {"type": "Feature", "geometry": {"type": "Polygon", "coordinates": [[[301572.578, 2770008.056], [301575.127, 2770004.974], [301630.917, 2769999.756], [301630.925, 2769999.836], [301658.222, 2769997.364], [301672.296, 2769996.02], [301719.825, 2769991.481], [301722.902, 2769994.037], [301723.079, 2769996.02], [301737.744, 2770160.154], [301734.539, 2770163.993], [301639.169, 2770172.643], [301630.925, 2770173.391], [301592.303, 2770177.111], [301588.452, 2770173.922], [301572.578, 2770008.056]]]}, "properties": {"編號": "6248", "圖層": "29", "顏色": "13", "街廓編號": "", "分區代碼": "G", "分區簡稱": "行政", "使用分區": "行政區", "分區說明": "", "原屬分區": "", "變更前代碼": "", "變更前簡稱": "", "變更前分區": ""}}, {"type": "Feature", "geometry": {"type": "Polygon", "coordinates": [[[301344.079, 2770109.057], [301348.237, 2770148.49], [301329.673, 2770150.37], [301326.388, 2770148.087], [301317.689, 2770114.783], [301319.971, 2770111.498], [301344.079, 2770109.057]]]}, "properties": {"編號": "6249", "圖層": "29", "顏色": "13", "街廓編號": "", "分區代碼": "G", "分區簡稱": "行政", "使用分區": "行政區", "分區說明": "", "原屬分區": "", "變更前代碼": "", "變更前簡稱": "", "變更前分區": ""}}, {"type": "Feature", "geometry": {"type": "Polygon", "coordinates": [[[301353.552, 2770066.441], [301357.073, 2770101.71], [301318.007, 2770105.666], [301314.726, 2770103.379], [301313.709, 2770099.432], [301307.098, 2770074.28], [301309.375, 2770070.992], [301353.552, 2770066.441]]]}, "properties": {"編號": "6250", "圖層": "29", "顏色": "13", "街廓編號": "", "分區代碼": "G", "分區簡稱": "行政", "使用分區": "行政區", "分區說明": "", "原屬分區": "", "變更前代碼": "", "變更前簡稱": "", "變更前分區": ""}}, {"type": "Feature", "geometry": {"type": "Polygon", "coordinates": [[[301630.925, 2769905.796], [301711.499, 2769898.26], [301714.573, 2769900.819], [301721.596, 2769979.433], [301719.035, 2769982.507], [301630.925, 2769990.666], [301630.925, 2769990.717], [301624.407, 2769991.327], [301574.265, 2769996.016], [301571.183, 2769993.466], [301563.667, 2769914.767], [301566.219, 2769911.687], [301630.925, 2769905.796]]]}, "properties": {"編號": "6251", "圖層": "29", "顏色": "13", "街廓編號": "", "分區代碼": "G", "分區簡稱": "行政", "使用分區": "行政區", "分區說明": "", "原屬分區": "", "變更前代碼": "", "變更前簡稱": "", "變更前分區": ""}}, {"type": "Feature", "geometry": {"type": "Polygon", "coordinates": [[[301615.318, 2769845.045], [301703.755, 2769822.509], [301707.834, 2769825.401], [301713.268, 2769886.22], [301710.709, 2769889.294], [301630.925, 2769896.757], [301618.091, 2769897.926], [301565.355, 2769902.728], [301562.274, 2769900.177], [301559.712, 2769873.345], [301558.734, 2769863.107], [301561.616, 2769859.021], [301615.318, 2769845.045]]]}, "properties": {"編號": "6252", "圖層": "29", "顏色": "13", "街廓編號": "", "分區代碼": "G", "分區簡稱": "行政", "使用分區": "行政區", "分區說明": "", "原屬分區": "", "變更前代碼": "", "變更前簡稱": "", "變更前分區": ""}}, {"type": "Feature", "geometry": {"type": "Polygon", "coordinates": [[[301537.875, 2769867.984], [301543.055, 2769871.012], [301554.992, 2769996.02], [301555.592, 2770002.297], [301572.16, 2770175.415], [301568.971, 2770179.265], [301489.593, 2770186.6], [301485.761, 2770183.388], [301477.897, 2770089.475], [301474.921, 2770053.939], [301407.494, 2770060.885], [301406.928, 2770055.917], [301307.656, 2770066.143], [301304.37, 2770063.862], [301302.045, 2770054.918], [301294.545, 2770026.115], [301286.678, 2769996.02], [301282.902, 2769981.574], [301537.875, 2769867.984]]]}, "properties": {"編號": "6253", "圖層": "29", "顏色": "13", "街廓編號": "", "分區代碼": "G", "分區簡稱": "行政", "使用分區": "行政區", "分區說明": "", "原屬分區": "", "變更前代碼": "", "變更前簡稱": "", "變更前分區": ""}}, {"type": "Feature", "geometry": {"type": "Polygon", "coordinates": [[[301761.441, 2769377.087], [301849.23746943567, 2769402.202529893], [301824.028, 2769472.991], [301854.29, 2769480.069], [301812.831, 2769550.77], [301756.976, 2769547.769], [301759.03, 2769525.346], [301749.533, 2769524.731], [301750.194, 2769520.703], [301723.801, 2769517.828], [301748.398, 2769453.063], [301735.989, 2769444.774], [301735.048, 2769439.979], [301740.245, 2769424.133], [301745.298, 2769426.66], [301761.441, 2769377.087]]]}, "properties": {"編號": "10055", "圖層": "29", "顏色": "13", "街廓編號": "", "分區代碼": "G", "分區簡稱": "行政", "使用分區": "行政區", "分區說明": "", "原屬分區": "", "變更前代碼": "", "變更前簡稱": "", "變更前分區": ""}}, {"type": "Feature", "geometry": {"type": "Polygon", "coordinates": [[[301146.70501145197, 2771095.0790438643], [301164.162, 2771090.624], [301167.572, 2771089.775], [301179.439, 2771135.536], [301179.667, 2771136.447], [301177.06, 2771140.927], [301175.92, 2771141.179], [301085.436, 2771164.264], [301081.019, 2771161.631], [301068.943, 2771114.924], [301067.83838546445, 2771110.6513247434], [301146.06399979163, 2771092.6237451527], [301146.70501145197, 2771095.0790438643]]]}, "properties": {"編號": "11384", "圖層": "26", "顏色": "10", "街廓編號": "", "分區代碼": "C", "分區簡稱": "文教", "使用分區": "文教區", "分區說明": "", "原屬分區": "", "變更前代碼": "", "變更前簡稱": "", "變更前分區": ""}}, {"type": "Feature", "geometry": {"type": "Polygon", "coordinates": [[[305891.925, 2771513.18], [305890.459, 2771513.3], [305885.3132920198, 2771513.7224539015], [305885.33, 2771513.61], [305886.325, 2771509.681], [305886.655, 2771508.598], [305886.74, 2771504.949], [305886.854, 2771500.275], [305886.975, 2771495.523], [305887.127, 2771490.922], [305887.2104619434, 2771485.929187313], [305888.73600783397, 2771485.900415374], [305888.75376873516, 2771485.9000804015], [305891.091, 2771485.856], [305905.056, 2771485.593], [305960.736, 2771484.544], [305963.704, 2771487.225], [305964.429, 2771496.02], [305964.425, 2771496.02], [305965.135, 2771504.63], [305962.475, 2771507.74], [305904.468, 2771512.213], [305891.925, 2771513.18]]]}, "properties": {"編號": "11708", "圖層": "26", "顏色": "10", "街廓編號": "", "分區代碼": "C", "分區簡稱": "文教", "使用分區": "文教區", "分區說明": "", "原屬分區": "", "變更前代碼": "", "變更前簡稱": "", "變更前分區": ""}}, {"type": "Feature", "geometry": {"type": "Polygon", "coordinates": [[[305867.139, 2771349.365], [305923.413, 2771348.077], [305927.353, 2771351.01], [305944.633, 2771411.503], [305957.957, 2771447.373], [305961.071, 2771455.714], [305962.736, 2771475.586], [305960.056, 2771478.555], [305869.238, 2771480.268], [305866.35, 2771477.501], [305865.349, 2771434.805], [305864.773, 2771410.211], [305863.334, 2771353.243], [305867.139, 2771349.365]]]}, "properties": {"編號": "11709", "圖層": "26", "顏色": "10", "街廓編號": "", "分區代碼": "C", "分區簡稱": "文教", "使用分區": "文教區", "分區說明": "", "原屬分區": "", "變更前代碼": "", "變更前簡稱": "", "變更前分區": ""}}, {"type": "Feature", "geometry": {"type": "Polygon", "coordinates": [[[306014.225, 2771536.1], [306014.175, 2771502.03], [306017.075, 2771499.07], [306057.17, 2771498.256], [306057.178, 2771504.256], [306060.18, 2771505.196], [306054.228, 2771538.152], [306017.085, 2771538.9], [306014.225, 2771536.1]]]}, "properties": {"編號": "11710", "圖層": "26", "顏色": "10", "街廓編號": "", "分區代碼": "C", "分區簡稱": "文教", "使用分區": "文教區", "分區說明": "", "原屬分區": "", "變更前代碼": "", "變更前簡稱": "", "變更前分區": ""}}, {"type": "Feature", "geometry": {"type": "Polygon", "coordinates": [[[306030.03098192904, 2771490.8092768765], [306028.03900076984, 2771490.8499999843], [306016.996, 2771491.074], [306014.133, 2771488.279], [306013.984, 2771457.365], [306016.778, 2771454.503], [306030.925, 2771454.222], [306035.0926913302, 2771454.1389782606], [306034.81017368246, 2771455.2757586455], [306032.724, 2771463.67], [306032.035, 2771472.167], [306031.134, 2771484.279], [306030.057, 2771490.622], [306030.03098192904, 2771490.8092768765]]]}, "properties": {"編號": "11711", "圖層": "26", "顏色": "10", "街廓編號": "", "分區代碼": "C", "分區簡稱": "文教", "使用分區": "文教區", "分區說明": "", "原屬分區": "", "變更前代碼": "", "變更前簡稱": "", "變更前分區": ""}}, {"type": "Feature", "geometry": {"type": "Polygon", "coordinates": [[[306013.94, 2771445.705], [306013.9, 2771431.525], [306039.091, 2771431.146], [306039.393, 2771448.052], [306030.925, 2771448.22], [306016.8, 2771448.501], [306013.94, 2771445.705]]]}, "properties": {"編號": "11712", "圖層": "26", "顏色": "10", "街廓編號": "", "分區代碼": "C", "分區簡稱": "文教", "使用分區": "文教區", "分區說明": "", "原屬分區": "", "變更前代碼": "", "變更前簡稱": "", "變更前分區": ""}}, {"type": "Feature", "geometry": {"type": "Polygon", "coordinates": [[[301987.9138896504, 2772324.6431473703], [301995.2574063451, 2772300.0], [302008.1101331539, 2772256.8692148435], [302011.6011693926, 2772254.9166099215], [302089.69782684685, 2772275.795754299], [302095.12581967236, 2772279.2116440935], [302095.052, 2772279.503], [302094.74699999974, 2772280.349], [302093.452, 2772285.47], [302092.0429999998, 2772290.837], [302091.164, 2772294.325], [302090.182, 2772298.095], [302089.6943936968, 2772300.0], [302088.647, 2772304.092], [302087.57899999974, 2772308.21], [302086.3710000002, 2772312.889], [302084.96100000024, 2772318.428], [302082.5639999998, 2772327.699], [302081.10900000023, 2772333.347], [302077.266, 2772348.173], [302071.686, 2772346.749], [302069.402, 2772346.133], [302056.383, 2772342.68], [302046.5249999998, 2772340.128], [302044.373, 2772339.523], [302016.9307495339, 2772332.3054235256], [302016.682, 2772332.24], [302008.64500000025, 2772330.126], [301987.9138896504, 2772324.6431473703]]]}, "properties": {"編號": "12414", "圖層": "26", "顏色": "10", "街廓編號": "", "分區代碼": "C", "分區簡稱": "文教", "使用分區": "文教區", "分區說明": "", "原屬分區": "", "變更前代碼": "", "變更前簡稱": "", "變更前分區": ""}}, {"type": "Feature", "geometry": {"type": "Polygon", "coordinates": [[[302334.1163223083, 2771648.9906016695], [302355.04099999974, 2771643.875], [302358.3729999995, 2771657.528], [302357.92, 2771657.68], [302359.962, 2771666.381], [302352.4770000005, 2771668.297], [302345.773, 2771670.012], [302339.45800000045, 2771671.564], [302339.3705694897, 2771671.5846258085], [302334.1163223083, 2771648.9906016695]]]}, "properties": {"編號": "12416", "圖層": "26", "顏色": "10", "街廓編號": "", "分區代碼": "C", "分區簡稱": "文教", "使用分區": "文教區", "分區說明": "", "原屬分區": "", "變更前代碼": "", "變更前簡稱": "", "變更前分區": ""}}, {"type": "Feature", "geometry": {"type": "Polygon", "coordinates": [[[302935.01000000024, 2769714.081], [302936.52200000023, 2769713.368], [302936.727, 2769713.81], [302952.205, 2769705.515], [302951.71500000026, 2769703.542], [302952.24900000024, 2769703.295], [302952.7251215518, 2769703.1526380745], [302957.2420195987, 2769734.0670589563], [302952.997, 2769736.2], [302955.85600000026, 2769742.022], [302954.3060000002, 2769742.9], [302958.429, 2769750.702], [302962.0191717315, 2769757.496145796], [302957.9194713838, 2769759.6795158], [302956.43400000024, 2769756.545], [302955.864, 2769756.819], [302929.82199999975, 2769770.922], [302917.83999999973, 2769777.411], [302917.447, 2769777.313], [302914.893, 2769776.68], [302913.92099999974, 2769774.881], [302910.2560000002, 2769768.094], [302897.91499999975, 2769745.247], [302894.80199999973, 2769739.505], [302894.324, 2769738.629], [302891.181, 2769732.873], [302888.4244978743, 2769734.3734528967], [302881.25649264693, 2769720.8513957155], [302904.4229999998, 2769708.364], [302901.97200000024, 2769703.292], [302904.645, 2769701.837], [302902.58799999976, 2769697.523], [302902.344, 2769696.843], [302902.3815474956, 2769696.64948296], [302903.29899999977, 2769691.921], [302910.99900000024, 2769688.274], [302922.6860000002, 2769682.733], [302924.92100000026, 2769687.723], [302927.323, 2769692.954], [302927.7630000005, 2769693.924], [302926.647, 2769694.434], [302929.0970000005, 2769700.152], [302928.595, 2769700.326], [302935.01000000024, 2769714.081]]]}, "properties": {"編號": "12607", "圖層": "26", "顏色": "10", "街廓編號": "", "分區代碼": "C", "分區簡稱": "文教", "使用分區": "文教區", "分區說明": "", "原屬分區": "", "變更前代碼": "", "變更前簡稱": "", "變更前分區": ""}}, {"type": "Feature", "geometry": {"type": "Polygon", "coordinates": [[[303340.6778651924, 2769277.2903183117], [303343.9355723469, 2769279.6113836044], [303347.5000654194, 2769300.0], [303347.88375256036, 2769302.1946598776], [303355.7707026181, 2769349.369634989], [303352.8544176991, 2769353.431073438], [303319.86341938947, 2769358.7442488815], [303316.61029331706, 2769356.416767247], [303306.98027088237, 2769300.0], [303304.5868721898, 2769285.978452502], [303306.91447018314, 2769282.7254096833], [303340.6778651924, 2769277.2903183117]]]}, "properties": {"編號": "12612", "圖層": "26", "顏色": "10", "街廓編號": "", "分區代碼": "C", "分區簡稱": "文教", "使用分區": "文教區", "分區說明": "", "原屬分區": "", "變更前代碼": "", "變更前簡稱": "", "變更前分區": ""}}, {"type": "Feature", "geometry": {"type": "Polygon", "coordinates": [[[304737.398, 2769096.752], [304735.15041809867, 2769101.314790161], [304730.54011556174, 2769101.3801785354], [304726.55959180114, 2769101.43718886], [304712.6686064188, 2769117.8233032883], [304705.559, 2769112.868], [304677.883, 2769087.483], [304676.773, 2769084.997], [304691.752, 2769066.642], [304694.865, 2769063.912], [304694.197, 2769062.996], [304697.026, 2769059.237], [304706.754, 2769067.461], [304707.692, 2769066.415], [304710.27, 2769064.193], [304713.546, 2769060.58], [304715.447, 2769058.484], [304722.55, 2769053.244], [304725.067, 2769051.327], [304734.1400157933, 2769044.2190067745], [304762.46755012724, 2769043.734497303], [304761.824, 2769044.732], [304762.62, 2769048.271], [304759.197, 2769056.668], [304761.253, 2769057.914], [304739.167, 2769083.636], [304740.127, 2769091.167], [304739.78, 2769091.959], [304739.349, 2769092.745], [304737.398, 2769096.752]]]}, "properties": {"編號": "12618", "圖層": "26", "顏色": "10", "街廓編號": "", "分區代碼": "C", "分區簡稱": "文教", "使用分區": "文教區", "分區說明": "", "原屬分區": "", "變更前代碼": "", "變更前簡稱": "", "變更前分區": ""}}, {"type": "Feature", "geometry": {"type": "Polygon", "coordinates": [[[304745.816, 2769025.384], [304752.3639650514, 2769028.905113456], [304724.93577745295, 2769029.3742406494], [304695.3385791304, 2769029.879094497], [304692.396, 2769025.037], [304695.44, 2769021.013], [304699.882, 2769017.853], [304702.889, 2769017.425], [304706.011, 2769017.665], [304708.238, 2769011.921], [304708.417, 2769011.456], [304715.411, 2769012.15], [304716.896, 2769007.944], [304716.36, 2769001.069], [304719.326, 2769000.973], [304720.5690244467, 2769000.934870416], [304720.63, 2769000.933], [304720.655, 2769002.518], [304720.677, 2769003.895], [304719.766, 2769004.595], [304719.838, 2769013.772], [304720.798, 2769013.755], [304728.835, 2769013.701], [304728.818, 2769011.956], [304731.455, 2769015.047], [304745.816, 2769025.384]]]}, "properties": {"編號": "12619", "圖層": "26", "顏色": "10", "街廓編號": "", "分區代碼": "C", "分區簡稱": "文教", "使用分區": "文教區", "分區說明": "", "原屬分區": "", "變更前代碼": "", "變更前簡稱": "", "變更前分區": ""}}, {"type": "Feature", "geometry": {"type": "Polygon", "coordinates": [[[304372.628, 2769963.866], [304371.71, 2769964.922], [304370.833, 2769965.921], [304369.286, 2769967.657], [304368.29, 2769969.53], [304363.328, 2769981.707], [304363.061, 2769983.723], [304362.363, 2769985.312], [304360.769, 2769987.759], [304357.696, 2769992.606], [304356.20004442165, 2769992.5282234945], [304326.1808429942, 2769990.9682649923], [304325.1924800017, 2769902.0864073285], [304327.27266923094, 2769900.0], [304328.7227336552, 2769898.5456010443], [304446.1325247536, 2769899.500723658], [304480.84491544747, 2769899.8151854654], [304481.02948869584, 2769900.0], [304483.67149442603, 2769902.6454595295], [304484.02803594066, 2769948.6356086684], [304481.22500933, 2769951.4892102205], [304373.2974506288, 2769952.582421352], [304373.365140094, 2769963.452947361], [304372.628, 2769963.866]]]}, "properties": {"編號": "12628", "圖層": "26", "顏色": "10", "街廓編號": "", "分區代碼": "C", "分區簡稱": "文教", "使用分區": "文教區", "分區說明": "", "原屬分區": "", "變更前代碼": "", "變更前簡稱": "", "變更前分區": ""}}, {"type": "Feature", "geometry": {"type": "Polygon", "coordinates": [[[305304.25627454807, 2770207.9414843884], [305348.5208750896, 2770207.244308874], [305348.78685813904, 2770285.8852225933], [305304.73158670595, 2770286.7099453397], [305218.1719261787, 2770288.410457229], [305215.2918242817, 2770285.6346666995], [305214.6601212482, 2770248.993842689], [305213.9376429465, 2770212.6068747244], [305216.70866588305, 2770209.7221855065], [305304.25627454807, 2770207.9414843884]]]}, "properties": {"編號": "12629", "圖層": "26", "顏色": "10", "街廓編號": "", "分區代碼": "C", "分區簡稱": "文教", "使用分區": "文教區", "分區說明": "", "原屬分區": "", "變更前代碼": "", "變更前簡稱": "", "變更前分區": ""}}, {"type": "Feature", "geometry": {"type": "Polygon", "coordinates": [[[305582.172, 2769469.342], [305582.11806089495, 2769469.338659453], [305582.1539074719, 2769456.6622986193], [305584.25578615454, 2769454.5217131847], [305600.0, 2769454.1898608524], [305604.8693887925, 2769454.0872251764], [305604.74337457964, 2769448.0885486053], [305607.378, 2769437.21], [305608.50699999975, 2769430.562], [305605.76199999976, 2769430.557], [305606.9629999995, 2769417.477], [305607.61918696045, 2769411.365116187], [305651.1664654219, 2769410.602256215], [305654.049218411, 2769413.3752933955], [305654.8378068666, 2769450.4332650756], [305655.4316839826, 2769478.6563835535], [305646.04500000045, 2769478.314], [305635.10299999977, 2769477.358], [305629.27000000025, 2769478.13], [305621.66000000073, 2769479.15], [305606.56499999977, 2769481.207], [305606.73999999976, 2769483.275], [305607.75022596266, 2769493.442529772], [305603.999405437, 2769493.5068588443], [305603.57099999976, 2769488.662], [305603.2689999995, 2769483.992], [305602.37399999955, 2769470.375], [305600.0, 2769470.251870632], [305592.2709999998, 2769469.851], [305582.172, 2769469.342]]]}, "properties": {"編號": "12631", "圖層": "26", "顏色": "10", "街廓編號": "", "分區代碼": "C", "分區簡稱": "文教", "使用分區": "文教區", "分區說明": "", "原屬分區": "", "變更前代碼": "", "變更前簡稱": "", "變更前分區": ""}}, {"type": "Feature", "geometry": {"type": "Polygon", "coordinates": [[[305690.51459117746, 2769452.731560212], [305698.87499999977, 2769458.022], [305705.08502221154, 2769461.478268113], [305706.265, 2769462.135], [305705.1396345935, 2769464.0407321597], [305702.031, 2769469.305], [305705.2977077894, 2769471.4576743976], [305709.397, 2769474.159], [305707.415, 2769478.119], [305705.5178752048, 2769481.7881354936], [305704.53399999975, 2769483.691], [305691.98999999976, 2769474.495], [305678.80099999974, 2769474.315], [305670.36886220454, 2769475.5130736837], [305669.95741274976, 2769455.959555963], [305672.72823683475, 2769453.074675742], [305690.51459117746, 2769452.731560212]]]}, "properties": {"編號": "12632", "圖層": "26", "顏色": "10", "街廓編號": "", "分區代碼": "C", "分區簡稱": "文教", "使用分區": "文教區", "分區說明": "", "原屬分區": "", "變更前代碼": "", "變更前簡稱": "", "變更前分區": ""}}, {"type": "Feature", "geometry": {"type": "Polygon", "coordinates": [[[305677.567, 2769439.749], [305676.32799999975, 2769443.333], [305681.702677825, 2769446.9004340037], [305672.59601675963, 2769447.076110074], [305669.71080747864, 2769444.305628635], [305669.0469157696, 2769413.1075049774], [305671.8174191687, 2769410.222316783], [305673.64233942196, 2769410.187140142], [305671.10499999975, 2769414.003], [305680.2949999995, 2769417.759], [305679.96899999975, 2769419.644], [305678.99, 2769419.455], [305677.258, 2769423.905], [305675.1830000005, 2769428.965], [305677.3339999995, 2769430.369], [305678.4549999998, 2769432.869], [305678.67399999953, 2769434.172], [305678.8199999998, 2769435.042], [305678.31099999975, 2769437.482], [305677.567, 2769439.749]]]}, "properties": {"編號": "12633", "圖層": "26", "顏色": "10", "街廓編號": "", "分區代碼": "C", "分區簡稱": "文教", "使用分區": "文教區", "分區說明": "", "原屬分區": "", "變更前代碼": "", "變更前簡稱": "", "變更前分區": ""}}, {"type": "Feature", "geometry": {"type": "Polygon", "coordinates": [[[303350.69028200005, 2773122.08602728], [303337.7231735506, 2773116.4500626912], [303419.3977238734, 2773115.8431968954], [303419.35384053993, 2773124.41402963], [303425.00981044007, 2773126.5072149], [303430.7, 2773128.604], [303430.813, 2773132.151], [303430.9807040901, 2773137.32501858], [303428.64695727994, 2773137.37501316], [303428.864, 2773142.644], [303429.048, 2773147.921], [303429.115, 2773149.948], [303423.44287742994, 2773148.31010869], [303410.5234684601, 2773184.82438243], [303421.78230811, 2773188.13142059], [303430.501, 2773191.497], [303430.54, 2773193.81], [303436.125, 2773193.72], [303437.666, 2773194.436], [303437.265, 2773194.598], [303432.483, 2773194.591], [303427.563, 2773194.665], [303422.661, 2773194.731], [303417.841, 2773194.773], [303412.911, 2773194.781], [303408.117, 2773194.855], [303403.236, 2773194.88], [303398.308, 2773194.9], [303393.462, 2773194.964], [303388.5546782899, 2773194.94695666], [303383.6725810001, 2773194.99549028], [303378.78085858986, 2773195.04411957], [303373.84196001006, 2773195.09321785], [303369.0813849301, 2773195.14054339], [303364.2017665, 2773195.18905236], [303359.2592065101, 2773195.20218526], [303354.46249275014, 2773195.25887051], [303349.5535859699, 2773195.30767064], [303344.6414152, 2773195.38350455], [303339.827, 2773195.41236439], [303334.94672940014, 2773195.46888017], [303330.16307009006, 2773195.48543066], [303330.152, 2773203.314], [303330.12365984346, 2773210.7702951985], [303330.1236592364, 2773210.7704549124], [303327.6546243022, 2773210.8327470785], [303324.764199856, 2773208.067707021], [303324.69920183514, 2773204.666810569], [303324.6979955232, 2773204.6664677174], [303323.8399955232, 2773159.803467717], [303323.83903283527, 2773159.803426767], [303323.1597120886, 2773134.5752227213], [303326.4667916801, 2773134.69121745], [303380.9665453501, 2773133.96473825], [303350.69028200005, 2773122.08602728]]]}, "properties": {"編號": "12678", "圖層": "26", "顏色": "10", "街廓編號": "", "分區代碼": "C", "分區簡稱": "文教", "使用分區": "文教區", "分區說明": "", "原屬分區": "", "變更前代碼": "", "變更前簡稱": "", "變更前分區": ""}}, {"type": "Feature", "geometry": {"type": "Polygon", "coordinates": [[[301966.914, 2770002.751], [301968.928, 2770063.869], [301849.098, 2770059.972], [301842.543, 2769994.791], [301844.503, 2769994.793], [301966.914, 2770002.751]]]}, "properties": {"編號": "13341", "圖層": "29", "顏色": "13", "街廓編號": "", "分區代碼": "G", "分區簡稱": "行政", "使用分區": "行政區", "分區說明": "", "原屬分區": "", "變更前代碼": "", "變更前簡稱": "", "變更前分區": ""}}, {"type": "Feature", "geometry": {"type": "Polygon", "coordinates": [[[302379.9178214245, 2770113.341677209], [302402.82500000024, 2770187.241], [302400.0, 2770187.6434771107], [302308.784, 2770200.639], [302306.244, 2770200.695], [302303.763, 2770200.135], [302301.483, 2770198.984], [302299.553, 2770197.335], [302298.082, 2770195.265], [302297.142, 2770192.895], [302291.159, 2770169.965], [302290.829, 2770167.645], [302291.018, 2770165.315], [302291.708, 2770163.085], [302292.888, 2770161.064], [302294.478, 2770159.344], [302296.9472653279, 2770157.6277002553], [302346.9342661779, 2770130.9486820507], [302379.9178214245, 2770113.341677209]]]}, "properties": {"編號": "13425", "圖層": "29", "顏色": "13", "街廓編號": "", "分區代碼": "G", "分區簡稱": "行政", "使用分區": "行政區", "分區說明": "", "原屬分區": "", "變更前代碼": "", "變更前簡稱": "", "變更前分區": ""}}, {"type": "Feature", "geometry": {"type": "Polygon", "coordinates": [[[302444.98100000026, 2770181.23], [302421.5926576996, 2770091.095165618], [302432.4708003354, 2770085.288286747], [302576.13631662226, 2770008.5987869375], [302580.7157635169, 2770010.6059406786], [302594.87186871265, 2770065.064530598], [302602.289789135, 2770093.5949233677], [302617.69886151125, 2770152.8487897646], [302614.92782164144, 2770157.0106809265], [302457.59000000026, 2770179.433], [302444.98100000026, 2770181.23]]]}, "properties": {"編號": "13426", "圖層": "41", "顏色": "10", "街廓編號": "", "分區代碼": "PSB", "分區簡稱": "國小", "使用分區": "國小用地", "分區說明": "", "原屬分區": "", "變更前代碼": "", "變更前簡稱": "", "變更前分區": ""}}, {"type": "Feature", "geometry": {"type": "Polygon", "coordinates": [[[302421.5926576996, 2770091.095165618], [302444.98100000026, 2770181.23], [302402.82500000024, 2770187.241], [302379.9178214245, 2770113.341677209], [302400.0, 2770102.6215770626], [302421.5926576996, 2770091.095165618]]]}, "properties": {"編號": "13427", "圖層": "33", "顏色": "19", "街廓編號": "", "分區代碼": "PEC2", "分區簡稱": "體育場", "使用分區": "體育場用地", "分區說明": "", "原屬分區": "", "變更前代碼": "", "變更前簡稱": "", "變更前分區": ""}}, {"type": "Feature", "geometry": {"type": "Polygon", "coordinates": [[[301348.237, 2770148.49], [301344.079, 2770109.057], [301464.614, 2770096.85], [301467.691, 2770099.407], [301470.528, 2770133.288], [301467.972, 2770136.365], [301348.237, 2770148.49]]]}, "properties": {"編號": "13428", "圖層": "26", "顏色": "10", "街廓編號": "", "分區代碼": "C", "分區簡稱": "文教", "使用分區": "文教區", "分區說明": "", "原屬分區": "", "變更前代碼": "", "變更前簡稱": "", "變更前分區": ""}}, {"type": "Feature", "geometry": {"type": "Polygon", "coordinates": [[[301474.921, 2770053.939], [301477.897, 2770089.475], [301357.073, 2770101.71], [301353.552, 2770066.441], [301407.494, 2770060.885], [301474.921, 2770053.939]]]}, "properties": {"編號": "13429", "圖層": "26", "顏色": "10", "街廓編號": "", "分區代碼": "C", "分區簡稱": "文教", "使用分區": "文教區", "分區說明": "", "原屬分區": "", "變更前代碼": "", "變更前簡稱": "", "變更前分區": ""}}, {"type": "Feature", "geometry": {"type": "Polygon", "coordinates": [[[301426.311, 2770146.483], [301430.544, 2770191.602], [301410.23300000024, 2770193.391], [301389.91, 2770195.167], [301342.703, 2770199.31], [301338.611, 2770196.43], [301328.91852686903, 2770159.373605411], [301331.19967789436, 2770156.0878254427], [301426.30549351574, 2770146.4248109106], [301426.311, 2770146.483]]]}, "properties": {"編號": "13435", "圖層": "29", "顏色": "13", "街廓編號": "", "分區代碼": "G", "分區簡稱": "行政", "使用分區": "行政區", "分區說明": "", "原屬分區": "", "變更前代碼": "", "變更前簡稱": "", "變更前分區": ""}}, {"type": "Feature", "geometry": {"type": "Polygon", "coordinates": [[[301426.3055403366, 2770146.424806154], [301471.01003378985, 2770141.8827056834], [301474.659, 2770184.359], [301472.01600000024, 2770187.963], [301430.544, 2770191.602], [301426.311, 2770146.483], [301426.3055403366, 2770146.424806154]]]}, "properties": {"編號": "13436", "圖層": "26", "顏色": "10", "街廓編號": "", "分區代碼": "C", "分區簡稱": "文教", "使用分區": "文教區", "分區說明": "", "原屬分區": "", "變更前代碼": "", "變更前簡稱": "", "變更前分區": ""}}, {"type": "Feature", "geometry": {"type": "Polygon", "coordinates": [[[302575.76799999975, 2770516.969], [302558.155, 2770521.578], [302552.3680394771, 2770500.0], [302544.534, 2770470.789], [302687.319035403, 2770433.6903171227], [302691.6315500915, 2770436.2205773983], [302708.2839720514, 2770500.0], [302725.861692719, 2770567.3233525744], [302723.3324608245, 2770571.636470475], [302598.37800000026, 2770604.166], [302576.927, 2770521.439], [302575.76799999975, 2770516.969]]]}, "properties": {"編號": "13571", "圖層": "26", "顏色": "10", "街廓編號": "", "分區代碼": "C", "分區簡稱": "文教", "使用分區": "文教區", "分區說明": "", "原屬分區": "", "變更前代碼": "", "變更前簡稱": "", "變更前分區": ""}}, {"type": "Feature", "geometry": {"type": "Polygon", "coordinates": [[[302576.927, 2770521.439], [302598.37800000026, 2770604.166], [302518.716, 2770624.902], [302457.8, 2770640.76], [302400.0, 2770655.803835616], [302382.39099999977, 2770660.387], [302376.9119999998, 2770657.166], [302343.32799999975, 2770527.712], [302346.54899999977, 2770522.223], [302389.09799999977, 2770511.173], [302400.0, 2770508.340539257], [302432.10231923533, 2770500.0], [302544.534, 2770470.789], [302552.3680394771, 2770500.0], [302558.155, 2770521.578], [302575.76799999975, 2770516.969], [302576.927, 2770521.439]]]}, "properties": {"編號": "13572", "圖層": "29", "顏色": "13", "街廓編號": "", "分區代碼": "G", "分區簡稱": "行政", "使用分區": "行政區", "分區說明": "", "原屬分區": "", "變更前代碼": "", "變更前簡稱": "", "變更前分區": ""}}, {"type": "Feature", "geometry": {"type": "Polygon", "coordinates": [[[306300.63169196463, 2771272.530323193], [306300.27241713, 2771251.32499688], [306306.19510871626, 2771245.947104693], [306330.18152509787, 2771248.6761178197], [306329.277, 2771255.362], [306328.68, 2771255.298], [306327.048, 2771259.094], [306325.911, 2771264.924], [306326.563, 2771275.318], [306325.4089990082, 2771275.19394217], [306300.63169196463, 2771272.530323193]]]}, "properties": {"編號": "13933", "圖層": "35", "顏色": "13", "街廓編號": "", "分區代碼": "PG", "分區簡稱": "機", "使用分區": "機關用地", "分區說明": "", "原屬分區": "", "變更前代碼": "", "變更前簡稱": "", "變更前分區": ""}}, {"type": "Feature", "geometry": {"type": "Polygon", "coordinates": [[[306440.7690242562, 2771264.7992146206], [306435.3495964093, 2771315.9416556833], [306428.5546083844, 2771380.062617324], [306423.4267061198, 2771383.1778409705], [306418.4174955077, 2771381.2154461076], [306400.0, 2771373.780041081], [306355.73362524173, 2771355.9090756583], [306354.03597619414, 2771353.435619026], [306352.4087702601, 2771251.204358678], [306400.0, 2771256.613482762], [306412.7936604371, 2771258.067584646], [306437.6410618274, 2771260.898464559], [306440.7690242562, 2771264.7992146206]]]}, "properties": {"編號": "13934", "圖層": "35", "顏色": "13", "街廓編號": "", "分區代碼": "PG", "分區簡稱": "機", "使用分區": "機關用地", "分區說明": "", "原屬分區": "", "變更前代碼": "", "變更前簡稱": "", "變更前分區": ""}}, {"type": "Feature", "geometry": {"type": "Polygon", "coordinates": [[[306699.7415316355, 2770482.097051695], [306747.04417035915, 2770480.9651333485], [306748.149, 2770529.911], [306748.658, 2770563.91], [306705.588, 2770564.907], [306705.2577374146, 2770565.127175057], [306705.254, 2770564.868], [306705.1970000002, 2770561.178], [306704.6778142822, 2770532.407950082], [306701.02, 2770532.407], [306699.7415316355, 2770482.097051695]]]}, "properties": {"編號": "13949", "圖層": "35", "顏色": "13", "街廓編號": "", "分區代碼": "PG", "分區簡稱": "機", "使用分區": "機關用地", "分區說明": "", "原屬分區": "", "變更前代碼": "", "變更前簡稱": "", "變更前分區": ""}}, {"type": "Feature", "geometry": {"type": "Polygon", "coordinates": [[[306778.82916132524, 2770500.0], [306779.63688035466, 2770547.5270367237], [306780.15822262457, 2770578.203363901], [306781.14616198634, 2770637.3773112083], [306779.10700000025, 2770637.415], [306740.013, 2770638.383], [306714.802, 2770638.997], [306706.326, 2770639.207], [306705.2577374146, 2770565.127175057], [306705.588, 2770564.907], [306748.658, 2770563.91], [306748.149, 2770529.911], [306747.04417035915, 2770480.9651333485], [306767.4137318089, 2770480.4777042973], [306778.4934064393, 2770480.243829601], [306778.63914662716, 2770488.819335444], [306778.82916132524, 2770500.0]]]}, "properties": {"編號": "13950", "圖層": "35", "顏色": "13", "街廓編號": "", "分區代碼": "PG", "分區簡稱": "機", "使用分區": "機關用地", "分區說明": "", "原屬分區": "", "變更前代碼": "", "變更前簡稱": "", "變更前分區": ""}}, {"type": "Feature", "geometry": {"type": "Polygon", "coordinates": [[[306703.78056872846, 2770639.270065192], [306701.878, 2770565.006], [306701.748, 2770561.306], [306701.02, 2770532.407], [306704.6778142822, 2770532.407950082], [306705.1970000002, 2770561.178], [306705.254, 2770564.868], [306705.2577374146, 2770565.127175057], [306706.326, 2770639.207], [306703.78056872846, 2770639.270065192]]]}, "properties": {"編號": "13951", "圖層": "35", "顏色": "13", "街廓編號": "", "分區代碼": "PG", "分區簡稱": "機", "使用分區": "機關用地", "分區說明": "", "原屬分區": "", "變更前代碼": "", "變更前簡稱": "", "變更前分區": ""}}, {"type": "Feature", "geometry": {"type": "Polygon", "coordinates": [[[306408.826, 2770281.603], [306409.049, 2770295.887], [306411.448, 2770449.242], [306292.609, 2770452.052], [306286.84, 2770446.51], [306285.25, 2770351.262], [306284.346, 2770296.02], [306284.147, 2770283.858], [306408.826, 2770281.603]]]}, "properties": {"編號": "14757", "圖層": "41", "顏色": "10", "街廓編號": "", "分區代碼": "PSB", "分區簡稱": "國小", "使用分區": "國小用地", "分區說明": "", "原屬分區": "", "變更前代碼": "", "變更前簡稱": "", "變更前分區": ""}}, {"type": "Feature", "geometry": {"type": "Polygon", "coordinates": [[[304662.22, 2769880.557], [304662.4026119568, 2769889.676007782], [304664.221, 2769980.48], [304621.722, 2769982.403], [304595.05, 2769986.544], [304580.525, 2769989.175], [304580.678, 2769996.976], [304495.289, 2769998.016], [304492.4349776299, 2769995.2139780265], [304492.181, 2769954.454], [304491.791, 2769884.818], [304468.188, 2769884.794], [304460.36, 2769884.786], [304452.92, 2769884.779], [304450.062, 2769881.98], [304445.933, 2769696.02], [304445.916, 2769695.249], [304444.089, 2769612.491], [304679.847, 2769608.106], [304681.527, 2769696.02], [304682.461, 2769738.882], [304684.289, 2769833.927], [304685.214, 2769880.117], [304670.687, 2769880.395], [304662.22, 2769880.557]]]}, "properties": {"編號": "14844", "圖層": "41", "顏色": "10", "街廓編號": "", "分區代碼": "PSD", "分區簡稱": "高中", "使用分區": "高中用地", "分區說明": "", "原屬分區": "", "變更前代碼": "", "變更前簡稱": "", "變更前分區": ""}}, {"type": "Feature", "geometry": {"type": "Polygon", "coordinates": [[[301453.884, 2770698.763], [301403.78, 2770711.716], [301400.969, 2770700.872], [301386.436, 2770704.641], [301385.436, 2770700.762], [301382.526, 2770701.522], [301380.556, 2770693.892], [301368.698, 2770696.971], [301355.44, 2770645.399], [301353.423, 2770637.551], [301433.531, 2770616.883], [301443.0799698958, 2770614.4203287237], [301456.16, 2770611.047], [301461.09, 2770611.826], [301465.921, 2770613.127], [301470.55, 2770614.996], [301474.931, 2770617.417], [301479.031, 2770620.297], [301482.782, 2770623.617], [301486.152, 2770627.307], [301489.012, 2770631.408], [301491.462, 2770635.759], [301493.332, 2770640.398], [301494.652, 2770645.219], [301495.492, 2770650.148], [301495.682, 2770655.148], [301495.462, 2770658.595], [301495.372, 2770660.128], [301494.412, 2770665.048], [301492.87, 2770669.977], [301490.92, 2770674.387], [301488.429, 2770678.727], [301485.529, 2770682.797], [301482.078, 2770686.416], [301478.327, 2770689.715], [301474.126, 2770692.425], [301469.934, 2770694.614], [301462.5051022065, 2770696.534404794], [301453.884, 2770698.763]]]}, "properties": {"編號": "15155", "圖層": "35", "顏色": "13", "街廓編號": "", "分區代碼": "PG", "分區簡稱": "機", "使用分區": "機關用地", "分區說明": "", "原屬分區": "", "變更前代碼": "", "變更前簡稱": "", "變更前分區": ""}}, {"type": "Feature", "geometry": {"type": "Polygon", "coordinates": [[[305469.18947977613, 2772567.314931633], [305445.22399999975, 2772579.954], [305442.59959893895, 2772581.337546346], [305427.44360385585, 2772589.3275681194], [305422.68921484135, 2772578.7564439084], [305404.2607047973, 2772537.7816586904], [305405.68093711254, 2772534.0422817143], [305414.14355378936, 2772530.24079854], [305446.1169748864, 2772515.8780515366], [305461.2095288301, 2772549.5247618193], [305469.18947977613, 2772567.314931633]]]}, "properties": {"編號": "15357", "圖層": "35", "顏色": "13", "街廓編號": "", "分區代碼": "PG", "分區簡稱": "機", "使用分區": "機關用地", "分區說明": "", "原屬分區": "", "變更前代碼": "", "變更前簡稱": "", "變更前分區": ""}}, {"type": "Feature", "geometry": {"type": "Polygon", "coordinates": [[[305194.4032164397, 2772553.980290449], [305198.3918920181, 2772554.28106799], [305221.23415698647, 2772580.877119384], [305228.563168797, 2772589.410545252], [305228.2616241424, 2772593.39916291], [305194.72450491856, 2772622.240789601], [305174.47855814244, 2772639.6521252333], [305169.2740128913, 2772639.8936443646], [305160.4166652875, 2772640.304673339], [305157.5237225671, 2772637.5422681523], [305157.5268163903, 2772623.223785701], [305157.53492177126, 2772585.71137642], [305167.19903873064, 2772577.3938524113], [305194.4032164397, 2772553.980290449]]]}, "properties": {"編號": "15381", "圖層": "39", "顏色": "16", "街廓編號": "", "分區代碼": "PM", "分區簡稱": "市", "使用分區": "市場用地", "分區說明": "", "原屬分區": "", "變更前代碼": "", "變更前簡稱": "", "變更前分區": ""}}, {"type": "Feature", "geometry": {"type": "Polygon", "coordinates": [[[305146.51207078935, 2772689.9370240183], [305143.69731084607, 2772692.7790526007], [305054.27651719045, 2772693.661157789], [304983.1950114555, 2772694.3623522483], [304980.3348279648, 2772691.566042108], [304979.8841782427, 2772656.1361322547], [304979.08470617153, 2772593.2819418986], [304981.88055827236, 2772590.4213106693], [305052.54005987477, 2772589.701647329], [305142.9803863029, 2772588.7805173197], [305146.53349824646, 2772592.2983853556], [305146.52217630506, 2772644.697315957], [305146.51515613863, 2772676.124734907], [305146.51207078935, 2772689.9370240183]]]}, "properties": {"編號": "15382", "圖層": "41", "顏色": "10", "街廓編號": "", "分區代碼": "PSC", "分區簡稱": "國中", "使用分區": "國中用地", "分區說明": "", "原屬分區": "", "變更前代碼": "", "變更前簡稱": "", "變更前分區": ""}}, {"type": "Feature", "geometry": {"type": "Polygon", "coordinates": [[[305555.6782549787, 2772420.5694480333], [305555.3145544531, 2772418.7511376943], [305555.7415340354, 2772416.9466380416], [305556.88153892255, 2772415.4841335393], [305558.5272363539, 2772414.629609973], [305560.11392409704, 2772414.5024549193], [305580.5451720266, 2772416.7027214146], [305599.99999999977, 2772418.797836031], [305630.7946156573, 2772422.068364397], [305682.4121638944, 2772427.550382993], [305684.27547397424, 2772428.146363844], [305685.74998520757, 2772429.4320287504], [305686.59419316245, 2772431.1968036816], [305686.7093277883, 2772432.860063286], [305677.7350000002, 2772518.668], [305677.3390000002, 2772522.562], [305673.9300000002, 2772524.089], [305616.94079790305, 2772549.713835527], [305615.0593649316, 2772550.1259128703], [305613.1710628328, 2772549.746554272], [305611.59475811623, 2772548.6398197943], [305610.6661650543, 2772547.1779135773], [305610.53827154613, 2772546.857777626], [305610.43126839923, 2772546.5357705546], [305610.27226600936, 2772546.1367647136], [305610.1662628107, 2772545.8637576485], [305610.0092606299, 2772545.592752805], [305609.92725803494, 2772545.2697483245], [305607.94072052004, 2772540.6955044935], [305600.0, 2772522.4110313435], [305584.72848842596, 2772487.2475083973], [305584.7288485031, 2772487.2473520157], [305584.72848842596, 2772487.2475083973], [305568.8017596788, 2772450.5753106875], [305555.6782549787, 2772420.5694480333]]]}, "properties": {"編號": "15391", "圖層": "41", "顏色": "10", "街廓編號": "", "分區代碼": "PSB", "分區簡稱": "國小", "使用分區": "國小用地", "分區說明": "", "原屬分區": "", "變更前代碼": "", "變更前簡稱": "", "變更前分區": ""}}, {"type": "Feature", "geometry": {"type": "Polygon", "coordinates": [[[299608.36152216484, 2769564.7532033008], [299612.29163577984, 2769565.497654086], [299688.8363836818, 2769660.698884331], [299692.8803059609, 2769665.7284439877], [299692.4388447523, 2769669.70400835], [299679.7017462835, 2769679.845317122], [299673.2404324341, 2769684.98983092], [299647.6037642727, 2769685.627349696], [299597.1926978674, 2769686.8809447866], [299537.0069074509, 2769611.7995798853], [299535.5053649888, 2769609.9264158593], [299536.25506475876, 2769605.9973001503], [299554.43077198503, 2769595.6388940047], [299563.4133154795, 2769590.4910607473], [299594.8422826862, 2769572.479338039], [299606.4226319144, 2769565.8612632137], [299608.36152216484, 2769564.7532033008]]]}, "properties": {"編號": "15489", "圖層": "41", "顏色": "10", "街廓編號": "", "分區代碼": "PSB", "分區簡稱": "國小", "使用分區": "國小用地", "分區說明": "", "原屬分區": "", "變更前代碼": "", "變更前簡稱": "", "變更前分區": ""}}]}