{"type": "FeatureCollection", "features": [{"type": "Feature", "geometry": {"type": "Polygon", "coordinates": [[[306281.02758580865, 2770102.9442298887], [306281.0271915161, 2770102.95617864], [306281.21999112226, 2770115.2164354613], [306281.6759978657, 2770140.571881327], [306283.5969950633, 2770250.2827180587], [306283.5970046198, 2770250.283282017], [306284.1467987403, 2770283.8457140108], [306284.1475664095, 2770283.8574137255], [306284.1592856303, 2770283.8577777967], [306408.3248434954, 2770281.6120641404], [306408.37396465027, 2770281.6135913283], [306408.4226986027, 2770281.619933413], [306408.4705745399, 2770281.631029124], [306408.5171299381, 2770281.6467712666], [306408.5619150311, 2770281.6670077587], [306408.6044971555, 2770281.691543097], [306408.64446493046, 2770281.7201402495], [306408.68143223214, 2770281.752522942], [306408.7150419238, 2770281.788378329], [306408.7449693062, 2770281.8273600163], [306408.77092525456, 2770281.8690914065], [306408.79265901144, 2770281.913169337], [306408.8099606097, 2770281.959167977], [306408.8226629006, 2770282.006642938], [306408.8306431689, 2770282.0551355714], [306408.8338243181, 2770282.104177395], [306409.04900011705, 2770295.887007483], [306411.44780703634, 2770449.229664887], [306411.44857103954, 2770449.241406092], [306411.46033318405, 2770449.24170872], [306430.9246864355, 2770448.7820074055], [306654.29778659146, 2770443.2263037697], [306654.3097442047, 2770443.225420585], [306654.31845367176, 2770443.2171798395], [306657.76155774936, 2770439.624808244], [306657.76941206696, 2770439.6157693607], [306657.7697986502, 2770439.603800978], [306656.31999790826, 2770351.765876939], [306655.3700027837, 2770295.876163771], [306652.01020217914, 2770090.288371438], [306652.00940385554, 2770090.276260663], [306652.00105492334, 2770090.2674513813], [306648.40891946823, 2770086.8345241453], [306648.39976734354, 2770086.8266033907], [306648.38766674325, 2770086.8263295144], [306640.54059985233, 2770087.035983973], [306430.92530753074, 2770093.1399910445], [306430.92469198426, 2770093.1400085897], [306286.57117369265, 2770097.165660507], [306286.5592550982, 2770097.166575073], [306286.5505778517, 2770097.1747966693], [306281.0354233406, 2770102.935202086], [306281.02758580865, 2770102.9442298887]]]}, "properties": {"patch_id": 0, "area_m2": 111006.6, "porosity_index_per_100m_edge": 1.52, "buildings_per_100m_perimeter": 0.48}}, {"type": "Feature", "geometry": {"type": "Polygon", "coordinates": [[[306369.8045941605, 2771772.492567199], [306369.8043241709, 2771772.5043184846], [306369.8049698568, 2771772.528854528], [306369.8050248927, 2771772.531145521], [306370.66999984905, 2771812.336993055], [306371.3247361856, 2771842.5068435934], [306371.3255559422, 2771842.518480932], [306371.3371097581, 2771842.520096168], [306415.41495470406, 2771846.5099958996], [306419.81276521285, 2771846.9088902688], [306419.8244212925, 2771846.909372234], [306419.8248872982, 2771846.897715503], [306419.78500508226, 2771842.5505539686], [306419.25499959255, 2771796.0199646656], [306419.0051423228, 2771774.352342235], [306419.0044054376, 2771774.3402558947], [306418.9961342377, 2771774.331412258], [306416.1438633893, 2771771.5685854433], [306416.1347632431, 2771771.5606020433], [306416.1226627472, 2771771.5602481775], [306369.8163202587, 2771772.4917521644], [306369.8045941605, 2771772.492567199]]]}, "properties": {"patch_id": 1, "area_m2": 3545.4, "porosity_index_per_100m_edge": 3.31, "buildings_per_100m_perimeter": 5.79}}, {"type": "Feature", "geometry": {"type": "Polygon", "coordinates": [[[306324.26720346237, 2771343.2396749216], [306324.2776623144, 2771343.244481441], [306341.8070693321, 2771350.3119618287], [306341.8184175257, 2771350.315899587], [306341.82864238886, 2771350.309595652], [306345.93011482846, 2771347.4931730535], [306345.9396702095, 2771347.4858941776], [306345.9400705341, 2771347.4738888796], [306345.3645017436, 2771311.313055366], [306345.3637224463, 2771311.30116776], [306345.3520890512, 2771311.2986013037], [306325.9842549094, 2771308.022073208], [306325.9725528879, 2771308.020687336], [306325.97139888746, 2771308.0324144918], [306324.2672132054, 2771343.228164491], [306324.26720346237, 2771343.2396749216]]]}, "properties": {"patch_id": 2, "area_m2": 774.6, "porosity_index_per_100m_edge": 2.61, "buildings_per_100m_perimeter": 6.08}}, {"type": "Feature", "geometry": {"type": "Polygon", "coordinates": [[[306122.0966166786, 2772310.6314739943], [306122.10822205234, 2772310.632980074], [306139.44280758407, 2772312.0230223034], [306139.45447957166, 2772312.0233854335], [306139.45604436327, 2772312.011813109], [306140.11099868384, 2772304.369015358], [306144.9889535679, 2772247.4892020114], [306144.98938102013, 2772247.477519341], [306144.97780174145, 2772247.475910631], [306127.65725279384, 2772245.929094239], [306127.6455255436, 2772245.928626394], [306127.6439484758, 2772245.940256535], [306124.3101678208, 2772284.7987037734], [306122.1151530654, 2772310.3882155614], [306122.0969593221, 2772310.6197895454], [306122.0966166786, 2772310.6314739943]]]}, "properties": {"patch_id": 3, "area_m2": 1129.6, "porosity_index_per_100m_edge": 1.82, "buildings_per_100m_perimeter": 3.04}}, {"type": "Feature", "geometry": {"type": "Polygon", "coordinates": [[[306078.51756578294, 2769880.8068052703], [306078.5250924769, 2769880.8155820365], [306081.25290975475, 2769883.7084203307], [306081.26122751826, 2769883.7164469706], [306081.2727856167, 2769883.716597334], [306085.49211598403, 2769883.572440194], [306085.50473160204, 2769883.5713562877], [306085.5143804172, 2769883.5631569577], [306087.677609741, 2769881.5238523204], [306087.6863717252, 2769881.514693702], [306087.68819014967, 2769881.5021499363], [306089.6968464885, 2769859.8146574656], [306089.697164543, 2769859.8113436005], [306089.80167371023, 2769858.7592846504], [306089.8023696272, 2769858.7527199467], [306089.92060133297, 2769857.7035377515], [306089.92144900403, 2769857.696468282], [306090.0545592265, 2769856.64946698], [306090.0554891956, 2769856.6425395156], [306090.20355254086, 2769855.5951652485], [306090.20448789455, 2769855.588840733], [306090.3654623053, 2769854.546481739], [306090.3665867044, 2769854.539526179], [306090.5424393737, 2769853.4983194144], [306090.5436052702, 2769853.4916884433], [306090.73336091015, 2769852.453496591], [306090.7346887373, 2769852.4465128495], [306090.9393475994, 2769851.410303174], [306090.9406968265, 2769851.4037059112], [306091.1593031241, 2769850.3702943223], [306091.1607411813, 2769850.363715363], [306091.3932590353, 2769849.3332836768], [306091.3947851108, 2769849.3267265945], [306091.6412018894, 2769848.2993276063], [306091.64284357976, 2769848.292683637], [306091.9031557454, 2769847.269319016], [306091.904889643, 2769847.2626928487], [306092.1790679058, 2769846.2434649593], [306092.1809817281, 2769846.2365487707], [306092.47008841555, 2769845.220204642], [306092.47195420676, 2769845.2138078017], [306092.7740383276, 2769844.203217174], [306092.7760047943, 2769844.1967960335], [306093.09199771, 2769843.1891959812], [306093.0940450147, 2769843.1828177413], [306093.4238625725, 2769842.178463672], [306093.4261878146, 2769842.1715532774], [306093.76995780313, 2769841.174024178], [306093.772080809, 2769841.16798939], [306094.1288460625, 2769840.1742143105], [306094.1311977369, 2769840.167801753], [306094.5017917706, 2769839.1782262637], [306094.50425256556, 2769839.1717907065], [306094.88771354384, 2769838.1892961278], [306094.8903329793, 2769838.1827224004], [306095.2887464262, 2769837.203082354], [306095.29129449086, 2769837.1969345952], [306095.7016781768, 2769836.225130128], [306095.70436423324, 2769836.2188881426], [306096.12864857423, 2769835.2510826434], [306096.1313928077, 2769835.244935823], [306096.5685654938, 2769834.2831559135], [306096.57147813187, 2769834.276864272], [306097.0215196744, 2769833.322140382], [306097.02452379273, 2769833.315880476], [306097.48747559765, 2769832.3681207723], [306097.49056760396, 2769832.3619007166], [306097.9675766625, 2769831.418814057], [306097.97045871546, 2769831.413204129], [306098.459342973, 2769830.4761759685], [306098.4627023704, 2769830.4698480866], [306098.96429486974, 2769829.5411570235], [306098.96775025723, 2769829.534867783], [306099.48251903156, 2769828.6136503047], [306099.4855130463, 2769828.6083678706], [306100.0121519258, 2769827.6922149514], [306100.01589554956, 2769827.6858128235], [306100.5553290421, 2769826.7788095484], [306100.5587075556, 2769826.773212531], [306101.1111756579, 2769825.871345683], [306101.1128328086, 2769825.868659566], [306116.3973693996, 2769801.2676721797], [306116.4033357565, 2769801.256896917], [306116.4009157863, 2769801.2448201827], [306115.42508525413, 2769797.3911839263], [306115.42146454036, 2769797.3794071586], [306115.411083921, 2769797.3727705437], [306109.2352503252, 2769793.8484202004], [306109.2238905774, 2769793.842695908], [306109.21132226783, 2769793.8446578165], [306104.34267991653, 2769794.8653417253], [306104.33037988597, 2769794.8685935545], [306104.3222755184, 2769794.8784009134], [306085.8566174765, 2769819.742168576], [306083.98669034196, 2769822.2819131436], [306083.9804828833, 2769822.291193757], [306083.97895105375, 2769822.3022356103], [306078.5180964718, 2769880.7952553276], [306078.51756578294, 2769880.8068052703]]]}, "properties": {"patch_id": 4, "area_m2": 1148.9, "porosity_index_per_100m_edge": 4.34, "buildings_per_100m_perimeter": 8.2}}, {"type": "Feature", "geometry": {"type": "Polygon", "coordinates": [[[306059.9355821282, 2770631.3215268357], [306059.9470295382, 2770631.3244502703], [306106.50810028455, 2770640.8083724855], [306106.5209559015, 2770640.810292979], [306106.5334732336, 2770640.806789902], [306109.36862175056, 2770639.8498405074], [306109.3794407592, 2770639.8455999685], [306109.3799589889, 2770639.833991146], [306109.20804233477, 2770589.4933964624], [306109.2074164718, 2770589.481596787], [306109.19560571655, 2770589.4812361416], [306060.1450853575, 2770590.415769744], [306060.1335557554, 2770590.4165479136], [306060.1329414925, 2770590.4280874142], [306059.9350594223, 2770631.3097235914], [306059.9355821282, 2770631.3215268357]]]}, "properties": {"patch_id": 5, "area_m2": 2284.1, "porosity_index_per_100m_edge": 1.57, "buildings_per_100m_perimeter": 7.86}}, {"type": "Feature", "geometry": {"type": "Polygon", "coordinates": [[[305970.74165758694, 2771451.361221102], [305970.7420650263, 2771451.3737073983], [305973.223972494, 2771480.986671812], [305973.22402706766, 2771480.987328152], [305974.4629800955, 2771496.0076353024], [305974.4639843518, 2771496.01520397], [305974.46664154343, 2771496.0399330272], [305975.5840018891, 2771509.607880082], [305975.58558240137, 2771509.61989436], [305975.5883222108, 2771509.631698358], [305980.9926221142, 2771528.661626853], [305980.99795464904, 2771528.6781874257], [305987.6159872078, 2771547.0169645525], [305987.9810453362, 2771548.0290362574], [305987.985492022, 2771548.0397687242], [305987.99091848, 2771548.0500406493], [305999.3789653896, 2771567.3697623364], [305999.38529386243, 2771567.379418399], [305999.39682152757, 2771567.3787844186], [306003.2628128211, 2771566.98125318], [306003.2744239385, 2771566.9794809455], [306003.27498100826, 2771566.9677485735], [306003.16500138683, 2771496.020894645], [306003.16500181466, 2771496.0191053646], [306003.16599655745, 2771495.528697189], [306002.952059088, 2771450.5874124714], [306002.951397122, 2771450.575256233], [306002.9431042705, 2771450.5663431864], [306000.0938969385, 2771447.7936579906], [306000.08476023463, 2771447.7856098176], [306000.0725888031, 2771447.785280148], [305973.42774788936, 2771448.3867122526], [305973.4152894957, 2771448.387630372], [305973.4064745207, 2771448.3964819657], [305970.74952602177, 2771451.3515174314], [305970.74165758694, 2771451.361221102]]]}, "properties": {"patch_id": 6, "area_m2": 2862.4, "porosity_index_per_100m_edge": 2.53, "buildings_per_100m_perimeter": 5.79}}, {"type": "Feature", "geometry": {"type": "Polygon", "coordinates": [[[305941.3105755697, 2769465.1475523775], [305941.31018340244, 2769465.1591867763], [305941.4838044027, 2769476.6960028983], [305941.48465665, 2769476.708698123], [305941.4937378137, 2769476.7176103457], [305944.4712665358, 2769479.3503935], [305944.4812191268, 2769479.358312028], [305944.49391801644, 2769479.357608247], [305977.93051573314, 2769475.755237285], [305977.94174178503, 2769475.753500215], [305977.94965414226, 2769475.745349375], [305980.5843408609, 2769472.7676562723], [305980.59147171705, 2769472.7588044275], [305980.59182386997, 2769472.747443079], [305980.0871864959, 2769439.635237085], [305980.0864371253, 2769439.623577644], [305980.0747621935, 2769439.6231304444], [305952.5174198493, 2769439.916867615], [305952.5056050229, 2769439.9175812784], [305952.5053646987, 2769439.929415202], [305953.2222702559, 2769464.3345649005], [305953.2212955769, 2769464.3837258313], [305953.21549691464, 2769464.4325533095], [305953.204930348, 2769464.480575125], [305953.18969806604, 2769464.52732686], [305953.16994738, 2769464.5723563787], [305953.1458692987, 2769464.6152282003], [305953.1176966808, 2769464.6555277132], [305953.0857019834, 2769464.6928651803], [305953.05019462697, 2769464.726879512], [305953.01151800255, 2769464.7572417557], [305952.9700461515, 2769464.783658279], [305952.9261801475, 2769464.8058736073], [305952.8803442182, 2769464.8236728967], [305952.8329816424, 2769464.836884011], [305952.78455046297, 2769464.845379185], [305952.7355190573, 2769464.8490762617], [305941.32218402124, 2769465.146682298], [305941.3105755697, 2769465.1475523775]]]}, "properties": {"patch_id": 7, "area_m2": 1176.0, "porosity_index_per_100m_edge": 3.98, "buildings_per_100m_perimeter": 13.28}}, {"type": "Feature", "geometry": {"type": "Polygon", "coordinates": [[[305928.4296304421, 2771027.446158841], [305928.4318695216, 2771027.457794923], [305938.15304619214, 2771067.4158586254], [305938.1565530092, 2771067.4276696523], [305938.16529057815, 2771067.436356023], [305941.8647053662, 2771070.7636403292], [305941.8742702551, 2771070.7714146296], [305941.88639129477, 2771070.7736523603], [305946.27593734366, 2771071.358991645], [305962.7379326519, 2771073.5583877484], [305962.7498403874, 2771073.5593919074], [305962.7597198994, 2771073.5526689924], [305965.93428446096, 2771071.1583277187], [305965.94345975446, 2771071.150679631], [305965.94576949853, 2771071.13896023], [305971.70919911034, 2771031.924253357], [305971.7103683483, 2771031.9121614974], [305971.7035388242, 2771031.902114716], [305969.3084607141, 2771028.7288846723], [305969.3006715583, 2771028.719563098], [305969.2887232164, 2771028.717372267], [305936.90697335365, 2771024.42399647], [305931.7710251826, 2771023.74359308], [305931.75922465534, 2771023.7426090026], [305931.7508901301, 2771023.751020708], [305928.43711568916, 2771027.436972819], [305928.4296304421, 2771027.446158841]]]}, "properties": {"patch_id": 8, "area_m2": 1610.1, "porosity_index_per_100m_edge": 1.9, "buildings_per_100m_perimeter": 10.14}}, {"type": "Feature", "geometry": {"type": "Polygon", "coordinates": [[[305847.51559737994, 2769692.850234733], [305847.5152326523, 2769692.8622917966], [305847.5747705199, 2769696.007875803], [305847.57531396864, 2769696.015924093], [305847.5763698434, 2769696.0406597513], [305848.12176700885, 2769726.5069849268], [305848.122657611, 2769726.5196949323], [305848.13178649114, 2769726.528583185], [305870.9829382227, 2769746.570052421], [305870.9922019816, 2769746.577418597], [305871.0040373628, 2769746.577382313], [305874.9748793903, 2769746.373621959], [305874.9867342322, 2769746.372434831], [305874.9952098464, 2769746.3640616364], [305921.23595897714, 2769696.020044663], [305923.84678236546, 2769693.178942443], [305923.85432367283, 2769693.1698906133], [305923.8500202314, 2769693.1589230513], [305921.80998208246, 2769688.6210820954], [305921.8046326679, 2769688.6105791903], [305921.7928514813, 2769688.610217585], [305918.4552897593, 2769688.66999481], [305900.5220042213, 2769689.011999932], [305856.8110118826, 2769689.845999773], [305850.30725080194, 2769689.9697668664], [305850.29525465023, 2769689.970584227], [305850.28649021086, 2769689.978815897], [305847.5235382463, 2769692.841154623], [305847.51559737994, 2769692.850234733]]]}, "properties": {"patch_id": 9, "area_m2": 2802.1, "porosity_index_per_100m_edge": 0.0, "buildings_per_100m_perimeter": 10.87}}, {"type": "Feature", "geometry": {"type": "Polygon", "coordinates": [[[305827.44762655825, 2772420.31548996], [305827.45918023016, 2772420.3172706873], [305863.5490735629, 2772424.0823041173], [305863.56023827236, 2772424.0829645293], [305863.5714172455, 2772424.0826218217], [305865.3426076138, 2772423.948621436], [305865.3542711421, 2772423.947180897], [305865.36506269133, 2772423.942527336], [305867.1384024918, 2772423.07603526], [305867.14922687924, 2772423.0700600687], [305867.1578082598, 2772423.061158951], [305868.4547137036, 2772421.574181592], [305868.46240468085, 2772421.5644207485], [305868.469085226, 2772421.5539424154], [305877.4508636046, 2772405.7827749397], [305877.45607000624, 2772405.772477193], [305877.444668415, 2772405.7707012375], [305864.48797953676, 2772404.406103165], [305864.4860210829, 2772404.405893], [305852.9233150003, 2772403.142034431], [305841.30609934765, 2772401.887118754], [305829.6906428471, 2772400.684344645], [305829.64566367335, 2772400.677607501], [305829.4410121123, 2772400.6373622143], [305829.42950368946, 2772400.63567916], [305829.4277733407, 2772400.6471805656], [305827.44822707504, 2772420.3038153057], [305827.44762655825, 2772420.31548996]]]}, "properties": {"patch_id": 10, "area_m2": 864.5, "porosity_index_per_100m_edge": 3.12, "buildings_per_100m_perimeter": 7.79}}, {"type": "Feature", "geometry": {"type": "Polygon", "coordinates": [[[305839.1815601526, 2771214.878820974], [305839.18880724953, 2771214.887715287], [305842.5091924488, 2771218.5942843766], [305842.517239343, 2771218.602462791], [305842.52870125865, 2771218.602976152], [305843.9890404241, 2771218.599999911], [305851.71708313125, 2771218.5829997896], [305854.86663482804, 2771218.5750312847], [305854.87874808745, 2771218.5744010606], [305854.88767026603, 2771218.5661838283], [305858.37632775505, 2771215.018818184], [305858.38439662557, 2771215.009758054], [305858.3848226711, 2771214.99763324], [305858.338999615, 2771211.8019733527], [305858.11099993973, 2771196.0199958324], [305857.7168352318, 2771168.7559414986], [305857.71858838847, 2771168.7062619547], [305857.7252659608, 2771168.6570020253], [305857.7368019442, 2771168.608648621], [305857.753082311, 2771168.5616796925], [305857.7739461377, 2771168.5165595044], [305860.7043850495, 2771162.9267105884], [305860.70934042503, 2771162.916032439], [305860.7033611682, 2771162.9058920704], [305859.2087854824, 2771160.630331212], [305859.20165703056, 2771160.620566007], [305859.18970133713, 2771160.61876726], [305854.92335334234, 2771160.1911356505], [305848.4320522571, 2771159.5761418454], [305848.4201793634, 2771159.5755948117], [305848.41058788367, 2771159.5826144326], [305845.3194127979, 2771162.0833850163], [305845.3105443314, 2771162.0912996563], [305845.3086002697, 2771162.103026196], [305841.36100028345, 2771196.019997565], [305839.611109378, 2771211.054060287], [305839.35199220997, 2771213.356069382], [305839.182305547, 2771214.867372234], [305839.1815601526, 2771214.878820974]]]}, "properties": {"patch_id": 11, "area_m2": 928.2, "porosity_index_per_100m_edge": 4.11, "buildings_per_100m_perimeter": 8.22}}, {"type": "Feature", "geometry": {"type": "Polygon", "coordinates": [[[305833.04859878885, 2771420.703232718], [305833.04828056984, 2771420.71529602], [305834.37472039764, 2771478.846746378], [305834.37558361, 2771478.8587429007], [305834.3838528456, 2771478.8674768247], [305836.53214535094, 2771480.924521449], [305836.5412315952, 2771480.932405512], [305836.553256678, 2771480.932745819], [305855.57570403285, 2771480.5382549963], [305855.5877414725, 2771480.5374119678], [305855.5965004503, 2771480.5291119074], [305858.3425045647, 2771477.6578828497], [305858.3504018337, 2771477.6487680865], [305858.35071266035, 2771477.6367120035], [305857.0082863418, 2771420.2282453235], [305857.00741729036, 2771420.216256915], [305856.9991526549, 2771420.207529203], [305854.1268467704, 2771417.457470247], [305854.117768672, 2771417.449593238], [305854.1057545838, 2771417.449245537], [305835.8272901657, 2771417.8157535656], [305835.815257745, 2771417.8165876535], [305835.8064941922, 2771417.82487469], [305833.0565103662, 2771420.6941205543], [305833.04859878885, 2771420.703232718]]]}, "properties": {"patch_id": 12, "area_m2": 1499.3, "porosity_index_per_100m_edge": 0.6, "buildings_per_100m_perimeter": 7.74}}, {"type": "Feature", "geometry": {"type": "Polygon", "coordinates": [[[305831.2135987003, 2771352.421229256], [305831.2133368031, 2771352.4332826086], [305832.62866499304, 2771404.0477828924], [305832.6295791775, 2771404.0597424447], [305832.6378473604, 2771404.068431733], [305835.5151600437, 2771406.810575323], [305835.5242291964, 2771406.818410232], [305835.5362090237, 2771406.818755422], [305853.9318042499, 2771406.4502443126], [305853.94374819467, 2771406.4494211143], [305853.9524936646, 2771406.441244796], [305856.59834328305, 2771403.713923278], [305856.6063877924, 2771403.704760797], [305856.6066858614, 2771403.6925716097], [305855.29030741815, 2771351.6121625085], [305855.28942537116, 2771351.6002528444], [305855.2812405055, 2771351.591556524], [305853.33093198074, 2771349.71160974], [305853.32176331483, 2771349.70361001], [305853.3095984893, 2771349.7033322994], [305833.2932667812, 2771350.239671311], [305833.28126033023, 2771350.2405839143], [305833.27255671343, 2771350.2489046464], [305831.2214543304, 2771352.412083707], [305831.2135987003, 2771352.421229256]]]}, "properties": {"patch_id": 13, "area_m2": 1350.5, "porosity_index_per_100m_edge": 0.64, "buildings_per_100m_perimeter": 8.34}}, {"type": "Feature", "geometry": {"type": "Polygon", "coordinates": [[[305759.0116393867, 2772348.5304848053], [305759.02325425623, 2772348.532281086], [305769.88600327075, 2772349.6678958], [305781.4900593871, 2772350.8340059537], [305793.1684296336, 2772352.00484256], [305793.17156932404, 2772352.0051673483], [305809.97183320153, 2772353.796702565], [305809.9834952286, 2772353.797371561], [305809.98535739316, 2772353.7858397495], [305812.1286336349, 2772334.5852406197], [305812.1293605514, 2772334.5735138697], [305812.11775215564, 2772334.571699941], [305761.1651716082, 2772329.1632919665], [305761.1535057067, 2772329.162628632], [305761.1516545933, 2772329.174165814], [305759.01235431596, 2772348.5187536175], [305759.0116393867, 2772348.5304848053]]]}, "properties": {"patch_id": 14, "area_m2": 994.2, "porosity_index_per_100m_edge": 2.12, "buildings_per_100m_perimeter": 8.49}}, {"type": "Feature", "geometry": {"type": "Polygon", "coordinates": [[[305751.99162738747, 2772265.7884912686], [305752.0031766684, 2772265.790294587], [305782.00382215186, 2772268.979874775], [305782.00617729913, 2772268.980130811], [305782.1712489413, 2772268.998472105], [305782.19883567985, 2772269.0], [305782.6384249894, 2772269.0], [305782.67142961366, 2772268.997809385], [305782.78761349566, 2772268.9823182006], [305782.82250621304, 2772268.9789058617], [305782.9496589476, 2772268.970958816], [305782.98010771594, 2772268.9671673034], [305783.1235197896, 2772268.940277539], [305783.12647678494, 2772268.939704643], [305783.275000001, 2772268.91], [305783.41725192877, 2772268.881549614], [305783.43263472145, 2772268.8779640743], [305783.5676139813, 2772268.841969605], [305783.5822518504, 2772268.8375827163], [305783.71803191706, 2772268.7923226943], [305783.7318196606, 2772268.7872721357], [305784.02216982556, 2772268.6711320695], [305784.0278017354, 2772268.668799256], [305784.1582488814, 2772268.6128933365], [305784.171569567, 2772268.6067152163], [305784.29879467865, 2772268.5431026607], [305784.311023662, 2772268.5365579077], [305784.44147173205, 2772268.462016153], [305784.44846087566, 2772268.4578702305], [305784.69392161636, 2772268.306817467], [305784.7153104638, 2772268.292068874], [305784.83258355554, 2772268.2018588036], [305784.83743893454, 2772268.1981707993], [305784.94987599796, 2772268.1138430014], [305784.959920457, 2772268.105899619], [305785.07046642236, 2772268.013777981], [305785.0793502424, 2772268.0060122777], [305785.1909960907, 2772267.90367025], [305785.1988407044, 2772267.8961592955], [305785.30079400283, 2772267.794205997], [305785.3090011752, 2772267.785598707], [305785.40430505626, 2772267.680764438], [305785.40569802263, 2772267.679238521], [305785.51101228537, 2772267.5643502343], [305785.5187779751, 2772267.55546643], [305785.60786127386, 2772267.448566471], [305785.6213472862, 2772267.4308316973], [305785.7050000002, 2772267.3099999996], [305785.79116544785, 2772267.1855387976], [305785.7985306451, 2772267.174262702], [305785.87287022616, 2772267.0534608825], [305785.8770161585, 2772267.0464717224], [305785.95155790827, 2772266.916023661], [305785.9581026593, 2772266.903794681], [305786.0250000001, 2772266.77], [305786.0917152129, 2772266.636569574], [305786.09789334063, 2772266.623248872], [305786.1509055431, 2772266.499553733], [305786.1582869193, 2772266.4801392425], [305786.20499999984, 2772266.3400000003], [305786.30258271797, 2772266.047251846], [305786.30696960323, 2772266.032613988], [305786.34296407516, 2772265.897634718], [305786.34654961404, 2772265.8822519295], [305786.373209247, 2772265.7489537653], [305786.37613257166, 2772265.730939427], [305786.3947458341, 2772265.5820333273], [305786.3952708221, 2772265.5779688344], [305786.4146096041, 2772265.432927969], [305786.41532110306, 2772265.427063624], [305789.5947513893, 2772236.3522734586], [305789.6145387809, 2772236.154607321], [305789.61529045604, 2772236.1453527035], [305789.6245132632, 2772235.9977877894], [305789.625, 2772235.982197016], [305789.625, 2772235.8383217882], [305789.6244464429, 2772235.8216966437], [305789.6150690031, 2772235.6810350465], [305789.61493529275, 2772235.6789646843], [305789.6055469008, 2772235.528750414], [305789.6038412562, 2772235.511309421], [305789.5852708221, 2772235.3720311658], [305789.5847458341, 2772235.367966673], [305789.5671132436, 2772235.226905949], [305789.5606100688, 2772235.1935377577], [305789.52907286613, 2772235.075273248], [305789.52189999813, 2772235.0444999905], [305789.4965496141, 2772234.917748071], [305789.49296407535, 2772234.9023652826], [305789.45696960273, 2772234.76738601], [305789.4525827183, 2772234.7527481546], [305789.4082869194, 2772234.619860758], [305789.400905544, 2772234.6004462694], [305789.34740159044, 2772234.4756037113], [305789.3427357598, 2772234.4643393997], [305789.2861320789, 2772234.3228301974], [305789.28379924805, 2772234.3171982453], [305789.22789333825, 2772234.1867511226], [305789.22171521484, 2772234.17343043], [305789.1581026605, 2772234.046205321], [305789.1515579066, 2772234.0339763365], [305789.0770161602, 2772233.90352828], [305789.0728702254, 2772233.8965391163], [305788.9210180993, 2772233.6497794115], [305788.90811032825, 2772233.630813771], [305788.82591459836, 2772233.5212194645], [305788.82407059654, 2772233.5187917757], [305788.73125951545, 2772233.39813737], [305788.718094092, 2772233.3824035013], [305788.6256905744, 2772233.2807596317], [305788.5186657721, 2772233.1639992325], [305788.5111592973, 2772233.1561592976], [305788.4049999994, 2772233.0499999993], [305788.3030146484, 2772232.948014648], [305788.286292655, 2772232.932743879], [305788.1749999996, 2772232.84], [305788.063566471, 2772232.747138726], [305788.04583169933, 2772232.733652715], [305787.9268028875, 2772232.651248153], [305787.92317547917, 2772232.6487836526], [305787.80673331814, 2772232.5711555453], [305787.8032476765, 2772232.568873506], [305787.67313900613, 2772232.485232218], [305787.65648080746, 2772232.4754127427], [305787.5383341739, 2772232.4117953246], [305787.53161297383, 2772232.408306487], [305787.3949999992, 2772232.3399999994], [305787.26429680595, 2772232.274648403], [305787.24534928007, 2772232.266139712], [305787.11066059605, 2772232.2122642384], [305787.0993962846, 2772232.2075984078], [305786.9815850552, 2772232.157107881], [305786.947565253, 2772232.1453507342], [305786.8297754775, 2772232.113940127], [305786.80049292103, 2772232.1051643067], [305786.6722518584, 2772232.062417286], [305786.65761397674, 2772232.058030394], [305786.52263471653, 2772232.0220359243], [305786.507251936, 2772232.0184503873], [305786.3739537657, 2772231.9917907533], [305786.35593941994, 2772231.9888674277], [305786.20703333314, 2772231.970254167], [305786.2029688389, 2772231.969729179], [305786.05834596406, 2772231.950446129], [305786.0516432015, 2772231.949644377], [305755.6352672991, 2772228.727299611], [305755.6235204133, 2772228.7266385793], [305755.6217971523, 2772228.738277164], [305754.2300005754, 2772242.9439941267], [305751.99511016667, 2772265.7488758564], [305751.9948847542, 2772265.7511236467], [305751.99224937306, 2772265.7768186126], [305751.99162738747, 2772265.7884912686]]]}, "properties": {"patch_id": 15, "area_m2": 1274.0, "porosity_index_per_100m_edge": 4.29, "buildings_per_100m_perimeter": 10.01}}, {"type": "Feature", "geometry": {"type": "Polygon", "coordinates": [[[305725.90556108434, 2772163.910005645], [305725.90655302355, 2772163.9217182687], [305726.0127812132, 2772164.7232582453], [305726.0194527531, 2772164.75629056], [305726.4249986616, 2772166.239995104], [305728.0923626659, 2772172.340350832], [305728.0972492926, 2772172.359746935], [305728.1212892635, 2772172.463920142], [305728.1307944028, 2772172.495451741], [305728.1850000002, 2772172.6400000006], [305728.245, 2772172.8], [305728.302645587, 2772172.953721565], [305728.30768763984, 2772172.966143177], [305728.37111423136, 2772173.111118243], [305728.3795621529, 2772173.1285540364], [305728.4550000001, 2772173.27], [305728.5302122728, 2772173.4110230114], [305728.54050162475, 2772173.428558083], [305728.6216936402, 2772173.5548567735], [305728.6285538686, 2772173.564975416], [305728.7250000002, 2772173.7], [305728.8249999997, 2772173.8399999994], [305728.91590283404, 2772173.9672639677], [305728.9356160049, 2772173.991500672], [305729.0444112135, 2772174.109362148], [305729.04558656085, 2772174.1106398846], [305729.1513297583, 2772174.2259961], [305729.1588406959, 2772174.233840696], [305729.27146623196, 2772174.346466232], [305729.27867218235, 2772174.353389707], [305729.401035352, 2772174.4663403253], [305729.4091188718, 2772174.4734851997], [305729.5349999999, 2772174.58], [305729.6571734808, 2772174.6833775607], [305729.6733426989, 2772174.6959590707], [305729.8000245834, 2772174.786446131], [305729.81014322053, 2772174.7933063563], [305729.94174898544, 2772174.8779100617], [305729.94831407483, 2772174.881988445], [305730.09500000166, 2772174.9700000016], [305730.239590843, 2772175.0567545057], [305730.2505659821, 2772175.0629685237], [305730.38911764626, 2772175.1368627446], [305730.40104121924, 2772175.1428192356], [305730.5361798557, 2772175.2058839328], [305730.5541135635, 2772175.2134175864], [305730.8584586442, 2772175.327546992], [305730.87166816124, 2772175.3320838003], [305731.0229915967, 2772175.3793723737], [305731.02701868623, 2772175.380593731], [305731.1900743529, 2772175.4285512804], [305731.19998097414, 2772175.4312452436], [305731.3533158093, 2772175.4695789525], [305731.3566899028, 2772175.470397624], [305731.51813470165, 2772175.5083846357], [305731.53194546275, 2772175.5112256696], [305731.6879135658, 2772175.5387494527], [305731.70214664267, 2772175.5408407818], [305731.86326640646, 2772175.559796048], [305731.86673626554, 2772175.5601797244], [305735.0988418833, 2772175.894741489], [305735.110495195, 2772175.895374444], [305735.11233817105, 2772175.883850397], [305736.5694708509, 2772162.6541635953], [305736.577321988, 2772162.6052753334], [305736.5899700616, 2772162.5574033293], [305736.60729103454, 2772162.5110170557], [305736.62911504327, 2772162.466571413], [305736.6552280638, 2772162.424502271], [305736.6853740109, 2772162.385222195], [305736.7192572488, 2772162.349116396], [305736.7565454911, 2772162.316538958], [305736.79687305907, 2772162.2878093603], [305736.839844468, 2772162.2632093495], [305736.8850383053, 2772162.242980173], [305736.9320113637, 2772162.2273202143], [305736.9803029873, 2772162.2163830483], [305737.0294395893, 2772162.2102759327], [305737.0789392964, 2772162.2090587597], [305737.1283166744, 2772162.212743466], [305758.6725704874, 2772164.8984505367], [305758.68446201953, 2772164.8993312567], [305758.68614899745, 2772164.887527094], [305758.9410009403, 2772162.120989788], [305760.2806652212, 2772147.571500043], [305760.2873597622, 2772147.523946119], [305760.29858550406, 2772147.4772537714], [305760.31423889205, 2772147.4318537274], [305760.33417552715, 2772147.3881647913], [305760.3582114986, 2772147.3465899834], [305760.38612507994, 2772147.3075128216], [305760.4176587749, 2772147.2712937845], [305760.4525216923, 2772147.238266984], [305760.49039222987, 2772147.2087370846], [305760.5309210405, 2772147.1829764927], [305760.5737342552, 2772147.1612228444], [305760.618436932, 2772147.143676812], [305760.66461669886, 2772147.1305002533], [305760.71184755815, 2772147.121814719], [305760.75969381595, 2772147.117700331], [305760.80771410157, 2772147.1181950443], [305786.16475801205, 2772148.599284953], [305786.17640534934, 2772148.599393294], [305786.17642925255, 2772148.5971733867], [305786.17646745406, 2772148.5936255874], [305785.7750915734, 2772141.1217039], [305785.7749195513, 2772141.118282836], [305785.4855509644, 2772134.941760241], [305785.4844507691, 2772134.9300779505], [305785.4822569781, 2772134.9185508653], [305785.25760986237, 2772133.9808933386], [305785.2545366187, 2772133.9702038], [305785.2487349212, 2772133.9607142583], [305784.70136396034, 2772133.1494322987], [305784.6946269465, 2772133.1403657896], [305784.6856946603, 2772133.133451798], [305783.8941622156, 2772132.576447485], [305783.8847870727, 2772132.5704594385], [305783.87415819516, 2772132.567176613], [305782.9363541517, 2772132.3229568102], [305782.9249627479, 2772132.320554583], [305782.9133524182, 2772132.321411828], [305781.9487659213, 2772132.4383314033], [305781.93521888764, 2772132.4407416736], [305781.9225339983, 2772132.44607318], [305781.1638589117, 2772132.8156841197], [305781.1551971663, 2772132.8203348424], [305781.14692852553, 2772132.825653173], [305778.58484895417, 2772134.6201059576], [305777.915282844, 2772135.0898015867], [305775.386780821, 2772136.868747091], [305772.38755088433, 2772139.0181718664], [305772.38242426165, 2772139.0217974], [305769.1782225691, 2772141.2577512288], [305769.171742466, 2772141.262197854], [305765.859510969, 2772143.4969564546], [305765.8504238769, 2772143.5029446357], [305762.4105955883, 2772145.716399361], [305762.3993105662, 2772145.7234504656], [305760.28325856687, 2772147.0067704064], [305760.27043761726, 2772147.0149780815], [305758.70820133056, 2772147.961997424], [305758.68133013527, 2772147.9771729237], [305755.06260249944, 2772149.876010776], [305755.0472650188, 2772149.883725864], [305751.51104579464, 2772151.5870878003], [305751.49887822685, 2772151.5927488953], [305747.88143473456, 2772153.217110574], [305747.8684863203, 2772153.222706757], [305744.14944660064, 2772154.768152217], [305744.140518613, 2772154.771761812], [305740.3558071529, 2772156.259682676], [305740.35419188545, 2772156.2603144697], [305735.938919825, 2772157.978474638], [305735.93105503917, 2772157.981459211], [305731.2885154775, 2772159.6986996518], [305731.2814654487, 2772159.701247489], [305728.0647185011, 2772160.8365699407], [305728.05517398106, 2772160.8403877993], [305728.04597626487, 2772160.8449786124], [305727.19578334637, 2772161.3140505673], [305727.1853696673, 2772161.3204843365], [305727.17641677085, 2772161.328832018], [305726.5041898752, 2772162.0205437513], [305726.4955716794, 2772162.030402045], [305726.48920851207, 2772162.041846225], [305726.0605432183, 2772162.918661599], [305726.0556107866, 2772162.9301911495], [305726.053090471, 2772162.9424755895], [305725.9067884671, 2772163.8983153487], [305725.90556108434, 2772163.910005645]]]}, "properties": {"patch_id": 16, "area_m2": 614.7, "porosity_index_per_100m_edge": 2.22, "buildings_per_100m_perimeter": 6.65}}, {"type": "Feature", "geometry": {"type": "Polygon", "coordinates": [[[305719.0456112787, 2771839.5597439352], [305719.05391837674, 2771839.568731278], [305721.8961255137, 2771842.3513116916], [305721.9052417118, 2771842.3593903347], [305721.9174170151, 2771842.3597530583], [305742.32001541345, 2771841.9539996926], [305746.128973011, 2771841.8780005383], [305774.7325681471, 2771841.3102467605], [305774.74473330297, 2771841.309399021], [305774.7535239708, 2771841.30094717], [305777.4764861977, 2771838.409042031], [305777.4843857427, 2771838.399770209], [305777.4845112484, 2771838.3875901527], [305776.38545707753, 2771810.481605614], [305776.38447826135, 2771810.470227363], [305776.37681052566, 2771810.461763995], [305772.87319912243, 2771806.9382457086], [305772.8647693409, 2771806.930521838], [305772.8533830365, 2771806.9294867325], [305759.292412304, 2771806.330327495], [305759.27758132556, 2771806.3301127576], [305721.1371516734, 2771806.909815305], [305721.1252462267, 2771806.9105759137], [305721.11647067784, 2771806.9186572623], [305719.1335040534, 2771808.931368386], [305719.12557561207, 2771808.9402367985], [305719.12496834213, 2771808.952117041], [305719.0450326083, 2771839.5475191516], [305719.0456112787, 2771839.5597439352]]]}, "properties": {"patch_id": 17, "area_m2": 2018.9, "porosity_index_per_100m_edge": 5.03, "buildings_per_100m_perimeter": 7.82}}, {"type": "Feature", "geometry": {"type": "Polygon", "coordinates": [[[305680.1208154905, 2769180.065997515], [305680.12872464943, 2769180.0746549703], [305712.0402962517, 2769211.731365764], [305712.04899749835, 2769211.739189708], [305712.0576502604, 2769211.7313121827], [305746.2727293933, 2769177.3676799056], [305746.3114406378, 2769177.3326623915], [305746.3535917312, 2769177.3018716127], [305746.3987232626, 2769177.2756431624], [305746.4463433367, 2769177.254262908], [305746.49593293545, 2769177.237963876], [305747.09105446865, 2769177.0762460683], [305747.1022757359, 2769177.0725916494], [305747.0995946713, 2769177.061098885], [305737.1053505294, 2769142.132709599], [305737.10160936456, 2769142.1216938416], [305737.09025063674, 2769142.1242083013], [305710.7505659108, 2769149.3165687304], [305710.7383486718, 2769149.320599171], [305710.72880848905, 2769149.3292299365], [305680.1286717357, 2769180.057292012], [305680.1208154905, 2769180.065997515]]]}, "properties": {"patch_id": 18, "area_m2": 2580.0, "porosity_index_per_100m_edge": 1.49, "buildings_per_100m_perimeter": 6.45}}, {"type": "Feature", "geometry": {"type": "Polygon", "coordinates": [[[305694.30763055605, 2772476.356488891], [305694.3192006614, 2772476.3582816487], [305709.6803024288, 2772477.971926722], [305709.68169731036, 2772477.9720752295], [305722.1458025087, 2772479.3167629237], [305730.96882213844, 2772480.189795009], [305730.9804901435, 2772480.1903752033], [305730.98226175486, 2772480.1788273347], [305733.0047361226, 2772460.667193137], [305733.0053706924, 2772460.655510041], [305732.99380944617, 2772460.6537114107], [305701.1615936403, 2772457.2889214205], [305701.1507565835, 2772457.2882512193], [305701.1399023144, 2772457.2885262314], [305699.49462093756, 2772457.402031788], [305699.4829727495, 2772457.403390857], [305699.47217027534, 2772457.407955299], [305697.73222452647, 2772458.242132408], [305697.72112459096, 2772458.248168254], [305697.7123583282, 2772458.257267307], [305696.44677449384, 2772459.712590721], [305696.4389802046, 2772459.7225350197], [305696.43454337027, 2772459.7343652556], [305695.85021433956, 2772461.5723609803], [305695.8469880214, 2772461.5846463237], [305695.8450292959, 2772461.597196311], [305694.308271467, 2772476.344798279], [305694.30763055605, 2772476.356488891]]]}, "properties": {"patch_id": 19, "area_m2": 720.1, "porosity_index_per_100m_edge": 5.41, "buildings_per_100m_perimeter": 9.92}}, {"type": "Feature", "geometry": {"type": "Polygon", "coordinates": [[[305659.325, 2772208.9121970152], [305659.32548673684, 2772208.9277877905], [305659.33499999996, 2772209.0799999996], [305659.34445309907, 2772209.2312495853], [305659.34615874395, 2772209.24869058], [305659.36472917604, 2772209.3879688205], [305659.3652541641, 2772209.392033313], [305659.38405427133, 2772209.5424341704], [305659.38640514656, 2772209.5574941146], [305659.413266229, 2772209.7007532213], [305659.4174240686, 2772209.7190902573], [305659.4549999999, 2772209.8599999994], [305659.49303039705, 2772210.0026139887], [305659.49741728156, 2772210.0172518445], [305659.5426773034, 2772210.153031911], [305659.54772786883, 2772210.166819672], [305659.6638679182, 2772210.4571697954], [305659.6662007517, 2772210.462801754], [305659.72210666176, 2772210.5932488777], [305659.7282847861, 2772210.6065695724], [305659.791897339, 2772210.733794678], [305659.7984420911, 2772210.7460236596], [305659.8749999994, 2772210.8799999985], [305659.9496409564, 2772211.010621674], [305659.96114832046, 2772211.028880907], [305660.1286527116, 2772211.2708316944], [305660.1421387278, 2772211.2885664734], [305660.2349999999, 2772211.4], [305660.33122202306, 2772211.515466428], [305660.338987713, 2772211.5243502324], [305660.4413297568, 2772211.6359960986], [305660.4488407011, 2772211.6438407013], [305660.5511592956, 2772211.7461592956], [305660.5590039093, 2772211.75367025], [305660.6706497576, 2772211.856012278], [305660.67953357764, 2772211.863777981], [305660.9112507107, 2772212.056875592], [305660.9188683849, 2772212.062975681], [305661.04003088136, 2772212.1561776013], [305661.05015449063, 2772212.163568494], [305661.1661190949, 2772212.2438516812], [305661.1843783217, 2772212.255359041], [305661.3079429815, 2772212.325967418], [305661.32192222466, 2772212.3342598304], [305661.43275107426, 2772212.4024621993], [305661.4580331298, 2772212.4160821275], [305661.588878259, 2772212.4771431875], [305661.6010423241, 2772212.483021162], [305661.7257031947, 2772212.545351597], [305661.74465071905, 2772212.5538602876], [305661.88064967457, 2772212.6082598697], [305661.8894124872, 2772212.611575888], [305662.0224957138, 2772212.6591056124], [305662.0275227432, 2772212.6608409146], [305662.17276278883, 2772212.709254263], [305662.1772508758, 2772212.7107033986], [305662.3299550933, 2772212.7584234662], [305662.3401070418, 2772212.7613618774], [305662.47590973816, 2772212.79757593], [305662.49424678425, 2772212.801733772], [305662.6385131046, 2772212.828783707], [305662.65154203924, 2772212.830872272], [305662.79299400694, 2772212.8497325345], [305662.952689983, 2772212.869711007], [305662.9573403338, 2772212.870247891], [305685.97882846254, 2772215.3087107767], [305685.9904942075, 2772215.309371518], [305685.9923432249, 2772215.29783431], [305691.10700179404, 2772168.9739837414], [305691.12164825574, 2772168.8412501826], [305691.12235304556, 2772168.8296365435], [305691.11072949675, 2772168.830152844], [305688.3482871838, 2772169.0896911607], [305688.34170900565, 2772169.0902654026], [305683.38843105943, 2772169.489723302], [305683.3815654977, 2772169.4902294306], [305678.447680136, 2772169.8198209624], [305678.44231806154, 2772169.820150233], [305673.62717459747, 2772170.089878186], [305673.62282442016, 2772170.090102864], [305669.3995717202, 2772170.289783843], [305669.39042506256, 2772170.2901324322], [305665.59943421016, 2772170.3998716413], [305665.59057313734, 2772170.400285604], [305665.2957676518, 2772170.419305313], [305665.2742124033, 2772170.4202295234], [305664.8295936564, 2772170.4296894968], [305664.8151173522, 2772170.4308449007], [305664.800874177, 2772170.4336786], [305663.8682304508, 2772170.6765545704], [305663.8553452843, 2772170.680673969], [305663.844474428, 2772170.6887251455], [305663.10350903275, 2772171.3029464595], [305663.0953845114, 2772171.3103106287], [305663.09032609034, 2772171.320015521], [305662.68010290543, 2772172.1990652024], [305662.6755600902, 2772172.210168268], [305662.67323161557, 2772172.2219365947], [305662.6359962252, 2772172.4732754803], [305662.6343707465, 2772172.486768727], [305662.2650409585, 2772176.4595594197], [305661.5910012178, 2772183.8519866443], [305659.34516138816, 2772208.4682310536], [305659.34486376436, 2772208.471771063], [305659.33513760497, 2772208.5982111357], [305659.3348880841, 2772208.601790655], [305659.32548673684, 2772208.7522122106], [305659.325, 2772208.767802984], [305659.325, 2772208.9121970152]]]}, "properties": {"patch_id": 20, "area_m2": 1216.8, "porosity_index_per_100m_edge": 4.23, "buildings_per_100m_perimeter": 7.04}}, {"type": "Feature", "geometry": {"type": "Polygon", "coordinates": [[[305556.1057399031, 2772590.0464529777], [305556.1100121179, 2772590.057414897], [305559.49578816793, 2772597.6196955396], [305586.5811772132, 2772658.116110614], [305586.58647120686, 2772658.1265342403], [305586.5973772133, 2772658.1223226767], [305599.99999999994, 2772652.177122201], [305604.89041715633, 2772650.00780722], [305604.8988331671, 2772650.0036891787], [305604.90691645193, 2772649.9989512474], [305606.514223888, 2772648.9738837364], [305606.5253243617, 2772648.965912187], [305606.53441481147, 2772648.955707774], [305607.9171343211, 2772647.2199110677], [305607.92361996643, 2772647.210982393], [305607.9275235445, 2772647.2006602357], [305608.62012973987, 2772645.0902258544], [305608.6232666161, 2772645.0788870435], [305608.62532054586, 2772645.067303005], [305618.3240601241, 2772569.8735881257], [305618.32501591527, 2772569.861768655], [305618.3248442215, 2772569.8499118458], [305618.2257836423, 2772568.2558710184], [305618.2243640974, 2772568.2433523745], [305618.2192498153, 2772568.2318382226], [305617.3993068816, 2772566.6130442834], [305617.3926187105, 2772566.6014428213], [305617.38257920084, 2772566.592580888], [305615.95984043705, 2772565.467568459], [305615.94890248845, 2772565.459842736], [305615.93607153377, 2772565.4560097], [305614.1726348632, 2772565.031592832], [305614.15946497023, 2772565.029168088], [305614.14620962046, 2772565.0310710664], [305612.3673937295, 2772565.3855461567], [305612.3543437682, 2772565.388889615], [305612.3417312781, 2772565.393623036], [305607.28691750334, 2772567.6095039933], [305600.0, 2772570.803873253], [305584.33653575275, 2772577.6702730265], [305556.116269019, 2772590.041203878], [305556.1057399031, 2772590.0464529777]]]}, "properties": {"patch_id": 21, "area_m2": 3434.5, "porosity_index_per_100m_edge": 2.02, "buildings_per_100m_perimeter": 2.83}}, {"type": "Feature", "geometry": {"type": "Polygon", "coordinates": [[[305525.5676005416, 2771010.098593015], [305525.5672167158, 2771010.1104460442], [305526.32678934385, 2771053.7329019615], [305526.3275498644, 2771053.7444432154], [305526.33909972926, 2771053.745059341], [305563.4246574476, 2771053.926939468], [305563.43675393355, 2771053.9264013465], [305563.4457322327, 2771053.9182770243], [305566.2582645735, 2771051.108726166], [305566.26640110736, 2771051.0997531936], [305566.26694897487, 2771051.087652893], [305566.1100504226, 2771013.121201306], [305566.10941688344, 2771013.1092427666], [305566.10137687525, 2771013.1003677244], [305563.2916274815, 2771010.287636637], [305563.2827564695, 2771010.279583531], [305563.2707925713, 2771010.278941416], [305525.5794477811, 2771010.0980597376], [305525.5676005416, 2771010.098593015]]]}, "properties": {"patch_id": 22, "area_m2": 1748.4, "porosity_index_per_100m_edge": 0.61, "buildings_per_100m_perimeter": 7.3}}, {"type": "Feature", "geometry": {"type": "Polygon", "coordinates": [[[305414.77657604293, 2769158.587571423], [305414.776042942, 2769158.5992660243], [305414.9099570041, 2769196.8507185965], [305414.91059078655, 2769196.862752702], [305414.91871863254, 2769196.871649866], [305418.45127935574, 2769200.376348138], [305418.4602426764, 2769200.3844069606], [305418.47228419175, 2769200.3849435034], [305463.673736713, 2769200.1770564006], [305463.6854243642, 2769200.176428839], [305463.6859606981, 2769200.1647366504], [305463.5520393705, 2769158.377284775], [305463.551426161, 2769158.365578307], [305463.53971529455, 2769158.365055913], [305414.7882659677, 2769158.586944172], [305414.77657604293, 2769158.587571423]]]}, "properties": {"patch_id": 23, "area_m2": 2033.0, "porosity_index_per_100m_edge": 2.79, "buildings_per_100m_perimeter": 2.79}}, {"type": "Feature", "geometry": {"type": "Polygon", "coordinates": [[[305415.70157877705, 2769413.4115759847], [305415.7010462072, 2769413.423295176], [305415.81495345564, 2769443.7326151133], [305415.8155877896, 2769443.7445077435], [305415.82718443027, 2769443.7472197716], [305438.85784017615, 2769447.9429668924], [305438.8690460121, 2769447.944487094], [305438.88034350274, 2769447.9449857036], [305454.72571971186, 2769447.925015477], [305454.737423546, 2769447.9244254366], [305454.7379751239, 2769447.912719731], [305454.668024849, 2769413.381266876], [305454.6674270535, 2769413.3695747275], [305454.6557330985, 2769413.3690132215], [305415.71329525777, 2769413.4109867476], [305415.70157877705, 2769413.4115759847]]]}, "properties": {"patch_id": 24, "area_m2": 1296.9, "porosity_index_per_100m_edge": 1.4, "buildings_per_100m_perimeter": 6.99}}, {"type": "Feature", "geometry": {"type": "Polygon", "coordinates": [[[305347.0117029777, 2770066.970654421], [305345.47510592046, 2770070.4230346307], [305345.46318718954, 2770070.4557995223], [305344.4610654732, 2770073.9537902907], [305344.45737051836, 2770073.9683205793], [305343.7881035774, 2770076.9750569253], [305343.78350609547, 2770077.0032059764], [305343.2485005676, 2770082.0907306615], [305343.2471431549, 2770082.1193473074], [305343.2918845183, 2770086.6034261626], [305343.29318494897, 2770086.626513599], [305343.67152152, 2770090.3026342965], [305343.67612418934, 2770090.331099602], [305344.5904241923, 2770094.457375268], [305344.5966695497, 2770094.480327117], [305345.86894838477, 2770098.407580315], [305345.87236249214, 2770098.4168499387], [305345.87649930787, 2770098.4258203735], [305349.29994215886, 2770105.1370846867], [305349.30541989807, 2770105.146736315], [305349.31173411495, 2770105.1558626746], [305353.20177744917, 2770110.2754945015], [305353.20941920095, 2770110.284613178], [305353.2178955336, 2770110.2929617325], [305359.39352808776, 2770115.8203124455], [305359.4012434625, 2770115.8266796404], [305359.4094442002, 2770115.832408178], [305363.38191079255, 2770118.376616877], [305363.40902762045, 2770118.391695517], [305368.3201132507, 2770120.73580365], [305368.34233671665, 2770120.74512337], [305372.7581876904, 2770122.351248775], [305372.79044090956, 2770122.3605780266], [305376.77338827023, 2770123.227384798], [305376.8069484293, 2770123.232330394], [305382.78885779297, 2770123.701889885], [305382.81717696413, 2770123.7025019107], [305386.6041043344, 2770123.5694530727], [305386.6297803706, 2770123.5672207894], [305390.9526792889, 2770122.9654112915], [305390.9868155094, 2770122.958197922], [305395.03981075116, 2770121.800766511], [305395.0656975876, 2770121.7918121098], [305400.9203052893, 2770119.3997781416], [305400.9431530816, 2770119.3890665607], [305404.41974683455, 2770117.5395186837], [305404.44345562335, 2770117.525164063], [305408.6846045539, 2770114.6241107485], [305408.69459065306, 2770114.6165146623], [305408.70376222336, 2770114.6079528094], [305412.8353315099, 2770110.3420154536], [305412.85524080734, 2770110.318762174], [305417.05775648495, 2770104.753268439], [305417.06363692693, 2770104.744770401], [305417.06879370986, 2770104.7358147493], [305419.72645297064, 2770099.6434609], [305419.73960185423, 2770099.6136802565], [305421.4997397519, 2770094.8001202946], [305421.5097071079, 2770094.7651519603], [305422.6037490893, 2770089.4978371123], [305422.60728390835, 2770089.476006312], [305422.96353040636, 2770086.425583652], [305422.9651891132, 2770086.4003322367], [305423.03173706983, 2770081.942612396], [305423.0297876988, 2770081.9075251212], [305422.36113849556, 2770076.625891891], [305422.354588379, 2770076.5925547355], [305421.1278270567, 2770072.019538461], [305421.12126512924, 2770071.9987480664], [305419.1096370756, 2770066.476983493], [305419.1055901552, 2770066.467190128], [305419.1007265047, 2770066.457775647], [305416.3313879527, 2770061.613672136], [305416.3127115856, 2770061.5855918727], [305412.91971946583, 2770057.163756981], [305412.91264085396, 2770057.155329772], [305412.9048467514, 2770057.147559541], [305406.5062231629, 2770051.308329413], [305406.49554885464, 2770051.2996200304], [305406.4839777606, 2770051.2921431074], [305399.3489051221, 2770047.2226493936], [305399.3387844285, 2770047.217473628], [305399.3282343917, 2770047.213241184], [305393.1110380135, 2770045.042504776], [305393.10088769405, 2770045.039438223], [305393.0905135851, 2770045.0372449514], [305387.61828013405, 2770044.1213899804], [305387.58953936497, 2770044.118275938], [305382.70593185874, 2770043.8737476566], [305382.67608556966, 2770043.874038816], [305377.88356264407, 2770044.2078463826], [305377.8507358505, 2770044.212336086], [305372.29247705435, 2770045.3524407186], [305372.2801944852, 2770045.355619518], [305372.26829886355, 2770045.360030933], [305366.1911205196, 2770047.972928847], [305366.1637304449, 2770047.9867567252], [305359.54404422984, 2770051.856297741], [305359.53619717003, 2770051.8612860315], [305359.5287433317, 2770051.866844812], [305356.8994398891, 2770053.984591294], [305356.8795198737, 2770054.002477596], [305353.1478350372, 2770057.73316652], [305353.13656240475, 2770057.745205617], [305351.5588317223, 2770059.5457796166], [305351.5405737275, 2770059.569310878], [305349.22184509796, 2770062.956999236], [305349.20915492374, 2770062.977616296], [305347.02109677246, 2770066.9517428335], [305347.0117029777, 2770066.970654421]]]}, "properties": {"patch_id": 25, "area_m2": 4984.2, "porosity_index_per_100m_edge": 0.0, "buildings_per_100m_perimeter": 0.0}}, {"type": "Feature", "geometry": {"type": "Polygon", "coordinates": [[[305255.45958756586, 2769739.8245672607], [305255.4592333923, 2769739.836294007], [305256.0777674055, 2769772.417748018], [305256.07856203977, 2769772.4294177094], [305256.09025254316, 2769772.429798943], [305303.2336853742, 2769771.656202076], [305303.2457429047, 2769771.655409201], [305303.2545410761, 2769771.647126395], [305306.0114596163, 2769768.7828728864], [305306.01939992775, 2769768.7737656673], [305306.0197326178, 2769768.7616876196], [305305.43526560307, 2769741.8482304546], [305305.4344182852, 2769741.83625498], [305305.42618615355, 2769741.8275164436], [305302.5618105496, 2769739.070480383], [305302.5527675112, 2769739.0625905218], [305302.54077283706, 2769739.0621978403], [305255.471294607, 2769739.823801068], [305255.45958756586, 2769739.8245672607]]]}, "properties": {"patch_id": 26, "area_m2": 1621.2, "porosity_index_per_100m_edge": 0.0, "buildings_per_100m_perimeter": 8.03}}, {"type": "Feature", "geometry": {"type": "Polygon", "coordinates": [[[305238.87620908936, 2772370.3346560593], [305238.8757997907, 2772370.3467237684], [305239.35300736973, 2772401.506927748], [305239.4082184773, 2772405.112045204], [305239.4089353141, 2772405.1234955797], [305239.4191657417, 2772405.128688195], [305243.9580211316, 2772407.1690954072], [305243.96869554353, 2772407.1733004], [305243.9777355043, 2772407.166236114], [305256.33122692775, 2772396.5365266544], [305285.2083009834, 2772371.688902875], [305285.2172050151, 2772371.680415996], [305285.21345294616, 2772371.668701434], [305283.4571058592, 2772367.0145161836], [305283.4521831969, 2772367.0032433714], [305283.4398921283, 2772367.002754873], [305259.8968485415, 2772367.2654157085], [305241.6786642027, 2772367.468669103], [305241.6666115594, 2772367.469397648], [305241.65777186275, 2772367.477623035], [305238.8841976375, 2772370.325601764], [305238.87620908936, 2772370.3346560593]]]}, "properties": {"patch_id": 27, "area_m2": 1095.4, "porosity_index_per_100m_edge": 0.0, "buildings_per_100m_perimeter": 6.9}}, {"type": "Feature", "geometry": {"type": "Polygon", "coordinates": [[[305193.26750900096, 2772634.045983708], [305193.2712551716, 2772634.056894632], [305195.1095342222, 2772638.6810703166], [305195.1143016408, 2772638.6915752557], [305195.12583774584, 2772638.6915885736], [305215.0492392941, 2772637.7645627395], [305262.258099417, 2772635.567958267], [305262.27036094596, 2772635.5667618993], [305262.2758103279, 2772635.5557128857], [305264.2469887532, 2772630.988305449], [305264.2512901461, 2772630.9767609923], [305264.2437495441, 2772630.9670185214], [305259.2776978438, 2772625.182911307], [305237.4684668866, 2772599.7810553196], [305237.4601779263, 2772599.772309063], [305237.44822137046, 2772599.7708108574], [305233.48412033095, 2772599.4707859796], [305233.47207448614, 2772599.470467552], [305233.4625635597, 2772599.4778666156], [305199.9407883115, 2772628.306297623], [305193.27588733984, 2772634.0380536653], [305193.26750900096, 2772634.045983708]]]}, "properties": {"patch_id": 28, "area_m2": 1542.5, "porosity_index_per_100m_edge": 0.57, "buildings_per_100m_perimeter": 9.12}}, {"type": "Feature", "geometry": {"type": "Polygon", "coordinates": [[[305159.76556359965, 2770342.9615536476], [305159.765006665, 2770342.973143634], [305159.7849931888, 2770379.3885900695], [305159.7855864234, 2770379.400402658], [305159.79740794405, 2770379.400777902], [305197.16000538843, 2770378.7319999035], [305206.1927033051, 2770378.570220239], [305206.2047431325, 2770378.569411233], [305206.21352554305, 2770378.5611358974], [305208.96651553974, 2770375.698821388], [305208.97440822097, 2770375.6897675055], [305208.97478907567, 2770375.67776241], [305208.44521165907, 2770344.9522802196], [305208.4444126125, 2770344.940255423], [305208.4361626855, 2770344.931470606], [305205.5838265358, 2770342.178518991], [305205.5747658812, 2770342.1705944194], [305205.5627347692, 2770342.170211783], [305159.7771418202, 2770342.960790348], [305159.76556359965, 2770342.9615536476]]]}, "properties": {"patch_id": 29, "area_m2": 1774.5, "porosity_index_per_100m_edge": 0.0, "buildings_per_100m_perimeter": 18.52}}, {"type": "Feature", "geometry": {"type": "Polygon", "coordinates": [[[305076.1256423486, 2771754.5398500613], [305076.1323138861, 2771754.5500790696], [305106.2250064811, 2771796.020008931], [305152.3278947432, 2771859.5502088913], [305152.33528602234, 2771859.5594215854], [305152.347093881, 2771859.5597027377], [305160.05278099776, 2771859.3703003377], [305160.06474402687, 2771859.3694200013], [305160.07345695107, 2771859.3611753555], [305162.81652819004, 2771856.49884015], [305162.8244072768, 2771856.489768474], [305162.82476313866, 2771856.4777581133], [305161.65499953215, 2771796.019975935], [305160.9090000276, 2771757.651001417], [305160.8252385757, 2771753.342272446], [305160.8244138546, 2771753.330256258], [305160.8161531233, 2771753.321491025], [305157.9538384064, 2771750.5685008285], [305157.9447670016, 2771750.560594379], [305157.93273914064, 2771750.5602298463], [305154.53102663567, 2771750.6239995006], [305142.8879915145, 2771750.8410001583], [305076.5573487596, 2771752.0797693785], [305076.54549645906, 2771752.080577379], [305076.54292138404, 2771752.0921747508], [305076.12709581875, 2771754.52772449], [305076.1256423486, 2771754.5398500613]]]}, "properties": {"patch_id": 30, "area_m2": 5267.7, "porosity_index_per_100m_edge": 0.3, "buildings_per_100m_perimeter": 7.82}}, {"type": "Feature", "geometry": {"type": "Polygon", "coordinates": [[[305107.5825877585, 2769931.5052339635], [305107.5821443095, 2769931.517209482], [305107.9349830029, 2769961.3695619376], [305107.95078400505, 2769962.2687089317], [305107.9515885304, 2769962.280743542], [305107.95985696325, 2769962.2895280165], [305110.82313078904, 2769965.046460191], [305110.8322343721, 2769965.0544003057], [305110.8443094342, 2769965.054737215], [305146.1388028983, 2769964.301260387], [305146.15042516455, 2769964.3004439217], [305146.1508557559, 2769964.2888009716], [305145.72114585317, 2769927.947335108], [305145.72042675316, 2769927.9355916153], [305145.70866643003, 2769927.9352431414], [305110.37721252645, 2769928.6317592454], [305110.3652526614, 2769928.632580514], [305110.3565012787, 2769928.640773563], [305107.5904955463, 2769931.4962297142], [305107.5825877585, 2769931.5052339635]]]}, "properties": {"patch_id": 31, "area_m2": 1381.7, "porosity_index_per_100m_edge": 0.0, "buildings_per_100m_perimeter": 11.66}}, {"type": "Feature", "geometry": {"type": "Polygon", "coordinates": [[[305109.00520187104, 2772481.7426682394], [305109.00475578866, 2772481.7546948153], [305109.30767540383, 2772507.0515327933], [305109.4263166121, 2772516.9592682878], [305109.4269969753, 2772516.970737058], [305109.4372328912, 2772516.975954476], [305113.9727079197, 2772519.0237784856], [305113.98339073244, 2772519.028006137], [305113.99244345713, 2772519.0209319824], [305121.5709861567, 2772512.4990447373], [305142.9620771931, 2772494.090454943], [305142.97080371913, 2772494.082166606], [305142.97229753196, 2772494.0702243582], [305143.27172304614, 2772490.106046624], [305143.2720400107, 2772490.0940154847], [305143.2646574742, 2772490.084510386], [305136.2888750856, 2772481.959106873], [305133.40692726773, 2772478.60220902], [305133.3987507225, 2772478.5935717896], [305133.3868645619, 2772478.5931512224], [305127.954247561, 2772478.6649784227], [305111.8094453365, 2772478.8784364937], [305111.79743381654, 2772478.8791854084], [305111.7886194218, 2772478.8873795494], [305109.0131713587, 2772481.7336502145], [305109.00520187104, 2772481.7426682394]]]}, "properties": {"patch_id": 32, "area_m2": 938.3, "porosity_index_per_100m_edge": 0.0, "buildings_per_100m_perimeter": 8.93}}, {"type": "Feature", "geometry": {"type": "Polygon", "coordinates": [[[304969.01758347836, 2771943.233230922], [304969.01714976056, 2771943.245162873], [304969.5598475283, 2771987.320616939], [304969.56059821823, 2771987.332741048], [304969.5689244196, 2771987.3415859356], [304969.69377711206, 2771987.4617032274], [304971.56253859465, 2771989.2595866215], [304971.59812336456, 2771989.2975821956], [304971.6295647558, 2771989.339071693], [304971.6565219514, 2771989.383605378], [304971.6787027418, 2771989.4307005163], [304971.69586669264, 2771989.4798466074], [304971.70782775077, 2771989.53051092], [304971.71445626137, 2771989.582144265], [304971.71568037284, 2771989.63418695], [304971.7113392931, 2771989.786124741], [304971.7115598568, 2771989.7977639297], [304971.7197397369, 2771989.80604698], [304977.58121628023, 2771995.2029125234], [304977.5902137437, 2771995.2104358235], [304977.6019375352, 2771995.210762955], [304984.0934666296, 2771995.0818597344], [304984.14230272645, 2771995.0832774336], [304984.1907673195, 2771995.089454605], [304984.23839767394, 2771995.100332268], [304984.28473902, 2771995.115806565], [304984.32934889523, 2771995.1357297488], [304984.37180136924, 2771995.159911595], [304984.4116911102, 2771995.1881212173], [304984.4486372548, 2771995.2200892735], [304984.4822870453, 2771995.2555105356], [304984.5123191968, 2771995.2940468057], [304984.53844696545, 2771995.3353301426], [304984.5604208861, 2771995.378966378], [304984.5780311539, 2771995.4245388773], [304984.59110962786, 2771995.471612519], [304984.5995314361, 2771995.519737849], [304984.60321616806, 2771995.568455371], [304984.66564836574, 2771997.913673726], [304984.76866507484, 2772001.7834187904], [304984.7696134254, 2772001.795719211], [304984.7783037113, 2772001.804475845], [304997.80342235265, 2772013.670587987], [304997.8377996451, 2772013.7051179055], [304997.8686527713, 2772013.742829947], [304997.8956887358, 2772013.7833659817], [304997.91865079297, 2772013.8263410605], [304997.9373208845, 2772013.871347073], [304997.9515217108, 2772013.917956622], [304997.9611184144, 2772013.965727081], [304997.96601986064, 2772014.0142048006], [304997.9661795032, 2772014.062929414], [304997.9615958259, 2772014.1114382115], [304997.95231235755, 2772014.15927053], [304997.93841725815, 2772014.2059721327], [304997.92004248186, 2772014.25109952], [304995.463088267, 2772019.532613313], [304995.44560382614, 2772019.5667161243], [304990.07090396655, 2772029.1284966352], [304990.06589291565, 2772029.1385123953], [304990.07702796033, 2772029.1397110717], [304991.7702257382, 2772029.2398099387], [304991.8178877506, 2772029.2449295227], [304991.86484045786, 2772029.2545897947], [304991.9106522935, 2772029.2687019627], [304991.9549021776, 2772029.2871363144], [304991.99718338693, 2772029.3097234108], [304992.03710729326, 2772029.3362556417], [304992.07430693565, 2772029.366489136], [304992.1084403932, 2772029.4001460024], [304992.1391939278, 2772029.436916883], [304992.16628486814, 2772029.4764637984], [304992.1894642076, 2772029.5184232527], [304999.3437496106, 2772044.0773155154], [304999.34938639327, 2772044.0875275754], [304999.36051363737, 2772044.09102671], [305003.51060800825, 2772045.182005268], [305003.5110954709, 2772045.1821334125], [305003.52208451356, 2772045.1844983064], [305003.53327399626, 2772045.1848479016], [305013.40656547615, 2772045.05164626], [305035.0505751527, 2772044.759644642], [305043.26592182834, 2772044.6488105212], [305043.3256190483, 2772044.6515768752], [305043.38455981103, 2772044.6614458817], [305065.418717001, 2772049.7206949056], [305081.0226353043, 2772053.303500839], [305121.5844981654, 2772062.616884774], [305124.25518315955, 2772063.224312347], [305124.2657634862, 2772063.2261849204], [305124.25987170934, 2772063.2171994364], [305111.47900066717, 2772045.6450009174], [305098.616420179, 2772027.959945036], [305093.93192245293, 2772021.519122044], [305092.04262115044, 2772018.921478494], [305092.0346141532, 2772018.911589877], [305092.0223457319, 2772018.908216061], [305091.98901587736, 2772018.900883493], [305091.98099921667, 2772018.899050584], [305083.22000000183, 2772016.8200000003], [305080.0790749249, 2772016.074634996], [305079.97992558614, 2772016.0511108087], [305076.7617399158, 2772015.28756361], [305074.4920046327, 2772014.7487839945], [305074.45543923083, 2772014.7386239874], [305074.4197497589, 2772014.7257198817], [305072.90786271973, 2772014.113243904], [305072.865342385, 2772014.0936538544], [305072.82484068704, 2772014.070172769], [305072.78671270405, 2772014.0430065067], [305072.7512927038, 2772014.0123932334], [305072.71889121336, 2772013.978601336], [305072.6897922965, 2772013.941927068], [305057.71464779024, 2771993.1375554414], [305057.70725185215, 2771993.1282686815], [305057.69538292475, 2771993.1279994557], [305033.09637213976, 2771993.766826852], [305033.0498620741, 2771993.7658698703], [305033.00364225457, 2771993.760594427], [305032.9581127787, 2771993.7510461886], [305032.9136677683, 2771993.7373078093], [305031.821399103, 2771993.343135521], [305031.7856145513, 2771993.3286369327], [305031.7510554411, 2771993.3114203387], [305024.89175930683, 2771989.556962962], [305024.88824850164, 2771989.55502297], [305022.2780677684, 2771988.098998552], [305018.133970273, 2771985.7873168485], [305018.086822545, 2771985.757449853], [305018.04329720134, 2771985.7225143383], [305008.0939160122, 2771976.7792503424], [305006.5204786851, 2771975.3649246604], [305006.5096687772, 2771975.354916074], [304995.56155622925, 2771964.9146487312], [304991.64000000077, 2771961.1750000007], [304976.7694422422, 2771946.994236182], [304976.76035518496, 2771946.98598697], [304970.56957001874, 2771941.6372683113], [304970.56003880093, 2771941.629840847], [304970.55123210856, 2771941.638114516], [304969.02543279785, 2771943.224233825], [304969.01758347836, 2771943.233230922]]]}, "properties": {"patch_id": 33, "area_m2": 6902.2, "porosity_index_per_100m_edge": 0.44, "buildings_per_100m_perimeter": 3.92}}, {"type": "Feature", "geometry": {"type": "Polygon", "coordinates": [[[305052.5715881789, 2771397.025563317], [305052.5712721862, 2771397.037280261], [305053.49298801477, 2771438.62245926], [305053.49301081605, 2771438.6235408015], [305053.53275438776, 2771440.6107193893], [305053.53356389696, 2771440.6224124287], [305053.5452803291, 2771440.6227406343], [305083.6460501736, 2771439.9869989306], [305106.14717854426, 2771439.5072520454], [305106.15870892146, 2771439.506459755], [305106.16571270366, 2771439.497266044], [305108.6556797342, 2771435.8866149704], [305108.6623422242, 2771435.8758006073], [305108.6628057229, 2771435.8631071276], [305108.09618740255, 2771398.260436655], [305108.0953996956, 2771398.2482994758], [305108.0861768646, 2771398.2403703486], [305105.10961144074, 2771395.928465228], [305105.0998057027, 2771395.921586938], [305105.08783267054, 2771395.9212557203], [305052.5832805657, 2771397.0247418997], [305052.5715881789, 2771397.025563317]]]}, "properties": {"patch_id": 34, "area_m2": 2405.3, "porosity_index_per_100m_edge": 2.57, "buildings_per_100m_perimeter": 5.14}}, {"type": "Feature", "geometry": {"type": "Polygon", "coordinates": [[[305025.96568715275, 2770591.3501719306], [305025.96523755277, 2770591.3631619066], [305026.2847781024, 2770609.06770549], [305026.2855885299, 2770609.079743188], [305026.29386254644, 2770609.0885240464], [305029.1561497144, 2770611.841487746], [305029.1652333491, 2770611.849403802], [305029.17727709, 2770611.8497569035], [305054.97202352964, 2770611.338999532], [305101.1430661199, 2770610.420237473], [305101.1547642219, 2770610.419445094], [305101.1634547643, 2770610.4115743903], [305104.04607323575, 2770607.538895982], [305104.054372685, 2770607.5297465804], [305104.05475715944, 2770607.517399741], [305103.1754614026, 2770561.8934190418], [305103.17467817763, 2770561.8820326016], [305103.16452406254, 2770561.8872439745], [305079.68775913183, 2770575.4410020406], [305079.6439979606, 2770575.4634722355], [305079.59824051365, 2770575.4815334035], [305079.550929714, 2770575.495010718], [305079.5025235206, 2770575.503773719], [305079.4534904958, 2770575.5077375844], [305079.40430526924, 2770575.506863944], [305079.3554439442, 2770575.5011612545], [305079.3073794884, 2770575.490684717], [305079.26057715615, 2770575.4755357415], [305079.21548998455, 2770575.455860968], [305079.17255440843, 2770575.431850844], [305079.1321860355, 2770575.4037377825], [305079.0947756235, 2770575.3717939127], [305079.06068529777, 2770575.3363284445], [305079.0302450457, 2770575.2976846765], [305079.0037495229, 2770575.2562366724], [305071.66791050206, 2770562.431027031], [305071.661537432, 2770562.421066281], [305071.6510867385, 2770562.426599427], [305027.43630158243, 2770588.7232784005], [305027.42550671316, 2770588.7304926426], [305027.4185992197, 2770588.741486332], [305025.9714079285, 2770591.3385008406], [305025.96568715275, 2770591.3501719306]]]}, "properties": {"patch_id": 35, "area_m2": 2948.0, "porosity_index_per_100m_edge": 0.83, "buildings_per_100m_perimeter": 4.99}}, {"type": "Feature", "geometry": {"type": "Polygon", "coordinates": [[[305049.97658082476, 2769654.7755676787], [305049.9761374739, 2769654.787269751], [305050.301862462, 2769683.85872452], [305050.3025684538, 2769683.8704185192], [305050.3142754464, 2769683.8708594176], [305060.1689908824, 2769683.758000104], [305086.4477141941, 2769683.45814019], [305086.45974771766, 2769683.4574107076], [305086.4685813346, 2769683.449206743], [305089.24541515304, 2769680.6037968565], [305089.25340417406, 2769680.594762055], [305089.2538364685, 2769680.5827094545], [305088.94216314406, 2769657.1582614286], [305088.94141343905, 2769657.1462518936], [305088.933220956, 2769657.137438593], [305086.0867778438, 2769654.3615602367], [305086.0777629442, 2769654.353592514], [305086.0657399935, 2769654.353143309], [305049.9882696865, 2769654.774856578], [305049.97658082476, 2769654.7755676787]]]}, "properties": {"patch_id": 36, "area_m2": 1125.9, "porosity_index_per_100m_edge": 2.26, "buildings_per_100m_perimeter": 11.29}}, {"type": "Feature", "geometry": {"type": "Polygon", "coordinates": [[[305045.66759224725, 2771070.4315781826], [305045.667214415, 2771070.4433558746], [305046.29778854875, 2771106.7808149103], [305046.2985572694, 2771106.792429465], [305046.3101866882, 2771106.7929247734], [305066.54799818783, 2771106.6680000112], [305084.63993229263, 2771106.55707399], [305084.6517641203, 2771106.55642978], [305084.6605934286, 2771106.5485272235], [305087.49241452303, 2771103.756464937], [305087.5004343686, 2771103.7477563582], [305087.5012529822, 2771103.735945889], [305088.1457379468, 2771073.027486327], [305088.14538332546, 2771073.0152452956], [305088.1372331225, 2771073.006105116], [305085.34676896915, 2771070.1748970062], [305085.33774572157, 2771070.16661339], [305085.32550822396, 2771070.1660834444], [305045.67935745476, 2771070.4309174526], [305045.66759224725, 2771070.4315781826]]]}, "properties": {"patch_id": 37, "area_m2": 1514.1, "porosity_index_per_100m_edge": 0.65, "buildings_per_100m_perimeter": 12.41}}, {"type": "Feature", "geometry": {"type": "Polygon", "coordinates": [[[305014.95860564994, 2769247.899234816], [305014.95831756154, 2769247.9113594815], [305015.8199759472, 2769281.447063865], [305015.8200205457, 2769281.448936195], [305016.61573124595, 2769317.7067537974], [305016.6165831229, 2769317.7187438924], [305016.62483576854, 2769317.727483563], [305019.4921676338, 2769320.480519704], [305019.50123208866, 2769320.4884074666], [305019.51324236346, 2769320.4887744426], [305054.87666110566, 2769319.8372273357], [305054.8884037842, 2769319.836430241], [305054.88866742956, 2769319.824663494], [305053.61799999274, 2769272.6899997303], [305053.2230003537, 2769258.0380131216], [305052.8593275135, 2769244.522171984], [305052.8584490819, 2769244.5105741397], [305052.8468248639, 2769244.5101750195], [305017.74136066926, 2769245.014822313], [305017.7292587825, 2769245.015595608], [305017.72043515823, 2769245.023914112], [305014.9665659579, 2769247.8900847267], [305014.95860564994, 2769247.899234816]]]}, "properties": {"patch_id": 38, "area_m2": 2862.9, "porosity_index_per_100m_edge": 2.68, "buildings_per_100m_perimeter": 8.94}}, {"type": "Feature", "geometry": {"type": "Polygon", "coordinates": [[[304967.8235863376, 2769834.4685681877], [304967.823209426, 2769834.4802930937], [304968.5037911071, 2769874.429738201], [304968.504563973, 2769874.441417279], [304968.5162620735, 2769874.441807944], [305001.30871997226, 2769873.928192337], [305001.3207455335, 2769873.927412259], [305001.32954321086, 2769873.9191767643], [305004.7904518558, 2769870.344828331], [305004.79840357736, 2769870.3357644617], [305004.7987906318, 2769870.3237131615], [305004.2272088241, 2769836.780254905], [305004.2264149269, 2769836.7682537166], [305004.21819642134, 2769836.7594722034], [305001.3627993127, 2769833.993523664], [305001.35376515554, 2769833.985592195], [305001.34175053186, 2769833.9851764482], [304967.83529360004, 2769834.467822916], [304967.8235863376, 2769834.4685681877]]]}, "properties": {"patch_id": 39, "area_m2": 1442.6, "porosity_index_per_100m_edge": 0.0, "buildings_per_100m_perimeter": 12.76}}, {"type": "Feature", "geometry": {"type": "Polygon", "coordinates": [[[304960.8155963495, 2769077.1245801537], [304960.8152554958, 2769077.136379098], [304961.2049980163, 2769096.019903885], [304961.524763507, 2769111.807323896], [304961.5255316591, 2769111.818779034], [304961.53310916515, 2769111.827404097], [304964.2938958647, 2769114.688601116], [304964.3022396178, 2769114.6964773107], [304964.3136526832, 2769114.6976582785], [305001.44513205613, 2769116.79527307], [305001.45775271073, 2769116.795334775], [305001.4672684746, 2769116.787044127], [305004.3247335979, 2769114.0259538703], [305004.33334398584, 2769114.0167301097], [305004.3337172542, 2769114.004117532], [305003.9390003331, 2769096.0200151764], [305003.5192660103, 2769076.8421541397], [305003.51844783366, 2769076.8305682824], [305003.5068432435, 2769076.8300836696], [304985.793, 2769076.952], [304968.06699394825, 2769077.074000042], [304960.8273814411, 2769077.1239146343], [304960.8155963495, 2769077.1245801537]]]}, "properties": {"patch_id": 40, "area_m2": 1649.1, "porosity_index_per_100m_edge": 1.88, "buildings_per_100m_perimeter": 13.77}}, {"type": "Feature", "geometry": {"type": "Polygon", "coordinates": [[[304959.4445920456, 2771306.3875677604], [304959.44429094426, 2771306.399312909], [304959.52198694105, 2771309.687447339], [304959.522011837, 2771309.6885526967], [304959.54799992905, 2771310.901996686], [304959.83898625756, 2771324.498357883], [304960.0809696884, 2771334.592735555], [304960.0810239151, 2771334.5952646523], [304960.1649695537, 2771339.0343899718], [304960.25627111224, 2771342.6353401192], [304960.25714262895, 2771342.6470237905], [304960.2688563006, 2771342.647296364], [304979.3991082573, 2771342.15291678], [304990.7651492461, 2771341.8591862726], [304990.7768224547, 2771341.8583104494], [304990.77710774937, 2771341.8466079016], [304990.7610000794, 2771341.194003217], [304989.8260825708, 2771303.2872578385], [304989.8272632313, 2771303.2384484317], [304989.83319868904, 2771303.189986875], [304989.84383234946, 2771303.1423352496], [304989.85906282056, 2771303.0959479143], [304989.8787448796, 2771303.051267172], [304989.902690858, 2771303.008719055], [304989.93067243067, 2771302.9687092598], [304989.96242279303, 2771302.9316192796], [304989.99763920513, 2771302.897802768], [304990.0359858782, 2771302.867582165], [304990.07709717634, 2771302.841245626], [304990.12058110296, 2771302.8190442687], [304990.1660230385, 2771302.8011897835], [304994.4780349581, 2771301.345701171], [304994.4886713062, 2771301.341553469], [304994.49550869234, 2771301.3324308894], [304996.6302221189, 2771298.1939648734], [304996.6360682513, 2771298.18441033], [304996.6250729621, 2771298.182272532], [304995.061580003, 2771297.955822041], [304995.04929833993, 2771297.9546765178], [304995.041861737, 2771297.964517673], [304993.3478691616, 2771300.460483478], [304993.31708781986, 2771300.50119827], [304993.282316029, 2771300.538562797], [304993.24391613697, 2771300.572187692], [304993.20228829904, 2771300.60172256], [304993.1578663081, 2771300.6268596244], [304993.1111130743, 2771300.6473369393], [304993.0625158009, 2771300.6629411154], [304989.2268797863, 2771301.681781932], [304989.17344393383, 2771301.692893671], [304989.11911531136, 2771301.6981149586], [304989.06454126845, 2771301.6973835817], [304981.68708567077, 2771301.19489129], [304981.6740616992, 2771301.194688687], [304981.66128112347, 2771301.197203057], [304977.3281592921, 2771302.2884341967], [304977.3003526067, 2771302.2971912534], [304970.8663734396, 2771304.744575644], [304970.8537682179, 2771304.749768239], [304967.5915758585, 2771306.1988765975], [304967.5449691154, 2771306.216849595], [304967.49680162215, 2771306.230082498], [304967.44755413214, 2771306.2384432307], [304967.39771817805, 2771306.2418483463], [304959.45631429815, 2771306.38677527], [304959.4445920456, 2771306.3875677604]]]}, "properties": {"patch_id": 41, "area_m2": 1186.8, "porosity_index_per_100m_edge": 0.0, "buildings_per_100m_perimeter": 5.19}}, {"type": "Feature", "geometry": {"type": "Polygon", "coordinates": [[[304931.0775826466, 2769699.9272301374], [304931.07715408114, 2769699.9391531004], [304931.4758436493, 2769731.3856678847], [304931.47659333353, 2769731.397744051], [304931.4848629941, 2769731.4065762954], [304934.34213453793, 2769734.1714213165], [304934.3512363805, 2769734.179398192], [304934.36333397124, 2769734.179748121], [304967.8327631416, 2769733.4962498955], [304967.8444193023, 2769733.495440048], [304967.8448047456, 2769733.4837621506], [304967.1961952465, 2769692.831237351], [304967.19543750386, 2769692.819578111], [304967.18376189715, 2769692.819139824], [304939.5380533835, 2769693.1349993898], [304937.58742155624, 2769693.1568607874], [304937.5752607294, 2769693.1576021276], [304937.5663995547, 2769693.165963624], [304934.8280527208, 2769696.019945053], [304931.0854174137, 2769699.9182325155], [304931.0775826466, 2769699.9272301374]]]}, "properties": {"patch_id": 42, "area_m2": 1455.5, "porosity_index_per_100m_edge": 0.0, "buildings_per_100m_perimeter": 10.09}}, {"type": "Feature", "geometry": {"type": "Polygon", "coordinates": [[[304716.105585397, 2770746.7341472358], [304716.10661564657, 2770746.7458330975], [304717.7572996556, 2770758.835546571], [304717.7595777614, 2770758.847655383], [304717.7691497465, 2770758.855413619], [304720.9798413502, 2770761.2005798784], [304720.99015259056, 2770761.2073435117], [304721.00238983595, 2770761.2058209237], [304737.91100496514, 2770758.2319991267], [304754.81544491707, 2770755.2587359296], [304754.84608651354, 2770755.2513263407], [304765.09279799927, 2770752.0769919497], [304765.0991742419, 2770752.0749225533], [304774.09518653224, 2770749.021367633], [304774.1259579578, 2770749.0085745864], [304782.619088389, 2770744.7924238928], [304782.63653170725, 2770744.7828816404], [304790.3170016639, 2770740.175198067], [304790.34011946234, 2770740.1595070753], [304796.86676116375, 2770735.174528945], [304796.8808171348, 2770735.1629587538], [304804.14596688433, 2770728.724687903], [304804.1520763045, 2770728.719361602], [304810.8781823742, 2770722.950704801], [304810.8932393942, 2770722.9366746466], [304816.27461101155, 2770717.4914054815], [304816.27736659657, 2770717.48857274], [304821.61409516964, 2770711.914944996], [304826.081322991, 2770707.2002684297], [304826.1011995972, 2770707.1764959334], [304830.9250157945, 2770700.619978527], [304844.1620939118, 2770682.6239508754], [304844.1679830302, 2770682.616106893], [304852.4249347924, 2770671.8400851013], [304853.4377191387, 2770670.519493672], [304853.44443350483, 2770670.509812704], [304853.44481308304, 2770670.498037315], [304853.4250272719, 2770669.2317454014], [304853.3352791671, 2770665.2623470635], [304853.3344318959, 2770665.2506002574], [304853.3226555089, 2770665.250400318], [304838.23833238025, 2770665.7395676463], [304838.22517530946, 2770665.7406988028], [304838.21304233477, 2770665.745912154], [304832.85712681134, 2770668.394004216], [304832.8454635311, 2770668.400578426], [304832.8365059854, 2770668.410529039], [304830.93261259614, 2770670.7705635526], [304830.91782909964, 2770670.79082507], [304830.90235673136, 2770670.8109382316], [304816.659, 2770688.385], [304802.4037174976, 2770705.973776294], [304802.38140800566, 2770705.999464228], [304794.0265596528, 2770714.982968592], [304793.9851607717, 2770715.022653365], [304787.49721235596, 2770720.5641526706], [304787.4636676802, 2770720.5904169106], [304781.8248953103, 2770724.6300453707], [304781.79645729443, 2770724.648982447], [304777.26143725857, 2770727.4500826835], [304777.23199138604, 2770727.4669179684], [304771.0965472806, 2770730.7037427286], [304771.06077440135, 2770730.7208378436], [304768.4630141833, 2770731.8379939008], [304764.19795184495, 2770733.671851238], [304764.1594412929, 2770733.6865598587], [304757.07861148386, 2770736.0614224407], [304757.0389122273, 2770736.072935192], [304749.78010015277, 2770737.8562901733], [304749.74969851493, 2770737.862764383], [304732.79430142615, 2770740.925945544], [304732.79369839927, 2770740.926054106], [304718.46876425936, 2770743.4958895394], [304718.4573211101, 2770743.498512291], [304718.4499729754, 2770743.5076681343], [304716.11202162877, 2770746.7243392896], [304716.105585397, 2770746.7341472358]]]}, "properties": {"patch_id": 43, "area_m2": 2900.0, "porosity_index_per_100m_edge": 3.36, "buildings_per_100m_perimeter": 4.48}}, {"type": "Feature", "geometry": {"type": "Polygon", "coordinates": [[[304745.3236973855, 2770652.716929943], [304745.3301158043, 2770652.7273484343], [304748.14888586855, 2770656.8266539983], [304748.15631494473, 2770656.836374258], [304748.1685478421, 2770656.8365501636], [304759.76000974176, 2770656.4209996504], [304792.1898519017, 2770655.257435867], [304792.201741747, 2770655.256429039], [304792.21034894226, 2770655.2481647707], [304794.9406457622, 2770652.3588408334], [304794.9484145063, 2770652.34977429], [304794.9487420157, 2770652.3378391145], [304793.75399994565, 2770596.019997438], [304793.01225236984, 2770561.0638933536], [304793.01146326895, 2770561.052440524], [304793.0003841803, 2770561.049433244], [304788.14061800216, 2770559.9755672384], [304788.12930135004, 2770559.9736259165], [304788.1237613503, 2770559.983682938], [304778.90697117767, 2770578.779058815], [304770.45800330595, 2770596.019993254], [304762.178043327, 2770612.9147902606], [304762.1723046745, 2770612.9273685087], [304747.21917140606, 2770648.2585950023], [304747.2188278884, 2770648.25940468], [304745.32791524107, 2770652.705442962], [304745.3236973855, 2770652.716929943]]]}, "properties": {"patch_id": 44, "area_m2": 2750.1, "porosity_index_per_100m_edge": 1.19, "buildings_per_100m_perimeter": 6.76}}, {"type": "Feature", "geometry": {"type": "Polygon", "coordinates": [[[304747.72961723123, 2769699.887229859], [304747.7295181528, 2769699.8994336897], [304749.0384902653, 2769731.3097683135], [304749.03957733617, 2769731.3217328954], [304749.04799255356, 2769731.330307096], [304751.23400395963, 2769733.3496896834], [304751.2432206787, 2769733.3574028155], [304751.25523827743, 2769733.3575364584], [304788.95892544073, 2769731.9294573404], [304788.97074519465, 2769731.9284361643], [304788.97932230326, 2769731.920239681], [304791.7176764747, 2769729.037761606], [304791.72542365576, 2769729.028774387], [304791.72583654907, 2769729.0169161237], [304791.4700000613, 2769710.1030045366], [304791.3201664742, 2769699.0103246407], [304791.319407568, 2769698.9982559774], [304791.31113920105, 2769698.9894319926], [304788.45385843155, 2769696.226565718], [304788.44476413704, 2769696.2186003304], [304788.4326799614, 2769696.2182449345], [304750.48144205427, 2769696.97275264], [304750.46926737885, 2769696.973601933], [304750.460475238, 2769696.982066116], [304747.73752473854, 2769699.8779339097], [304747.72961723123, 2769699.887229859]]]}, "properties": {"patch_id": 45, "area_m2": 1542.0, "porosity_index_per_100m_edge": 0.0, "buildings_per_100m_perimeter": 11.17}}, {"type": "Feature", "geometry": {"type": "Polygon", "coordinates": [[[304714.3806341922, 2769122.2111985656], [304714.3812026533, 2769122.223438871], [304714.763797498, 2769126.1805626936], [304714.76558426366, 2769126.1926837284], [304714.774756125, 2769126.200807091], [304751.2712630628, 2769155.4062082637], [304751.28118022607, 2769155.4133634223], [304751.2933763889, 2769155.4124689326], [304755.23762307066, 2769154.9245311343], [304755.24967003986, 2769154.922426484], [304755.25754463347, 2769154.9130696836], [304773.42384749046, 2769131.002414199], [304773.43044721935, 2769130.9928175923], [304773.4308551324, 2769130.98117779], [304773.14615055517, 2769107.7472863565], [304773.1454108572, 2769107.7352528214], [304773.1371986587, 2769107.726425988], [304770.2898041066, 2769104.9525767057], [304770.28076259396, 2769104.944595982], [304770.2687100967, 2769104.9441740233], [304748.0349880056, 2769105.2590001705], [304728.5298532005, 2769105.5358317704], [304728.5182580708, 2769105.536546941], [304728.51033377927, 2769105.545041889], [304714.388081713, 2769122.2014680603], [304714.3806341922, 2769122.2111985656]]]}, "properties": {"patch_id": 46, "area_m2": 2060.6, "porosity_index_per_100m_edge": 1.71, "buildings_per_100m_perimeter": 6.83}}, {"type": "Feature", "geometry": {"type": "Polygon", "coordinates": [[[304735.49031392985, 2768925.7328602276], [304735.48993812373, 2768925.744576241], [304735.94295173866, 2768952.293171674], [304735.9430162569, 2768952.2988286978], [304735.9459917794, 2768952.8165696147], [304735.94602458796, 2768952.819430199], [304736.17997329903, 2768966.4274468943], [304736.1819611392, 2768966.512368753], [304736.1828004676, 2768966.523960838], [304736.194440907, 2768966.524371677], [304745.4839865504, 2768966.399000182], [304768.4427161366, 2768966.0901652393], [304768.4547466171, 2768966.0894113756], [304768.46356315777, 2768966.0811913037], [304771.2364405525, 2768963.22880488], [304771.244405037, 2768963.219763471], [304771.24482225464, 2768963.2077216296], [304770.73517759057, 2768928.00226768], [304770.7344131321, 2768927.9902529833], [304770.7262027886, 2768927.9814480073], [304767.87382693763, 2768925.2085808907], [304767.8647628001, 2768925.200598364], [304767.8526912395, 2768925.200202409], [304735.63516385196, 2768925.7299973057], [304735.50201127643, 2768925.732099822], [304735.49031392985, 2768925.7328602276]]]}, "properties": {"patch_id": 47, "area_m2": 1428.2, "porosity_index_per_100m_edge": 0.0, "buildings_per_100m_perimeter": 14.8}}, {"type": "Feature", "geometry": {"type": "Polygon", "coordinates": [[[304696.59459816717, 2769898.9382344224], [304696.59424600133, 2769898.9502971265], [304697.34675512026, 2769936.5667589395], [304697.34758309455, 2769936.578745378], [304697.3558121636, 2769936.5874999575], [304700.2171843452, 2769939.347496675], [304700.2262335363, 2769939.35540757], [304700.2382467168, 2769939.355799478], [304743.89398386166, 2769938.6410002634], [304748.5937008724, 2769938.564200983], [304748.60574392416, 2769938.5634106346], [304748.6145397102, 2769938.5551466234], [304751.3744588761, 2769935.693854842], [304751.3824015592, 2769935.6847652975], [304751.38275574887, 2769935.672699618], [304750.6212432293, 2769897.3232489284], [304750.6204161402, 2769897.311255027], [304750.612179194, 2769897.302497723], [304747.7498197078, 2769894.543501219], [304747.7407666416, 2769894.535592673], [304747.728751918, 2769894.535206018], [304740.36901217484, 2769894.658999795], [304734.70397702727, 2769894.7540003876], [304700.0762964535, 2769895.3377926927], [304700.06425621896, 2769895.3385889926], [304700.0554652011, 2769895.3468545466], [304696.6025357594, 2769898.929144457], [304696.59459816717, 2769898.9382344224]]]}, "properties": {"patch_id": 48, "area_m2": 2361.2, "porosity_index_per_100m_edge": 3.7, "buildings_per_100m_perimeter": 2.12}}, {"type": "Feature", "geometry": {"type": "Polygon", "coordinates": [[[304700.59559431934, 2771805.2802335946], [304700.59521937434, 2771805.2922625225], [304700.98600137763, 2771827.1360757235], [304701.01500394376, 2771828.7302073156], [304701.4547655736, 2771851.8476766287], [304701.45559099613, 2771851.8597407704], [304701.463907699, 2771851.8685189993], [304704.1960916101, 2771854.48148034], [304704.2052326406, 2771854.489397927], [304704.21732251096, 2771854.4896839475], [304738.89278452337, 2771853.6003133077], [304738.90474360983, 2771853.5994205712], [304738.91344711423, 2771853.5911703752], [304741.5465395599, 2771850.8388435543], [304741.55440767214, 2771850.8297690996], [304741.554756911, 2771850.817763642], [304740.63524337654, 2771804.532250833], [304740.6344159652, 2771804.5202551526], [304740.62617670605, 2771804.511497553], [304737.8938444784, 2771801.8785228613], [304737.8847660167, 2771801.8705963264], [304737.872719562, 2771801.870233981], [304703.25726372935, 2771802.5297663375], [304703.2452554765, 2771802.530585424], [304703.23648873315, 2771802.5388324466], [304700.6035102441, 2771805.2711686143], [304700.59559431934, 2771805.2802335946]]]}, "properties": {"patch_id": 49, "area_m2": 2064.0, "porosity_index_per_100m_edge": 4.51, "buildings_per_100m_perimeter": 3.94}}, {"type": "Feature", "geometry": {"type": "Polygon", "coordinates": [[[304686.0355925921, 2772478.160236048], [304686.03516074835, 2772478.1722570607], [304686.0749991531, 2772481.209934812], [304686.4849987403, 2772513.0999020226], [304686.65000013384, 2772526.3370107035], [304686.88499443495, 2772545.129554959], [304686.9148250999, 2772547.217756675], [304686.9155846487, 2772547.2297486435], [304686.9237648897, 2772547.2385503645], [304689.7662406286, 2772550.011455019], [304689.7752366235, 2772550.01941015], [304689.78723635117, 2772550.0198776363], [304690.7741904452, 2772550.0100080953], [304713.4227347493, 2772549.7101623807], [304713.434747906, 2772549.709413064], [304713.4435625094, 2772549.701216681], [304716.91643732786, 2772546.138783486], [304716.9244068118, 2772546.1297629233], [304716.9248499277, 2772546.1177343396], [304716.5149989132, 2772512.619913611], [304716.0851543667, 2772478.4522703527], [304716.084412433, 2772478.440252017], [304716.0762160325, 2772478.431431025], [304713.2338155589, 2772475.6585997934], [304713.22476164595, 2772475.6505985064], [304713.21268594183, 2772475.650184975], [304694.7241766401, 2772475.927909364], [304694.68311040633, 2772475.926838466], [304694.642270689, 2772475.9224000126], [304694.6019331697, 2772475.9146239655], [304694.5849184584, 2772475.91061261], [304694.57259853487, 2772475.91020442], [304689.1266203436, 2772475.999973291], [304689.1233794547, 2772476.0000162055], [304688.13733858214, 2772476.009876614], [304688.1252547416, 2772476.01059459], [304688.11639919673, 2772476.018847716], [304686.0435442836, 2772478.151210426], [304686.0355925921, 2772478.160236048]]]}, "properties": {"patch_id": 50, "area_m2": 2207.2, "porosity_index_per_100m_edge": 1.98, "buildings_per_100m_perimeter": 9.92}}, {"type": "Feature", "geometry": {"type": "Polygon", "coordinates": [[[304319.3715866533, 2770753.900864081], [304319.37819281523, 2770753.910393249], [304321.79580887395, 2770757.067608957], [304321.8032840938, 2770757.0764693767], [304321.8148024859, 2770757.077778093], [304430.92497424723, 2770764.2709983024], [304435.66584656044, 2770764.58398987], [304556.0822422788, 2770772.6084163943], [304556.09977708186, 2770772.608967794], [304658.27834742545, 2770772.2340390882], [304658.2889596897, 2770772.2335476708], [304658.2994916397, 2770772.232154876], [304707.51920817106, 2770763.5760737834], [304707.5306791303, 2770763.5734849405], [304707.53805949446, 2770763.56432987], [304709.8819385888, 2770760.353672756], [304709.8884113131, 2770760.3438512892], [304709.88737956644, 2770760.3321340866], [304708.2326926758, 2770748.2153949197], [304708.23042735923, 2770748.203340119], [304708.2209256384, 2770748.195583369], [304705.01907918305, 2770745.8384201806], [304705.00884529506, 2770745.831648512], [304704.9966566249, 2770745.833071205], [304682.92900484183, 2770749.5359991873], [304656.7743235225, 2770753.9235710474], [304656.73586652207, 2770753.9284981694], [304656.697143365, 2770753.9304306614], [304561.92840179306, 2770754.9807849634], [304561.88963988854, 2770754.9797108434], [304430.92500073614, 2770746.259000049], [304325.0238181254, 2770739.206853581], [304325.01120004867, 2770739.2066627964], [304325.0007945381, 2770739.213802665], [304321.8442144444, 2770741.627190467], [304321.83458835963, 2770741.635367319], [304321.83146868955, 2770741.647606193], [304319.37332913675, 2770753.889400653], [304319.3715866533, 2770753.900864081]]]}, "properties": {"patch_id": 51, "area_m2": 6997.5, "porosity_index_per_100m_edge": 3.21, "buildings_per_100m_perimeter": 2.47}}, {"type": "Feature", "geometry": {"type": "Polygon", "coordinates": [[[304625.20839369023, 2771340.2294639577], [304625.208148393, 2771340.2415938675], [304626.0739998231, 2771369.842317179], [304626.0749379893, 2771369.8542913524], [304626.083242467, 2771369.8629687177], [304628.24327274534, 2771371.9094287846], [304628.2523855663, 2771371.91725295], [304628.2643929122, 2771371.9175436436], [304694.6357011927, 2771370.2750625825], [304694.64767392806, 2771370.2741790134], [304694.6563874706, 2771370.26592059], [304697.4046678288, 2771367.3933220627], [304697.4125329258, 2771367.3842519135], [304697.4128862835, 2771367.3722518124], [304696.8596970484, 2771338.985913212], [304696.8588737773, 2771338.9739139252], [304696.850633711, 2771338.9651525323], [304693.98839637847, 2771336.2061508503], [304693.9793383354, 2771336.1982380445], [304693.9673169102, 2771336.1978559205], [304627.9820842682, 2771337.335622582], [304627.9699788616, 2771337.336431254], [304627.961177997, 2771337.344782283], [304625.2163267485, 2771340.220284553], [304625.20839369023, 2771340.2294639577]]]}, "properties": {"patch_id": 52, "area_m2": 2441.1, "porosity_index_per_100m_edge": 0.49, "buildings_per_100m_perimeter": 8.27}}, {"type": "Feature", "geometry": {"type": "Polygon", "coordinates": [[[304632.5655953307, 2772028.570229007], [304632.56530584453, 2772028.582254148], [304633.46599998063, 2772064.6699992246], [304634.0446938531, 2772087.8577329754], [304634.04558435973, 2772087.8697407637], [304634.0538886971, 2772087.8784595877], [304636.936113201, 2772090.6215422186], [304636.94522997463, 2772090.6294038277], [304636.95726459246, 2772090.629701415], [304691.1527782016, 2772089.3102975427], [304691.1647439915, 2772089.3094196897], [304691.1734593667, 2772089.301173898], [304694.61655136873, 2772085.7088149018], [304694.6244110561, 2772085.699769165], [304694.62479129614, 2772085.6877918774], [304693.6352109016, 2772027.802336678], [304693.63440729916, 2772027.7902589077], [304693.62609240174, 2772027.7814622675], [304690.7538995002, 2772025.028529971], [304690.7447666803, 2772025.0206018947], [304690.73267646163, 2772025.020303038], [304634.6372926965, 2772026.3996977205], [304634.62526064913, 2772026.400586829], [304634.6165340931, 2772026.4089179696], [304632.5734394346, 2772028.561109916], [304632.5655953307, 2772028.570229007]]]}, "properties": {"patch_id": 53, "area_m2": 3894.0, "porosity_index_per_100m_edge": 2.05, "buildings_per_100m_perimeter": 7.39}}, {"type": "Feature", "geometry": {"type": "Polygon", "coordinates": [[[304543.2735864583, 2771743.75423449], [304543.2731218755, 2771743.7662005024], [304543.5269971131, 2771769.1807109974], [304543.52700255316, 2771769.18128904], [304543.7268909011, 2771791.8106489144], [304543.72759605304, 2771791.822745176], [304543.7358533436, 2771791.8316127458], [304546.4411486961, 2771794.4633892383], [304546.4502382481, 2771794.4713974716], [304546.46234658756, 2771794.4717711518], [304666.43674834253, 2771792.2480046647], [304686.6357383731, 2771791.853239639], [304686.6477443619, 2771791.8524148865], [304686.6565066745, 2771791.844165899], [304689.28949314903, 2771789.109834284], [304689.29740562505, 2771789.1007666267], [304689.29777638445, 2771789.0887378184], [304688.4202239929, 2771740.9672828726], [304688.4194126004, 2771740.955256191], [304688.41115053033, 2771740.9464790844], [304685.5468500362, 2771738.188521461], [304685.53776618844, 2771738.1805967544], [304685.52571666497, 2771738.1802412863], [304671.1819124598, 2771738.4620017502], [304653.8771848407, 2771738.8079963042], [304546.0722004192, 2771740.883765083], [304546.060251634, 2771740.8845794974], [304546.0514989171, 2771740.892754255], [304543.2814999888, 2771743.7452468723], [304543.2735864583, 2771743.75423449]]]}, "properties": {"patch_id": 54, "area_m2": 7782.4, "porosity_index_per_100m_edge": 2.81, "buildings_per_100m_perimeter": 3.58}}, {"type": "Feature", "geometry": {"type": "Polygon", "coordinates": [[[304640.35869249015, 2769247.3186705443], [304640.3586693431, 2769247.3195123174], [304640.3593265611, 2769247.329605003], [304640.44551479165, 2769248.1143715247], [304640.4484186817, 2769248.159760687], [304640.5499790759, 2769253.6808625087], [304640.55001574766, 2769253.68313759], [304640.9689259828, 2769283.944653094], [304640.9693026082, 2769283.95533885], [304640.97152816894, 2769283.9946039254], [304640.972715354, 2769284.005949136], [304640.98411459266, 2769284.006373995], [304673.1875461076, 2769283.6717981645], [304673.19959122106, 2769283.6710797646], [304673.2084355101, 2769283.662871278], [304675.98577631696, 2769280.818541426], [304675.9937717235, 2769280.8095040456], [304675.9942028958, 2769280.797445236], [304675.5722659162, 2769249.4104288304], [304675.571506468, 2769249.3983486057], [304675.56322425144, 2769249.389521745], [304672.70343323937, 2769246.6282185735], [304672.69432165805, 2769246.620250658], [304672.68222224124, 2769246.619914864], [304640.3703769045, 2769247.317843267], [304640.35869249015, 2769247.3186705443]]]}, "properties": {"patch_id": 55, "area_m2": 1285.9, "porosity_index_per_100m_edge": 2.13, "buildings_per_100m_perimeter": 10.66}}, {"type": "Feature", "geometry": {"type": "Polygon", "coordinates": [[[304572.9375994215, 2771173.5564225325], [304572.9493827716, 2771173.557144399], [304588.9730025587, 2771173.7440000298], [304609.5514636871, 2771173.983865531], [304609.5628390865, 2771173.9834731002], [304609.572292925, 2771173.9771628976], [304611.9717205479, 2771172.21182719], [304611.9805558115, 2771172.204676896], [304611.984310423, 2771172.193965516], [304620.4875690736, 2771143.8504361524], [304620.49039169203, 2771143.83908466], [304620.4845767297, 2771143.8289352846], [304618.88342710154, 2771141.320070719], [304618.8766667211, 2771141.310516818], [304618.8651746818, 2771141.308300322], [304613.9790464722, 2771140.6060066707], [304573.9422883922, 2771134.843768591], [304573.93056721485, 2771134.842671912], [304573.9296816723, 2771134.854410933], [304572.9373175226, 2771173.544620455], [304572.9375994215, 2771173.5564225325]]]}, "properties": {"patch_id": 56, "area_m2": 1538.5, "porosity_index_per_100m_edge": 0.0, "buildings_per_100m_perimeter": 12.79}}, {"type": "Feature", "geometry": {"type": "Polygon", "coordinates": [[[304564.91659323045, 2770618.669240035], [304564.91610185645, 2770618.6812764956], [304565.0069827914, 2770629.6349258944], [304565.007, 2770629.6390741835], [304565.007, 2770629.657728976], [304565.0075744725, 2770629.669425769], [304565.01927102794, 2770629.670005159], [304607.8076535162, 2770629.6879948094], [304607.8194137233, 2770629.6874186224], [304607.81989120546, 2770629.675653997], [304607.69510809134, 2770615.515266207], [304607.6944309858, 2770615.503578567], [304607.6827336946, 2770615.5030961214], [304597.4859923384, 2770615.58300006], [304567.7342781234, 2770615.816903471], [304567.7222496873, 2770615.817589423], [304567.71338865627, 2770615.825752513], [304564.9246102311, 2770618.6602486176], [304564.91659323045, 2770618.669240035]]]}, "properties": {"patch_id": 57, "area_m2": 595.7, "porosity_index_per_100m_edge": 0.0, "buildings_per_100m_perimeter": 10.72}}, {"type": "Feature", "geometry": {"type": "Polygon", "coordinates": [[[304564.6425931547, 2770584.5752402446], [304564.64209761214, 2770584.5872766078], [304564.7330001948, 2770596.0200242065], [304564.76299987163, 2770599.7469840525], [304564.82090199273, 2770606.9997237436], [304564.8215892188, 2770607.0117503563], [304564.8297512136, 2770607.0206100154], [304567.6632535444, 2770609.8083946654], [304567.6722398767, 2770609.8164075334], [304567.6842695954, 2770609.8169036135], [304607.63071849145, 2770609.50309648], [304607.6424195105, 2770609.5024291133], [304607.6428916205, 2770609.4907185934], [304607.39510827145, 2770581.4122691634], [304607.39443073684, 2770581.4005790534], [304607.38273077767, 2770581.400100942], [304602.29003220674, 2770581.441999737], [304595.61799312546, 2770581.496000045], [304588.8379887279, 2770581.5510000912], [304567.46026835067, 2770581.7249002014], [304567.44824924413, 2770581.7255884404], [304567.43939242925, 2770581.7337425435], [304564.6506133494, 2770584.5662515876], [304564.6425931547, 2770584.5752402446]]]}, "properties": {"patch_id": 58, "area_m2": 1194.3, "porosity_index_per_100m_edge": 0.0, "buildings_per_100m_perimeter": 9.39}}, {"type": "Feature", "geometry": {"type": "Polygon", "coordinates": [[[304215.0556654445, 2773001.339766822], [304215.06408616836, 2773001.3489114344], [304216.60629893764, 2773002.8614662657], [304216.61523708876, 2773002.8694162085], [304216.6271873109, 2773002.869949417], [304292.99200186325, 2773002.552999992], [304430.9250175298, 2773001.979999926], [304563.43263707135, 2773001.420052243], [304563.4447472083, 2773001.419401693], [304563.4536550088, 2773001.411171891], [304566.9363360562, 2772997.8588372227], [304566.94439538405, 2772997.8497588225], [304566.9447971453, 2772997.8376258635], [304566.91500998306, 2772996.0206089662], [304566.9149915003, 2772996.019390995], [304565.6849971087, 2772907.8898038696], [304564.9549996889, 2772858.3699790137], [304564.3551808152, 2772817.9121959866], [304564.35441989166, 2772817.9002487343], [304564.34629022225, 2772817.891461002], [304560.7936868865, 2772814.408516555], [304560.7847635244, 2772814.4005814237], [304560.7728347811, 2772814.4000355983], [304430.9249912162, 2772814.780000026], [304221.0573801317, 2772815.3999634283], [304221.0452531027, 2772815.400600253], [304221.0363314418, 2772815.408838833], [304215.4536581681, 2772821.101171761], [304215.4456034084, 2772821.1102410527], [304215.44519224635, 2772821.1223638444], [304217.5248110585, 2772954.867848698], [304217.5254031972, 2772954.877066661], [304217.5263556846, 2772954.900405064], [304217.5449629594, 2772955.967875042], [304217.54501897504, 2772955.972125207], [304217.555, 2772957.09], [304217.5650001802, 2772958.210020003], [304217.5749797107, 2772959.3177478844], [304217.575, 2772959.322252206], [304217.575, 2772960.437767904], [304217.57498007134, 2772960.4422320114], [304217.5650099643, 2772961.558884004], [304217.565, 2772961.5611160384], [304217.565, 2772962.677767904], [304217.5649800713, 2772962.6822320116], [304217.555, 2772963.8], [304217.5450202845, 2772964.9177281368], [304217.54495907074, 2772964.9222715735], [304217.52499928063, 2772966.030040284], [304217.5050398335, 2772967.1477693236], [304217.50494026166, 2772967.1522302306], [304217.4750596192, 2772968.267774216], [304217.45508092514, 2772969.385468186], [304217.4548364511, 2772969.394538482], [304217.415083029, 2772970.4976959443], [304217.3850594552, 2772971.6177803376], [304217.3849204092, 2772971.6222285437], [304217.345, 2772972.74], [304217.30508312164, 2772973.8576725945], [304217.3048952019, 2772973.8623265186], [304217.2549955228, 2772974.97010029], [304217.20509931084, 2772976.087775437], [304217.20488087967, 2772976.0922235795], [304217.1450064354, 2772977.209879873], [304217.08499356674, 2772978.320120088], [304216.9651265077, 2772980.5576385236], [304216.964851162, 2772980.5623601456], [304216.89499126264, 2772981.670139798], [304216.8251485994, 2772982.7876224103], [304216.8248287548, 2772982.792376028], [304216.7449885954, 2772983.9001596635], [304216.6651581226, 2772985.0177862835], [304216.6648222313, 2772985.022212233], [304216.5751646432, 2772986.137951107], [304216.4953211463, 2772987.2455440937], [304216.4945984652, 2772987.254457036], [304216.3952162872, 2772988.3575992123], [304216.3051926645, 2772989.4776023966], [304216.30478324834, 2772989.4824059433], [304216.205, 2772990.59], [304216.1051806379, 2772991.697994919], [304216.10480322136, 2772991.702003564], [304215.99502141244, 2772992.8197819823], [304215.885, 2772993.93], [304215.7753205176, 2772995.0367656862], [304215.7746374628, 2772995.043229877], [304215.66548809153, 2772996.0156515483], [304215.6646643946, 2772996.0243628705], [304215.6555745724, 2772996.142530559], [304215.6542019066, 2772996.157448872], [304215.5352623487, 2772997.2675514114], [304215.5347135448, 2772997.272445886], [304215.405, 2772998.38], [304215.275, 2772999.49], [304215.1451291526, 2773000.598897236], [304215.14486595016, 2773000.6011021878], [304215.05653653515, 2773001.3273662664], [304215.0556654445, 2773001.339766822]]]}, "properties": {"patch_id": 59, "area_m2": 65344.9, "porosity_index_per_100m_edge": 1.78, "buildings_per_100m_perimeter": 0.28}}, {"type": "Feature", "geometry": {"type": "Polygon", "coordinates": [[[304471.10563271854, 2768963.529857611], [304471.1121441684, 2768963.540079147], [304476.088022883, 2768970.560156532], [304476.09529147774, 2768970.569428539], [304476.10706469946, 2768970.569868961], [304542.37270252494, 2768969.8501335676], [304542.38474731793, 2768969.849409482], [304542.3935877383, 2768969.8411967987], [304545.1664359823, 2768966.9987788857], [304545.1744071512, 2768966.989762774], [304545.1748559729, 2768966.977736616], [304544.76514458423, 2768932.0923108193], [304544.7644084416, 2768932.080254048], [304544.7561721665, 2768932.071418239], [304541.90385595156, 2768929.2986090956], [304541.8947619217, 2768929.2906028554], [304541.8826513549, 2768929.290235036], [304529.2330117732, 2768929.530999776], [304516.1272169328, 2768929.7797681033], [304516.115188931, 2768929.7805854105], [304516.1049523887, 2768929.786953606], [304471.63517160795, 2768960.5629605795], [304471.625547598, 2768960.5703507285], [304471.6228596803, 2768960.582183358], [304471.1071376125, 2768963.5178320515], [304471.10563271854, 2768963.529857611]]]}, "properties": {"patch_id": 60, "area_m2": 2267.8, "porosity_index_per_100m_edge": 1.0, "buildings_per_100m_perimeter": 7.97}}, {"type": "Feature", "geometry": {"type": "Polygon", "coordinates": [[[304435.4455911105, 2771746.150230615], [304435.44523507654, 2771746.16222527], [304435.990999864, 2771774.5449929303], [304436.38476337964, 2771795.0476795244], [304436.38559068216, 2771795.059740844], [304436.3939056343, 2771795.068517025], [304439.1261213463, 2771797.6815087786], [304439.13523178245, 2771797.6894024885], [304439.1472821551, 2771797.689717321], [304490.3926810322, 2771796.510283526], [304490.40463107533, 2771796.5094181458], [304490.4105106724, 2771796.4989786553], [304491.5294899635, 2771794.2610200727], [304491.53431333724, 2771794.2500539166], [304491.5278375127, 2771794.2399749644], [304479.83270265214, 2771777.8707810817], [304479.8178791578, 2771777.8488260997], [304476.6456312478, 2771772.870990543], [304474.0398777774, 2771768.8241662453], [304474.0183144569, 2771768.7873096243], [304473.9999745413, 2771768.7487475346], [304473.98499179375, 2771768.7087612296], [304466.09912547225, 2771744.5726267616], [304466.09441132314, 2771744.560433304], [304466.08416980767, 2771744.552308353], [304463.6543170335, 2771742.826616995], [304463.6448339756, 2771742.8205140224], [304463.6335751731, 2771742.820254779], [304438.0972700328, 2771743.3897263724], [304438.0852578269, 2771743.3905852544], [304438.07651656173, 2771743.3988690493], [304435.4534519427, 2771746.141163878], [304435.4455911105, 2771746.150230615]]]}, "properties": {"patch_id": 61, "area_m2": 2207.9, "porosity_index_per_100m_edge": 2.05, "buildings_per_100m_perimeter": 8.19}}, {"type": "Feature", "geometry": {"type": "Polygon", "coordinates": [[[304350.5645895605, 2770764.986580257], [304350.5649745131, 2770764.9978955477], [304354.1680105553, 2770808.978922188], [304354.16951430053, 2770808.990406034], [304354.1810951519, 2770808.9902518205], [304437.42602107674, 2770803.8409060114], [304437.4729290927, 2770803.84020944], [304437.5196959187, 2770803.8439122974], [304451.1800185312, 2770805.5734829935], [304451.191808717, 2770805.5744002694], [304451.2008904968, 2770805.5668259063], [304453.9381077127, 2770803.05017574], [304453.94641813845, 2770803.0417590686], [304453.946490356, 2770803.029931205], [304452.7475510462, 2770774.6380492332], [304452.7463419957, 2770774.625284289], [304452.7378756215, 2770774.615654846], [304449.7391185917, 2770771.5443392275], [304449.72970031213, 2770771.5356500847], [304449.7169763316, 2770771.534131697], [304434.8958161055, 2770770.545987876], [304350.5759095439, 2770764.986785195], [304350.5645895605, 2770764.986580257]]]}, "properties": {"patch_id": 62, "area_m2": 3806.4, "porosity_index_per_100m_edge": 3.61, "buildings_per_100m_perimeter": 0.72}}, {"type": "Feature", "geometry": {"type": "Polygon", "coordinates": [[[304409.5056001551, 2772657.160243271], [304409.5051219161, 2772657.1723450916], [304409.7019999631, 2772677.1079962654], [304409.78487959993, 2772685.5077975276], [304409.7855818694, 2772685.519753793], [304409.793674566, 2772685.5285829334], [304412.616309507, 2772688.321401308], [304412.62524052954, 2772688.329413099], [304412.63722543756, 2772688.3299732776], [304430.9251900105, 2772688.2899994403], [304437.7026980473, 2772688.2700362355], [304437.71475176426, 2772688.269407141], [304437.723657705, 2772688.2612602315], [304439.81633240357, 2772686.148749754], [304439.8244032722, 2772686.139757048], [304439.8249090175, 2772686.127684275], [304439.6050903657, 2772656.3722322267], [304439.60441476497, 2772656.360246572], [304439.59630957013, 2772656.35139117], [304437.4836846577, 2772654.258603112], [304437.47475914616, 2772654.2505866447], [304437.46277558344, 2772654.2500186632], [304430.92542433576, 2772654.259999352], [304412.3273068366, 2772654.3199603227], [304412.31524870405, 2772654.3205932532], [304412.3063440247, 2772654.3287483878], [304409.51368324924, 2772657.1512240474], [304409.5056001551, 2772657.160243271]]]}, "properties": {"patch_id": 63, "area_m2": 1010.5, "porosity_index_per_100m_edge": 0.0, "buildings_per_100m_perimeter": 13.07}}, {"type": "Feature", "geometry": {"type": "Polygon", "coordinates": [[[304344.2656074058, 2772000.350226687], [304344.2654692616, 2772000.3623434403], [304346.5345381104, 2772060.0478504742], [304346.5355706262, 2772060.059740376], [304346.54385604966, 2772060.068330348], [304348.7161479955, 2772062.111673457], [304348.7252241487, 2772062.119415179], [304348.7371495905, 2772062.1197228986], [304359.77400884655, 2772061.867999798], [304385.522727282, 2772061.280280127], [304385.5347416877, 2772061.2794146184], [304385.543479134, 2772061.2711229282], [304388.2965233788, 2772058.388874441], [304388.30440379673, 2772058.379768864], [304388.30472029676, 2772058.367730913], [304386.9752798249, 2772000.0522744264], [304386.974414453, 2772000.040258404], [304386.9661210109, 2772000.031520412], [304384.0938798781, 2771997.288480437], [304384.08476877515, 2771997.2805969478], [304384.07272448536, 2771997.280286006], [304346.3274227805, 2771998.159710563], [304346.315268238, 2771998.160599291], [304346.30650813173, 2771998.169071801], [304344.2734414337, 2772000.340982078], [304344.2656074058, 2772000.350226687]]]}, "properties": {"patch_id": 64, "area_m2": 2691.9, "porosity_index_per_100m_edge": 0.0, "buildings_per_100m_perimeter": 12.58}}, {"type": "Feature", "geometry": {"type": "Polygon", "coordinates": [[[304289.82562469767, 2771121.753824338], [304289.8330300158, 2771121.7632489125], [304292.4389711001, 2771124.764752373], [304292.4472615798, 2771124.7734063445], [304292.4592426436, 2771124.7736845245], [304315.95132039784, 2771124.1683267355], [304315.96359450324, 2771124.167386088], [304315.96927710465, 2771124.1564660915], [304317.3106057025, 2771121.224790051], [304317.31533647125, 2771121.2128504394], [304317.31618533994, 2771121.2000358403], [304317.64282134536, 2771098.3524965355], [304317.6423805203, 2771098.3401487167], [304317.6358326078, 2771098.3260772913], [304317.63374918833, 2771098.3222055426], [304317.6170810401, 2771098.2838569353], [304317.60367542045, 2771098.244249711], [304316.99351262563, 2771096.158010202], [304316.9895211687, 2771096.1465288615], [304316.9777009279, 2771096.1436943], [304308.81801279826, 2771094.614002399], [304297.65220939304, 2771092.520289398], [304297.640138105, 2771092.518641438], [304297.6298146103, 2771092.525111141], [304294.37018162245, 2771094.8008914893], [304294.3605540744, 2771094.8083504857], [304294.35793910915, 2771094.8202453726], [304289.8270328143, 2771121.7419214523], [304289.82562469767, 2771121.753824338]]]}, "properties": {"patch_id": 65, "area_m2": 765.1, "porosity_index_per_100m_edge": 0.0, "buildings_per_100m_perimeter": 4.68}}, {"type": "Feature", "geometry": {"type": "Polygon", "coordinates": [[[304183.0856166013, 2770748.8814226952], [304183.0976422906, 2770748.882741939], [304308.0572393179, 2770756.2162511135], [304308.0697980423, 2770756.21634531], [304308.08012124634, 2770756.209192547], [304311.22687939735, 2770753.781806957], [304311.2364181198, 2770753.773638481], [304311.239515769, 2770753.761468198], [304313.69466127164, 2770741.5316499094], [304313.69640810793, 2770741.520138317], [304313.68974057515, 2770741.510593045], [304311.2602615221, 2770738.3624096727], [304311.2527160475, 2770738.3535378645], [304311.24113415595, 2770738.3523118254], [304303.21800089563, 2770737.887000052], [304183.2259053759, 2770730.9276904888], [304183.21453785786, 2770730.927574074], [304183.2139143227, 2770730.9389250777], [304183.0850909842, 2770748.8693362777], [304183.0856166013, 2770748.8814226952]]]}, "properties": {"patch_id": 66, "area_m2": 2321.3, "porosity_index_per_100m_edge": 3.77, "buildings_per_100m_perimeter": 1.03}}, {"type": "Feature", "geometry": {"type": "Polygon", "coordinates": [[[304207.4366335144, 2770987.2394832373], [304207.4485134542, 2770987.2422134145], [304224.9899877691, 2770990.3449978363], [304260.04701291036, 2770996.5468793833], [304260.05849456775, 2770996.548338601], [304260.06010213774, 2770996.5368767735], [304263.88191055664, 2770954.4979835916], [304263.88239781786, 2770954.486536117], [304263.87097084284, 2770954.4856957817], [304249.4914969768, 2770954.1220378587], [304209.9625717161, 2770953.359242598], [304209.950288381, 2770953.3596233972], [304209.9420452272, 2770953.3687380725], [304208.31143153686, 2770955.3649024623], [304208.3045383034, 2770955.374200219], [304208.3036801404, 2770955.385742679], [304207.43634601764, 2770987.2272970057], [304207.4366335144, 2770987.2394832373]]]}, "properties": {"patch_id": 67, "area_m2": 2066.7, "porosity_index_per_100m_edge": 2.17, "buildings_per_100m_perimeter": 4.35}}, {"type": "Feature", "geometry": {"type": "Polygon", "coordinates": [[[303785.3556036003, 2769576.811896268], [303785.36207990657, 2769576.821456808], [303791.3409195324, 2769584.807542442], [303791.34826956363, 2769584.8164499453], [303791.3598126675, 2769584.8168013445], [304030.92362954357, 2769580.788023047], [304231.0758050708, 2769576.3242719686], [304231.0877468974, 2769576.323421708], [304231.0964737529, 2769576.315225846], [304236.6365491517, 2769570.578750437], [304236.6444168465, 2769570.5697679054], [304236.64487321174, 2769570.5578356697], [304234.7800035137, 2769391.6383371064], [304232.0430020935, 2769159.1291778428], [304231.3450143042, 2769096.021293306], [304231.02401602606, 2769076.248987127], [304231.0239878707, 2769076.2470126436], [304229.88499912136, 2768983.52993007], [304228.310002137, 2768858.1751700835], [304227.1251406953, 2768758.4718391825], [304227.12445375876, 2768758.4602558557], [304227.1159947246, 2768758.452312931], [304221.05401730526, 2768753.277697338], [304221.0448329064, 2768753.2705813916], [304221.0332718023, 2768753.2717350046], [304009.24785057147, 2768784.602098957], [304009.2353462925, 2768784.604618333], [304009.2266648991, 2768784.6139637986], [304004.1102019584, 2768790.7301953603], [304004.10264621885, 2768790.740227707], [304004.1022436409, 2768790.7527806023], [304005.6500000371, 2768871.9430019446], [304005.8210291812, 2768880.9081110335], [304005.8194248087, 2768880.9587873947], [304005.8126965336, 2768881.009040732], [304003.84212048753, 2768891.608215774], [304003.8347419642, 2768891.641532295], [304001.55643342645, 2768900.4873171737], [303998.013574078, 2768914.649705146], [303998.01240411954, 2768914.654289741], [303991.6608687952, 2768939.0608189325], [303991.6569189336, 2768939.075122449], [303983.732177705, 2768966.1975468053], [303983.7275919097, 2768966.2123819795], [303973.01102380635, 2768999.063927022], [303962.70845399046, 2769030.6136097396], [303962.7075378761, 2769030.616387605], [303948.8465661242, 2769072.2363001164], [303924.23812946584, 2769147.9326017587], [303924.2378698011, 2769147.9333982253], [303873.20719579305, 2769304.0154011487], [303835.22912788327, 2769421.173605494], [303835.22887146776, 2769421.1743942774], [303813.41792591196, 2769488.0802280097], [303804.30142738984, 2769516.1366846873], [303804.3005871956, 2769516.139319938], [303795.61693991325, 2769543.9051926723], [303787.55199637, 2769569.766011642], [303785.3585165299, 2769576.8007221348], [303785.3556036003, 2769576.811896268]]]}, "properties": {"patch_id": 68, "area_m2": 259975.4, "porosity_index_per_100m_edge": 1.21, "buildings_per_100m_perimeter": 0.0}}, {"type": "Feature", "geometry": {"type": "Polygon", "coordinates": [[[303794.1445742364, 2770779.3737535896], [303794.14415193343, 2770779.3852652633], [303794.3018586462, 2770792.116588812], [303794.3025117906, 2770792.127832046], [303794.3089186971, 2770792.137075619], [303796.72007137653, 2770795.2999113603], [303796.72731138894, 2770795.3085585246], [303796.73798473564, 2770795.3121535215], [303814.3769902425, 2770800.3759971987], [303873.5442161997, 2770817.3631521147], [303873.5826101733, 2770817.3758773035], [303873.61984994943, 2770817.3916642196], [303885.1177409777, 2770822.824601335], [303885.1202539893, 2770822.8257717737], [303888.45566968695, 2770824.3567991434], [303888.46657724754, 2770824.36116175], [303888.4695532216, 2770824.3497973024], [303888.9787124228, 2770821.916355631], [303890.5383591103, 2770814.464632223], [303890.53864988696, 2770814.4632526455], [303890.5533825383, 2770814.3938392843], [303890.5691597633, 2770814.3365250705], [303891.6548724141, 2770811.147077193], [303891.6766114031, 2770811.0935674417], [303891.7043761677, 2770811.0429216623], [303893.4769254397, 2770808.2110124105], [303893.51034550037, 2770808.163906395], [303893.5489749163, 2770808.1209687036], [303895.9486677933, 2770805.7452460476], [303895.99190186226, 2770805.7071195925], [303905.42068936425, 2770798.313143239], [303905.4607007219, 2770798.284820529], [303924.3066045873, 2770786.286251746], [303924.30739050475, 2770786.285752406], [303924.3233818111, 2770786.275613067], [303924.4384055477, 2770786.2025254844], [303924.4585011136, 2770786.1904089013], [303931.95298946905, 2770781.9081391287], [303931.9940556057, 2770781.8871252774], [303939.8409623095, 2770778.3184984387], [303939.8838204885, 2770778.301348307], [303948.02506482316, 2770775.4720851905], [303948.07373763213, 2770775.4578916077], [303958.14875855215, 2770773.0667533036], [303958.1976933112, 2770773.057685098], [303966.3711555316, 2770771.9604557795], [303966.39289717656, 2770771.9580200436], [303973.42089900316, 2770771.326009082], [303980.4577098661, 2770770.6960830903], [303980.46731382806, 2770770.695035927], [303984.51864179707, 2770770.1739025163], [303984.5430420312, 2770770.1695238682], [303990.89803797123, 2770768.700353758], [303990.9272482791, 2770768.691693594], [303997.0618317381, 2770766.4576105266], [303997.07599570625, 2770766.4519571564], [304004.2211278585, 2770763.344119181], [304004.23077770276, 2770763.3396757124], [304005.4839748134, 2770762.730012253], [304012.7810357129, 2770759.1809826232], [304020.07695311046, 2770755.631022815], [304031.05488427205, 2770750.2924056286], [304031.07409591664, 2770750.2818587404], [304031.0868396878, 2770750.2738388944], [304031.1215687894, 2770750.255615454], [304031.717845821, 2770749.9719760763], [304031.72618982766, 2770749.968100696], [304032.3822264782, 2770749.670710588], [304032.38980134035, 2770749.6673521847], [304033.05132129305, 2770749.3805946563], [304033.05870379845, 2770749.3774645473], [304033.7234688436, 2770749.1018784437], [304033.7325671627, 2770749.0982108023], [304034.40296445467, 2770748.8355809352], [304034.41106232506, 2770748.832489267], [304035.08623614674, 2770748.5813997346], [304035.093785866, 2770748.5786608947], [304035.7728060859, 2770748.338483437], [304035.78121964354, 2770748.3355914196], [304036.46467581455, 2770748.1074434784], [304036.47334976227, 2770748.1046356144], [304037.15985979897, 2770747.8892986528], [304037.168162157, 2770747.886773384], [304037.8592477837, 2770747.6831058036], [304037.8667690238, 2770747.680953049], [304038.5605075701, 2770747.4882478975], [304038.56951494294, 2770747.4858360915], [304039.2668927655, 2770747.3060588054], [304039.2751245998, 2770747.304011027], [304039.97555120254, 2770747.1360667073], [304039.9844675677, 2770747.134014876], [304040.68792871095, 2770746.9788977425], [304040.69608570455, 2770746.9771702704], [304041.4018481078, 2770746.8338431716], [304041.41016554175, 2770746.832227313], [304041.6549376047, 2770746.786823295], [304042.1182888879, 2770746.7008738886], [304042.1277270005, 2770746.699216556], [304042.8371626083, 2770746.581636002], [304042.8448468289, 2770746.580423775], [304043.557203867, 2770746.473718422], [304043.5668091216, 2770746.472374748], [304044.27324250335, 2770746.380528637], [304044.3082317553, 2770746.374280676], [304044.3082625161, 2770746.3744529397], [304044.33610141417, 2770746.3699764893], [304055.30799455836, 2770745.0240006675], [304066.3291331698, 2770743.6721063284], [304067.4616526887, 2770743.5291700456], [304067.4643460506, 2770743.528815225], [304068.61225370964, 2770743.3712397167], [304069.7617225414, 2770743.2051845454], [304069.7642781031, 2770743.204801827], [304070.909255167, 2770743.02727054], [304072.0557097417, 2770742.841209399], [304072.05829069484, 2770742.8407766107], [304073.1988841741, 2770742.643366201], [304073.65827432566, 2770742.5597863263], [304073.66575092654, 2770742.5583075145], [304081.3834345054, 2770740.9090190013], [304081.3908960655, 2770740.9073045645], [304083.1107661723, 2770740.4843034595], [304083.11323066754, 2770740.483684018], [304083.4058522707, 2770740.408551444], [304084.5287832382, 2770740.109590175], [304085.6482960268, 2770739.8004705007], [304086.7656933465, 2770739.4833708075], [304086.76830516674, 2770739.482614196], [304087.87909933564, 2770739.154266234], [304103.5429813246, 2770734.4600055967], [304113.0875837066, 2770731.6004203483], [304113.09842931456, 2770731.59659906], [304113.09834698646, 2770731.58510024], [304112.1976864342, 2770715.17250878], [304112.19645113003, 2770715.160778369], [304112.1849870248, 2770715.1635537352], [304093.3499170235, 2770720.735432897], [304081.3433667158, 2770724.391929258], [304081.3164261718, 2770724.3993180064], [304074.18438110297, 2770726.142685448], [304074.14765109646, 2770726.150216582], [304063.99951916834, 2770727.837251284], [304063.97841583716, 2770727.8402986447], [304059.9725989884, 2770728.331800134], [304052.7839708643, 2770729.2138228365], [304043.88082248345, 2770730.3084656703], [304043.86496348784, 2770730.3109347564], [304035.6527511199, 2770731.8610634785], [304033.74753707094, 2770732.2206897205], [304033.71311203577, 2770732.229770916], [304027.6986600374, 2770734.285015559], [304027.67578860116, 2770734.294112416], [304026.93674476154, 2770734.631117601], [304026.9325625568, 2770734.6330715334], [304010.80243769154, 2770742.351312067], [303997.5425378077, 2770748.8003612095], [303997.5232737379, 2770748.8092302918], [303996.2109688936, 2770749.3799976], [303990.88502211333, 2770751.697159113], [303990.8484180275, 2770751.7114020605], [303985.2969417644, 2770753.624056207], [303984.9818318908, 2770753.7326212227], [303984.94258362474, 2770753.744368213], [303984.9025054036, 2770753.7528625857], [303978.896343206, 2770754.770721923], [303978.8574594106, 2770754.7757523544], [303965.07602778287, 2770756.011638798], [303965.06798601296, 2770756.0124912923], [303965.0591945119, 2770756.013567328], [303957.937661158, 2770756.8852133616], [303957.92250686046, 2770756.887541955], [303952.00172081986, 2770757.9841798684], [303951.9889099736, 2770757.9869016176], [303945.7088256253, 2770759.4941218495], [303945.6933114111, 2770759.4983777045], [303938.8983712569, 2770761.5997204306], [303938.8837833816, 2770761.6047298997], [303932.875223457, 2770763.877645793], [303932.8629106064, 2770763.8826819756], [303929.8721153915, 2770765.199929763], [303929.8649881925, 2770765.2032032614], [303925.47515234357, 2770767.3034460386], [303925.4704242438, 2770767.3057696545], [303922.4292009885, 2770768.840366392], [303922.4150482769, 2770768.848090339], [303915.68522937066, 2770772.807862385], [303915.677749262, 2770772.812442144], [303902.5794150902, 2770781.1514041354], [303896.0264030813, 2770785.3480569795], [303896.0069515103, 2770785.361866368], [303886.2050807883, 2770793.049874804], [303886.1876119357, 2770793.064928746], [303881.9568961656, 2770797.06547901], [303881.95026680664, 2770797.072242363], [303881.9441695139, 2770797.079489055], [303881.93872528773, 2770797.086481973], [303881.9356392485, 2770797.090530246], [303879.79979367054, 2770799.9523062157], [303879.7698001028, 2770799.988767265], [303879.7365012508, 2770800.0222367835], [303879.7001940101, 2770800.0524163544], [303879.6612020991, 2770800.0790368933], [303879.61987317336, 2770800.10186105], [303879.5765757251, 2770800.1206853213], [303879.5316957982, 2770800.135341869], [303879.4856335462, 2770800.1457000137], [303879.4387996642, 2770800.151667401], [303879.3916117272, 2770800.153190826], [303872.49305170844, 2770800.0500007733], [303865.5018229086, 2770799.944013042], [303865.4576243984, 2770799.9413823336], [303865.41383191413, 2770799.9348518476], [303865.37078886403, 2770799.9244727935], [303794.15578542836, 2770779.3764005173], [303794.1445742364, 2770779.3737535896]]]}, "properties": {"patch_id": 69, "area_m2": 5438.3, "porosity_index_per_100m_edge": 1.8, "buildings_per_100m_perimeter": 2.21}}, {"type": "Feature", "geometry": {"type": "Polygon", "coordinates": [[[303952.6975792054, 2769761.856569935], [303952.6970979191, 2769761.868272533], [303952.702958864, 2769762.6028442895], [303952.7032536907, 2769762.6131496294], [303952.7894096232, 2769764.362016029], [303952.7905437383, 2769764.3736460423], [303952.80071964057, 2769764.379390123], [304012.04090355866, 2769794.1669458533], [304012.04511586507, 2769794.169014611], [304026.42355687014, 2769801.063840326], [304026.47664436075, 2769801.0933911335], [304028.90786665207, 2769802.6473580836], [304028.91608072084, 2769802.6527225077], [304030.9250643043, 2769803.9930428728], [304044.4930102169, 2769813.039006811], [304077.68179665884, 2769835.1645311583], [304077.6921149463, 2769835.171597888], [304079.67269279266, 2769836.56474984], [304079.68307685823, 2769836.57129798], [304079.694631753, 2769836.567151744], [304083.6808534924, 2769834.905646], [304083.69140529726, 2769834.900636978], [304083.69103760005, 2769834.888962399], [304080.78011024016, 2769798.479378872], [304080.77989739116, 2769798.4766205414], [304080.4069299166, 2769793.4625016595], [304080.4054425209, 2769793.450605008], [304080.39346415875, 2769793.4500937564], [304033.44338420784, 2769793.8012351706], [304033.39414820325, 2769793.799174912], [304033.34535413963, 2769793.792277944], [304033.29747598857, 2769793.780611262], [304033.2509788248, 2769793.7642881935], [304033.2063143085, 2769793.7434672955], [304033.1639162981, 2769793.718350816], [304033.1241966358, 2769793.6891827304], [304033.0875411471, 2769793.6562463683], [304033.0543058929, 2769793.619861664], [304033.02481371106, 2769793.5803820486], [304032.9993510803, 2769793.538191016], [304032.97816533723, 2769793.4936983977], [304032.96146227425, 2769793.4473363818], [304032.94940414006, 2769793.399555316], [304032.94210806396, 2769793.350819333], [304032.939644918, 2769793.301601839], [304032.9170087094, 2769761.210347277], [304032.9164192125, 2769761.1985870623], [304032.9046533383, 2769761.198123962], [304030.92750984634, 2769761.2179748006], [304030.9235887292, 2769761.217998793], [304030.91751038353, 2769761.2180121494], [303952.70927251584, 2769761.855899902], [303952.6975792054, 2769761.856569935]]]}, "properties": {"patch_id": 70, "area_m2": 3218.0, "porosity_index_per_100m_edge": 0.0, "buildings_per_100m_perimeter": 9.86}}, {"type": "Feature", "geometry": {"type": "Polygon", "coordinates": [[[304042.41558916034, 2772569.7015716834], [304042.4152214443, 2772569.7133179926], [304042.7729997308, 2772589.614985026], [304043.0247807178, 2772603.665762834], [304043.0255613787, 2772603.677420749], [304043.0372380293, 2772603.677835792], [304080.87267908064, 2772603.1701653204], [304080.88474431075, 2772603.1694078958], [304080.89356832125, 2772603.1611447013], [304082.9664487881, 2772601.018837616], [304082.97440252197, 2772601.009764478], [304082.97477930156, 2772600.9977045516], [304082.4552192133, 2772572.052212709], [304082.4544190623, 2772572.040251624], [304082.44624171423, 2772572.0314858477], [304079.59377861844, 2772569.2585339183], [304079.58476427296, 2772569.2505909293], [304079.5727578616, 2772569.2501485394], [304042.4273190778, 2772569.7008505273], [304042.41558916034, 2772569.7015716834]]]}, "properties": {"patch_id": 71, "area_m2": 1351.7, "porosity_index_per_100m_edge": 1.38, "buildings_per_100m_perimeter": 8.97}}, {"type": "Feature", "geometry": {"type": "Polygon", "coordinates": [[[303973.79860391875, 2770248.9582456574], [303973.7981227081, 2770248.970384381], [303974.079879366, 2770277.406824943], [303974.0805793064, 2770277.4187554475], [303974.08864040795, 2770277.427578459], [303977.00028694625, 2770280.318349416], [303977.0092427468, 2770280.326407742], [303977.02127793117, 2770280.326952913], [303991.6110175072, 2770280.270999932], [304014.4766269205, 2770280.1820481336], [304014.48840681533, 2770280.1814188105], [304014.4887953947, 2770280.1696285177], [304014.3169997287, 2770269.781983663], [304014.2580003627, 2770266.2290218454], [304013.9132032801, 2770245.3543069917], [304013.91243187216, 2770245.3425897993], [304013.90069402574, 2770245.3422573716], [303976.6299889811, 2770246.1217492586], [303976.61823965696, 2770246.1225596988], [303976.6095446773, 2770246.130503296], [303973.806732701, 2770248.9492177516], [303973.79860391875, 2770248.9582456574]]]}, "properties": {"patch_id": 72, "area_m2": 1381.0, "porosity_index_per_100m_edge": 0.0, "buildings_per_100m_perimeter": 12.31}}, {"type": "Feature", "geometry": {"type": "Polygon", "coordinates": [[[303931.4105859081, 2771397.126234268], [303931.410119748, 2771397.138195116], [303932.2838799018, 2771486.1217692257], [303932.28458452184, 2771486.1337520787], [303932.29270983126, 2771486.142587502], [303934.4112963849, 2771488.231418627], [303934.4202394305, 2771488.2394129867], [303934.43222254835, 2771488.2399539575], [303980.59774044884, 2771488.0660461825], [303980.60975388833, 2771488.0654113335], [303980.6186443173, 2771488.057306637], [303982.71635712817, 2771485.947691909], [303982.7244101758, 2771485.9387572706], [303982.7249784356, 2771485.9267424303], [303982.5670218371, 2771396.141412596], [303982.56639636157, 2771396.1292544184], [303982.55813037127, 2771396.1203165343], [303980.4318768104, 2771394.0386904967], [303980.42275822134, 2771394.0306100235], [303980.4105798461, 2771394.0302496045], [303933.512189818, 2771394.9727550247], [303933.5002514733, 2771394.9735783227], [303933.49150770553, 2771394.9817482824], [303931.4184946832, 2771397.117249257], [303931.4105859081, 2771397.126234268]]]}, "properties": {"patch_id": 73, "area_m2": 4748.7, "porosity_index_per_100m_edge": 6.34, "buildings_per_100m_perimeter": 7.75}}, {"type": "Feature", "geometry": {"type": "Polygon", "coordinates": [[[303911.56558896764, 2771749.970238329], [303911.5650849055, 2771749.982235021], [303911.87000036915, 2771793.921051661], [303911.88500029704, 2771796.0200406364], [303912.03491050645, 2771816.527757287], [303912.03558623523, 2771816.539752829], [303912.0437029795, 2771816.5486110467], [303914.866310404, 2771819.3414021954], [303914.8752405006, 2771819.3494132366], [303914.8872241834, 2771819.349974265], [303919.6247331687, 2771819.3400005614], [303919.6252676635, 2771819.3399997223], [303938.9242854414, 2771819.3200007402], [303938.92571432114, 2771819.320001301], [303949.8926751219, 2771819.3399775503], [303949.9047531865, 2771819.3394037955], [303949.91370268515, 2771819.331272661], [303953.42628725903, 2771815.808737423], [303953.43440152326, 2771815.7997545446], [303953.43493138097, 2771815.7876610477], [303953.3250004101, 2771796.0200737403], [303953.08506464685, 2771750.4622748145], [303953.08441026154, 2771750.4502479397], [303953.07627431094, 2771750.441366484], [303950.25372392475, 2771747.6486317706], [303950.24475839396, 2771747.640592065], [303950.2327276563, 2771747.640063744], [303913.67734043027, 2771747.8299359027], [303913.66525196773, 2771747.83059594], [303913.6563565887, 2771747.8388080476], [303911.5735696748, 2771749.9612670937], [303911.56558896764, 2771749.970238329]]]}, "properties": {"patch_id": 74, "area_m2": 2952.1, "porosity_index_per_100m_edge": 1.37, "buildings_per_100m_perimeter": 13.67}}, {"type": "Feature", "geometry": {"type": "Polygon", "coordinates": [[[303794.1806113597, 2770929.687385671], [303794.1818061629, 2770929.6987800607], [303794.9231938199, 2770934.5342198266], [303794.92546773475, 2770934.5454488625], [303794.9369170888, 2770934.545866381], [303864.12181409885, 2770933.7701366334], [303864.1334329381, 2770933.7694392605], [303864.134, 2770933.7578133345], [303864.134, 2770908.5892648017], [303864.13343525934, 2770908.5777603164], [303864.1222581843, 2770908.580543325], [303794.1914095319, 2770929.6835569483], [303794.1806113597, 2770929.687385671]]]}, "properties": {"patch_id": 75, "area_m2": 1049.6, "porosity_index_per_100m_edge": 5.8, "buildings_per_100m_perimeter": 2.32}}, {"type": "Feature", "geometry": {"type": "Polygon", "coordinates": [[[303692.59258104186, 2771455.8192329286], [303692.59209057165, 2771455.8311495357], [303692.7389084837, 2771475.52572374], [303692.73958934634, 2771475.5377506707], [303692.74774660036, 2771475.5466146343], [303695.58025269036, 2771478.3363846675], [303695.58924036374, 2771478.3444068218], [303695.6012772287, 2771478.3449040945], [303723.7519985306, 2771478.1250000116], [303758.956699357, 2771477.8500960525], [303758.968416421, 2771477.8494274234], [303758.9688619302, 2771477.8376997607], [303758.70513885346, 2771454.343370054], [303758.7044027427, 2771454.3312574667], [303758.6961016388, 2771454.322406004], [303755.11789439345, 2771450.8665901637], [303755.10876358434, 2771450.8586052377], [303755.09663801274, 2771450.858287084], [303696.08514901047, 2771452.2287178617], [303696.0732507881, 2771452.229573847], [303696.06454050285, 2771452.237724388], [303692.6004578191, 2771455.810277343], [303692.59258104186, 2771455.8192329286]]]}, "properties": {"patch_id": 76, "area_m2": 1741.2, "porosity_index_per_100m_edge": 5.01, "buildings_per_100m_perimeter": 4.45}}, {"type": "Feature", "geometry": {"type": "Polygon", "coordinates": [[[303703.6755994695, 2772523.070234363], [303703.67526058154, 2772523.0823075688], [303704.07299990096, 2772541.867995322], [303704.4547410193, 2772559.917754687], [303704.45558322436, 2772559.9297444266], [303704.4638276182, 2772559.9384904522], [303707.32619795436, 2772562.691534144], [303707.3352319205, 2772562.6994111687], [303707.3472110959, 2772562.6998105044], [303723.43274879927, 2772562.450190118], [303723.4447474243, 2772562.4494149154], [303723.4535406376, 2772562.4412144697], [303726.2264681879, 2772559.588776452], [303726.23440940253, 2772559.579764339], [303726.234853861, 2772559.5677608573], [303725.79514696106, 2772522.74230799], [303725.79440875404, 2772522.730253987], [303725.786174038, 2772522.721420344], [303723.65381173673, 2772520.648565828], [303723.644763276, 2772520.640596001], [303723.63271238015, 2772520.640185448], [303705.76733191614, 2772520.909813884], [303705.75525739347, 2772520.9105927343], [303705.7464450933, 2772520.9188839416], [303703.6835389561, 2772523.0611326224], [303703.6755994695, 2772523.070234363]]]}, "properties": {"patch_id": 77, "area_m2": 905.1, "porosity_index_per_100m_edge": 0.0, "buildings_per_100m_perimeter": 11.5}}, {"type": "Feature", "geometry": {"type": "Polygon", "coordinates": [[[303660.34473844705, 2770507.791023586], [303660.3499653856, 2770507.8023927435], [303667.4399986971, 2770521.3429975114], [303677.58223345334, 2770540.7129868506], [303677.5883195315, 2770540.7233250206], [303677.6001733107, 2770540.7214794825], [303702.30384622846, 2770535.6065164716], [303702.3153966698, 2770535.6035203137], [303702.3157123164, 2770535.591591774], [303701.62427960365, 2770505.769059725], [303701.6234343384, 2770505.757245263], [303701.6153881759, 2770505.748553015], [303699.49061301065, 2770503.664448149], [303699.4817656754, 2770503.6565704737], [303699.46993546054, 2770503.6559547675], [303662.9538568448, 2770503.519048203], [303662.9413607512, 2770503.519644309], [303662.9343213578, 2770503.529986199], [303660.35068024875, 2770507.780011158], [303660.34473844705, 2770507.791023586]]]}, "properties": {"patch_id": 78, "area_m2": 1191.8, "porosity_index_per_100m_edge": 1.46, "buildings_per_100m_perimeter": 8.04}}, {"type": "Feature", "geometry": {"type": "Polygon", "coordinates": [[[303629.5896460983, 2769774.743889776], [303629.5970399516, 2769774.7527921926], [303630.9249918601, 2769776.2049910985], [303647.7670215758, 2769794.6242743973], [303647.7753183054, 2769794.6325283614], [303647.78607682505, 2769794.6371346475], [303658.1079988861, 2769798.4899995844], [303682.99290092336, 2769807.778857016], [303683.0040946311, 2769807.7824411388], [303683.0158442914, 2769807.7827419825], [303699.42578318634, 2769807.425266132], [303699.4374217271, 2769807.424442501], [303699.43781919876, 2769807.412781623], [303698.87518277677, 2769769.39035188], [303698.87442703027, 2769769.3785961736], [303698.86265059514, 2769769.378307468], [303631.1689059825, 2769771.0637035724], [303631.1573678546, 2769771.0645418097], [303631.1523315551, 2769771.074956554], [303629.59367013973, 2769774.733039468], [303629.5896460983, 2769774.743889776]]]}, "properties": {"patch_id": 79, "area_m2": 1954.7, "porosity_index_per_100m_edge": 0.0, "buildings_per_100m_perimeter": 11.53}}, {"type": "Feature", "geometry": {"type": "Polygon", "coordinates": [[[303671.84358737705, 2772459.574571153], [303671.8432010436, 2772459.5863090726], [303672.75479970744, 2772515.399736914], [303672.7555644801, 2772515.41141749], [303672.76726332016, 2772515.41181475], [303695.38274201617, 2772515.070185169], [303695.39474724646, 2772515.0694141854], [303695.40354516613, 2772515.061209518], [303697.4764125068, 2772512.928834024], [303697.4844005587, 2772512.9197625997], [303697.4847895941, 2772512.90768169], [303696.6052088417, 2772461.412226733], [303696.6044175581, 2772461.400251981], [303696.5962316505, 2772461.3914763485], [303694.46377343836, 2772459.318528598], [303694.45476444537, 2772459.3105901177], [303694.4427652189, 2772459.310142844], [303671.8553098784, 2772459.5738562797], [303671.84358737705, 2772459.574571153]]]}, "properties": {"patch_id": 80, "area_m2": 1376.5, "porosity_index_per_100m_edge": 0.0, "buildings_per_100m_perimeter": 9.46}}, {"type": "Feature", "geometry": {"type": "Polygon", "coordinates": [[[303635.9055570699, 2772098.1401554826], [303635.90668586135, 2772098.151487351], [303641.21500145015, 2772134.3220098782], [303642.23246617755, 2772141.252740198], [303642.23990917933, 2772141.2867398034], [303650.11175593553, 2772168.1289380696], [303650.11545607966, 2772168.139692594], [303650.124245796, 2772168.1468851673], [303652.92571583437, 2772170.23308626], [303652.93518028455, 2772170.2394753727], [303652.9465752754, 2772170.2399070263], [303657.91426133184, 2772170.200005933], [303658.8242318408, 2772170.190008441], [303658.8257692425, 2772170.189993914], [303677.7848209945, 2772170.040001416], [303679.1628384745, 2772170.030087493], [303679.1747578605, 2772170.029421319], [303679.1835997153, 2772170.0214002845], [303681.2863207517, 2772167.9186792485], [303681.2944090274, 2772167.9097552113], [303681.295, 2772167.8977256888], [303681.295, 2772165.892323494], [303681.00502017, 2772134.6921701743], [303680.34522051027, 2772097.992265403], [303680.3444141566, 2772097.9802549453], [303680.3361747337, 2772097.971479053], [303678.31492443243, 2772096.0199270993], [303677.47376557445, 2772095.2084562015], [303677.4647679073, 2772095.200584875], [303677.45282126754, 2772095.200144985], [303676.6253884797, 2772095.209995375], [303639.4751998312, 2772095.7099973103], [303637.90704028186, 2772095.7298475914], [303637.8952698375, 2772095.7305642734], [303637.88732289104, 2772095.7392765065], [303637.655200266, 2772096.019758012], [303635.9123911487, 2772098.131046154], [303635.9055570699, 2772098.1401554826]]]}, "properties": {"patch_id": 81, "area_m2": 2907.5, "porosity_index_per_100m_edge": 0.0, "buildings_per_100m_perimeter": 9.5}}, {"type": "Feature", "geometry": {"type": "Polygon", "coordinates": [[[303553.1396252251, 2769135.5612575347], [303553.1397309605, 2769135.573462159], [303553.240999037, 2769137.299983582], [303555.079001446, 2769168.67202464], [303555.1282663987, 2769169.511499433], [303555.129605726, 2769169.523772636], [303555.1366730625, 2769169.5338957775], [303557.5723250487, 2769172.6751017864], [303557.580371202, 2769172.6844696864], [303557.591927505, 2769172.688822844], [303559.6330150878, 2769173.3430048344], [303586.13199898717, 2769181.8339996752], [303630.92498852033, 2769196.1869963217], [303638.07749071514, 2769198.479311374], [303638.08895267395, 2769198.482382779], [303638.09981240536, 2769198.477599841], [303641.6561915038, 2769196.7013982064], [303641.6665353964, 2769196.6955916383], [303641.6709666393, 2769196.684588163], [303656.82803859137, 2769153.0783967883], [303656.8313749156, 2769153.0670625614], [303656.8258585053, 2769153.0566143584], [303654.8021431086, 2769149.6343883704], [303654.7956438567, 2769149.6245179316], [303654.7841010707, 2769149.6219822015], [303630.9249935789, 2769145.575998911], [303556.62317541277, 2769132.9770297436], [303556.13031736924, 2769132.893097611], [303556.1181879052, 2769132.8916509156], [303556.1086955389, 2769132.8993393457], [303553.14829617675, 2769135.5526680793], [303553.1396252251, 2769135.5612575347]]]}, "properties": {"patch_id": 82, "area_m2": 4376.1, "porosity_index_per_100m_edge": 1.78, "buildings_per_100m_perimeter": 7.48}}, {"type": "Feature", "geometry": {"type": "Polygon", "coordinates": [[[303630.1275825215, 2771114.2172351424], [303630.12706940813, 2771114.2291697958], [303630.3229296833, 2771148.5706709046], [303630.32359474455, 2771148.5827484336], [303630.33179813763, 2771148.5916373744], [303630.9248341258, 2771149.173837157], [303633.16621768643, 2771151.378362107], [303633.1752408701, 2771151.3864021525], [303633.1873176115, 2771151.386863166], [303652.4267683686, 2771151.1731358785], [303652.4387512637, 2771151.172415703], [303652.44757640583, 2771151.164277828], [303655.3134241344, 2771148.2497216226], [303655.32141167915, 2771148.2407611622], [303655.3219303411, 2771148.2287685885], [303655.12207050796, 2771113.135380493], [303655.12140039454, 2771113.12325478], [303655.11313679034, 2771113.1143556354], [303652.21486269246, 2771110.2876438606], [303652.20576030336, 2771110.2796057058], [303652.19362232584, 2771110.2792383907], [303633.63016872486, 2771110.6367656337], [303633.6182496683, 2771110.6375765633], [303633.6095033553, 2771110.645714346], [303630.92504802824, 2771113.398950741], [303630.1354983298, 2771114.20828868], [303630.1275825215, 2771114.2172351424]]]}, "properties": {"patch_id": 83, "area_m2": 1001.8, "porosity_index_per_100m_edge": 4.02, "buildings_per_100m_perimeter": 11.24}}, {"type": "Feature", "geometry": {"type": "Polygon", "coordinates": [[[303587.47559832834, 2771751.9402402276], [303587.47515240347, 2771751.9523192844], [303587.8949953235, 2771785.8896219824], [303587.8950041044, 2771785.890377979], [303588.00499909784, 2771796.019916919], [303588.02900060575, 2771798.3000563416], [303588.24486776366, 2771818.3777007973], [303588.2455907069, 2771818.3897472755], [303588.2538044297, 2771818.398588937], [303591.0962291895, 2771821.17144386], [303591.10523697734, 2771821.179408394], [303591.11725219834, 2771821.1798649514], [303617.40276625624, 2771820.890134846], [303617.41475118336, 2771820.889415486], [303617.4235774624, 2771820.8812759146], [303620.9164257477, 2771817.3287208206], [303620.9244118551, 2771817.3197612283], [303620.9249311002, 2771817.3077702946], [303620.8049998689, 2771796.019977112], [303620.5550704024, 2771752.372295076], [303620.554408467, 2771752.360249466], [303620.54624470155, 2771752.3513675826], [303617.7137606309, 2771749.5586376744], [303617.7047587502, 2771749.5505958265], [303617.69269771985, 2771749.550109334], [303589.58728237584, 2771749.7998908428], [303589.57525056234, 2771749.800589575], [303589.5663970244, 2771749.8087668414], [303587.48362914764, 2771751.9312064876], [303587.47559832834, 2771751.9402402276]]]}, "properties": {"patch_id": 84, "area_m2": 2329.0, "porosity_index_per_100m_edge": 2.48, "buildings_per_100m_perimeter": 12.88}}, {"type": "Feature", "geometry": {"type": "Polygon", "coordinates": [[[303532.0926026926, 2770218.3080710922], [303532.0960677486, 2770218.319038511], [303533.4709338996, 2770222.049965962], [303533.47541216435, 2770222.0605552983], [303533.4863106239, 2770222.0642175986], [303587.6745563788, 2770237.4794600913], [303587.6869024666, 2770237.482291218], [303587.698024994, 2770237.476230645], [303590.23296872113, 2770235.919773214], [303590.2434112255, 2770235.9125919845], [303590.2464684794, 2770235.90029283], [303594.77565502643, 2770212.58507139], [303594.77739740873, 2770212.5729434853], [303594.77794043353, 2770212.5607030964], [303594.67805932154, 2770191.9412463354], [303594.67741283437, 2770191.929245936], [303594.66931394074, 2770191.920367004], [303592.5586915875, 2770189.8226384902], [303592.5497574857, 2770189.8145895167], [303592.537745746, 2770189.814021842], [303551.04626680526, 2770189.8879781347], [303551.03431450966, 2770189.888586312], [303551.02719699795, 2770189.898207553], [303547.6890042532, 2770194.9069936182], [303532.0985245162, 2770218.298210925], [303532.0926026926, 2770218.3080710922]]]}, "properties": {"patch_id": 85, "area_m2": 2208.6, "porosity_index_per_100m_edge": 1.07, "buildings_per_100m_perimeter": 11.26}}, {"type": "Feature", "geometry": {"type": "Polygon", "coordinates": [[[303437.999585271, 2772881.1575613813], [303437.9992472037, 2772881.169261304], [303438.00396726927, 2772881.403376555], [303438.0040221858, 2772881.40662363], [303438.4948316755, 2772917.325681457], [303438.49557075615, 2772917.337410013], [303438.5073173536, 2772917.337760166], [303486.1551653009, 2772916.409996672], [303490.6126832637, 2772916.3202479878], [303490.62474051845, 2772916.319409887], [303490.63350833324, 2772916.3110909117], [303493.37649585906, 2772913.4389046985], [303493.3843992502, 2772913.4297680613], [303493.38468616846, 2772913.4176908345], [303493.29499700863, 2772909.89988476], [303492.68500620656, 2772886.4002391053], [303492.5953066584, 2772882.812266337], [303492.5944157139, 2772882.8002592186], [303492.5861117893, 2772882.791540875], [303489.7038606363, 2772880.0484328815], [303489.6947707743, 2772880.0405921903], [303489.6827708691, 2772880.0402694554], [303483.7953734766, 2772880.1699917708], [303482.0955159316, 2772880.20998786], [303482.09448358347, 2772880.2100110836], [303451.0179909391, 2772880.8770001945], [303438.0112609605, 2772881.156736303], [303437.999585271, 2772881.1575613813]]]}, "properties": {"patch_id": 86, "area_m2": 1976.2, "porosity_index_per_100m_edge": 1.68, "buildings_per_100m_perimeter": 7.84}}, {"type": "Feature", "geometry": {"type": "Polygon", "coordinates": [[[303439.3593300209, 2769353.973579744], [303439.36089396913, 2769353.9846427683], [303445.072168933, 2769384.4675643267], [303445.07399062667, 2769384.476402785], [303445.07922771334, 2769384.499678726], [303445.0841467118, 2769384.524445521], [303447.06699963176, 2769396.0199978654], [303451.0350110088, 2769419.0250637266], [303452.6109937853, 2769428.1479640254], [303452.7709501065, 2769429.0747109298], [303452.8419855502, 2769429.48340996], [303452.84452867927, 2769429.4948287643], [303452.84916322184, 2769429.505570376], [303453.09231505037, 2769430.0033615204], [303453.0985696897, 2769430.0146444407], [303453.1059575985, 2769430.0252200533], [303453.7016111952, 2769430.790226143], [303453.710508504, 2769430.800449112], [303453.72140960355, 2769430.808501266], [303454.53059148794, 2769431.340499452], [303454.5423041314, 2769431.347314914], [303454.55521523603, 2769431.3514307467], [303455.49183393386, 2769431.5945820184], [303455.5050674669, 2769431.597259104], [303455.51856687403, 2769431.5970162996], [303456.4843700784, 2769431.5269882726], [303456.49782418046, 2769431.5252699438], [303456.51058547886, 2769431.5206748466], [303457.40248528885, 2769431.1432952103], [303457.4146035358, 2769431.1373722497], [303457.4251592776, 2769431.1289752317], [303459.1873079884, 2769429.563609683], [303459.19642774784, 2769429.5546207707], [303459.201152117, 2769429.542719056], [303464.23900324956, 2769414.6419903873], [303480.55593535764, 2769366.375023581], [303480.55931536556, 2769366.363054931], [303480.55407028145, 2769366.351778313], [303478.38075980556, 2769362.2389001357], [303478.3745888924, 2769362.228497857], [303478.37318806583, 2769362.2279942427], [303440.9183108901, 2769351.8154224656], [303440.9060239343, 2769351.8126742807], [303440.8939614585, 2769351.816287131], [303440.7115121182, 2769351.881260473], [303440.701375948, 2769351.8853817517], [303440.69266883144, 2769351.8920084387], [303439.71100605064, 2769352.709842763], [303439.70180230256, 2769352.718338802], [303439.6978969054, 2769352.730240041], [303439.36178531405, 2769353.962656608], [303439.3593300209, 2769353.973579744]]]}, "properties": {"patch_id": 87, "area_m2": 1793.3, "porosity_index_per_100m_edge": 0.51, "buildings_per_100m_perimeter": 12.64}}, {"type": "Feature", "geometry": {"type": "Polygon", "coordinates": [[[303371.6555928082, 2772579.360237], [303371.65514732467, 2772579.3722622436], [303371.91699992964, 2772601.1669941423], [303372.09485131473, 2772615.987609841], [303372.09559896454, 2772615.999740787], [303372.10393068864, 2772616.008589586], [303374.9661016024, 2772618.761441472], [303374.9752347616, 2772618.769396399], [303374.98734267737, 2772618.769702879], [303441.0128105538, 2772617.180293433], [303441.0247461867, 2772617.179422617], [303441.03345755575, 2772617.171217154], [303443.0965715757, 2772615.0287525943], [303443.10441803775, 2772615.0197690544], [303443.1048666238, 2772615.0078497585], [303442.6951349648, 2772577.6822949625], [303442.6944097451, 2772577.6702525946], [303442.6861989596, 2772577.661413619], [303439.83380501764, 2772574.878590261], [303439.8247619313, 2772574.870596925], [303439.8126999638, 2772574.8701730524], [303375.15725216066, 2772575.779827621], [303375.1452517714, 2772575.7805855153], [303375.1364465451, 2772575.7887740307], [303371.66356026137, 2772579.351218987], [303371.6555928082, 2772579.360237]]]}, "properties": {"patch_id": 88, "area_m2": 3013.6, "porosity_index_per_100m_edge": 2.26, "buildings_per_100m_perimeter": 8.15}}, {"type": "Feature", "geometry": {"type": "Polygon", "coordinates": [[[303359.3055961076, 2771754.5502413064], [303359.30511135573, 2771754.562304801], [303359.3450008515, 2771758.970090471], [303359.5850019501, 2771784.4701915947], [303359.6248750099, 2771788.3877197187], [303359.62558906974, 2771788.3997487985], [303359.6337754802, 2771788.408591379], [303362.47617999534, 2771791.1913650306], [303362.4852400368, 2771791.1993988403], [303362.49734183605, 2771791.1998147564], [303367.8151537996, 2771791.119997597], [303369.4789513604, 2771791.09400076], [303400.19482805324, 2771790.6200026534], [303404.2527365212, 2771790.5601807884], [303404.2647471204, 2771790.559413587], [303404.2735490986, 2771790.551205766], [303407.04645170417, 2771787.698793408], [303407.054406801, 2771787.6897638203], [303407.05483503296, 2771787.6777374493], [303407.0250044913, 2771785.460333855], [303406.60500924644, 2771757.0606252383], [303406.5452100734, 2771753.6021495643], [303406.5444247493, 2771753.590247332], [303406.5363269228, 2771753.5814890363], [303404.413718694, 2771751.498555728], [303404.4047621188, 2771751.490586785], [303404.39278480253, 2771751.490069208], [303400.87515795015, 2771751.509999105], [303367.0952541417, 2771751.679998721], [303367.0947459077, 2771751.6800010204], [303362.1273219083, 2771751.699950515], [303362.1152501103, 2771751.7005944806], [303362.1063488138, 2771751.7087743348], [303359.31363945943, 2771754.5412375587], [303359.3055961076, 2771754.5502413064]]]}, "properties": {"patch_id": 89, "area_m2": 1845.7, "porosity_index_per_100m_edge": 2.39, "buildings_per_100m_perimeter": 7.78}}, {"type": "Feature", "geometry": {"type": "Polygon", "coordinates": [[[303353.4375810444, 2771487.0025712755], [303353.43711307016, 2771487.0142851425], [303353.5198876965, 2771496.0077981525], [303353.5220081552, 2771496.04431468], [303353.5218348096, 2771496.044324746], [303353.523, 2771496.0742625576], [303353.523, 2771496.335693698], [303353.76099986513, 2771522.133985383], [303353.8598881768, 2771532.922799975], [303353.86056309467, 2771532.934431875], [303353.87220053654, 2771532.9350033165], [303372.25514550164, 2771532.939999955], [303388.34965605574, 2771532.935003832], [303388.3614137161, 2771532.9344192753], [303388.36188621994, 2771532.9226565836], [303388.2300000196, 2771518.615002126], [303388.02200012206, 2771496.0200132574], [303387.9371122512, 2771486.7462631147], [303387.9364314477, 2771486.7345782663], [303387.924736747, 2771486.734095493], [303371.7560055785, 2771486.8599999566], [303353.4492852927, 2771487.0019047703], [303353.4375810444, 2771487.0025712755]]]}, "properties": {"patch_id": 90, "area_m2": 1589.5, "porosity_index_per_100m_edge": 0.62, "buildings_per_100m_perimeter": 9.93}}, {"type": "Feature", "geometry": {"type": "Polygon", "coordinates": [[[303335.3037017289, 2769738.666371962], [303335.3068348163, 2769738.6773360646], [303338.82881078304, 2769749.088616295], [303338.8336083156, 2769749.1006809482], [303338.8408059604, 2769749.1114867856], [303346.9187294062, 2769759.9636364756], [303346.9192698504, 2769759.9643639014], [303358.91052053176, 2769776.1349137197], [303358.918240015, 2769776.1442995565], [303358.93009361246, 2769776.1416206523], [303375.96162055206, 2769771.3824592195], [303375.9735903508, 2769771.378440869], [303375.9810297811, 2769771.3682389944], [303377.607968666, 2769768.8777633826], [303377.6143230687, 2769768.8668495035], [303377.6131914542, 2769768.854271326], [303376.43300132925, 2769760.5480093556], [303372.3156599931, 2769731.560686851], [303372.3134941711, 2769731.5493213492], [303372.30412600626, 2769731.5425314424], [303368.9778739409, 2769729.363468523], [303368.967907432, 2769729.357592074], [303368.9566228492, 2769729.360145994], [303335.3145342856, 2769738.662810555], [303335.3037017289, 2769738.666371962]]]}, "properties": {"patch_id": 91, "area_m2": 1272.6, "porosity_index_per_100m_edge": 1.41, "buildings_per_100m_perimeter": 8.45}}, {"type": "Feature", "geometry": {"type": "Polygon", "coordinates": [[[303329.85661664436, 2771211.935844433], [303329.8642810588, 2771211.9445352303], [303331.8677111661, 2771214.0094567565], [303331.8761741986, 2771214.017386963], [303331.8875427775, 2771214.015092045], [303367.51328770816, 2771205.0399506604], [303367.52453773667, 2771205.0365309706], [303367.5281205324, 2771205.0253318176], [303368.8138790522, 2771200.2176697357], [303368.8163651423, 2771200.206175761], [303368.8083218462, 2771200.197596865], [303364.49400804937, 2771196.0200077943], [303361.2722448978, 2771192.9002055], [303361.26976350043, 2771192.8977859123], [303347.4793681866, 2771179.3573433883], [303342.9824308995, 2771175.0091520296], [303342.97384590737, 2771175.001596903], [303342.9626760718, 2771175.0040525375], [303340.1103191559, 2771175.7729487494], [303340.09943271964, 2771175.776438264], [303340.09580489935, 2771175.787279395], [303329.8592411787, 2771211.92455794], [303329.85661664436, 2771211.935844433]]]}, "properties": {"patch_id": 92, "area_m2": 823.1, "porosity_index_per_100m_edge": 2.47, "buildings_per_100m_perimeter": 10.72}}, {"type": "Feature", "geometry": {"type": "Polygon", "coordinates": [[[303300.57561155746, 2772054.6799451318], [303300.580923366, 2772054.6903651697], [303314.952002339, 2772079.8380040927], [303318.11840525304, 2772085.378460752], [303318.12553205097, 2772085.389522124], [303318.1357675412, 2772085.3977913447], [303322.564311756, 2772088.6022660346], [303322.5752197261, 2772088.6093136575], [303322.5881926056, 2772088.609911271], [303350.8128311136, 2772088.4200818436], [303350.82475768676, 2772088.4194205236], [303350.8336048963, 2772088.4113951037], [303353.46630217077, 2772085.778697829], [303353.4744061332, 2772085.769754597], [303353.47497932677, 2772085.757699429], [303353.4650005203, 2772079.8203095524], [303353.46499986306, 2772079.819690456], [303353.45500004897, 2772057.220110633], [303353.455, 2772054.7023573252], [303353.45440117305, 2772054.690249907], [303353.44621577946, 2772054.6813085703], [303350.6237740953, 2772051.8886814113], [303350.614756789, 2772051.8805998657], [303350.6026574934, 2772051.88011983], [303347.5253579158, 2772051.9099965254], [303305.33525959833, 2772052.3799971077], [303305.3347401572, 2772052.3800026244], [303301.3877153993, 2772052.4198715617], [303301.37544331356, 2772052.420620521], [303301.37075674685, 2772052.43198719], [303300.57898372307, 2772054.6687459825], [303300.57561155746, 2772054.6799451318]]]}, "properties": {"patch_id": 93, "area_m2": 1584.1, "porosity_index_per_100m_edge": 3.13, "buildings_per_100m_perimeter": 11.28}}, {"type": "Feature", "geometry": {"type": "Polygon", "coordinates": [[[303280.82056520926, 2770507.370648326], [303280.8309183681, 2770507.375594909], [303290.8125139738, 2770511.576270407], [303290.8254066331, 2770511.5819110405], [303300.1069248274, 2770515.7992395684], [303300.11899934214, 2770515.8049215768], [303308.7115930561, 2770519.9893669114], [303308.722342067, 2770519.994762388], [303316.07934425096, 2770523.799075407], [303316.0905794279, 2770523.8050676584], [303325.5837646055, 2770529.024571681], [303325.59613531857, 2770529.0316043776], [303334.3817957276, 2770534.193005193], [303334.3921409288, 2770534.1984415064], [303334.4038268834, 2770534.1985644973], [303335.26271689305, 2770534.1669374914], [303335.2744878792, 2770534.1659106975], [303335.2718729651, 2770534.1543879868], [303329.6144981843, 2770513.976799493], [303323.52836295625, 2770492.269994269], [303323.52469307865, 2770492.258990409], [303323.51334231085, 2770492.261380591], [303319.24500534293, 2770493.378998602], [303281.0686799946, 2770503.3749417546], [303281.0575384519, 2770503.378441692], [303281.05628463585, 2770503.390052527], [303280.8207018613, 2770507.35917497], [303280.82056520926, 2770507.370648326]]]}, "properties": {"patch_id": 94, "area_m2": 1033.0, "porosity_index_per_100m_edge": 0.0, "buildings_per_100m_perimeter": 7.88}}, {"type": "Feature", "geometry": {"type": "Polygon", "coordinates": [[[303237.32072662533, 2769412.2741687996], [303237.3219119339, 2769412.285058374], [303240.1301040405, 2769429.996042375], [303240.1323303638, 2769430.00671426], [303240.13942544797, 2769429.99843746], [303243.1518494108, 2769426.1190185077], [303243.1823974288, 2769426.083282337], [303243.21616684785, 2769426.050573292], [303243.2528591119, 2769426.0211805543], [303243.2921498236, 2769425.995363985], [303243.3336916132, 2769425.973351829], [303243.3771172088, 2769425.955338697], [303243.4220426837, 2769425.9414838427], [303243.4680708509, 2769425.9319097577], [303314.7748679007, 2769414.567087318], [303314.8211480862, 2769414.5619072774], [303314.8677094741, 2769414.5610554884], [303314.91414815595, 2769414.5645393403], [303314.96006128745, 2769414.5723286113], [303315.0050505836, 2769414.584355732], [303315.04872577335, 2769414.600516369], [303315.09070798516, 2769414.6206703335], [303315.13063303364, 2769414.6446427945], [303315.1681545789, 2769414.672225797], [303319.1115959313, 2769417.864387535], [303319.12025805505, 2769417.8707312797], [303319.1189764924, 2769417.8600713992], [303316.05603843, 2769399.804016568], [303316.0536846634, 2769399.7933292584], [303316.04678121506, 2769399.801820504], [303313.2456106753, 2769403.6125596752], [303313.21489811246, 2769403.6503389184], [303313.1806567223, 2769403.6849519205], [303313.14321118634, 2769403.716070477], [303313.102916568, 2769403.7433995176], [303313.0601549461, 2769403.7666799044], [303313.01533179206, 2769403.7856908906], [303312.9688721248, 2769403.8002522103], [303312.92121648096, 2769403.810225792], [303241.62102598517, 2769415.1410535104], [303241.57300671545, 2769415.146321711], [303241.5247031698, 2769415.1469313693], [303241.4765662336, 2769415.1428767936], [303241.4290452372, 2769415.1341958316], [303241.3825837613, 2769415.120969515], [303241.33761549665, 2769415.1033213027], [303241.2945601959, 2769415.0814159317], [303241.253819755, 2769415.0554578756], [303237.32996762474, 2769412.280050271], [303237.32072662533, 2769412.2741687996]]]}, "properties": {"patch_id": 95, "area_m2": 898.4, "porosity_index_per_100m_edge": 0.99, "buildings_per_100m_perimeter": 5.95}}, {"type": "Feature", "geometry": {"type": "Polygon", "coordinates": [[[303262.769658526, 2768967.9484739923], [303262.7709661925, 2768967.960107403], [303268.87002636294, 2769005.5168467555], [303268.8724775249, 2769005.5283338884], [303268.88414346526, 2769005.526967084], [303283.2560077935, 2769003.1209986946], [303300.87892632163, 2769000.1700217505], [303300.8906634368, 2769000.1674602646], [303300.8981285091, 2769000.1580478344], [303302.63087227143, 2768997.738951076], [303302.63738081313, 2768997.728855054], [303302.63602975506, 2768997.7169191623], [303298.4980005708, 2768972.3440035], [303297.6380068489, 2768967.0700420015], [303297.21597440686, 2768964.479121182], [303297.21345551824, 2768964.4673371166], [303297.2040298772, 2768964.45982937], [303294.78796674445, 2768962.7221682], [303294.7778536564, 2768962.715622978], [303294.76588408, 2768962.7169807744], [303262.7811053047, 2768967.946020961], [303262.769658526, 2768967.9484739923]]]}, "properties": {"patch_id": 96, "area_m2": 1309.4, "porosity_index_per_100m_edge": 0.7, "buildings_per_100m_perimeter": 7.01}}, {"type": "Feature", "geometry": {"type": "Polygon", "coordinates": [[[303026.97811447515, 2770979.523086813], [303026.980505375, 2770979.534495505], [303035.04200011614, 2771010.410000446], [303058.4337481315, 2771100.0], [303062.7893485926, 2771116.6818761504], [303062.79286536656, 2771116.6930643194], [303062.8043394772, 2771116.6906378726], [303067.6709178041, 2771115.4087507827], [303067.68660978193, 2771115.4040625356], [303113.69257806276, 2771100.0], [303185.71196119627, 2771075.8859312604], [303185.71280196623, 2771075.885650576], [303200.3577119959, 2771071.010987766], [303254.97255696927, 2771052.840807059], [303254.9826999007, 2771052.836879907], [303254.97344797093, 2771052.8311612103], [303249.92561328795, 2771050.0380260195], [303249.8818307196, 2771050.0107591487], [303249.84109016217, 2771049.9791268464], [303249.8038251596, 2771049.9434657316], [303249.7704322706, 2771049.904155294], [303249.7412668482, 2771049.861613859], [303249.7166392588, 2771049.816294135], [303249.69681157876, 2771049.7686783955], [303249.68199480604, 2771049.7192733474], [303230.92499992583, 2770972.9939996963], [303220.2246158758, 2770929.224319282], [303220.22124734614, 2770929.213002319], [303220.20968585677, 2770929.215400796], [303200.0, 2770934.4638623456], [303139.40230877715, 2770950.2011011476], [303038.84445060615, 2770976.314116018], [303026.98920460255, 2770979.519499073], [303026.97811447515, 2770979.523086813]]]}, "properties": {"patch_id": 97, "area_m2": 26905.5, "porosity_index_per_100m_edge": 1.19, "buildings_per_100m_perimeter": 1.33}}, {"type": "Feature", "geometry": {"type": "Polygon", "coordinates": [[[303085.3965770377, 2771161.24707062], [303085.3989432712, 2771161.2583569353], [303089.19106899924, 2771175.8906904114], [303089.194466507, 2771175.901661734], [303089.2038384753, 2771175.9083009474], [303092.5521676294, 2771178.052702962], [303092.56211210997, 2771178.0584355397], [303092.5734925115, 2771178.0569383665], [303093.61005634884, 2771177.870989878], [303113.2714188375, 2771174.339259928], [303113.2962848188, 2771174.33346784], [303230.9220690294, 2771140.51343042], [303230.92867445824, 2771140.5111707184], [303230.9523142434, 2771140.5037327106], [303251.76339763874, 2771134.5183369108], [303251.7746182756, 2771134.514514498], [303251.7809802986, 2771134.5045125913], [303253.75001730863, 2771131.051491605], [303253.7553872443, 2771131.0409187423], [303253.7529585976, 2771131.0293117054], [303251.443054873, 2771122.1522108796], [303247.5062164214, 2771106.9684052635], [303247.5024476891, 2771106.9564319323], [303247.4917355744, 2771106.9498886494], [303242.71826800157, 2771104.36011329], [303242.7069390641, 2771104.354698975], [303242.6948441191, 2771104.358071219], [303230.9363774988, 2771108.2961894744], [303230.9291411093, 2771108.2990058744], [303230.90657657076, 2771108.3071700977], [303088.19712150627, 2771156.1012753523], [303088.18637357035, 2771156.10544495], [303088.1804064856, 2771156.1153089073], [303085.4015951796, 2771161.236688024], [303085.3965770377, 2771161.24707062]]]}, "properties": {"patch_id": 98, "area_m2": 4720.4, "porosity_index_per_100m_edge": 1.55, "buildings_per_100m_perimeter": 4.9}}, {"type": "Feature", "geometry": {"type": "Polygon", "coordinates": [[[303020.59560251696, 2771677.0402361876], [303020.59526245174, 2771677.0523390495], [303022.24599985796, 2771754.6609933223], [303023.1250002151, 2771796.0200101016], [303024.11473463237, 2771842.507535762], [303024.11560368014, 2771842.5197303044], [303024.12410684954, 2771842.5285142804], [303027.0259179355, 2771845.241508892], [303027.0352278802, 2771845.249383395], [303027.0474212229, 2771845.2494559223], [303202.81297470833, 2771837.550526735], [303202.82448619563, 2771837.549465698], [303202.82599649625, 2771837.538004496], [303206.2749994792, 2771796.02000627], [303212.05499287305, 2771726.461120192], [303212.05538907484, 2771726.4495622655], [303212.0438380411, 2771726.449], [303173.655, 2771726.449], [303173.6059914299, 2771726.4465923635], [303173.557454839, 2771726.4393926403], [303173.5098576614, 2771726.427470168], [303173.4636582839, 2771726.410939766], [303173.4193016316, 2771726.389960632], [303173.3772148835, 2771726.364734806], [303173.3378033579, 2771726.3355052266], [303173.30144660943, 2771726.3025533906], [303173.26849477337, 2771726.266196642], [303173.2392651939, 2771726.2267851164], [303173.21403936786, 2771726.1846983684], [303173.1930602338, 2771726.1403417164], [303173.1765298322, 2771726.0941423387], [303173.16460735985, 2771726.046545161], [303173.1574076367, 2771725.99800857], [303173.155, 2771725.949], [303173.155, 2771671.919354694], [303173.1544181428, 2771671.9075878714], [303173.14264595916, 2771671.9071270376], [303024.08737785456, 2771673.4398727175], [303024.0752573897, 2771673.4405982243], [303024.06639666116, 2771673.448900006], [303020.6035778542, 2771677.0311263576], [303020.59560251696, 2771677.0402361876]]]}, "properties": {"patch_id": 99, "area_m2": 29375.4, "porosity_index_per_100m_edge": 1.14, "buildings_per_100m_perimeter": 1.28}}, {"type": "Feature", "geometry": {"type": "Polygon", "coordinates": [[[303181.3056769329, 2772566.110042055], [303181.3101898654, 2772566.1212329143], [303190.32599658414, 2772585.6349926065], [303198.0240752747, 2772602.297669362], [303198.0297470309, 2772602.310409739], [303198.0739382607, 2772602.4135226086], [303198.090343313, 2772602.4452995127], [303198.37396309746, 2772602.909721972], [303198.3809131971, 2772602.919923612], [303198.3905584897, 2772602.927627227], [303199.50690744794, 2772603.7315992303], [303199.5166966259, 2772603.737968704], [303199.52831266186, 2772603.7391794114], [303200.90285686415, 2772603.816997344], [303200.9142000513, 2772603.8171204217], [303200.9251527479, 2772603.814167209], [303201.29272025696, 2772603.696800638], [303201.303357665, 2772603.692859997], [303201.3125305116, 2772603.6861860235], [303202.38762301364, 2772602.826183999], [303202.3963879164, 2772602.8184655285], [303202.4006743694, 2772602.807601617], [303202.845011414, 2772601.504020116], [303202.8480649238, 2772601.493587639], [303202.84830544074, 2772601.4827201352], [303202.8450000002, 2772601.3300000117], [303202.1052644988, 2772567.1522205602], [303202.1044191855, 2772567.1402543155], [303202.0961992928, 2772567.1315170964], [303198.5138571878, 2772563.678537345], [303198.5047655292, 2772563.6705984203], [303198.4927006238, 2772563.6702478463], [303182.6374218626, 2772563.9897496854], [303182.6253382831, 2772563.9905949254], [303182.6184329842, 2772564.0005470254], [303181.3115403203, 2772566.099495849], [303181.3056769329, 2772566.110042055]]]}, "properties": {"patch_id": 100, "area_m2": 508.6, "porosity_index_per_100m_edge": 0.0, "buildings_per_100m_perimeter": 3.83}}, {"type": "Feature", "geometry": {"type": "Polygon", "coordinates": [[[302909.5139677834, 2769555.670560609], [302909.5153606578, 2769555.6821830166], [302909.5622982124, 2769555.9583968516], [302911.7430571927, 2769568.791528299], [302911.7456659209, 2769568.803328026], [302911.7551861586, 2769568.810771422], [302915.8208961112, 2769571.6785685928], [302915.8311023183, 2769571.685039481], [302915.84309332154, 2769571.6835378483], [303143.7195780422, 2769531.6652673446], [303169.6609996361, 2769527.1095940038], [303169.67258451995, 2769527.106976376], [303169.6799717238, 2769527.0976763456], [303172.58277737873, 2769523.0563446456], [303172.58923158003, 2769523.0463744537], [303172.58801280527, 2769523.0345602217], [303170.7486042885, 2769510.9601477063], [303170.74624347157, 2769510.948551389], [303170.73449423834, 2769510.9499668055], [303141.2308507647, 2769516.000884121], [302909.5253947788, 2769555.668022083], [302909.5139677834, 2769555.670560609]]]}, "properties": {"patch_id": 101, "area_m2": 4305.2, "porosity_index_per_100m_edge": 1.25, "buildings_per_100m_perimeter": 5.19}}, {"type": "Feature", "geometry": {"type": "Polygon", "coordinates": [[[302990.5876986169, 2771185.394058485], [302990.59110955254, 2771185.406137861], [302994.18400776846, 2771196.0180229372], [302996.62725357385, 2771203.2319383207], [302996.6314403084, 2771203.242628971], [302996.6412663638, 2771203.2485676026], [302999.25572396524, 2771204.666427152], [302999.2660707363, 2771204.671427418], [302999.2773233074, 2771204.669095503], [303033.0040102568, 2771196.017997369], [303079.59109127393, 2771184.067054935], [303079.6026143838, 2771184.0634868634], [303079.60924702603, 2771184.0534110907], [303081.6297536001, 2771180.628587847], [303081.6353645099, 2771180.617910637], [303081.6329158369, 2771180.606100084], [303076.9570870187, 2771162.564910934], [303076.95348705, 2771162.5533877322], [303076.9433828337, 2771162.546781022], [303073.51261836756, 2771160.537219681], [303073.5019126948, 2771160.531637205], [303073.4900999958, 2771160.534134363], [302992.49438890326, 2771181.867736865], [302992.4824336949, 2771181.8715503314], [302992.4759310654, 2771181.882282774], [302990.5930704697, 2771185.382714372], [302990.5876986169, 2771185.394058485]]]}, "properties": {"patch_id": 102, "area_m2": 2117.9, "porosity_index_per_100m_edge": 0.91, "buildings_per_100m_perimeter": 6.39}}, {"type": "Feature", "geometry": {"type": "Polygon", "coordinates": [[[302923.15558207844, 2771676.980547966], [302923.1553083823, 2771676.99219391], [302925.5259998984, 2771770.7329959814], [302926.1649996607, 2771796.0199865727], [302927.44468726835, 2771846.767598234], [302927.4455968594, 2771846.779731945], [302927.4540620297, 2771846.7884723768], [302930.3559149264, 2771849.501506078], [302930.3652279596, 2771849.509382931], [302930.37742519134, 2771849.509452473], [303001.3829288608, 2771846.3805319252], [303001.39474173746, 2771846.379437782], [303001.40326797514, 2771846.371188873], [303004.1267133938, 2771843.4688309818], [303004.1344195548, 2771843.459777427], [303004.1347422342, 2771843.447892664], [303003.1249998451, 2771796.019992734], [303000.60526396055, 2771677.832381008], [303000.6044041543, 2771677.820264316], [303000.595998863, 2771677.8114947933], [302996.9839982474, 2771674.3985024765], [302996.9747699192, 2771674.3906094083], [302996.96262776986, 2771674.390434084], [302923.1671903117, 2771676.979572299], [302923.15558207844, 2771676.980547966]]]}, "properties": {"patch_id": 103, "area_m2": 13271.1, "porosity_index_per_100m_edge": 1.01, "buildings_per_100m_perimeter": 3.44}}, {"type": "Feature", "geometry": {"type": "Polygon", "coordinates": [[[302937.7960128849, 2769265.824450693], [302937.79739034676, 2769265.8360739797], [302938.265, 2769268.61], [302941.92201435874, 2769290.3039218676], [302942.0231042652, 2769290.9036013647], [302942.28799868753, 2769292.4749922142], [302947.7518478805, 2769324.893314686], [302947.7579055741, 2769324.9464920857], [302947.7582444725, 2769325.0000123307], [302947.75286069245, 2769325.0532621797], [302947.744977729, 2769325.0906396294], [302947.74357571104, 2769325.099013037], [302947.74500087486, 2769325.110771478], [302950.92494300386, 2769343.8188983505], [302950.92747037456, 2769343.830336891], [302950.9391014159, 2769343.828941588], [302973.8610060374, 2769339.929998973], [302996.78191129933, 2769336.030056866], [302996.7933390358, 2769336.0275304993], [302996.7919614888, 2769336.015908186], [302993.63404298254, 2769317.2841183366], [302993.63152788294, 2769317.2726649316], [302993.61988560815, 2769317.274066276], [302971.10070310085, 2769321.115022529], [302971.0519299492, 2769321.1208933224], [302971.00281609327, 2769321.1219495824], [302970.9538356362, 2769321.1181811136], [302970.90546139353, 2769321.1096242927], [302970.8581603289, 2769321.0963617205], [302970.8123890464, 2769321.0785214226], [302970.76858938293, 2769321.0562756136], [302970.72718414303, 2769321.029839036], [302970.6885730175, 2769320.9994668853], [302970.65312872524, 2769320.9654523493], [302970.6211934151, 2769320.9281237745], [302970.5930753634, 2769320.887841499], [302970.5690459977, 2769320.844994374], [302970.549337277, 2769320.7999960086], [302970.53413945256, 2769320.7532807793], [302970.52359923103, 2769320.7052996345], [302969.6099120028, 2769315.2882007724], [302960.6178603835, 2769261.9758296525], [302960.61534822936, 2769261.9643902583], [302960.60371735477, 2769261.9657662897], [302948.6530342492, 2769263.978333891], [302948.46475853707, 2769264.0103374203], [302937.8074419468, 2769265.821925871], [302937.7960128849, 2769265.824450693]]]}, "properties": {"patch_id": 104, "area_m2": 2275.8, "porosity_index_per_100m_edge": 0.0, "buildings_per_100m_perimeter": 3.59}}, {"type": "Feature", "geometry": {"type": "Polygon", "coordinates": [[[302911.4852347772, 2772426.601886873], [302911.94499466795, 2772449.879730037], [302911.94774468185, 2772450.0117435385], [302911.9485614225, 2772450.0234157867], [302911.96025742416, 2772450.023767671], [302989.1747023616, 2772448.5602330915], [302989.1864102685, 2772448.559434062], [302989.1867267375, 2772448.5477031884], [302989.18511362135, 2772448.4751129607], [302989.1849909868, 2772448.464885785], [302989.1679999888, 2772438.823993711], [302989.135299916, 2772420.537716632], [302989.1373534366, 2772420.49154449], [302989.14366157167, 2772420.445759219], [302989.1541704223, 2772420.4007520233], [302989.1687901974, 2772420.3569074594], [302989.1873959807, 2772420.31460015], [302989.2098287982, 2772420.274191583], [302989.2358969765, 2772420.2360270224], [302995.77884635364, 2772411.548170932], [302995.79046525666, 2772411.5313534746], [302995.8454457432, 2772411.4443694213], [302995.85120821215, 2772411.434178115], [302995.8416365835, 2772411.4274362614], [302971.5149929804, 2772396.0199955544], [302941.8254605347, 2772377.2166250055], [302941.81518783426, 2772377.210810557], [302941.808519696, 2772377.220550785], [302922.9320059414, 2772407.9539903263], [302911.4912226906, 2772426.5798693052], [302911.4855610674, 2772426.590152588], [302911.4852347772, 2772426.601886873]]]}, "properties": {"patch_id": 105, "area_m2": 4179.3, "porosity_index_per_100m_edge": 0.38, "buildings_per_100m_perimeter": 6.49}}, {"type": "Feature", "geometry": {"type": "Polygon", "coordinates": [[[302911.8016962247, 2771199.4731160053], [302911.804132866, 2771199.4854678237], [302917.8529339446, 2771223.5577980615], [302917.85643128236, 2771223.569246027], [302917.86807217565, 2771223.566457326], [302988.4469147169, 2771202.8545465204], [302988.45857073396, 2771202.8504781867], [302988.4648099041, 2771202.8398251696], [302989.83718881226, 2771200.200177299], [302989.84232596407, 2771200.188948398], [302989.83895795105, 2771200.1770683746], [302988.4300176989, 2771196.018052245], [302985.15005669475, 2771186.328983555], [302985.1454788839, 2771186.317421908], [302985.13512299885, 2771186.310538321], [302981.71787665057, 2771184.2804614706], [302981.70687872247, 2771184.274659394], [302981.69453609065, 2771184.2761686295], [302914.0386586235, 2771196.047797492], [302914.02638835163, 2771196.050588454], [302914.0189974393, 2771196.060772928], [302911.808006158, 2771199.4622215377], [302911.8016962247, 2771199.4731160053]]]}, "properties": {"patch_id": 106, "area_m2": 1757.6, "porosity_index_per_100m_edge": 1.56, "buildings_per_100m_perimeter": 4.15}}, {"type": "Feature", "geometry": {"type": "Polygon", "coordinates": [[[302905.94559955015, 2772686.190291359], [302905.9454742516, 2772686.2022681376], [302906.3250030641, 2772696.020078624], [302906.79453383206, 2772708.0680383286], [302906.79555340897, 2772708.0797515716], [302906.8036283374, 2772708.088297635], [302909.6563709268, 2772710.8317016577], [302909.66522664425, 2772710.8394372007], [302909.6769717657, 2772710.8399977926], [302920.5119957922, 2772710.8380000005], [302965.9630509647, 2772710.8300021025], [302965.97474339453, 2772710.829440868], [302965.98279289517, 2772710.820941838], [302968.67674655386, 2772707.6895934893], [302968.6843259953, 2772707.679824331], [302968.6824792586, 2772707.667598378], [302966.31505261845, 2772696.0202588737], [302966.3149476611, 2772696.0197411003], [302964.25738740916, 2772685.841809563], [302964.2544872688, 2772685.8303395626], [302964.2450585102, 2772685.8231932144], [302960.93534937425, 2772683.557086058], [302960.92480851413, 2772683.55062032], [302960.9124572191, 2772683.5500195026], [302909.48804237146, 2772683.6299797203], [302909.47521769843, 2772683.63066923], [302909.4644418164, 2772683.637656926], [302905.95493882726, 2772686.1827922384], [302905.94559955015, 2772686.190291359]]]}, "properties": {"patch_id": 107, "area_m2": 1622.8, "porosity_index_per_100m_edge": 0.0, "buildings_per_100m_perimeter": 17.21}}, {"type": "Feature", "geometry": {"type": "Polygon", "coordinates": [[[302908.85561178345, 2772976.689752057], [302908.8637930704, 2772976.698824587], [302911.6361457675, 2772979.481114032], [302911.6452521252, 2772979.489379336], [302911.65754273365, 2772979.489805879], [302942.5177539474, 2772979.0121895294], [302942.5294207655, 2772979.011436492], [302942.5298524503, 2772978.9997533746], [302942.52901959635, 2772978.9306264967], [302942.5289592404, 2772978.9273738954], [302941.5760004127, 2772940.9090164653], [302941.57530493883, 2772940.881197552], [302941.57444589934, 2772940.8695770996], [302941.5628001345, 2772940.869191102], [302912.15700048563, 2772941.329812021], [302912.1452373344, 2772941.330561896], [302912.1364984333, 2772941.3384717368], [302909.30356377974, 2772944.1614662684], [302909.29557046545, 2772944.1702414295], [302909.2948360652, 2772944.1820886726], [302909.13299983926, 2772956.1160118915], [302908.855168314, 2772976.6775435503], [302908.85561178345, 2772976.689752057]]]}, "properties": {"patch_id": 108, "area_m2": 1250.3, "porosity_index_per_100m_edge": 0.0, "buildings_per_100m_perimeter": 15.11}}, {"type": "Feature", "geometry": {"type": "Polygon", "coordinates": [[[302836.9455819922, 2772124.140228355], [302836.945176972, 2772124.1521412283], [302837.205999892, 2772142.045992589], [302837.39481997956, 2772155.0276233545], [302837.39559706964, 2772155.039740099], [302837.40393587877, 2772155.048565266], [302839.5560510365, 2772157.111422192], [302839.56523476774, 2772157.119390436], [302839.57739087875, 2772157.119641042], [302904.9314971862, 2772155.2263622005], [302904.94330826204, 2772155.2254273784], [302904.942020742, 2772155.21364953], [302902.58100350737, 2772140.4810218858], [302901.59990610403, 2772134.3555022264], [302901.5944305876, 2772134.3049975308], [302901.59410804935, 2772134.254197909], [302901.59894181875, 2772134.2036277573], [302901.6088819977, 2772134.153809102], [302901.62382597546, 2772134.105256212], [302901.643619488, 2772134.0584702906], [302908.9556667729, 2772118.9620109852], [302908.96010125556, 2772118.9515842753], [302908.94877213135, 2772118.9514055103], [302903.2919931546, 2772119.139000227], [302839.717108459, 2772121.249598016], [302839.7052541622, 2772121.250567926], [302839.6966326329, 2772121.2587614823], [302836.9533862818, 2772124.1312187123], [302836.9455819922, 2772124.140228355]]]}, "properties": {"patch_id": 109, "area_m2": 2403.0, "porosity_index_per_100m_edge": 0.0, "buildings_per_100m_perimeter": 11.86}}, {"type": "Feature", "geometry": {"type": "Polygon", "coordinates": [[[302868.2905550037, 2772979.3904189575], [302868.30221893353, 2772979.3907614113], [302898.03297797014, 2772978.8102347436], [302898.0447591493, 2772978.809436983], [302898.05347238004, 2772978.8014675323], [302900.85653680284, 2772975.97852322], [302900.8644366884, 2772975.9697634424], [302900.8651596295, 2772975.957989779], [302901.28483374557, 2772944.382508667], [302901.28438322886, 2772944.370251322], [302901.27613861364, 2772944.361169926], [302898.4638470382, 2772941.5588157764], [302898.45475132007, 2772941.5506153703], [302898.4425119959, 2772941.5501940083], [302868.40712946723, 2772942.0168115613], [302868.3955606338, 2772942.0175535437], [302868.39496594656, 2772942.0291308844], [302868.36900003045, 2772951.2789891656], [302868.28901038674, 2772979.349355036], [302868.2890958873, 2772979.3566437177], [302868.2896784991, 2772979.378782967], [302868.2905550037, 2772979.3904189575]]]}, "properties": {"patch_id": 110, "area_m2": 1213.2, "porosity_index_per_100m_edge": 1.46, "buildings_per_100m_perimeter": 12.43}}, {"type": "Feature", "geometry": {"type": "Polygon", "coordinates": [[[302830.65763293544, 2771204.8341278248], [302830.6599115508, 2771204.845868401], [302837.24493093236, 2771231.6884895097], [302837.24856317235, 2771231.700569484], [302837.2592672828, 2771231.7072433797], [302839.8607430849, 2771233.148762365], [302839.87206658965, 2771233.1542956545], [302839.884226455, 2771233.150982524], [302851.39401096915, 2771229.3689963953], [302890.3039213494, 2771216.5826406037], [302890.31463437475, 2771216.5785575365], [302890.3171888634, 2771216.5744257807], [302890.31941945996, 2771216.5699238265], [302890.3171313167, 2771216.5585829364], [302886.6419950812, 2771201.931920114], [302886.6384756584, 2771201.9203512548], [302886.6291160505, 2771201.912694711], [302883.0458886598, 2771199.264308771], [302883.03581798257, 2771199.257604961], [302883.02372010855, 2771199.2576387874], [302832.8742040595, 2771201.8663651575], [302832.8623049425, 2771201.8675692044], [302832.85471057665, 2771201.8768084897], [302830.6642892745, 2771204.824191711], [302830.65763293544, 2771204.8341278248]]]}, "properties": {"patch_id": 111, "area_m2": 1388.2, "porosity_index_per_100m_edge": 2.54, "buildings_per_100m_perimeter": 3.81}}, {"type": "Feature", "geometry": {"type": "Polygon", "coordinates": [[[302720.49364275445, 2771210.7951229136], [302720.49608525727, 2771210.806902766], [302728.1070132624, 2771240.1694773175], [302728.1103952958, 2771240.1803631354], [302728.12165135064, 2771240.178563041], [302736.25698737416, 2771238.4770026407], [302828.992722081, 2771219.085567365], [302829.0042709718, 2771219.082540853], [302829.0020115042, 2771219.070817741], [302825.5779453405, 2771205.1130063413], [302825.5744679735, 2771205.101353638], [302825.56507008296, 2771205.093636303], [302821.9979319852, 2771202.44836523], [302821.98781605856, 2771202.441612073], [302821.9756532593, 2771202.4416699987], [302722.6732769868, 2771207.8303337866], [302722.6613118069, 2771207.8315752004], [302722.65374135075, 2771207.840923725], [302720.50025928323, 2771210.785075408], [302720.49364275445, 2771210.7951229136]]]}, "properties": {"patch_id": 112, "area_m2": 2598.5, "porosity_index_per_100m_edge": 1.57, "buildings_per_100m_perimeter": 6.26}}, {"type": "Feature", "geometry": {"type": "Polygon", "coordinates": [[[302626.94057286356, 2771218.8481286224], [302626.9423226018, 2771218.859459094], [302632.1285608622, 2771244.446965949], [302632.13153092505, 2771244.458642344], [302632.1412360198, 2771244.465781721], [302634.62177038833, 2771246.1092225243], [302634.6321223339, 2771246.1153725083], [302634.6440263252, 2771246.113561469], [302710.32254159864, 2771230.768526141], [302710.33460705803, 2771230.7654338744], [302710.34172388323, 2771230.7552119168], [302712.4442762784, 2771227.3817878235], [302712.45031871094, 2771227.3708965667], [302712.44778106216, 2771227.3587026824], [302708.42517019383, 2771211.9911111], [302708.4214610776, 2771211.979373845], [302708.4117664356, 2771211.9717886797], [302704.34523319645, 2771209.1062110607], [302704.3348292377, 2771209.0996332243], [302704.3225287049, 2771209.1000883137], [302629.34565298853, 2771215.6429830957], [302629.33428590297, 2771215.6445134496], [302629.32699848956, 2771215.6533704423], [302626.94699841563, 2771218.8386337], [302626.94057286356, 2771218.8481286224]]]}, "properties": {"patch_id": 113, "area_m2": 2157.7, "porosity_index_per_100m_edge": 1.42, "buildings_per_100m_perimeter": 6.17}}, {"type": "Feature", "geometry": {"type": "Polygon", "coordinates": [[[302629.63863002957, 2773046.234033651], [302629.6429475686, 2773046.244903442], [302631.7920763391, 2773050.9811492455], [302631.7973867358, 2773050.99151013], [302631.80869720527, 2773050.9942708546], [302665.8039937929, 2773057.593998795], [302666.25268001837, 2773057.681111057], [302666.26431053196, 2773057.682794924], [302666.273848036, 2773057.6759290555], [302669.9557449993, 2773054.7473613946], [302669.96446449915, 2773054.739725807], [302669.9655624872, 2773054.728187769], [302670.025, 2773053.48], [302670.085, 2773052.22], [302670.145, 2773050.96], [302670.2049006065, 2773049.702087264], [302670.2051168351, 2773049.6979136593], [302670.27500614175, 2773048.4498894494], [302670.345, 2773047.19], [302670.41499385907, 2773045.9301105365], [302670.48485608876, 2773044.6825698437], [302670.4851703604, 2773044.677431778], [302670.5684982089, 2773043.4212455135], [302670.568634156, 2773043.4192561517], [302670.65694524447, 2773042.1637784345], [302670.6570571842, 2773042.162221753], [302671.373941488, 2773032.405796318], [302671.3740610544, 2773032.4042038806], [302672.1834591581, 2773021.850052311], [302672.18474011007, 2773021.8359658094], [302674.3013818506, 2773001.718875046], [302674.3027567842, 2773001.707141199], [302675.14555423474, 2772995.1824509837], [302675.1464937522, 2772995.175555558], [302677.0668088771, 2772981.7793332837], [302678.2143280705, 2772973.4551283238], [302678.21536415396, 2772973.4433885254], [302678.2044446931, 2772973.4389538006], [302672.58185928955, 2772971.4701526416], [302672.57028495666, 2772971.4667419526], [302672.56396931864, 2772971.4770235186], [302658.6627309174, 2772996.887180234], [302658.65505887964, 2772996.9007004886], [302635.3753979977, 2773036.479573302], [302629.6440703504, 2773046.223680086], [302629.63863002957, 2773046.234033651]]]}, "properties": {"patch_id": 114, "area_m2": 1993.3, "porosity_index_per_100m_edge": 0.91, "buildings_per_100m_perimeter": 2.74}}, {"type": "Feature", "geometry": {"type": "Polygon", "coordinates": [[[302620.6585664678, 2772682.63654121], [302620.65814506065, 2772682.6481043585], [302620.878999961, 2772701.076996746], [302621.10185269447, 2772719.682701636], [302621.10256998596, 2772719.6944143283], [302621.1142978384, 2772719.694813466], [302673.5033269882, 2772718.900177056], [302673.51472333126, 2772718.8994712266], [302673.52180078416, 2772718.890511068], [302676.4675714041, 2772714.780364899], [302676.4743012127, 2772714.7698851665], [302676.4712790653, 2772714.7578028804], [302670.75530794, 2772696.0210094186], [302666.6984395844, 2772682.921106651], [302666.6945443398, 2772682.910329322], [302666.68553337175, 2772682.903249208], [302664.26449695823, 2772681.1767724208], [302664.25483657443, 2772681.1705418513], [302664.24334219866, 2772681.170392007], [302620.6700983889, 2772682.6355931773], [302620.6585664678, 2772682.63654121]]]}, "properties": {"patch_id": 115, "area_m2": 1906.5, "porosity_index_per_100m_edge": 0.57, "buildings_per_100m_perimeter": 12.03}}, {"type": "Feature", "geometry": {"type": "Polygon", "coordinates": [[[302576.19068612735, 2773156.262664331], [302576.20202309295, 2773156.265489642], [302583.0447395823, 2773157.620750363], [302583.0472628957, 2773157.621236664], [302589.1538012144, 2773158.7655879525], [302589.1581949919, 2773158.766431702], [302592.3929826226, 2773159.402636471], [302592.4046479962, 2773159.404342487], [302592.4096964307, 2773159.393688623], [302601.48199551675, 2773137.5430107983], [302624.94150708086, 2773081.04818704], [302624.94248069375, 2773081.045807939], [302625.90241351665, 2773078.6652934155], [302625.92150177626, 2773078.6235830984], [302630.2553128189, 2773070.1980566443], [302630.2603299168, 2773070.1869815183], [302630.2559305584, 2773070.17564682], [302628.37616196705, 2773065.965843743], [302628.2118884091, 2773065.5979477516], [302628.2066064523, 2773065.587495371], [302628.19523041346, 2773065.5847138045], [302613.0986637874, 2773062.652265644], [302613.08727698587, 2773062.6506105796], [302613.0810222976, 2773062.6602686006], [302612.93681515695, 2773062.907990122], [302611.27226935705, 2773065.767375702], [302611.2562543023, 2773065.800195362], [302576.5095656733, 2773152.598594794], [302576.5055898203, 2773152.61014021], [302576.5039448517, 2773152.62223972], [302576.19112165994, 2773156.2509887433], [302576.19068612735, 2773156.262664331]]]}, "properties": {"patch_id": 116, "area_m2": 1802.1, "porosity_index_per_100m_edge": 0.0, "buildings_per_100m_perimeter": 6.39}}, {"type": "Feature", "geometry": {"type": "Polygon", "coordinates": [[[302554.385620651, 2772460.999785015], [302554.3932980782, 2772461.0092523573], [302556.376744442, 2772463.2207950526], [302556.3852791589, 2772463.2294133296], [302556.397350107, 2772463.2305999477], [302596.4313839996, 2772465.1753871357], [302596.4433953897, 2772465.175363442], [302596.44403698406, 2772465.163369178], [302596.5649642188, 2772423.8642200143], [302596.5644283531, 2772423.852564379], [302596.55278052273, 2772423.851879426], [302558.87683831283, 2772423.480116813], [302558.8652136787, 2772423.4805527045], [302558.8563189182, 2772423.48804973], [302556.6736970806, 2772425.5119354343], [302556.6655372926, 2772425.520255344], [302556.6642393815, 2772425.5318362913], [302554.38579702197, 2772460.98759722], [302554.385620651, 2772460.999785015]]]}, "properties": {"patch_id": 117, "area_m2": 1656.8, "porosity_index_per_100m_edge": 0.0, "buildings_per_100m_perimeter": 9.96}}, {"type": "Feature", "geometry": {"type": "Polygon", "coordinates": [[[302431.1907396969, 2771136.076472226], [302431.1923115932, 2771136.088113203], [302436.66287017916, 2771165.571041058], [302436.6630535684, 2771165.572029413], [302443.87306116224, 2771204.432917571], [302443.8757300093, 2771204.4442127603], [302443.8872547041, 2771204.4428396816], [302510.6384982926, 2771193.1794760055], [302510.65050187684, 2771193.176823715], [302510.6569115596, 2771193.166333882], [302514.4676069351, 2771186.1608552746], [302514.4729306616, 2771186.149774728], [302514.4686352828, 2771186.1382564674], [302490.4856206778, 2771130.5399604584], [302490.4805537553, 2771130.5295807193], [302490.47073164186, 2771130.5235029836], [302483.498954972, 2771126.6490478003], [302483.488147631, 2771126.6437167493], [302483.47619782155, 2771126.645272615], [302431.2021831373, 2771136.0738206496], [302431.1907396969, 2771136.076472226]]]}, "properties": {"patch_id": 118, "area_m2": 4592.5, "porosity_index_per_100m_edge": 2.62, "buildings_per_100m_perimeter": 0.0}}, {"type": "Feature", "geometry": {"type": "Polygon", "coordinates": [[[302271.32575642236, 2771828.880431726], [302271.3285674182, 2771828.8920779605], [302286.7050004571, 2771880.9510015473], [302295.9316146686, 2771912.1885386542], [302295.9353591226, 2771912.1992949224], [302295.9462610807, 2771912.19599862], [302325.68497821526, 2771901.6289915745], [302325.73130692355, 2771901.61501481], [302325.7787697736, 2771901.6055820463], [302325.8269221904, 2771901.600781638], [302325.87531314004, 2771901.6006585495], [302325.9234893545, 2771901.605213934], [302325.9709995768, 2771901.6144051226], [302326.01739878836, 2771901.628146022], [302326.06225237733, 2771901.646307925], [302326.10514020914, 2771901.6687207124], [302326.14566056227, 2771901.6951744487], [302326.1834338908, 2771901.7254213463], [302326.21810637956, 2771901.759178089], [302326.2493532585, 2771901.7961284844], [302326.2768818444, 2771901.8359264256], [302326.30043428263, 2771901.878199133], [302326.31978996226, 2771901.9225506475], [302326.3347675826, 2771901.968565537], [302326.3452268513, 2771902.0158127896], [302330.43500356533, 2771925.920020828], [302336.11196147243, 2771959.0840911795], [302336.1144685097, 2771959.0954164467], [302336.1260679448, 2771959.0954166553], [302336.4449277066, 2771959.080003495], [302419.6832572501, 2771955.0805642162], [302419.69469985814, 2771955.079473567], [302419.7014668522, 2771955.070182143], [302421.8885350651, 2771951.7498149467], [302421.8943982322, 2771951.739932058], [302421.89088622615, 2771951.72899066], [302413.86501775705, 2771930.2500475217], [302398.10470074555, 2771888.0459773294], [302398.08823126496, 2771887.9931092896], [302388.1779812693, 2771848.6218439336], [302388.1744913114, 2771848.6103766416], [302388.16454150144, 2771848.6036923453], [302385.61543947004, 2771847.0662961784], [302385.60490411636, 2771847.060623175], [302385.59315070126, 2771847.062866766], [302370.72509400256, 2771850.6599772577], [302354.63362800056, 2771854.5465174518], [302354.5881751795, 2771854.5552910287], [302354.542105744, 2771854.559823325], [302354.4958145893, 2771854.5600754907], [302354.449698511, 2771854.556045365], [302354.40415280405, 2771854.547767493], [302354.35956787434, 2771854.5353128295], [302302.1806986751, 2771837.3183783293], [302302.1264462441, 2771837.2968916283], [302302.07506660157, 2771837.26923052], [302283.5056251888, 2771825.8265473517], [302283.4948990278, 2771825.8206549617], [302283.4828962595, 2771825.82304334], [302271.3372136298, 2771828.87692903], [302271.32575642236, 2771828.880431726]]]}, "properties": {"patch_id": 119, "area_m2": 11164.7, "porosity_index_per_100m_edge": 0.4, "buildings_per_100m_perimeter": 6.42}}, {"type": "Feature", "geometry": {"type": "Polygon", "coordinates": [[[302221.5146012885, 2770908.5050473725], [302221.5169747953, 2770908.5164640467], [302227.8558916963, 2770932.945021396], [302227.85941646167, 2770932.956281078], [302227.87093743845, 2770932.953737189], [302237.12389049964, 2770930.424665822], [302256.3991578075, 2770925.1562367775], [302256.41029363096, 2770925.1525970176], [302256.4077597976, 2770925.1411587466], [302249.79606935737, 2770900.9788713832], [302249.7958792663, 2770900.978342392], [302249.7916224544, 2770900.964424572], [302249.7800835222, 2770900.9668973163], [302221.52571609494, 2770908.5014933413], [302221.5146012885, 2770908.5050473725]]]}, "properties": {"patch_id": 120, "area_m2": 740.8, "porosity_index_per_100m_edge": 0.0, "buildings_per_100m_perimeter": 4.58}}, {"type": "Feature", "geometry": {"type": "Polygon", "coordinates": [[[302083.54563215136, 2772499.269976556], [302083.55051163444, 2772499.280776939], [302085.32968582853, 2772502.759609162], [302085.3353668222, 2772502.7695444967], [302085.346284934, 2772502.7729766183], [302188.63362866157, 2772530.017000591], [302188.64490212064, 2772530.0194136165], [302188.6547806616, 2772530.0134698846], [302192.00438508, 2772527.777087113], [302192.0144162228, 2772527.7696227045], [302192.01710183587, 2772527.757410879], [302198.73286888585, 2772487.532764486], [302198.734310506, 2772487.5201375014], [302198.7281355611, 2772487.5090294355], [302196.5512513963, 2772484.029990816], [302196.5446520242, 2772484.020472656], [302196.5336033016, 2772484.016998044], [302159.80700313573, 2772474.343000826], [302102.596888666, 2772459.2731316253], [302102.58505462355, 2772459.2706291373], [302102.573828965, 2772459.2751337476], [302099.8755279873, 2772460.5151617704], [302099.8654067677, 2772460.5203938936], [302099.8605027525, 2772460.530678095], [302090.6519983255, 2772482.395003976], [302083.5496982367, 2772499.2588444147], [302083.54563215136, 2772499.269976556]]]}, "properties": {"patch_id": 121, "area_m2": 4976.9, "porosity_index_per_100m_edge": 1.66, "buildings_per_100m_perimeter": 5.3}}, {"type": "Feature", "geometry": {"type": "Polygon", "coordinates": [[[301998.22867298493, 2769728.296258651], [301998.22923042404, 2769728.308798591], [301998.9037843303, 2769735.3253548797], [301998.9056085108, 2769735.337704958], [301998.91417532344, 2769735.346785805], [301999.95643541805, 2769736.3447990087], [301999.9652450818, 2769736.3524680804], [301999.97679883084, 2769736.3541814517], [302002.2077908937, 2769736.5775772007], [302002.2219882354, 2769736.5781837264], [302002.2361622102, 2769736.577168341], [302048.3657292526, 2769730.611035017], [302048.36627024005, 2769730.6109653483], [302077.66402850545, 2769726.854252795], [302077.66797341924, 2769726.8537628893], [302123.1377346906, 2769721.3904737034], [302123.1498377829, 2769721.3884087945], [302123.16129991546, 2769721.384007841], [302124.7277651019, 2769720.691963435], [302124.7385060757, 2769720.6865731217], [302124.7422836234, 2769720.67516461], [302125.14752364764, 2769719.214530057], [302125.15031714004, 2769719.2019571783], [302125.1491162306, 2769719.1891338136], [302124.2470527199, 2769713.028020122], [302124.2442321854, 2769713.0142505057], [302124.2383895178, 2769713.001466883], [302123.51081217855, 2769711.6220195764], [302123.5046185272, 2769711.6115732], [302123.49259085045, 2769711.609893043], [302121.970985363, 2769711.4741583583], [302121.95801040664, 2769711.4736802285], [302121.9450561701, 2769711.4745551664], [302077.4220071216, 2769716.823878997], [302046.6102206241, 2769720.6527240523], [302001.1504061878, 2769726.7154788123], [302001.12778180337, 2769726.719563145], [301999.5715901916, 2769727.0751233804], [301999.5593162875, 2769727.078603311], [301999.5494724944, 2769727.0867186342], [301998.237485426, 2769728.287319873], [301998.22867298493, 2769728.296258651]]]}, "properties": {"patch_id": 122, "area_m2": 1267.3, "porosity_index_per_100m_edge": 0.0, "buildings_per_100m_perimeter": 0.37}}, {"type": "Feature", "geometry": {"type": "Polygon", "coordinates": [[[301859.7809320565, 2770306.4803318945], [301859.78137042624, 2770306.492370957], [301869.18603252544, 2770414.566115355], [301869.1875952223, 2770414.5915826038], [301873.1870140256, 2770526.364813371], [301873.18704318727, 2770526.3656478617], [301874.9409896536, 2770577.786696677], [301878.2888649834, 2770672.560345724], [301878.28986764234, 2770672.572253969], [301878.2981494532, 2770672.5808692602], [301881.91685570986, 2770675.995844854], [301881.92593592405, 2770676.003614118], [301881.93788224255, 2770676.003925829], [302117.04304663884, 2770670.688810248], [302117.0552568783, 2770670.6879211375], [302117.06311326707, 2770670.678531911], [302120.0606556108, 2770666.7080294187], [302120.06753367116, 2770666.6979016], [302120.06504411297, 2770666.685914839], [302020.95233143325, 2770286.260971738], [302020.9484587889, 2770286.2487584925], [302020.93816241156, 2770286.2411331874], [302016.7920628988, 2770283.4934932375], [302016.78102806234, 2770283.486982245], [302016.768271183, 2770283.4881750243], [301859.79274883715, 2770306.477987811], [301859.7809320565, 2770306.4803318945]], [[301937.09900029586, 2770605.69219177], [301937.11071919015, 2770605.6925865165], [301957.36258978536, 2770605.3792264303], [301957.3741961435, 2770605.3784806943], [301957.3747293643, 2770605.366862633], [301957.3592686996, 2770599.901070863], [301957.3594060909, 2770599.8878509603], [301957.4453936559, 2770596.2470527114], [301957.44544407405, 2770596.2380463793], [301957.3986836897, 2770592.472512031], [301957.4004718894, 2770592.4236021084], [301957.4070333426, 2770592.3751013298], [301957.41830518044, 2770592.327474406], [301957.4341794018, 2770592.281177675], [301957.4545039076, 2770592.2366547296], [301957.4790839583, 2770592.194332167], [301957.5076840399, 2770592.1546155014], [301957.5400301203, 2770592.1178852785], [301957.5758122751, 2770592.084493429], [301957.61468765716, 2770592.054759898], [301957.65628378146, 2770592.0289695775], [301957.7002020943, 2770592.0073695774], [301957.74602179165, 2770591.990166859], [301957.7933038517, 2770591.97752625], [301957.8415952406, 2770591.9695688663], [301957.8904332539, 2770591.9663709523], [301962.9325, 2770591.8835500004], [301975.2018687394, 2770591.6820134385], [301980.24325952143, 2770591.59920359], [301980.29221847025, 2770591.600799239], [301980.3407863248, 2770591.607177975], [301980.38849692594, 2770591.618278574], [301980.43489234254, 2770591.6339944927], [301980.4795272669, 2770591.654174886], [301980.52197328856, 2770591.6786260623], [301980.5618230064, 2770591.707113336], [301980.59869393887, 2770591.7393632834], [301980.6322321951, 2770591.7750663664], [301980.6621158716, 2770591.8138799034], [301980.68805814185, 2770591.855431358], [301980.7098100094, 2770591.899321915], [301980.7271626977, 2770591.9451303096], [301980.73994965386, 2770591.992416867], [301980.7480481475, 2770592.0407277266], [301980.75138044835, 2770592.0895991963], [301980.88925, 2770599.3164600004], [301980.9913110892, 2770604.6663090084], [301980.9921056196, 2770604.677969033], [301981.00378595875, 2770604.678365444], [302001.3159449962, 2770604.3729310315], [302001.3276251976, 2770604.3721815557], [302001.32803990046, 2770604.3604846736], [302001.298276717, 2770602.172685437], [302001.30000786687, 2770602.1237621056], [302001.30651495693, 2770602.075242553], [302001.3177356106, 2770602.0275918855], [302001.3335622671, 2770601.9812668795], [302001.3538432127, 2770601.9367116056], [302001.3783840353, 2770601.894353168], [302001.4069494876, 2770601.854597613], [302001.43926574226, 2770601.817826036], [302001.4750230172, 2770601.784390927], [302001.51387854473, 2770601.754612794], [302001.5554598574, 2770601.728777089], [302001.5993683585, 2770601.7071314724], [302001.6451831431, 2770601.689883437], [302001.6924650326, 2770601.6771983225], [302001.7407607849, 2770601.6691977275], [302001.78960743896, 2770601.6659583454], [302013.9113060549, 2770601.456876045], [302013.96172327176, 2770601.4585515005], [302014.0117150733, 2770601.46529855], [302014.06077260245, 2770601.4770485177], [302014.1083965118, 2770601.4936818024], [302014.15410204657, 2770601.5150290974], [302014.19742397877, 2770601.540873112], [302014.23792134254, 2770601.5709507857], [302014.2751819229, 2770601.6049559624], [302014.3088264514, 2770601.6425425108], [302014.3385124667, 2770601.683327844], [302014.3639378005, 2770601.7268968155], [302014.38484365307, 2770601.772805946], [302014.40101722773, 2770601.820587934], [302014.4122938966, 2770601.869756416], [302014.4185588767, 2770601.919810916], [302014.41974839795, 2770601.9702419373], [302014.2385, 2770608.71055], [302014.1536630917, 2770611.865484908], [302014.1536313595, 2770611.877615863], [302014.26028539374, 2770616.802640005], [302014.2603216678, 2770616.8224607157], [302014.1650077702, 2770622.11947988], [302014.16152812866, 2770622.170048559], [302014.15294648136, 2770622.220005085], [302014.13935102365, 2770622.268836046], [302014.1208814787, 2770622.3160395958], [302014.0977276616, 2770622.361130614], [302014.07012752874, 2770622.403645692], [302014.03836473206, 2770622.4431478935], [302014.0027657042, 2770622.479231247], [302013.9636963032, 2770622.5115249166], [302013.92155805306, 2770622.5396970143], [302013.8767840169, 2770622.5634580087], [302013.82983434625, 2770622.582563705], [302013.7811915521, 2770622.5968177486], [302013.7313555461, 2770622.606073649], [302013.68083850265, 2770622.6102362815], [302002.0902792326, 2770622.975515695], [302002.0406609845, 2770622.9746154225], [302001.9913763787, 2770622.9688009014], [302001.94291092386, 2770622.9581294106], [302001.8957420592, 2770622.9427060764], [302001.85033445107, 2770622.922682836], [302001.8071354155, 2770622.8982569408], [302001.76657051145, 2770622.8696690137], [302001.7290393489, 2770622.837200677], [302001.694911652, 2770622.8011717815], [302001.6645236169, 2770622.7619372513], [302001.63817459985, 2770622.7198835914], [302001.6161241684, 2770622.675425077], [302001.598589544, 2770622.6289996747], [302001.5857434625, 2770622.5810647267], [302001.5777124721, 2770622.5320924465], [302001.5745756873, 2770622.482565266], [302001.55348333425, 2770620.932131855], [302001.55274219724, 2770620.9203801327], [302001.5409712396, 2770620.9200689737], [301987.74209150765, 2770621.236825233], [301987.7304885628, 2770621.237658072], [301987.7300464319, 2770621.249282468], [301987.77938592684, 2770625.865564246], [301987.77941378753, 2770625.871742273], [301987.7686869201, 2770632.300711486], [301987.76625322865, 2770632.3491566465], [301987.75913673546, 2770632.397138017], [301987.74740441685, 2770632.444204025], [301987.73116669065, 2770632.4899117122], [301987.71057637705, 2770632.533830904], [301987.68582726025, 2770632.5755482577], [301987.65715226467, 2770632.6146711544], [301987.62482126296, 2770632.650831391], [301987.58913853596, 2770632.6836886494], [301987.55043990887, 2770632.7129336945], [301987.5090895911, 2770632.7382912897], [301987.46547674795, 2770632.759522783], [301987.4200118386, 2770632.776428357], [301987.3731227525, 2770632.7888489054], [301987.32525078295, 2770632.796667533], [301987.27684647334, 2770632.7998106554], [301952.32221114915, 2770633.3702663668], [301952.27327828086, 2770633.368667645], [301952.22473635076, 2770633.3622909267], [301952.1770507753, 2770633.351197352], [301952.1306787603, 2770633.3354932847], [301952.0860649171, 2770633.315329294], [301952.04363699997, 2770633.290898712], [301952.00380180473, 2770633.2624357757], [301951.9669412682, 2770633.2302133865], [301951.93340880645, 2770633.1945404904], [301951.9035259263, 2770633.155759116], [301951.8775791426, 2770633.114241097], [301951.8558172312, 2770633.0703845043], [301951.8384488436, 2770633.024609832], [301951.82564050675, 2770632.977355964], [301951.81751502596, 2770632.9290759675], [301951.81415030773, 2770632.880232747], [301951.6881679211, 2770626.5186105357], [301951.5970385725, 2770621.9169316436], [301951.59622718295, 2770621.905205139], [301951.5844758209, 2770621.9049317436], [301937.33724065445, 2770622.2757422873], [301937.3256409175, 2770622.276610662], [301937.32523345924, 2770622.2882357175], [301937.346714242, 2770623.8600237253], [301937.34499463864, 2770623.9088464375], [301937.3385186686, 2770623.957268293], [301937.32734815433, 2770624.0048270347], [301937.31158973475, 2770624.0510686445], [301937.2913938469, 2770624.0955516794], [301937.26695329003, 2770624.1378514837], [301937.23850138474, 2770624.1775642443], [301937.206309746, 2770624.2143108454], [301937.1706856899, 2770624.247740486], [301937.1319693, 2770624.277534033], [301937.0905301806, 2770624.3034070623], [301937.0467639285, 2770624.325112579], [301937.0010883563, 2770624.342443372], [301936.95393950393, 2770624.3552339934], [301936.90576747595, 2770624.3633623384], [301936.85703214444, 2770624.36675081], [301925.401024129, 2770624.602134744], [301925.3521449997, 2770624.600747454], [301925.303635131, 2770624.594592253], [301925.2559584894, 2770624.5837280136], [301925.2095710723, 2770624.568258644], [301925.1649165464, 2770624.5483321], [301925.12242200423, 2770624.5241389656], [301925.0824938796, 2770624.4959106334], [301925.0455140602, 2770624.46391709], [301925.0118362347, 2770624.428464334], [301924.9817825106, 2770624.389891448], [301924.95564033295, 2770624.348567358], [301924.9336597354, 2770624.304887303], [301924.9160509486, 2770624.259269056], [301924.9029823896, 2770624.212148926], [301924.894579051, 2770624.163977589], [301924.8909213055, 2770624.1152157723], [301924.75152729236, 2770618.745601341], [301924.5998639073, 2770613.718611614], [301924.59971840144, 2770613.694484436], [301924.7785708713, 2770603.8137979843], [301924.78172130225, 2770603.766085536], [301924.7894149774, 2770603.7188922074], [301924.8015815335, 2770603.67264961], [301924.81810969993, 2770603.62778066], [301924.8388483164, 2770603.5846957127], [301924.86360771564, 2770603.5437888056], [301924.8921614578, 2770603.505434057], [301924.9242484014, 2770603.469982245], [301924.95957509184, 2770603.4377575982], [301924.9978184448, 2770603.4090548307], [301925.0386287014, 2770603.3841364463], [301925.081632627, 2770603.3632303397], [301925.1264369244, 2770603.346527709], [301925.17263183073, 2770603.334181311], [301925.21979486546, 2770603.326304061], [301925.26749469375, 2770603.3229680005], [301936.5584421135, 2770603.0746361916], [301936.60775116296, 2770603.075985485], [301936.65668730205, 2770603.082186876], [301936.70477424446, 2770603.093180007], [301936.7515439691, 2770603.108857883], [301936.796541275, 2770603.1290679155], [301936.8393282119, 2770603.1536134034], [301936.8794883425, 2770603.1822554506], [301936.9166307959, 2770603.214715289], [301936.9503940716, 2770603.2506769933], [301936.98044955794, 2770603.289790555], [301937.0065047305, 2770603.3316752887], [301937.02830599924, 2770603.3759235386], [301937.0456411765, 2770603.422104645], [301937.0583415423, 2770603.4697691356], [301937.0662834863, 2770603.5184531007], [301937.06938971113, 2770603.567682709], [301937.0982643053, 2770605.680489351], [301937.09900029586, 2770605.69219177]]]}, "properties": {"patch_id": 123, "area_m2": 74071.0, "porosity_index_per_100m_edge": 1.63, "buildings_per_100m_perimeter": 1.28}}, {"type": "Feature", "geometry": {"type": "Polygon", "coordinates": [[[302058.86554243515, 2773318.2698093746], [302058.8730465855, 2773318.278356988], [302062.22639148956, 2773321.7610594104], [302062.23525939643, 2773321.769398643], [302062.2474106681, 2773321.7701260736], [302111.44292843936, 2773322.2698773714], [302111.4547731928, 2773322.269425616], [302111.4637311029, 2773322.2616630094], [302114.32595307776, 2773319.5286385543], [302114.33438882907, 2773319.5197356115], [302114.33510113216, 2773319.5074915537], [302114.5249836704, 2773296.0220197164], [302114.5249836941, 2773296.0179802845], [302114.0851009871, 2773241.53250863], [302114.0843888085, 2773241.520264393], [302114.0759529456, 2773241.5113613196], [302111.2138678141, 2773238.778467531], [302111.20476919244, 2773238.7705950188], [302111.1927418311, 2773238.7702727676], [302066.27650867414, 2773239.76974391], [302066.2652126335, 2773239.770516475], [302066.2566469587, 2773239.7779209875], [302063.3735784717, 2773242.5118652424], [302063.36553610873, 2773242.5202482766], [302063.36434466596, 2773242.531804019], [302061.7279997628, 2773272.0060042734], [302060.3951829515, 2773296.0167041277], [302060.39477354847, 2773296.023293168], [302058.86579586315, 2773318.2584261727], [302058.86554243515, 2773318.2698093746]]]}, "properties": {"patch_id": 124, "area_m2": 4379.3, "porosity_index_per_100m_edge": 2.27, "buildings_per_100m_perimeter": 8.31}}, {"type": "Feature", "geometry": {"type": "Polygon", "coordinates": [[[302001.92558665463, 2769756.0203139684], [302001.92646901734, 2769756.031752139], [302003.42340219073, 2769768.007217526], [302003.4256023675, 2769768.019598422], [302003.4361846626, 2769768.0263912356], [302006.91507575125, 2769770.014329001], [302006.92511474446, 2769770.0194719], [302006.936346912, 2769770.018622161], [302076.9110881948, 2769761.5216892906], [302076.9248185342, 2769761.519235044], [302076.93818821455, 2769761.5152604855], [302108.9137910537, 2769750.024028215], [302108.9246015005, 2769750.0195511766], [302108.93032666715, 2769750.009346666], [302110.9196083876, 2769746.030783225], [302110.92428066593, 2769746.020191029], [302110.9149687943, 2769746.01331253], [302107.9346955776, 2769744.0264637186], [302107.9248538322, 2769744.020545533], [302107.91337153874, 2769744.020750223], [302076.93226563494, 2769746.0195312495], [302076.91777397343, 2769746.02089088], [302003.93910449604, 2769755.0182610895], [302003.92523477384, 2769755.020777771], [302003.9122890417, 2769755.0263554794], [302001.9355932403, 2769756.01470338], [302001.92558665463, 2769756.0203139684]]]}, "properties": {"patch_id": 125, "area_m2": 1489.5, "porosity_index_per_100m_edge": 0.0, "buildings_per_100m_perimeter": 0.0}}, {"type": "Feature", "geometry": {"type": "Polygon", "coordinates": [[[301968.3475935244, 2772943.7690857262], [301968.3507302557, 2772943.780089715], [301969.63902139384, 2772947.6100635454], [301981.80179265473, 2772983.736788119], [301984.2649383242, 2772991.052997829], [301984.27368015476, 2772991.0750624193], [301984.2814396382, 2772991.0916153654], [301984.2964868617, 2772991.1327436827], [301984.3684516633, 2772991.3598044165], [301984.37246192456, 2772991.3706591474], [301984.3816511108, 2772991.377692376], [301986.69018347305, 2772992.9784994884], [301986.701205421, 2772992.9853128083], [301986.7141583953, 2772992.9856662727], [301987.52781740605, 2772992.965029993], [301987.5301826828, 2772992.9649756034], [302014.8197403659, 2772992.4020466115], [302014.82425842946, 2772992.4019125416], [302020.24796533555, 2772992.1918779057], [302020.25949820114, 2772992.1908703153], [302020.2598508012, 2772992.17929889], [302019.585, 2772954.6445574556], [302019.3041591659, 2772939.0243817484], [302019.2975945597, 2772938.659262829], [302019.29680562526, 2772938.647543518], [302019.2850638719, 2772938.647233833], [302013.5253502977, 2772938.7789919865], [302013.5246499315, 2772938.7790075173], [301980.23133378016, 2772939.493949884], [301979.0971192068, 2772939.528903813], [301979.09087022895, 2772939.5290573006], [301974.79099468346, 2772939.607780399], [301974.77912131307, 2772939.608568565], [301974.76615701884, 2772939.6133619547], [301974.7460037693, 2772939.6219063643], [301974.69915145123, 2772939.6365428045], [301974.65108976624, 2772939.6465147412], [301974.6022819069, 2772939.6517260703], [301974.55319825694, 2772939.652126568], [301974.5043118582, 2772939.6477123746], [301974.45609385136, 2772939.6385260313], [301974.4090089356, 2772939.624656071], [301974.40888435324, 2772939.6246126206], [301974.39658203, 2772939.6241500312], [301972.2584968604, 2772939.649981915], [301972.2555034608, 2772939.650036009], [301971.22966720397, 2772939.6747192685], [301971.21828108013, 2772939.675525964], [301971.21128313104, 2772939.6845439053], [301970.9022722798, 2772940.1236131215], [301968.353715818, 2772943.759419121], [301968.3475935244, 2772943.7690857262]]]}, "properties": {"patch_id": 126, "area_m2": 2340.0, "porosity_index_per_100m_edge": 0.0, "buildings_per_100m_perimeter": 12.93}}, {"type": "Feature", "geometry": {"type": "Polygon", "coordinates": [[[301848.64159432007, 2770173.592193479], [301848.64189408574, 2770173.60410801], [301854.23806066334, 2770249.3892791863], [301854.23961514764, 2770249.401678343], [301854.24891093513, 2770249.4100296167], [301869.38008998893, 2770261.6689711316], [301869.39018703747, 2770261.676331648], [301869.4026378951, 2770261.6752811386], [301992.01035101956, 2770244.999584361], [301992.02168528707, 2770244.9974961523], [301992.0285341076, 2770244.988226852], [302005.0774669162, 2770225.470771617], [302005.0834143278, 2770225.4609017284], [302005.08101413166, 2770225.449631171], [301988.07018548023, 2770160.6801288608], [301988.0664597092, 2770160.6683759238], [301988.0567348036, 2770160.6607970577], [301983.98426815233, 2770157.803205017], [301983.9738302392, 2770157.7966363467], [301983.9615074629, 2770157.7971330374], [301851.8870962643, 2770169.775902903], [301851.8752883385, 2770169.777555144], [301851.86714606086, 2770169.786264928], [301848.6488507445, 2770173.5827388405], [301848.64159432007, 2770173.592193479]]]}, "properties": {"patch_id": 127, "area_m2": 13067.1, "porosity_index_per_100m_edge": 1.55, "buildings_per_100m_perimeter": 0.66}}, {"type": "Feature", "geometry": {"type": "Polygon", "coordinates": [[[301946.60344735597, 2769721.6764945528], [301946.60868712136, 2769721.678539503], [301946.6120606927, 2769721.6794989747], [301946.6230796426, 2769721.678609625], [301958.11100731534, 2769720.236999082], [301978.40708306635, 2769717.689495778], [301978.41853153316, 2769717.687496416], [301978.42135180754, 2769717.6762220724], [301978.666135749, 2769716.450336229], [301978.66914853355, 2769716.4315489954], [301978.81986662146, 2769715.191326298], [301978.8214299636, 2769715.1726149325], [301978.87858018477, 2769713.9251635536], [301978.8787468939, 2769713.9068303276], [301978.8442564614, 2769712.657291232], [301978.84305408393, 2769712.6387534873], [301978.71593920427, 2769711.3961809035], [301978.7133862149, 2769711.3779133726], [301978.49463439506, 2769710.1462026746], [301978.49068277614, 2769710.127945116], [301978.18128459697, 2769708.91892739], [301978.17606414395, 2769708.9012651015], [301977.7779401278, 2769707.716747608], [301977.77142272174, 2769707.6994930576], [301977.2866229154, 2769706.5466154697], [301977.2787437034, 2769706.5296791987], [301976.71020256454, 2769705.418215759], [301976.70120296406, 2769705.4021165557], [301976.0518072134, 2769704.33490017], [301976.0416220587, 2769704.31947672], [301975.3154033785, 2769703.3035588646], [301975.304050251, 2769703.2888632324], [301974.50390276616, 2769702.3290804117], [301974.4915916596, 2769702.315373689], [301973.62244574074, 2769701.4166649836], [301973.60907810635, 2769701.403830963], [301972.6760128694, 2769700.572250118], [301972.6615377163, 2769700.5602939837], [301971.66923939326, 2769699.8015355836], [301971.65437665844, 2769699.791006388], [301970.6087667629, 2769699.106087559], [301970.5928771457, 2769699.0965027655], [301969.5002206713, 2769698.491551391], [301969.48346076364, 2769698.483078771], [301968.34835646854, 2769697.961837302], [301968.33138412965, 2769697.95478718], [301967.1605882893, 2769697.518202536], [301967.1432001876, 2769697.5124351946], [301965.943139531, 2769697.1626638207], [301965.9246843051, 2769697.1580391964], [301964.7028382389, 2769696.900860307], [301964.6850505305, 2769696.8977825306], [301963.4463213175, 2769696.7292680554], [301963.4276097281, 2769696.7274362873], [301962.18015659554, 2769696.652549685], [301962.16182774643, 2769696.6521230685], [301960.91318248893, 2769696.668876794], [301960.8948513174, 2769696.6697967974], [301959.65039341216, 2769696.778181888], [301959.6316949418, 2769696.7805235917], [301958.3980441426, 2769696.98251913], [301958.380088612, 2769696.9861393115], [301957.1651679819, 2769697.2777990894], [301957.1470239123, 2769697.2828854364], [301955.95767013903, 2769697.665212913], [301955.94055571064, 2769697.6714107464], [301954.7815517076, 2769698.1395458668], [301954.76472615206, 2769698.1470750705], [301953.6445092815, 2769698.698808973], [301953.6278328856, 2769698.7078239825], [301952.55179532163, 2769699.3433956206], [301952.5365582722, 2769699.353156361], [301951.5097024057, 2769700.0646630162], [301951.4947188936, 2769700.0758988047], [301950.52417181636, 2769700.862189736], [301950.51027631806, 2769700.8743234626], [301949.59970540844, 2769701.730693723], [301949.58677667996, 2769701.743782475], [301948.74237660074, 2769702.6640504724], [301948.7301653446, 2769702.678410384], [301947.9566854243, 2769703.6607791493], [301947.9458602985, 2769703.675618937], [301947.2471758233, 2769704.7113275174], [301947.2374058454, 2769704.7270342926], [301946.6175777026, 2769705.810994479], [301946.6090247543, 2769705.8273211266], [301946.0700167296, 2769706.9555920376], [301946.06262054347, 2769706.9726837343], [301945.6093590863, 2769708.1373686087], [301945.6032890209, 2769708.1548563526], [301945.2377240999, 2769709.349100784], [301945.232945344, 2769709.3670771765], [301944.95703334524, 2769710.5860169716], [301944.9536333871, 2769710.60410833], [301944.7683710259, 2769711.838862258], [301944.7663074893, 2769711.857214037], [301944.6726954852, 2769713.1027463875], [301944.6719926874, 2769713.121279709], [301944.6710073846, 2769714.3716289066], [301944.6716944356, 2769714.390345331], [301944.76432191365, 2769715.6368746893], [301944.7663436071, 2769715.6550512887], [301944.94963624753, 2769716.8898130013], [301944.953041891, 2769716.9080604343], [301945.2279550625, 2769718.1279260484], [301945.23271379224, 2769718.145896838], [301945.59728862875, 2769719.3411110993], [301945.60336405085, 2769719.358662981], [301946.05569031666, 2769720.523477025], [301946.0629236175, 2769720.5402583494], [301946.5975977077, 2769721.6656293664], [301946.60344735597, 2769721.6764945528]]]}, "properties": {"patch_id": 128, "area_m2": 659.5, "porosity_index_per_100m_edge": 3.06, "buildings_per_100m_perimeter": 0.0}}, {"type": "Feature", "geometry": {"type": "Polygon", "coordinates": [[[301916.675695237, 2772726.0200061607], [301916.67825219623, 2772726.0326326806], [301919.17399741954, 2772735.7269899766], [301926.58195996244, 2772764.508188935], [301926.58551487484, 2772764.5196527643], [301926.59481119784, 2772764.5272445553], [301928.945502344, 2772766.2629869627], [301928.955174571, 2772766.2694465006], [301928.96680257964, 2772766.2697049356], [301948.9536765291, 2772765.7700330867], [301951.08241553727, 2772765.7055328223], [301951.09413179546, 2772765.7045985376], [301951.09428234963, 2772765.692845236], [301951.01499999996, 2772763.519999999], [301949.145, 2772712.27], [301949.04242411716, 2772709.458762565], [301949.04143294174, 2772709.4471610235], [301949.02979217767, 2772709.446894612], [301946.2061065226, 2772709.5199713632], [301946.2038934395, 2772709.5200237357], [301922.9072079165, 2772710.01973814], [301922.8952212298, 2772710.020581953], [301922.885701053, 2772710.0279139974], [301920.5544575837, 2772712.0119509925], [301920.5455362919, 2772712.0203420008], [301920.54169111734, 2772712.031970118], [301916.67847555433, 2772726.0074269352], [301916.675695237, 2772726.0200061607]]]}, "properties": {"patch_id": 129, "area_m2": 1633.4, "porosity_index_per_100m_edge": 0.0, "buildings_per_100m_perimeter": 9.7}}, {"type": "Feature", "geometry": {"type": "Polygon", "coordinates": [[[301726.92555698653, 2769801.0198975005], [301726.9302493524, 2769801.030498705], [301727.9193480467, 2769803.008696093], [301727.9254215473, 2769803.0194480894], [301727.9373927291, 2769803.022478546], [301732.911978687, 2769804.0173957376], [301732.9250269867, 2769804.0192916696], [301732.9381817311, 2769804.0183941037], [301929.91224594467, 2769780.0215537935], [301929.9247158753, 2769780.0193796973], [301929.9345070096, 2769780.011357264], [301935.41606781096, 2769775.0281201717], [301935.4243967663, 2769775.0197796556], [301935.42340458516, 2769775.008034389], [301934.42674659204, 2769767.5330994404], [301934.42434148426, 2769767.5202759337], [301934.41688654857, 2769767.50956842], [301930.93221143464, 2769763.029271845], [301930.92476309324, 2769763.0205714274], [301930.9133436401, 2769763.0214494956], [301737.9400464309, 2769787.0181289413], [301737.91029038886, 2769787.0236774026], [301733.9380322192, 2769788.0167419454], [301733.9253243278, 2769788.0206548483], [301733.91451035667, 2769788.0283917147], [301728.93549124507, 2769792.011607004], [301728.92559785454, 2769792.02043354], [301728.92028253333, 2769792.032579911], [301727.42879128875, 2769796.0098898965], [301727.425449366, 2769796.0201255293], [301727.4239255992, 2769796.030744008], [301726.92616796575, 2769801.0083203423], [301726.92555698653, 2769801.0198975005]]]}, "properties": {"patch_id": 130, "area_m2": 3404.9, "porosity_index_per_100m_edge": 0.0, "buildings_per_100m_perimeter": 0.23}}, {"type": "Feature", "geometry": {"type": "Polygon", "coordinates": [[[301732.7146384264, 2769761.8102380456], [301732.714, 2769761.822749027], [301732.714, 2769762.81255269], [301732.71461705567, 2769762.8249383634], [301732.7164621119, 2769762.8372013755], [301733.1622402495, 2769765.0463236314], [301733.1657309069, 2769765.0597194503], [301733.1720998465, 2769765.072010473], [301733.74550094403, 2769766.0420058556], [301733.75252520305, 2769766.0526121985], [301733.760594388, 2769766.0624469756], [301734.871431647, 2769767.2834824394], [301734.8814999523, 2769767.293358527], [301734.89353586297, 2769767.300710052], [301738.07240399736, 2769769.002257758], [301738.08530096686, 2769769.00824031], [301738.09879593214, 2769769.0127133857], [301739.2482960642, 2769769.322118873], [301739.25904237694, 2769769.324506179], [301739.2700383063, 2769769.32398466], [301749.07146737544, 2769768.4224169254], [301749.08051444724, 2769768.421418339], [301834.7138699748, 2769757.3880475075], [301834.73004391545, 2769757.3854220244], [301839.2054797748, 2769756.5074752434], [301839.22041571845, 2769756.504066799], [301856.5817816879, 2769751.9781382913], [301856.64500531333, 2769751.965941108], [301927.7813936883, 2769742.9444719045], [301927.79288060917, 2769742.9424653775], [301927.80412975984, 2769742.9393942915], [301929.3828944129, 2769742.4279218474], [301929.3947076685, 2769742.423418716], [301929.40536670806, 2769742.4166204594], [301930.5587809721, 2769741.5955625647], [301930.56759169657, 2769741.588669404], [301930.57250115206, 2769741.578617445], [301931.15027128183, 2769740.245907469], [301931.1544330373, 2769740.2349018883], [301931.1542115225, 2769740.2231377936], [301931.0660352674, 2769738.8965750225], [301931.0620335333, 2769738.86567508], [301930.79678193136, 2769737.495371601], [301930.7931825791, 2769737.481260294], [301930.78795957455, 2769737.467666007], [301930.370200084, 2769736.5454789735], [301930.36457740434, 2769736.534565848], [301930.35251705337, 2769736.532272639], [301928.9074424263, 2769736.3323066207], [301928.8979777403, 2769736.331362916], [301928.888468673, 2769736.3311429373], [301927.4400838459, 2769736.3528637732], [301927.4219500218, 2769736.353795418], [301922.0426404292, 2769736.8265921446], [301922.03337798547, 2769736.8275804603], [301734.9838141123, 2769760.3183907266], [301734.9711510455, 2769760.3206502986], [301734.9587884712, 2769760.3242035327], [301733.606424598, 2769760.7897231234], [301733.59439512354, 2769760.7945847195], [301733.58539712307, 2769760.8039324125], [301732.7223468378, 2769761.8003631965], [301732.7146384264, 2769761.8102380456]]]}, "properties": {"patch_id": 131, "area_m2": 1667.2, "porosity_index_per_100m_edge": 0.0, "buildings_per_100m_perimeter": 0.0}}, {"type": "Feature", "geometry": {"type": "Polygon", "coordinates": [[[301714.5356190626, 2772043.2402656223], [301714.53553843044, 2772043.2524502287], [301715.91449097934, 2772075.138229819], [301715.91553807416, 2772075.149789422], [301715.9226152406, 2772075.158989124], [301717.8473620831, 2772077.4309841082], [301717.85529750003, 2772077.4395004823], [301717.8665655478, 2772077.442421191], [301726.00898746593, 2772079.146997376], [301767.6583467018, 2772087.868606762], [301767.671612964, 2772087.871573596], [301801.91426364117, 2772096.0198247787], [301801.9157357902, 2772096.020177441], [301833.00282789266, 2772103.5170646044], [301833.0145412594, 2772103.5192756266], [301833.0175498054, 2772103.50774132], [301834.57499745145, 2772096.0200122525], [301839.5324368484, 2772072.192319664], [301839.5342916326, 2772072.180434033], [301839.5228598285, 2772072.1766893943], [301744.9354366112, 2772046.3828460476], [301744.9143564799, 2772046.378066534], [301716.807255405, 2772041.272226275], [301716.7951786055, 2772041.270648818], [301716.7856105013, 2772041.2781846514], [301714.54439394147, 2772043.231811476], [301714.5356190626, 2772043.2402656223]]]}, "properties": {"patch_id": 132, "area_m2": 4234.7, "porosity_index_per_100m_edge": 2.54, "buildings_per_100m_perimeter": 10.8}}, {"type": "Feature", "geometry": {"type": "Polygon", "coordinates": [[[301732.48757915234, 2772310.019788367], [301732.4951013216, 2772310.0289385673], [301735.19773634884, 2772313.010882327], [301735.20627438603, 2772313.0194183798], [301735.2182916301, 2772313.020579539], [301751.11252630834, 2772313.769977666], [301806.35114507866, 2772316.269463578], [301806.36280450545, 2772316.2694374453], [301806.3719674911, 2772316.262227537], [301810.10603787244, 2772313.0257678144], [301810.1144716513, 2772313.0177268023], [301810.1161577013, 2772313.0061966795], [301813.52082086884, 2772278.294021808], [301813.52138926706, 2772278.2825394217], [301813.50992461713, 2772278.281685069], [301733.70419558435, 2772276.200318066], [301733.6925478071, 2772276.200582688], [301733.6915656015, 2772276.212191998], [301732.4874295496, 2772310.0079440926], [301732.48757915234, 2772310.019788367]]]}, "properties": {"patch_id": 133, "area_m2": 2939.5, "porosity_index_per_100m_edge": 2.62, "buildings_per_100m_perimeter": 11.36}}, {"type": "Feature", "geometry": {"type": "Polygon", "coordinates": [[[301189.1047917674, 2769414.500038201], [301189.11210671597, 2769414.5090620844], [301216.76709840447, 2769445.423167209], [301216.77522131946, 2769445.431424312], [301216.78678359446, 2769445.4307350335], [301230.92501784477, 2769443.9129980835], [301267.8433501684, 2769439.947462013], [301267.891087382, 2769439.9446343724], [301267.93887639226, 2769439.9463801123], [301267.98628005653, 2769439.9526832644], [301268.03286475694, 2769439.9634861713], [301268.078204367, 2769439.978690015], [301268.12188414956, 2769439.9981557215], [301268.16350455035, 2769440.0217052298], [301268.20268485305, 2769440.049123125], [301268.23906666186, 2769440.0801586066], [301268.27231717965, 2769440.1145277815], [301268.3021322523, 2769440.151916263], [301268.3282391511, 2769440.191982046], [301268.350399067, 2769440.2343586343], [301268.36840929557, 2769440.2786583947], [301268.38210509095, 2769440.324476102], [301268.391361173, 2769440.3713926454], [301268.3960928731, 2769440.4189788634], [301270.2449673071, 2769476.4493628894], [301270.2450310691, 2769476.4506372362], [301273.7959544107, 2769549.2810649504], [301274.2753401988, 2769558.410434819], [301274.27660567727, 2769558.422703665], [301274.2855157098, 2769558.4312324207], [301277.41039643047, 2769561.1346915686], [301277.42020776024, 2769561.142344528], [301277.4326361694, 2769561.141740732], [301284.10248561815, 2769560.477051261], [301284.10351434833, 2769560.4769498156], [301287.43396494456, 2769560.15200342], [301422.1950131838, 2769547.0229987153], [301423.9577751391, 2769546.8511914937], [301423.9656767736, 2769546.8500273335], [301423.99005348125, 2769546.8470455008], [301472.17407176696, 2769542.1508226325], [301472.22328844614, 2769542.148465106], [301472.27249818813, 2769542.150963253], [301472.3212230995, 2769542.158292813], [301472.36898999516, 2769542.1703826073], [301472.4153349937, 2769542.187115227], [301472.45980802237, 2769542.208328175], [301472.5019771875, 2769542.233815445], [301472.5414329694, 2769542.2633295218], [301472.5777921988, 2769542.296583783], [301472.6107017782, 2769542.3332552845], [301472.6398421109, 2769542.3729878967], [301472.6649302047, 2769542.4153957614], [301472.68572242017, 2769542.4600670408], [301472.7020168367, 2769542.5065679164], [301472.71365521324, 2769542.5544468015], [301472.72052452556, 2769542.603238727], [301477.62487663876, 2769596.6016314547], [301477.62657930277, 2769596.6136925556], [301477.6356136252, 2769596.621862638], [301480.7623903509, 2769599.1791406143], [301480.772186343, 2769599.1863718005], [301480.7843408933, 2769599.1856518127], [301539.8288744664, 2769592.735300456], [301539.87852513226, 2769592.7323648673], [301539.9282218014, 2769592.7343766773], [301539.9774727141, 2769592.7413159786], [301540.02579052147, 2769592.753114105], [301540.07269710785, 2769592.769654312], [301540.11772832216, 2769592.7907729307], [301540.1604385703, 2769592.816260987], [301540.20040522475, 2769592.845866271], [301540.23723280645, 2769592.8792958315], [301540.27055689826, 2769592.916218876], [301540.3000477507, 2769592.9562700423], [301540.3254135451, 2769592.999053015], [301540.34640328144, 2769593.0441444474], [301540.3628092613, 2769593.0910981493], [301540.3744691439, 2769593.1394495033], [301540.38126755215, 2769593.188720062], [301540.38313721423, 2769593.238422282], [301540.34914568055, 2769596.0340186623], [301540.34955564316, 2769596.0454776147], [301540.36096753716, 2769596.0465931594], [301542.49961698224, 2769596.152593224], [301542.5560408374, 2769596.1586136664], [301547.9638721968, 2769597.048384822], [301548.03102961904, 2769597.06426068], [301548.32431315247, 2769597.1553694704], [301548.3354467801, 2769597.1582391467], [301548.3361495949, 2769597.1467631334], [301548.36600051436, 2769594.704957326], [301548.4179994299, 2769590.3910472966], [301548.88599970023, 2769552.166024483], [301548.9510004496, 2769546.898963124], [301549.0686624398, 2769537.248782152], [301549.0717995055, 2769537.19862727], [301549.07995521376, 2769537.1490406003], [301549.09304718033, 2769537.100523039], [301549.110943158, 2769537.053564681], [301549.1334623719, 2769537.008639873], [301549.1603773463, 2769536.966202419], [301549.1914162019, 2769536.9266809965], [301549.2262654023, 2769536.890474829], [301549.2645729213, 2769536.8579496485], [301549.305951799, 2769536.8294340065], [301549.34998405003, 2769536.80521595], [301549.3962248866, 2769536.7855401174], [301549.44420721073, 2769536.770605261], [301549.4934463332, 2769536.7605622443], [301549.54344486934, 2769536.755512516], [301549.59369776316, 2769536.7555070855], [301630.9230061195, 2769540.8388998914], [301664.82382964855, 2769542.269697376], [301664.83815896296, 2769542.2705083205], [301696.5168557793, 2769544.51984775], [301696.52114651754, 2769544.5201153555], [301756.9640373259, 2769547.7683571177], [301756.9755014702, 2769547.7684233636], [301756.97709281475, 2769547.757070017], [301759.0288613061, 2769525.3584308345], [301759.02935365797, 2769525.346552624], [301759.01754320855, 2769525.3451933316], [301750.0834067232, 2769524.766642849], [301750.0346616952, 2769524.761074123], [301749.98669710296, 2769524.7507549], [301749.9399747666, 2769524.735784537], [301749.89494454535, 2769524.716307175], [301749.852040006, 2769524.692510348], [301749.81167424883, 2769524.66462318], [301749.7742359295, 2769524.6329141795], [301749.7400855174, 2769524.5976886516], [301749.70955182484, 2769524.55928576], [301749.682928841, 2769524.5180752613], [301749.6604729013, 2769524.4744539447], [301749.64240021957, 2769524.428841812], [301749.628884806, 2769524.3816780327], [301749.6200567917, 2769524.3334167167], [301749.61600117595, 2769524.2845225404], [301749.6167570077, 2769524.235466275], [301749.6223170095, 2769524.186720251], [301750.1920648073, 2769520.7147926725], [301750.19337006466, 2769520.7034787023], [301750.18211987213, 2769520.701705893], [301724.4438818785, 2769517.898029379], [301724.3964543569, 2769517.890544043], [301724.3499634957, 2769517.8785440475], [301724.3048380149, 2769517.8621400525], [301724.2614940438, 2769517.841483329], [301724.22033128305, 2769517.8167643645], [301724.18172931933, 2769517.788211108], [301724.1460441244, 2769517.756086866], [301724.11360477284, 2769517.7206878755], [301724.0847104075, 2769517.6823405717], [301724.0596274805, 2769517.641398578], [301724.03858729673, 2769517.598239445], [301724.0217838803, 2769517.5532611697], [301724.00937218557, 2769517.506878523], [301724.00146666827, 2769517.459519228], [301723.9981402299, 2769517.411620012], [301723.9994235455, 2769517.3636225834], [301724.0053047809, 2769517.3159695547], [301724.0157297017, 2769517.2691003634], [301724.0306021735, 2769517.2234472185], [301748.39373596135, 2769453.0742274043], [301748.39732304815, 2769453.0632164436], [301748.3880132702, 2769453.056329035], [301736.1618768752, 2769444.8894787994], [301736.1223308838, 2769444.8601474385], [301736.08586146106, 2769444.8270688145], [301736.05282224575, 2769444.7905636863], [301736.02353361447, 2769444.750986038], [301735.99827957485, 2769444.708719649], [301735.9773050117, 2769444.66417437], [301735.9608133123, 2769444.617782151], [301735.9489643944, 2769444.5699928496], [301735.0731353648, 2769440.1070808438], [301735.0658748753, 2769440.0565521535], [301735.0638042421, 2769440.0055465093], [301735.06694504834, 2769439.9545955663], [301735.075264556, 2769439.9042304093], [301735.08867604693, 2769439.854976017], [301740.0644454335, 2769424.6835229285], [301740.0825847968, 2769424.6363970367], [301740.10538495716, 2769424.5913410843], [301740.13261336344, 2769424.548814621], [301740.1639922982, 2769424.5092513976], [301740.19920171064, 2769424.4730549413], [301740.2378824807, 2769424.4405944394], [301740.27964008227, 2769424.412200974], [301740.3240486068, 2769424.388164145], [301740.3706551074, 2769424.3687291183], [301740.4189842192, 2769424.354094121], [301740.46854300715, 2769424.3444084246], [301740.51882599416, 2769424.3397708186], [301740.5693203167, 2769424.3402286037], [301740.6195109557, 2769424.3457771116], [301740.6688859894, 2769424.356359749], [301740.71694181504, 2769424.3718685787], [301740.76318828505, 2769424.3921454176], [301745.2873167504, 2769426.6546573183], [301745.29768010846, 2769426.659235145], [301745.3016985287, 2769426.648642312], [301761.43711105007, 2769377.0989424465], [301761.44023667683, 2769377.0874060104], [301761.42892357317, 2769377.083549526], [301631.04693129414, 2769339.83083818], [301631.0080438766, 2769339.817982652], [301630.97033909644, 2769339.801987484], [301630.93406995205, 2769339.7829600037], [301630.92474302475, 2769339.777568654], [301630.91300494, 2769339.773616807], [301422.7659990357, 2769281.065999728], [301397.6160132481, 2769273.9730037367], [301392.4099435267, 2769272.5043692742], [301392.39807972644, 2769272.501649861], [301392.3872251115, 2769272.5071564256], [301387.6900247821, 2769275.1909858403], [301371.4649875302, 2769284.459007124], [301262.95024107705, 2769346.4550065007], [301262.93846991536, 2769346.4626420513], [301262.9276326147, 2769346.471553552], [301230.92499992816, 2769375.962000066], [301209.1590163294, 2769396.019984952], [301204.3519864449, 2769400.449012491], [301189.1129414787, 2769414.491760446], [301189.1047917674, 2769414.500038201]]]}, "properties": {"patch_id": 134, "area_m2": 116864.4, "porosity_index_per_100m_edge": 1.14, "buildings_per_100m_perimeter": 1.92}}, {"type": "Feature", "geometry": {"type": "Polygon", "coordinates": [[[301708.11553731805, 2773137.2697799276], [301708.12340381695, 2773137.27804193], [301710.19644756685, 2773139.2618158534], [301710.205222306, 2773139.269450877], [301710.2168372034, 2773139.270070359], [301752.2522047376, 2773139.5199239464], [301752.2647256649, 2773139.5193572766], [301752.2737965879, 2773139.5107078296], [301754.386778938, 2773137.2786842203], [301754.3944368733, 2773137.269778069], [301754.39491414756, 2773137.2580419797], [301754.1150834463, 2773098.2816228825], [301754.11447044986, 2773098.2702109287], [301754.10706929216, 2773098.261502813], [301752.02334776946, 2773096.028944039], [301752.0147360764, 2773096.0205778438], [301752.0027739546, 2773096.0195471835], [301711.5271719219, 2773094.520450812], [301711.5152173689, 2773094.5205905824], [301711.5060246841, 2773094.528234235], [301709.3441956353, 2773096.5115636373], [301709.33560247166, 2773096.5202757088], [301709.3346265917, 2773096.532473674], [301708.72500008787, 2773116.8969970653], [301708.1153481159, 2773137.2583734994], [301708.11553731805, 2773137.2697799276]]]}, "properties": {"patch_id": 135, "area_m2": 2000.5, "porosity_index_per_100m_edge": 0.0, "buildings_per_100m_perimeter": 14.91}}, {"type": "Feature", "geometry": {"type": "Polygon", "coordinates": [[[301556.92573578766, 2769843.0199220506], [301556.9292741449, 2769843.032822435], [301557.9210302428, 2769846.0080907284], [301557.9254757712, 2769846.0194862257], [301557.9371786535, 2769846.0230446635], [301561.912798372, 2769847.016949593], [301561.9249957967, 2769847.0193546573], [301561.9371608764, 2769847.016790956], [301617.48000459926, 2769832.3599987864], [301705.9127922946, 2769809.023221526], [301705.92438587535, 2769809.0195269147], [301705.925, 2769809.0073743802], [301705.925, 2769802.0322743114], [301705.9244090274, 2769802.0202447884], [301705.9163207536, 2769802.0113207535], [301698.9333364445, 2769795.0283364444], [301698.92483558744, 2769795.020601655], [301698.91358251334, 2769795.0229383237], [301562.9378001807, 2769830.0167058357], [301562.92531604285, 2769830.0206326167], [301562.91467905435, 2769830.0282567567], [301557.9345846268, 2769834.0123322983], [301557.9255603256, 2769834.0203085537], [301557.923644529, 2769834.032199239], [301556.9264925963, 2769843.0065666335], [301556.92573578766, 2769843.0199220506]]]}, "properties": {"patch_id": 136, "area_m2": 2374.5, "porosity_index_per_100m_edge": 0.0, "buildings_per_100m_perimeter": 0.61}}, {"type": "Feature", "geometry": {"type": "Polygon", "coordinates": [[[301555.0437304, 2769805.01800229], [301555.04712007346, 2769805.0306234476], [301555.399023594, 2769806.1088167336], [301555.40357640176, 2769806.1206696], [301555.4115033487, 2769806.1305883694], [301556.45357399934, 2769807.305626447], [301556.4613438177, 2769807.313635185], [301556.4703816992, 2769807.3201029133], [301559.66974860994, 2769809.401331342], [301559.68025044777, 2769809.4074539314], [301559.69174210925, 2769809.4114182927], [301562.68599541014, 2769810.283087523], [301562.6960862927, 2769810.2855741694], [301562.7063491609, 2769810.28721211], [301566.7143358362, 2769810.7566338745], [301566.72596034, 2769810.7574445233], [301566.7373517524, 2769810.7549905805], [301575.9090647465, 2769808.3235130473], [301575.91293931584, 2769808.3225024627], [301603.41801435576, 2769801.265996316], [301619.4499841423, 2769797.152004069], [301645.9030060604, 2769790.3649984454], [301660.87613072695, 2769786.52299283], [301660.8838355834, 2769786.5208840477], [301682.35368280276, 2769780.2742927065], [301682.36474510195, 2769780.2705002804], [301682.37430957734, 2769780.2637713873], [301683.4608582847, 2769779.420098273], [301683.4695856499, 2769779.412649569], [301683.4750102111, 2769779.402566682], [301684.27853856847, 2769777.7292905333], [301684.282602986, 2769777.7198481755], [301684.28505135264, 2769777.709899985], [301685.18321655155, 2769773.2877045535], [301685.1852138656, 2769773.2739743553], [301685.1841156387, 2769773.2601431776], [301685.0067843323, 2769771.95612125], [301685.00434699305, 2769771.943317772], [301684.99577580206, 2769771.9334991965], [301684.2467539042, 2769771.162016407], [301684.23768830724, 2769771.1535724164], [301684.22567639145, 2769771.1505392473], [301683.0074539601, 2769770.907287103], [301682.9959688202, 2769770.905546899], [301682.9843603204, 2769770.905970485], [301681.11150322325, 2769771.0621242695], [301681.10107410833, 2769771.0634383154], [301681.0907926799, 2769771.0656258785], [301656.0130026297, 2769777.5169993117], [301619.080194801, 2769787.0179498876], [301577.3555114693, 2769797.715868863], [301577.35448812315, 2769797.71613009], [301557.757593998, 2769802.6965451795], [301557.73087819695, 2769802.704954879], [301555.54954037524, 2769803.5286422786], [301555.5384750269, 2769803.5334567134], [301555.5340991013, 2769803.5447026957], [301555.04719912424, 2769805.0054026274], [301555.0437304, 2769805.01800229]]]}, "properties": {"patch_id": 137, "area_m2": 1281.3, "porosity_index_per_100m_edge": 0.0, "buildings_per_100m_perimeter": 0.72}}, {"type": "Feature", "geometry": {"type": "Polygon", "coordinates": [[[301636.99057571334, 2773385.890559297], [301636.9901313862, 2773385.902215635], [301637.1099998971, 2773397.046990429], [301637.45986769744, 2773429.7046504975], [301637.46057513764, 2773429.7164066713], [301637.472347633, 2773429.716747801], [301671.5732990947, 2773429.02023899], [301671.5847775256, 2773429.019466166], [301671.5934076616, 2773429.0118587785], [301674.4158809432, 2773426.2788300724], [301674.42436599126, 2773426.2697353847], [301674.42486394575, 2773426.257307136], [301674.01513334166, 2773388.0324397995], [301674.0143960228, 2773388.020261598], [301674.0060174434, 2773388.011393021], [301671.15382639563, 2773385.278457348], [301671.14476894075, 2773385.270590548], [301671.1327777795, 2773385.2702218117], [301642.98798776406, 2773385.7810002225], [301637.002214332, 2773385.8897780324], [301636.99057571334, 2773385.890559297]]]}, "properties": {"patch_id": 138, "area_m2": 1612.3, "porosity_index_per_100m_edge": 0.0, "buildings_per_100m_perimeter": 14.53}}, {"type": "Feature", "geometry": {"type": "Polygon", "coordinates": [[[301518.9556008904, 2771524.9895535945], [301518.96689931187, 2771524.9929763325], [301548.60295369645, 2771532.4057367747], [301548.61602195166, 2771532.4082679213], [301548.6292183963, 2771532.4065243723], [301578.7608237251, 2771526.763280452], [301578.7723612979, 2771526.760521944], [301578.7717558776, 2771526.748674648], [301575.6700016681, 2771496.0200165254], [301573.10839608265, 2771470.62544558], [301573.1066065174, 2771470.613655127], [301573.09472188784, 2771470.614641511], [301521.3592464797, 2771477.5313627194], [301521.34755967354, 2771477.533517355], [301521.3463286522, 2771477.545337185], [301520.3410890643, 2771496.018363288], [301518.95558616193, 2771524.977748212], [301518.9556008904, 2771524.9895535945]]]}, "properties": {"patch_id": 139, "area_m2": 3091.6, "porosity_index_per_100m_edge": 1.38, "buildings_per_100m_perimeter": 6.44}}, {"type": "Feature", "geometry": {"type": "Polygon", "coordinates": [[[301290.9255668838, 2769945.0199517617], [301290.92922304134, 2769945.0309799076], [301295.92081024195, 2769958.009106629], [301295.92544654873, 2769958.019662477], [301295.93433705, 2769958.0270027877], [301299.9153531408, 2769961.0127648558], [301299.925074002, 2769961.0193480593], [301299.93602306326, 2769961.01511111], [301538.9139591709, 2769855.0248967693], [301538.9245548862, 2769855.0195710333], [301538.9294856607, 2769855.0087858485], [301540.9206300072, 2769850.030924982], [301540.924424431, 2769850.0199705604], [301540.92176747613, 2769850.0086861667], [301538.9282288989, 2769843.0313011464], [301538.9245369682, 2769843.020355179], [301538.9149215692, 2769843.0139529416], [301528.9353525314, 2769837.026211519], [301528.92496302334, 2769837.0206413297], [301528.9140021765, 2769837.0249805422], [301502.1820117073, 2769849.130994698], [301468.28542446624, 2769864.4805624234], [301468.25208248827, 2769864.494235266], [301466.17582781095, 2769865.2594778696], [301466.13041925716, 2769865.273797965], [301466.08385448577, 2769865.283733959], [301457.5013495437, 2769866.6916460376], [301457.4730205317, 2769866.6980031244], [301452.3955836835, 2769868.1519647823], [301452.36133787106, 2769868.1645440552], [301412.9262287822, 2769886.0194436484], [301412.92376828, 2769886.020549693], [301291.93588776496, 2769940.0151409972], [301291.92548821523, 2769940.0203901534], [301291.92266174505, 2769940.0316912746], [301290.92730711674, 2769945.0084644165], [301290.9255668838, 2769945.0199517617]]]}, "properties": {"patch_id": 140, "area_m2": 5832.8, "porosity_index_per_100m_edge": 0.0, "buildings_per_100m_perimeter": 0.0}}, {"type": "Feature", "geometry": {"type": "Polygon", "coordinates": [[[301471.1155449251, 2772419.269843907], [301471.1220144046, 2772419.27922948], [301473.00731306797, 2772421.7598856157], [301473.0153386582, 2772421.769400886], [301473.02762983885, 2772421.771369987], [301516.792133202, 2772426.5186043093], [301516.80478428636, 2772426.519317221], [301516.81472947, 2772426.511465377], [301519.0754428311, 2772424.5283834813], [301519.0843775666, 2772424.519703927], [301519.08547363407, 2772424.507295754], [301520.0445093923, 2772398.78315953], [301520.0443097845, 2772398.7701975117], [301520.03762226866, 2772398.759092064], [301518.1853488156, 2772396.0205157218], [301514.7113927065, 2772390.91175398], [301514.6867397593, 2772390.87154333], [301514.66598545836, 2772390.8291886], [301514.64931448904, 2772390.78506669], [301514.63687520067, 2772390.7395702256], [301514.62877828616, 2772390.693104064], [301514.6250957971, 2772390.6460816925], [301514.6258605028, 2772390.5989215462], [301517.8042245667, 2772340.5322148977], [301517.80439811473, 2772340.5202049427], [301517.7969315575, 2772340.5107964533], [301515.182963973, 2772337.52908438], [301515.1747229245, 2772337.5205529653], [301515.1629557055, 2772337.519058772], [301479.99696330016, 2772334.7709348984], [301479.9851836375, 2772334.7705814163], [301479.9757440711, 2772334.777636905], [301476.9648307346, 2772337.261888833], [301476.9556168098, 2772337.270315802], [301476.95416649635, 2772337.2827176917], [301474.18099974334, 2772379.5960039175], [301473.10501875763, 2772396.019713684], [301473.10498091194, 2772396.0202863202], [301472.70542152075, 2772402.013677189], [301472.70441837335, 2772402.0263101007], [301471.11606401217, 2772419.258456472], [301471.1155449251, 2772419.269843907]]]}, "properties": {"patch_id": 141, "area_m2": 3797.7, "porosity_index_per_100m_edge": 1.91, "buildings_per_100m_perimeter": 9.18}}, {"type": "Feature", "geometry": {"type": "Polygon", "coordinates": [[[301440.1456089209, 2773178.9215840413], [301440.146206953, 2773178.932957425], [301442.9548647969, 2773206.758660527], [301442.9551496213, 2773206.7613379387], [301443.7836105841, 2773214.169575609], [301443.7855403719, 2773214.1814308558], [301443.7974797071, 2773214.182743608], [301486.70303134277, 2773216.739286843], [301486.71445252403, 2773216.739418932], [301486.7155746985, 2773216.71603402], [301486.7156244659, 2773216.716036408], [301486.71599745104, 2773216.7042324124], [301488.74422379053, 2773184.642270227], [301488.744392747, 2773184.6302081193], [301488.73686044797, 2773184.620785413], [301486.103156888, 2773181.6392342127], [301486.0947177359, 2773181.6305797715], [301486.082700422, 2773181.6292748954], [301452.62800146616, 2773179.6570000867], [301440.15699734766, 2773178.921707366], [301440.1456089209, 2773178.9215840413]]]}, "properties": {"patch_id": 142, "area_m2": 1604.7, "porosity_index_per_100m_edge": 1.24, "buildings_per_100m_perimeter": 10.58}}, {"type": "Feature", "geometry": {"type": "Polygon", "coordinates": [[[301311.0455356648, 2772294.7698115404], [301311.05255837383, 2772294.778802454], [301314.2565551639, 2772298.5101651754], [301314.26533727936, 2772298.5193802756], [301314.27784411184, 2772298.52175147], [301336.25352487504, 2772301.5184352105], [301336.2648682775, 2772301.519449856], [301336.2745220756, 2772301.513407794], [301339.5050667703, 2772299.2768768515], [301339.51448218094, 2772299.269661686], [301339.5173076879, 2772299.2581410483], [301343.11262732744, 2772280.782192901], [301343.1143576941, 2772280.770133694], [301343.1079593263, 2772280.7597664627], [301341.4023014362, 2772278.2806125525], [301341.3946258171, 2772278.2706021057], [301341.3822515288, 2772278.2681523953], [301324.14892431285, 2772275.770568741], [301324.1410851598, 2772275.769369083], [301311.7473270997, 2772273.7719866396], [301311.7355681643, 2772273.7706896737], [301311.7345902938, 2772273.7824794296], [301311.2540007253, 2772288.420977908], [301311.0453817227, 2772294.7584040314], [301311.0455356648, 2772294.7698115404]]]}, "properties": {"patch_id": 143, "area_m2": 710.6, "porosity_index_per_100m_edge": 0.96, "buildings_per_100m_perimeter": 5.77}}, {"type": "Feature", "geometry": {"type": "Polygon", "coordinates": [[[301094.4097024669, 2771324.5070556607], [301094.41318554856, 2771324.5191445197], [301143.2349154482, 2771466.1771485256], [301143.2395102403, 2771466.188585004], [301143.2497708234, 2771466.1954132933], [301150.1022269634, 2771470.2755853888], [301150.1131217184, 2771470.281353376], [301150.125368001, 2771470.2799413702], [301230.92498469783, 2771456.831002547], [301251.2382179237, 2771453.4511267827], [301251.2506069237, 2771453.4483992965], [301251.2580665192, 2771453.4381386484], [301255.6069353518, 2771446.753858476], [301255.61329196044, 2771446.742884023], [301255.61076881737, 2771446.730455072], [301239.22000148613, 2771383.09400577], [301230.9249992349, 2771350.8869970297], [301215.8000750534, 2771292.162939208], [301215.79648460425, 2771292.1513889865], [301215.78636151156, 2771292.1447691717], [301208.9046383494, 2771288.114230747], [301208.8939128458, 2771288.1086397846], [301208.8820826634, 2771288.111158116], [301098.18641357, 2771317.4457103815], [301098.17443728127, 2771317.4495520564], [301098.167955765, 2771317.460330733], [301094.4150458808, 2771324.4956661817], [301094.4097024669, 2771324.5070556607]]]}, "properties": {"patch_id": 144, "area_m2": 19754.2, "porosity_index_per_100m_edge": 1.79, "buildings_per_100m_perimeter": 0.36}}, {"type": "Feature", "geometry": {"type": "Polygon", "coordinates": [[[301206.59552760463, 2769978.85444321], [301206.59134069586, 2769978.866173203], [301205.70158785424, 2769981.8260644847], [301205.6986102404, 2769981.838118834], [301205.6968470484, 2769981.8504096707], [301205.47556514095, 2769984.232153773], [301205.47472148604, 2769984.265903387], [301205.5294998105, 2769985.549281274], [301205.5305454982, 2769985.5609250884], [301205.5326773839, 2769985.5724197337], [301206.3809043269, 2769989.190326671], [301206.38300575037, 2769989.1996935015], [301206.85078110814, 2769991.3826451716], [301206.8534292943, 2769991.392869178], [301206.8569329891, 2769991.4028324727], [301208.41773099604, 2769995.30482749], [301208.42370943463, 2769995.3176179673], [301208.43109761766, 2769995.329649291], [301210.0522610356, 2769997.66186667], [301210.06050566025, 2769997.6724533495], [301210.0717015706, 2769997.679849518], [301211.6203835336, 2769998.5863709985], [301211.6301723695, 2769998.591529723], [301211.64097634604, 2769998.5939188423], [301213.9285891504, 2769998.9938303838], [301213.94101397455, 2769998.9953623745], [301213.95349397813, 2769998.9943761462], [301214.9616039299, 2769998.8633511867], [301214.9719069846, 2769998.8615701394], [301214.98173250543, 2769998.8581035268], [301217.21116640983, 2769997.9655348035], [301217.21878079866, 2769997.96233942], [301232.8929913792, 2769991.0780037865], [301248.5615386172, 2769984.19715497], [301248.5707964685, 2769984.192624277], [301248.57915220497, 2769984.1866499605], [301250.2892923957, 2769982.854561595], [301250.29853679467, 2769982.8466000934], [301250.30506442446, 2769982.836293081], [301251.4363539527, 2769980.838968262], [301251.4415211966, 2769980.8287840434], [301251.4447281569, 2769980.8178733992], [301251.9999578304, 2769978.5534072802], [301252.00234033674, 2769978.5409761784], [301252.00086069363, 2769978.528405606], [301251.6242816066, 2769976.3114321353], [301251.6213034, 2769976.298283247], [301251.6142605992, 2769976.2867870787], [301248.9943253932, 2769972.4909988223], [301248.9596453144, 2769972.4326414973], [301248.07967928564, 2769970.692817478], [301248.0585654755, 2769970.6450234596], [301248.0425546009, 2769970.5952870236], [301247.05829206307, 2769966.882873367], [301247.05551248597, 2769966.8731826954], [301246.3441382453, 2769964.569401681], [301246.3392782576, 2769964.5563151306], [301246.332983859, 2769964.5438548825], [301245.5946362766, 2769963.2657565377], [301245.58860957035, 2769963.2563316035], [301245.58028447727, 2769963.248858765], [301244.2971474748, 2769962.197495164], [301244.28777462814, 2769962.190529109], [301244.2762575167, 2769962.1885972065], [301242.81138370995, 2769962.0135988593], [301242.7981115423, 2769962.012734989], [301242.78569328063, 2769962.0174976843], [301218.6561717676, 2769972.796689657], [301218.64593819494, 2769972.801542239], [301206.6063591469, 2769978.848294987], [301206.59552760463, 2769978.85444321]]]}, "properties": {"patch_id": 145, "area_m2": 1007.2, "porosity_index_per_100m_edge": 0.0, "buildings_per_100m_perimeter": 2.33}}, {"type": "Feature", "geometry": {"type": "Polygon", "coordinates": [[[301032.54263815127, 2770971.847092209], [301032.5450561768, 2770971.858935389], [301042.28896616685, 2771009.9121518703], [301042.2924122333, 2771009.923308429], [301042.3038649891, 2771009.921032791], [301073.1140497314, 2771002.215988536], [301073.1252950968, 2771002.212579823], [301073.12294428085, 2771002.201066734], [301062.50403258594, 2770960.7318429262], [301062.50058801455, 2770960.720690629], [301062.4891381916, 2770960.7229578756], [301035.1149603662, 2770967.549017548], [301035.1033848185, 2770967.5525182043], [301035.0966870379, 2770967.562587338], [301032.54830981395, 2770971.836417942], [301032.54263815127, 2770971.847092209]]]}, "properties": {"patch_id": 146, "area_m2": 1355.4, "porosity_index_per_100m_edge": 1.36, "buildings_per_100m_perimeter": 14.27}}, {"type": "Feature", "geometry": {"type": "Polygon", "coordinates": [[[300751.3036316081, 2770805.993094272], [300751.30596570537, 2770806.00490076], [300773.737826636, 2770896.0193043263], [300773.73817135656, 2770896.0206961203], [300777.14819775947, 2770909.8736161543], [300777.15146530606, 2770909.8846363802], [300777.16136898316, 2770909.8904707115], [300780.32754374057, 2770911.560955637], [300780.3390863435, 2770911.566300891], [300780.3515826026, 2770911.5639245617], [300803.84808701964, 2770905.8209117693], [300803.85948371375, 2770905.8175261756], [300803.8618811547, 2770905.805881471], [300809.9366761861, 2770866.67163156], [300809.9465873074, 2770866.6235163156], [300809.9611722472, 2770866.576605905], [300809.9802902138, 2770866.5313531654], [300810.003756657, 2770866.4881949318], [300810.03134504997, 2770866.4475478204], [300810.06278907554, 2770866.409804207], [300810.09778519743, 2770866.3753284393], [300810.13599559007, 2770866.3444533204], [300810.17705139983, 2770866.317476894], [300810.2205563056, 2770866.29465957], [300810.2660903445, 2770866.276221609], [300810.31321396615, 2770866.262340998], [300830.9249984466, 2770861.277000375], [300835.953196699, 2770860.0608548066], [300835.96432914527, 2770860.0575827193], [300835.9623428993, 2770860.0461506294], [300833.9819973331, 2770851.2147772782], [300833.97343231004, 2770851.1648569168], [300833.9699616543, 2770851.1143261674], [300833.9716209803, 2770851.0637035565], [300833.9783932608, 2770851.0135085536], [300833.9902090012, 2770850.96425624], [300834.0069469531, 2770850.916452024], [300834.0284353581, 2770850.8705864535], [300834.0544537107, 2770850.827130183], [300834.08473502065, 2770850.7865291443], [300834.1189685531, 2770850.7491999683], [300834.15680301684, 2770850.7155257133], [300834.19785016956, 2770850.685851931], [300834.2416888013, 2770850.6604831223], [300834.2878690573, 2770850.6396796117], [300834.3359170538, 2770850.6236548764], [300852.16951838636, 2770845.6641929965], [300852.1803539654, 2770845.6606153874], [300852.178334477, 2770845.6493845894], [300846.38479159464, 2770820.4031647863], [300846.3815581615, 2770820.391726181], [300846.3699132648, 2770820.3941121954], [300830.9249828067, 2770824.371004428], [300812.0866633472, 2770829.222752007], [300812.03921717533, 2770829.2325479225], [300811.99104567687, 2770829.237706015], [300811.94260110497, 2770829.2381778583], [300811.8943382765, 2770829.233959023], [300811.8467103021, 2770829.2250891165], [300811.80016433203, 2770829.211651414], [300811.7551373583, 2770829.1937720734], [300811.7120521121, 2770829.171618953], [300811.67131309473, 2770829.145400035], [300811.6333027803, 2770829.115361474], [300811.59837802465, 2770829.0817852826], [300811.5668667153, 2770829.0449866876], [300811.5390646929, 2770829.0053111697], [300811.5152329739, 2770828.9631312178], [300811.49559529993, 2770828.918842834], [300811.48033603723, 2770828.872861815], [300800.5252602101, 2770789.588690896], [300800.521606491, 2770789.5776837463], [300800.5102536282, 2770789.5800543185], [300753.88773482444, 2770801.702948684], [300753.87637337804, 2770801.7064990704], [300753.8697602913, 2770801.716396281], [300751.3093115925, 2770805.9824839495], [300751.3036316081, 2770805.993094272]]]}, "properties": {"patch_id": 147, "area_m2": 6373.6, "porosity_index_per_100m_edge": 1.3, "buildings_per_100m_perimeter": 7.26}}, {"type": "Feature", "geometry": {"type": "Polygon", "coordinates": [[[300709.30059983034, 2770123.2701136125], [300709.30234958377, 2770123.2817747737], [300714.9869380944, 2770151.7696897644], [300714.9870614968, 2770151.770310232], [300718.45363424794, 2770169.2580655343], [300718.45652344625, 2770169.2696533403], [300718.4660649657, 2770169.2768355487], [300721.7588152645, 2770171.5130831106], [300721.7691296042, 2770171.519369401], [300721.7810871484, 2770171.517660552], [300756.63222179, 2770164.7722796537], [300756.6436685781, 2770164.7694885926], [300756.6508918735, 2770164.7601803644], [300758.91798199515, 2770161.5299993493], [300758.9243821434, 2770161.51986111], [300758.92293648823, 2770161.50795918], [300750.95811175543, 2770115.0323223276], [300750.9554399237, 2770115.0203587604], [300750.94568951806, 2770115.0129294167], [300747.68521441706, 2770112.7770047053], [300747.674867362, 2770112.7706383923], [300747.66284068464, 2770112.77235613], [300711.56239799986, 2770119.7675976194], [300711.5503811321, 2770119.770562601], [300711.543170984, 2770119.780622914], [300709.3064928257, 2770123.259900049], [300709.30059983034, 2770123.2701136125]]]}, "properties": {"patch_id": 148, "area_m2": 2190.4, "porosity_index_per_100m_edge": 2.74, "buildings_per_100m_perimeter": 8.22}}, {"type": "Feature", "geometry": {"type": "Polygon", "coordinates": [[[300397.45663745626, 2769796.5202450207], [300397.4564810009, 2769796.532648921], [300398.8628244728, 2769833.515384145], [300398.8630902185, 2769833.52461831], [300399.82975862455, 2769883.008643923], [300399.83060281613, 2769883.0208669533], [300399.83365808846, 2769883.0288505624], [300399.8473273035, 2769883.0697785215], [300399.85741680115, 2769883.1117326315], [300399.8638514371, 2769883.1544004264], [300399.86658328766, 2769883.1974641266], [300400.70574138546, 2769924.7571919844], [300400.70663679874, 2769924.7697079205], [300400.71553839976, 2769924.778551669], [300404.32209182624, 2769928.0120133613], [300404.331206698, 2769928.019430437], [300404.34295701265, 2769928.0195854567], [300430.9249932941, 2769927.0980002326], [300498.1011827781, 2769924.7704094555], [300498.11276281526, 2769924.7694586487], [300498.1213119772, 2769924.7615901628], [300500.82202784216, 2769922.02907779], [300500.8303522438, 2769922.0197478617], [300500.8305260979, 2769922.00724534], [300499.2240225338, 2769878.769606478], [300498.17500103876, 2769852.270026241], [300495.73748019, 2769790.5321623185], [300495.7364567102, 2769790.5205802727], [300495.7248324366, 2769790.5203206534], [300430.92500379204, 2769792.2279999005], [300400.8750688282, 2769793.01968204], [300400.8632476656, 2769793.0205658013], [300400.8545788043, 2769793.028651067], [300397.46482928534, 2769796.510929704], [300397.45663745626, 2769796.5202450207]]]}, "properties": {"patch_id": 149, "area_m2": 13331.3, "porosity_index_per_100m_edge": 2.38, "buildings_per_100m_perimeter": 6.06}}, {"type": "Feature", "geometry": {"type": "Polygon", "coordinates": [[[300421.1670742442, 2770465.084142168], [300421.1755893499, 2770465.0920731733], [300430.9249975677, 2770473.2999979523], [300464.5713901558, 2770501.626909468], [300464.58127920114, 2770501.6344199143], [300464.5866651468, 2770501.6357816025], [300464.5910312082, 2770501.63644253], [300464.6027485032, 2770501.6359924423], [300466.43256189843, 2770501.4790666983], [300466.4446909023, 2770501.4774133833], [300466.45291214995, 2770501.468343808], [300468.97309313656, 2770498.3926497404], [300468.98036501533, 2770498.3828123645], [300468.97960801906, 2770498.3706024815], [300466.66454281774, 2770477.7517409287], [300466.6599500937, 2770477.724513285], [300460.3957353633, 2770450.024095803], [300460.39247701707, 2770450.0124132754], [300460.381864215, 2770450.006542444], [300457.0231313503, 2770448.360455382], [300457.0119936637, 2770448.355665959], [300457.0007668618, 2770448.3602425903], [300430.9250123663, 2770460.5299942284], [300421.1773592949, 2770465.0786992284], [300421.1670742442, 2770465.084142168]]]}, "properties": {"patch_id": 150, "area_m2": 1257.7, "porosity_index_per_100m_edge": 3.22, "buildings_per_100m_perimeter": 6.45}}, {"type": "Feature", "geometry": {"type": "Polygon", "coordinates": [[[300281.6950422624, 2769564.9266653066], [300281.7002669982, 2769564.936759823], [300288.6220018502, 2769576.820701763], [300288.62833523005, 2769576.830473255], [300288.63986930065, 2769576.8320729258], [300367.18398128357, 2769583.9320719675], [300367.23251541157, 2769583.9388707913], [300367.2801508095, 2769583.950388362], [300367.32642983727, 2769583.9665140305], [300367.3709078858, 2769583.9870928735], [300367.41315764794, 2769584.011927188], [300367.4527732244, 2769584.040778387], [300367.48937402264, 2769584.073369293], [300367.52260841354, 2769584.1093868003], [300367.5521571096, 2769584.148484884], [300367.5777362323, 2769584.190287923], [300367.5991000394, 2769584.234394309], [300367.6160432857, 2769584.280380307], [300367.62840319506, 2769584.327804122], [300367.63606102404, 2769584.3762101466], [300367.63894320285, 2769584.4251333377], [300367.6370220419, 2769584.474103683], [300366.5881028154, 2769596.3305343552], [300366.5876478854, 2769596.342440289], [300366.5994936222, 2769596.343719614], [300386.26296096196, 2769597.476306569], [300386.2748013568, 2769597.476416787], [300386.2841128469, 2769597.469102199], [300390.0155377585, 2769594.235200609], [300390.02440089645, 2769594.2267060746], [300390.0256946678, 2769594.2144979415], [300391.08630841447, 2769575.1264466024], [300391.0863954126, 2769575.1149806227], [300391.0750425546, 2769575.113371626], [300281.70639820636, 2769564.927154726], [300281.6950422624, 2769564.9266653066]]]}, "properties": {"patch_id": 151, "area_m2": 1446.7, "porosity_index_per_100m_edge": 2.32, "buildings_per_100m_perimeter": 4.25}}, {"type": "Feature", "geometry": {"type": "Polygon", "coordinates": [[[300355.3830005895, 2769690.18368745], [300355.38794303243, 2769690.1935599637], [300358.66464154446, 2769696.015809344], [300358.66951788164, 2769696.024096854], [300376.60632922145, 2769725.209145953], [300376.613304159, 2769725.219296976], [300376.62547831197, 2769725.2174306842], [300382.4286824214, 2769724.022536221], [300382.44041964266, 2769724.019497198], [300382.4417554375, 2769724.0074467356], [300384.1260043231, 2769696.0199278137], [300384.22126014176, 2769694.429354091], [300384.2213824768, 2769694.4175020345], [300384.20975502714, 2769694.4152023154], [300355.3939889356, 2769690.1847600956], [300355.3830005895, 2769690.18368745]]]}, "properties": {"patch_id": 152, "area_m2": 549.9, "porosity_index_per_100m_edge": 5.68, "buildings_per_100m_perimeter": 9.46}}, {"type": "Feature", "geometry": {"type": "Polygon", "coordinates": [[[300302.17564802576, 2770148.2702201107], [300302.1759865842, 2770148.28263232], [300303.7360611783, 2770168.2579792356], [300303.7375426721, 2770168.2696596636], [300303.7474126104, 2770168.2760792915], [300308.0088626534, 2770170.7640814185], [300308.01903561084, 2770170.7693970585], [300308.0297635525, 2770170.7653158614], [300362.0086014085, 2770147.274525313], [300362.01866713347, 2770147.2695905506], [300362.0255530103, 2770147.2607443356], [300363.07358190377, 2770145.7804775373], [300363.08035094873, 2770145.7697934946], [300363.081, 2770145.757162285], [300363.081, 2770145.5328609073], [300363.0803524952, 2770145.5202825493], [300363.0715712496, 2770145.5112534785], [300360.933775624, 2770143.528140653], [300360.92478354764, 2770143.520566599], [300360.91303190554, 2770143.5202161283], [300305.56281203666, 2770144.5197686316], [300305.550290962, 2770144.520637759], [300305.5414278017, 2770144.529524665], [300302.18347631005, 2770148.2605818775], [300302.17564802576, 2770148.2702201107]]]}, "properties": {"patch_id": 153, "area_m2": 935.0, "porosity_index_per_100m_edge": 2.68, "buildings_per_100m_perimeter": 8.7}}, {"type": "Feature", "geometry": {"type": "Polygon", "coordinates": [[[300271.0586504014, 2770213.407435322], [300271.06021928234, 2770213.4188952437], [300278.3316820028, 2770252.3935756497], [300278.33449381625, 2770252.40532013], [300278.34653212584, 2770252.404361874], [300294.66343872267, 2770250.2715112227], [300294.6747233928, 2770250.269497286], [300294.68246431206, 2770250.2610428254], [300297.167265725, 2770247.27928113], [300297.1744106138, 2770247.2698123655], [300297.1740548063, 2770247.2579557076], [300294.71994552, 2770215.98604845], [300294.71848612034, 2770215.974586901], [300294.7069322278, 2770215.97465425], [300281.09898852557, 2770216.712404261], [300281.0771063906, 2770216.7145594275], [300278.63908391853, 2770217.0635640146], [300278.5886046712, 2770217.068194364], [300278.5379160141, 2770217.0676897927], [300278.48753894446, 2770217.0620554867], [300278.4379912569, 2770217.0513493577], [300278.3897822211, 2770217.0356814475], [300278.343407348, 2770217.0152127957], [300278.2993432959, 2770216.990153788], [300278.2580429719, 2770216.9607619904], [300278.21993087634, 2770216.927339502], [300278.1853987397, 2770216.8902298524], [300278.15480149636, 2770216.8498144685], [300278.1284536364, 2770216.8065087553], [300278.106625973, 2770216.7607578244], [300278.0895428593, 2770216.713031922], [300278.0773798818, 2770216.6638215925], [300277.1983597842, 2770212.132165513], [300277.19553865056, 2770212.1206946447], [300277.1838714769, 2770212.1225430775], [300271.06984295824, 2770213.4045167994], [300271.0586504014, 2770213.407435322]]]}, "properties": {"patch_id": 154, "area_m2": 757.9, "porosity_index_per_100m_edge": 0.0, "buildings_per_100m_perimeter": 11.74}}, {"type": "Feature", "geometry": {"type": "Polygon", "coordinates": [[[300139.57468788134, 2769510.2729363916], [300139.5800943537, 2769510.2841724204], [300141.37570071366, 2769513.5759519506], [300141.3823547778, 2769513.5867742132], [300141.3945177925, 2769513.590442839], [300149.24736679805, 2769515.520863455], [300149.2571398973, 2769515.5230592545], [300164.2089084441, 2769518.569051001], [300164.21152890386, 2769518.5694536595], [300164.222437399, 2769518.571253521], [300169.12570112525, 2769519.436065412], [300169.1363341824, 2769519.4377057096], [300215.6185685777, 2769525.5872814255], [300215.6294576923, 2769525.5884799105], [300227.76879798295, 2769526.6559270415], [300227.7800280424, 2769526.6563620945], [300227.7751607448, 2769526.646232293], [300218.0840357207, 2769508.7755979314], [300218.0781078271, 2769508.7643265575], [300174.11835011316, 2769422.5304950704], [300174.112658212, 2769422.5205203923], [300174.1012432254, 2769422.5192594626], [300170.15611240163, 2769422.270762938], [300170.14416801353, 2769422.2705912977], [300170.1340985225, 2769422.277018058], [300167.68431457906, 2769424.013397929], [300167.6754294033, 2769424.0203259974], [300167.67146332416, 2769424.0308554466], [300139.5779423125, 2769510.2608994953], [300139.57468788134, 2769510.2729363916]]]}, "properties": {"patch_id": 155, "area_m2": 4608.5, "porosity_index_per_100m_edge": 2.29, "buildings_per_100m_perimeter": 1.96}}, {"type": "Feature", "geometry": {"type": "Polygon", "coordinates": [[[300096.71623684117, 2770175.5520495498], [300096.72574021405, 2770175.557738949], [300177.98934451846, 2770218.9803063273], [300177.99904061836, 2770218.98489984], [300177.9958092076, 2770218.9746688735], [300163.01060356386, 2770178.4574471842], [300163.00538330636, 2770178.4453477613], [300162.99773090926, 2770178.4346198626], [300145.49245106213, 2770156.460353271], [300145.48478940193, 2770156.451626621], [300145.47341242817, 2770156.453954674], [300133.66276512615, 2770159.4655100247], [300133.653131794, 2770159.4683844317], [300133.64376120357, 2770159.4720252017], [300131.72505147464, 2770160.3079775735], [300096.72616487916, 2770175.5471386057], [300096.71623684117, 2770175.5520495498]]]}, "properties": {"patch_id": 156, "area_m2": 2065.1, "porosity_index_per_100m_edge": 0.0, "buildings_per_100m_perimeter": 2.78}}, {"type": "Feature", "geometry": {"type": "Polygon", "coordinates": [[[299976.99055132666, 2769999.384785353], [299976.9983649966, 2769999.3932286557], [299999.2001083548, 2770021.2331064595], [299999.5343749585, 2770021.561525834], [299999.5430383977, 2770021.569251148], [299999.5524465537, 2770021.5624524616], [300020.94836546475, 2770004.4676977303], [300020.957181676, 2770004.4599116137], [300020.9502313296, 2770004.45042258], [299999.27570048836, 2769977.7294933638], [299999.26791403734, 2769977.720799354], [299999.25845708424, 2769977.727639002], [299977.2031639378, 2769995.382664366], [299977.19452704245, 2769995.3902698806], [299977.19340453326, 2769995.4017232517], [299977.16200405423, 2769996.019920183], [299976.9905989884, 2769999.373281418], [299976.99055132666, 2769999.384785353]]]}, "properties": {"patch_id": 157, "area_m2": 1005.6, "porosity_index_per_100m_edge": 0.0, "buildings_per_100m_perimeter": 6.36}}, {"type": "Feature", "geometry": {"type": "Polygon", "coordinates": [[[299856.21162210684, 2769545.1631423375], [299856.21304220875, 2769545.1750896284], [299862.1501035462, 2769580.3217732236], [299862.1525015906, 2769580.332867417], [299862.1568553937, 2769580.343298654], [299876.28676965507, 2769610.3139060466], [299876.2923970736, 2769610.3244663947], [299876.30412876606, 2769610.3268235447], [299918.01518123073, 2769616.5980271124], [299936.625841416, 2769619.3821810763], [299936.63784442836, 2769619.3833773094], [299936.6478744267, 2769619.37667639], [299939.8411304103, 2769617.008320023], [299939.85044990777, 2769617.000670623], [299939.8527922796, 2769616.988843549], [299945.04598787543, 2769581.765082237], [299952.6982764967, 2769529.981663033], [299952.6994221192, 2769529.9701945786], [299952.69157315034, 2769529.9617547025], [299949.134428442, 2769526.4812468556], [299949.12581802794, 2769526.473582238], [299949.11437542544, 2769526.474979514], [299858.5380928979, 2769541.898940737], [299858.52633996384, 2769541.901540887], [299858.518900456, 2769541.9110037633], [299856.2180960258, 2769545.153001194], [299856.21162210684, 2769545.1631423375]]]}, "properties": {"patch_id": 158, "area_m2": 6676.7, "porosity_index_per_100m_edge": 0.0, "buildings_per_100m_perimeter": 6.2}}, {"type": "Feature", "geometry": {"type": "Polygon", "coordinates": [[[299905.0897076574, 2769739.5632651793], [299905.10055627406, 2769739.5679447125], [299910.29275442753, 2769741.5112787774], [299910.3457881117, 2769741.534717937], [299916.01921175595, 2769744.4464423466], [299916.07257611374, 2769744.4781618975], [299921.33974805014, 2769748.0693328916], [299921.3887704059, 2769748.107420858], [299926.1703268411, 2769752.3236190835], [299926.21425148885, 2769752.36748832], [299930.4364821467, 2769757.143718802], [299930.47463196435, 2769757.19269304], [299934.08297647245, 2769762.470726629], [299934.0903139293, 2769762.480389712], [299934.10244316445, 2769762.480698029], [299943.80474464764, 2769762.2442986052], [299943.8164139119, 2769762.243440697], [299943.81672541227, 2769762.231744085], [299943.26828274, 2769737.752619786], [299943.2673968667, 2769737.7404863904], [299943.25572661054, 2769737.737049944], [299909.68949953234, 2769729.669004413], [299909.6771231699, 2769729.6666950085], [299909.6662941645, 2769729.673116875], [299906.35569923633, 2769731.8738875124], [299906.345592291, 2769731.8813822167], [299906.3429272152, 2769731.8936793036], [299905.091039284, 2769739.551525617], [299905.0897076574, 2769739.5632651793]]]}, "properties": {"patch_id": 159, "area_m2": 697.3, "porosity_index_per_100m_edge": 0.85, "buildings_per_100m_perimeter": 9.3}}, {"type": "Feature", "geometry": {"type": "Polygon", "coordinates": [[[299871.33259493054, 2769412.017497733], [299871.3325414826, 2769412.018570905], [299871.333845138, 2769412.028606914], [299877.9959002496, 2769450.325929427], [299877.9984664265, 2769450.337339144], [299878.0100765592, 2769450.3359349472], [299911.2028687282, 2769444.660074408], [299911.2143308115, 2769444.6575283697], [299911.2128743392, 2769444.645877606], [299904.45212516224, 2769406.0901195505], [299904.44953137205, 2769406.0786706693], [299904.4378887348, 2769406.0801718947], [299871.34424784756, 2769412.014803612], [299871.33259493054, 2769412.017497733]]]}, "properties": {"patch_id": 160, "area_m2": 1314.3, "porosity_index_per_100m_edge": 0.0, "buildings_per_100m_perimeter": 6.19}}, {"type": "Feature", "geometry": {"type": "Polygon", "coordinates": [[[299787.6455980806, 2769824.8295705128], [299787.6453522024, 2769824.8413464148], [299788.2276471629, 2769845.2536313343], [299788.2285190604, 2769845.264786305], [299788.2371873292, 2769845.2577113747], [299810.9459772016, 2769824.7702944814], [299810.9828564761, 2769824.7400837513], [299811.0224453458, 2769824.7135226796], [299811.0643839053, 2769824.690852736], [299811.108290888, 2769824.672280015], [299811.15376713214, 2769824.657973361], [299811.2003992097, 2769824.6480628387], [299811.2477631849, 2769824.6426385446], [299811.29542846815, 2769824.641749791], [299811.34296173084, 2769824.6454046583], [299811.38993084437, 2769824.653569919], [299811.4359088089, 2769824.666171343], [299811.48047763534, 2769824.6830943697], [299811.523232145, 2769824.70418515], [299811.56378365343, 2769824.7292519463], [299811.60176350374, 2769824.7580668745], [299811.63682641817, 2769824.790367976], [299822.08846928057, 2769835.383353915], [299822.09701179067, 2769835.3912096173], [299822.1057848197, 2769835.383612222], [299833.7828274198, 2769824.234329024], [299833.8192690007, 2769824.2027494293], [299833.8585831622, 2769824.1748271026], [299833.9004042418, 2769824.1508217505], [299833.94434326, 2769824.130956648], [299833.98999153834, 2769824.115416561], [299834.0369245004, 2769824.104346028], [299834.08470562095, 2769824.0978480172], [299834.1328904859, 2769824.0959829665], [299834.18103092595, 2769824.098768223], [299834.2286791851, 2769824.106177881], [299834.2753920849, 2769824.1181430225], [299834.32073514705, 2769824.1345523596], [299834.36428663385, 2769824.155253268], [299834.4056414713, 2769824.1800532085], [299834.44441501645, 2769824.2087215153], [299834.48024663515, 2769824.2409915435], [299852.2210103359, 2769841.8400102523], [299855.0639856374, 2769844.6599857537], [299861.85864736076, 2769851.400650163], [299863.9544259441, 2769853.4715278163], [299863.96300629555, 2769853.479225329], [299863.9717106866, 2769853.4716682304], [299865.9388323295, 2769851.5901168766], [299865.94115313893, 2769851.58786812], [299867.11627503554, 2769850.4344101544], [299867.94647031557, 2769849.6195199196], [299870.99636964855, 2769846.6080152737], [299871.0336639118, 2769846.574704511], [299871.07409888995, 2769846.545285444], [299871.11727015715, 2769846.520052317], [299871.16274591984, 2769846.4992575105], [299871.2100713351, 2769846.4831090104], [299871.25877305993, 2769846.471768332], [299871.30836398574, 2769846.4653489045], [299871.3583481103, 2769846.4639149327], [299871.40822549857, 2769846.46748076], [299871.45749728306, 2769846.4760107207], [299871.50567065354, 2769846.4894195], [299871.55226378585, 2769846.5075729843], [299871.59681066143, 2769846.5302896053], [299871.6388657278, 2769846.5573421535], [299871.6780083555, 2769846.5884600533], [299871.7138470448, 2769846.623332067], [299874.06886207295, 2769849.156124353], [299879.0776786437, 2769854.5430504745], [299879.08603196684, 2769854.551197264], [299879.0950066692, 2769854.543740515], [299882.0549868747, 2769851.8293172177], [299882.0928361203, 2769851.7978915973], [299882.13359038014, 2769851.7703375537], [299882.1768551309, 2769851.7469218248], [299882.22221154644, 2769851.727871088], [299882.2692205521, 2769851.713369764], [299882.3174270754, 2769851.7035582336], [299882.3663644512, 2769851.698531478], [299882.4155589391, 2769851.698338159], [299882.46453431, 2769851.702980147], [299882.51281645586, 2769851.712412507], [299882.5599379794, 2769851.726543927], [299882.60544271884, 2769851.745237608], [299882.64889016375, 2769851.768312584], [299882.6898597194, 2769851.7955454784], [299882.7279547783, 2769851.826672661], [299882.76280655974, 2769851.8613928044], [299887.45568092226, 2769857.020853802], [299887.46403447253, 2769857.0291719763], [299887.4730505221, 2769857.021576942], [299889.13667434145, 2769855.473290621], [299890.59315497964, 2769854.117786436], [299892.88432552014, 2769851.9656335576], [299892.8856774714, 2769851.9643683406], [299895.11464456166, 2769849.886128537], [299895.12123838475, 2769849.879750453], [299897.4374995395, 2769847.5555056324], [299899.57256621413, 2769845.3763329876], [299900.24885678466, 2769844.686063496], [299900.25588980684, 2769844.678132173], [299900.2454805057, 2769844.6801361144], [299897.29269710503, 2769845.4024691447], [299897.2387479188, 2769845.4125653426], [299890.0671665518, 2769846.350810958], [299890.0256812181, 2769846.35448907], [299889.9840336954, 2769846.3547018524], [299883.66910903656, 2769846.123781968], [299883.6121974813, 2769846.1184311244], [299876.9599549343, 2769845.1066564885], [299876.9023606673, 2769845.0943892086], [299870.41604003805, 2769843.307770243], [299870.3602874373, 2769843.288816793], [299864.1289998627, 2769840.752004267], [299864.075862236, 2769840.726627538], [299858.1860378125, 2769837.4748079134], [299858.1362521968, 2769837.443359889], [299852.6695848102, 2769833.521637019], [299852.6238417493, 2769833.4845538945], [299847.6561559463, 2769828.947323417], [299847.6150899119, 2769828.9051195476], [299843.20396501897, 2769823.8022142947], [299843.1957398232, 2769823.7935865563], [299843.18382496946, 2769823.7932285946], [299834.2101957949, 2769823.9607722964], [299834.18893377355, 2769823.9622086096], [299834.1578622284, 2769823.9658178934], [299834.10851691064, 2769823.9666517754], [299834.07445341826, 2769823.96385752], [299834.05451017804, 2769823.963232997], [299787.6573492856, 2769824.8287696247], [299787.6455980806, 2769824.8295705128]]]}, "properties": {"patch_id": 161, "area_m2": 846.5, "porosity_index_per_100m_edge": 0.34, "buildings_per_100m_perimeter": 6.42}}, {"type": "Feature", "geometry": {"type": "Polygon", "coordinates": [[[299795.63679426804, 2769656.2540918207], [299795.6435316553, 2769656.263595785], [299810.4243637522, 2769675.095270958], [299810.4320943164, 2769675.1041758633], [299810.4416368577, 2769675.097247737], [299851.0184764131, 2769642.455661143], [299851.02720121917, 2769642.447910756], [299851.02040201926, 2769642.43842594], [299845.74582807475, 2769635.79204344], [299836.14967625646, 2769623.8315675524], [299836.14191112574, 2769623.8228065684], [299836.1324246476, 2769623.829666712], [299795.6455223633, 2769656.2463757154], [299795.63679426804, 2769656.2540918207]]]}, "properties": {"patch_id": 162, "area_m2": 1243.2, "porosity_index_per_100m_edge": 1.98, "buildings_per_100m_perimeter": 9.88}}, {"type": "Feature", "geometry": {"type": "Polygon", "coordinates": [[[299771.0328269875, 2769750.252097573], [299771.0397406743, 2769750.2616690206], [299774.33238149696, 2769754.3745681923], [299774.3592960368, 2769754.411533118], [299774.3827211059, 2769754.4508022456], [299774.40246079594, 2769754.4920471585], [299774.41835002, 2769754.5349229183], [299774.43025589356, 2769754.579070946], [299774.43807884544, 2769754.6241220245], [299774.4417534507, 2769754.6696993816], [299774.4755779895, 2769755.6438460955], [299774.4765451752, 2769755.655424013], [299774.48815873585, 2769755.6557538453], [299813.63390011765, 2769754.863244963], [299813.64490563853, 2769754.86248833], [299813.6384292644, 2769754.853558005], [299807.1970062005, 2769746.820007733], [299795.01360457303, 2769731.623485287], [299795.00590742845, 2769731.614786978], [299794.99640196195, 2769731.62146176], [299771.04177842115, 2769750.2443980053], [299771.0328269875, 2769750.252097573]]]}, "properties": {"patch_id": 163, "area_m2": 557.7, "porosity_index_per_100m_edge": 0.0, "buildings_per_100m_perimeter": 19.83}}, {"type": "Feature", "geometry": {"type": "Polygon", "coordinates": [[[299714.1868011887, 2769555.4440899715], [299714.19361001323, 2769555.4535825476], [299729.174433648, 2769574.317472431], [299729.1820959389, 2769574.326211821], [299729.1916309934, 2769574.319565732], [299770.7041676076, 2769542.27558973], [299770.71316681744, 2769542.2679006835], [299770.70622717775, 2769542.2583116973], [299755.021680264, 2769522.7085729353], [299755.01391132316, 2769522.69980776], [299755.0044258139, 2769522.706678719], [299714.1955458543, 2769555.4363440042], [299714.1868011887, 2769555.4440899715]]]}, "properties": {"patch_id": 164, "area_m2": 1289.0, "porosity_index_per_100m_edge": 2.6, "buildings_per_100m_perimeter": 3.25}}, {"type": "Feature", "geometry": {"type": "Polygon", "coordinates": [[[299690.9558052088, 2769650.3010867033], [299690.9626792883, 2769650.3105537198], [299705.96229944396, 2769668.971419821], [299705.9700873342, 2769668.980188831], [299705.9795633249, 2769668.9732785285], [299746.8544665451, 2769635.9706973545], [299746.86319559073, 2769635.9629131737], [299746.8563286635, 2769635.9534455966], [299731.86769788427, 2769617.2855874677], [299731.85991235916, 2769617.2768118507], [299731.8504333378, 2769617.2837237264], [299690.9645371276, 2769650.2933001188], [299690.9558052088, 2769650.3010867033]]]}, "properties": {"patch_id": 165, "area_m2": 1259.8, "porosity_index_per_100m_edge": 2.61, "buildings_per_100m_perimeter": 10.45}}]}