{"type": "FeatureCollection", "features": [{"type": "Feature", "id": "L0101-5.26", "geometry": {"type": "MultiPolygon", "coordinates": [[[[299705.718, 2769668.579], [299746.6443, 2769635.5586], [299732.0843, 2769616.7025], [299691.158, 2769649.723], [299691.158, 2769649.723], [299705.718, 2769668.579]]]]}, "geometry_name": "the_geom", "properties": {"項次": "26", "名稱": "無", "面積": "1259.78", "體積": "false", "圖形": "面"}, "bbox": [299691.158, 2769616.7025, 299746.6443, 2769668.579]}, {"type": "Feature", "id": "L0101-5.27", "geometry": {"type": "MultiPolygon", "coordinates": [[[[299770.8534, 2769541.8428], [299754.7566, 2769522.136], [299713.8307, 2769554.9452], [299713.8307, 2769554.9452], [299729.1607, 2769573.804], [299770.8534, 2769541.8428]]]]}, "geometry_name": "the_geom", "properties": {"項次": "27", "名稱": "無", "面積": "1289.03", "體積": "false", "圖形": "面"}, "bbox": [299713.8307, 2769522.136, 299770.8534, 2769573.804]}, {"type": "Feature", "id": "L0101-5.28", "geometry": {"type": "MultiPolygon", "coordinates": [[[[299770.9239, 2769749.7573], [299774.3279, 2769754.0093], [299774.3679, 2769755.1613], [299813.5379, 2769754.3683], [299807.0889, 2769746.3253], [299794.8979, 2769731.1193], [299770.9239, 2769749.7573]]]]}, "geometry_name": "the_geom", "properties": {"項次": "28", "名稱": "無", "面積": "557.714", "體積": "false", "圖形": "面"}, "bbox": [299770.9239, 2769731.1193, 299813.5379, 2769755.1613]}, {"type": "Feature", "id": "L0101-5.30", "geometry": {"type": "MultiPolygon", "coordinates": [[[[299795.5279, 2769655.7593], [299810.3239, 2769674.6103], [299850.9199, 2769641.9533], [299845.6369, 2769635.2963], [299836.0339, 2769623.3273], [299795.5279, 2769655.7593]]]]}, "geometry_name": "the_geom", "properties": {"項次": "30", "名稱": "無", "面積": "1243.21", "體積": "false", "圖形": "面"}, "bbox": [299795.5279, 2769623.3273, 299850.9199, 2769674.6103]}, {"type": "Feature", "id": "L0101-5.32", "geometry": {"type": "MultiPolygon", "coordinates": [[[[299856.1029, 2769544.6683], [299862.0439, 2769579.8383], [299876.1839, 2769609.8303], [299917.9069, 2769616.1033], [299936.5299, 2769618.8893], [299939.7429, 2769616.5063], [299944.9379, 2769581.2703], [299952.5919, 2769529.4753], [299949.0179, 2769525.9783], [299858.4179, 2769541.4063], [299856.1029, 2769544.6683]]]]}, "geometry_name": "the_geom", "properties": {"項次": "32", "名稱": "無", "面積": "6676.71", "體積": "false", "圖形": "面"}, "bbox": [299856.1029, 2769525.9783, 299952.5919, 2769618.8893]}, {"type": "Feature", "id": "L0101-5.33", "geometry": {"type": "MultiPolygon", "coordinates": [[[[299878.2097, 2769449.9091], [299911.3382, 2769444.1145], [299904.5493, 2769405.6386], [299871.4207, 2769411.4332], [299871.4207, 2769411.4332], [299878.2097, 2769449.9091]]]]}, "geometry_name": "the_geom", "properties": {"項次": "33", "名稱": "無", "面積": "1314.31", "體積": "false", "圖形": "面"}, "bbox": [299871.4207, 2769405.6386, 299911.3382, 2769449.9091]}, {"type": "Feature", "id": "L0101-5.35", "geometry": {"type": "MultiPolygon", "coordinates": [[[[299904.9811, 2769739.0689], [299909.2609, 2769740.6223], [299913.3877, 2769742.5452], [299917.3299, 2769744.8228], [299921.0571, 2769747.4374], [299924.5406, 2769750.3689], [299927.7534, 2769753.5947], [299930.6709, 2769757.09], [299933.2705, 2769760.8277], [299933.9819, 2769761.9863], [299943.7089, 2769761.7493], [299943.1599, 2769737.2453], [299909.5689, 2769729.1713], [299906.2369, 2769731.3863], [299904.9811, 2769739.0689]]]]}, "geometry_name": "the_geom", "properties": {"項次": "35", "名稱": "無", "面積": "696.049", "體積": "false", "圖形": "面"}, "bbox": [299904.9811, 2769729.1713, 299943.7089, 2769761.9863]}, {"type": "Feature", "id": "L0101-5.37", "geometry": {"type": "MultiPolygon", "coordinates": [[[[299920.1939, 2769695.5253], [299923.8169, 2769692.5253], [299927.3299, 2769674.0113], [299917.6389, 2769671.7093], [299914.6899, 2769673.7663], [299912.0969, 2769695.5253], [299908.0109, 2769720.5263], [299909.6709, 2769723.0263], [299915.4887, 2769724.4242], [299914.3143, 2769721.4158], [299913.5204, 2769718.2853], [299913.1192, 2769715.0808], [299913.1169, 2769711.8512], [299913.5134, 2769708.6461], [299914.3027, 2769705.5145], [299915.4728, 2769702.5043], [299917.0056, 2769699.6617], [299918.8777, 2769697.0302], [299920.1939, 2769695.5253]]]]}, "geometry_name": "the_geom", "properties": {"項次": "37", "名稱": "無", "面積": "402.789", "體積": "false", "圖形": "面"}, "bbox": [299908.0109, 2769671.7093, 299927.3299, 2769724.4242]}, {"type": "Feature", "id": "L0101-5.39", "geometry": {"type": "MultiPolygon", "coordinates": [[[[299977.0859, 2769994.8953], [299977.0539, 2769995.5253], [299976.8819, 2769998.8903], [299999.0919, 2770020.7383], [299999.4349, 2770021.0753], [300020.8499, 2770003.9653], [299999.1599, 2769977.2253], [299977.0859, 2769994.8953]]]]}, "geometry_name": "the_geom", "properties": {"項次": "39", "名稱": "無", "面積": "1005.6", "體積": "false", "圖形": "面"}, "bbox": [299976.8819, 2769977.2253, 300020.8499, 2770021.0753]}, {"type": "Feature", "id": "L0101-5.44", "geometry": {"type": "MultiPolygon", "coordinates": [[[[300096.6069, 2770175.0573], [300177.8919, 2770218.4913], [300162.8979, 2770177.9503], [300145.3769, 2770155.9563], [300133.5449, 2770158.9733], [300131.6169, 2770159.8133], [300096.6069, 2770175.0573]]]]}, "geometry_name": "the_geom", "properties": {"項次": "44", "名稱": "無", "面積": "2065.14", "體積": "false", "圖形": "面"}, "bbox": [300096.6069, 2770155.9563, 300177.8919, 2770218.4913]}, {"type": "Feature", "id": "L0101-5.46", "geometry": {"type": "MultiPolygon", "coordinates": [[[[300141.2738, 2769513.0924], [300151.7755, 2769515.6228], [300162.3637, 2769517.7624], [300164.1127, 2769518.0765], [300169.0229, 2769518.9423], [300215.5159, 2769525.0933], [300227.6729, 2769526.1623], [300217.9729, 2769508.2753], [300174.0049, 2769422.0253], [300170.0359, 2769421.7753], [300167.5669, 2769423.5253], [300139.4659, 2769509.7783], [300141.2738, 2769513.0924]]]]}, "geometry_name": "the_geom", "properties": {"項次": "46", "名稱": "無", "面積": "4608.98", "體積": "false", "圖形": "面"}, "bbox": [300139.4659, 2769421.7753, 300227.6729, 2769526.1623]}, {"type": "Feature", "id": "L0101-5.51", "geometry": {"type": "MultiPolygon", "coordinates": [[[[300270.9499, 2770212.9123], [300278.226, 2770251.9113], [300294.567, 2770249.7753], [300297.067, 2770246.7753], [300294.611, 2770215.4793], [300280.98, 2770216.2183], [300278.06, 2770216.6363], [300277.088, 2770211.6253], [300270.9499, 2770212.9123]]]]}, "geometry_name": "the_geom", "properties": {"項次": "51", "名稱": "無", "面積": "757.854", "體積": "false", "圖形": "面"}, "bbox": [300270.9499, 2770211.6253, 300297.067, 2770251.9113]}, {"type": "Feature", "id": "L0101-5.52", "geometry": {"type": "MultiPolygon", "coordinates": [[[[300281.586, 2769564.4313], [300288.52, 2769576.3363], [300367.573, 2769583.4823], [300366.479, 2769595.8483], [300386.167, 2769596.9823], [300389.917, 2769593.7323], [300390.9789, 2769574.6197], [300281.586, 2769564.4313]]]]}, "geometry_name": "the_geom", "properties": {"項次": "52", "名稱": "無", "面積": "1446.62", "體積": "false", "圖形": "面"}, "bbox": [300281.586, 2769564.4313, 300390.9789, 2769596.9823]}, {"type": "Feature", "id": "L0101-5.53", "geometry": {"type": "MultiPolygon", "coordinates": [[[[300305.442, 2770144.0253], [300302.067, 2770147.7753], [300303.629, 2770167.7753], [300307.911, 2770170.2753], [300361.911, 2770146.7753], [300362.973, 2770145.2753], [300362.973, 2770145.0253], [300360.817, 2770143.0253], [300305.442, 2770144.0253]]]]}, "geometry_name": "the_geom", "properties": {"項次": "53", "名稱": "無", "面積": "935.011", "體積": "false", "圖形": "面"}, "bbox": [300302.067, 2770143.0253, 300362.973, 2770170.2753]}, {"type": "Feature", "id": "L0101-5.54", "geometry": {"type": "MultiPolygon", "coordinates": [[[[300355.274, 2769689.6883], [300358.559, 2769695.5253], [300376.505, 2769724.7253], [300382.333, 2769723.5253], [300384.018, 2769695.5253], [300384.114, 2769693.9223], [300355.274, 2769689.6883]]]]}, "geometry_name": "the_geom", "properties": {"項次": "54", "名稱": "無", "面積": "549.903", "體積": "false", "圖形": "面"}, "bbox": [300355.274, 2769689.6883, 300384.114, 2769724.7253]}, {"type": "Feature", "id": "L0101-5.57", "geometry": {"type": "MultiPolygon", "coordinates": [[[[300398.755, 2769833.0253], [300399.722, 2769882.5263], [300399.755, 2769882.5253], [300400.598, 2769924.2753], [300404.223, 2769927.5253], [300430.817, 2769926.6033], [300498.005, 2769924.2753], [300500.723, 2769921.5253], [300499.116, 2769878.2743], [300498.067, 2769851.7753], [300495.629, 2769790.0253], [300430.817, 2769791.7333], [300400.755, 2769792.5253], [300397.348, 2769796.0253], [300398.755, 2769833.0253]]]]}, "geometry_name": "the_geom", "properties": {"項次": "57", "名稱": "無", "面積": "13331.3", "體積": "false", "圖形": "面"}, "bbox": [300397.348, 2769790.0253, 300500.723, 2769927.5253]}, {"type": "Feature", "id": "L0101-5.59", "geometry": {"type": "MultiPolygon", "coordinates": [[[[300430.817, 2770460.0353], [300421.058, 2770464.5893], [300430.817, 2770472.8053], [300464.473, 2770501.1403], [300464.483, 2770501.1423], [300466.337, 2770500.9833], [300468.873, 2770497.8883], [300466.555, 2770477.2433], [300460.285, 2770449.5173], [300456.904, 2770447.8603], [300430.817, 2770460.0353]]]]}, "geometry_name": "the_geom", "properties": {"項次": "59", "名稱": "無", "面積": "1257.69", "體積": "false", "圖形": "面"}, "bbox": [300421.058, 2770447.8603, 300468.873, 2770501.1423]}, {"type": "Feature", "id": "L0101-5.67", "geometry": {"type": "MultiPolygon", "coordinates": [[[[300711.442, 2770119.2753], [300709.192, 2770122.7753], [300714.879, 2770151.2753], [300718.348, 2770168.7753], [300721.661, 2770171.0253], [300756.536, 2770164.2753], [300758.817, 2770161.0253], [300750.848, 2770114.5253], [300747.567, 2770112.2753], [300711.442, 2770119.2753]]]]}, "geometry_name": "the_geom", "properties": {"項次": "67", "名稱": "無", "面積": "2190.39", "體積": "false", "圖形": "面"}, "bbox": [300709.192, 2770112.2753, 300758.817, 2770171.0253]}, {"type": "Feature", "id": "L0101-5.71", "geometry": {"type": "MultiPolygon", "coordinates": [[[[300753.768, 2770801.2113], [300751.195, 2770805.4983], [300773.63, 2770895.5253], [300777.043, 2770909.3903], [300780.231, 2770911.0723], [300803.752, 2770905.3233], [300809.88, 2770865.8463], [300830.817, 2770860.7823], [300835.857, 2770859.5633], [300833.77, 2770850.2563], [300852.073, 2770845.1663], [300846.274, 2770819.8963], [300830.817, 2770823.8763], [300811.504, 2770828.8503], [300800.414, 2770789.0823], [300753.768, 2770801.2113]]]]}, "geometry_name": "the_geom", "properties": {"項次": "71", "名稱": "無", "面積": "6373.48", "體積": "false", "圖形": "面"}, "bbox": [300751.195, 2770789.0823, 300852.073, 2770911.0723]}, {"type": "Feature", "id": "L0101-5.84", "geometry": {"type": "MultiPolygon", "coordinates": [[[[301042.1841, 2771009.4293], [301073.0181, 2771001.7183], [301062.3931, 2770960.2253], [301034.9951, 2770967.0573], [301032.4341, 2770971.3523], [301042.1841, 2771009.4293]]]]}, "geometry_name": "the_geom", "properties": {"項次": "84", "名稱": "無", "面積": "1355.37", "體積": "false", "圖形": "面"}, "bbox": [301032.4341, 2770960.2253, 301073.0181, 2771009.4293]}, {"type": "Feature", "id": "L0101-5.87", "geometry": {"type": "MultiPolygon", "coordinates": [[[[301098.0661, 2771316.9543], [301094.3011, 2771324.0123], [301143.1311, 2771465.6943], [301150.0051, 2771469.7873], [301230.8171, 2771456.3363], [301251.1431, 2771452.9543], [301255.5061, 2771446.2483], [301239.1121, 2771382.5993], [301230.8171, 2771350.3923], [301215.6891, 2771291.6563], [301208.7861, 2771287.6133], [301098.0661, 2771316.9543]]]]}, "geometry_name": "the_geom", "properties": {"項次": "87", "名稱": "無", "面積": "19754.2", "體積": "false", "圖形": "面"}, "bbox": [301094.3011, 2771287.6133, 301255.5061, 2771469.7873]}, {"type": "Feature", "id": "L0101-5.94", "geometry": {"type": "MultiPolygon", "coordinates": [[[[301262.8301, 2769345.9673], [301230.8171, 2769375.4673], [301209.0511, 2769395.5253], [301204.2441, 2769399.9543], [301188.9961, 2769414.0053], [301216.6671, 2769444.9373], [301230.8171, 2769443.4183], [301268.2611, 2769439.3963], [301270.1371, 2769475.9553], [301273.6881, 2769548.7873], [301274.1681, 2769557.9283], [301277.3121, 2769560.6483], [301283.9951, 2769559.9823], [301287.3261, 2769559.6573], [301422.0872, 2769546.5278], [301423.8622, 2769546.3548], [301472.5672, 2769541.6073], [301477.5182, 2769596.1193], [301480.6642, 2769598.6923], [301540.2822, 2769592.1793], [301540.9712, 2769535.8333], [301630.8172, 2769540.3443], [301664.7232, 2769541.7753], [301696.4112, 2769544.0253], [301756.8682, 2769547.2743], [301758.9222, 2769524.8513], [301749.4252, 2769524.2363], [301750.0862, 2769520.2083], [301723.6932, 2769517.3333], [301748.2902, 2769452.5683], [301735.8812, 2769444.2793], [301734.9402, 2769439.4843], [301740.1372, 2769423.6383], [301745.1902, 2769426.1653], [301761.3332, 2769376.5923], [301630.8172, 2769339.3013], [301630.8172, 2769339.2823], [301422.6582, 2769280.5713], [301397.5081, 2769273.4783], [301392.2901, 2769272.0063], [301387.5821, 2769274.6963], [301371.3571, 2769283.9643], [301262.8301, 2769345.9673]]]]}, "geometry_name": "the_geom", "properties": {"項次": "94", "名稱": "無", "面積": "116384.0", "體積": "false", "圖形": "面"}, "bbox": [301188.9961, 2769272.0063, 301761.3332, 2769598.6923]}, {"type": "Feature", "id": "L0101-5.97", "geometry": {"type": "MultiPolygon", "coordinates": [[[[301327.6811, 2770538.0843], [301331.9791, 2770554.8443], [301338.0251, 2770551.9023], [301342.4941, 2770546.8763], [301344.7081, 2770540.5273], [301344.3361, 2770533.8133], [301341.4311, 2770527.7483], [301336.4341, 2770523.2483], [301330.0991, 2770520.9943], [301323.3831, 2770521.3243], [301327.6811, 2770538.0843]]]]}, "geometry_name": "the_geom", "properties": {"項次": "97", "名稱": "無", "面積": "454.639", "體積": "false", "圖形": "面"}, "bbox": [301323.3831, 2770520.9943, 301344.7081, 2770554.8443]}, {"type": "Feature", "id": "L0101-5.98", "geometry": {"type": "MultiPolygon", "coordinates": [[[[301324.0371, 2772275.2753], [301311.6271, 2772273.2753], [301311.1461, 2772287.9263], [301310.9371, 2772294.2753], [301314.1571, 2772298.0253], [301336.1571, 2772301.0253], [301339.4071, 2772298.7753], [301343.0071, 2772280.2753], [301341.2871, 2772277.7753], [301324.0371, 2772275.2753]]]]}, "geometry_name": "the_geom", "properties": {"項次": "98", "名稱": "無", "面積": "710.577", "體積": "false", "圖形": "面"}, "bbox": [301310.9371, 2772273.2753, 301343.0071, 2772301.0253]}, {"type": "Feature", "id": "L0101-5.103", "geometry": {"type": "MultiPolygon", "coordinates": [[[[301434.0804, 2773175.3174], [301443.9681, 2773206.8342], [301483.2221, 2773207.4048], [301485.6381, 2773179.1035], [301485.6381, 2773179.1035], [301434.0804, 2773175.3174]]]]}, "geometry_name": "the_geom", "properties": {"項次": "103", "名稱": "國順公園", "面積": "1600.0", "體積": "false", "圖形": "面"}, "bbox": [301434.0804, 2773175.3174, 301485.6381, 2773207.4048]}, {"type": "Feature", "id": "L0101-5.105", "geometry": {"type": "MultiPolygon", "coordinates": [[[[301452.5202, 2773179.1623], [301440.0372, 2773178.4263], [301442.8472, 2773206.2653], [301443.6772, 2773213.6873], [301486.6072, 2773216.2453], [301486.6072, 2773216.2253], [301488.6372, 2773184.1353], [301485.9872, 2773181.1353], [301452.5202, 2773179.1623]]]]}, "geometry_name": "the_geom", "properties": {"項次": "105", "名稱": "無", "面積": "1604.73", "體積": "false", "圖形": "面"}, "bbox": [301440.0372, 2773178.4263, 301488.6372, 2773216.2453]}, {"type": "Feature", "id": "L0101-5.106", "geometry": {"type": "MultiPolygon", "coordinates": [[[[301468.7425, 2771331.6823], [301446.7281, 2771249.2036], [301406.728, 2771240.8134], [301406.728, 2771240.8134], [301451.0382, 2771331.193], [301468.7425, 2771331.6823]]]]}, "geometry_name": "the_geom", "properties": {"項次": "106", "名稱": "大同28號廣場", "面積": "427.0", "體積": "false", "圖形": "面"}, "bbox": [301406.728, 2771240.8134, 301468.7425, 2771331.6823]}, {"type": "Feature", "id": "L0101-5.110", "geometry": {"type": "MultiPolygon", "coordinates": [[[[301479.8772, 2772334.2753], [301476.8472, 2772336.7753], [301474.0732, 2772379.1013], [301472.9972, 2772395.5253], [301472.5972, 2772401.5253], [301471.0072, 2772418.7753], [301472.9072, 2772421.2753], [301516.6972, 2772426.0253], [301518.9772, 2772424.0253], [301519.9372, 2772398.2753], [301518.0772, 2772395.5253], [301514.5072, 2772390.2753], [301517.6972, 2772340.0253], [301515.0672, 2772337.0253], [301479.8772, 2772334.2753]]]]}, "geometry_name": "the_geom", "properties": {"項次": "110", "名稱": "無", "面積": "3797.68", "體積": "false", "圖形": "面"}, "bbox": [301471.0072, 2772334.2753, 301519.9372, 2772426.0253]}, {"type": "Feature", "id": "L0101-5.113", "geometry": {"type": "MultiPolygon", "coordinates": [[[[301520.2332, 2771495.5253], [301518.8472, 2771524.4953], [301548.5082, 2771531.9143], [301578.6652, 2771526.2663], [301575.5622, 2771495.5253], [301572.9993, 2771470.1182], [301521.2392, 2771477.0383], [301520.2332, 2771495.5253]]]]}, "geometry_name": "the_geom", "properties": {"項次": "113", "名稱": "無", "面積": "3091.59", "體積": "false", "圖形": "面"}, "bbox": [301518.8472, 2771470.1182, 301578.6652, 2771531.9143]}, {"type": "Feature", "id": "L0101-5.115", "geometry": {"type": "MultiPolygon", "coordinates": [[[[301540.2822, 2769592.1793], [301540.2412, 2769595.5513], [301542.4202, 2769595.6593], [301547.8902, 2769596.5593], [301548.2282, 2769596.6643], [301548.2582, 2769594.2103], [301548.3102, 2769589.8963], [301548.7782, 2769551.6713], [301548.8432, 2769546.4043], [301548.9672, 2769536.2343], [301540.9712, 2769535.8333], [301540.2822, 2769592.1793]]]]}, "geometry_name": "the_geom", "properties": {"項次": "115", "名稱": "無", "面積": "479.709", "體積": "false", "圖形": "面"}, "bbox": [301540.2412, 2769535.8333, 301548.9672, 2769596.6643]}, {"type": "Feature", "id": "L0101-5.126", "geometry": {"type": "MultiPolygon", "coordinates": [[[[301642.8802, 2773385.2863], [301636.8822, 2773385.3953], [301637.0022, 2773396.5523], [301637.3522, 2773429.2223], [301671.4772, 2773428.5253], [301674.3172, 2773425.7753], [301673.9072, 2773387.5253], [301671.0372, 2773384.7753], [301642.8802, 2773385.2863]]]]}, "geometry_name": "the_geom", "properties": {"項次": "126", "名稱": "無", "面積": "1612.29", "體積": "false", "圖形": "面"}, "bbox": [301636.8822, 2773384.7753, 301674.3172, 2773429.2223]}, {"type": "Feature", "id": "L0101-5.129", "geometry": {"type": "MultiPolygon", "coordinates": [[[[301711.4072, 2773094.0253], [301709.2272, 2773096.0253], [301708.6172, 2773116.4023], [301708.0072, 2773136.7753], [301710.0972, 2773138.7753], [301752.1572, 2773139.0253], [301754.2872, 2773136.7753], [301754.0072, 2773097.7753], [301751.9072, 2773095.5253], [301711.4072, 2773094.0253]]]]}, "geometry_name": "the_geom", "properties": {"項次": "129", "名稱": "無", "面積": "2000.46", "體積": "false", "圖形": "面"}, "bbox": [301708.0072, 2773094.0253, 301754.2872, 2773139.0253]}, {"type": "Feature", "id": "L0101-5.130", "geometry": {"type": "MultiPolygon", "coordinates": [[[[301733.5842, 2772275.7053], [301732.3792, 2772309.5253], [301735.0982, 2772312.5253], [301751.0052, 2772313.2753], [301806.2552, 2772315.7753], [301810.0072, 2772312.5233], [301813.4142, 2772277.7873], [301733.5842, 2772275.7053]]]]}, "geometry_name": "the_geom", "properties": {"項次": "130", "名稱": "無", "面積": "2939.53", "體積": "false", "圖形": "面"}, "bbox": [301732.3792, 2772275.7053, 301813.4142, 2772315.7753]}, {"type": "Feature", "id": "L0101-5.131", "geometry": {"type": "MultiPolygon", "coordinates": [[[[301744.8172, 2772045.8853], [301716.6872, 2772040.7753], [301714.4272, 2772042.7453], [301715.8072, 2772074.6553], [301717.7472, 2772076.9453], [301725.9012, 2772078.6523], [301767.5572, 2772087.3753], [301801.8072, 2772095.5253], [301832.9072, 2772103.0253], [301834.4672, 2772095.5253], [301839.4272, 2772071.6853], [301744.8172, 2772045.8853]]]]}, "geometry_name": "the_geom", "properties": {"項次": "131", "名稱": "無", "面積": "4234.7", "體積": "false", "圖形": "面"}, "bbox": [301714.4272, 2772040.7753, 301839.4272, 2772103.0253]}, {"type": "Feature", "id": "L0101-5.135", "geometry": {"type": "MultiPolygon", "coordinates": [[[[301774.3296, 2771138.4681], [301675.6764, 2771168.3062], [301633.9305, 2771214.4166], [301773.2754, 2771213.4654], [301773.2754, 2771213.4654], [301774.3296, 2771138.4681]]]]}, "geometry_name": "the_geom", "properties": {"項次": "135", "名稱": "臺北行旅廣場(交八)", "面積": "9170.0", "體積": "false", "圖形": "面"}, "bbox": [301633.9305, 2771138.4681, 301774.3296, 2771214.4166]}, {"type": "Feature", "id": "L0101-5.141", "geometry": {"type": "MultiPolygon", "coordinates": [[[[301851.7672, 2770169.2823], [301848.5332, 2770173.0973], [301854.1312, 2770248.9073], [301869.2822, 2770261.1823], [301991.9143, 2770244.5033], [302004.9763, 2770224.9663], [301987.9593, 2770160.1733], [301983.8663, 2770157.3013], [301851.7672, 2770169.2823]]]]}, "geometry_name": "the_geom", "properties": {"項次": "141", "名稱": "無", "面積": "13067.1", "體積": "false", "圖形": "面"}, "bbox": [301848.5332, 2770157.3013, 302004.9763, 2770261.1823]}, {"type": "Feature", "id": "L0101-5.143", "geometry": {"type": "MultiPolygon", "coordinates": [[[[301868.8962, 2770415.7933], [301872.7152, 2770513.6613], [301874.9722, 2770577.5913], [301876.0742, 2770608.0043], [301878.1722, 2770673.0633], [301881.2232, 2770675.7753], [301882.5862, 2770675.7803], [301907.3232, 2770675.1873], [301960.0552, 2770673.9243], [301978.9143, 2770673.1023], [302117.2453, 2770670.2453], [302119.8483, 2770666.7753], [302101.1623, 2770595.5253], [302060.4623, 2770438.1863], [302023.3773, 2770295.5253], [302020.5663, 2770284.7093], [302015.8173, 2770281.6223], [301915.2862, 2770295.5253], [301862.9422, 2770303.0253], [301859.8172, 2770306.7753], [301868.8962, 2770415.7933]]]]}, "geometry_name": "the_geom", "properties": {"項次": "143", "名稱": "無", "面積": "76674.0", "體積": "false", "圖形": "面"}, "bbox": [301859.8172, 2770281.6223, 302119.8483, 2770675.7803]}, {"type": "Feature", "id": "L0101-5.144", "geometry": {"type": "MultiPolygon", "coordinates": [[[[301919.0662, 2772735.2323], [301926.4772, 2772764.0253], [301928.8472, 2772765.7753], [301948.8472, 2772765.2753], [301950.9072, 2772763.0253], [301949.0372, 2772711.7753], [301946.0972, 2772709.0253], [301922.7872, 2772709.5253], [301920.4372, 2772711.5253], [301916.5672, 2772725.5253], [301919.0662, 2772735.2323]]]]}, "geometry_name": "the_geom", "properties": {"項次": "144", "名稱": "無", "面積": "1627.03", "體積": "false", "圖形": "面"}, "bbox": [301916.5672, 2772709.0253, 301950.9072, 2772765.7753]}, {"type": "Feature", "id": "L0101-5.147", "geometry": {"type": "MultiPolygon", "coordinates": [[[[301971.4072, 2772939.2753], [301968.5072, 2772943.2753], [301976.3902, 2772967.1683], [301984.0973, 2772990.5253], [301986.5673, 2772992.2753], [302019.4773, 2772991.5253], [302019.4773, 2772938.5253], [301971.4072, 2772939.2753]]]]}, "geometry_name": "the_geom", "properties": {"項次": "147", "名稱": "無", "面積": "2303.55", "體積": "false", "圖形": "面"}, "bbox": [301968.5072, 2772938.5253, 302019.4773, 2772992.2753]}, {"type": "Feature", "id": "L0101-5.152", "geometry": {"type": "MultiPolygon", "coordinates": [[[[302012.1613, 2770764.0253], [302012.4733, 2770777.2753], [302014.6613, 2770779.2753], [302017.5693, 2770779.2083], [302030.8173, 2770778.9043], [302036.4423, 2770778.7753], [302038.5053, 2770776.5253], [302038.1613, 2770762.5253], [302035.9733, 2770760.5253], [302030.8173, 2770760.6483], [302015.0363, 2770761.0253], [302012.1613, 2770764.0253]]]]}, "geometry_name": "the_geom", "properties": {"項次": "152", "名稱": "無", "面積": "464.003", "體積": "false", "圖形": "面"}, "bbox": [302012.1613, 2770760.5253, 302038.5053, 2770779.2753]}, {"type": "Feature", "id": "L0101-5.155", "geometry": {"type": "MultiPolygon", "coordinates": [[[[302063.2573, 2773242.0253], [302061.6203, 2773271.5113], [302060.2873, 2773295.5253], [302058.7573, 2773317.7753], [302062.1273, 2773321.2753], [302111.3473, 2773321.7753], [302114.2273, 2773319.0253], [302114.4173, 2773295.5253], [302113.9773, 2773241.0253], [302111.0973, 2773238.2753], [302066.1573, 2773239.2753], [302063.2573, 2773242.0253]]]]}, "geometry_name": "the_geom", "properties": {"項次": "155", "名稱": "無", "面積": "4379.29", "體積": "false", "圖形": "面"}, "bbox": [302058.7573, 2773238.2753, 302114.4173, 2773321.7753]}, {"type": "Feature", "id": "L0101-5.156", "geometry": {"type": "MultiPolygon", "coordinates": [[[[302102.4773, 2772458.7753], [302099.7573, 2772460.0253], [302090.5443, 2772481.9003], [302083.4373, 2772498.7753], [302085.2273, 2772502.2753], [302188.5373, 2772529.5253], [302191.9073, 2772527.2753], [302198.6273, 2772487.0253], [302196.4373, 2772483.5253], [302159.6993, 2772473.8483], [302102.4773, 2772458.7753]]]]}, "geometry_name": "the_geom", "properties": {"項次": "156", "名稱": "無", "面積": "4976.94", "體積": "false", "圖形": "面"}, "bbox": [302083.4373, 2772458.7753, 302198.6273, 2772529.5253]}, {"type": "Feature", "id": "L0101-5.161", "geometry": {"type": "MultiPolygon", "coordinates": [[[[302221.4062, 2770908.0101], [302227.7513, 2770932.4623], [302237.0161, 2770929.9299], [302256.3033, 2770924.6583], [302249.6843, 2770900.469], [302221.4062, 2770908.0101]]]]}, "geometry_name": "the_geom", "properties": {"項次": "161", "名稱": "無", "面積": "740.808", "體積": "false", "圖形": "面"}, "bbox": [302221.4062, 2770900.469, 302256.3033, 2770932.4623]}, {"type": "Feature", "id": "L0101-5.162", "geometry": {"type": "MultiPolygon", "coordinates": [[[[302286.5973, 2771880.4563], [302295.8273, 2771911.7053], [302326.1373, 2771900.9353], [302330.3273, 2771925.4253], [302336.0063, 2771958.6013], [302336.3373, 2771958.5853], [302419.5873, 2771954.5853], [302421.7873, 2771951.2453], [302413.7573, 2771929.7553], [302397.9873, 2771887.5253], [302388.0673, 2771848.1153], [302385.4973, 2771846.5653], [302370.6173, 2771850.1653], [302354.3873, 2771854.0853], [302302.0173, 2771836.8053], [302283.3873, 2771825.3253], [302271.2173, 2771828.3853], [302286.5973, 2771880.4563]]]]}, "geometry_name": "the_geom", "properties": {"項次": "162", "名稱": "無", "面積": "11164.6", "體積": "false", "圖形": "面"}, "bbox": [302271.2173, 2771825.3253, 302421.7873, 2771958.6013]}, {"type": "Feature", "id": "L0101-5.170", "geometry": {"type": "MultiPolygon", "coordinates": [[[[302430.9733, 2771134.1073], [302438.1323, 2771172.6973], [302442.3673, 2771195.5233], [302443.9423, 2771204.0103], [302458.9723, 2771201.4743], [302494.2493, 2771195.5233], [302510.7043, 2771192.7463], [302514.5273, 2771185.7203], [302490.3433, 2771129.6553], [302484.0183, 2771126.1403], [302430.9733, 2771134.1073]]]]}, "geometry_name": "the_geom", "properties": {"項次": "170", "名稱": "無", "面積": "4635.24", "體積": "false", "圖形": "面"}, "bbox": [302430.9733, 2771126.1403, 302514.5273, 2771204.0103]}, {"type": "Feature", "id": "L0101-5.174", "geometry": {"type": "MultiPolygon", "coordinates": [[[[302558.7574, 2772422.9853], [302556.5574, 2772425.0253], [302554.2774, 2772460.5053], [302556.2774, 2772462.7353], [302596.3364, 2772464.6813], [302596.4574, 2772423.3573], [302558.7574, 2772422.9853]]]]}, "geometry_name": "the_geom", "properties": {"項次": "174", "名稱": "無", "面積": "1656.78", "體積": "false", "圖形": "面"}, "bbox": [302554.2774, 2772422.9853, 302596.4574, 2772464.6813]}, {"type": "Feature", "id": "L0101-5.175", "geometry": {"type": "MultiPolygon", "coordinates": [[[[302576.3974, 2773152.1153], [302575.8474, 2773158.4953], [302590.1474, 2773159.9653], [302593.7893, 2773160.4786], [302593.7974, 2773160.4253], [302601.4174, 2773137.9953], [302602.0574, 2773136.2753], [302607.8874, 2773121.6053], [302608.4484, 2773120.2813], [302625.4294, 2773080.1733], [302625.7374, 2773079.4453], [302630.7974, 2773069.0553], [302629.0974, 2773065.6353], [302612.6374, 2773062.3753], [302612.5184, 2773062.3053], [302611.9974, 2773063.1853], [302576.3974, 2773152.1153]]]]}, "geometry_name": "the_geom", "properties": {"項次": "175", "名稱": "無", "面積": "1882.48", "體積": "false", "圖形": "面"}, "bbox": [302575.8474, 2773062.3053, 302630.7974, 2773160.4786]}, {"type": "Feature", "id": "L0101-5.179", "geometry": {"type": "MultiPolygon", "coordinates": [[[[302620.7714, 2772700.5823], [302620.9944, 2772719.2003], [302673.4074, 2772718.4053], [302676.3674, 2772714.2753], [302670.6474, 2772695.5253], [302666.5874, 2772682.4153], [302664.1474, 2772680.6753], [302620.5504, 2772682.1413], [302620.7714, 2772700.5823]]]]}, "geometry_name": "the_geom", "properties": {"項次": "179", "名稱": "無", "面積": "1906.5", "體積": "false", "圖形": "面"}, "bbox": [302620.5504, 2772680.6753, 302676.3674, 2772719.2003]}, {"type": "Feature", "id": "L0101-5.180", "geometry": {"type": "MultiPolygon", "coordinates": [[[[302629.2264, 2771215.1493], [302626.8324, 2771218.3533], [302632.0234, 2771243.9643], [302634.5244, 2771245.6213], [302710.2274, 2771230.2713], [302712.3434, 2771226.8763], [302708.3144, 2771211.4843], [302704.2274, 2771208.6043], [302629.2264, 2771215.1493]]]]}, "geometry_name": "the_geom", "properties": {"項次": "180", "名稱": "無", "面積": "2157.68", "體積": "false", "圖形": "面"}, "bbox": [302626.8324, 2771208.6043, 302712.3434, 2771245.6213]}, {"type": "Feature", "id": "L0101-5.182", "geometry": {"type": "MultiPolygon", "coordinates": [[[[302642.0604, 2773024.4663], [302629.0874, 2773046.4653], [302631.1674, 2773051.0153], [302665.9474, 2773057.3553], [302669.8574, 2773054.2453], [302669.9174, 2773052.9853], [302669.9774, 2773051.7253], [302670.0374, 2773050.4653], [302670.0974, 2773049.2053], [302670.1674, 2773047.9553], [302670.2374, 2773046.6953], [302670.3074, 2773045.4353], [302670.3774, 2773044.1853], [302670.4574, 2773042.9253], [302670.5274, 2773041.6653], [302670.6074, 2773040.4053], [302670.6874, 2773039.1553], [302670.7674, 2773037.8953], [302670.8474, 2773036.6453], [302670.9374, 2773035.3853], [302671.0274, 2773034.1253], [302671.1174, 2773032.8753], [302671.2074, 2773031.6153], [302671.2974, 2773030.3553], [302671.3974, 2773029.1053], [302671.4974, 2773027.8453], [302671.5874, 2773026.5953], [302671.6974, 2773025.3353], [302671.7974, 2773024.0853], [302671.8974, 2773022.8253], [302672.0074, 2773021.5753], [302672.1174, 2773020.3153], [302672.2274, 2773019.0653], [302672.3474, 2773017.8053], [302672.4574, 2773016.5553], [302672.5774, 2773015.3053], [302672.6974, 2773014.0453], [302672.8174, 2773012.7953], [302672.9374, 2773011.5453], [302673.0674, 2773010.2853], [302673.1874, 2773009.0353], [302673.3174, 2773007.7853], [302673.4474, 2773006.5353], [302673.5874, 2773005.2753], [302673.7174, 2773004.0253], [302673.8574, 2773002.7753], [302673.9974, 2773001.5253], [302674.1374, 2773000.2753], [302674.2774, 2772999.0253], [302674.4174, 2772997.7653], [302674.5674, 2772996.5253], [302674.7174, 2772995.2653], [302674.8674, 2772994.0153], [302675.0174, 2772992.7653], [302675.1774, 2772991.5253], [302675.3274, 2772990.2653], [302675.4874, 2772989.0253], [302675.6474, 2772987.7753], [302675.8074, 2772986.5253], [302675.9774, 2772985.2753], [302676.1374, 2772984.0253], [302676.3074, 2772982.7753], [302676.4774, 2772981.5353], [302676.6474, 2772980.2853], [302676.8274, 2772979.0353], [302676.9974, 2772977.7853], [302670.8774, 2772975.6053], [302659.1274, 2772995.5253], [302642.0604, 2773024.4663]]]]}, "geometry_name": "the_geom", "properties": {"項次": "182", "名稱": "無", "面積": "1953.25", "體積": "false", "圖形": "面"}, "bbox": [302629.0874, 2772975.6053, 302676.9974, 2773057.3553]}, {"type": "Feature", "id": "L0101-5.184", "geometry": {"type": "MultiPolygon", "coordinates": [[[[302722.5534, 2771207.3363], [302720.3854, 2771210.3003], [302728.0024, 2771239.6863], [302736.1494, 2771237.9823], [302828.8974, 2771218.5883], [302825.4674, 2771204.6063], [302821.8804, 2771201.9463], [302722.5534, 2771207.3363]]]]}, "geometry_name": "the_geom", "properties": {"項次": "184", "名稱": "無", "面積": "2598.51", "體積": "false", "圖形": "面"}, "bbox": [302720.3854, 2771201.9463, 302828.8974, 2771239.6863]}, {"type": "Feature", "id": "L0101-5.190", "geometry": {"type": "MultiPolygon", "coordinates": [[[[302832.7544, 2771201.3723], [302830.5494, 2771204.3393], [302837.1404, 2771231.2063], [302839.7644, 2771232.6603], [302851.2864, 2771228.8743], [302890.2074, 2771216.0843], [302890.2124, 2771216.0753], [302886.5314, 2771201.4253], [302882.9284, 2771198.7623], [302832.7544, 2771201.3723]]]]}, "geometry_name": "the_geom", "properties": {"項次": "190", "名稱": "無", "面積": "1388.21", "體積": "false", "圖形": "面"}, "bbox": [302830.5494, 2771198.7623, 302890.2124, 2771232.6603]}, {"type": "Feature", "id": "L0101-5.192", "geometry": {"type": "MultiPolygon", "coordinates": [[[[302839.5974, 2772120.7553], [302836.8374, 2772123.6453], [302837.0984, 2772141.5513], [302837.2874, 2772154.5453], [302839.4574, 2772156.6253], [302904.8364, 2772154.7313], [302902.4734, 2772139.9863], [302901.4674, 2772133.7053], [302901.4756, 2772133.6884], [302908.8534, 2772118.4563], [302903.1844, 2772118.6443], [302839.5974, 2772120.7553]]]]}, "geometry_name": "the_geom", "properties": {"項次": "192", "名稱": "無", "面積": "2402.97", "體積": "false", "圖形": "面"}, "bbox": [302836.8374, 2772118.4563, 302908.8534, 2772156.6253]}, {"type": "Feature", "id": "L0101-5.194", "geometry": {"type": "MultiPolygon", "coordinates": [[[[302868.2874, 2772941.5223], [302868.2614, 2772950.7843], [302868.1814, 2772978.8583], [302868.1824, 2772978.8963], [302897.9374, 2772978.3153], [302900.7574, 2772975.4753], [302901.1774, 2772943.8753], [302898.3474, 2772941.0553], [302868.2874, 2772941.5223]]]]}, "geometry_name": "the_geom", "properties": {"項次": "194", "名稱": "無", "面積": "1213.2", "體積": "false", "圖形": "面"}, "bbox": [302868.1814, 2772941.0553, 302901.1774, 2772978.8963]}, {"type": "Feature", "id": "L0101-5.196", "geometry": {"type": "MultiPolygon", "coordinates": [[[[302913.9184, 2771195.5553], [302911.6934, 2771198.9783], [302917.7484, 2771223.0753], [302988.3514, 2771202.3563], [302989.7354, 2771199.6943], [302988.3224, 2771195.5233], [302985.0384, 2771185.8223], [302981.5994, 2771183.7793], [302913.9184, 2771195.5553]]]]}, "geometry_name": "the_geom", "properties": {"項次": "196", "名稱": "無", "面積": "1757.65", "體積": "false", "圖形": "面"}, "bbox": [302911.6934, 2771183.7793, 302989.7354, 2771223.0753]}, {"type": "Feature", "id": "L0101-5.198", "geometry": {"type": "MultiPolygon", "coordinates": [[[[302909.3674, 2772683.1353], [302905.8374, 2772685.6953], [302906.2174, 2772695.5253], [302906.6874, 2772707.5853], [302909.5574, 2772710.3453], [302920.4039, 2772710.3433], [302965.8674, 2772710.3353], [302968.5774, 2772707.1853], [302966.2074, 2772695.5253], [302964.1474, 2772685.3353], [302960.8174, 2772683.0553], [302909.3674, 2772683.1353]]]]}, "geometry_name": "the_geom", "properties": {"項次": "198", "名稱": "無", "面積": "1622.79", "體積": "false", "圖形": "面"}, "bbox": [302905.8374, 2772683.0553, 302968.5774, 2772710.3453]}, {"type": "Feature", "id": "L0101-5.199", "geometry": {"type": "MultiPolygon", "coordinates": [[[[302923.6129, 2769573.9725], [303167.8432, 2769532.6664], [303167.1317, 2769517.6633], [303167.1317, 2769517.6633], [302918.275, 2769560.6417], [302923.6129, 2769573.9725]]]]}, "geometry_name": "the_geom", "properties": {"項次": "199", "名稱": "金杭公園", "面積": "4271.0", "體積": "false", "圖形": "面"}, "bbox": [302918.275, 2769517.6633, 303167.8432, 2769573.9725]}, {"type": "Feature", "id": "L0101-5.200", "geometry": {"type": "MultiPolygon", "coordinates": [[[[302912.0374, 2772940.8353], [302909.1874, 2772943.6753], [302909.0254, 2772955.6213], [302908.7474, 2772976.1953], [302911.5374, 2772978.9953], [302942.4224, 2772978.5173], [302942.4214, 2772978.4343], [302941.4684, 2772940.4143], [302941.4674, 2772940.3743], [302912.0374, 2772940.8353]]]]}, "geometry_name": "the_geom", "properties": {"項次": "200", "名稱": "無", "面積": "1250.34", "體積": "false", "圖形": "面"}, "bbox": [302908.7474, 2772940.3743, 302942.4224, 2772978.9953]}, {"type": "Feature", "id": "L0101-5.202", "geometry": {"type": "MultiPolygon", "coordinates": [[[[302922.8244, 2772407.4593], [302911.3774, 2772426.0953], [302911.8374, 2772449.3853], [302911.8404, 2772449.5293], [302989.0794, 2772448.0653], [302989.0774, 2772447.9753], [302989.0604, 2772438.3293], [302989.0274, 2772419.8753], [302995.6774, 2772411.0453], [302995.7444, 2772410.9393], [302971.4074, 2772395.5253], [302941.7074, 2772376.7153], [302922.8244, 2772407.4593]]]]}, "geometry_name": "the_geom", "properties": {"項次": "202", "名稱": "無", "面積": "4179.25", "體積": "false", "圖形": "面"}, "bbox": [302911.3774, 2772376.7153, 302995.7444, 2772449.5293]}, {"type": "Feature", "id": "L0101-5.203", "geometry": {"type": "MultiPolygon", "coordinates": [[[[302925.4184, 2771770.2383], [302926.0574, 2771795.5253], [302927.3374, 2771846.2853], [302930.2574, 2771849.0153], [303001.2874, 2771845.8853], [303004.0274, 2771842.9653], [303003.0174, 2771795.5253], [303000.4974, 2771677.3253], [302996.8674, 2771673.8953], [302923.0474, 2771676.4853], [302925.4184, 2771770.2383]]]]}, "geometry_name": "the_geom", "properties": {"項次": "203", "名稱": "無", "面積": "13271.1", "體積": "false", "圖形": "面"}, "bbox": [302923.0474, 2771673.8953, 303004.0274, 2771849.0153]}, {"type": "Feature", "id": "L0101-5.206", "geometry": {"type": "MultiPolygon", "coordinates": [[[[302950.8194, 2769343.3363], [302973.7534, 2769339.4353], [302996.6864, 2769335.5333], [302993.5244, 2769316.7773], [302947.6354, 2769324.6043], [302950.8194, 2769343.3363]]]]}, "geometry_name": "the_geom", "properties": {"項次": "206", "名稱": "無", "面積": "884.748", "體積": "false", "圖形": "面"}, "bbox": [302947.6354, 2769316.7773, 302996.6864, 2769343.3363]}, {"type": "Feature", "id": "L0101-5.207", "geometry": {"type": "MultiPolygon", "coordinates": [[[[302951.4518, 2769344.006], [302969.9507, 2769338.7959], [302959.3608, 2769289.9512], [302959.3608, 2769289.9512], [302942.4073, 2769293.6884], [302951.4518, 2769344.006]]]]}, "geometry_name": "the_geom", "properties": {"項次": "207", "名稱": "金山公園", "面積": "1403.0", "體積": "false", "圖形": "面"}, "bbox": [302942.4073, 2769289.9512, 302969.9507, 2769344.006]}, {"type": "Feature", "id": "L0101-5.210", "geometry": {"type": "MultiPolygon", "coordinates": [[[[302992.3744, 2771181.3763], [302990.4794, 2771184.8993], [302994.0764, 2771195.5233], [302996.5234, 2771202.7483], [302999.1584, 2771204.1773], [303032.8964, 2771195.5233], [303079.4955, 2771183.5693], [303081.5285, 2771180.1233], [303076.8465, 2771162.0583], [303073.3945, 2771160.0363], [302992.3744, 2771181.3763]]]]}, "geometry_name": "the_geom", "properties": {"項次": "210", "名稱": "無", "面積": "2117.86", "體積": "false", "圖形": "面"}, "bbox": [302990.4794, 2771160.0363, 303081.5285, 2771204.1773]}, {"type": "Feature", "id": "L0101-5.212", "geometry": {"type": "MultiPolygon", "coordinates": [[[[303022.1384, 2771754.1663], [303023.0174, 2771795.5253], [303024.0074, 2771842.0253], [303026.9274, 2771844.7553], [303202.7175, 2771837.0553], [303206.1675, 2771795.5253], [303211.9485, 2771725.9543], [303173.0475, 2771725.9543], [303173.0475, 2771678.8633], [303173.0475, 2771671.4123], [303023.9674, 2771672.9453], [303020.4874, 2771676.5453], [303022.1384, 2771754.1663]]]]}, "geometry_name": "the_geom", "properties": {"項次": "212", "名稱": "無", "面積": "29375.3", "體積": "false", "圖形": "面"}, "bbox": [303020.4874, 2771671.4123, 303211.9485, 2771844.7553]}, {"type": "Feature", "id": "L0101-5.215", "geometry": {"type": "MultiPolygon", "coordinates": [[[[303046.0434, 2770974.1293], [303026.6614, 2770979.2053], [303061.0605, 2771116.5233], [303082.1275, 2771110.1463], [303229.0755, 2771060.9323], [303254.8765, 2771052.3423], [303249.6265, 2771049.4373], [303230.8175, 2770972.4993], [303220.0745, 2770928.5553], [303197.2605, 2770934.5293], [303046.0434, 2770974.1293]]]]}, "geometry_name": "the_geom", "properties": {"項次": "215", "名稱": "無", "面積": "27043.5", "體積": "false", "圖形": "面"}, "bbox": [303026.6614, 2770928.5553, 303254.8765, 2771116.5233]}, {"type": "Feature", "id": "L0101-5.216", "geometry": {"type": "MultiPolygon", "coordinates": [[[[303088.0785, 2771155.6103], [303085.2885, 2771160.7523], [303089.0865, 2771175.4073], [303092.4545, 2771177.5643], [303093.5025, 2771177.3763], [303113.1765, 2771173.8423], [303230.8265, 2771140.0148], [303251.6675, 2771134.0203], [303253.6485, 2771130.5463], [303251.3355, 2771121.6573], [303247.3955, 2771106.4613], [303242.5995, 2771103.8593], [303230.8175, 2771107.8058], [303088.0785, 2771155.6103]]]]}, "geometry_name": "the_geom", "properties": {"項次": "216", "名稱": "無", "面積": "4720.44", "體積": "false", "圖形": "面"}, "bbox": [303085.2885, 2771103.8593, 303253.6485, 2771177.5643]}, {"type": "Feature", "id": "L0101-5.217", "geometry": {"type": "MultiPolygon", "coordinates": [[[[303197.9737, 2772601.9354], [303198.5626, 2772602.7377], [303199.4175, 2772603.2468], [303200.4032, 2772603.3821], [303200.8067, 2772603.3229], [303201.7121, 2772602.9103], [303202.3849, 2772602.1773], [303202.7185, 2772601.2399], [303202.7412, 2772600.9989], [303202.7375, 2772600.8353], [303201.9975, 2772566.6453], [303198.3975, 2772563.1753], [303182.5175, 2772563.4953], [303181.1975, 2772565.6153], [303190.2185, 2772585.1403], [303197.9195, 2772601.8093], [303197.9737, 2772601.9354]]]]}, "geometry_name": "the_geom", "properties": {"項次": "217", "名稱": "無", "面積": "508.791", "體積": "false", "圖形": "面"}, "bbox": [303181.1975, 2772563.1753, 303202.7412, 2772603.3821]}, {"type": "Feature", "id": "L0101-5.219", "geometry": {"type": "MultiPolygon", "coordinates": [[[[303233.7221, 2769429.252], [303319.9097, 2769415.752], [303319.9097, 2769415.752], [303318.8159, 2769406.752], [303318.8159, 2769406.752], [303232.8159, 2769422.752], [303232.8159, 2769422.752], [303233.7221, 2769429.252], [303233.7221, 2769429.252]]]]}, "geometry_name": "the_geom", "properties": {"項次": "219", "名稱": "麗水公園", "面積": "901.0", "體積": "false", "圖形": "面"}, "bbox": [303232.8159, 2769406.752, 303319.9097, 2769429.252]}, {"type": "Feature", "id": "L0101-5.221", "geometry": {"type": "MultiPolygon", "coordinates": [[[[303262.6645, 2768967.4533], [303262.6615, 2768967.4533], [303268.7645, 2769005.0343], [303283.1485, 2769002.6263], [303300.7835, 2768999.6733], [303302.5305, 2768997.2343], [303298.3905, 2768971.8493], [303297.5305, 2768966.5753], [303297.1065, 2768963.9723], [303294.6705, 2768962.2203], [303262.6645, 2768967.4533]]]]}, "geometry_name": "the_geom", "properties": {"項次": "221", "名稱": "無", "面積": "1309.34", "體積": "false", "圖形": "面"}, "bbox": [303262.6615, 2768962.2203, 303302.5305, 2769005.0343]}, {"type": "Feature", "id": "L0101-5.222", "geometry": {"type": "MultiPolygon", "coordinates": [[[[303280.9495, 2770502.8833], [303280.7125, 2770506.8763], [303290.7115, 2770511.0843], [303300.0055, 2770515.3073], [303308.6095, 2770519.4973], [303315.9775, 2770523.3073], [303325.4825, 2770528.5333], [303334.2845, 2770533.7043], [303335.1677, 2770533.6717], [303329.5069, 2770513.4821], [303323.4175, 2770491.7636], [303319.1375, 2770492.8843], [303280.9495, 2770502.8833]]]]}, "geometry_name": "the_geom", "properties": {"項次": "222", "名稱": "無", "面積": "1032.97", "體積": "false", "圖形": "面"}, "bbox": [303280.7125, 2770491.7636, 303335.1677, 2770533.7043]}, {"type": "Feature", "id": "L0101-5.230", "geometry": {"type": "MultiPolygon", "coordinates": [[[[303305.2275, 2772051.8853], [303301.2675, 2772051.9253], [303300.4675, 2772054.1853], [303314.8445, 2772079.3433], [303318.0175, 2772084.8953], [303322.4675, 2772088.1153], [303350.7175, 2772087.9253], [303353.3675, 2772085.2753], [303353.3575, 2772079.3253], [303353.3475, 2772056.7253], [303353.3475, 2772054.1953], [303350.5075, 2772051.3853], [303347.4175, 2772051.4153], [303305.2275, 2772051.8853]]]]}, "geometry_name": "the_geom", "properties": {"項次": "230", "名稱": "無", "面積": "1584.08", "體積": "false", "圖形": "面"}, "bbox": [303300.4675, 2772051.3853, 303353.3675, 2772088.1153]}, {"type": "Feature", "id": "L0101-5.232", "geometry": {"type": "MultiPolygon", "coordinates": [[[[303335.1955, 2769738.1713], [303338.7255, 2769748.6063], [303346.8115, 2769759.4693], [303358.8105, 2769775.6503], [303375.8665, 2769770.8843], [303377.5075, 2769768.3723], [303376.3255, 2769760.0533], [303372.2065, 2769731.0543], [303368.8605, 2769728.8623], [303335.1955, 2769738.1713]]]]}, "geometry_name": "the_geom", "properties": {"項次": "232", "名稱": "無", "面積": "1272.55", "體積": "false", "圖形": "面"}, "bbox": [303335.1955, 2769728.8623, 303377.5075, 2769775.6503]}, {"type": "Feature", "id": "L0101-5.233", "geometry": {"type": "MultiPolygon", "coordinates": [[[[303329.7485, 2771211.4413], [303331.7685, 2771213.5233], [303367.4175, 2771204.5423], [303368.7095, 2771199.7113], [303364.3865, 2771195.5253], [303361.1635, 2771192.4043], [303347.3705, 2771178.8613], [303342.8665, 2771174.5063], [303339.9915, 2771175.2813], [303329.7485, 2771211.4413]]]]}, "geometry_name": "the_geom", "properties": {"項次": "233", "名稱": "無", "面積": "823.083", "體積": "false", "圖形": "面"}, "bbox": [303329.7485, 2771174.5063, 303368.7095, 2771213.5233]}, {"type": "Feature", "id": "L0101-5.235", "geometry": {"type": "MultiPolygon", "coordinates": [[[[303353.3295, 2771486.5073], [303353.4125, 2771495.5253], [303387.9145, 2771495.5253], [303387.8295, 2771486.2393], [303371.6485, 2771486.3653], [303353.3295, 2771486.5073]]]]}, "geometry_name": "the_geom", "properties": {"項次": "235", "名稱": "無", "面積": "315.759", "體積": "false", "圖形": "面"}, "bbox": [303353.3295, 2771486.2393, 303387.9145, 2771495.5253]}, {"type": "Feature", "id": "L0101-5.236", "geometry": {"type": "MultiPolygon", "coordinates": [[[[303353.4155, 2771495.5253], [303353.4155, 2771495.8433], [303353.6535, 2771521.6393], [303353.7525, 2771532.4403], [303372.1475, 2771532.4453], [303388.2545, 2771532.4403], [303388.1225, 2771518.1203], [303387.9145, 2771495.5253], [303353.4155, 2771495.5253]]]]}, "geometry_name": "the_geom", "properties": {"項次": "236", "名稱": "無", "面積": "1273.72", "體積": "false", "圖形": "面"}, "bbox": [303353.4155, 2771495.5253, 303388.2545, 2771532.4453]}, {"type": "Feature", "id": "L0101-5.237", "geometry": {"type": "MultiPolygon", "coordinates": [[[[303359.1975, 2771754.0553], [303359.2375, 2771758.4753], [303359.4775, 2771783.9753], [303359.5175, 2771787.9053], [303362.3775, 2771790.7053], [303367.7075, 2771790.6253], [303369.3715, 2771790.5993], [303400.0875, 2771790.1253], [303404.1575, 2771790.0653], [303406.9475, 2771787.1953], [303406.9175, 2771784.9653], [303406.4975, 2771756.5653], [303406.4375, 2771753.0953], [303404.2975, 2771750.9953], [303400.7675, 2771751.0153], [303366.9875, 2771751.1853], [303362.0075, 2771751.2053], [303359.1975, 2771754.0553]]]]}, "geometry_name": "the_geom", "properties": {"項次": "237", "名稱": "無", "面積": "1845.72", "體積": "false", "圖形": "面"}, "bbox": [303359.1975, 2771750.9953, 303406.9475, 2771790.7053]}, {"type": "Feature", "id": "L0101-5.240", "geometry": {"type": "MultiPolygon", "coordinates": [[[[303375.0375, 2772575.2853], [303371.5475, 2772578.8653], [303371.8095, 2772600.6723], [303371.9875, 2772615.5053], [303374.8675, 2772618.2753], [303440.9175, 2772616.6853], [303442.9975, 2772614.5253], [303442.5875, 2772577.1753], [303439.7175, 2772574.3753], [303375.0375, 2772575.2853]]]]}, "geometry_name": "the_geom", "properties": {"項次": "240", "名稱": "無", "面積": "3013.65", "體積": "false", "圖形": "面"}, "bbox": [303371.5475, 2772574.3753, 303442.9975, 2772618.2753]}, {"type": "Feature", "id": "L0101-5.248", "geometry": {"type": "MultiPolygon", "coordinates": [[[[303440.7985, 2769351.3175], [303439.9883, 2769351.7652], [303439.4385, 2769352.51], [303439.2497, 2769353.4162], [303439.2514, 2769353.479], [303444.9655, 2769383.9773], [303444.9745, 2769384.0173], [303446.9595, 2769395.5253], [303450.9275, 2769418.5303], [303452.5035, 2769427.6533], [303452.6635, 2769428.5803], [303452.7365, 2769429.0003], [303452.9905, 2769429.5203], [303453.6025, 2769430.3063], [303454.4345, 2769430.8533], [303455.3975, 2769431.1033], [303456.3905, 2769431.0313], [303457.3075, 2769430.6433], [303459.0895, 2769429.0603], [303464.1315, 2769414.1473], [303480.4525, 2769365.8683], [303478.267, 2769361.7333], [303440.7985, 2769351.3175]]]]}, "geometry_name": "the_geom", "properties": {"項次": "248", "名稱": "無", "面積": "1793.34", "體積": "false", "圖形": "面"}, "bbox": [303439.2497, 2769351.3175, 303480.4525, 2769431.1033]}, {"type": "Feature", "id": "L0101-5.250", "geometry": {"type": "MultiPolygon", "coordinates": [[[[303437.8915, 2772880.6623], [303437.8965, 2772880.9103], [303438.3875, 2772916.8433], [303486.0475, 2772915.9153], [303490.5175, 2772915.8253], [303493.2775, 2772912.9353], [303493.1875, 2772909.4053], [303492.5775, 2772885.9053], [303492.4875, 2772882.3053], [303489.5875, 2772879.5453], [303483.6875, 2772879.6753], [303481.9875, 2772879.7153], [303450.9105, 2772880.3823], [303437.8915, 2772880.6623]]]]}, "geometry_name": "the_geom", "properties": {"項次": "250", "名稱": "無", "面積": "1976.21", "體積": "false", "圖形": "面"}, "bbox": [303437.8915, 2772879.5453, 303493.2775, 2772916.8433]}, {"type": "Feature", "id": "L0101-5.253", "geometry": {"type": "MultiPolygon", "coordinates": [[[[303531.9845, 2770217.8133], [303533.3675, 2770221.5663], [303587.5796, 2770236.9883], [303590.1366, 2770235.4183], [303594.6706, 2770212.0783], [303594.5706, 2770191.4343], [303592.4426, 2770189.3193], [303550.9265, 2770189.3933], [303547.5815, 2770194.4123], [303531.9845, 2770217.8133]]]]}, "geometry_name": "the_geom", "properties": {"項次": "253", "名稱": "無", "面積": "2208.59", "體積": "false", "圖形": "面"}, "bbox": [303531.9845, 2770189.3193, 303594.6706, 2770236.9883]}, {"type": "Feature", "id": "L0101-5.255", "geometry": {"type": "MultiPolygon", "coordinates": [[[[303556.5155, 2769132.4823], [303556.0105, 2769132.3963], [303553.0315, 2769135.0663], [303553.1335, 2769136.8053], [303554.9715, 2769168.1773], [303555.0215, 2769169.0293], [303557.4725, 2769172.1903], [303559.5255, 2769172.8483], [303586.0246, 2769181.3393], [303630.8176, 2769195.6918], [303637.9816, 2769197.9883], [303641.5596, 2769196.2013], [303656.7246, 2769152.5723], [303654.6886, 2769149.1293], [303630.8176, 2769145.0813], [303556.5155, 2769132.4823]]]]}, "geometry_name": "the_geom", "properties": {"項次": "255", "名稱": "無", "面積": "4376.13", "體積": "false", "圖形": "面"}, "bbox": [303553.0315, 2769132.3963, 303656.7246, 2769197.9883]}, {"type": "Feature", "id": "L0101-5.257", "geometry": {"type": "MultiPolygon", "coordinates": [[[[303588.1376, 2771817.8953], [303590.9976, 2771820.6853], [303617.3076, 2771820.3953], [303620.8176, 2771816.8253], [303620.6976, 2771795.5253], [303620.4476, 2771751.8653], [303617.5976, 2771749.0553], [303589.4676, 2771749.3053], [303587.3676, 2771751.4453], [303587.7876, 2771785.3953], [303587.8976, 2771795.5253], [303587.9216, 2771797.8053], [303588.1376, 2771817.8953]]]]}, "geometry_name": "the_geom", "properties": {"項次": "257", "名稱": "無", "面積": "2329.0", "體積": "false", "圖形": "面"}, "bbox": [303587.3676, 2771749.0553, 303620.8176, 2771820.6853]}, {"type": "Feature", "id": "L0101-5.259", "geometry": {"type": "MultiPolygon", "coordinates": [[[[303631.0496, 2769770.5693], [303629.4816, 2769774.2493], [303630.8176, 2769775.7103], [303647.6676, 2769794.1383], [303658.0006, 2769797.9953], [303682.8966, 2769807.2883], [303699.3306, 2769806.9303], [303698.7676, 2769768.8833], [303631.0496, 2769770.5693]]]]}, "geometry_name": "the_geom", "properties": {"項次": "259", "名稱": "無", "面積": "1954.66", "體積": "false", "圖形": "面"}, "bbox": [303629.4816, 2769768.8833, 303699.3306, 2769807.2883]}, {"type": "Feature", "id": "L0101-5.261", "geometry": {"type": "MultiPolygon", "coordinates": [[[[303630.2156, 2771148.0883], [303630.8176, 2771148.6793], [303633.0676, 2771150.8923], [303652.3316, 2771150.6783], [303655.2146, 2771147.7463], [303655.0146, 2771112.6283], [303652.0986, 2771109.7843], [303633.5106, 2771110.1423], [303630.8176, 2771112.9043], [303630.0196, 2771113.7223], [303630.2156, 2771148.0883]]]]}, "geometry_name": "the_geom", "properties": {"項次": "261", "名稱": "無", "面積": "1001.84", "體積": "false", "圖形": "面"}, "bbox": [303630.0196, 2771109.7843, 303655.2146, 2771150.8923]}, {"type": "Feature", "id": "L0101-5.262", "geometry": {"type": "MultiPolygon", "coordinates": [[[[303641.1076, 2772133.8273], [303642.1276, 2772140.7753], [303650.0076, 2772167.6453], [303652.8276, 2772169.7453], [303657.8076, 2772169.7053], [303658.7176, 2772169.6953], [303677.6776, 2772169.5453], [303679.0676, 2772169.5353], [303681.1876, 2772167.4153], [303681.1876, 2772165.3953], [303680.8976, 2772134.1953], [303680.2376, 2772097.4853], [303678.2076, 2772095.5253], [303677.3576, 2772094.7053], [303676.5176, 2772094.7153], [303639.3676, 2772095.2153], [303637.7876, 2772095.2353], [303637.5476, 2772095.5253], [303635.7976, 2772097.6453], [303641.1076, 2772133.8273]]]]}, "geometry_name": "the_geom", "properties": {"項次": "262", "名稱": "無", "面積": "2907.46", "體積": "false", "圖形": "面"}, "bbox": [303635.7976, 2772094.7053, 303681.1876, 2772169.7453]}, {"type": "Feature", "id": "L0101-5.264", "geometry": {"type": "MultiPolygon", "coordinates": [[[[303662.8336, 2770503.0243], [303660.2366, 2770507.2963], [303667.3326, 2770520.8483], [303677.4806, 2770540.2293], [303702.2086, 2770535.1093], [303701.5166, 2770505.2623], [303699.3746, 2770503.1613], [303662.8336, 2770503.0243]]]]}, "geometry_name": "the_geom", "properties": {"項次": "264", "名稱": "無", "面積": "1191.85", "體積": "false", "圖形": "面"}, "bbox": [303660.2366, 2770503.0243, 303702.2086, 2770540.2293]}, {"type": "Feature", "id": "L0101-5.267", "geometry": {"type": "MultiPolygon", "coordinates": [[[[303672.6476, 2772514.9173], [303695.2876, 2772514.5753], [303697.3776, 2772512.4253], [303696.4976, 2772460.9053], [303694.3476, 2772458.8153], [303671.7356, 2772459.0793], [303672.6476, 2772514.9173]]]]}, "geometry_name": "the_geom", "properties": {"項次": "267", "名稱": "無", "面積": "1376.53", "體積": "false", "圖形": "面"}, "bbox": [303671.7356, 2772458.8153, 303697.3776, 2772514.9173]}, {"type": "Feature", "id": "L0101-5.269", "geometry": {"type": "MultiPolygon", "coordinates": [[[[303695.9656, 2771451.7343], [303692.4846, 2771455.3243], [303692.6316, 2771475.0433], [303695.4816, 2771477.8503], [303723.6446, 2771477.6303], [303758.8616, 2771477.3553], [303758.5976, 2771453.8363], [303755.0016, 2771450.3633], [303695.9656, 2771451.7343]]]]}, "geometry_name": "the_geom", "properties": {"項次": "269", "名稱": "無", "面積": "1741.2", "體積": "false", "圖形": "面"}, "bbox": [303692.4846, 2771450.3633, 303758.8616, 2771477.8503]}, {"type": "Feature", "id": "L0101-5.271", "geometry": {"type": "MultiPolygon", "coordinates": [[[[303703.5676, 2772522.5753], [303703.9656, 2772541.3733], [303704.3476, 2772559.4353], [303707.2276, 2772562.2053], [303723.3376, 2772561.9553], [303726.1276, 2772559.0853], [303725.6876, 2772522.2353], [303723.5376, 2772520.1453], [303705.6476, 2772520.4153], [303703.5676, 2772522.5753]]]]}, "geometry_name": "the_geom", "properties": {"項次": "271", "名稱": "無", "面積": "905.133", "體積": "false", "圖形": "面"}, "bbox": [303703.5676, 2772520.1453, 303726.1276, 2772562.2053]}, {"type": "Feature", "id": "L0101-5.277", "geometry": {"type": "MultiPolygon", "coordinates": [[[[303863.7338, 2770933.3768], [303863.8338, 2770908.0245], [303793.6934, 2770929.0865], [303793.6934, 2770929.0865], [303794.4442, 2770933.9487], [303863.7338, 2770933.3768]]]]}, "geometry_name": "the_geom", "properties": {"項次": "277", "名稱": "無", "面積": "1049.61", "體積": "false", "圖形": "面"}, "bbox": [303793.6934, 2770908.0245, 303863.8338, 2770933.9487]}, {"type": "Feature", "id": "L0101-5.278", "geometry": {"type": "MultiPolygon", "coordinates": [[[[303873.0996, 2769303.5213], [303835.1216, 2769420.6793], [303813.3106, 2769487.5853], [303804.1936, 2769515.6433], [303795.5096, 2769543.4103], [303787.4446, 2769569.2713], [303785.2476, 2769576.3173], [303791.2406, 2769584.3223], [304030.8175, 2769580.2933], [304230.9806, 2769575.8293], [304236.5376, 2769570.0753], [304234.6726, 2769391.1433], [304231.9356, 2769158.6343], [304231.2376, 2769095.5253], [304230.9166, 2769075.7533], [304229.7776, 2768983.0353], [304228.2026, 2768857.6803], [304227.0176, 2768757.9653], [304220.9376, 2768752.7753], [304009.1276, 2768784.1093], [304003.9946, 2768790.2453], [304005.5426, 2768871.4483], [304005.7146, 2768880.4643], [304003.7316, 2768891.1303], [304001.4486, 2768899.9943], [303997.9056, 2768914.1573], [303991.5516, 2768938.5733], [303983.6226, 2768965.7103], [303972.9036, 2768998.5693], [303962.6006, 2769030.1203], [303948.7386, 2769071.7433], [303924.1306, 2769147.4383], [303873.0996, 2769303.5213]]]]}, "geometry_name": "the_geom", "properties": {"項次": "278", "名稱": "無", "面積": "259975.0", "體積": "false", "圖形": "面"}, "bbox": [303785.2476, 2768752.7753, 304236.5376, 2769584.3223]}, {"type": "Feature", "id": "L0101-5.279", "geometry": {"type": "MultiPolygon", "coordinates": [[[[303875.6036, 2770864.6523], [303879.9336, 2770863.2533], [303902.2226, 2770856.1553], [303902.1226, 2770851.4553], [303893.0926, 2770848.1553], [303891.7026, 2770847.5553], [303884.5536, 2770844.7553], [303875.6036, 2770864.6523]]]]}, "geometry_name": "the_geom", "properties": {"項次": "279", "名稱": "無", "面積": "266.46", "體積": "false", "圖形": "面"}, "bbox": [303875.6036, 2770844.7553, 303902.2226, 2770864.6523]}, {"type": "Feature", "id": "L0101-5.281", "geometry": {"type": "MultiPolygon", "coordinates": [[[[303877.8726, 2770802.4853], [303879.1539, 2770800.1791], [303879.5396, 2770799.6623], [303872.3856, 2770799.5553], [303865.3276, 2770799.4483], [303794.0366, 2770778.8783], [303794.1946, 2770791.6333], [303796.6196, 2770794.8143], [303814.2696, 2770799.8813], [303873.4746, 2770816.8793], [303874.7676, 2770810.7013], [303876.2783, 2770805.656], [303877.683, 2770802.8097], [303877.8726, 2770802.4853]]]]}, "geometry_name": "the_geom", "properties": {"項次": "281", "名稱": "無", "面積": "1247.77", "體積": "false", "圖形": "面"}, "bbox": [303794.0366, 2770778.8783, 303879.5396, 2770816.8793]}, {"type": "Feature", "id": "L0101-5.282", "geometry": {"type": "MultiPolygon", "coordinates": [[[[303911.7625, 2771793.4263], [303911.7775, 2771795.5253], [303911.9275, 2771816.0453], [303914.7675, 2771818.8553], [303919.5175, 2771818.8453], [303938.8175, 2771818.8253], [303949.7975, 2771818.8453], [303953.3275, 2771815.3053], [303953.2175, 2771795.5253], [303952.9775, 2771749.9553], [303950.1375, 2771747.1453], [303913.5575, 2771747.3353], [303911.4575, 2771749.4753], [303911.7625, 2771793.4263]]]]}, "geometry_name": "the_geom", "properties": {"項次": "282", "名稱": "無", "面積": "2952.15", "體積": "false", "圖形": "面"}, "bbox": [303911.4575, 2771747.1453, 303953.3275, 2771818.8553]}, {"type": "Feature", "id": "L0101-5.283", "geometry": {"type": "MultiPolygon", "coordinates": [[[[303932.1765, 2771485.6393], [303934.3125, 2771487.7453], [303980.5025, 2771487.5713], [303982.6175, 2771485.4443], [303982.4595, 2771395.6343], [303980.3155, 2771393.5353], [303933.3925, 2771394.4783], [303931.3025, 2771396.6313], [303932.1765, 2771485.6393]]]]}, "geometry_name": "the_geom", "properties": {"項次": "283", "名稱": "無", "面積": "4748.74", "體積": "false", "圖形": "面"}, "bbox": [303931.3025, 2771393.5353, 303982.6175, 2771487.7453]}, {"type": "Feature", "id": "L0101-5.284", "geometry": {"type": "MultiPolygon", "coordinates": [[[[303952.5956, 2769762.1133], [303952.6826, 2769763.8793], [304011.9355, 2769793.6733], [304026.3435, 2769800.5823], [304028.8045, 2769802.1553], [304030.8175, 2769803.4983], [304044.3855, 2769812.5443], [304077.5795, 2769834.6733], [304079.5755, 2769836.0773], [304083.5845, 2769834.4063], [304080.6725, 2769797.9833], [304080.2985, 2769792.9553], [304032.8325, 2769793.3103], [304032.8095, 2769760.7033], [304030.8175, 2769760.7233], [304030.8115, 2769760.7233], [303952.5896, 2769761.3613], [303952.5956, 2769762.1133]]]]}, "geometry_name": "the_geom", "properties": {"項次": "284", "名稱": "無", "面積": "3217.92", "體積": "false", "圖形": "面"}, "bbox": [303952.5896, 2769760.7033, 304083.5845, 2769836.0773]}, {"type": "Feature", "id": "L0101-5.285", "geometry": {"type": "MultiPolygon", "coordinates": [[[[303973.9725, 2770276.9243], [303976.9015, 2770279.8323], [303991.5035, 2770279.7763], [304014.3815, 2770279.6873], [304014.2095, 2770269.2873], [304014.1505, 2770265.7343], [304013.8055, 2770244.8473], [303976.5105, 2770245.6273], [303973.6906, 2770248.4633], [303973.9725, 2770276.9243]]]]}, "geometry_name": "the_geom", "properties": {"項次": "285", "名稱": "無", "面積": "1380.99", "體積": "false", "圖形": "面"}, "bbox": [303973.6906, 2770244.8473, 304014.3815, 2770279.8323]}, {"type": "Feature", "id": "L0101-5.288", "geometry": {"type": "MultiPolygon", "coordinates": [[[[303996.9608, 2770765.9603], [304004.1185, 2770762.8473], [304005.3765, 2770762.2353], [304012.6735, 2770758.6863], [304019.9695, 2770755.1363], [304030.9585, 2770749.7923], [304030.9565, 2770749.7883], [304031.6145, 2770749.4753], [304032.2785, 2770749.1743], [304032.9475, 2770748.8843], [304033.6205, 2770748.6053], [304034.2995, 2770748.3393], [304034.9825, 2770748.0853], [304035.6695, 2770747.8423], [304036.3615, 2770747.6113], [304037.0565, 2770747.3933], [304037.7555, 2770747.1873], [304038.4575, 2770746.9923], [304038.8105, 2770746.9013], [304039.1635, 2770746.8103], [304039.8725, 2770746.6403], [304040.5845, 2770746.4833], [304041.2985, 2770746.3383], [304041.5475, 2770746.2921], [304042.0155, 2770746.2053], [304042.7335, 2770746.0863], [304043.4545, 2770745.9783], [304044.1775, 2770745.8843], [304044.1795, 2770745.8813], [304062.0275, 2770743.6923], [304066.222, 2770743.1773], [304067.3555, 2770743.0343], [304068.5065, 2770742.8763], [304069.6555, 2770742.7103], [304070.8035, 2770742.5323], [304071.9495, 2770742.3463], [304073.0935, 2770742.1483], [304073.5546, 2770742.0644], [304081.2797, 2770740.4135], [304083.0045, 2770739.9893], [304083.3005, 2770739.9133], [304084.4235, 2770739.6143], [304085.5425, 2770739.3053], [304086.6595, 2770738.9883], [304087.7726, 2770738.6593], [304103.4356, 2770733.9653], [304112.9916, 2770731.1023], [304112.0896, 2770714.6653], [304093.2406, 2770720.2413], [304081.2225, 2770723.9013], [304074.0587, 2770725.6524], [304063.8815, 2770727.3443], [304059.8651, 2770727.8371], [304052.6766, 2770728.7191], [304043.7654, 2770729.8147], [304035.5453, 2770731.3663], [304033.6225, 2770731.7293], [304027.5795, 2770733.7943], [304026.8272, 2770734.1373], [304010.6935, 2770741.8573], [303997.4255, 2770748.3103], [303996.1035, 2770748.8852], [303990.7595, 2770751.2103], [303985.1895, 2770753.1293], [303984.8355, 2770753.2513], [303978.7695, 2770754.2793], [303964.9645, 2770755.5173], [303964.9517, 2770755.5188], [303957.8226, 2770756.3914], [303951.8878, 2770757.4906], [303945.5935, 2770759.0013], [303938.7835, 2770761.1073], [303932.7615, 2770763.3853], [303929.7611, 2770764.7068], [303925.3653, 2770766.8098], [303922.3145, 2770768.3493], [303915.574, 2770772.3153], [303902.4714, 2770780.657], [303895.9089, 2770784.8598], [303886.0885, 2770792.5623], [303881.8426, 2770796.5773], [303881.8297, 2770796.5938], [303879.1539, 2770800.1791], [303877.8725, 2770802.4853], [303876.4257, 2770805.3103], [303876.2783, 2770805.656], [303874.7676, 2770810.7013], [303873.4746, 2770816.8791], [303885.0115, 2770822.3305], [303888.3596, 2770823.8673], [303888.8713, 2770821.4216], [303890.4308, 2770813.9692], [303891.1247, 2770811.6231], [303892.1907, 2770809.421], [303893.6008, 2770807.4218], [303895.3174, 2770805.6785], [303895.8568, 2770805.2346], [303905.3326, 2770797.8033], [303924.1995, 2770785.7913], [303924.2157, 2770785.781], [303929.4907, 2770782.6604], [303934.958, 2770779.8904], [303940.5942, 2770777.4828], [303946.3755, 2770775.4479], [303947.9409, 2770774.9687], [303958.0655, 2770772.5663], [303964.1304, 2770771.6812], [303966.2745, 2770771.4643], [303973.3135, 2770770.8313], [303980.3515, 2770770.2003], [303980.3551, 2770770.2009], [303984.9471, 2770769.5871], [303989.469, 2770768.5797], [303989.9712, 2770768.4422], [303994.3757, 2770767.0059], [303996.9608, 2770765.9603]]]]}, "geometry_name": "the_geom", "properties": {"項次": "288", "名稱": "無", "面積": "4189.39", "體積": "false", "圖形": "面"}, "bbox": [303873.4746, 2770714.6653, 304112.9916, 2770823.8673]}, {"type": "Feature", "id": "L0101-5.290", "geometry": {"type": "MultiPolygon", "coordinates": [[[[304042.6655, 2772589.1203], [304042.9175, 2772603.1833], [304080.7775, 2772602.6753], [304082.8675, 2772600.5153], [304082.3475, 2772571.5453], [304079.4775, 2772568.7553], [304042.3075, 2772569.2063], [304042.6655, 2772589.1203]]]]}, "geometry_name": "the_geom", "properties": {"項次": "290", "名稱": "無", "面積": "1351.72", "體積": "false", "圖形": "面"}, "bbox": [304042.3075, 2772568.7553, 304082.8675, 2772603.1833]}, {"type": "Feature", "id": "L0101-5.301", "geometry": {"type": "MultiPolygon", "coordinates": [[[[304183.1066, 2770730.4323], [304182.9776, 2770748.3873], [304307.9626, 2770755.7223], [304311.1296, 2770753.2793], [304313.5896, 2770741.0253], [304311.1456, 2770737.8583], [304303.1106, 2770737.3923], [304183.1066, 2770730.4323]]]]}, "geometry_name": "the_geom", "properties": {"項次": "301", "名稱": "無", "面積": "2321.26", "體積": "false", "圖形": "面"}, "bbox": [304182.9776, 2770730.4323, 304313.5896, 2770755.7223]}, {"type": "Feature", "id": "L0101-5.302", "geometry": {"type": "MultiPolygon", "coordinates": [[[[304207.3286, 2770986.7453], [304224.8826, 2770989.8503], [304259.9516, 2770996.0543], [304263.7756, 2770953.9913], [304249.3826, 2770953.6273], [304209.8426, 2770952.8643], [304208.1966, 2770954.8793], [304207.3286, 2770986.7453]]]]}, "geometry_name": "the_geom", "properties": {"項次": "302", "名稱": "無", "面積": "2066.66", "體積": "false", "圖形": "面"}, "bbox": [304207.3286, 2770952.8643, 304263.7756, 2770996.0543]}, {"type": "Feature", "id": "L0101-5.303", "geometry": {"type": "MultiPolygon", "coordinates": [[[[304217.4181, 2772954.3853], [304217.4376, 2772955.4753], [304217.4476, 2772956.5953], [304217.4576, 2772957.7153], [304217.4676, 2772958.8253], [304217.4676, 2772959.9453], [304217.4576, 2772961.0653], [304217.4576, 2772962.1853], [304217.4476, 2772963.3053], [304217.4376, 2772964.4253], [304217.4176, 2772965.5353], [304217.3976, 2772966.6553], [304217.3676, 2772967.7753], [304217.3476, 2772968.8953], [304217.3076, 2772970.0053], [304217.2776, 2772971.1253], [304217.2376, 2772972.2453], [304217.1976, 2772973.3653], [304217.1476, 2772974.4753], [304217.0976, 2772975.5953], [304217.0376, 2772976.7153], [304216.9776, 2772977.8253], [304216.9176, 2772978.9453], [304216.8576, 2772980.0653], [304216.7876, 2772981.1753], [304216.7176, 2772982.2953], [304216.6376, 2772983.4053], [304216.5576, 2772984.5253], [304216.4676, 2772985.6453], [304216.3876, 2772986.7553], [304216.2876, 2772987.8653], [304216.1976, 2772988.9853], [304216.0976, 2772990.0953], [304215.9976, 2772991.2053], [304215.8876, 2772992.3253], [304215.7776, 2772993.4353], [304215.6676, 2772994.5453], [304215.5576, 2772995.5253], [304215.5476, 2772995.6553], [304215.4276, 2772996.7753], [304215.2976, 2772997.8853], [304215.1676, 2772998.9953], [304215.0376, 2773000.1053], [304214.9476, 2773000.8453], [304216.5076, 2773002.3753], [304292.8846, 2773002.0583], [304430.8176, 2773001.4853], [304563.3376, 2773000.9253], [304566.8376, 2772997.3553], [304566.8076, 2772995.5253], [304565.5776, 2772907.3953], [304564.8476, 2772857.8753], [304564.2476, 2772817.4053], [304560.6776, 2772813.9053], [304430.8176, 2772814.2853], [304220.9376, 2772814.9053], [304215.3376, 2772820.6153], [304217.4181, 2772954.3853]]]]}, "geometry_name": "the_geom", "properties": {"項次": "303", "名稱": "無", "面積": "65344.9", "體積": "false", "圖形": "面"}, "bbox": [304214.9476, 2772813.9053, 304566.8376, 2773002.3753]}, {"type": "Feature", "id": "L0101-5.309", "geometry": {"type": "MultiPolygon", "coordinates": [[[[304289.7176, 2771121.2593], [304292.3396, 2771124.2793], [304315.8566, 2771123.6733], [304317.2086, 2771120.7183], [304317.5356, 2771097.8453], [304317.5196, 2771097.8293], [304316.8826, 2771095.6513], [304308.7106, 2771094.1193], [304297.5326, 2771092.0233], [304294.2526, 2771094.3133], [304289.7176, 2771121.2593]]]]}, "geometry_name": "the_geom", "properties": {"項次": "309", "名稱": "無", "面積": "765.05", "體積": "false", "圖形": "面"}, "bbox": [304289.7176, 2771092.0233, 304317.5356, 2771124.2793]}, {"type": "Feature", "id": "L0101-5.311", "geometry": {"type": "MultiPolygon", "coordinates": [[[[304350.4566, 2770764.4913], [304354.0616, 2770808.4963], [304437.3656, 2770803.3433], [304451.0846, 2770805.0803], [304453.8396, 2770802.5473], [304452.6396, 2770774.1303], [304449.6226, 2770771.0403], [304434.7886, 2770770.0513], [304350.4566, 2770764.4913]]]]}, "geometry_name": "the_geom", "properties": {"項次": "311", "名稱": "無", "面積": "3806.45", "體積": "false", "圖形": "面"}, "bbox": [304350.4566, 2770764.4913, 304453.8396, 2770808.4963]}, {"type": "Feature", "id": "L0101-5.312", "geometry": {"type": "MultiPolygon", "coordinates": [[[[304346.4276, 2772059.5653], [304348.6176, 2772061.6253], [304359.6666, 2772061.3733], [304385.4276, 2772060.7853], [304388.1976, 2772057.8853], [304386.8676, 2771999.5453], [304383.9776, 2771996.7853], [304346.2076, 2771997.6653], [304344.1576, 2771999.8553], [304346.4276, 2772059.5653]]]]}, "geometry_name": "the_geom", "properties": {"項次": "312", "名稱": "無", "面積": "2691.93", "體積": "false", "圖形": "面"}, "bbox": [304344.1576, 2771996.7853, 304388.1976, 2772061.6253]}, {"type": "Feature", "id": "L0101-5.313", "geometry": {"type": "MultiPolygon", "coordinates": [[[[304409.5946, 2772676.6133], [304409.6776, 2772685.0253], [304412.5176, 2772687.8353], [304430.8176, 2772687.7953], [304437.6076, 2772687.7753], [304439.7176, 2772685.6453], [304439.4976, 2772655.8653], [304437.3676, 2772653.7553], [304430.8176, 2772653.7653], [304412.2076, 2772653.8253], [304409.3976, 2772656.6653], [304409.5946, 2772676.6133]]]]}, "geometry_name": "the_geom", "properties": {"項次": "313", "名稱": "無", "面積": "1010.53", "體積": "false", "圖形": "面"}, "bbox": [304409.3976, 2772653.7553, 304439.7176, 2772687.8353]}, {"type": "Feature", "id": "L0101-5.315", "geometry": {"type": "MultiPolygon", "coordinates": [[[[304430.8176, 2770745.7643], [304324.9036, 2770738.7113], [304321.7266, 2770741.1403], [304319.2636, 2770753.4063], [304321.6956, 2770756.5823], [304430.8176, 2770763.7763], [304435.5586, 2770764.0893], [304555.9836, 2770772.1143], [304658.1817, 2770771.7393], [304707.4237, 2770763.0793], [304709.7817, 2770759.8493], [304708.1237, 2770747.7083], [304704.9017, 2770745.3363], [304682.8217, 2770749.0413], [304656.6287, 2770753.4353], [304561.8016, 2770754.4863], [304430.8176, 2770745.7643]]]]}, "geometry_name": "the_geom", "properties": {"項次": "315", "名稱": "無", "面積": "6997.49", "體積": "false", "圖形": "面"}, "bbox": [304319.2636, 2770738.7113, 304709.7817, 2770772.1143]}, {"type": "Feature", "id": "L0101-5.316", "geometry": {"type": "MultiPolygon", "coordinates": [[[[304430.8176, 2772380.6753], [304411.2176, 2772386.5653], [304411.8576, 2772390.7653], [304419.3686, 2772390.6983], [304430.8176, 2772390.5953], [304442.7376, 2772390.4853], [304445.5376, 2772387.6253], [304445.4476, 2772379.6053], [304442.2276, 2772377.2453], [304430.8176, 2772380.6753]]]]}, "geometry_name": "the_geom", "properties": {"項次": "316", "名稱": "無", "面積": "304.693", "體積": "false", "圖形": "面"}, "bbox": [304411.2176, 2772377.2453, 304445.5376, 2772390.7653]}, {"type": "Feature", "id": "L0101-5.317", "geometry": {"type": "MultiPolygon", "coordinates": [[[[304437.9776, 2771742.8953], [304435.3376, 2771745.6553], [304435.8836, 2771774.0503], [304436.2776, 2771794.5653], [304439.0276, 2771797.1953], [304490.2976, 2771796.0153], [304491.4276, 2771793.7553], [304479.7176, 2771777.3653], [304476.5376, 2771772.3753], [304473.8976, 2771768.2753], [304465.9876, 2771744.0653], [304463.5376, 2771742.3253], [304437.9776, 2771742.8953]]]]}, "geometry_name": "the_geom", "properties": {"項次": "317", "名稱": "無", "面積": "2207.94", "體積": "false", "圖形": "面"}, "bbox": [304435.3376, 2771742.3253, 304491.4276, 2771797.1953]}, {"type": "Feature", "id": "L0101-5.318", "geometry": {"type": "MultiPolygon", "coordinates": [[[[304471.5176, 2768960.0753], [304470.9976, 2768963.0353], [304475.9876, 2768970.0753], [304542.2776, 2768969.3553], [304545.0676, 2768966.4953], [304544.6576, 2768931.5853], [304541.7876, 2768928.7953], [304529.1256, 2768929.0363], [304516.0076, 2768929.2853], [304471.5176, 2768960.0753]]]]}, "geometry_name": "the_geom", "properties": {"項次": "318", "名稱": "無", "面積": "2267.8", "體積": "false", "圖形": "面"}, "bbox": [304470.9976, 2768928.7953, 304545.0676, 2768970.0753]}, {"type": "Feature", "id": "L0101-5.320", "geometry": {"type": "MultiPolygon", "coordinates": [[[[304518.0076, 2771808.5953], [304517.0976, 2771810.7553], [304517.9276, 2771811.9153], [304519.6776, 2771814.3753], [304519.9446, 2771814.7483], [304523.8976, 2771820.2753], [304523.8676, 2771816.7953], [304523.8276, 2771813.1953], [304523.7576, 2771805.7153], [304519.1776, 2771805.8453], [304518.0076, 2771808.5953]]]]}, "geometry_name": "the_geom", "properties": {"項次": "320", "名稱": "無", "面積": "59.9809", "體積": "false", "圖形": "面"}, "bbox": [304517.0976, 2771805.7153, 304523.8976, 2771820.2753]}, {"type": "Feature", "id": "L0101-5.322", "geometry": {"type": "MultiPolygon", "coordinates": [[[[304543.9411, 2771791.7292], [304682.5111, 2771790.8047], [304681.9359, 2771742.2097], [304545.6723, 2771743.7773], [304545.6723, 2771743.7773], [304543.9411, 2771791.7292]]]]}, "geometry_name": "the_geom", "properties": {"項次": "322", "名稱": "興國公園", "面積": "6714.0", "體積": "false", "圖形": "面"}, "bbox": [304543.9411, 2771742.2097, 304682.5111, 2771791.7292]}, {"type": "Feature", "id": "L0101-5.323", "geometry": {"type": "MultiPolygon", "coordinates": [[[[304545.9526, 2771740.3893], [304543.1656, 2771743.2593], [304543.4196, 2771768.6863], [304543.6196, 2771791.3283], [304546.3426, 2771793.9773], [304666.3297, 2771791.7533], [304686.5407, 2771791.3583], [304689.1907, 2771788.6063], [304688.3127, 2771740.4603], [304685.4307, 2771737.6853], [304671.0747, 2771737.9673], [304653.7697, 2771738.3133], [304545.9526, 2771740.3893]]]]}, "geometry_name": "the_geom", "properties": {"項次": "323", "名稱": "無", "面積": "7782.4", "體積": "false", "圖形": "面"}, "bbox": [304543.1656, 2771737.6853, 304689.1907, 2771793.9773]}, {"type": "Feature", "id": "L0101-5.324", "geometry": {"type": "MultiPolygon", "coordinates": [[[[304564.6256, 2770595.5253], [304564.6556, 2770599.2523], [304564.7136, 2770606.5173], [304567.5646, 2770609.3223], [304607.5357, 2770609.0083], [304607.2877, 2770580.9053], [304602.1828, 2770580.9473], [304595.5108, 2770581.0013], [304588.7307, 2770581.0563], [304567.3406, 2770581.2303], [304564.5346, 2770584.0803], [304564.6256, 2770595.5253]]]]}, "geometry_name": "the_geom", "properties": {"項次": "324", "名稱": "無", "面積": "1194.29", "體積": "false", "圖形": "面"}, "bbox": [304564.5346, 2770580.9053, 304607.5357, 2770609.3223]}, {"type": "Feature", "id": "L0101-5.326", "geometry": {"type": "MultiPolygon", "coordinates": [[[[304567.6146, 2770615.3223], [304564.8086, 2770618.1743], [304564.8996, 2770629.1423], [304564.8996, 2770629.1753], [304607.7127, 2770629.1933], [304607.5877, 2770615.0083], [304597.3787, 2770615.0883], [304567.6146, 2770615.3223]]]]}, "geometry_name": "the_geom", "properties": {"項次": "326", "名稱": "無", "面積": "595.663", "體積": "false", "圖形": "面"}, "bbox": [304564.8086, 2770615.0083, 304607.7127, 2770629.1933]}, {"type": "Feature", "id": "L0101-5.327", "geometry": {"type": "MultiPolygon", "coordinates": [[[[304573.8226, 2771134.3473], [304572.8296, 2771173.0623], [304588.8656, 2771173.2493], [304609.4557, 2771173.4893], [304611.8737, 2771171.7103], [304620.3837, 2771143.3443], [304618.7697, 2771140.8153], [304613.8717, 2771140.1113], [304573.8226, 2771134.3473]]]]}, "geometry_name": "the_geom", "properties": {"項次": "327", "名稱": "無", "面積": "1538.47", "體積": "false", "圖形": "面"}, "bbox": [304572.8296, 2771134.3473, 304620.3837, 2771173.4893]}, {"type": "Feature", "id": "L0101-5.333", "geometry": {"type": "MultiPolygon", "coordinates": [[[[304639.0747, 2769246.8488], [304639.5677, 2769283.5252], [304673.0926, 2769283.1769], [304675.8871, 2769280.315], [304675.4648, 2769248.9034], [304672.5873, 2769246.1249], [304639.0747, 2769246.8488]]]]}, "geometry_name": "the_geom", "properties": {"項次": "333", "名稱": "無", "面積": "1333.01", "體積": "false", "圖形": "面"}, "bbox": [304639.0747, 2769246.1249, 304675.8871, 2769283.5252]}, {"type": "Feature", "id": "L0101-5.334", "geometry": {"type": "MultiPolygon", "coordinates": [[[[304634.5177, 2772025.9053], [304632.4577, 2772028.0753], [304633.3587, 2772064.1753], [304633.9377, 2772087.3753], [304636.8377, 2772090.1353], [304691.0577, 2772088.8153], [304694.5177, 2772085.2053], [304693.5277, 2772027.2953], [304690.6377, 2772024.5253], [304634.5177, 2772025.9053]]]]}, "geometry_name": "the_geom", "properties": {"項次": "334", "名稱": "無", "面積": "3893.98", "體積": "false", "圖形": "面"}, "bbox": [304632.4577, 2772024.5253, 304694.5177, 2772090.1353]}, {"type": "Feature", "id": "L0101-5.336", "geometry": {"type": "MultiPolygon", "coordinates": [[[[304696.4867, 2769898.4433], [304697.2397, 2769936.0843], [304700.1187, 2769938.8613], [304743.7867, 2769938.1463], [304748.4987, 2769938.0693], [304751.2757, 2769935.1903], [304750.5137, 2769896.8163], [304747.6337, 2769894.0403], [304740.2617, 2769894.1643], [304734.5967, 2769894.2593], [304699.9567, 2769894.8433], [304696.4867, 2769898.4433]]]]}, "geometry_name": "the_geom", "properties": {"項次": "336", "名稱": "無", "面積": "2361.18", "體積": "false", "圖形": "面"}, "bbox": [304696.4867, 2769894.0403, 304751.2757, 2769938.8613]}, {"type": "Feature", "id": "L0101-5.337", "geometry": {"type": "MultiPolygon", "coordinates": [[[[304686.3777, 2772512.6053], [304686.5427, 2772525.8423], [304686.7777, 2772544.6353], [304686.8077, 2772546.7353], [304689.6677, 2772549.5253], [304690.6677, 2772549.5153], [304713.3277, 2772549.2153], [304716.8177, 2772545.6353], [304716.4077, 2772512.1253], [304715.9777, 2772477.9453], [304713.1177, 2772475.1553], [304694.4777, 2772475.4353], [304694.4777, 2772475.4153], [304689.0177, 2772475.5053], [304688.0177, 2772475.5153], [304685.9277, 2772477.6653], [304685.9677, 2772480.7153], [304686.3777, 2772512.6053]]]]}, "geometry_name": "the_geom", "properties": {"項次": "337", "名稱": "無", "面積": "2207.19", "體積": "false", "圖形": "面"}, "bbox": [304685.9277, 2772475.1553, 304716.8177, 2772549.5253]}, {"type": "Feature", "id": "L0101-5.338", "geometry": {"type": "MultiPolygon", "coordinates": [[[[304694.5407, 2771369.78], [304697.3059, 2771366.8897], [304696.7522, 2771338.4789], [304693.8723, 2771335.7029], [304627.8625, 2771336.8411], [304625.1005, 2771339.7345], [304625.9671, 2771369.3598], [304628.1449, 2771371.4231], [304694.5407, 2771369.78]]]]}, "geometry_name": "the_geom", "properties": {"項次": "338", "名稱": "無", "面積": "2441.13", "體積": "false", "圖形": "面"}, "bbox": [304625.1005, 2771335.7029, 304697.3059, 2771371.4231]}, {"type": "Feature", "id": "L0101-5.340", "geometry": {"type": "MultiPolygon", "coordinates": [[[[304700.8787, 2771826.6413], [304700.9077, 2771828.2353], [304701.3477, 2771851.3653], [304704.0977, 2771853.9953], [304738.7977, 2771853.1053], [304741.4477, 2771850.3353], [304740.5277, 2771804.0253], [304737.7777, 2771801.3753], [304703.1377, 2771802.0353], [304700.4877, 2771804.7853], [304700.8787, 2771826.6413]]]]}, "geometry_name": "the_geom", "properties": {"項次": "340", "名稱": "無", "面積": "2064.04", "體積": "false", "圖形": "面"}, "bbox": [304700.4877, 2771801.3753, 304741.4477, 2771853.9953]}, {"type": "Feature", "id": "L0101-5.343", "geometry": {"type": "MultiPolygon", "coordinates": [[[[304728.4107, 2769105.0413], [304714.2727, 2769121.7163], [304714.6577, 2769125.6983], [304751.1737, 2769154.9193], [304755.1427, 2769154.4283], [304773.3237, 2769130.4983], [304773.0387, 2769107.2403], [304770.1737, 2769104.4493], [304747.9277, 2769104.7643], [304728.4107, 2769105.0413]]]]}, "geometry_name": "the_geom", "properties": {"項次": "343", "名稱": "無", "面積": "2060.63", "體積": "false", "圖形": "面"}, "bbox": [304714.2727, 2769104.4493, 304773.3237, 2769154.9193]}, {"type": "Feature", "id": "L0101-5.344", "geometry": {"type": "MultiPolygon", "coordinates": [[[[304735.5277, 2768925.2353], [304733.8177, 2768925.2628], [304733.8177, 2768966.0603], [304745.3767, 2768965.9043], [304768.3477, 2768965.5953], [304771.1377, 2768962.7253], [304770.6277, 2768927.4953], [304767.7577, 2768924.7053], [304735.5277, 2768925.2353]]]]}, "geometry_name": "the_geom", "properties": {"項次": "344", "名稱": "無", "面積": "1506.15", "體積": "false", "圖形": "面"}, "bbox": [304733.8177, 2768924.7053, 304771.1377, 2768966.0603]}, {"type": "Feature", "id": "L0101-5.346", "geometry": {"type": "MultiPolygon", "coordinates": [[[[304750.3617, 2769696.4783], [304747.6217, 2769699.3923], [304748.9317, 2769730.8273], [304751.1357, 2769732.8633], [304788.8637, 2769731.4343], [304791.6187, 2769728.5343], [304791.3627, 2769709.6083], [304791.2127, 2769698.5033], [304788.3377, 2769695.7233], [304750.3617, 2769696.4783]]]]}, "geometry_name": "the_geom", "properties": {"項次": "346", "名稱": "無", "面積": "1542.04", "體積": "false", "圖形": "面"}, "bbox": [304747.6217, 2769695.7233, 304791.6187, 2769732.8633]}, {"type": "Feature", "id": "L0101-5.349", "geometry": {"type": "MultiPolygon", "coordinates": [[[[304762.0677, 2770612.4263], [304747.1117, 2770647.7643], [304745.2157, 2770652.2223], [304748.0487, 2770656.3423], [304759.6527, 2770655.9263], [304792.0947, 2770654.7623], [304794.8417, 2770651.8553], [304793.6467, 2770595.5253], [304792.9047, 2770560.5573], [304788.0217, 2770559.4783], [304778.7997, 2770578.2843], [304770.3507, 2770595.5253], [304762.0677, 2770612.4263]]]]}, "geometry_name": "the_geom", "properties": {"項次": "349", "名稱": "無", "面積": "2750.09", "體積": "false", "圖形": "面"}, "bbox": [304745.2157, 2770559.4783, 304794.8417, 2770656.3423]}, {"type": "Feature", "id": "L0101-5.353", "geometry": {"type": "MultiPolygon", "coordinates": [[[[304793.8997, 2770714.5093], [304787.3737, 2770720.0833], [304781.7037, 2770724.1453], [304777.1397, 2770726.9643], [304770.9717, 2770730.2183], [304768.3557, 2770731.3433], [304764.0717, 2770733.1853], [304756.9517, 2770735.5733], [304749.6577, 2770737.3653], [304732.6867, 2770740.4313], [304718.3497, 2770743.0033], [304715.9977, 2770746.2393], [304717.6517, 2770758.3533], [304720.8827, 2770760.7133], [304737.8037, 2770757.7373], [304754.7237, 2770754.7613], [304764.9887, 2770751.5813], [304774.0037, 2770748.5213], [304782.5207, 2770744.2933], [304790.2217, 2770739.6733], [304796.7667, 2770734.6743], [304804.0417, 2770728.2273], [304810.7787, 2770722.4493], [304816.1687, 2770716.9953], [304821.5077, 2770711.4193], [304825.9847, 2770706.6943], [304830.8177, 2770700.1243], [304844.0577, 2770682.1253], [304852.3177, 2770671.3453], [304853.3377, 2770670.0153], [304853.3177, 2770668.7353], [304853.2277, 2770664.7553], [304838.1177, 2770665.2453], [304832.7377, 2770667.9053], [304830.8177, 2770670.2853], [304830.8177, 2770670.2883], [304816.5517, 2770687.8903], [304802.2857, 2770705.4923], [304793.8997, 2770714.5093]]]]}, "geometry_name": "the_geom", "properties": {"項次": "353", "名稱": "無", "面積": "2900.02", "體積": "false", "圖形": "面"}, "bbox": [304715.9977, 2770664.7553, 304853.3377, 2770760.7133]}, {"type": "Feature", "id": "L0101-5.363", "geometry": {"type": "MultiPolygon", "coordinates": [[[[304930.9697, 2769699.4323], [304931.3687, 2769730.9033], [304934.2437, 2769733.6853], [304967.7377, 2769733.0013], [304967.0887, 2769692.3243], [304939.4307, 2769692.6403], [304937.4677, 2769692.6623], [304934.7207, 2769695.5253], [304930.9697, 2769699.4323]]]]}, "geometry_name": "the_geom", "properties": {"項次": "363", "名稱": "無", "面積": "1455.51", "體積": "false", "圖形": "面"}, "bbox": [304930.9697, 2769692.3243, 304967.7377, 2769733.6853]}, {"type": "Feature", "id": "L0101-5.371", "geometry": {"type": "MultiPolygon", "coordinates": [[[[304967.7157, 2769833.9733], [304968.3967, 2769873.9473], [305001.2137, 2769873.4333], [305004.6917, 2769869.8413], [305004.1197, 2769836.2733], [305001.2467, 2769833.4903], [304967.7157, 2769833.9733]]]]}, "geometry_name": "the_geom", "properties": {"項次": "371", "名稱": "無", "面積": "1442.57", "體積": "false", "圖形": "面"}, "bbox": [304967.7157, 2769833.4903, 305004.6917, 2769873.9473]}, {"type": "Feature", "id": "L0101-5.373", "geometry": {"type": "MultiPolygon", "coordinates": [[[[304985.6857, 2769076.4573], [304967.9597, 2769076.5793], [304960.7077, 2769076.6293], [304961.0977, 2769095.5253], [304961.4177, 2769111.3243], [304964.1947, 2769114.2023], [305001.3507, 2769116.3013], [305004.2267, 2769113.5223], [305003.8317, 2769095.5253], [305003.4117, 2769076.3353], [304985.6857, 2769076.4573]]]]}, "geometry_name": "the_geom", "properties": {"項次": "373", "名稱": "無", "面積": "1649.12", "體積": "false", "圖形": "面"}, "bbox": [304960.7077, 2769076.3353, 305004.2267, 2769116.3013]}, {"type": "Feature", "id": "L0101-5.376", "geometry": {"type": "MultiPolygon", "coordinates": [[[[304991.5327, 2771960.6803], [304976.6577, 2771946.4953], [304970.4527, 2771941.1343], [304968.9097, 2771942.7383], [304969.4527, 2771986.8383], [304969.5865, 2771986.967], [304971.6147, 2771988.9183], [304971.6037, 2771989.3033], [304977.4827, 2771994.7163], [304984.4827, 2771994.5773], [304984.5584, 2771997.4189], [304984.6617, 2772001.3013], [304997.9677, 2772013.4233], [304995.3477, 2772019.0553], [304989.9577, 2772028.6443], [304991.9537, 2772028.7623], [304999.2417, 2772043.5933], [305003.4147, 2772044.6903], [305013.2993, 2772044.5569], [305034.9433, 2772044.2649], [305043.2187, 2772044.1533], [305065.3115, 2772049.226], [305080.9154, 2772052.8088], [305121.4778, 2772062.1223], [305124.1598, 2772062.7323], [305111.3718, 2772045.1503], [305098.5093, 2772027.4652], [305091.9278, 2772018.4163], [305091.8778, 2772018.4053], [305083.1127, 2772016.3253], [305079.9718, 2772015.5799], [305076.6545, 2772014.7928], [305074.3477, 2772014.2453], [305067.1027, 2772011.3103], [305059.8577, 2772008.3753], [305057.0377, 2772006.7853], [305054.066, 2772004.1387], [305051.7377, 2772002.0653], [305045.8577, 2771998.3253], [305040.0797, 2771995.8781], [305039.9077, 2771995.8053], [305031.6777, 2771992.8353], [305024.7827, 2771989.0613], [305022.1708, 2771987.6042], [305017.9777, 2771985.2653], [305007.9867, 2771976.2845], [305006.4077, 2771974.8653], [304995.4543, 2771964.4199], [304991.5327, 2771960.6803]]]]}, "geometry_name": "the_geom", "properties": {"項次": "376", "名稱": "無", "面積": "6643.94", "體積": "false", "圖形": "面"}, "bbox": [304968.9097, 2771941.1343, 305124.1598, 2772062.7323]}, {"type": "Feature", "id": "L0101-5.379", "geometry": {"type": "MultiPolygon", "coordinates": [[[[305017.6217, 2769244.5203], [305014.8507, 2769247.4043], [305015.7127, 2769280.9533], [305016.5087, 2769317.2243], [305019.3937, 2769319.9943], [305054.7817, 2769319.3423], [305053.5107, 2769272.1953], [305053.1157, 2769257.5433], [305052.7517, 2769244.0153], [305017.6217, 2769244.5203]]]]}, "geometry_name": "the_geom", "properties": {"項次": "379", "名稱": "無", "面積": "2862.89", "體積": "false", "圖形": "面"}, "bbox": [305014.8507, 2769244.0153, 305054.7817, 2769319.9943]}, {"type": "Feature", "id": "L0101-5.381", "geometry": {"type": "MultiPolygon", "coordinates": [[[[305027.3177, 2770588.2353], [305025.8577, 2770590.8553], [305026.1777, 2770608.5853], [305029.0577, 2770611.3553], [305054.8647, 2770610.8443], [305101.0478, 2770609.9253], [305103.9478, 2770607.0353], [305102.7978, 2770547.3653], [305099.2978, 2770545.4253], [305027.3177, 2770588.2353]]]]}, "geometry_name": "the_geom", "properties": {"項次": "381", "名稱": "無", "面積": "3435.93", "體積": "false", "圖形": "面"}, "bbox": [305025.8577, 2770545.4253, 305103.9478, 2770611.3553]}, {"type": "Feature", "id": "L0101-5.383", "geometry": {"type": "MultiPolygon", "coordinates": [[[[305050.1947, 2769683.3763], [305060.0617, 2769683.2633], [305086.3528, 2769682.9633], [305089.1468, 2769680.1003], [305088.8348, 2769656.6513], [305085.9708, 2769653.8583], [305049.8687, 2769654.2803], [305050.1947, 2769683.3763]]]]}, "geometry_name": "the_geom", "properties": {"項次": "383", "名稱": "無", "面積": "1125.89", "體積": "false", "圖形": "面"}, "bbox": [305049.8687, 2769653.8583, 305089.1468, 2769683.3763]}, {"type": "Feature", "id": "L0101-5.384", "geometry": {"type": "MultiPolygon", "coordinates": [[[[305045.5597, 2771069.9363], [305046.1907, 2771106.2983], [305066.4407, 2771106.1733], [305084.5448, 2771106.0623], [305087.3938, 2771103.2533], [305088.0388, 2771072.5203], [305085.2308, 2771069.6713], [305045.5597, 2771069.9363]]]]}, "geometry_name": "the_geom", "properties": {"項次": "384", "名稱": "無", "面積": "1514.07", "體積": "false", "圖形": "面"}, "bbox": [305045.5597, 2771069.6713, 305088.0388, 2771106.2983]}, {"type": "Feature", "id": "L0101-5.387", "geometry": {"type": "MultiPolygon", "coordinates": [[[[305053.3857, 2771438.1283], [305053.4257, 2771440.1283], [305083.5387, 2771439.4923], [305106.0518, 2771439.0123], [305108.5558, 2771435.3813], [305107.9888, 2771397.7533], [305104.9928, 2771395.4263], [305052.4637, 2771396.5303], [305053.3857, 2771438.1283]]]]}, "geometry_name": "the_geom", "properties": {"項次": "387", "名稱": "無", "面積": "2405.26", "體積": "false", "圖形": "面"}, "bbox": [305052.4637, 2771395.4263, 305108.5558, 2771440.1283]}, {"type": "Feature", "id": "L0101-5.390", "geometry": {"type": "MultiPolygon", "coordinates": [[[[305076.4377, 2771751.5853], [305076.0177, 2771754.0453], [305106.1178, 2771795.5253], [305152.2278, 2771859.0653], [305159.9578, 2771858.8753], [305162.7178, 2771855.9953], [305161.5478, 2771795.5253], [305160.8018, 2771757.1563], [305160.7178, 2771752.8353], [305157.8378, 2771750.0653], [305154.4238, 2771750.1293], [305142.7808, 2771750.3463], [305076.4377, 2771751.5853]]]]}, "geometry_name": "the_geom", "properties": {"項次": "390", "名稱": "無", "面積": "5267.74", "體積": "false", "圖形": "面"}, "bbox": [305076.0177, 2771750.0653, 305162.7178, 2771859.0653]}, {"type": "Feature", "id": "L0101-5.394", "geometry": {"type": "MultiPolygon", "coordinates": [[[[305110.2578, 2769928.1373], [305107.4748, 2769931.0103], [305107.8278, 2769960.8763], [305107.8438, 2769961.7863], [305110.7248, 2769964.5603], [305146.0438, 2769963.8063], [305145.6138, 2769927.4403], [305110.2578, 2769928.1373]]]]}, "geometry_name": "the_geom", "properties": {"項次": "394", "名稱": "無", "面積": "1381.67", "體積": "false", "圖形": "面"}, "bbox": [305107.4748, 2769927.4403, 305146.0438, 2769964.5603]}, {"type": "Feature", "id": "L0101-5.395", "geometry": {"type": "MultiPolygon", "coordinates": [[[[305109.0178, 2772516.3453], [305109.5178, 2772516.9953], [305113.3378, 2772518.0353], [305114.3378, 2772518.1853], [305142.5078, 2772494.2153], [305142.9078, 2772493.9653], [305144.3678, 2772492.5153], [305144.1178, 2772490.9653], [305143.2978, 2772489.6453], [305133.7778, 2772478.0553], [305133.4178, 2772478.1453], [305131.1078, 2772477.8753], [305127.7978, 2772477.8753], [305116.7978, 2772477.8753], [305111.6778, 2772478.0253], [305110.1778, 2772479.3253], [305109.0278, 2772481.2953], [305108.7678, 2772484.7853], [305109.0178, 2772516.3453]]]]}, "geometry_name": "the_geom", "properties": {"項次": "395", "名稱": "無", "面積": "966.903", "體積": "false", "圖形": "面"}, "bbox": [305108.7678, 2772477.8753, 305144.3678, 2772518.1853]}, {"type": "Feature", "id": "L0101-5.403", "geometry": {"type": "MultiPolygon", "coordinates": [[[[305159.6578, 2770342.4663], [305159.6778, 2770378.9063], [305197.0528, 2770378.2373], [305206.0978, 2770378.0753], [305208.8678, 2770375.1953], [305208.3378, 2770344.4453], [305205.4678, 2770341.6753], [305159.6578, 2770342.4663]]]]}, "geometry_name": "the_geom", "properties": {"項次": "403", "名稱": "無", "面積": "1774.49", "體積": "false", "圖形": "面"}, "bbox": [305159.6578, 2770341.6753, 305208.8678, 2770378.9063]}, {"type": "Feature", "id": "L0101-5.412", "geometry": {"type": "MultiPolygon", "coordinates": [[[[305199.0478, 2772627.9353], [305192.3778, 2772634.3753], [305191.8478, 2772638.4053], [305195.1778, 2772638.3753], [305230.7278, 2772636.1753], [305263.0678, 2772634.3253], [305264.3178, 2772634.3253], [305264.7678, 2772631.1153], [305238.2078, 2772599.0153], [305235.5978, 2772598.2153], [305233.4878, 2772599.0253], [305230.8178, 2772601.3253], [305199.0478, 2772627.9353]]]]}, "geometry_name": "the_geom", "properties": {"項次": "412", "名稱": "無", "面積": "1564.63", "體積": "false", "圖形": "面"}, "bbox": [305191.8478, 2772598.2153, 305264.7678, 2772638.4053]}, {"type": "Feature", "id": "L0101-5.417", "geometry": {"type": "MultiPolygon", "coordinates": [[[[305244.2978, 2772366.3953], [305241.6778, 2772367.0253], [305238.3578, 2772370.0353], [305238.8878, 2772396.7653], [305239.4678, 2772406.8053], [305243.8978, 2772406.8053], [305246.8778, 2772404.5953], [305257.0078, 2772395.5253], [305287.9378, 2772368.9153], [305287.5278, 2772366.5153], [305244.2978, 2772366.3953]]]]}, "geometry_name": "the_geom", "properties": {"項次": "417", "名稱": "無", "面積": "1145.13", "體積": "false", "圖形": "面"}, "bbox": [305238.3578, 2772366.3953, 305287.9378, 2772406.8053]}, {"type": "Feature", "id": "L0101-5.418", "geometry": {"type": "MultiPolygon", "coordinates": [[[[305255.3518, 2769739.3293], [305255.9708, 2769771.9353], [305303.1388, 2769771.1613], [305305.9128, 2769768.2793], [305305.3278, 2769741.3413], [305302.4458, 2769738.5673], [305255.3518, 2769739.3293]]]]}, "geometry_name": "the_geom", "properties": {"項次": "418", "名稱": "無", "面積": "1621.19", "體積": "false", "圖形": "面"}, "bbox": [305255.3518, 2769738.5673, 305305.9128, 2769771.9353]}, {"type": "Feature", "id": "L0101-5.426", "geometry": {"type": "MultiPolygon", "coordinates": [[[[305311.1978, 2770384.1323], [305308.3938, 2770386.9783], [305308.3818, 2770390.7283], [305308.3658, 2770395.8243], [305308.3578, 2770398.5043], [305311.9798, 2770400.2023], [305313.2608, 2770399.1283], [305325.6938, 2770388.7203], [305327.0228, 2770387.6063], [305325.6338, 2770383.8943], [305311.1978, 2770384.1323]]]]}, "geometry_name": "the_geom", "properties": {"項次": "426", "名稱": "無", "面積": "197.303", "體積": "false", "圖形": "面"}, "bbox": [305308.3578, 2770383.8943, 305327.0228, 2770400.2023]}, {"type": "Feature", "id": "L0101-5.434", "geometry": {"type": "MultiPolygon", "coordinates": [[[[305414.8028, 2769196.3683], [305418.3528, 2769199.8903], [305463.5788, 2769199.6823], [305463.4448, 2769157.8703], [305414.6688, 2769158.0923], [305414.8028, 2769196.3683]]]]}, "geometry_name": "the_geom", "properties": {"項次": "434", "名稱": "無", "面積": "2032.99", "體積": "false", "圖形": "面"}, "bbox": [305414.6688, 2769157.8703, 305463.5788, 2769199.8903]}, {"type": "Feature", "id": "L0101-5.435", "geometry": {"type": "MultiPolygon", "coordinates": [[[[305415.5938, 2769412.9163], [305415.7078, 2769443.2503], [305438.7618, 2769447.4503], [305454.6308, 2769447.4303], [305454.5608, 2769412.8743], [305415.5938, 2769412.9163]]]]}, "geometry_name": "the_geom", "properties": {"項次": "435", "名稱": "無", "面積": "1296.94", "體積": "false", "圖形": "面"}, "bbox": [305415.5938, 2769412.8743, 305454.6308, 2769447.4503]}, {"type": "Feature", "id": "L0101-5.443", "geometry": {"type": "MultiPolygon", "coordinates": [[[[305525.4598, 2771009.6033], [305526.2198, 2771053.2503], [305563.3298, 2771053.4323], [305566.1598, 2771050.6053], [305566.0028, 2771012.6143], [305563.1758, 2771009.7843], [305525.4598, 2771009.6033]]]]}, "geometry_name": "the_geom", "properties": {"項次": "443", "名稱": "無", "面積": "1748.36", "體積": "false", "圖形": "面"}, "bbox": [305525.4598, 2771009.6033, 305566.1598, 2771053.4323]}, {"type": "Feature", "id": "L0101-5.449", "geometry": {"type": "MultiPolygon", "coordinates": [[[[305586.6679, 2772657.7323], [305593.5079, 2772654.4463], [305606.1379, 2772648.7563], [305607.7339, 2772647.6883], [305607.9299, 2772647.3283], [305608.0709, 2772646.9243], [305608.3109, 2772646.4443], [305608.4299, 2772646.1663], [305608.5699, 2772645.7123], [305608.7369, 2772645.3343], [305608.9259, 2772644.8043], [305608.9959, 2772644.6023], [305609.0869, 2772644.1743], [305609.2479, 2772643.5463], [305609.4129, 2772643.0423], [305609.5239, 2772642.4143], [305609.6389, 2772641.9623], [305609.7219, 2772641.2223], [305609.7229, 2772641.2083], [305609.9979, 2772638.5623], [305615.9379, 2772587.8263], [305618.6379, 2772568.6863], [305618.7579, 2772567.6763], [305618.7679, 2772564.7183], [305618.0879, 2772563.9963], [305617.1969, 2772563.5523], [305615.8759, 2772563.4083], [305556.1088, 2772589.6083], [305586.6679, 2772657.7323]]]]}, "geometry_name": "the_geom", "properties": {"項次": "449", "名稱": "無", "面積": "3460.63", "體積": "false", "圖形": "面"}, "bbox": [305556.1088, 2772563.4083, 305618.7679, 2772657.7323]}, {"type": "Feature", "id": "L0101-5.457", "geometry": {"type": "MultiPolygon", "coordinates": [[[[305661.4839, 2772183.3573], [305659.2379, 2772207.9753], [305659.2279, 2772208.1053], [305659.2179, 2772208.2653], [305659.2179, 2772208.4253], [305659.2279, 2772208.5853], [305659.2379, 2772208.7453], [305659.2579, 2772208.8953], [305659.2779, 2772209.0553], [305659.3079, 2772209.2153], [305659.3479, 2772209.3653], [305659.3879, 2772209.5153], [305659.4379, 2772209.6653], [305659.4979, 2772209.8153], [305659.5579, 2772209.9653], [305659.6179, 2772210.1053], [305659.6879, 2772210.2453], [305659.7679, 2772210.3853], [305659.8479, 2772210.5253], [305659.9379, 2772210.6553], [305660.0279, 2772210.7853], [305660.1279, 2772210.9053], [305660.2279, 2772211.0253], [305660.3379, 2772211.1453], [305660.4479, 2772211.2553], [305660.5679, 2772211.3653], [305660.6879, 2772211.4653], [305660.8079, 2772211.5653], [305660.9379, 2772211.6653], [305661.0679, 2772211.7553], [305661.2079, 2772211.8353], [305661.3379, 2772211.9153], [305661.4879, 2772211.9853], [305661.6279, 2772212.0553], [305661.7779, 2772212.1153], [305661.9179, 2772212.1653], [305662.0679, 2772212.2153], [305662.2279, 2772212.2653], [305662.3779, 2772212.3053], [305662.5379, 2772212.3353], [305662.6879, 2772212.3553], [305662.8479, 2772212.3753], [305685.8839, 2772214.8153], [305690.9999, 2772168.4793], [305691.0159, 2772168.3343], [305688.2379, 2772168.5953], [305683.2779, 2772168.9953], [305678.3379, 2772169.3253], [305673.5179, 2772169.5953], [305669.2879, 2772169.7953], [305665.4879, 2772169.9053], [305665.1779, 2772169.9253], [305664.7079, 2772169.9353], [305663.7479, 2772170.1853], [305662.9879, 2772170.8153], [305662.5679, 2772171.7153], [305662.5279, 2772171.9853], [305662.1579, 2772175.9653], [305661.4839, 2772183.3573]]]]}, "geometry_name": "the_geom", "properties": {"項次": "457", "名稱": "無", "面積": "1216.85", "體積": "false", "圖形": "面"}, "bbox": [305659.2179, 2772168.3343, 305691.0159, 2772214.8153]}, {"type": "Feature", "id": "L0101-5.458", "geometry": {"type": "MultiPolygon", "coordinates": [[[[305710.6309, 2769148.8253], [305680.0129, 2769179.5713], [305711.9419, 2769211.2453], [305746.2599, 2769176.7783], [305746.9959, 2769176.5783], [305736.9949, 2769141.6263], [305710.6309, 2769148.8253]]]]}, "geometry_name": "the_geom", "properties": {"項次": "458", "名稱": "無", "面積": "2579.99", "體積": "false", "圖形": "面"}, "bbox": [305680.0129, 2769141.6263, 305746.9959, 2769211.2453]}, {"type": "Feature", "id": "L0101-5.459", "geometry": {"type": "MultiPolygon", "coordinates": [[[[305699.9379, 2772457.5153], [305699.7779, 2772457.5053], [305699.6279, 2772457.4953], [305699.4679, 2772457.4953], [305699.3079, 2772457.5053], [305699.1579, 2772457.5153], [305698.9979, 2772457.5353], [305698.8379, 2772457.5553], [305698.6879, 2772457.5853], [305698.5279, 2772457.6253], [305698.3779, 2772457.6653], [305698.2279, 2772457.7153], [305698.0779, 2772457.7653], [305697.9379, 2772457.8253], [305697.7879, 2772457.8853], [305697.6479, 2772457.9653], [305697.5179, 2772458.0353], [305697.3779, 2772458.1153], [305697.2479, 2772458.2053], [305697.1179, 2772458.2953], [305696.9979, 2772458.3953], [305696.8679, 2772458.4953], [305696.7579, 2772458.6053], [305696.6379, 2772458.7053], [305696.5379, 2772458.8253], [305696.4279, 2772458.9453], [305696.3279, 2772459.0653], [305696.2379, 2772459.1953], [305696.1479, 2772459.3253], [305696.0679, 2772459.4553], [305695.9879, 2772459.5953], [305695.9179, 2772459.7353], [305695.8479, 2772459.8753], [305695.7879, 2772460.0253], [305695.7279, 2772460.1653], [305695.6779, 2772460.3153], [305695.6379, 2772460.4653], [305695.5979, 2772460.6253], [305695.5579, 2772460.7753], [305695.5379, 2772460.9353], [305695.5179, 2772461.0853], [305693.6879, 2772477.5523], [305731.7569, 2772481.3573], [305733.1259, 2772460.8873], [305708.6309, 2772458.3983], [305699.9379, 2772457.5153]]]]}, "geometry_name": "the_geom", "properties": {"項次": "459", "名稱": "無", "面積": "772.966", "體積": "false", "圖形": "面"}, "bbox": [305693.6879, 2772457.4953, 305733.1259, 2772481.3573]}, {"type": "Feature", "id": "L0101-5.463", "geometry": {"type": "MultiPolygon", "coordinates": [[[[305721.0179, 2771806.4153], [305719.0179, 2771808.4453], [305718.9379, 2771839.0653], [305721.7979, 2771841.8653], [305742.2129, 2771841.4593], [305746.0219, 2771841.3833], [305774.6379, 2771840.8153], [305777.3779, 2771837.9053], [305776.2779, 2771809.9753], [305772.7579, 2771806.4353], [305759.1779, 2771805.8353], [305721.0179, 2771806.4153]]]]}, "geometry_name": "the_geom", "properties": {"項次": "463", "名稱": "無", "面積": "2018.95", "體積": "false", "圖形": "面"}, "bbox": [305718.9379, 2771805.8353, 305777.3779, 2771841.8653]}, {"type": "Feature", "id": "L0101-5.464", "geometry": {"type": "MultiPolygon", "coordinates": [[[[305744.0379, 2772154.2753], [305740.2479, 2772155.7653], [305735.8279, 2772157.4853], [305731.1779, 2772159.2053], [305727.9479, 2772160.3453], [305727.0779, 2772160.8253], [305726.3879, 2772161.5353], [305725.9479, 2772162.4353], [305725.7979, 2772163.4153], [305725.9079, 2772164.2453], [305726.3179, 2772165.7453], [305727.9879, 2772171.8553], [305728.0179, 2772171.9853], [305728.0779, 2772172.1453], [305728.1379, 2772172.3053], [305728.1979, 2772172.4653], [305728.2679, 2772172.6253], [305728.3479, 2772172.7753], [305728.4279, 2772172.9253], [305728.5179, 2772173.0653], [305728.6179, 2772173.2053], [305728.7179, 2772173.3453], [305728.8179, 2772173.4853], [305728.9379, 2772173.6153], [305729.0479, 2772173.7353], [305729.1679, 2772173.8553], [305729.2979, 2772173.9753], [305729.4279, 2772174.0853], [305729.5579, 2772174.1953], [305729.6979, 2772174.2953], [305729.8379, 2772174.3853], [305729.9879, 2772174.4753], [305730.1379, 2772174.5653], [305730.2879, 2772174.6453], [305730.4379, 2772174.7153], [305730.5979, 2772174.7753], [305730.7579, 2772174.8353], [305730.9179, 2772174.8853], [305731.0879, 2772174.9353], [305731.2479, 2772174.9753], [305731.4179, 2772175.0153], [305731.5879, 2772175.0453], [305731.7579, 2772175.0653], [305735.0039, 2772175.4013], [305736.5179, 2772161.6553], [305758.5779, 2772164.4053], [305758.8339, 2772161.6263], [305760.2179, 2772146.5953], [305786.0699, 2772148.1053], [305760.1699, 2772146.5163], [305758.5879, 2772147.4753], [305754.9479, 2772149.3853], [305751.3979, 2772151.0953], [305747.7679, 2772152.7253], [305744.0379, 2772154.2753]]]]}, "geometry_name": "the_geom", "properties": {"項次": "464", "名稱": "無", "面積": "384.465", "體積": "false", "圖形": "面"}, "bbox": [305725.7979, 2772146.5163, 305786.0699, 2772175.4013]}, {"type": "Feature", "id": "L0101-5.465", "geometry": {"type": "MultiPolygon", "coordinates": [[[[305754.1229, 2772242.4493], [305751.8879, 2772265.2553], [305751.8839, 2772265.2943], [305781.8979, 2772268.4853], [305782.0779, 2772268.5053], [305782.2379, 2772268.5053], [305782.3879, 2772268.5053], [305782.5479, 2772268.5053], [305782.6979, 2772268.4853], [305782.8579, 2772268.4753], [305783.0179, 2772268.4453], [305783.1679, 2772268.4153], [305783.3179, 2772268.3853], [305783.4679, 2772268.3453], [305783.6179, 2772268.2953], [305783.7679, 2772268.2353], [305783.9179, 2772268.1753], [305784.0579, 2772268.1153], [305784.1979, 2772268.0453], [305784.3379, 2772267.9653], [305784.4679, 2772267.8853], [305784.5979, 2772267.8053], [305784.7279, 2772267.7053], [305784.8479, 2772267.6153], [305784.9679, 2772267.5153], [305785.0879, 2772267.4053], [305785.1979, 2772267.2953], [305785.2979, 2772267.1853], [305785.4079, 2772267.0653], [305785.5079, 2772266.9453], [305785.5979, 2772266.8153], [305785.6879, 2772266.6853], [305785.7679, 2772266.5553], [305785.8479, 2772266.4153], [305785.9179, 2772266.2753], [305785.9879, 2772266.1353], [305786.0479, 2772265.9953], [305786.0979, 2772265.8453], [305786.1479, 2772265.6953], [305786.1979, 2772265.5453], [305786.2379, 2772265.3953], [305786.2679, 2772265.2453], [305786.2879, 2772265.0853], [305786.3079, 2772264.9353], [305789.4879, 2772235.8553], [305789.5079, 2772235.6553], [305789.5179, 2772235.4953], [305789.5179, 2772235.3353], [305789.5079, 2772235.1853], [305789.4979, 2772235.0253], [305789.4779, 2772234.8753], [305789.4579, 2772234.7153], [305789.4179, 2772234.5653], [305789.3879, 2772234.4153], [305789.3479, 2772234.2653], [305789.2979, 2772234.1153], [305789.2379, 2772233.9753], [305789.1779, 2772233.8253], [305789.1179, 2772233.6853], [305789.0479, 2772233.5453], [305788.9679, 2772233.4053], [305788.8879, 2772233.2753], [305788.8079, 2772233.1453], [305788.7179, 2772233.0253], [305788.6179, 2772232.8953], [305788.5179, 2772232.7853], [305788.4079, 2772232.6653], [305788.2979, 2772232.5553], [305788.1879, 2772232.4453], [305788.0679, 2772232.3453], [305787.9479, 2772232.2453], [305787.8179, 2772232.1553], [305787.6979, 2772232.0753], [305787.5579, 2772231.9853], [305787.4279, 2772231.9153], [305787.2879, 2772231.8453], [305787.1479, 2772231.7753], [305786.9979, 2772231.7153], [305786.8579, 2772231.6553], [305786.7079, 2772231.6153], [305786.5579, 2772231.5653], [305786.4079, 2772231.5253], [305786.2579, 2772231.4953], [305786.0979, 2772231.4753], [305785.9479, 2772231.4553], [305755.5159, 2772228.2313], [305754.1229, 2772242.4493]]]]}, "geometry_name": "the_geom", "properties": {"項次": "465", "名稱": "無", "面積": "1274.05", "體積": "false", "圖形": "面"}, "bbox": [305751.8839, 2772228.2313, 305789.5179, 2772268.5053]}, {"type": "Feature", "id": "L0101-5.467", "geometry": {"type": "MultiPolygon", "coordinates": [[[[305772.2779, 2772138.5253], [305769.0679, 2772140.7653], [305765.7479, 2772143.0053], [305762.2979, 2772145.2253], [305760.1698, 2772146.5159], [305786.0699, 2772148.1053], [305785.6679, 2772140.6253], [305785.3779, 2772134.4353], [305785.1479, 2772133.4753], [305784.5879, 2772132.6453], [305783.7779, 2772132.0753], [305782.8179, 2772131.8253], [305781.8279, 2772131.9453], [305781.0479, 2772132.3253], [305778.4779, 2772134.1253], [305777.8079, 2772134.5953], [305775.2779, 2772136.3753], [305772.2779, 2772138.5253]]]]}, "geometry_name": "the_geom", "properties": {"項次": "467", "名稱": "無", "面積": "230.117", "體積": "false", "圖形": "面"}, "bbox": [305760.1698, 2772131.8253, 305786.0699, 2772148.1053]}, {"type": "Feature", "id": "L0101-5.468", "geometry": {"type": "MultiPolygon", "coordinates": [[[[305772.9439, 2772329.1093], [305761.4929, 2772327.8833], [305759.3829, 2772347.3903], [305812.1889, 2772352.9733], [305814.1829, 2772333.5233], [305772.9439, 2772329.1093]]]]}, "geometry_name": "the_geom", "properties": {"項次": "468", "名稱": "無", "面積": "1038.96", "體積": "false", "圖形": "面"}, "bbox": [305759.3829, 2772327.8833, 305814.1829, 2772352.9733]}, {"type": "Feature", "id": "L0101-5.469", "geometry": {"type": "MultiPolygon", "coordinates": [[[[305832.5219, 2771403.5653], [305835.4169, 2771406.3243], [305853.8369, 2771405.9553], [305856.4999, 2771403.2103], [305855.1829, 2771351.1053], [305853.2149, 2771349.2083], [305833.1739, 2771349.7453], [305831.1059, 2771351.9263], [305832.5219, 2771403.5653]]]]}, "geometry_name": "the_geom", "properties": {"項次": "469", "名稱": "無", "面積": "1350.48", "體積": "false", "圖形": "面"}, "bbox": [305831.1059, 2771349.2083, 305856.4999, 2771406.3243]}, {"type": "Feature", "id": "L0101-5.470", "geometry": {"type": "MultiPolygon", "coordinates": [[[[305834.2679, 2771478.3643], [305836.4339, 2771480.4383], [305855.4809, 2771480.0433], [305858.2439, 2771477.1543], [305856.9009, 2771419.7213], [305854.0109, 2771416.9543], [305835.7079, 2771417.3213], [305832.9409, 2771420.2083], [305834.2679, 2771478.3643]]]]}, "geometry_name": "the_geom", "properties": {"項次": "470", "名稱": "無", "面積": "1499.26", "體積": "false", "圖形": "面"}, "bbox": [305832.9409, 2771416.9543, 305858.2439, 2771480.4383]}, {"type": "Feature", "id": "L0101-5.471", "geometry": {"type": "MultiPolygon", "coordinates": [[[[305831.7629, 2772420.3973], [305864.3179, 2772423.7053], [305864.4779, 2772423.7153], [305864.6479, 2772423.7253], [305864.8279, 2772423.7253], [305865.0079, 2772423.7253], [305865.1779, 2772423.7153], [305865.3579, 2772423.6953], [305865.5379, 2772423.6653], [305865.7079, 2772423.6353], [305865.8779, 2772423.5953], [305866.0579, 2772423.5453], [305866.2279, 2772423.4953], [305866.3879, 2772423.4353], [305866.5579, 2772423.3653], [305866.7179, 2772423.2953], [305866.8779, 2772423.2153], [305867.0379, 2772423.1353], [305867.1879, 2772423.0453], [305867.3379, 2772422.9453], [305867.4779, 2772422.8453], [305867.6179, 2772422.7353], [305867.7579, 2772422.6253], [305867.8879, 2772422.5053], [305868.0179, 2772422.3753], [305868.1379, 2772422.2453], [305868.2579, 2772422.1153], [305868.3679, 2772421.9753], [305868.4779, 2772421.8353], [305868.5779, 2772421.6853], [305868.6679, 2772421.5353], [305868.7579, 2772421.3853], [305877.9219, 2772404.8243], [305840.8849, 2772401.0393], [305833.8979, 2772400.3253], [305831.7629, 2772420.3973]]]]}, "geometry_name": "the_geom", "properties": {"項次": "471", "名稱": "無", "面積": "805.159", "體積": "false", "圖形": "面"}, "bbox": [305831.7629, 2772400.3253, 305877.9219, 2772423.7253]}, {"type": "Feature", "id": "L0101-5.472", "geometry": {"type": "MultiPolygon", "coordinates": [[[[305841.2539, 2771195.5253], [305839.5039, 2771210.5603], [305839.2449, 2771212.8613], [305839.0739, 2771214.3843], [305842.4099, 2771218.1083], [305843.8819, 2771218.1053], [305851.6099, 2771218.0883], [305854.7719, 2771218.0803], [305858.2779, 2771214.5153], [305858.2319, 2771211.3073], [305858.0039, 2771195.5253], [305857.6079, 2771168.1343], [305860.6029, 2771162.4213], [305859.0949, 2771160.1253], [305854.8149, 2771159.6963], [305848.3129, 2771159.0803], [305845.2029, 2771161.5963], [305841.2539, 2771195.5253]]]]}, "geometry_name": "the_geom", "properties": {"項次": "472", "名稱": "無", "面積": "928.218", "體積": "false", "圖形": "面"}, "bbox": [305839.0739, 2771159.0803, 305860.6029, 2771218.1083]}, {"type": "Feature", "id": "L0101-5.474", "geometry": {"type": "MultiPolygon", "coordinates": [[[[305856.7039, 2769689.3513], [305850.1879, 2769689.4753], [305847.4079, 2769692.3553], [305847.4684, 2769695.5253], [305848.0149, 2769726.0253], [305870.8849, 2769746.0833], [305874.8799, 2769745.8783], [305921.1289, 2769695.5253], [305923.7479, 2769692.6753], [305921.6979, 2769688.1153], [305918.3479, 2769688.1753], [305900.415, 2769688.5173], [305856.7039, 2769689.3513]]]]}, "geometry_name": "the_geom", "properties": {"項次": "474", "名稱": "無", "面積": "2802.08", "體積": "false", "圖形": "面"}, "bbox": [305847.4079, 2769688.1153, 305923.7479, 2769746.0833]}, {"type": "Feature", "id": "L0101-5.476", "geometry": {"type": "MultiPolygon", "coordinates": [[[[305938.0489, 2771066.9333], [305941.7669, 2771070.2773], [305946.1689, 2771070.8643], [305962.6429, 2771073.0653], [305965.8369, 2771070.6563], [305971.6039, 2771031.4173], [305969.1939, 2771028.2243], [305936.7999, 2771023.9293], [305931.6519, 2771023.2473], [305928.3219, 2771026.9513], [305938.0489, 2771066.9333]]]]}, "geometry_name": "the_geom", "properties": {"項次": "476", "名稱": "無", "面積": "1610.12", "體積": "false", "圖形": "面"}, "bbox": [305928.3219, 2771023.2473, 305971.6039, 2771073.0653]}, {"type": "Feature", "id": "L0101-5.477", "geometry": {"type": "MultiPolygon", "coordinates": [[[[305952.3979, 2769439.4223], [305953.1299, 2769464.3413], [305941.2029, 2769464.6523], [305941.3769, 2769476.2143], [305944.3739, 2769478.8643], [305977.8349, 2769475.2593], [305980.4849, 2769472.2643], [305979.9799, 2769439.1283], [305952.3979, 2769439.4223]]]]}, "geometry_name": "the_geom", "properties": {"項次": "477", "名稱": "無", "面積": "1175.98", "體積": "false", "圖形": "面"}, "bbox": [305941.2029, 2769439.1283, 305980.4849, 2769478.8643]}, {"type": "Feature", "id": "L0101-5.479", "geometry": {"type": "MultiPolygon", "coordinates": [[[[305968.8799, 2771884.5253], [305967.9659, 2771889.0983], [305967.0319, 2771900.0563], [305967.0019, 2771900.4183], [305992.1949, 2771902.4943], [305993.1779, 2771889.1753], [305990.5579, 2771886.1453], [305968.8799, 2771884.5253]]]]}, "geometry_name": "the_geom", "properties": {"項次": "479", "名稱": "無", "面積": "399.937", "體積": "false", "圖形": "面"}, "bbox": [305967.0019, 2771884.5253, 305993.1779, 2771902.4943]}, {"type": "Feature", "id": "L0101-5.481", "geometry": {"type": "MultiPolygon", "coordinates": [[[[305973.1169, 2771480.4923], [305974.3569, 2771495.5253], [306003.0579, 2771495.5253], [306003.0589, 2771495.0323], [306002.8449, 2771450.0803], [305999.9779, 2771447.2903], [305973.3079, 2771447.8923], [305970.6339, 2771450.8663], [305973.1169, 2771480.4923]]]]}, "geometry_name": "the_geom", "properties": {"項次": "481", "名稱": "無", "面積": "1457.57", "體積": "false", "圖形": "面"}, "bbox": [305970.6339, 2771447.2903, 306003.0589, 2771495.5253]}, {"type": "Feature", "id": "L0101-5.482", "geometry": {"type": "MultiPolygon", "coordinates": [[[[305975.4779, 2771509.1253], [305980.8879, 2771528.1753], [305987.5089, 2771546.5223], [305987.8779, 2771547.5453], [305999.2779, 2771566.8853], [306003.1679, 2771566.4853], [306003.0579, 2771495.5253], [305974.3579, 2771495.5253], [305975.4779, 2771509.1253]]]]}, "geometry_name": "the_geom", "properties": {"項次": "482", "名稱": "無", "面積": "1404.82", "體積": "false", "圖形": "面"}, "bbox": [305974.3579, 2771495.5253, 306003.1679, 2771566.8853]}, {"type": "Feature", "id": "L0101-5.483", "geometry": {"type": "MultiPolygon", "coordinates": [[[[305974.8479, 2771860.0763], [305971.4059, 2771874.6813], [305991.3079, 2771876.1653], [305994.3379, 2771873.5653], [305995.3269, 2771860.4263], [305974.8479, 2771860.0763]]]]}, "geometry_name": "the_geom", "properties": {"項次": "483", "名稱": "無", "面積": "328.371", "體積": "false", "圖形": "面"}, "bbox": [305971.4059, 2771860.0763, 305995.3269, 2771876.1653]}, {"type": "Feature", "id": "L0101-5.485", "geometry": {"type": "MultiPolygon", "coordinates": [[[[306003.1809, 2771862.6913], [306002.0579, 2771877.6253], [306004.6579, 2771880.6553], [306024.5739, 2771882.2393], [306023.5949, 2771861.3553], [306003.1809, 2771862.6913]]]]}, "geometry_name": "the_geom", "properties": {"項次": "485", "名稱": "無", "面積": "412.648", "體積": "false", "圖形": "面"}, "bbox": [306002.0579, 2771861.3553, 306024.5739, 2771882.2393]}, {"type": "Feature", "id": "L0101-5.486", "geometry": {"type": "MultiPolygon", "coordinates": [[[[306003.9279, 2771890.6353], [306000.8949, 2771893.2383], [306000.7259, 2771895.0163], [306000.4429, 2771898.0023], [305999.6379, 2771906.4983], [306022.7619, 2771908.3513], [306023.9599, 2771892.2223], [306003.9279, 2771890.6353]]]]}, "geometry_name": "the_geom", "properties": {"項次": "486", "名稱": "無", "面積": "368.357", "體積": "false", "圖形": "面"}, "bbox": [305999.6379, 2771890.6353, 306023.9599, 2771908.3513]}, {"type": "Feature", "id": "L0101-5.490", "geometry": {"type": "MultiPolygon", "coordinates": [[[[306060.026, 2770589.9213], [306059.828, 2770630.8273], [306106.414, 2770640.3163], [306109.273, 2770639.3513], [306109.101, 2770588.9863], [306060.026, 2770589.9213]]]]}, "geometry_name": "the_geom", "properties": {"項次": "490", "名稱": "無", "面積": "2284.1", "體積": "false", "圖形": "面"}, "bbox": [306059.828, 2770588.9863, 306109.273, 2770640.3163]}, {"type": "Feature", "id": "L0101-5.496", "geometry": {"type": "MultiPolygon", "coordinates": [[[[306124.2032, 2772284.304], [306122.008, 2772309.8953], [306121.989, 2772310.1373], [306139.348, 2772311.5293], [306140.004, 2772303.8743], [306144.883, 2772246.9823], [306127.538, 2772245.4333], [306124.2032, 2772284.304]]]]}, "geometry_name": "the_geom", "properties": {"項次": "496", "名稱": "無", "面積": "1129.58", "體積": "false", "圖形": "面"}, "bbox": [306121.989, 2772245.4333, 306144.883, 2772311.5293]}, {"type": "Feature", "id": "L0101-5.509", "geometry": {"type": "MultiPolygon", "coordinates": [[[[306286.452, 2770096.6713], [306280.92, 2770102.4493], [306281.113, 2770114.7223], [306281.569, 2770140.0773], [306283.49, 2770249.7883], [306284.04, 2770283.3633], [306408.719, 2770281.1083], [306408.942, 2770295.3923], [306411.341, 2770448.7473], [306430.818, 2770448.2873], [306654.2031, 2770442.7313], [306657.6631, 2770439.1213], [306656.2131, 2770351.2713], [306655.2631, 2770295.3813], [306651.9031, 2770089.7813], [306648.2931, 2770086.3313], [306640.4331, 2770086.5413], [306430.818, 2770092.6453], [306286.452, 2770096.6713]]]]}, "geometry_name": "the_geom", "properties": {"項次": "509", "名稱": "無", "面積": "111007.0", "體積": "false", "圖形": "面"}, "bbox": [306280.92, 2770086.3313, 306657.6631, 2770448.7473]}, {"type": "Feature", "id": "L0101-5.520", "geometry": {"type": "MultiPolygon", "coordinates": [[[[306370.563, 2771811.8423], [306371.218, 2771842.0243], [306415.308, 2771846.0153], [306419.718, 2771846.4153], [306419.678, 2771842.0553], [306419.148, 2771795.5253], [306418.898, 2771773.8453], [306416.028, 2771771.0653], [306369.697, 2771771.9973], [306369.698, 2771772.0353], [306370.563, 2771811.8423]]]]}, "geometry_name": "the_geom", "properties": {"項次": "520", "名稱": "無", "面積": "3545.42", "體積": "false", "圖形": "面"}, "bbox": [306369.697, 2771771.0653, 306419.718, 2771846.4153]}, {"type": "Feature", "id": "L0101-5.560", "geometry": {"type": "MultiPolygon", "coordinates": [[[[306692.6301, 2771102.0813], [306635.1691, 2771073.7783], [306630.7781, 2771076.1703], [306616.9311, 2771195.5253], [306616.3561, 2771200.4803], [306615.1075, 2771211.2433], [306617.9101, 2771211.5513], [306617.9147, 2771211.5518], [306676.4802, 2771217.9872], [306692.6301, 2771102.0813]]]]}, "geometry_name": "the_geom", "properties": {"項次": "560", "名稱": "無", "面積": "8122.33", "體積": "false", "圖形": "面"}, "bbox": [306615.1075, 2771073.7783, 306692.6301, 2771217.9872]}]}