{"type": "FeatureCollection", "features": [{"type": "Feature", "geometry": {"type": "Polygon", "coordinates": [[[303340.099, 2771175.776], [303342.974, 2771175.001], [303347.478, 2771179.356], [303361.271, 2771192.899], [303364.494, 2771196.02], [303368.817, 2771200.206], [303367.525, 2771205.037], [303331.876, 2771214.018], [303329.856, 2771211.936], [303340.099, 2771175.776]]]}, "properties": {"編號": "4", "圖層": "32", "顏色": "19", "街廓編號": "", "分區代碼": "PEA", "分區簡稱": "公", "使用分區": "公園用地", "分區說明": "", "原屬分區": "", "變更前代碼": "", "變更前簡稱": "", "變更前分區": ""}}, {"type": "Feature", "geometry": {"type": "Polygon", "coordinates": [[[303230.925, 2771108.301], [303230.925, 2771108.3], [303242.707, 2771104.354], [303247.503, 2771106.956], [303251.443, 2771122.152], [303253.756, 2771131.041], [303251.775, 2771134.515], [303230.934, 2771140.509], [303230.934, 2771140.51], [303113.284, 2771174.337], [303093.61, 2771177.871], [303092.562, 2771178.059], [303089.194, 2771175.902], [303085.396, 2771161.247], [303088.186, 2771156.105], [303230.925, 2771108.301]]]}, "properties": {"編號": "5", "圖層": "32", "顏色": "19", "街廓編號": "", "分區代碼": "PEA", "分區簡稱": "公", "使用分區": "公園用地", "分區說明": "", "原屬分區": "", "變更前代碼": "", "變更前簡稱": "", "變更前分區": ""}}, {"type": "Feature", "geometry": {"type": "Polygon", "coordinates": [[[303073.502, 2771160.531], [303076.954, 2771162.553], [303081.636, 2771180.618], [303079.603, 2771184.064], [303033.004, 2771196.018], [302999.266, 2771204.672], [302996.631, 2771203.243], [302994.184, 2771196.018], [302990.587, 2771185.394], [302992.482, 2771181.871], [303073.502, 2771160.531]]]}, "properties": {"編號": "6", "圖層": "32", "顏色": "19", "街廓編號": "", "分區代碼": "PEA", "分區簡稱": "公", "使用分區": "公園用地", "分區說明": "", "原屬分區": "", "變更前代碼": "", "變更前簡稱": "", "變更前分區": ""}}, {"type": "Feature", "geometry": {"type": "Polygon", "coordinates": [[[302981.707, 2771184.274], [302985.146, 2771186.317], [302988.43, 2771196.018], [302989.843, 2771200.189], [302988.459, 2771202.851], [302917.856, 2771223.57], [302911.801, 2771199.473], [302914.026, 2771196.05], [302981.707, 2771184.274]]]}, "properties": {"編號": "7", "圖層": "32", "顏色": "19", "街廓編號": "", "分區代碼": "PEA", "分區簡稱": "公", "使用分區": "公園用地", "分區說明": "", "原屬分區": "", "變更前代碼": "", "變更前簡稱": "", "變更前分區": ""}}, {"type": "Feature", "geometry": {"type": "Polygon", "coordinates": [[[302883.036, 2771199.257], [302886.639, 2771201.92], [302890.32, 2771216.57], [302890.315, 2771216.579], [302851.394, 2771229.369], [302839.872, 2771233.155], [302837.248, 2771231.701], [302830.657, 2771204.834], [302832.862, 2771201.867], [302883.036, 2771199.257]]]}, "properties": {"編號": "8", "圖層": "32", "顏色": "19", "街廓編號": "", "分區代碼": "PEA", "分區簡稱": "公", "使用分區": "公園用地", "分區說明": "", "原屬分區": "", "變更前代碼": "", "變更前簡稱": "", "變更前分區": ""}}, {"type": "Feature", "geometry": {"type": "Polygon", "coordinates": [[[302821.988, 2771202.441], [302825.575, 2771205.101], [302829.005, 2771219.083], [302736.257, 2771238.477], [302728.11, 2771240.181], [302720.493, 2771210.795], [302722.661, 2771207.831], [302821.988, 2771202.441]]]}, "properties": {"編號": "9", "圖層": "32", "顏色": "19", "街廓編號": "", "分區代碼": "PEA", "分區簡稱": "公", "使用分區": "公園用地", "分區說明": "", "原屬分區": "", "變更前代碼": "", "變更前簡稱": "", "變更前分區": ""}}, {"type": "Feature", "geometry": {"type": "Polygon", "coordinates": [[[302704.335, 2771209.099], [302708.422, 2771211.979], [302712.451, 2771227.371], [302710.335, 2771230.766], [302634.632, 2771246.116], [302632.131, 2771244.459], [302626.94, 2771218.848], [302629.334, 2771215.644], [302704.335, 2771209.099]]]}, "properties": {"編號": "10", "圖層": "32", "顏色": "19", "街廓編號": "", "分區代碼": "PEA", "分區簡稱": "公", "使用分區": "公園用地", "分區說明": "", "原屬分區": "", "變更前代碼": "", "變更前簡稱": "", "變更前分區": ""}}, {"type": "Feature", "geometry": {"type": "Polygon", "coordinates": [[[303020.595, 2771677.04], [303024.075, 2771673.44], [303173.155, 2771671.907], [303173.155, 2771679.358], [303173.155, 2771726.449], [303212.056, 2771726.449], [303206.275, 2771796.02], [303202.825, 2771837.55], [303027.035, 2771845.25], [303024.115, 2771842.52], [303023.125, 2771796.02], [303022.246, 2771754.661], [303020.595, 2771677.04]]]}, "properties": {"編號": "11", "圖層": "32", "顏色": "19", "街廓編號": "", "分區代碼": "PEA", "分區簡稱": "公", "使用分區": "公園用地", "分區說明": "", "原屬分區": "", "變更前代碼": "", "變更前簡稱": "", "變更前分區": ""}}, {"type": "Feature", "geometry": {"type": "Polygon", "coordinates": [[[302923.155, 2771676.98], [302996.975, 2771674.39], [303000.605, 2771677.82], [303003.125, 2771796.02], [303004.135, 2771843.46], [303001.395, 2771846.38], [302930.365, 2771849.51], [302927.445, 2771846.78], [302926.165, 2771796.02], [302925.526, 2771770.733], [302923.155, 2771676.98]]]}, "properties": {"編號": "12", "圖層": "32", "顏色": "19", "街廓編號": "", "分區代碼": "PEA", "分區簡稱": "公", "使用分區": "公園用地", "分區說明": "", "原屬分區": "", "變更前代碼": "", "變更前簡稱": "", "變更前分區": ""}}, {"type": "Feature", "geometry": {"type": "Polygon", "coordinates": [[[302903.292, 2772119.139], [302908.961, 2772118.951], [302901.5832449415, 2772134.183119633], [302901.575, 2772134.2], [302902.581, 2772140.481], [302904.944, 2772155.226], [302839.565, 2772157.12], [302837.395, 2772155.04], [302837.206, 2772142.046], [302836.945, 2772124.14], [302839.705, 2772121.25], [302903.292, 2772119.139]]]}, "properties": {"編號": "13", "圖層": "32", "顏色": "19", "街廓編號": "", "分區代碼": "PEA", "分區簡稱": "公", "使用分區": "公園用地", "分區說明": "", "原屬分區": "", "變更前代碼": "", "變更前簡稱": "", "變更前分區": ""}}, {"type": "Feature", "geometry": {"type": "Polygon", "coordinates": [[[301839.535, 2772072.18], [301834.575, 2772096.02], [301833.015, 2772103.52], [301801.915, 2772096.02], [301767.665, 2772087.87], [301726.009, 2772079.147], [301717.855, 2772077.44], [301715.915, 2772075.15], [301714.535, 2772043.24], [301716.795, 2772041.27], [301744.925, 2772046.38], [301839.535, 2772072.18]]]}, "properties": {"編號": "30", "圖層": "32", "顏色": "19", "街廓編號": "", "分區代碼": "PEA", "分區簡稱": "公", "使用分區": "公園用地", "分區說明": "", "原屬分區": "", "變更前代碼": "", "變更前簡稱": "", "變更前分區": ""}}, {"type": "Feature", "geometry": {"type": "Polygon", "coordinates": [[[301521.347, 2771477.533], [301573.1071387982, 2771470.6129814447], [301575.67, 2771496.02], [301578.773, 2771526.761], [301548.616, 2771532.409], [301518.955, 2771524.99], [301520.341, 2771496.02], [301521.347, 2771477.533]]]}, "properties": {"編號": "34", "圖層": "32", "顏色": "19", "街廓編號": "", "分區代碼": "PEA", "分區簡稱": "公", "使用分區": "公園用地", "分區說明": "", "原屬分區": "", "變更前代碼": "", "變更前簡稱": "", "變更前分區": ""}}, {"type": "Feature", "geometry": {"type": "Polygon", "coordinates": [[[301515.175, 2772337.52], [301517.805, 2772340.52], [301514.615, 2772390.77], [301518.185, 2772396.02], [301520.045, 2772398.77], [301519.085, 2772424.52], [301516.805, 2772426.52], [301473.015, 2772421.77], [301471.115, 2772419.27], [301472.705, 2772402.02], [301473.105, 2772396.02], [301474.181, 2772379.596], [301476.955, 2772337.27], [301479.985, 2772334.77], [301515.175, 2772337.52]]]}, "properties": {"編號": "36", "圖層": "32", "顏色": "19", "街廓編號": "", "分區代碼": "PEA", "分區簡稱": "公", "使用分區": "公園用地", "分區說明": "", "原屬分區": "", "變更前代碼": "", "變更前簡稱": "", "變更前分區": ""}}, {"type": "Feature", "geometry": {"type": "Polygon", "coordinates": [[[302066.265, 2773239.77], [302111.205, 2773238.77], [302114.085, 2773241.52], [302114.525, 2773296.02], [302114.335, 2773319.52], [302111.455, 2773322.27], [302062.235, 2773321.77], [302058.865, 2773318.27], [302060.395, 2773296.02], [302061.728, 2773272.006], [302063.365, 2773242.52], [302066.265, 2773239.77]]]}, "properties": {"編號": "48", "圖層": "32", "顏色": "19", "街廓編號": "", "分區代碼": "PEA", "分區簡稱": "公", "使用分區": "公園用地", "分區說明": "", "原屬分區": "", "變更前代碼": "", "變更前簡稱": "", "變更前分區": ""}}, {"type": "Feature", "geometry": {"type": "Polygon", "coordinates": [[[301752.015, 2773096.02], [301754.115, 2773098.27], [301754.395, 2773137.27], [301752.265, 2773139.52], [301710.205, 2773139.27], [301708.115, 2773137.27], [301708.725, 2773116.897], [301709.335, 2773096.52], [301711.515, 2773094.52], [301752.015, 2773096.02]]]}, "properties": {"編號": "50", "圖層": "32", "顏色": "19", "街廓編號": "", "分區代碼": "PEA", "分區簡稱": "公", "使用分區": "公園用地", "分區說明": "", "原屬分區": "", "變更前代碼": "", "變更前簡稱": "", "變更前分區": ""}}, {"type": "Feature", "geometry": {"type": "Polygon", "coordinates": [[[301486.095, 2773181.63], [301488.745, 2773184.63], [301486.715, 2773216.72], [301486.715, 2773216.74], [301443.785, 2773214.182], [301442.955, 2773206.76], [301440.145, 2773178.921], [301452.628, 2773179.657], [301486.095, 2773181.63]]]}, "properties": {"編號": "52", "圖層": "32", "顏色": "19", "街廓編號": "", "分區代碼": "PEA", "分區簡稱": "公", "使用分區": "公園用地", "分區說明": "", "原屬分區": "", "變更前代碼": "", "變更前簡稱": "", "變更前分區": ""}}, {"type": "Feature", "geometry": {"type": "Polygon", "coordinates": [[[301671.145, 2773385.27], [301674.015, 2773388.02], [301674.425, 2773426.27], [301671.585, 2773429.02], [301637.46, 2773429.717], [301637.11, 2773397.047], [301636.99, 2773385.89], [301642.988, 2773385.781], [301671.145, 2773385.27]]]}, "properties": {"編號": "53", "圖層": "32", "顏色": "19", "街廓編號": "", "分區代碼": "PEA", "分區簡稱": "公", "使用分區": "公園用地", "分區說明": "", "原屬分區": "", "變更前代碼": "", "變更前簡稱": "", "變更前分區": ""}}, {"type": "Feature", "geometry": {"type": "Polygon", "coordinates": [[[302941.575, 2772940.869], [302941.576, 2772940.909], [302942.529, 2772978.929], [302942.53, 2772979.012], [302911.645, 2772979.49], [302908.855, 2772976.69], [302909.133, 2772956.116], [302909.295, 2772944.17], [302912.145, 2772941.33], [302941.575, 2772940.869]]]}, "properties": {"編號": "64", "圖層": "32", "顏色": "19", "街廓編號": "", "分區代碼": "PEA", "分區簡稱": "公", "使用分區": "公園用地", "分區說明": "", "原屬分區": "", "變更前代碼": "", "變更前簡稱": "", "變更前分區": ""}}, {"type": "Feature", "geometry": {"type": "Polygon", "coordinates": [[[302898.455, 2772941.55], [302901.285, 2772944.37], [302900.865, 2772975.97], [302898.045, 2772978.81], [302868.29, 2772979.391], [302868.289, 2772979.353], [302868.369, 2772951.279], [302868.395, 2772942.017], [302898.455, 2772941.55]]]}, "properties": {"編號": "65", "圖層": "32", "顏色": "19", "街廓編號": "", "分區代碼": "PEA", "分區簡稱": "公", "使用分區": "公園用地", "分區說明": "", "原屬分區": "", "變更前代碼": "", "變更前簡稱": "", "變更前分區": ""}}, {"type": "Feature", "geometry": {"type": "Polygon", "coordinates": [[[302960.925, 2772683.55], [302964.255, 2772685.83], [302966.315, 2772696.02], [302968.685, 2772707.68], [302965.975, 2772710.83], [302920.512, 2772710.838], [302920.511, 2772710.838], [302909.665, 2772710.84], [302906.795, 2772708.08], [302906.325, 2772696.02], [302905.945, 2772686.19], [302909.475, 2772683.63], [302960.925, 2772683.55]]]}, "properties": {"編號": "72", "圖層": "32", "顏色": "19", "街廓編號": "", "分區代碼": "PEA", "分區簡稱": "公", "使用分區": "公園用地", "分區說明": "", "原屬分區": "", "變更前代碼": "", "變更前簡稱": "", "變更前分區": ""}}, {"type": "Feature", "geometry": {"type": "Polygon", "coordinates": [[[303198.081, 2772602.43], [303198.027, 2772602.304], [303190.326, 2772585.635], [303181.305, 2772566.11], [303182.625, 2772563.99], [303198.505, 2772563.67], [303202.105, 2772567.14], [303202.845, 2772601.33], [303202.8485422523, 2772601.4936614577], [303202.3968586228, 2772602.81879613], [303201.30360658694, 2772603.693324566], [303200.9142664199, 2772603.8176432806], [303199.51650461316, 2772603.738510915], [303198.3804534171, 2772602.920349757], [303198.081, 2772602.43]]]}, "properties": {"編號": "73", "圖層": "32", "顏色": "19", "街廓編號": "", "分區代碼": "PEA", "分區簡稱": "公", "使用分區": "公園用地", "分區說明": "", "原屬分區": "", "變更前代碼": "", "變更前簡稱": "", "變更前分區": ""}}, {"type": "Feature", "geometry": {"type": "Polygon", "coordinates": [[[302941.815, 2772377.21], [302971.515, 2772396.02], [302995.852, 2772411.434], [302995.785, 2772411.54], [302989.135, 2772420.37], [302989.168, 2772438.824], [302989.185, 2772448.47], [302989.187, 2772448.56], [302911.948, 2772450.024], [302911.945, 2772449.88], [302911.485, 2772426.59], [302922.932, 2772407.954], [302941.815, 2772377.21]]]}, "properties": {"編號": "74", "圖層": "32", "顏色": "19", "街廓編號": "", "分區代碼": "PEA", "分區簡稱": "公", "使用分區": "公園用地", "分區說明": "", "原屬分區": "", "變更前代碼": "", "變更前簡稱": "", "變更前分區": ""}}, {"type": "Feature", "geometry": {"type": "Polygon", "coordinates": [[[302271.325, 2771828.88], [302283.495, 2771825.82], [302302.125, 2771837.3], [302354.495, 2771854.58], [302370.725, 2771850.66], [302385.605, 2771847.06], [302388.175, 2771848.61], [302398.095, 2771888.02], [302413.865, 2771930.25], [302421.895, 2771951.74], [302419.695, 2771955.08], [302336.445, 2771959.08], [302336.114, 2771959.096], [302330.435, 2771925.92], [302326.245, 2771901.43], [302295.935, 2771912.2], [302286.705, 2771880.951], [302271.325, 2771828.88]]]}, "properties": {"編號": "77", "圖層": "32", "顏色": "19", "街廓編號": "", "分區代碼": "PEA", "分區簡稱": "公", "使用分區": "公園用地", "分區說明": "", "原屬分區": "", "變更前代碼": "", "變更前簡稱": "", "變更前分區": ""}}, {"type": "Feature", "geometry": {"type": "Polygon", "coordinates": [[[302596.565, 2772423.852], [302596.444, 2772465.176], [302556.385, 2772463.23], [302554.385, 2772461.0], [302556.665, 2772425.52], [302558.865, 2772423.48], [302596.565, 2772423.852]]]}, "properties": {"編號": "79", "圖層": "32", "顏色": "19", "街廓編號": "", "分區代碼": "PEA", "分區簡稱": "公", "使用分區": "公園用地", "分區說明": "", "原屬分區": "", "變更前代碼": "", "變更前簡稱": "", "變更前分區": ""}}, {"type": "Feature", "geometry": {"type": "Polygon", "coordinates": [[[302159.807, 2772474.343], [302196.545, 2772484.02], [302198.735, 2772487.52], [302192.015, 2772527.77], [302188.645, 2772530.02], [302085.335, 2772502.77], [302083.545, 2772499.27], [302090.652, 2772482.395], [302099.865, 2772460.52], [302102.585, 2772459.27], [302159.807, 2772474.343]]]}, "properties": {"編號": "81", "圖層": "32", "顏色": "19", "街廓編號": "", "分區代碼": "PEA", "分區簡稱": "公", "使用分區": "公園用地", "分區說明": "", "原屬分區": "", "變更前代碼": "", "變更前簡稱": "", "變更前分區": ""}}, {"type": "Feature", "geometry": {"type": "Polygon", "coordinates": [[[302620.658, 2772682.636], [302664.255, 2772681.17], [302666.695, 2772682.91], [302670.755, 2772696.02], [302676.475, 2772714.77], [302673.515, 2772718.9], [302621.102, 2772719.695], [302620.879, 2772701.077], [302620.658, 2772682.636]]]}, "properties": {"編號": "85", "圖層": "32", "顏色": "19", "街廓編號": "", "分區代碼": "PEA", "分區簡稱": "公", "使用分區": "公園用地", "分區說明": "", "原屬分區": "", "變更前代碼": "", "變更前簡稱": "", "變更前分區": ""}}, {"type": "Feature", "geometry": {"type": "Polygon", "coordinates": [[[303588.029, 2771798.3], [303588.005, 2771796.02], [303587.895, 2771785.89], [303587.475, 2771751.94], [303589.575, 2771749.8], [303617.705, 2771749.55], [303620.555, 2771752.36], [303620.805, 2771796.02], [303620.925, 2771817.32], [303617.415, 2771820.89], [303591.105, 2771821.18], [303588.245, 2771818.39], [303588.029, 2771798.3]]]}, "properties": {"編號": "89", "圖層": "32", "顏色": "19", "街廓編號": "", "分區代碼": "PEA", "分區簡稱": "公", "使用分區": "公園用地", "分區說明": "", "原屬分區": "", "變更前代碼": "", "變更前簡稱": "", "變更前分區": ""}}, {"type": "Feature", "geometry": {"type": "Polygon", "coordinates": [[[303362.115, 2771751.7], [303367.095, 2771751.68], [303400.875, 2771751.51], [303404.405, 2771751.49], [303406.545, 2771753.59], [303406.605, 2771757.06], [303407.025, 2771785.46], [303407.055, 2771787.69], [303404.265, 2771790.56], [303400.195, 2771790.62], [303369.479, 2771791.094], [303367.815, 2771791.12], [303362.485, 2771791.2], [303359.625, 2771788.4], [303359.585, 2771784.47], [303359.345, 2771758.97], [303359.305, 2771754.55], [303362.115, 2771751.7]]]}, "properties": {"編號": "90", "圖層": "32", "顏色": "19", "街廓編號": "", "分區代碼": "PEA", "分區簡稱": "公", "使用分區": "公園用地", "分區說明": "", "原屬分區": "", "變更前代碼": "", "變更前簡稱": "", "變更前分區": ""}}, {"type": "Feature", "geometry": {"type": "Polygon", "coordinates": [[[303347.525, 2772051.91], [303350.615, 2772051.88], [303353.455, 2772054.69], [303353.455, 2772057.22], [303353.465, 2772079.82], [303353.475, 2772085.77], [303350.825, 2772088.42], [303322.575, 2772088.61], [303318.125, 2772085.39], [303314.952, 2772079.838], [303300.575, 2772054.68], [303301.375, 2772052.42], [303305.335, 2772052.38], [303347.525, 2772051.91]]]}, "properties": {"編號": "91", "圖層": "32", "顏色": "19", "街廓編號": "", "分區代碼": "PEA", "分區簡稱": "公", "使用分區": "公園用地", "分區說明": "", "原屬分區": "", "變更前代碼": "", "變更前簡稱": "", "變更前分區": ""}}, {"type": "Feature", "geometry": {"type": "Polygon", "coordinates": [[[303705.755, 2772520.91], [303723.645, 2772520.64], [303725.795, 2772522.73], [303726.235, 2772559.58], [303723.445, 2772562.45], [303707.335, 2772562.7], [303704.455, 2772559.93], [303704.073, 2772541.868], [303703.675, 2772523.07], [303705.755, 2772520.91]]]}, "properties": {"編號": "93", "圖層": "32", "顏色": "19", "街廓編號": "", "分區代碼": "PEA", "分區簡稱": "公", "使用分區": "公園用地", "分區說明": "", "原屬分區": "", "變更前代碼": "", "變更前簡稱": "", "變更前分區": ""}}, {"type": "Feature", "geometry": {"type": "Polygon", "coordinates": [[[303671.843, 2772459.574], [303694.455, 2772459.31], [303696.605, 2772461.4], [303697.485, 2772512.92], [303695.395, 2772515.07], [303672.755, 2772515.412], [303671.843, 2772459.574]]]}, "properties": {"編號": "94", "圖層": "32", "顏色": "19", "街廓編號": "", "分區代碼": "PEA", "分區簡稱": "公", "使用分區": "公園用地", "分區說明": "", "原屬分區": "", "變更前代碼": "", "變更前簡稱": "", "變更前分區": ""}}, {"type": "Feature", "geometry": {"type": "Polygon", "coordinates": [[[303635.905, 2772098.14], [303637.655, 2772096.02], [303637.895, 2772095.73], [303639.475, 2772095.71], [303676.625, 2772095.21], [303677.465, 2772095.2], [303678.315, 2772096.02], [303680.345, 2772097.98], [303681.005, 2772134.69], [303681.295, 2772165.89], [303681.295, 2772167.91], [303679.175, 2772170.03], [303677.785, 2772170.04], [303658.825, 2772170.19], [303657.915, 2772170.2], [303652.935, 2772170.24], [303650.115, 2772168.14], [303642.235, 2772141.27], [303641.215, 2772134.322], [303635.905, 2772098.14]]]}, "properties": {"編號": "96", "圖層": "32", "顏色": "19", "街廓編號": "", "分區代碼": "PEA", "分區簡稱": "公", "使用分區": "公園用地", "分區說明": "", "原屬分區": "", "變更前代碼": "", "變更前簡稱": "", "變更前分區": ""}}, {"type": "Feature", "geometry": {"type": "Polygon", "coordinates": [[[303911.565, 2771749.97], [303913.665, 2771747.83], [303950.245, 2771747.64], [303953.085, 2771750.45], [303953.325, 2771796.02], [303953.435, 2771815.8], [303949.905, 2771819.34], [303938.925, 2771819.32], [303919.625, 2771819.34], [303914.875, 2771819.35], [303912.035, 2771816.54], [303911.885, 2771796.02], [303911.87, 2771793.921], [303911.565, 2771749.97]]]}, "properties": {"編號": "98", "圖層": "32", "顏色": "19", "街廓編號": "", "分區代碼": "PEA", "分區簡稱": "公", "使用分區": "公園用地", "分區說明": "", "原屬分區": "", "變更前代碼": "", "變更前簡稱": "", "變更前分區": ""}}, {"type": "Feature", "geometry": {"type": "Polygon", "coordinates": [[[303451.018, 2772880.877], [303482.095, 2772880.21], [303483.795, 2772880.17], [303489.695, 2772880.04], [303492.595, 2772882.8], [303492.685, 2772886.4], [303493.295, 2772909.9], [303493.385, 2772913.43], [303490.625, 2772916.32], [303486.155, 2772916.41], [303438.495, 2772917.338], [303438.004, 2772881.405], [303437.999, 2772881.157], [303451.018, 2772880.877]]]}, "properties": {"編號": "102", "圖層": "32", "顏色": "19", "街廓編號": "", "分區代碼": "PEA", "分區簡稱": "公", "使用分區": "公園用地", "分區說明": "", "原屬分區": "", "變更前代碼": "", "變更前簡稱": "", "變更前分區": ""}}, {"type": "Feature", "geometry": {"type": "Polygon", "coordinates": [[[303439.825, 2772574.87], [303442.695, 2772577.67], [303443.105, 2772615.02], [303441.025, 2772617.18], [303374.975, 2772618.77], [303372.095, 2772616.0], [303371.917, 2772601.167], [303371.655, 2772579.36], [303375.145, 2772575.78], [303439.825, 2772574.87]]]}, "properties": {"編號": "104", "圖層": "32", "顏色": "19", "街廓編號": "", "分區代碼": "PEA", "分區簡稱": "公", "使用分區": "公園用地", "分區說明": "", "原屬分區": "", "變更前代碼": "", "變更前簡稱": "", "變更前分區": ""}}, {"type": "Feature", "geometry": {"type": "Polygon", "coordinates": [[[304042.415, 2772569.701], [304079.585, 2772569.25], [304082.455, 2772572.04], [304082.975, 2772601.01], [304080.885, 2772603.17], [304043.025, 2772603.678], [304042.773, 2772589.615], [304042.415, 2772569.701]]]}, "properties": {"編號": "106", "圖層": "32", "顏色": "19", "街廓編號": "", "分區代碼": "PEA", "分區簡稱": "公", "使用分區": "公園用地", "分區說明": "", "原屬分區": "", "變更前代碼": "", "變更前簡稱": "", "變更前分區": ""}}, {"type": "Feature", "geometry": {"type": "Polygon", "coordinates": [[[304344.265, 2772000.35], [304346.315, 2771998.16], [304384.085, 2771997.28], [304386.975, 2772000.04], [304388.305, 2772058.38], [304385.535, 2772061.28], [304359.774, 2772061.868], [304348.725, 2772062.12], [304346.535, 2772060.06], [304344.265, 2772000.35]]]}, "properties": {"編號": "109", "圖層": "32", "顏色": "19", "街廓編號": "", "分區代碼": "PEA", "分區簡稱": "公", "使用分區": "公園用地", "分區說明": "", "原屬分區": "", "變更前代碼": "", "變更前簡稱": "", "變更前分區": ""}}, {"type": "Feature", "geometry": {"type": "Polygon", "coordinates": [[[304690.745, 2772025.02], [304693.635, 2772027.79], [304694.625, 2772085.7], [304691.165, 2772089.31], [304636.945, 2772090.63], [304634.045, 2772087.87], [304633.466, 2772064.67], [304632.565, 2772028.57], [304634.625, 2772026.4], [304690.745, 2772025.02]]]}, "properties": {"編號": "114", "圖層": "32", "顏色": "19", "街廓編號": "", "分區代碼": "PEA", "分區簡稱": "公", "使用分區": "公園用地", "分區說明": "", "原屬分區": "", "變更前代碼": "", "變更前簡稱": "", "變更前分區": ""}}, {"type": "Feature", "geometry": {"type": "Polygon", "coordinates": [[[304700.595, 2771805.28], [304703.245, 2771802.53], [304737.885, 2771801.87], [304740.635, 2771804.52], [304741.555, 2771850.83], [304738.905, 2771853.6], [304704.205, 2771854.49], [304701.455, 2771851.86], [304701.015, 2771828.73], [304700.986, 2771827.136], [304700.595, 2771805.28]]]}, "properties": {"編號": "115", "圖層": "32", "顏色": "19", "街廓編號": "", "分區代碼": "PEA", "分區簡稱": "公", "使用分區": "公園用地", "分區說明": "", "原屬分區": "", "變更前代碼": "", "變更前簡稱": "", "變更前分區": ""}}, {"type": "Feature", "geometry": {"type": "Polygon", "coordinates": [[[304409.505, 2772657.16], [304412.315, 2772654.32], [304430.925, 2772654.26], [304437.475, 2772654.25], [304439.605, 2772656.36], [304439.825, 2772686.14], [304437.715, 2772688.27], [304430.925, 2772688.29], [304412.625, 2772688.33], [304409.785, 2772685.52], [304409.702, 2772677.108], [304409.505, 2772657.16]]]}, "properties": {"編號": "116", "圖層": "32", "顏色": "19", "街廓編號": "", "分區代碼": "PEA", "分區簡稱": "公", "使用分區": "公園用地", "分區說明": "", "原屬分區": "", "變更前代碼": "", "變更前簡稱": "", "變更前分區": ""}}, {"type": "Feature", "geometry": {"type": "Polygon", "coordinates": [[[304215.445, 2772821.11], [304221.045, 2772815.4], [304430.925, 2772814.78], [304560.785, 2772814.4], [304564.355, 2772817.9], [304564.955, 2772858.37], [304565.685, 2772907.89], [304566.915, 2772996.02], [304566.945, 2772997.85], [304563.445, 2773001.42], [304430.925, 2773001.98], [304292.992, 2773002.553], [304216.615, 2773002.87], [304215.055, 2773001.34], [304215.145, 2773000.6], [304215.275, 2772999.49], [304215.405, 2772998.38], [304215.535, 2772997.27], [304215.655, 2772996.15], [304215.665, 2772996.02], [304215.775, 2772995.04], [304215.885, 2772993.93], [304215.995, 2772992.82], [304216.105, 2772991.7], [304216.205, 2772990.59], [304216.305, 2772989.48], [304216.395, 2772988.36], [304216.495, 2772987.25], [304216.575, 2772986.14], [304216.665, 2772985.02], [304216.745, 2772983.9], [304216.825, 2772982.79], [304216.895, 2772981.67], [304216.965, 2772980.56], [304217.025, 2772979.44], [304217.085, 2772978.32], [304217.145, 2772977.21], [304217.205, 2772976.09], [304217.255, 2772974.97], [304217.305, 2772973.86], [304217.345, 2772972.74], [304217.385, 2772971.62], [304217.415, 2772970.5], [304217.455, 2772969.39], [304217.475, 2772968.27], [304217.505, 2772967.15], [304217.525, 2772966.03], [304217.545, 2772964.92], [304217.555, 2772963.8], [304217.565, 2772962.68], [304217.565, 2772961.56], [304217.575, 2772960.44], [304217.575, 2772959.32], [304217.565, 2772958.21], [304217.555, 2772957.09], [304217.545, 2772955.97], [304217.526, 2772954.88], [304217.525, 2772954.88], [304215.445, 2772821.11]]]}, "properties": {"編號": "121", "圖層": "32", "顏色": "19", "街廓編號": "", "分區代碼": "PEA", "分區簡稱": "公", "使用分區": "公園用地", "分區說明": "", "原屬分區": "", "變更前代碼": "", "變更前簡稱": "", "變更前分區": ""}}, {"type": "Feature", "geometry": {"type": "Polygon", "coordinates": [[[304686.075, 2772481.2099993895], [304686.035, 2772478.16], [304688.125, 2772476.01], [304689.125, 2772476.0], [304694.585, 2772475.91], [304694.585, 2772475.93], [304713.225, 2772475.65], [304716.085, 2772478.44], [304716.515, 2772512.62], [304716.925, 2772546.13], [304713.435, 2772549.71], [304690.775, 2772550.01], [304689.775, 2772550.02], [304686.915, 2772547.23], [304686.885, 2772545.13], [304686.65, 2772526.337], [304686.485, 2772513.1], [304686.075, 2772481.2099993895]]]}, "properties": {"編號": "124", "圖層": "32", "顏色": "19", "街廓編號": "", "分區代碼": "PEA", "分區簡稱": "公", "使用分區": "公園用地", "分區說明": "", "原屬分區": "", "變更前代碼": "", "變更前簡稱": "", "變更前分區": ""}}, {"type": "Feature", "geometry": {"type": "Polygon", "coordinates": [[[304442.335, 2772377.74], [304445.555, 2772380.1], [304445.645, 2772388.12], [304442.845, 2772390.98], [304430.925, 2772391.09], [304419.476, 2772391.193], [304411.965, 2772391.26], [304411.325, 2772387.06], [304430.925, 2772381.17], [304442.335, 2772377.74]]]}, "properties": {"編號": "125", "圖層": "32", "顏色": "19", "街廓編號": "", "分區代碼": "PEA", "分區簡稱": "公", "使用分區": "公園用地", "分區說明": "", "原屬分區": "", "變更前代碼": "", "變更前簡稱": "", "變更前分區": ""}}, {"type": "Feature", "geometry": {"type": "Polygon", "coordinates": [[[304653.877, 2771738.808], [304671.182, 2771738.462], [304685.538, 2771738.18], [304688.42, 2771740.955], [304689.298, 2771789.101], [304686.648, 2771791.853], [304666.437, 2771792.248], [304546.45, 2771794.472], [304543.727, 2771791.823], [304543.527, 2771769.181], [304543.273, 2771743.754], [304546.06, 2771740.884], [304653.877, 2771738.808]]]}, "properties": {"編號": "128", "圖層": "32", "顏色": "19", "街廓編號": "", "分區代碼": "PEA", "分區簡稱": "公", "使用分區": "公園用地", "分區說明": "", "原屬分區": "", "變更前代碼": "", "變更前簡稱": "", "變更前分區": ""}}, {"type": "Feature", "geometry": {"type": "Polygon", "coordinates": [[[304519.285, 2771806.34], [304523.865, 2771806.21], [304523.935, 2771813.69], [304523.975, 2771817.29], [304524.005, 2771820.77], [304520.052, 2771815.243], [304519.785, 2771814.87], [304518.035, 2771812.41], [304517.205, 2771811.25], [304518.115, 2771809.09], [304519.285, 2771806.34]]]}, "properties": {"編號": "129", "圖層": "32", "顏色": "19", "街廓編號": "", "分區代碼": "PEA", "分區簡稱": "公", "使用分區": "公園用地", "分區說明": "", "原屬分區": "", "變更前代碼": "", "變更前簡稱": "", "變更前分區": ""}}, {"type": "Feature", "geometry": {"type": "Polygon", "coordinates": [[[304463.645, 2771742.82], [304466.095, 2771744.56], [304474.005, 2771768.77], [304476.645, 2771772.87], [304479.825, 2771777.86], [304491.535, 2771794.25], [304490.405, 2771796.51], [304439.135, 2771797.69], [304436.385, 2771795.06], [304435.991, 2771774.545], [304435.445, 2771746.15], [304438.085, 2771743.39], [304463.645, 2771742.82]]]}, "properties": {"編號": "130", "圖層": "32", "顏色": "19", "街廓編號": "", "分區代碼": "PEA", "分區簡稱": "公", "使用分區": "公園用地", "分區說明": "", "原屬分區": "", "變更前代碼": "", "變更前簡稱": "", "變更前分區": ""}}, {"type": "Feature", "geometry": {"type": "Polygon", "coordinates": [[[304309.406, 2771859.233], [304311.283, 2771859.191], [304312.442, 2771855.362], [304318.254, 2771862.636], [304286.274, 2771863.351], [304286.255, 2771859.751], [304309.406, 2771859.233]]]}, "properties": {"編號": "131", "圖層": "32", "顏色": "19", "街廓編號": "", "分區代碼": "PEB", "分區簡稱": "綠", "使用分區": "綠地用地", "分區說明": "", "原屬分區": "", "變更前代碼": "", "變更前簡稱": "", "變更前分區": ""}}, {"type": "Feature", "geometry": {"type": "Polygon", "coordinates": [[[304310.24, 2771853.822], [304312.442, 2771855.362], [304311.283, 2771859.191], [304311.28079311515, 2771859.191049379], [304309.406, 2771859.233], [304286.255, 2771859.751], [304286.134, 2771836.964], [304310.24, 2771853.822]]]}, "properties": {"編號": "132", "圖層": "32", "顏色": "19", "街廓編號": "", "分區代碼": "PEB", "分區簡稱": "綠", "使用分區": "綠地用地", "分區說明": "", "原屬分區": "", "變更前代碼": "", "變更前簡稱": "", "變更前分區": ""}}, {"type": "Feature", "geometry": {"type": "Polygon", "coordinates": [[[304294.36, 2771094.808], [304297.64, 2771092.518], [304308.818, 2771094.614], [304316.99, 2771096.146], [304317.627, 2771098.324], [304317.643, 2771098.34], [304317.316, 2771121.213], [304315.964, 2771124.168], [304292.447, 2771124.774], [304289.825, 2771121.754], [304294.36, 2771094.808]]]}, "properties": {"編號": "134", "圖層": "32", "顏色": "19", "街廓編號": "", "分區代碼": "PEA", "分區簡稱": "公", "使用分區": "公園用地", "分區說明": "", "原屬分區": "", "變更前代碼": "", "變更前簡稱": "", "變更前分區": ""}}, {"type": "Feature", "geometry": {"type": "Polygon", "coordinates": [[[304208.304, 2770955.374], [304209.95, 2770953.359], [304249.49, 2770954.122], [304263.883, 2770954.486], [304260.059, 2770996.549], [304224.99, 2770990.345], [304207.436, 2770987.24], [304208.304, 2770955.374]]]}, "properties": {"編號": "135", "圖層": "32", "顏色": "19", "街廓編號": "", "分區代碼": "PEA", "分區簡稱": "公", "使用分區": "公園用地", "分區說明": "", "原屬分區": "", "變更前代碼": "", "變更前簡稱": "", "變更前分區": ""}}, {"type": "Feature", "geometry": {"type": "Polygon", "coordinates": [[[304613.97900006105, 2771140.606], [304618.877, 2771141.31], [304620.491, 2771143.839], [304611.981, 2771172.205], [304609.563, 2771173.984], [304588.973, 2771173.744], [304572.937, 2771173.557], [304573.93, 2771134.842], [304613.97900006105, 2771140.606]]]}, "properties": {"編號": "138", "圖層": "32", "顏色": "19", "街廓編號": "", "分區代碼": "PEA", "分區簡稱": "公", "使用分區": "公園用地", "分區說明": "", "原屬分區": "", "變更前代碼": "", "變更前簡稱": "", "變更前分區": ""}}, {"type": "Feature", "geometry": {"type": "Polygon", "coordinates": [[[305085.338, 2771070.166], [305088.146, 2771073.015], [305087.501, 2771103.748], [305084.652, 2771106.557], [305066.548, 2771106.668], [305046.298, 2771106.793], [305045.667, 2771070.431], [305085.338, 2771070.166]]]}, "properties": {"編號": "142", "圖層": "32", "顏色": "19", "街廓編號": "", "分區代碼": "PEA", "分區簡稱": "公", "使用分區": "公園用地", "分區說明": "", "原屬分區": "", "變更前代碼": "", "變更前簡稱": "", "變更前分區": ""}}, {"type": "Feature", "geometry": {"type": "Polygon", "coordinates": [[[305061.05057756376, 2771216.744839065], [305062.09222252585, 2771217.4340239256], [305062.52187070297, 2771218.6067994563], [305062.50584415556, 2771218.9353982676], [305061.96410853765, 2771220.060797095], [305060.86034059, 2771220.645345055], [305060.532, 2771220.674], [305033.114, 2771221.071], [305032.806, 2771209.02], [305061.05, 2771216.745], [305061.05057756376, 2771216.744839065]]]}, "properties": {"編號": "143", "圖層": "32", "顏色": "19", "街廓編號": "", "分區代碼": "PEB", "分區簡稱": "綠", "使用分區": "綠地用地", "分區說明": "", "原屬分區": "", "變更前代碼": "", "變更前簡稱": "", "變更前分區": ""}}, {"type": "Feature", "geometry": {"type": "Polygon", "coordinates": [[[303755.109, 2771450.858], [303758.705, 2771454.331], [303758.969, 2771477.85], [303723.752, 2771478.125], [303695.589, 2771478.345], [303692.739, 2771475.538], [303692.592, 2771455.819], [303696.073, 2771452.229], [303755.109, 2771450.858]]]}, "properties": {"編號": "147", "圖層": "32", "顏色": "19", "街廓編號": "", "分區代碼": "PEA", "分區簡稱": "公", "使用分區": "公園用地", "分區說明": "", "原屬分區": "", "變更前代碼": "", "變更前簡稱": "", "變更前分區": ""}}, {"type": "Feature", "geometry": {"type": "Polygon", "coordinates": [[[303931.41, 2771397.126], [303933.5, 2771394.973], [303980.423, 2771394.03], [303982.567, 2771396.129], [303982.725, 2771485.939], [303980.61, 2771488.066], [303934.42, 2771488.24], [303932.284, 2771486.134], [303931.41, 2771397.126]]]}, "properties": {"編號": "148", "圖層": "32", "顏色": "19", "街廓編號": "", "分區代碼": "PEA", "分區簡稱": "公", "使用分區": "公園用地", "分區說明": "", "原屬分區": "", "變更前代碼": "", "變更前簡稱": "", "變更前分區": ""}}, {"type": "Feature", "geometry": {"type": "Polygon", "coordinates": [[[303388.022, 2771496.02], [303388.23, 2771518.615], [303388.362, 2771532.935], [303372.255, 2771532.94], [303353.86, 2771532.935], [303353.761, 2771522.134], [303353.523, 2771496.338], [303353.523, 2771496.02], [303388.022, 2771496.02]]]}, "properties": {"編號": "151", "圖層": "32", "顏色": "19", "街廓編號": "", "分區代碼": "PEA", "分區簡稱": "公", "使用分區": "公園用地", "分區說明": "", "原屬分區": "", "變更前代碼": "", "變更前簡稱": "", "變更前分區": ""}}, {"type": "Feature", "geometry": {"type": "Polygon", "coordinates": [[[303371.756, 2771486.86], [303387.937, 2771486.734], [303388.022, 2771496.02], [303353.52, 2771496.02], [303353.437, 2771487.002], [303371.756, 2771486.86]]]}, "properties": {"編號": "152", "圖層": "32", "顏色": "19", "街廓編號": "", "分區代碼": "PEA", "分區簡稱": "公", "使用分區": "公園用地", "分區說明": "", "原屬分區": "", "變更前代碼": "", "變更前簡稱": "", "變更前分區": ""}}, {"type": "Feature", "geometry": {"type": "Polygon", "coordinates": [[[303630.127, 2771114.217], [303630.925, 2771113.399], [303633.618, 2771110.637], [303652.206, 2771110.279], [303655.122, 2771113.123], [303655.322, 2771148.241], [303652.439, 2771151.173], [303633.175, 2771151.387], [303630.925, 2771149.174], [303630.323, 2771148.583], [303630.127, 2771114.217]]]}, "properties": {"編號": "153", "圖層": "32", "顏色": "19", "街廓編號": "", "分區代碼": "PEA", "分區簡稱": "公", "使用分區": "公園用地", "分區說明": "", "原屬分區": "", "變更前代碼": "", "變更前簡稱": "", "變更前分區": ""}}, {"type": "Feature", "geometry": {"type": "Polygon", "coordinates": [[[303864.134, 2770908.577], [303864.134, 2770933.77], [303794.925, 2770934.546], [303794.18, 2770929.687], [303864.134, 2770908.577]]]}, "properties": {"編號": "154", "圖層": "32", "顏色": "19", "街廓編號": "", "分區代碼": "PEA", "分區簡稱": "公", "使用分區": "公園用地", "分區說明": "", "原屬分區": "", "變更前代碼": "", "變更前簡稱": "", "變更前分區": ""}}, {"type": "Feature", "geometry": {"type": "Polygon", "coordinates": [[[305052.571, 2771397.025], [305105.1, 2771395.921], [305108.096, 2771398.248], [305108.663, 2771435.876], [305106.159, 2771439.507], [305083.646, 2771439.987], [305053.533, 2771440.623], [305053.493, 2771438.623], [305052.571, 2771397.025]]]}, "properties": {"編號": "157", "圖層": "32", "顏色": "19", "街廓編號": "", "分區代碼": "PEA", "分區簡稱": "公", "使用分區": "公園用地", "分區說明": "", "原屬分區": "", "變更前代碼": "", "變更前簡稱": "", "變更前分區": ""}}, {"type": "Feature", "geometry": {"type": "Polygon", "coordinates": [[[304770.458, 2770596.02], [304778.907, 2770578.779], [304788.129, 2770559.973], [304793.012, 2770561.052], [304793.754, 2770596.02], [304794.949, 2770652.35], [304792.202, 2770655.257], [304759.76, 2770656.421], [304748.156, 2770656.837], [304745.323, 2770652.717], [304747.219, 2770648.259], [304762.175, 2770612.921], [304770.458, 2770596.02]]]}, "properties": {"編號": "161", "圖層": "32", "顏色": "19", "街廓編號": "", "分區代碼": "PEA", "分區簡稱": "公", "使用分區": "公園用地", "分區說明": "", "原屬分區": "", "變更前代碼": "", "變更前簡稱": "", "變更前分區": ""}}, {"type": "Feature", "geometry": {"type": "Polygon", "coordinates": [[[304802.393, 2770705.987], [304816.659, 2770688.385], [304830.925, 2770670.783], [304830.925, 2770670.78], [304832.845, 2770668.4], [304838.225, 2770665.74], [304853.335, 2770665.25], [304853.425, 2770669.23], [304853.445, 2770670.51], [304852.425, 2770671.84], [304844.165, 2770682.62], [304830.925, 2770700.62], [304830.925, 2770700.618], [304826.092, 2770707.189], [304821.615, 2770711.914], [304816.276, 2770717.49], [304810.886, 2770722.944], [304804.149, 2770728.722], [304796.874, 2770735.169], [304790.329, 2770740.168], [304782.628, 2770744.788], [304774.111, 2770749.016], [304765.096, 2770752.076], [304754.831, 2770755.256], [304737.911, 2770758.232], [304720.99, 2770761.208], [304717.759, 2770758.848], [304716.105, 2770746.734], [304718.457, 2770743.498], [304732.794, 2770740.926], [304749.765, 2770737.86], [304757.059, 2770736.068], [304764.179, 2770733.68], [304768.463, 2770731.838], [304771.079, 2770730.713], [304777.247, 2770727.459], [304781.811, 2770724.64], [304787.481, 2770720.578], [304794.007, 2770715.004], [304802.393, 2770705.987]]]}, "properties": {"編號": "163", "圖層": "32", "顏色": "19", "街廓編號": "", "分區代碼": "PEA", "分區簡稱": "公", "使用分區": "公園用地", "分區說明": "", "原屬分區": "", "變更前代碼": "", "變更前簡稱": "", "變更前分區": ""}}, {"type": "Feature", "geometry": {"type": "Polygon", "coordinates": [[[304561.909, 2770754.981], [304656.736, 2770753.93], [304682.929, 2770749.536], [304705.009, 2770745.831], [304708.231, 2770748.203], [304709.889, 2770760.344], [304707.531, 2770763.574], [304658.289, 2770772.234], [304556.091, 2770772.609], [304435.666, 2770764.584], [304430.925, 2770764.271], [304321.803, 2770757.077], [304319.371, 2770753.901], [304321.834, 2770741.635], [304325.011, 2770739.206], [304430.925, 2770746.259], [304561.909, 2770754.981]]]}, "properties": {"編號": "164", "圖層": "32", "顏色": "19", "街廓編號": "", "分區代碼": "PEA", "分區簡稱": "公", "使用分區": "公園用地", "分區說明": "", "原屬分區": "", "變更前代碼": "", "變更前簡稱": "", "變更前分區": ""}}, {"type": "Feature", "geometry": {"type": "Polygon", "coordinates": [[[304434.896, 2770770.546], [304449.73, 2770771.535], [304452.747, 2770774.625], [304453.947, 2770803.042], [304451.192, 2770805.575], [304437.473, 2770803.838], [304354.169, 2770808.991], [304350.564, 2770764.986], [304434.896, 2770770.546]]]}, "properties": {"編號": "165", "圖層": "32", "顏色": "19", "街廓編號": "", "分區代碼": "PEA", "分區簡稱": "公", "使用分區": "公園用地", "分區說明": "", "原屬分區": "", "變更前代碼": "", "變更前簡稱": "", "變更前分區": ""}}, {"type": "Feature", "geometry": {"type": "Polygon", "coordinates": [[[304597.486, 2770615.583], [304607.695, 2770615.503], [304607.82, 2770629.688], [304565.007, 2770629.67], [304565.007, 2770629.637], [304564.916, 2770618.669], [304567.722, 2770615.817], [304597.486, 2770615.583]]]}, "properties": {"編號": "166", "圖層": "32", "顏色": "19", "街廓編號": "", "分區代碼": "PEA", "分區簡稱": "公", "使用分區": "公園用地", "分區說明": "", "原屬分區": "", "變更前代碼": "", "變更前簡稱": "", "變更前分區": ""}}, {"type": "Feature", "geometry": {"type": "Polygon", "coordinates": [[[304564.642, 2770584.575], [304567.448, 2770581.725], [304588.838, 2770581.551], [304595.61800241086, 2770581.4959999695], [304602.29000027466, 2770581.442], [304607.395, 2770581.4], [304607.643, 2770609.503], [304567.672, 2770609.817], [304564.821, 2770607.012], [304564.763, 2770599.747], [304564.733, 2770596.02], [304564.642, 2770584.575]]]}, "properties": {"編號": "167", "圖層": "32", "顏色": "19", "街廓編號": "", "分區代碼": "PEA", "分區簡稱": "公", "使用分區": "公園用地", "分區說明": "", "原屬分區": "", "變更前代碼": "", "變更前簡稱": "", "變更前分區": ""}}, {"type": "Feature", "geometry": {"type": "Polygon", "coordinates": [[[303884.661, 2770845.25], [303891.81, 2770848.05], [303893.2, 2770848.65], [303902.23, 2770851.95], [303902.33, 2770856.65], [303880.041, 2770863.748], [303875.711, 2770865.147], [303884.661, 2770845.25]]]}, "properties": {"編號": "171", "圖層": "32", "顏色": "19", "街廓編號": "", "分區代碼": "PEA", "分區簡稱": "公", "使用分區": "公園用地", "分區說明": "", "原屬分區": "", "變更前代碼": "", "變更前簡稱": "", "變更前分區": ""}}, {"type": "Feature", "geometry": {"type": "Polygon", "coordinates": [[[303876.38577919867, 2770806.150737327], [303874.875, 2770811.196], [303873.582, 2770817.374], [303814.377, 2770800.376], [303796.727, 2770795.309], [303794.302, 2770792.128], [303794.144, 2770779.373], [303865.435, 2770799.943], [303872.493, 2770800.05], [303879.6470150151, 2770800.1570112], [303879.2613008516, 2770800.6738217715], [303877.9799997721, 2770802.980000383], [303876.38577919867, 2770806.150737327]]]}, "properties": {"編號": "173", "圖層": "32", "顏色": "19", "街廓編號": "", "分區代碼": "PEA", "分區簡稱": "公", "使用分區": "公園用地", "分區說明": "", "原屬分區": "", "變更前代碼": "", "變更前簡稱": "", "變更前分區": ""}}, {"type": "Feature", "geometry": {"type": "Polygon", "coordinates": [[[304303.218, 2770737.887], [304311.253, 2770738.353], [304313.697, 2770741.52], [304311.237, 2770753.774], [304308.07, 2770756.217], [304183.085, 2770748.882], [304183.214, 2770730.927], [304303.218, 2770737.887]]]}, "properties": {"編號": "176", "圖層": "32", "顏色": "19", "街廓編號": "", "分區代碼": "PEA", "分區簡稱": "公", "使用分區": "公園用地", "分區說明": "", "原屬分區": "", "變更前代碼": "", "變更前簡稱": "", "變更前分區": ""}}, {"type": "Feature", "geometry": {"type": "Polygon", "coordinates": [[[303319.24500396755, 2770493.378998962], [303323.5250857265, 2770492.258305704], [303329.6144981842, 2770513.976799493], [303335.27526206255, 2770534.166475539], [303334.392, 2770534.199], [303325.59, 2770529.028], [303316.085, 2770523.802], [303308.717, 2770519.992], [303300.113, 2770515.802], [303290.819, 2770511.579], [303280.82, 2770507.371], [303281.057, 2770503.378], [303319.24500396755, 2770493.378998962]]]}, "properties": {"編號": "181", "圖層": "32", "顏色": "19", "街廓編號": "", "分區代碼": "PEA", "分區簡稱": "公", "使用分區": "公園用地", "分區說明": "", "原屬分區": "", "變更前代碼": "", "變更前簡稱": "", "變更前分區": ""}}, {"type": "Feature", "geometry": {"type": "Polygon", "coordinates": [[[303547.689, 2770194.907], [303551.034, 2770189.888], [303592.55, 2770189.814], [303594.678, 2770191.929], [303594.778, 2770212.573], [303590.244, 2770235.913], [303587.687, 2770237.483], [303533.475, 2770222.061], [303532.092, 2770218.308], [303547.689, 2770194.907]]]}, "properties": {"編號": "182", "圖層": "32", "顏色": "19", "街廓編號": "", "分區代碼": "PEA", "分區簡稱": "公", "使用分區": "公園用地", "分區說明": "", "原屬分區": "", "變更前代碼": "", "變更前簡稱": "", "變更前分區": ""}}, {"type": "Feature", "geometry": {"type": "Polygon", "coordinates": [[[303699.482, 2770503.656], [303701.624, 2770505.757], [303702.316, 2770535.604], [303677.588, 2770540.724], [303667.44, 2770521.343], [303660.344, 2770507.791], [303662.941, 2770503.519], [303699.482, 2770503.656]]]}, "properties": {"編號": "184", "圖層": "32", "顏色": "19", "街廓編號": "", "分區代碼": "PEA", "分區簡稱": "公", "使用分區": "公園用地", "分區說明": "", "原屬分區": "", "變更前代碼": "", "變更前簡稱": "", "變更前分區": ""}}, {"type": "Feature", "geometry": {"type": "Polygon", "coordinates": [[[303973.798, 2770248.958], [303976.618, 2770246.122], [304013.913, 2770245.342], [304014.258, 2770266.229], [304014.317, 2770269.782], [304014.489, 2770280.182], [303991.611, 2770280.271], [303977.009, 2770280.327], [303974.08, 2770277.419], [303973.798, 2770248.958]]]}, "properties": {"編號": "198", "圖層": "32", "顏色": "19", "街廓編號": "", "分區代碼": "PEA", "分區簡稱": "公", "使用分區": "公園用地", "分區說明": "", "原屬分區": "", "變更前代碼": "", "變更前簡稱": "", "變更前分區": ""}}, {"type": "Feature", "geometry": {"type": "Polygon", "coordinates": [[[303698.875, 2769769.378], [303699.438, 2769807.425], [303683.004, 2769807.783], [303658.108, 2769798.49], [303647.775, 2769794.633], [303630.925, 2769776.205], [303629.589, 2769774.744], [303631.157, 2769771.064], [303698.875, 2769769.378]]]}, "properties": {"編號": "200", "圖層": "32", "顏色": "19", "街廓編號": "", "分區代碼": "PEA", "分區簡稱": "公", "使用分區": "公園用地", "分區說明": "", "原屬分區": "", "變更前代碼": "", "變更前簡稱": "", "變更前分區": ""}}, {"type": "Feature", "geometry": {"type": "Polygon", "coordinates": [[[303952.697, 2769761.856], [304030.919, 2769761.218], [304030.925, 2769761.218], [304032.917, 2769761.198], [304032.94, 2769793.805], [304080.406, 2769793.45], [304080.78, 2769798.478], [304083.692, 2769834.901], [304079.683, 2769836.572], [304077.687, 2769835.168], [304044.493, 2769813.039], [304030.925, 2769803.993], [304028.912, 2769802.65], [304026.451, 2769801.077], [304012.043, 2769794.168], [303952.79, 2769764.374], [303952.703, 2769762.608], [303952.697, 2769761.856]]]}, "properties": {"編號": "201", "圖層": "32", "顏色": "19", "街廓編號": "", "分區代碼": "PEA", "分區簡稱": "公", "使用分區": "公園用地", "分區說明": "", "原屬分區": "", "變更前代碼": "", "變更前簡稱": "", "變更前分區": ""}}, {"type": "Feature", "geometry": {"type": "Polygon", "coordinates": [[[304700.064, 2769895.338], [304734.704, 2769894.754], [304740.369, 2769894.659], [304747.741, 2769894.535], [304750.621, 2769897.311], [304751.383, 2769935.685], [304748.606, 2769938.564], [304743.894, 2769938.641], [304700.226, 2769939.356], [304697.347, 2769936.579], [304696.594, 2769898.938], [304700.064, 2769895.338]]]}, "properties": {"編號": "206", "圖層": "32", "顏色": "19", "街廓編號": "", "分區代碼": "PEA", "分區簡稱": "公", "使用分區": "公園用地", "分區說明": "", "原屬分區": "", "變更前代碼": "", "變更前簡稱": "", "變更前分區": ""}}, {"type": "Feature", "geometry": {"type": "Polygon", "coordinates": [[[304788.445, 2769696.218], [304791.32, 2769698.998], [304791.47, 2769710.103], [304791.726, 2769729.029], [304788.971, 2769731.929], [304751.243, 2769733.358], [304749.039, 2769731.322], [304747.729, 2769699.887], [304750.469, 2769696.973], [304788.445, 2769696.218]]]}, "properties": {"編號": "207", "圖層": "32", "顏色": "19", "街廓編號": "", "分區代碼": "PEA", "分區簡稱": "公", "使用分區": "公園用地", "分區說明": "", "原屬分區": "", "變更前代碼": "", "變更前簡稱": "", "變更前分區": ""}}, {"type": "Feature", "geometry": {"type": "Polygon", "coordinates": [[[303924.238, 2769147.933], [303948.846, 2769072.238], [303962.708, 2769030.615], [303973.011, 2768999.064], [303983.73, 2768966.205], [303991.659, 2768939.068], [303998.013, 2768914.652], [304001.556, 2768900.489], [304003.839, 2768891.625], [304005.822, 2768880.959], [304005.65, 2768871.943], [304004.102, 2768790.74], [304009.235, 2768784.604], [304221.045, 2768753.27], [304227.125, 2768758.46], [304228.31, 2768858.175], [304229.885, 2768983.53], [304231.024, 2769076.248], [304231.345, 2769096.02], [304232.043, 2769159.129], [304234.78, 2769391.638], [304236.645, 2769570.57], [304231.088, 2769576.324], [304030.925, 2769580.788], [303791.348, 2769584.817], [303785.355, 2769576.812], [303787.552, 2769569.766], [303795.617, 2769543.905], [303804.301, 2769516.138], [303813.418, 2769488.08], [303835.229, 2769421.174], [303873.207, 2769304.016], [303924.238, 2769147.933]]]}, "properties": {"編號": "208", "圖層": "32", "顏色": "19", "街廓編號": "", "分區代碼": "PEA", "分區簡稱": "公", "使用分區": "公園用地", "分區說明": "", "原屬分區": "", "變更前代碼": "", "變更前簡稱": "", "變更前分區": ""}}, {"type": "Feature", "geometry": {"type": "Polygon", "coordinates": [[[303630.925, 2769145.576], [303654.796, 2769149.624], [303656.832, 2769153.067], [303641.667, 2769196.696], [303638.089, 2769198.483], [303630.925, 2769196.187], [303630.925, 2769196.186], [303586.132, 2769181.834], [303559.633, 2769173.343], [303557.58, 2769172.685], [303555.129, 2769169.524], [303555.079, 2769168.672], [303553.241, 2769137.3], [303553.139, 2769135.561], [303556.118, 2769132.891], [303556.623, 2769132.977], [303630.925, 2769145.576]]]}, "properties": {"編號": "213", "圖層": "32", "顏色": "19", "街廓編號": "", "分區代碼": "PEA", "分區簡稱": "公", "使用分區": "公園用地", "分區說明": "", "原屬分區": "", "變更前代碼": "", "變更前簡稱": "", "變更前分區": ""}}, {"type": "Feature", "geometry": {"type": "Polygon", "coordinates": [[[303440.906, 2769351.812], [303478.374, 2769362.228], [303478.375, 2769362.228], [303480.56, 2769366.363], [303464.239, 2769414.642], [303459.197, 2769429.555], [303457.415, 2769431.138], [303456.498, 2769431.526], [303455.505, 2769431.598], [303454.542, 2769431.348], [303453.71, 2769430.801], [303453.098, 2769430.015], [303452.844, 2769429.495], [303452.771, 2769429.075], [303452.611, 2769428.148], [303451.035, 2769419.025], [303447.067, 2769396.02], [303445.082, 2769384.512], [303445.073, 2769384.472], [303439.3588151319, 2769353.9735473413], [303439.7012410531, 2769352.7179780924], [303440.7011333971, 2769351.8849565135], [303440.906, 2769351.812]]]}, "properties": {"編號": "214", "圖層": "32", "顏色": "19", "街廓編號": "", "分區代碼": "PEA", "分區簡稱": "公", "使用分區": "公園用地", "分區說明": "", "原屬分區": "", "變更前代碼": "", "變更前簡稱": "", "變更前分區": ""}}, {"type": "Feature", "geometry": {"type": "Polygon", "coordinates": [[[303437.602, 2769146.865], [303439.612, 2769144.638], [303443.311, 2769144.41], [303447.302, 2769144.162], [303448.334, 2769144.098], [303450.53, 2769146.142], [303450.554, 2769148.572], [303450.782, 2769171.692], [303448.0, 2769174.566], [303444.567, 2769174.642], [303442.343, 2769174.692], [303441.532, 2769174.71], [303438.616, 2769171.971], [303438.518, 2769169.541], [303437.827, 2769152.44], [303437.775, 2769151.148], [303437.602, 2769146.865]]]}, "properties": {"編號": "215", "圖層": "32", "顏色": "19", "街廓編號": "", "分區代碼": "PEB", "分區簡稱": "綠", "使用分區": "綠地用地", "分區說明": "", "原屬分區": "", "變更前代碼": "", "變更前簡稱": "", "變更前分區": ""}}, {"type": "Feature", "geometry": {"type": "Polygon", "coordinates": [[[300391.08697317436, 2769575.114482803], [300390.025, 2769594.227], [300386.275, 2769597.477], [300366.587, 2769596.343], [300367.681, 2769583.977], [300288.628, 2769576.831], [300281.694, 2769564.926], [300391.08697317436, 2769575.114482803]]]}, "properties": {"編號": "249", "圖層": "32", "顏色": "19", "街廓編號": "", "分區代碼": "PEA", "分區簡稱": "公", "使用分區": "公園用地", "分區說明": "", "原屬分區": "", "變更前代碼": "", "變更前簡稱": "", "變更前分區": ""}}, {"type": "Feature", "geometry": {"type": "Polygon", "coordinates": [[[300384.222, 2769694.417], [300384.126, 2769696.02], [300382.441, 2769724.02], [300376.613, 2769725.22], [300358.667, 2769696.02], [300355.382, 2769690.183], [300384.222, 2769694.417]]]}, "properties": {"編號": "254", "圖層": "32", "顏色": "19", "街廓編號": "", "分區代碼": "PEA", "分區簡稱": "公", "使用分區": "公園用地", "分區說明": "", "原屬分區": "", "變更前代碼": "", "變更前簡稱": "", "變更前分區": ""}}, {"type": "Feature", "geometry": {"type": "Polygon", "coordinates": [[[301371.465, 2769284.459], [301387.69, 2769275.191], [301392.398, 2769272.501], [301397.616, 2769273.973], [301422.766, 2769281.066], [301630.925, 2769339.777], [301630.925, 2769339.796], [301761.441, 2769377.087], [301745.298, 2769426.66], [301740.245, 2769424.133], [301735.048, 2769439.979], [301735.989, 2769444.774], [301748.398, 2769453.063], [301723.801, 2769517.828], [301750.194, 2769520.703], [301749.533, 2769524.731], [301759.03, 2769525.346], [301756.976, 2769547.769], [301696.519, 2769544.52], [301664.831, 2769542.27], [301630.925, 2769540.839], [301541.079, 2769536.328], [301540.39, 2769592.674], [301480.772, 2769599.187], [301477.626, 2769596.614], [301472.675, 2769542.102], [301423.97, 2769546.849], [301423.97, 2769546.85], [301422.195, 2769547.023], [301422.195, 2769547.022], [301287.434, 2769560.152], [301284.103, 2769560.477], [301277.42, 2769561.143], [301274.276, 2769558.423], [301273.796, 2769549.282], [301270.245, 2769476.45], [301268.369, 2769439.891], [301230.925, 2769443.913], [301216.775, 2769445.432], [301189.104, 2769414.5], [301204.352, 2769400.449], [301209.159, 2769396.02], [301230.925, 2769375.962], [301262.938, 2769346.462], [301371.465, 2769284.459]]]}, "properties": {"編號": "269", "圖層": "32", "顏色": "19", "街廓編號": "", "分區代碼": "PEA", "分區簡稱": "公", "使用分區": "公園用地", "分區說明": "", "原屬分區": "", "變更前代碼": "", "變更前簡稱": "", "變更前分區": ""}}, {"type": "Feature", "geometry": {"type": "Polygon", "coordinates": [[[300397.456, 2769796.52], [300400.863, 2769793.02], [300430.925, 2769792.228], [300495.737, 2769790.52], [300498.175, 2769852.27], [300499.224, 2769878.769], [300500.831, 2769922.02], [300498.113, 2769924.77], [300430.925, 2769927.098], [300404.331, 2769928.02], [300400.706, 2769924.77], [300399.863, 2769883.02], [300399.83, 2769883.021], [300398.863, 2769833.52], [300397.456, 2769796.52]]]}, "properties": {"編號": "276", "圖層": "32", "顏色": "19", "街廓編號": "", "分區代碼": "PEA", "分區簡稱": "公", "使用分區": "公園用地", "分區說明": "", "原屬分區": "", "變更前代碼": "", "變更前簡稱": "", "變更前分區": ""}}, {"type": "Feature", "geometry": {"type": "Polygon", "coordinates": [[[302015.144, 2770761.52], [302030.925, 2770761.143], [302036.081, 2770761.02], [302038.269, 2770763.02], [302038.613, 2770777.02], [302036.55, 2770779.27], [302030.925, 2770779.399], [302017.677, 2770779.703], [302014.769, 2770779.77], [302012.581, 2770777.77], [302012.269, 2770764.52], [302015.144, 2770761.52]]]}, "properties": {"編號": "277", "圖層": "32", "顏色": "19", "街廓編號": "", "分區代碼": "PEA", "分區簡稱": "公", "使用分區": "公園用地", "分區說明": "", "原屬分區": "", "變更前代碼": "", "變更前簡稱": "", "變更前分區": ""}}, {"type": "Feature", "geometry": {"type": "Polygon", "coordinates": [[[301032.542, 2770971.847], [301035.103, 2770967.552], [301062.501, 2770960.72], [301073.126, 2771002.213], [301042.292, 2771009.924], [301032.542, 2770971.847]]]}, "properties": {"編號": "281", "圖層": "32", "顏色": "19", "街廓編號": "", "分區代碼": "PEA", "分區簡稱": "公", "使用分區": "公園用地", "分區說明": "", "原屬分區": "", "變更前代碼": "", "變更前簡稱": "", "變更前分區": ""}}, {"type": "Feature", "geometry": {"type": "Polygon", "coordinates": [[[301208.894, 2771288.108], [301215.797, 2771292.151], [301230.925, 2771350.887], [301239.22, 2771383.094], [301255.614, 2771446.743], [301251.251, 2771453.449], [301230.925, 2771456.831], [301150.113, 2771470.282], [301143.239, 2771466.189], [301094.409, 2771324.507], [301098.174, 2771317.449], [301208.894, 2771288.108]]]}, "properties": {"編號": "282", "圖層": "32", "顏色": "19", "街廓編號": "", "分區代碼": "PEA", "分區簡稱": "公", "使用分區": "公園用地", "分區說明": "", "原屬分區": "", "變更前代碼": "", "變更前簡稱": "", "變更前分區": ""}}, {"type": "Feature", "geometry": {"type": "Polygon", "coordinates": [[[301976.751, 2771228.036], [301981.836, 2771228.036], [301985.63, 2771232.036], [301989.715, 2771254.051], [301993.799, 2771276.066], [301991.116, 2771280.285], [301986.66, 2771281.445], [301976.751, 2771228.036]]]}, "properties": {"編號": "285", "圖層": "32", "顏色": "19", "街廓編號": "", "分區代碼": "PEB", "分區簡稱": "綠", "使用分區": "綠地用地", "分區說明": "", "原屬分區": "", "變更前代碼": "", "變更前簡稱": "", "變更前分區": ""}}, {"type": "Feature", "geometry": {"type": "Polygon", "coordinates": [[[301983.974, 2770157.796], [301988.067, 2770160.668], [302005.084, 2770225.461], [301992.022, 2770244.998], [301869.39, 2770261.677], [301854.239, 2770249.402], [301848.641, 2770173.592], [301851.875, 2770169.777], [301983.974, 2770157.796]]]}, "properties": {"編號": "289", "圖層": "32", "顏色": "19", "街廓編號": "", "分區代碼": "PEA", "分區簡稱": "公", "使用分區": "公園用地", "分區說明": "", "原屬分區": "", "變更前代碼": "", "變更前簡稱": "", "變更前分區": ""}}, {"type": "Feature", "geometry": {"type": "Polygon", "coordinates": [[[302076.925, 2769746.02], [302107.925, 2769744.02], [302110.925, 2769746.02], [302108.925, 2769750.02], [302076.925, 2769761.52], [302006.925, 2769770.02], [302003.425, 2769768.02], [302001.925, 2769756.02], [302003.925, 2769755.02], [302076.925, 2769746.02]]]}, "properties": {"編號": "298", "圖層": "32", "顏色": "19", "街廓編號": "", "分區代碼": "PEB", "分區簡稱": "綠", "使用分區": "綠地用地", "分區說明": "", "原屬分區": "", "變更前代碼": "", "變更前簡稱": "", "變更前分區": ""}}, {"type": "Feature", "geometry": {"type": "Polygon", "coordinates": [[[301983.099, 2769784.905], [301984.505, 2769784.998], [301985.778, 2769785.6], [301986.74, 2769786.629], [301987.255, 2769787.939], [301987.251, 2769789.347], [301986.965, 2769790.575], [301986.589, 2769791.777], [301986.126, 2769792.95], [301985.578, 2769794.084], [301984.947, 2769795.177], [301984.238, 2769796.219], [301983.454, 2769797.206], [301982.599, 2769798.132], [301981.679, 2769798.993], [301980.697, 2769799.783], [301979.66, 2769800.499], [301978.573, 2769801.137], [301977.441, 2769801.694], [301976.756, 2769801.97], [301976.272, 2769802.165], [301975.071, 2769802.549], [301973.846, 2769802.842], [301972.602, 2769803.046], [301971.346, 2769803.157], [301970.086, 2769803.174], [301968.827, 2769803.098], [301967.578, 2769802.932], [301966.345, 2769802.672], [301965.133, 2769802.322], [301963.951, 2769801.885], [301962.805, 2769801.361], [301961.7, 2769800.754], [301960.643, 2769800.067], [301959.639, 2769799.305], [301958.695, 2769798.47], [301957.814, 2769797.569], [301957.002, 2769796.604], [301956.264, 2769795.583], [301955.603, 2769794.51], [301955.023, 2769793.39], [301954.663, 2769792.027], [301954.838, 2769790.628], [301955.518, 2769789.39], [301956.605, 2769788.492], [301957.947, 2769788.057], [301983.099, 2769784.905]]]}, "properties": {"編號": "299", "圖層": "32", "顏色": "19", "街廓編號": "", "分區代碼": "PEB", "分區簡稱": "綠", "使用分區": "綠地用地", "分區說明": "", "原屬分區": "", "變更前代碼": "", "變更前簡稱": "", "變更前分區": ""}}, {"type": "Feature", "geometry": {"type": "Polygon", "coordinates": [[[302046.608, 2769720.653], [302077.421, 2769716.824], [302121.958, 2769711.473], [302123.505, 2769711.611], [302124.245, 2769713.014], [302125.151, 2769719.202], [302124.739, 2769720.687], [302123.15, 2769721.389], [302077.666, 2769726.854], [302048.366, 2769730.611], [302002.222, 2769736.579], [301999.965, 2769736.353], [301998.905, 2769735.338], [301998.228, 2769728.296], [301999.559, 2769727.078], [302001.139, 2769726.717], [302046.608, 2769720.653]]]}, "properties": {"編號": "300", "圖層": "32", "顏色": "19", "街廓編號": "", "分區代碼": "PEB", "分區簡稱": "綠", "使用分區": "綠地用地", "分區說明": "", "原屬分區": "", "變更前代碼": "", "變更前簡稱": "", "變更前分區": ""}}, {"type": "Feature", "geometry": {"type": "Polygon", "coordinates": [[[301978.21, 2769729.696], [301979.383, 2769729.944], [301980.557, 2769730.869], [301980.963, 2769731.727], [301981.459, 2769737.053], [301981.121, 2769738.001], [301980.444, 2769738.926], [301979.428, 2769739.332], [301965.053, 2769741.081], [301950.677, 2769742.83], [301949.819, 2769742.604], [301948.871, 2769741.95], [301948.172, 2769741.25], [301947.562, 2769735.18], [301947.901, 2769734.277], [301948.668, 2769733.532], [301950.428, 2769732.9], [301958.282, 2769732.133], [301968.246, 2769730.914], [301978.21, 2769729.696]]]}, "properties": {"編號": "301", "圖層": "32", "顏色": "19", "街廓編號": "", "分區代碼": "PEB", "分區簡稱": "綠", "使用分區": "綠地用地", "分區說明": "", "原屬分區": "", "變更前代碼": "", "變更前簡稱": "", "變更前分區": ""}}, {"type": "Feature", "geometry": {"type": "Polygon", "coordinates": [[[301957.156, 2769697.28], [301958.389, 2769696.984], [301959.641, 2769696.779], [301960.904, 2769696.669], [301962.171, 2769696.652], [301963.437, 2769696.728], [301964.694, 2769696.899], [301965.934, 2769697.16], [301967.152, 2769697.515], [301968.34, 2769697.958], [301969.492, 2769698.487], [301970.601, 2769699.101], [301971.662, 2769699.796], [301972.669, 2769700.566], [301973.616, 2769701.41], [301974.498, 2769702.322], [301975.31, 2769703.296], [301976.047, 2769704.327], [301976.706, 2769705.41], [301977.283, 2769706.538], [301977.775, 2769707.708], [301978.179, 2769708.91], [301978.493, 2769710.137], [301978.715, 2769711.387], [301978.844, 2769712.648], [301978.879, 2769713.916], [301978.821, 2769715.182], [301978.668, 2769716.441], [301978.419, 2769717.688], [301958.111, 2769720.237], [301958.11, 2769720.237], [301946.612, 2769721.68], [301946.603, 2769721.677], [301946.059, 2769720.532], [301945.6, 2769719.35], [301945.23, 2769718.137], [301944.951, 2769716.899], [301944.765, 2769715.646], [301944.671, 2769714.381], [301944.672, 2769713.112], [301944.767, 2769711.848], [301944.955, 2769710.595], [301945.235, 2769709.358], [301945.606, 2769708.146], [301946.066, 2769706.964], [301946.613, 2769705.819], [301947.242, 2769704.719], [301947.951, 2769703.668], [301948.736, 2769702.671], [301949.593, 2769701.737], [301950.517, 2769700.868], [301951.502, 2769700.07], [301952.544, 2769699.348], [301953.636, 2769698.703], [301954.773, 2769698.143], [301955.949, 2769697.668], [301957.156, 2769697.28]]]}, "properties": {"編號": "302", "圖層": "32", "顏色": "19", "街廓編號": "", "分區代碼": "PEB", "分區簡稱": "綠", "使用分區": "綠地用地", "分區說明": "", "原屬分區": "", "變更前代碼": "", "變更前簡稱": "", "變更前分區": ""}}, {"type": "Feature", "geometry": {"type": "Polygon", "coordinates": [[[301930.925, 2769763.02], [301934.425, 2769767.52], [301935.425, 2769775.02], [301929.925, 2769780.02], [301831.425, 2769792.02], [301732.925, 2769804.02], [301727.925, 2769803.02], [301726.925, 2769801.02], [301727.425, 2769796.02], [301728.925, 2769792.02], [301733.925, 2769788.02], [301737.925, 2769787.02], [301930.925, 2769763.02]]]}, "properties": {"編號": "303", "圖層": "32", "顏色": "19", "街廓編號": "", "分區代碼": "PEB", "分區簡稱": "綠", "使用分區": "綠地用地", "分區說明": "", "原屬分區": "", "變更前代碼": "", "變更前簡稱": "", "變更前分區": ""}}, {"type": "Feature", "geometry": {"type": "Polygon", "coordinates": [[[301922.038, 2769736.827], [301927.431, 2769736.353], [301928.898, 2769736.331], [301930.365, 2769736.534], [301930.794, 2769737.481], [301931.065, 2769738.881], [301931.155, 2769740.235], [301930.568, 2769741.589], [301929.395, 2769742.424], [301927.793, 2769742.943], [301856.613, 2769751.97], [301839.213, 2769756.506], [301834.722, 2769757.387], [301749.076, 2769768.422], [301739.259, 2769769.325], [301738.085, 2769769.009], [301734.881, 2769767.294], [301733.752, 2769766.053], [301733.165, 2769765.06], [301732.714, 2769762.825], [301732.714, 2769761.81], [301733.594, 2769760.794], [301734.971, 2769760.32], [301922.038, 2769736.827]]]}, "properties": {"編號": "304", "圖層": "32", "顏色": "19", "街廓編號": "", "分區代碼": "PEB", "分區簡稱": "綠", "使用分區": "綠地用地", "分區說明": "", "原屬分區": "", "變更前代碼": "", "變更前簡稱": "", "變更前分區": ""}}, {"type": "Feature", "geometry": {"type": "Polygon", "coordinates": [[[301698.925, 2769795.02], [301705.925, 2769802.02], [301705.925, 2769809.02], [301617.48, 2769832.36], [301561.925, 2769847.02], [301557.925, 2769846.02], [301556.925, 2769843.02], [301557.925, 2769834.02], [301562.925, 2769830.02], [301698.925, 2769795.02]]]}, "properties": {"編號": "305", "圖層": "32", "顏色": "19", "街廓編號": "", "分區代碼": "PEB", "分區簡稱": "綠", "使用分區": "綠地用地", "分區說明": "", "原屬分區": "", "變更前代碼": "", "變更前簡稱": "", "變更前分區": ""}}, {"type": "Feature", "geometry": {"type": "Polygon", "coordinates": [[[301656.0130004272, 2769777.516999878], [301681.101, 2769771.063], [301682.996, 2769770.905], [301684.238, 2769771.153], [301685.005, 2769771.943], [301685.186, 2769773.274], [301684.283, 2769777.72], [301683.47, 2769779.413], [301682.365, 2769780.271], [301660.88, 2769786.522], [301645.903, 2769790.365], [301619.45, 2769797.152], [301603.418, 2769801.266], [301575.911, 2769808.323], [301566.726, 2769810.758], [301562.696, 2769810.286], [301559.68, 2769809.408], [301556.461, 2769807.314], [301555.403, 2769806.121], [301555.043, 2769805.018], [301555.538, 2769803.533], [301557.744, 2769802.7], [301577.355, 2769797.716], [301619.08, 2769787.018], [301656.0130004272, 2769777.516999878]]]}, "properties": {"編號": "306", "圖層": "32", "顏色": "19", "街廓編號": "", "分區代碼": "PEB", "分區簡稱": "綠", "使用分區": "綠地用地", "分區說明": "", "原屬分區": "", "變更前代碼": "", "變更前簡稱": "", "變更前分區": ""}}, {"type": "Feature", "geometry": {"type": "Polygon", "coordinates": [[[301412.925, 2769886.02], [301452.378, 2769868.157], [301457.487, 2769866.694], [301466.131, 2769865.276], [301468.269, 2769864.488], [301502.182, 2769849.131], [301528.925, 2769837.02], [301538.925, 2769843.02], [301540.925, 2769850.02], [301538.925, 2769855.02], [301299.925, 2769961.02], [301295.925, 2769958.02], [301290.925, 2769945.02], [301291.925, 2769940.02], [301412.925, 2769886.02]]]}, "properties": {"編號": "307", "圖層": "32", "顏色": "19", "街廓編號": "", "分區代碼": "PEB", "分區簡稱": "綠", "使用分區": "綠地用地", "分區說明": "", "原屬分區": "", "變更前代碼": "", "變更前簡稱": "", "變更前分區": ""}}, {"type": "Feature", "geometry": {"type": "Polygon", "coordinates": [[[301242.798, 2769962.012], [301244.288, 2769962.19], [301245.589, 2769963.256], [301246.34, 2769964.556], [301247.057, 2769966.878], [301248.056, 2769970.646], [301248.975, 2769972.463], [301251.622, 2769976.298], [301252.003, 2769978.541], [301251.442, 2769980.829], [301250.299, 2769982.847], [301248.571, 2769984.193], [301232.893, 2769991.078], [301217.215, 2769997.964], [301214.972, 2769998.862], [301213.941, 2769998.996], [301211.63, 2769998.592], [301210.06, 2769997.673], [301208.423, 2769995.318], [301206.853, 2769991.393], [301206.382, 2769989.195], [301205.956, 2769987.378], [301205.53, 2769985.561], [301205.474, 2769984.249], [301205.698, 2769981.838], [301206.595, 2769978.854], [301218.651, 2769972.799], [301242.798, 2769962.012]]]}, "properties": {"編號": "308", "圖層": "32", "顏色": "19", "街廓編號": "", "分區代碼": "PEB", "分區簡稱": "綠", "使用分區": "綠地用地", "分區說明": "", "原屬分區": "", "變更前代碼": "", "變更前簡稱": "", "變更前分區": ""}}, {"type": "Feature", "geometry": {"type": "Polygon", "coordinates": [[[299731.86, 2769617.276], [299746.864, 2769635.963], [299705.97, 2769668.981], [299690.955, 2769650.301], [299731.86, 2769617.276]]]}, "properties": {"編號": "338", "圖層": "32", "顏色": "19", "街廓編號": "", "分區代碼": "PEA", "分區簡稱": "公", "使用分區": "公園用地", "分區說明": "", "原屬分區": "", "變更前代碼": "", "變更前簡稱": "", "變更前分區": ""}}, {"type": "Feature", "geometry": {"type": "Polygon", "coordinates": [[[299795.006, 2769731.614], [299807.197, 2769746.82], [299813.646, 2769754.863], [299774.476, 2769755.656], [299774.436, 2769754.504], [299771.032, 2769750.252], [299795.006, 2769731.614]]]}, "properties": {"編號": "339", "圖層": "32", "顏色": "19", "街廓編號": "", "分區代碼": "PEA", "分區簡稱": "公", "使用分區": "公園用地", "分區說明": "", "原屬分區": "", "變更前代碼": "", "變更前簡稱": "", "變更前分區": ""}}, {"type": "Feature", "geometry": {"type": "Polygon", "coordinates": [[[299836.142, 2769623.822], [299845.745, 2769635.791], [299851.028, 2769642.448], [299810.432, 2769675.105], [299795.636, 2769656.254], [299836.142, 2769623.822]]]}, "properties": {"編號": "340", "圖層": "32", "顏色": "19", "街廓編號": "", "分區代碼": "PEA", "分區簡稱": "公", "使用分區": "公園用地", "分區說明": "", "原屬分區": "", "變更前代碼": "", "變更前簡稱": "", "變更前分區": ""}}, {"type": "Feature", "geometry": {"type": "Polygon", "coordinates": [[[299755.014, 2769522.699], [299770.714, 2769542.268], [299729.182, 2769574.327], [299714.186, 2769555.444], [299755.014, 2769522.699]]]}, "properties": {"編號": "341", "圖層": "32", "顏色": "19", "街廓編號": "", "分區代碼": "PEA", "分區簡稱": "公", "使用分區": "公園用地", "分區說明": "", "原屬分區": "", "變更前代碼": "", "變更前簡稱": "", "變更前分區": ""}}, {"type": "Feature", "geometry": {"type": "Polygon", "coordinates": [[[299858.526, 2769541.901], [299949.126, 2769526.473], [299952.7, 2769529.97], [299945.046, 2769581.765], [299939.851, 2769617.001], [299936.638, 2769619.384], [299918.015, 2769616.598], [299876.292, 2769610.325], [299862.152, 2769580.333], [299856.211, 2769545.163], [299858.526, 2769541.901]]]}, "properties": {"編號": "342", "圖層": "32", "顏色": "19", "街廓編號": "", "分區代碼": "PEA", "分區簡稱": "公", "使用分區": "公園用地", "分區說明": "", "原屬分區": "", "變更前代碼": "", "變更前簡稱": "", "變更前分區": ""}}, {"type": "Feature", "geometry": {"type": "Polygon", "coordinates": [[[299834.067, 2769823.963], [299822.097, 2769835.392], [299811.301, 2769824.45], [299788.228, 2769845.266], [299787.645, 2769824.829], [299834.067, 2769823.963]]]}, "properties": {"編號": "343", "圖層": "32", "顏色": "19", "街廓編號": "", "分區代碼": "PEB", "分區簡稱": "綠", "使用分區": "綠地用地", "分區說明": "", "原屬分區": "", "變更前代碼": "", "變更前簡稱": "", "變更前分區": ""}}, {"type": "Feature", "geometry": {"type": "Polygon", "coordinates": [[[299999.268, 2769977.72], [300020.958, 2770004.46], [299999.543, 2770021.57], [299999.2, 2770021.233], [299976.99, 2769999.385], [299977.162, 2769996.02], [299977.194, 2769995.39], [299999.268, 2769977.72]]]}, "properties": {"編號": "345", "圖層": "32", "顏色": "19", "街廓編號": "", "分區代碼": "PEA", "分區簡稱": "公", "使用分區": "公園用地", "分區說明": "", "原屬分區": "", "變更前代碼": "", "變更前簡稱": "", "變更前分區": ""}}, {"type": "Feature", "geometry": {"type": "Polygon", "coordinates": [[[300131.725, 2770160.308], [300133.653, 2770159.468], [300145.485, 2770156.451], [300163.006, 2770178.445], [300178.0, 2770218.986], [300096.715, 2770175.552], [300131.725, 2770160.308]]]}, "properties": {"編號": "346", "圖層": "32", "顏色": "19", "街廓編號": "", "分區代碼": "PEA", "分區簡稱": "公", "使用分區": "公園用地", "分區說明": "", "原屬分區": "", "變更前代碼": "", "變更前簡稱": "", "變更前分區": ""}}, {"type": "Feature", "geometry": {"type": "Polygon", "coordinates": [[[300360.925, 2770143.52], [300363.081, 2770145.52], [300363.081, 2770145.77], [300362.019, 2770147.27], [300308.019, 2770170.77], [300303.737, 2770168.27], [300302.175, 2770148.27], [300305.55, 2770144.52], [300360.925, 2770143.52]]]}, "properties": {"編號": "347", "圖層": "32", "顏色": "19", "街廓編號": "", "分區代碼": "PEA", "分區簡稱": "公", "使用分區": "公園用地", "分區說明": "", "原屬分區": "", "變更前代碼": "", "變更前簡稱": "", "變更前分區": ""}}, {"type": "Feature", "geometry": {"type": "Polygon", "coordinates": [[[300277.196, 2770212.12], [300278.168, 2770217.131], [300281.088, 2770216.713], [300294.719, 2770215.974], [300297.175, 2770247.27], [300294.675, 2770250.27], [300278.334, 2770252.406], [300271.058, 2770213.407], [300277.196, 2770212.12]]]}, "properties": {"編號": "349", "圖層": "32", "顏色": "19", "街廓編號": "", "分區代碼": "PEA", "分區簡稱": "公", "使用分區": "公園用地", "分區說明": "", "原屬分區": "", "變更前代碼": "", "變更前簡稱": "", "變更前分區": ""}}, {"type": "Feature", "geometry": {"type": "Polygon", "coordinates": [[[300457.012, 2770448.355], [300460.393, 2770450.012], [300466.663, 2770477.738], [300468.981, 2770498.383], [300466.445, 2770501.478], [300464.591, 2770501.637], [300464.581, 2770501.635], [300430.925, 2770473.3], [300421.166, 2770465.084], [300430.925, 2770460.53], [300457.012, 2770448.355]]]}, "properties": {"編號": "350", "圖層": "32", "顏色": "19", "街廓編號": "", "分區代碼": "PEA", "分區簡稱": "公", "使用分區": "公園用地", "分區說明": "", "原屬分區": "", "變更前代碼": "", "變更前簡稱": "", "變更前分區": ""}}, {"type": "Feature", "geometry": {"type": "Polygon", "coordinates": [[[300635.467, 2770331.03], [300637.432, 2770327.371], [300638.708, 2770325.948], [300639.984, 2770324.526], [300641.169, 2770323.566], [300642.355, 2770322.606], [300643.361, 2770322.052], [300644.366, 2770321.499], [300644.817, 2770321.567], [300649.922, 2770324.661], [300654.054, 2770351.515], [300650.283, 2770356.122], [300648.341, 2770355.99], [300645.178, 2770354.835], [300641.858, 2770352.938], [300638.787, 2770350.16], [300636.822, 2770347.404], [300635.264, 2770344.22], [300634.428, 2770341.013], [300634.179, 2770337.715], [300634.451, 2770334.508], [300635.467, 2770331.03]]]}, "properties": {"編號": "352", "圖層": "32", "顏色": "19", "街廓編號": "", "分區代碼": "PEB", "分區簡稱": "綠", "使用分區": "綠地用地", "分區說明": "", "原屬分區": "", "變更前代碼": "", "變更前簡稱": "", "變更前分區": ""}}, {"type": "Feature", "geometry": {"type": "Polygon", "coordinates": [[[300800.522, 2770789.577], [300811.612, 2770829.345], [300830.925, 2770824.371], [300846.382, 2770820.391], [300852.181, 2770845.661], [300833.878, 2770850.751], [300835.965, 2770860.058], [300830.925, 2770861.277], [300809.988, 2770866.341], [300803.86, 2770905.818], [300780.339, 2770911.567], [300777.151, 2770909.885], [300773.738, 2770896.02], [300751.303, 2770805.993], [300753.876, 2770801.706], [300800.522, 2770789.577]]]}, "properties": {"編號": "358", "圖層": "32", "顏色": "19", "街廓編號": "", "分區代碼": "PEA", "分區簡稱": "公", "使用分區": "公園用地", "分區說明": "", "原屬分區": "", "變更前代碼": "", "變更前簡稱": "", "變更前分區": ""}}, {"type": "Feature", "geometry": {"type": "Polygon", "coordinates": [[[300747.675, 2770112.77], [300750.956, 2770115.02], [300758.925, 2770161.52], [300756.644, 2770164.77], [300721.769, 2770171.52], [300718.456, 2770169.27], [300714.987, 2770151.77], [300709.3, 2770123.27], [300711.55, 2770119.77], [300747.675, 2770112.77]]]}, "properties": {"編號": "366", "圖層": "32", "顏色": "19", "街廓編號": "", "分區代碼": "PEA", "分區簡稱": "公", "使用分區": "公園用地", "分區說明": "", "原屬分區": "", "變更前代碼": "", "變更前簡稱": "", "變更前分區": ""}}, {"type": "Feature", "geometry": {"type": "Polygon", "coordinates": [[[299904.45, 2769406.078], [299911.215, 2769444.658], [299877.998, 2769450.338], [299871.332, 2769412.018], [299871.332, 2769412.017], [299904.45, 2769406.078]]]}, "properties": {"編號": "371", "圖層": "32", "顏色": "19", "街廓編號": "", "分區代碼": "PEA", "分區簡稱": "公", "使用分區": "公園用地", "分區說明": "", "原屬分區": "", "變更前代碼": "", "變更前簡稱": "", "變更前分區": ""}}, {"type": "Feature", "geometry": {"type": "Polygon", "coordinates": [[[299905.08905862615, 2769739.563641377], [299906.345, 2769731.881], [299909.677, 2769729.666], [299943.268, 2769737.74], [299943.817, 2769762.244], [299934.0900007112, 2769762.481001193], [299930.45708014583, 2769757.167019469], [299926.19365348935, 2769752.344187652], [299921.36544375826, 2769748.0868522897], [299916.04688040493, 2769744.460642499], [299910.31995194603, 2769741.5214582547], [299905.08905862615, 2769739.563641377]]]}, "properties": {"編號": "375", "圖層": "32", "顏色": "19", "街廓編號": "", "分區代碼": "PEA", "分區簡稱": "公", "使用分區": "公園用地", "分區說明": "公四", "原屬分區": "", "變更前代碼": "", "變更前簡稱": "", "變更前分區": ""}}, {"type": "Feature", "geometry": {"type": "Polygon", "coordinates": [[[299915.59686428425, 2769724.9189673755], [299909.779, 2769723.521], [299908.119, 2769721.021], [299912.205, 2769696.02], [299914.798, 2769674.261], [299917.747, 2769672.204], [299927.438, 2769674.506], [299923.925, 2769693.02], [299920.3020000279, 2769696.01999997], [299917.46959662676, 2769699.600158118], [299915.30431502365, 2769703.6190630645], [299913.8723967288, 2769707.9537662133], [299913.21764779044, 2769712.4716578913], [299913.3600986557, 2769717.034524221], [299914.2953913882, 2769721.5027754325], [299915.59686428425, 2769724.9189673755]]]}, "properties": {"編號": "376", "圖層": "32", "顏色": "19", "街廓編號": "", "分區代碼": "PEA", "分區簡稱": "公", "使用分區": "公園用地", "分區說明": "公五", "原屬分區": "", "變更前代碼": "", "變更前簡稱": "", "變更前分區": ""}}, {"type": "Feature", "geometry": {"type": "Polygon", "coordinates": [[[301341.395, 2772278.27], [301343.115, 2772280.77], [301339.515, 2772299.27], [301336.265, 2772301.52], [301314.265, 2772298.52], [301311.045, 2772294.77], [301311.254, 2772288.421], [301311.735, 2772273.77], [301324.145, 2772275.77], [301341.395, 2772278.27]]]}, "properties": {"編號": "384", "圖層": "32", "顏色": "19", "街廓編號": "", "分區代碼": "PEA", "分區簡稱": "公", "使用分區": "公園用地", "分區說明": "", "原屬分區": "", "變更前代碼": "", "變更前簡稱": "", "變更前分區": ""}}, {"type": "Feature", "geometry": {"type": "Polygon", "coordinates": [[[303368.968, 2769729.357], [303372.314, 2769731.549], [303376.433, 2769760.548], [303377.615, 2769768.867], [303375.974, 2769771.379], [303358.918, 2769776.145], [303346.919, 2769759.964], [303338.833, 2769749.101], [303335.303, 2769738.666], [303368.968, 2769729.357]]]}, "properties": {"編號": "390", "圖層": "32", "顏色": "19", "街廓編號": "", "分區代碼": "PEA", "分區簡稱": "公", "使用分區": "公園用地", "分區說明": "", "原屬分區": "", "變更前代碼": "", "變更前簡稱": "", "變更前分區": ""}}, {"type": "Feature", "geometry": {"type": "Polygon", "coordinates": [[[303294.778, 2768962.715], [303297.214, 2768964.467], [303297.638, 2768967.07], [303298.498, 2768972.344], [303302.638, 2768997.729], [303300.891, 2769000.168], [303283.256, 2769003.121], [303268.872, 2769005.529], [303262.769, 2768967.948], [303262.772, 2768967.948], [303294.778, 2768962.715]]]}, "properties": {"編號": "391", "圖層": "32", "顏色": "19", "街廓編號": "", "分區代碼": "PEA", "分區簡稱": "公", "使用分區": "公園用地", "分區說明": "", "原屬分區": "", "變更前代碼": "", "變更前簡稱": "", "變更前分區": ""}}, {"type": "Feature", "geometry": {"type": "Polygon", "coordinates": [[[305142.888, 2771750.841], [305154.531, 2771750.624], [305157.945, 2771750.56], [305160.825, 2771753.33], [305160.909, 2771757.651], [305161.655, 2771796.02], [305162.825, 2771856.49], [305160.065, 2771859.37], [305152.335, 2771859.56], [305106.225, 2771796.02], [305076.125, 2771754.54], [305076.545, 2771752.08], [305142.888, 2771750.841]]]}, "properties": {"編號": "437", "圖層": "32", "顏色": "19", "街廓編號": "", "分區代碼": "PEA", "分區簡稱": "公", "使用分區": "公園用地", "分區說明": "", "原屬分區": "", "變更前代碼": "", "變更前簡稱": "", "變更前分區": ""}}, {"type": "Feature", "geometry": {"type": "Polygon", "coordinates": [[[305755.623, 2772228.726], [305786.055, 2772231.95], [305786.205, 2772231.97], [305786.365, 2772231.99], [305786.515, 2772232.02], [305786.665, 2772232.06], [305786.815, 2772232.11], [305786.965, 2772232.15], [305787.105, 2772232.21], [305787.255, 2772232.27], [305787.395, 2772232.34], [305787.535, 2772232.41], [305787.665, 2772232.48], [305787.805, 2772232.57], [305787.925, 2772232.65], [305788.055, 2772232.74], [305788.175, 2772232.84], [305788.295, 2772232.94], [305788.405, 2772233.05], [305788.515, 2772233.16], [305788.625, 2772233.28], [305788.725, 2772233.39], [305788.825, 2772233.52], [305788.915, 2772233.64], [305788.995, 2772233.77], [305789.075, 2772233.9], [305789.155, 2772234.04], [305789.225, 2772234.18], [305789.285, 2772234.32], [305789.345, 2772234.47], [305789.405, 2772234.61], [305789.455, 2772234.76], [305789.495, 2772234.91], [305789.525, 2772235.06], [305789.565, 2772235.21], [305789.585, 2772235.37], [305789.605, 2772235.52], [305789.615, 2772235.68], [305789.625, 2772235.83], [305789.625, 2772235.99], [305789.615, 2772236.15], [305789.595, 2772236.35], [305786.415, 2772265.43], [305786.395, 2772265.58], [305786.375, 2772265.74], [305786.345, 2772265.89], [305786.305, 2772266.04], [305786.255, 2772266.19], [305786.205, 2772266.34], [305786.155, 2772266.49], [305786.095, 2772266.63], [305786.025, 2772266.77], [305785.955, 2772266.91], [305785.875, 2772267.05], [305785.795, 2772267.18], [305785.705, 2772267.31], [305785.615, 2772267.44], [305785.515, 2772267.56], [305785.405, 2772267.68], [305785.305, 2772267.79], [305785.195, 2772267.9], [305785.075, 2772268.01], [305784.955, 2772268.11], [305784.835, 2772268.2], [305784.705, 2772268.3], [305784.575, 2772268.38], [305784.445, 2772268.46], [305784.305, 2772268.54], [305784.165, 2772268.61], [305784.025, 2772268.67], [305783.875, 2772268.73], [305783.725, 2772268.79], [305783.575, 2772268.84], [305783.425, 2772268.88], [305783.275, 2772268.91], [305783.125, 2772268.94], [305782.965, 2772268.97], [305782.805, 2772268.98], [305782.655, 2772269.0], [305782.495, 2772269.0], [305782.345, 2772269.0], [305782.185, 2772269.0], [305782.005, 2772268.98], [305751.991, 2772265.789], [305751.995, 2772265.75], [305754.23, 2772242.944], [305755.623, 2772228.726]]]}, "properties": {"編號": "446", "圖層": "32", "顏色": "19", "街廓編號": "", "分區代碼": "PEA", "分區簡稱": "公", "使用分區": "公園用地", "分區說明": "", "原屬分區": "", "變更前代碼": "", "變更前簡稱": "", "變更前分區": ""}}, {"type": "Feature", "geometry": {"type": "Polygon", "coordinates": [[[305662.265, 2772176.46], [305662.635, 2772172.48], [305662.675, 2772172.21], [305663.095, 2772171.31], [305663.855, 2772170.68], [305664.815, 2772170.43], [305665.285, 2772170.42], [305665.595, 2772170.4], [305669.395, 2772170.29], [305673.625, 2772170.09], [305678.445, 2772169.82], [305683.385, 2772169.49], [305688.345, 2772169.09], [305691.123, 2772168.829], [305691.107, 2772168.974], [305685.991, 2772215.31], [305662.955, 2772212.87], [305662.795, 2772212.85], [305662.645, 2772212.83], [305662.485, 2772212.8], [305662.335, 2772212.76], [305662.175, 2772212.71], [305662.025, 2772212.66], [305661.885, 2772212.61], [305661.735, 2772212.55], [305661.595, 2772212.48], [305661.445, 2772212.41], [305661.315, 2772212.33], [305661.175, 2772212.25], [305661.045, 2772212.16], [305660.915, 2772212.06], [305660.795, 2772211.96], [305660.675, 2772211.86], [305660.555, 2772211.75], [305660.445, 2772211.64], [305660.335, 2772211.52], [305660.235, 2772211.4], [305660.135, 2772211.28], [305660.045, 2772211.15], [305659.955, 2772211.02], [305659.875, 2772210.88], [305659.795, 2772210.74], [305659.725, 2772210.6], [305659.665, 2772210.46], [305659.605, 2772210.31], [305659.545, 2772210.16], [305659.495, 2772210.01], [305659.455, 2772209.86], [305659.415, 2772209.71], [305659.385, 2772209.55], [305659.365, 2772209.39], [305659.345, 2772209.24], [305659.335, 2772209.08], [305659.325, 2772208.92], [305659.325, 2772208.76], [305659.335, 2772208.6], [305659.345, 2772208.47], [305661.591, 2772183.852], [305662.265, 2772176.46]]]}, "properties": {"編號": "447", "圖層": "32", "顏色": "19", "街廓編號": "", "分區代碼": "PEA", "分區簡稱": "公", "使用分區": "公園用地", "分區說明": "", "原屬分區": "", "變更前代碼": "", "變更前簡稱": "", "變更前分區": ""}}, {"type": "Feature", "geometry": {"type": "Polygon", "coordinates": [[[305747.875, 2772153.22], [305751.505, 2772151.59], [305755.055, 2772149.88], [305758.695, 2772147.97], [305760.277, 2772147.011], [305786.177, 2772148.6], [305760.325, 2772147.09], [305758.941, 2772162.121], [305758.685, 2772164.9], [305736.625, 2772162.15], [305735.111, 2772175.896], [305731.865, 2772175.56], [305731.695, 2772175.54], [305731.525, 2772175.51], [305731.355, 2772175.47], [305731.195, 2772175.43], [305731.025, 2772175.38], [305730.865, 2772175.33], [305730.705, 2772175.27], [305730.545, 2772175.21], [305730.395, 2772175.14], [305730.245, 2772175.06], [305730.095, 2772174.97], [305729.945, 2772174.88], [305729.805, 2772174.79], [305729.665, 2772174.69], [305729.535, 2772174.58], [305729.405, 2772174.47], [305729.275, 2772174.35], [305729.155, 2772174.23], [305729.045, 2772174.11], [305728.925, 2772173.98], [305728.825, 2772173.84], [305728.725, 2772173.7], [305728.625, 2772173.56], [305728.535, 2772173.42], [305728.455, 2772173.27], [305728.375, 2772173.12], [305728.305, 2772172.96], [305728.245, 2772172.8], [305728.185, 2772172.64], [305728.125, 2772172.48], [305728.095, 2772172.35], [305726.425, 2772166.24], [305726.015, 2772164.74], [305725.905, 2772163.91], [305726.055, 2772162.93], [305726.495, 2772162.03], [305727.185, 2772161.32], [305728.055, 2772160.84], [305731.285, 2772159.7], [305735.935, 2772157.98], [305740.355, 2772156.26], [305744.145, 2772154.77], [305747.875, 2772153.22]]]}, "properties": {"編號": "448", "圖層": "32", "顏色": "19", "街廓編號": "", "分區代碼": "PEA", "分區簡稱": "公", "使用分區": "公園用地", "分區說明": "", "原屬分區": "", "變更前代碼": "", "變更前簡稱": "", "變更前分區": ""}}, {"type": "Feature", "geometry": {"type": "Polygon", "coordinates": [[[305775.385, 2772136.87], [305777.915, 2772135.09], [305778.585, 2772134.62], [305781.155, 2772132.82], [305781.935, 2772132.44], [305782.925, 2772132.32], [305783.885, 2772132.57], [305784.695, 2772133.14], [305785.255, 2772133.97], [305785.485, 2772134.93], [305785.775, 2772141.12], [305786.177, 2772148.6], [305760.2768075807, 2772147.0106827295], [305762.405, 2772145.72], [305765.855, 2772143.5], [305769.175, 2772141.26], [305772.385, 2772139.02], [305775.385, 2772136.87]]]}, "properties": {"編號": "449", "圖層": "32", "顏色": "19", "街廓編號": "", "分區代碼": "PEA", "分區簡稱": "公", "使用分區": "公園用地", "分區說明": "", "原屬分區": "", "變更前代碼": "", "變更前簡稱": "", "變更前分區": ""}}, {"type": "Feature", "geometry": {"type": "Polygon", "coordinates": [[[305833.048, 2771420.703], [305835.815, 2771417.816], [305854.118, 2771417.449], [305857.008, 2771420.216], [305858.351, 2771477.649], [305855.588, 2771480.538], [305836.541, 2771480.933], [305834.375, 2771478.859], [305833.048, 2771420.703]]]}, "properties": {"編號": "450", "圖層": "32", "顏色": "19", "街廓編號": "", "分區代碼": "PEA", "分區簡稱": "公", "使用分區": "公園用地", "分區說明": "", "原屬分區": "", "變更前代碼": "", "變更前簡稱": "", "變更前分區": ""}}, {"type": "Feature", "geometry": {"type": "Polygon", "coordinates": [[[305831.213, 2771352.421], [305833.281, 2771350.24], [305853.322, 2771349.703], [305855.29, 2771351.6], [305856.607, 2771403.705], [305853.944, 2771406.45], [305835.524, 2771406.819], [305832.629, 2771404.06], [305831.213, 2771352.421]]]}, "properties": {"編號": "451", "圖層": "32", "顏色": "19", "街廓編號": "", "分區代碼": "PEA", "分區簡稱": "公", "使用分區": "公園用地", "分區說明": "", "原屬分區": "", "變更前代碼": "", "變更前簡稱": "", "變更前分區": ""}}, {"type": "Feature", "geometry": {"type": "Polygon", "coordinates": [[[305759.285, 2771806.33], [305772.865, 2771806.93], [305776.385, 2771810.47], [305777.485, 2771838.4], [305774.745, 2771841.31], [305746.129, 2771841.878], [305742.32, 2771841.954], [305721.905, 2771842.36], [305719.045, 2771839.56], [305719.125, 2771808.94], [305721.125, 2771806.91], [305759.285, 2771806.33]]]}, "properties": {"編號": "452", "圖層": "32", "顏色": "19", "街廓編號": "", "分區代碼": "PEA", "分區簡稱": "公", "使用分區": "公園用地", "分區說明": "", "原屬分區": "", "變更前代碼": "", "變更前簡稱": "", "變更前分區": ""}}, {"type": "Feature", "geometry": {"type": "Polygon", "coordinates": [[[306024.067, 2771892.717], [306022.869, 2771908.846], [305999.745, 2771906.993], [306000.55, 2771898.497], [306000.833, 2771895.511], [306001.002, 2771893.733], [306004.035, 2771891.13], [306024.067, 2771892.717]]]}, "properties": {"編號": "453", "圖層": "32", "顏色": "19", "街廓編號": "", "分區代碼": "PEA", "分區簡稱": "公", "使用分區": "公園用地", "分區說明": "", "原屬分區": "", "變更前代碼": "", "變更前簡稱": "", "變更前分區": ""}}, {"type": "Feature", "geometry": {"type": "Polygon", "coordinates": [[[305990.665, 2771886.64], [305993.285, 2771889.67], [305992.302, 2771902.989], [305967.109, 2771900.913], [305967.139, 2771900.551], [305968.073, 2771889.593], [305968.987, 2771885.02], [305990.665, 2771886.64]]]}, "properties": {"編號": "454", "圖層": "32", "顏色": "19", "街廓編號": "", "分區代碼": "PEA", "分區簡稱": "公", "使用分區": "公園用地", "分區說明": "", "原屬分區": "", "變更前代碼": "", "變更前簡稱": "", "變更前分區": ""}}, {"type": "Feature", "geometry": {"type": "Polygon", "coordinates": [[[305995.434, 2771860.921], [305994.445, 2771874.06], [305991.415, 2771876.66], [305971.513, 2771875.176], [305974.955, 2771860.571], [305995.434, 2771860.921]]]}, "properties": {"編號": "455", "圖層": "32", "顏色": "19", "街廓編號": "", "分區代碼": "PEA", "分區簡稱": "公", "使用分區": "公園用地", "分區說明": "", "原屬分區": "", "變更前代碼": "", "變更前簡稱": "", "變更前分區": ""}}, {"type": "Feature", "geometry": {"type": "Polygon", "coordinates": [[[306023.702, 2771861.85], [306024.681, 2771882.734], [306004.765, 2771881.15], [306002.165, 2771878.12], [306003.288, 2771863.186], [306023.702, 2771861.85]]]}, "properties": {"編號": "456", "圖層": "32", "顏色": "19", "街廓編號": "", "分區代碼": "PEA", "分區簡稱": "公", "使用分區": "公園用地", "分區說明": "", "原屬分區": "", "變更前代碼": "", "變更前簡稱": "", "變更前分區": ""}}, {"type": "Feature", "geometry": {"type": "Polygon", "coordinates": [[[306369.805, 2771772.5299999695], [306369.804, 2771772.492], [306416.135, 2771771.56], [306419.005, 2771774.34], [306419.255, 2771796.02], [306419.785, 2771842.55], [306419.825, 2771846.91], [306415.415, 2771846.51], [306371.325, 2771842.519], [306370.67, 2771812.337], [306369.805, 2771772.5299999695]]]}, "properties": {"編號": "457", "圖層": "32", "顏色": "19", "街廓編號": "", "分區代碼": "PEA", "分區簡稱": "公", "使用分區": "公園用地", "分區說明": "", "原屬分區": "", "變更前代碼": "", "變更前簡稱": "", "變更前分區": ""}}, {"type": "Feature", "geometry": {"type": "Polygon", "coordinates": [[[306127.645, 2772245.928], [306144.99, 2772247.477], [306140.111, 2772304.369], [306139.455, 2772312.024], [306122.096, 2772310.632], [306122.115, 2772310.39], [306124.31016760756, 2772284.798706259], [306124.773, 2772279.403], [306124.31016760756, 2772284.798706259], [306127.645, 2772245.928]]]}, "properties": {"編號": "468", "圖層": "32", "顏色": "19", "街廓編號": "", "分區代碼": "PEA", "分區簡稱": "公", "使用分區": "公園用地", "分區說明": "", "原屬分區": "", "變更前代碼": "", "變更前簡稱": "", "變更前分區": ""}}, {"type": "Feature", "geometry": {"type": "Polygon", "coordinates": [[[305205.575, 2770342.17], [305208.445, 2770344.94], [305208.975, 2770375.69], [305206.205, 2770378.57], [305197.16, 2770378.732], [305159.785, 2770379.401], [305159.765, 2770342.961], [305205.575, 2770342.17]]]}, "properties": {"編號": "510", "圖層": "32", "顏色": "19", "街廓編號": "", "分區代碼": "PEA", "分區簡稱": "公", "使用分區": "公園用地", "分區說明": "", "原屬分區": "", "變更前代碼": "", "變更前簡稱": "", "變更前分區": ""}}, {"type": "Feature", "geometry": {"type": "Polygon", "coordinates": [[[305325.741, 2770384.389], [305327.13, 2770388.101], [305325.801, 2770389.215], [305313.368, 2770399.623], [305312.087, 2770400.697], [305308.465, 2770398.999], [305308.473, 2770396.319], [305308.489, 2770391.223], [305308.501, 2770387.473], [305311.305, 2770384.627], [305325.741, 2770384.389]]]}, "properties": {"編號": "511", "圖層": "32", "顏色": "19", "街廓編號": "", "分區代碼": "PEA", "分區簡稱": "公", "使用分區": "公園用地", "分區說明": "", "原屬分區": "", "變更前代碼": "", "變更前簡稱": "", "變更前分區": ""}}, {"type": "Feature", "geometry": {"type": "Polygon", "coordinates": [[[305302.553, 2769739.062], [305305.435, 2769741.836], [305306.02, 2769768.774], [305303.246, 2769771.656], [305256.078, 2769772.43], [305255.459, 2769739.824], [305302.553, 2769739.062]]]}, "properties": {"編號": "513", "圖層": "32", "顏色": "19", "街廓編號": "", "分區代碼": "PEA", "分區簡稱": "公", "使用分區": "公園用地", "分區說明": "", "原屬分區": "", "變更前代碼": "", "變更前簡稱": "", "變更前分區": ""}}, {"type": "Feature", "geometry": {"type": "Polygon", "coordinates": [[[305145.721, 2769927.935], [305146.151, 2769964.301], [305110.832, 2769965.055], [305107.951, 2769962.281], [305107.935, 2769961.371], [305107.582, 2769931.505], [305110.365, 2769928.632], [305145.721, 2769927.935]]]}, "properties": {"編號": "514", "圖層": "32", "顏色": "19", "街廓編號": "", "分區代碼": "PEA", "分區簡稱": "公", "使用分區": "公園用地", "分區說明": "", "原屬分區": "", "變更前代碼": "", "變更前簡稱": "", "變更前分區": ""}}, {"type": "Feature", "geometry": {"type": "Polygon", "coordinates": [[[305001.354, 2769833.985], [305004.227, 2769836.768], [305004.799, 2769870.336], [305001.321, 2769873.928], [304968.504, 2769874.442], [304967.823, 2769834.468], [305001.354, 2769833.985]]]}, "properties": {"編號": "515", "圖層": "32", "顏色": "19", "街廓編號": "", "分區代碼": "PEA", "分區簡稱": "公", "使用分區": "公園用地", "分區說明": "", "原屬分區": "", "變更前代碼": "", "變更前簡稱": "", "變更前分區": ""}}, {"type": "Feature", "geometry": {"type": "Polygon", "coordinates": [[[304934.828, 2769696.02], [304937.575, 2769693.157], [304939.538, 2769693.135], [304967.196, 2769692.819], [304967.845, 2769733.496], [304934.351, 2769734.18], [304931.476, 2769731.398], [304931.077, 2769699.927], [304934.828, 2769696.02]]]}, "properties": {"編號": "516", "圖層": "32", "顏色": "19", "街廓編號": "", "分區代碼": "PEA", "分區簡稱": "公", "使用分區": "公園用地", "分區說明": "", "原屬分區": "", "變更前代碼": "", "變更前簡稱": "", "變更前分區": ""}}, {"type": "Feature", "geometry": {"type": "Polygon", "coordinates": [[[305049.976, 2769654.775], [305086.078, 2769654.353], [305088.942, 2769657.146], [305089.254, 2769680.595], [305086.46, 2769683.458], [305060.169, 2769683.758], [305050.302, 2769683.871], [305049.976, 2769654.775]]]}, "properties": {"編號": "517", "圖層": "32", "顏色": "19", "街廓編號": "", "分區代碼": "PEA", "分區簡稱": "公", "使用分區": "公園用地", "分區說明": "", "原屬分區": "", "變更前代碼": "", "變更前簡稱": "", "變更前分區": ""}}, {"type": "Feature", "geometry": {"type": "Polygon", "coordinates": [[[304516.115, 2768929.78], [304529.233, 2768929.531], [304541.895, 2768929.29], [304544.765, 2768932.08], [304545.175, 2768966.99], [304542.385, 2768969.85], [304476.095, 2768970.57], [304471.105, 2768963.53], [304471.625, 2768960.57], [304516.115, 2768929.78]]]}, "properties": {"編號": "518", "圖層": "32", "顏色": "19", "街廓編號": "", "分區代碼": "PEA", "分區簡稱": "公", "使用分區": "公園用地", "分區說明": "", "原屬分區": "", "變更前代碼": "", "變更前簡稱": "", "變更前分區": ""}}, {"type": "Feature", "geometry": {"type": "Polygon", "coordinates": [[[304748.035, 2769105.259], [304770.281, 2769104.944], [304773.146, 2769107.735], [304773.431, 2769130.993], [304755.25, 2769154.923], [304751.281, 2769155.414], [304714.765, 2769126.193], [304714.38, 2769122.211], [304728.518, 2769105.536], [304748.035, 2769105.259]]]}, "properties": {"編號": "522", "圖層": "32", "顏色": "19", "街廓編號": "", "分區代碼": "PEA", "分區簡稱": "公", "使用分區": "公園用地", "分區說明": "", "原屬分區": "", "變更前代碼": "", "變更前簡稱": "", "變更前分區": ""}}, {"type": "Feature", "geometry": {"type": "Polygon", "coordinates": [[[305052.859, 2769244.51], [305053.223, 2769258.038], [305053.618, 2769272.69], [305054.889, 2769319.837], [305019.501, 2769320.489], [305016.616, 2769317.719], [305015.82, 2769281.448], [305014.958, 2769247.899], [305017.729, 2769245.015], [305052.859, 2769244.51]]]}, "properties": {"編號": "528", "圖層": "32", "顏色": "19", "街廓編號": "", "分區代碼": "PEA", "分區簡稱": "公", "使用分區": "公園用地", "分區說明": "", "原屬分區": "", "變更前代碼": "", "變更前簡稱": "", "變更前分區": ""}}, {"type": "Feature", "geometry": {"type": "Polygon", "coordinates": [[[305003.519, 2769076.83], [305003.939, 2769096.02], [305004.334, 2769114.017], [305001.458, 2769116.796], [304964.302, 2769114.697], [304961.525, 2769111.819], [304961.205, 2769096.02], [304960.815, 2769077.124], [304968.067, 2769077.074], [304985.793, 2769076.952], [305003.519, 2769076.83]]]}, "properties": {"編號": "529", "圖層": "32", "顏色": "19", "街廓編號": "", "分區代碼": "PEA", "分區簡稱": "公", "使用分區": "公園用地", "分區說明": "", "原屬分區": "", "變更前代碼": "", "變更前簡稱": "", "變更前分區": ""}}, {"type": "Feature", "geometry": {"type": "Polygon", "coordinates": [[[305900.52200866723, 2769689.0119998474], [305918.455, 2769688.67], [305921.805, 2769688.61], [305923.855, 2769693.17], [305921.236, 2769696.02], [305874.987, 2769746.373], [305870.992, 2769746.578], [305848.122, 2769726.52], [305847.576, 2769696.02], [305847.575, 2769696.02], [305847.515, 2769692.85], [305850.295, 2769689.97], [305856.811, 2769689.846], [305900.52200866723, 2769689.0119998474]]]}, "properties": {"編號": "540", "圖層": "32", "顏色": "19", "街廓編號": "", "分區代碼": "PEA", "分區簡稱": "公", "使用分區": "公園用地", "分區說明": "", "原屬分區": "", "變更前代碼": "", "變更前簡稱": "", "變更前分區": ""}}, {"type": "Feature", "geometry": {"type": "Polygon", "coordinates": [[[305737.102, 2769142.121], [305747.103, 2769177.073], [305746.367, 2769177.273], [305712.049, 2769211.74], [305680.12, 2769180.066], [305710.738, 2769149.32], [305737.102, 2769142.121]]]}, "properties": {"編號": "542", "圖層": "32", "顏色": "19", "街廓編號": "", "分區代碼": "PEA", "分區簡稱": "公", "使用分區": "公園用地", "分區說明": "", "原屬分區": "", "變更前代碼": "", "變更前簡稱": "", "變更前分區": ""}}, {"type": "Feature", "geometry": {"type": "Polygon", "coordinates": [[[306109.208, 2770589.481], [306109.38, 2770639.846], [306106.521, 2770640.811], [306059.935, 2770631.322], [306060.133, 2770590.416], [306109.208, 2770589.481]]]}, "properties": {"編號": "543", "圖層": "32", "顏色": "19", "街廓編號": "", "分區代碼": "PEA", "分區簡稱": "公", "使用分區": "公園用地", "分區說明": "", "原屬分區": "", "變更前代碼": "", "變更前簡稱": "", "變更前分區": ""}}, {"type": "Feature", "geometry": {"type": "Polygon", "coordinates": [[[305974.465, 2771496.02], [306003.165, 2771496.02], [306003.275, 2771566.98], [305999.385, 2771567.38], [305987.985, 2771548.04], [305987.616, 2771547.017], [305980.995, 2771528.67], [305975.585, 2771509.62], [305974.465, 2771496.02]]]}, "properties": {"編號": "551", "圖層": "32", "顏色": "19", "街廓編號": "", "分區代碼": "PEA", "分區簡稱": "公", "使用分區": "公園用地", "分區說明": "", "原屬分區": "", "變更前代碼": "", "變更前簡稱": "", "變更前分區": ""}}, {"type": "Feature", "geometry": {"type": "Polygon", "coordinates": [[[305970.741, 2771451.361], [305973.415, 2771448.387], [306000.085, 2771447.785], [306002.952, 2771450.575], [306003.166, 2771495.527], [306003.165, 2771496.02], [305974.464, 2771496.02], [305973.224, 2771480.987], [305970.741, 2771451.361]]]}, "properties": {"編號": "552", "圖層": "32", "顏色": "19", "街廓編號": "", "分區代碼": "PEA", "分區簡稱": "公", "使用分區": "公園用地", "分區說明": "", "原屬分區": "", "變更前代碼": "", "變更前簡稱": "", "變更前分區": ""}}, {"type": "Feature", "geometry": {"type": "Polygon", "coordinates": [[[306104.33, 2769794.868], [306109.224, 2769793.842], [306115.422, 2769797.379], [306116.404, 2769801.257], [306101.112, 2769825.87], [306100.557, 2769826.776], [306100.014, 2769827.689], [306099.484, 2769828.611], [306098.966, 2769829.538], [306098.461, 2769830.473], [306097.969, 2769831.416], [306097.489, 2769832.365], [306097.023, 2769833.319], [306096.57, 2769834.28], [306096.13, 2769835.248], [306095.703, 2769836.222], [306095.29, 2769837.2], [306094.889, 2769838.186], [306094.503, 2769839.175], [306094.13, 2769840.171], [306093.771, 2769841.171], [306093.425, 2769842.175], [306093.093, 2769843.186], [306092.775, 2769844.2], [306092.471, 2769845.217], [306092.18, 2769846.24], [306091.904, 2769847.266], [306091.642, 2769848.296], [306091.394, 2769849.33], [306091.16, 2769850.367], [306090.94, 2769851.407], [306090.734, 2769852.45], [306090.543, 2769853.495], [306090.366, 2769854.543], [306090.204, 2769855.592], [306090.055, 2769856.646], [306089.921, 2769857.7], [306089.802, 2769858.756], [306089.697, 2769859.813], [306087.687, 2769881.515], [306085.505, 2769883.572], [306081.261, 2769883.717], [306078.517, 2769880.807], [306083.98, 2769822.291], [306085.856, 2769819.743], [306104.33, 2769794.868]]]}, "properties": {"編號": "578", "圖層": "32", "顏色": "19", "街廓編號": "", "分區代碼": "PEB", "分區簡稱": "綠", "使用分區": "綠地用地", "分區說明": "", "原屬分區": "", "變更前代碼": "", "變更前簡稱": "", "變更前分區": ""}}, {"type": "Feature", "geometry": {"type": "Polygon", "coordinates": [[[305980.087, 2769439.623], [305980.592, 2769472.759], [305977.942, 2769475.754], [305944.481, 2769479.359], [305941.484, 2769476.709], [305941.31, 2769465.147], [305953.237, 2769464.836], [305952.505, 2769439.917], [305980.087, 2769439.623]]]}, "properties": {"編號": "582", "圖層": "32", "顏色": "19", "街廓編號": "", "分區代碼": "PEA", "分區簡稱": "公", "使用分區": "公園用地", "分區說明": "", "原屬分區": "", "變更前代碼": "", "變更前簡稱": "", "變更前分區": ""}}, {"type": "Feature", "geometry": {"type": "Polygon", "coordinates": [[[305414.776, 2769158.587], [305463.552, 2769158.365], [305463.686, 2769200.177], [305418.46, 2769200.385], [305414.91, 2769196.863], [305414.776, 2769158.587]]]}, "properties": {"編號": "667", "圖層": "32", "顏色": "19", "街廓編號": "", "分區代碼": "PEA", "分區簡稱": "公", "使用分區": "公園用地", "分區說明": "", "原屬分區": "", "變更前代碼": "", "變更前簡稱": "", "變更前分區": ""}}, {"type": "Feature", "geometry": {"type": "Polygon", "coordinates": [[[305454.668, 2769413.369], [305454.738, 2769447.925], [305438.869, 2769447.945], [305415.815, 2769443.745], [305415.701, 2769413.411], [305454.668, 2769413.369]]]}, "properties": {"編號": "668", "圖層": "32", "顏色": "19", "街廓編號": "", "分區代碼": "PEA", "分區簡稱": "公", "使用分區": "公園用地", "分區說明": "", "原屬分區": "", "變更前代碼": "", "變更前簡稱": "", "變更前分區": ""}}, {"type": "Feature", "geometry": {"type": "Polygon", "coordinates": [[[305845.31, 2771162.091], [305848.42, 2771159.575], [305854.922, 2771160.191], [305859.202, 2771160.62], [305860.71, 2771162.916], [305857.715, 2771168.629], [305858.111, 2771196.02], [305858.339, 2771211.802], [305858.385, 2771215.01], [305854.879, 2771218.575], [305851.717, 2771218.583], [305843.989, 2771218.6], [305842.517, 2771218.603], [305839.181, 2771214.879], [305839.352, 2771213.356], [305839.611, 2771211.055], [305841.361, 2771196.02], [305845.31, 2771162.091]]]}, "properties": {"編號": "673", "圖層": "32", "顏色": "19", "街廓編號": "", "分區代碼": "PEA", "分區簡稱": "公", "使用分區": "公園用地", "分區說明": "", "原屬分區": "", "變更前代碼": "", "變更前簡稱": "", "變更前分區": ""}}, {"type": "Feature", "geometry": {"type": "Polygon", "coordinates": [[[305928.429, 2771027.446], [305931.759, 2771023.742], [305936.907, 2771024.424], [305969.301, 2771028.719], [305971.711, 2771031.912], [305965.944, 2771071.151], [305962.75, 2771073.56], [305946.276, 2771071.359], [305941.874, 2771070.772], [305938.156, 2771067.428], [305928.429, 2771027.446]]]}, "properties": {"編號": "676", "圖層": "32", "顏色": "19", "街廓編號": "", "分區代碼": "PEA", "分區簡稱": "公", "使用分區": "公園用地", "分區說明": "", "原屬分區": "", "變更前代碼": "", "變更前簡稱": "", "變更前分區": ""}}, {"type": "Feature", "geometry": {"type": "Polygon", "coordinates": [[[305563.283, 2771010.279], [305566.11, 2771013.109], [305566.267, 2771051.1], [305563.437, 2771053.927], [305526.327, 2771053.745], [305525.567, 2771010.098], [305563.283, 2771010.279]]]}, "properties": {"編號": "677", "圖層": "32", "顏色": "19", "街廓編號": "", "分區代碼": "PEA", "分區簡稱": "公", "使用分區": "公園用地", "分區說明": "", "原屬分區": "", "變更前代碼": "", "變更前簡稱": "", "變更前分區": ""}}, {"type": "Feature", "geometry": {"type": "Polygon", "coordinates": [[[305356.889, 2770053.993], [305359.536, 2770051.861], [305366.177, 2770047.979], [305372.28, 2770045.355], [305377.867, 2770044.209], [305382.691, 2770043.873], [305387.604, 2770044.119], [305393.101, 2770045.039], [305399.339, 2770047.217], [305406.496, 2770051.299], [305412.913, 2770057.155], [305416.323, 2770061.599], [305419.106, 2770066.467], [305421.125, 2770072.009], [305422.359, 2770076.609], [305423.032, 2770081.925], [305422.965, 2770086.413], [305422.606, 2770089.487], [305421.506, 2770094.783], [305419.734, 2770099.629], [305417.064, 2770104.745], [305412.846, 2770110.331], [305408.695, 2770114.617], [305404.432, 2770117.533], [305400.932, 2770119.395], [305395.053, 2770121.797], [305390.97, 2770122.963], [305386.617, 2770123.569], [305382.803, 2770123.703], [305376.79, 2770123.231], [305372.774, 2770122.357], [305368.331, 2770120.741], [305363.395, 2770118.385], [305359.401, 2770115.827], [305353.209, 2770110.285], [305349.305, 2770105.147], [305345.872, 2770098.417], [305344.593, 2770094.469], [305343.673, 2770090.317], [305343.292, 2770086.615], [305343.247, 2770082.105], [305343.785, 2770076.989], [305344.459, 2770073.961], [305345.468, 2770070.439], [305347.016, 2770066.961], [305349.215, 2770062.967], [305351.549, 2770059.557], [305353.142, 2770057.739], [305356.889, 2770053.993]]]}, "properties": {"編號": "679", "圖層": "32", "顏色": "19", "街廓編號": "", "分區代碼": "PEB", "分區簡稱": "綠", "使用分區": "綠地用地", "分區說明": "", "原屬分區": "", "變更前代碼": "", "變更前簡稱": "", "變更前分區": ""}}, {"type": "Feature", "geometry": {"type": "Polygon", "coordinates": [[[304628.2521575365, 2771371.9178464306], [304626.07435767696, 2771369.8545510727], [304625.2077867672, 2771340.229231025], [304627.9697179785, 2771337.3358358108], [304693.9795718558, 2771336.197644612], [304696.8594582355, 2771338.9736587727], [304697.4131246376, 2771367.384482711], [304694.6479306619, 2771370.2747599417], [304628.2521575365, 2771371.9178464306]]]}, "properties": {"編號": "1608", "圖層": "32", "顏色": "19", "街廓編號": "", "分區代碼": "PEA", "分區簡稱": "公", "使用分區": "公園用地", "分區說明": "", "原屬分區": "", "變更前代碼": "", "變更前簡稱": "", "變更前分區": ""}}, {"type": "Feature", "geometry": {"type": "Polygon", "coordinates": [[[301541.079, 2769536.328], [301549.075, 2769536.729], [301548.951, 2769546.899], [301548.886, 2769552.166], [301548.418, 2769590.391], [301548.366, 2769594.705], [301548.336, 2769597.159], [301547.998, 2769597.054], [301542.528, 2769596.154], [301540.349, 2769596.046], [301540.39, 2769592.674], [301541.079, 2769536.328]]]}, "properties": {"編號": "1614", "圖層": "32", "顏色": "19", "街廓編號": "", "分區代碼": "PEA", "分區簡稱": "公", "使用分區": "公園用地", "分區說明": "", "原屬分區": "", "變更前代碼": "", "變更前簡稱": "", "變更前分區": ""}}, {"type": "Feature", "geometry": {"type": "Polygon", "coordinates": [[[301813.522, 2772278.282], [301810.115, 2772313.018], [301806.363, 2772316.27], [301751.113, 2772313.77], [301735.206, 2772313.02], [301732.487, 2772310.02], [301733.692, 2772276.2], [301813.522, 2772278.282]]]}, "properties": {"編號": "1696", "圖層": "32", "顏色": "19", "街廓編號": "", "分區代碼": "PEA", "分區簡稱": "公", "使用分區": "公園用地", "分區說明": "", "原屬分區": "", "變更前代碼": "", "變更前簡稱": "", "變更前分區": ""}}, {"type": "Feature", "geometry": {"type": "Polygon", "coordinates": [[[302249.7920437636, 2770900.963707877], [302249.792, 2770900.964], [302256.411, 2770925.153], [302237.1238904996, 2770930.424665822], [302227.859, 2770932.957], [302221.514, 2770908.505], [302221.5139072237, 2770908.5046424144], [302249.7920437636, 2770900.963707877]]]}, "properties": {"編號": "1815", "圖層": "32", "顏色": "19", "街廓編號": "", "分區代碼": "PEA", "分區簡稱": "公", "使用分區": "公園用地", "分區說明": "", "原屬分區": "", "變更前代碼": "", "變更前簡稱": "", "變更前分區": ""}}, {"type": "Feature", "geometry": {"type": "Polygon", "coordinates": [[[302969.6099120028, 2769315.2882007724], [302970.60691171716, 2769321.19924544], [302993.632, 2769317.272], [302996.794, 2769336.028], [302973.861, 2769339.93], [302950.927, 2769343.831], [302947.743, 2769325.099], [302947.7849977014, 2769325.0900004925], [302942.288, 2769292.475], [302942.0231042652, 2769290.9036013647], [302941.92201435874, 2769290.3039218676], [302938.265, 2769268.61], [302937.7953517976, 2769265.82398102], [302948.464760056, 2769264.0103371623], [302948.65265662957, 2769263.9783974844], [302960.6158192737, 2769261.9637282533], [302969.6099120028, 2769315.2882007724]]]}, "properties": {"編號": "1849", "圖層": "32", "顏色": "19", "街廓編號": "", "分區代碼": "PEA", "分區簡稱": "公", "使用分區": "公園用地", "分區說明": "", "原屬分區": "", "變更前代碼": "", "變更前簡稱": "", "變更前分區": ""}}, {"type": "Feature", "geometry": {"type": "Polygon", "coordinates": [[[303143.7195780423, 2769531.6652673446], [302915.83096153283, 2769571.6856683586], [302911.74512073706, 2769568.8036716566], [302909.56229821255, 2769555.9583968525], [302909.513305948, 2769555.670091647], [303141.2308507645, 2769516.000884121], [303170.7467341208, 2769510.947871382], [303172.5898346577, 2769523.046519391], [303169.67291444686, 2769527.1075015976], [303143.7195780423, 2769531.6652673446]]]}, "properties": {"編號": "1850", "圖層": "32", "顏色": "19", "街廓編號": "", "分區代碼": "PEA", "分區簡稱": "公", "使用分區": "公園用地", "分區說明": "", "原屬分區": "", "變更前代碼": "", "變更前簡稱": "", "變更前分區": ""}}, {"type": "Feature", "geometry": {"type": "Polygon", "coordinates": [[[299861.859, 2769851.401], [299855.064, 2769844.66], [299852.221, 2769841.84], [299834.198, 2769823.961], [299843.1960009589, 2769823.7930012606], [299847.6343781559, 2769828.9274326954], [299852.6456195381, 2769833.5044446145], [299858.1602174683, 2769837.460552293], [299864.1016825821, 2769840.7408831595], [299870.38760472013, 2769843.2999379016], [299876.93079598615, 2769845.1022215504], [299883.640500073, 2769846.1227358147], [299890.0257625935, 2769846.3562277663], [299897.266, 2769845.409], [299900.2575590353, 2769844.6771813696], [299899.57256413985, 2769845.3763351045], [299897.439, 2769847.554], [299895.118, 2769849.883], [299892.885, 2769851.965], [299890.594, 2769854.117], [299889.13667434145, 2769855.473290621], [299887.464, 2769857.03], [299882.425, 2769851.49], [299879.086, 2769854.552], [299874.06886207295, 2769849.156124353], [299871.363, 2769846.246], [299867.947, 2769849.619], [299867.1162750356, 2769850.4344101544], [299865.94, 2769851.589], [299863.963, 2769853.48], [299861.859, 2769851.401]]]}, "properties": {"編號": "1858", "圖層": "32", "顏色": "19", "街廓編號": "", "分區代碼": "PEB", "分區簡稱": "綠", "使用分區": "綠地用地", "分區說明": "", "原屬分區": "", "變更前代碼": "", "變更前簡稱": "", "變更前分區": ""}}, {"type": "Feature", "geometry": {"type": "Polygon", "coordinates": [[[304735.4897285409, 2768925.73229376], [304735.635, 2768925.73], [304767.865, 2768925.2], [304770.735, 2768927.99], [304771.245, 2768963.22], [304768.455, 2768966.09], [304745.484, 2768966.399], [304736.18224595214, 2768966.52453626], [304736.18, 2768966.429], [304735.946, 2768952.818], [304735.943, 2768952.296000004], [304735.4897285409, 2768925.73229376]]]}, "properties": {"編號": "1923", "圖層": "32", "顏色": "19", "街廓編號": "", "分區代碼": "PEA", "分區簡稱": "公", "使用分區": "公園用地", "分區說明": "", "原屬分區": "", "變更前代碼": "", "變更前簡稱": "", "變更前分區": ""}}, {"type": "Feature", "geometry": {"type": "Polygon", "coordinates": [[[304640.9722023163, 2769284.006497757], [304640.969, 2769283.95], [304640.55, 2769253.682], [304640.448, 2769248.1370000006], [304640.35811561777, 2769247.318579045], [304640.3581054504, 2769247.3181083277], [304672.6945574205, 2769246.6196484272], [304675.57210007025, 2769249.3980918913], [304675.9943682058, 2769280.809742302], [304673.19984362315, 2769283.6716704], [304640.9722023163, 2769284.006497757]]]}, "properties": {"編號": "1924", "圖層": "32", "顏色": "19", "街廓編號": "", "分區代碼": "PEA", "分區簡稱": "公", "使用分區": "公園用地", "分區說明": "", "原屬分區": "", "變更前代碼": "", "變更前簡稱": "", "變更前分區": ""}}, {"type": "Feature", "geometry": {"type": "Polygon", "coordinates": [[[305071.66175034596, 2770562.420257262], [305079.253, 2770575.692], [305103.17522334575, 2770561.8810669947], [305104.055, 2770607.53], [305101.155, 2770610.42], [305054.972, 2770611.339], [305029.165, 2770611.85], [305026.285, 2770609.08], [305025.965, 2770591.35], [305027.425, 2770588.73], [305071.66175034596, 2770562.420257262]]]}, "properties": {"編號": "1927", "圖層": "32", "顏色": "19", "街廓編號": "", "分區代碼": "PEA", "分區簡稱": "公", "使用分區": "公園用地", "分區說明": "", "原屬分區": "", "變更前代碼": "", "變更前簡稱": "", "變更前分區": ""}}, {"type": "Feature", "geometry": {"type": "Polygon", "coordinates": [[[302014.822, 2772992.402], [301987.529, 2772992.965], [301986.701, 2772992.986], [301984.372, 2772991.371], [301984.27689892484, 2772991.070940534], [301984.2691246917, 2772991.065432474], [301981.80179265473, 2772983.736788119], [301969.639, 2772947.61], [301968.347, 2772943.769], [301970.902, 2772940.124], [301971.218, 2772939.675], [301972.257, 2772939.65], [301974.409, 2772939.624], [301974.35302444507, 2772939.7257204424], [301974.83395977854, 2772939.718216771], [301974.779, 2772939.608], [301979.094, 2772939.529], [301980.229, 2772939.494], [302013.525, 2772938.779], [302019.2973732233, 2772938.646952247], [302019.3041591659, 2772939.0243817484], [302019.585, 2772954.6445574556], [302020.26006853697, 2772992.1914092056], [302014.822, 2772992.402]]]}, "properties": {"編號": "1952", "圖層": "32", "顏色": "19", "街廓編號": "", "分區代碼": "PEA", "分區簡稱": "公", "使用分區": "公園用地", "分區說明": "", "原屬分區": "", "變更前代碼": "", "變更前簡稱": "", "變更前分區": ""}}, {"type": "Feature", "geometry": {"type": "Polygon", "coordinates": [[[301948.95499999926, 2772765.77], [301928.955, 2772766.27], [301926.585, 2772764.52], [301919.174, 2772735.727], [301916.675, 2772726.02], [301920.545, 2772712.02], [301922.895, 2772710.02], [301946.205, 2772709.52], [301949.041979573, 2772709.4465792035], [301949.145, 2772712.27], [301951.015, 2772763.52], [301951.0947316754, 2772765.705159646], [301948.95499999926, 2772765.77]]]}, "properties": {"編號": "1954", "圖層": "32", "顏色": "19", "街廓編號": "", "分區代碼": "PEA", "分區簡稱": "公", "使用分區": "公園用地", "分區說明": "", "原屬分區": "", "變更前代碼": "", "變更前簡稱": "", "變更前分區": ""}}, {"type": "Feature", "geometry": {"type": "Polygon", "coordinates": [[[300689.586, 2769715.505], [300689.572, 2769714.329], [300689.549, 2769713.725], [300691.513, 2769711.574], [300691.647, 2769711.648], [300692.343, 2769711.637], [300697.641, 2769711.584], [300705.777, 2769711.435], [300706.15, 2769714.48], [300698.435, 2769716.56], [300692.775, 2769718.014], [300691.678, 2769718.367], [300690.883, 2769717.678], [300689.593, 2769716.49], [300689.586, 2769715.505]]]}, "properties": {"編號": "1962", "圖層": "32", "顏色": "19", "街廓編號": "", "分區代碼": "PEA", "分區簡稱": "公", "使用分區": "公園用地", "分區說明": "", "原屬分區": "", "變更前代碼": "", "變更前簡稱": "", "變更前分區": ""}}, {"type": "Feature", "geometry": {"type": "Polygon", "coordinates": [[[302628.37616196705, 2773065.965843743], [302630.2609999952, 2773070.186999989], [302625.911, 2773078.644], [302624.942, 2773081.047], [302601.482, 2773137.543], [302592.405, 2773159.405], [302589.15600000025, 2773158.766], [302583.046, 2773157.621], [302576.19007557485, 2773156.26312333], [302576.505, 2773152.61], [302611.2630584681, 2773065.7831983264], [302612.93681515695, 2773062.907990122], [302613.087, 2773062.65], [302628.207, 2773065.587], [302628.37616196705, 2773065.965843743]]]}, "properties": {"編號": "2043", "圖層": "32", "顏色": "19", "街廓編號": "", "分區代碼": "PEA", "分區簡稱": "公", "使用分區": "公園用地", "分區說明": "", "原屬分區": "", "變更前代碼": "", "變更前簡稱": "", "變更前分區": ""}}, {"type": "Feature", "geometry": {"type": "Polygon", "coordinates": [[[302635.3753980043, 2773036.479573291], [302658.659, 2772996.894], [302672.57, 2772971.466], [302678.216, 2772973.443], [302677.067, 2772981.778], [302675.146, 2772995.179], [302674.302, 2773001.713], [302672.184, 2773021.843], [302671.374, 2773032.405], [302670.657, 2773042.163], [302670.5685641983, 2773043.4202507082], [302670.565, 2773043.42], [302670.485, 2773044.68], [302670.415, 2773045.93], [302670.345, 2773047.19], [302670.275, 2773048.45], [302670.205, 2773049.7], [302670.145, 2773050.96], [302670.085, 2773052.22], [302670.025, 2773053.48], [302669.965, 2773054.74], [302666.2644581103, 2773057.683397769], [302665.804, 2773057.594], [302631.797, 2773050.992], [302629.638000149, 2773046.2340003285], [302635.3753980043, 2773036.479573291]]]}, "properties": {"編號": "2044", "圖層": "32", "顏色": "19", "街廓編號": "", "分區代碼": "PEA", "分區簡稱": "公", "使用分區": "公園用地", "分區說明": "", "原屬分區": "", "變更前代碼": "", "變更前簡稱": "", "變更前分區": ""}}, {"type": "Feature", "geometry": {"type": "Polygon", "coordinates": [[[304996.637, 2771298.184], [304994.489, 2771301.342], [304989.817, 2771302.919], [304990.761, 2771341.194], [304990.77741038945, 2771341.85886941], [304979.3991082573, 2771342.15291678], [304960.2565823035, 2771342.6476135585], [304960.165, 2771339.036], [304960.081, 2771334.594], [304959.839, 2771324.499], [304959.548, 2771310.902], [304959.522, 2771309.688], [304959.444, 2771306.387], [304967.499, 2771306.24], [304970.86, 2771304.747], [304977.314, 2771302.292], [304981.674, 2771301.194], [304989.147, 2771301.703], [304993.243, 2771300.615], [304995.049, 2771297.954], [304996.637, 2771298.184]]]}, "properties": {"編號": "2257", "圖層": "32", "顏色": "19", "街廓編號": "", "分區代碼": "PEA", "分區簡稱": "公", "使用分區": "公園用地", "分區說明": "", "原屬分區": "", "變更前代碼": "", "變更前簡稱": "", "變更前分區": ""}}, {"type": "Feature", "geometry": {"type": "Polygon", "coordinates": [[[303314.92630515026, 2769414.543242156], [303314.99524189666, 2769414.53225535], [303319.121, 2769417.872], [303316.054, 2769399.792], [303313.124, 2769403.778], [303241.42, 2769415.173], [303237.32, 2769412.273], [303240.132, 2769430.008], [303243.273, 2769425.963], [303314.926, 2769414.543], [303314.92630515026, 2769414.543242156]]]}, "properties": {"編號": "2377", "圖層": "32", "顏色": "19", "街廓編號": "", "分區代碼": "PEA", "分區簡稱": "公", "使用分區": "公園用地", "分區說明": "", "原屬分區": "", "變更前代碼": "", "變更前簡稱": "", "變更前分區": ""}}, {"type": "Feature", "geometry": {"type": "Polygon", "coordinates": [[[303026.97742166545, 2770979.522684905], [303038.84203247883, 2770976.3147439607], [303139.40230024955, 2770950.2011033623], [303200.0, 2770934.4638623456], [303220.22167442896, 2770929.21228736], [303230.925, 2770972.994], [303249.734, 2771049.932], [303254.984, 2771052.837], [303200.35774777795, 2771071.010975856], [303185.712381449, 2771075.8857905483], [303113.69257806276, 2771100.0], [303067.6788406363, 2771115.4066638593], [303062.7924537003, 2771116.6937686605], [303058.4337481315, 2771100.0], [303035.0419999998, 2771010.41], [303026.97742166545, 2770979.522684905]]]}, "properties": {"編號": "2449", "圖層": "32", "顏色": "19", "街廓編號": "", "分區代碼": "PEA", "分區簡稱": "公", "使用分區": "公園用地", "分區說明": "", "原屬分區": "", "變更前代碼": "", "變更前簡稱": "", "變更前分區": ""}}, {"type": "Feature", "geometry": {"type": "Polygon", "coordinates": [[[300164.2207927637, 2769518.571472089], [300149.2522313456, 2769515.5220592786], [300141.38191533444, 2769513.5873448495], [300141.382, 2769513.587], [300139.574, 2769510.273], [300167.675, 2769424.02], [300170.144, 2769422.27], [300174.113, 2769422.52], [300218.081, 2769508.77], [300227.781, 2769526.657], [300215.624, 2769525.588], [300169.131, 2769519.437], [300164.221, 2769518.571], [300164.2207927637, 2769518.571472089]]]}, "properties": {"編號": "2548", "圖層": "32", "顏色": "19", "街廓編號": "", "分區代碼": "PEA", "分區簡稱": "公", "使用分區": "公園用地", "分區說明": "(公一)", "原屬分區": "", "變更前代碼": "", "變更前簡稱": "", "變更前分區": ""}}, {"type": "Feature", "geometry": {"type": "Polygon", "coordinates": [[[303966.3819996974, 2770771.9590000273], [303958.173, 2770773.061], [303948.0490409558, 2770775.4637529524], [303948.0480334482, 2770775.463024171], [303948.0480334365, 2770775.463517733], [303939.8619951341, 2770778.308933102], [303931.97303733014, 2770781.896683997], [303924.44831113506, 2770786.196231345], [303924.32317723415, 2770786.2757430584], [303924.307, 2770786.286], [303905.44, 2770798.298], [303895.964, 2770805.729], [303895.9644305749, 2770805.7296407185], [303893.50772332837, 2770808.1618082346], [303891.67357827903, 2770811.092125838], [303890.5595645792, 2770814.3647123994], [303890.5385035257, 2770814.463942231], [303890.538, 2770814.464], [303888.97871578124, 2770821.9163395795], [303888.467, 2770824.362], [303885.1189942319, 2770822.825193518], [303873.5820420239, 2770817.373799371], [303874.875, 2770811.196], [303876.3857792079, 2770806.15073734], [303877.98, 2770802.98], [303879.2613008516, 2770800.6738217715], [303879.6470150261, 2770800.1570112086], [303881.9371616566, 2770797.0884904023], [303881.95, 2770797.072], [303886.1959986572, 2770793.056998291], [303896.01634733105, 2770785.3544968413], [303902.57884978794, 2770781.151764031], [303915.6814491408, 2770772.8100866424], [303922.422, 2770768.844], [303925.4727760551, 2770767.304582934], [303929.8685261085, 2770765.2015106054], [303932.869, 2770763.88], [303938.891, 2770761.602], [303945.701, 2770759.496], [303951.9952797327, 2770757.9853728754], [303957.9300482802, 2770756.886145146], [303965.05919492175, 2770756.0135672777], [303965.072, 2770756.012], [303978.877, 2770754.774], [303984.943, 2770753.746], [303985.29694174026, 2770753.6240562154], [303990.867, 2770751.705], [303996.2109941709, 2770749.3799866023], [303997.533, 2770748.805], [304010.801, 2770742.352], [304026.9346446426, 2770734.6320752585], [304027.687, 2770734.289], [304033.73, 2770732.224], [304035.6527511215, 2770731.8610634785], [304043.872853328, 2770730.3094454785], [304052.78403140354, 2770729.2138153934], [304059.9725989869, 2770728.3318001344], [304063.989, 2770727.839], [304074.16615738394, 2770726.14714008], [304081.33, 2770724.396], [304093.348, 2770720.736], [304112.197, 2770715.16], [304113.099, 2770731.597], [304103.543, 2770734.46], [304087.88, 2770739.154], [304086.767, 2770739.483], [304085.65, 2770739.8], [304084.531, 2770740.109], [304083.408, 2770740.408], [304083.112, 2770740.484], [304081.3871784136, 2770740.908218919], [304073.66201910446, 2770742.5591050144], [304073.201, 2770742.643], [304072.057, 2770742.841], [304070.911, 2770743.027], [304069.763, 2770743.205], [304068.614, 2770743.371], [304067.463, 2770743.529], [304066.33, 2770743.672], [304066.329, 2770743.672], [304055.308, 2770745.024], [304044.287, 2770746.376], [304044.285, 2770746.379], [304043.562, 2770746.473], [304042.841, 2770746.581], [304042.123, 2770746.7], [304041.65493758966, 2770746.786823298], [304041.406, 2770746.833], [304040.692, 2770746.978], [304039.98, 2770747.135], [304039.271, 2770747.305], [304038.918, 2770747.396], [304038.565, 2770747.487], [304037.863, 2770747.682], [304037.164, 2770747.888], [304036.469, 2770748.106], [304035.777, 2770748.337], [304035.09, 2770748.58], [304034.407, 2770748.834], [304033.728, 2770749.1], [304033.055, 2770749.379], [304032.386, 2770749.669], [304031.722, 2770749.97], [304031.064, 2770750.283], [304031.066, 2770750.287], [304020.077, 2770755.631], [304012.781, 2770759.181], [304005.484, 2770762.73], [304004.226, 2770763.342], [303997.069, 2770766.455], [303997.068, 2770766.455], [303997.067664943, 2770766.4552307157], [303990.9129077127, 2770768.696916119], [303984.5309506633, 2770770.172319193], [303980.4625219672, 2770770.6956523173], [303980.459, 2770770.695], [303973.421, 2770771.326], [303966.3819996974, 2770771.9590000273]]]}, "properties": {"編號": "2620", "圖層": "32", "顏色": "19", "街廓編號": "", "分區代碼": "PEA", "分區簡稱": "公", "使用分區": "公園用地", "分區說明": "", "原屬分區": "", "變更前代碼": "", "變更前簡稱": "", "變更前分區": ""}}, {"type": "Feature", "geometry": {"type": "Polygon", "coordinates": [[[299491.631380224, 2769815.1495920243], [299507.8440746756, 2769835.091042676], [299514.4088461466, 2769842.8168797106], [299535.5880968182, 2769866.301152299], [299538.8924281404, 2769869.8593213446], [299560.7478643153, 2769892.7156471135], [299583.17444209004, 2769915.0118424688], [299600.3528995831, 2769931.3506509727], [299620.3560189755, 2769947.900050179], [299640.85951621627, 2769963.8253131406], [299643.5860681174, 2769965.867873959], [299655.529, 2769974.175], [299655.676, 2769974.277], [299667.497, 2769982.525], [299673.284, 2769986.49], [299681.323, 2769991.659], [299687.077, 2769995.403], [299689.999, 2769997.286], [299692.893, 2769999.15], [299702.069, 2770004.867], [299702.074, 2770004.869], [299709.342, 2770009.408], [299709.52, 2770009.52], [299715.772, 2770013.084], [299725.271, 2770018.57], [299736.1187097385, 2770024.6495974], [299738.075, 2770025.746], [299748.202, 2770031.092], [299760.02, 2770037.254], [299770.437, 2770042.591], [299780.26, 2770047.606], [299780.234, 2770047.592], [299791.933, 2770053.647], [299791.947, 2770053.655], [299802.527, 2770059.088], [299813.841, 2770064.928], [299814.277, 2770065.153], [299814.31, 2770065.17], [299824.293, 2770070.233], [299837.501, 2770077.075], [299851.765, 2770084.291], [299861.107, 2770089.158], [299861.131, 2770089.171], [299870.103, 2770093.787], [299878.823, 2770098.27], [299889.343, 2770103.699], [299889.375, 2770103.716], [299889.408, 2770103.733], [299900.922, 2770109.574], [299900.96, 2770109.594], [299905.575, 2770111.983], [299912.763, 2770115.704], [299914.668, 2770116.698], [299914.668, 2770116.699], [299922.388, 2770120.727], [299931.171, 2770125.223], [299931.15, 2770125.211], [299936.345, 2770127.955], [299938.007, 2770128.832], [299944.266, 2770132.069], [299949.143, 2770134.661], [299953.256, 2770136.917], [299957.55, 2770139.29], [299962.346, 2770142.057], [299966.839, 2770144.63], [299970.654, 2770146.862], [299975.793, 2770149.993], [299980.274, 2770152.683], [299985.378, 2770155.809], [299986.044, 2770156.236], [299990.873, 2770159.33], [299997.144, 2770163.309], [300003.184, 2770167.743], [300017.828, 2770178.595], [300069.656, 2770209.851], [300112.285, 2770246.435], [300113.934, 2770247.828], [300146.08, 2770274.98], [300244.816, 2770361.389], [300250.81, 2770366.584], [300263.711, 2770377.765], [300291.654, 2770404.57], [300299.267, 2770410.919], [300353.572, 2770456.209], [300438.295, 2770532.692], [300444.065, 2770540.71], [300448.684, 2770548.689], [300455.691, 2770570.348], [300460.301, 2770584.6], [300469.5055985596, 2770618.8359720143], [300470.053, 2770620.872], [300474.939, 2770640.262], [300495.442, 2770700.702], [300513.609, 2770763.409], [300515.787, 2770770.926], [300516.1216803186, 2770771.760801599], [300511.503, 2770779.638], [300508.454, 2770776.284], [300504.179, 2770765.053], [300501.573, 2770752.535], [300497.149, 2770750.511], [300483.264, 2770734.198], [300481.679, 2770725.852], [300480.133, 2770706.76], [300475.703, 2770696.733], [300473.581, 2770691.246], [300469.847, 2770681.591], [300462.471, 2770657.516], [300454.571, 2770645.393], [300449.651, 2770642.426], [300448.606, 2770635.632], [300439.032, 2770626.05], [300430.394, 2770618.943], [300423.859, 2770613.573], [300415.491, 2770602.796], [300410.884, 2770591.523], [300402.535, 2770587.278], [300397.859, 2770587.746], [300380.493, 2770571.736], [300370.796, 2770559.393], [300366.766, 2770544.394], [300362.091, 2770518.122], [300359.591, 2770500.101], [300346.103, 2770500.256], [300336.242, 2770502.714], [300323.407, 2770502.238], [300313.498, 2770495.293], [300311.629, 2770488.273], [300300.975, 2770474.235], [300284.145, 2770462.449], [300272.122, 2770457.937], [300260.702, 2770460.728], [300247.342, 2770468.9], [300241.649, 2770475.775], [300237.256, 2770484.677], [300228.897, 2770495.832], [300220.859, 2770496.937], [300207.801, 2770495.312], [300204.81, 2770496.414], [300196.595, 2770496.88], [300180.826, 2770501.634], [300160.904, 2770509.312], [300151.624, 2770511.634], [300135.404, 2770511.73], [300119.533, 2770510.379], [300105.466, 2770511.453], [300089.593, 2770514.63], [300069.031, 2770516.288], [300065.427, 2770517.731], [300042.674, 2770512.661], [300031.531, 2770509.818], [300028.407, 2770509.264], [300024.055, 2770509.096], [300018.874, 2770508.863], [300013.554, 2770508.586], [300005.717, 2770508.109], [299999.54, 2770507.593], [299989.81, 2770506.04], [299981.465, 2770504.232], [299974.915, 2770501.6], [299969.434, 2770499.936], [299964.907, 2770501.041], [299956.444, 2770505.944], [299949.261, 2770510.517], [299940.687, 2770513.155], [299933.065, 2770513.169], [299923.472, 2770513.021], [299913.759, 2770512.02], [299906.711, 2770510.092], [299894.545, 2770506.769], [299887.036, 2770505.461], [299880.22, 2770504.906], [299870.646, 2770506.193], [299857.702, 2770510.716], [299846.48, 2770516.279], [299838.533, 2770520.808], [299822.736, 2770525.133], [299812.792, 2770526.273], [299800.304, 2770526.081], [299786.343, 2770526.659], [299770.315, 2770531.004], [299756.735, 2770534.334], [299736.147, 2770537.471], [299725.962, 2770538.39], [299710.466, 2770538.219], [299701.448, 2770534.757], [299688.319, 2770529.092], [299676.293, 2770523.764], [299665.916, 2770519.654], [299658.647, 2770514.665], [299655.516, 2770505.731], [299653.579, 2770494.899], [299650.144, 2770486.987], [299645.173, 2770482.466], [299637.207, 2770476.168], [299632.079, 2770471.939], [299628.874, 2770468.917], [299623.855, 2770463.155], [299619.352, 2770456.84], [299615.011, 2770449.185], [299613.464, 2770440.833], [299616.506, 2770429.698], [299621.018, 2770421.28], [299626.057, 2770416.106], [299633.216, 2770410.19], [299640.78, 2770400.184], [299649.287, 2770388.723], [299658.611, 2770379.716], [299665.859, 2770372.555], [299671.581, 2770365.286], [299673.796, 2770359.892], [299674.944, 2770351.614], [299676.693, 2770347.088], [299680.836, 2770341.439], [299687.293, 2770334.834], [299692.612, 2770330.773], [299694.261, 2770330.931], [299697.403, 2770336.632], [299700.336, 2770344.453], [299703.827, 2770349.552], [299711.897, 2770355.089], [299718.957, 2770358.063], [299723.347, 2770359.34], [299729.179, 2770359.699], [299737.05, 2770359.129], [299743.277, 2770359.404], [299747.527, 2770360.147], [299754.679, 2770361.189], [299761.756, 2770360.405], [299767.063, 2770358.568], [299773.739, 2770354.613], [299778.029, 2770350.287], [299783.097, 2770345.224], [299788.416, 2770342.036], [299796.799, 2770339.892], [299804.052, 2770341.549], [299811.648, 2770344.934], [299817.333, 2770348.556], [299821.453, 2770353.084], [299824.55, 2770358.546], [299827.275, 2770362.38], [299833.382, 2770367.397], [299844.036, 2770374.152], [299852.812, 2770379.245], [299858.811, 2770382.101], [299863.412, 2770384.533], [299867.746, 2770387.733], [299871.673, 2770392.575], [299874.525, 2770397.078], [299876.98, 2770400.916], [299878.782, 2770403.275], [299881.261, 2770405.381], [299884.803, 2770402.052], [299888.295, 2770396.402], [299892.832, 2770391.417], [299898.172, 2770388.358], [299902.827, 2770385.407], [299907.977, 2770380.187], [299911.221, 2770375.392], [299916.609, 2770362.6], [299919.794, 2770347.973], [299920.987, 2770337.584], [299921.43, 2770331.138], [299921.882, 2770318.258], [299922.163, 2770309.874], [299922.913, 2770305.714], [299925.015, 2770302.116], [299927.565, 2770296.02], [299927.698, 2770288.955], [299926.056, 2770282.723], [299923.117, 2770276.313], [299918.904, 2770270.086], [299913.709, 2770266.303], [299909.922, 2770265.634], [299905.416, 2770262.864], [299897.255, 2770260.742], [299891.296, 2770260.478], [299886.098, 2770259.874], [299881.304, 2770258.14], [299871.711, 2770252.073], [299863.927, 2770248.27], [299856.615, 2770244.273], [299851.275, 2770241.008], [299846.156, 2770237.603], [299840.356, 2770233.187], [299834.917, 2770228.257], [299828.626, 2770221.791], [299823.193, 2770217.918], [299817.929, 2770215.878], [299814.475, 2770213.518], [299813.036, 2770210.408], [299812.844, 2770204.226], [299813.771, 2770199.143], [299815.624, 2770192.23], [299820.027, 2770183.9], [299822.307, 2770174.847], [299824.668, 2770170.448], [299829.462, 2770165.465], [299825.27, 2770160.111], [299821.431, 2770163.412], [299818.686, 2770166.622], [299816.756, 2770171.813], [299816.283, 2770175.846], [299815.785, 2770180.649], [299810.118, 2770189.79], [299806.081, 2770194.079], [299801.727, 2770198.053], [299796.606, 2770199.742], [299791.202, 2770196.715], [299786.869, 2770193.269], [299784.036, 2770190.177], [299781.263, 2770188.142], [299774.947, 2770187.81], [299770.591, 2770188.326], [299764.705, 2770186.724], [299761.268, 2770182.555], [299756.523, 2770178.538], [299752.8, 2770176.362], [299747.094, 2770174.909], [299739.546, 2770175.32], [299734.213, 2770176.676], [299730.521, 2770177.548], [299726.646, 2770177.899], [299723.03, 2770175.642], [299719.998, 2770171.554], [299717.626, 2770170.914], [299715.75, 2770176.578], [299713.696, 2770180.785], [299710.603, 2770182.346], [299705.755, 2770183.093], [299699.113, 2770183.207], [299693.636, 2770182.215], [299689.825, 2770180.398], [299685.606, 2770178.437], [299682.715, 2770177.858], [299678.267, 2770178.363], [299676.032, 2770179.264], [299672.283, 2770184.047], [299669.748, 2770189.914], [299667.533, 2770197.118], [299666.263, 2770202.317], [299665.514, 2770206.573], [299665.289, 2770211.007], [299665.275, 2770214.462], [299665.402, 2770217.905], [299669.315, 2770218.989], [299672.597, 2770219.566], [299674.221, 2770222.379], [299675.704, 2770226.332], [299677.077, 2770230.939], [299678.072, 2770236.791], [299676.892, 2770241.738], [299673.756, 2770244.75], [299668.507, 2770248.249], [299664.988, 2770251.524], [299662.101, 2770256.678], [299658.865, 2770264.458], [299656.476, 2770268.788], [299653.628, 2770271.469], [299648.569, 2770272.247], [299645.721, 2770271.776], [299642.192, 2770270.001], [299639.068, 2770267.357], [299635.52, 2770272.558], [299639.799, 2770274.477], [299645.708, 2770276.279], [299650.885, 2770276.857], [299654.269, 2770278.411], [299656.868, 2770282.716], [299658.554, 2770286.4], [299660.797, 2770291.383], [299664.832, 2770299.244], [299667.86, 2770305.107], [299669.118, 2770309.894], [299669.225, 2770313.807], [299669.04, 2770318.196], [299668.137, 2770324.432], [299666.044, 2770331.045], [299663.027, 2770336.977], [299659.517, 2770342.519], [299655.374, 2770348.188], [299648.702, 2770356.452], [299641.87, 2770363.977], [299638.657, 2770367.004], [299630.703, 2770372.974], [299625.846, 2770375.863], [299619.494, 2770379.006], [299612.092, 2770381.575], [299605.334, 2770382.76], [299598.983, 2770383.278], [299588.804, 2770383.35], [299580.945, 2770382.992], [299572.113, 2770382.393], [299559.005, 2770380.497], [299549.485, 2770378.499], [299543.373, 2770377.552], [299537.305, 2770377.246], [299527.295, 2770379.071], [299516.106, 2770383.889], [299509.873, 2770389.139], [299505.57, 2770394.408], [299502.31, 2770400.584], [299503.224, 2770406.461], [299506.325, 2770412.135], [299508.778, 2770419.828], [299509.256, 2770425.586], [299509.645, 2770431.157], [299512.037, 2770441.058], [299515.239, 2770450.912], [299515.708, 2770455.381], [299514.532, 2770455.657], [299508.589, 2770453.35], [299502.04, 2770449.411], [299496.099, 2770444.126], [299493.228, 2770440.806], [299490.326, 2770437.025], [299487.989, 2770433.216], [299485.704, 2770428.408], [299482.932, 2770423.662], [299479.843, 2770420.368], [299473.462, 2770415.089], [299467.91, 2770411.319], [299463.722, 2770408.822], [299459.581, 2770407.468], [299455.262, 2770407.958], [299450.972, 2770410.716], [299445.601, 2770412.806], [299441.419, 2770412.256], [299434.403, 2770410.883], [299428.718, 2770408.421], [299419.09, 2770402.579], [299412.827, 2770397.571], [299407.544, 2770390.524], [299404.14, 2770383.833], [299399.977, 2770377.51], [299395.471, 2770371.491], [299387.598, 2770366.733], [299376.514, 2770365.281], [299368.648, 2770362.439], [299362.944, 2770358.75], [299359.201, 2770354.998], [299357.238, 2770350.107], [299355.901, 2770344.188], [299353.327, 2770339.974], [299347.387, 2770335.179], [299340.725, 2770331.303], [299333.924, 2770328.51], [299327.415, 2770326.718], [299324.367, 2770324.408], [299319.218, 2770317.987], [299316.804, 2770314.744], [299314.085, 2770311.737], [299311.032, 2770309.621], [299306.009, 2770308.037], [299302.832, 2770306.95], [299300.173, 2770304.975], [299298.124, 2770300.567], [299298.275, 2770296.02], [299301.725, 2770289.309], [299304.233, 2770282.937], [299305.831, 2770276.563], [299305.705, 2770269.582], [299304.261, 2770263.69], [299301.605, 2770260.069], [299297.936, 2770257.623], [299292.752, 2770255.406], [299286.694, 2770253.37], [299283.641, 2770252.688], [299280.527, 2770255.802], [299281.953, 2770260.639], [299282.844, 2770267.251], [299282.235, 2770273.632], [299280.569, 2770278.872], [299279.108, 2770280.689], [299275.013, 2770279.344], [299271.724, 2770276.937], [299268.559, 2770274.815], [299265.362, 2770273.741], [299261.23, 2770276.049], [299257.841, 2770280.308], [299252.596, 2770286.105], [299250.448, 2770286.848], [299247.087, 2770286.489], [299243.613, 2770284.68], [299241.419, 2770281.909], [299237.66, 2770278.072], [299233.745, 2770274.984], [299229.503, 2770270.61], [299226.455, 2770267.439], [299222.713, 2770262.872], [299221.308, 2770260.14], [299223.917, 2770258.555], [299228.942, 2770255.514], [299228.125, 2770249.559], [299225.73, 2770247.086], [299222.369, 2770246.489], [299219.172, 2770248.875], [299216.821, 2770252.457], [299214.686, 2770255.302], [299211.684, 2770256.294], [299209.074, 2770254.963], [299204.392, 2770250.426], [299200.873, 2770245.189], [299197.838, 2770239.524], [299194.722, 2770234.404], [299190.631, 2770228.286], [299187.717, 2770225.5], [299183.606, 2770224.499], [299178.821, 2770224.699], [299174.858, 2770223.571], [299168.984, 2770219.244], [299161.801, 2770213.402], [299154.44, 2770207.751], [299148.377, 2770204.934], [299145.801, 2770202.875], [299143.862, 2770200.539], [299140.339, 2770198.149], [299135.326, 2770198.17], [299133.099, 2770197.847], [299130.606, 2770193.738], [299129.672, 2770188.547], [299128.601, 2770184.033], [299124.841, 2770181.553], [299122.121, 2770177.292], [299114.927, 2770171.191], [299109.998, 2770167.954], [299103.785, 2770162.757], [299102.964, 2770161.336], [299106.931, 2770158.372], [299113.379, 2770156.381], [299118.517, 2770154.837], [299122.586, 2770153.76], [299127.245, 2770150.96], [299132.545, 2770152.477], [299138.454, 2770157.196], [299141.66, 2770162.904], [299143.183, 2770166.596], [299145.404, 2770171.645], [299148.412, 2770176.187], [299152.18, 2770180.418], [299155.783, 2770184.339], [299160.409, 2770189.144], [299164.728, 2770193.354], [299169.238, 2770197.43], [299177.485, 2770203.95], [299186.818, 2770209.764], [299195.524, 2770213.878], [299207.516, 2770218.34], [299217.561, 2770221.548], [299227.52, 2770224.651], [299235.0, 2770226.622], [299244.518, 2770228.15], [299247.919, 2770228.408], [299254.805, 2770225.65], [299257.687, 2770219.421], [299263.877, 2770200.699], [299266.235, 2770196.994], [299277.974, 2770183.205], [299285.745, 2770174.339], [299303.787, 2770154.588], [299318.036, 2770139.841], [299330.925, 2770127.182], [299335.466, 2770124.209], [299342.878, 2770123.056], [299345.512, 2770120.341], [299341.726, 2770114.335], [299343.067, 2770108.31], [299345.571, 2770104.403], [299353.702, 2770099.514], [299367.719, 2770096.192], [299373.667, 2770094.8], [299383.255, 2770092.574], [299389.38, 2770093.086], [299392.281, 2770094.242], [299395.591, 2770095.897], [299399.412, 2770097.683], [299402.65, 2770098.549], [299405.285, 2770097.853], [299407.709, 2770095.495], [299407.44, 2770093.207], [299405.567, 2770090.26], [299400.372, 2770083.515], [299397.766, 2770076.884], [299396.809, 2770070.748], [299396.568, 2770062.716], [299396.405, 2770055.703], [299397.134, 2770045.943], [299398.448, 2770036.211], [299400.938, 2770025.699], [299404.757, 2770017.082], [299411.246, 2770009.348], [299417.22, 2770004.806], [299424.02, 2770001.273], [299429.697, 2770000.095], [299434.506, 2770000.249], [299438.724, 2770000.539], [299442.83, 2770000.441], [299446.263, 2769998.482], [299446.376, 2769993.791], [299444.423, 2769989.98], [299440.315, 2769985.207], [299438.019, 2769981.707], [299436.889, 2769975.991], [299436.317, 2769971.626], [299435.175, 2769968.889], [299425.905, 2769960.306], [299417.696, 2769954.41], [299415.085, 2769952.226], [299412.599, 2769950.396], [299409.669, 2769949.584], [299407.931, 2769950.653], [299404.7, 2769954.429], [299400.7, 2769956.017], [299394.021, 2769956.042], [299384.206, 2769955.487], [299373.74, 2769954.398], [299361.101, 2769950.962], [299348.462, 2769947.484], [299337.284, 2769944.646], [299325.481, 2769943.151], [299312.416, 2769943.233], [299297.362, 2769943.89], [299288.219, 2769944.49], [299275.313, 2769945.442], [299264.794, 2769946.744], [299256.262, 2769945.604], [299250.644, 2769942.36], [299247.576, 2769938.17], [299245.621, 2769934.469], [299241.047, 2769931.116], [299229.533, 2769929.806], [299215.998, 2769931.282], [299210.323, 2769933.284], [299201.555, 2769939.447], [299198.125, 2769942.795], [299194.579, 2769946.714], [299191.086, 2769951.429], [299188.56, 2769958.328], [299184.193, 2769967.149], [299179.98, 2769970.404], [299176.812, 2769971.26], [299172.441, 2769971.765], [299174.555, 2769975.272], [299179.765, 2769979.169], [299181.681, 2769982.912], [299182.719, 2769986.92], [299182.916, 2769990.928], [299182.352, 2769994.935], [299180.875, 2769998.562], [299177.285, 2770001.18], [299173.525, 2770001.732], [299170.062, 2770001.874], [299166.062, 2770002.983], [299164.074, 2770004.62], [299162.548, 2770006.156], [299160.867, 2770008.128], [299158.735, 2770011.097], [299155.062, 2770018.046], [299156.647, 2770023.356], [299156.951, 2770025.201], [299154.761, 2770036.672], [299152.918, 2770045.102], [299150.505, 2770054.527], [299148.327, 2770061.701], [299147.294, 2770064.726], [299146.222, 2770067.639], [299144.849, 2770070.071], [299142.947, 2770071.722], [299140.699, 2770072.805], [299138.435, 2770073.044], [299134.758, 2770072.02], [299130.878, 2770070.215], [299127.362, 2770068.272], [299122.779, 2770065.756], [299119.376, 2770064.234], [299116.387, 2770063.418], [299113.637, 2770063.365], [299111.301, 2770064.359], [299109.897, 2770065.573], [299105.345, 2770071.736], [299103.592, 2770074.196], [299101.921, 2770076.131], [299099.11, 2770078.071], [299095.535, 2770077.846], [299091.481, 2770077.008], [299088.64, 2770078.024], [299087.031, 2770080.956], [299085.45, 2770083.921], [299084.262, 2770084.789], [299081.6, 2770085.003], [299075.851, 2770084.154], [299071.59, 2770083.09], [299067.67, 2770082.19], [299063.031, 2770081.661], [299059.47, 2770081.856], [299056.296, 2770082.246], [299052.086, 2770083.084], [299046.152, 2770085.095], [299041.956, 2770087.54], [299038.716, 2770091.222], [299034.736, 2770097.452], [299031.768, 2770100.988], [299030.228, 2770101.249], [299026.149, 2770100.017], [299023.45, 2770102.288], [299019.036, 2770102.967], [299011.968, 2770100.983], [299007.718, 2770098.974], [299003.948, 2770096.457], [299001.308, 2770093.824], [299000.191, 2770091.872], [299002.126, 2770084.36], [298999.579, 2770087.555], [298997.158, 2770089.8], [298995.04, 2770088.93], [298991.849, 2770086.855], [298988.848, 2770084.399], [298985.063, 2770080.882], [298980.809, 2770076.739], [298976.898, 2770072.996], [298972.958, 2770068.208], [298970.72, 2770064.087], [298968.106, 2770059.173], [298965.151, 2770054.227], [298952.753, 2770035.109], [298946.883, 2770026.204], [298942.982, 2770018.374], [298936.926, 2770005.521], [298930.101, 2769995.471], [298924.889, 2769988.056], [298915.533, 2769971.695], [298913.429, 2769967.3], [298910.322, 2769962.205], [298907.346, 2769957.096], [298905.829, 2769950.788], [298906.766, 2769944.071], [298909.154, 2769937.164], [298912.297, 2769929.937], [298913.142, 2769924.152], [298910.805, 2769914.714], [298908.955, 2769909.419], [298907.237, 2769902.869], [298905.46, 2769895.205], [298903.186, 2769883.01], [298901.851, 2769873.641], [298900.866, 2769865.255], [298900.288, 2769855.15], [298900.034, 2769851.615], [298899.556, 2769847.684], [298898.712, 2769843.853], [298893.929, 2769835.818], [298887.67841938545, 2769826.919281472], [299491.631380224, 2769815.1495920243]]]}, "properties": {"編號": "2644", "圖層": "49", "顏色": "7", "街廓編號": "", "分區代碼": "PW1", "分區簡稱": "河川區", "使用分區": "河川區", "分區說明": "", "原屬分區": "", "變更前代碼": "", "變更前簡稱": "", "變更前分區": ""}}, {"type": "Feature", "geometry": {"type": "Polygon", "coordinates": [[[299320.4654656799, 2768962.3763072644], [299311.81146552775, 2768982.7833659877], [299303.8994321368, 2769003.489391488], [299296.7396697347, 2769024.4674172946], [299290.34150283074, 2769045.690122699], [299284.7132640705, 2769067.1298683328], [299282.5247522209, 2769076.4393495284], [299278.01110316516, 2769098.1411175802], [299274.2834407356, 2769119.9916163664], [299273.82449281384, 2769123.0615214123], [299270.9987394991, 2769145.0468547647], [299268.9681053548, 2769167.1198312147], [299268.50239594723, 2769173.945463973], [299267.349, 2769204.638], [299267.1590113549, 2769277.832625392], [299268.7880087314, 2769303.0330167343], [299271.21437237976, 2769328.169168303], [299274.43566754245, 2769353.215856981], [299276.98561983445, 2769369.6250814684], [299281.51707159996, 2769394.468175099], [299286.8331165349, 2769419.1552774506], [299292.92842020176, 2769443.661616007], [299299.7968662083, 2769467.962599643], [299302.9258144169, 2769478.15050264], [299319.651, 2769522.972], [299322.659, 2769530.808], [299326.07, 2769539.321], [299329.778, 2769547.906], [299333.884, 2769557.399], [299338.383, 2769567.105], [299342.1324232612, 2769574.7054110537], [299345.471, 2769581.473], [299350.878, 2769592.564], [299356.551, 2769603.338], [299362.839, 2769614.827], [299368.931, 2769625.594], [299373.295, 2769633.266], [299379.064, 2769642.959], [299383.978, 2769650.793], [299384.289, 2769651.289], [299386.464, 2769654.761], [299388.541, 2769658.077], [299392.811, 2769664.868], [299398.697, 2769673.955], [299404.228, 2769682.755], [299409.641, 2769691.051], [299415.299, 2769700.018], [299416.418, 2769701.74], [299420.744, 2769708.402], [299426.106, 2769716.765], [299432.487, 2769726.466], [299434.708745445, 2769729.896947539], [299439.627, 2769737.492], [299445.439, 2769746.949], [299451.605, 2769756.684], [299459.097, 2769768.38], [299460.3403751335, 2769770.269821924], [299470.3382467117, 2769785.4657162083], [298879.508, 2769796.02], [298878.462, 2769792.938], [298875.6, 2769785.155], [298873.544, 2769779.57], [298873.345, 2769776.855], [298874.753, 2769773.383], [298875.342, 2769769.909], [298876.17, 2769763.642], [298876.175, 2769756.796], [298873.862, 2769748.79], [298874.443, 2769743.07], [298875.396, 2769738.302], [298875.815, 2769732.868], [298876.94, 2769726.309], [298878.95, 2769717.567], [298878.566, 2769713.705], [298880.853, 2769708.755], [298878.286, 2769703.311], [298877.877, 2769697.973], [298878.745, 2769693.863], [298876.14, 2769691.809], [298875.642, 2769689.589], [298876.037, 2769685.291], [298877.29, 2769681.369], [298879.393, 2769676.937], [298879.646, 2769671.892], [298878.809, 2769666.826], [298878.091, 2769661.159], [298878.015, 2769657.63], [298876.244, 2769655.16], [298875.045, 2769653.623], [298873.734, 2769650.222], [298874.104, 2769646.73], [298876.731, 2769641.656], [298880.288, 2769637.732], [298880.933, 2769634.387], [298881.353, 2769631.95], [298885.206, 2769626.146], [298886.829, 2769624.538], [298888.488, 2769621.353], [298888.053, 2769615.896], [298888.627, 2769608.762], [298887.949, 2769603.764], [298887.036, 2769600.901], [298885.937, 2769598.975], [298884.986, 2769595.84], [298885.429, 2769592.469], [298886.225, 2769588.752], [298886.273, 2769584.848], [298887.943, 2769581.278], [298890.026, 2769578.013], [298892.083, 2769574.322], [298893.349, 2769569.413], [298893.96, 2769563.795], [298895.947, 2769557.766], [298899.43, 2769548.191], [298902.493, 2769545.629], [298905.034, 2769542.735], [298905.722, 2769539.675], [298906.817, 2769536.503], [298913.18, 2769526.901], [298916.798, 2769519.86], [298922.091, 2769514.124], [298930.26, 2769505.645], [298933.664, 2769501.196], [298936.93, 2769497.935], [298940.137, 2769496.391], [298942.864, 2769496.196], [298945.861, 2769497.389], [298948.649, 2769498.703], [298952.559, 2769497.944], [298957.729, 2769497.053], [298960.417, 2769497.435], [298962.585, 2769499.101], [298962.356, 2769502.308], [298961.438, 2769506.379], [298960.866, 2769509.768], [298965.649, 2769507.585], [298969.461, 2769503.592], [298971.043, 2769500.882], [298973.878, 2769498.418], [298978.919, 2769497.626], [298982.586, 2769495.622], [298985.154, 2769493.105], [298986.204, 2769486.512], [298985.497, 2769484.498], [298982.966, 2769481.902], [298980.491, 2769477.923], [298981.479, 2769475.729], [298987.396, 2769475.834], [298991.459, 2769476.222], [298989.418, 2769473.114], [298982.403, 2769472.724], [298979.51, 2769471.321], [298977.166, 2769465.1], [298976.992, 2769460.173], [298977.944, 2769456.19], [298979.963, 2769452.298], [298985.52, 2769449.16], [298988.154, 2769448.491], [298992.364, 2769445.541], [298993.945, 2769440.128], [298993.416, 2769433.165], [298994.279, 2769425.026], [298996.423, 2769416.684], [299000.824, 2769411.381], [299003.508, 2769403.837], [299007.875, 2769398.709], [299013.547, 2769397.595], [299019.243, 2769393.249], [299019.815, 2769389.277], [299021.232, 2769385.483], [299024.183, 2769381.889], [299024.95, 2769377.492], [299026.425, 2769376.466], [299029.959, 2769375.721], [299033.946, 2769375.649], [299035.634, 2769375.83], [299037.741, 2769376.093], [299039.624, 2769373.192], [299039.143, 2769371.859], [299049.633, 2769361.978], [299055.31, 2769355.765], [299060.099, 2769351.454], [299065.133, 2769352.11], [299069.512, 2769353.924], [299071.563, 2769355.527], [299071.774, 2769358.933], [299074.191, 2769358.591], [299075.947, 2769355.887], [299077.672, 2769353.767], [299081.282, 2769352.612], [299086.657, 2769352.03], [299091.921, 2769351.138], [299096.614, 2769349.471], [299098.73, 2769348.383], [299093.535, 2769347.029], [299084.147, 2769347.73], [299077.234, 2769349.421], [299074.293, 2769348.304], [299071.638, 2769345.308], [299071.859, 2769342.346], [299072.916, 2769339.331], [299074.861, 2769336.3], [299076.685, 2769333.103], [299079.172, 2769330.841], [299082.183, 2769326.881], [299088.221, 2769320.533], [299098.057, 2769316.845], [299090.376, 2769316.735], [299086.923, 2769316.815], [299086.41, 2769315.08], [299089.073, 2769311.491], [299092.046, 2769308.13], [299096.192, 2769303.893], [299101.027, 2769299.407], [299113.803, 2769292.284], [299119.367, 2769289.921], [299128.977, 2769287.872], [299133.922, 2769286.457], [299136.539, 2769287.677], [299139.839, 2769287.3], [299141.641, 2769283.838], [299145.107, 2769282.587], [299151.395, 2769282.093], [299159.546, 2769282.138], [299169.922, 2769280.336], [299176.544, 2769278.452], [299185.559, 2769277.797], [299194.462, 2769276.354], [299200.112, 2769274.562], [299184.575, 2769273.064], [299172.386, 2769272.696], [299163.868, 2769272.581], [299158.018, 2769271.532], [299155.618, 2769271.22], [299153.494, 2769270.577], [299151.153, 2769268.714], [299150.819, 2769265.191], [299153.463, 2769260.891], [299159.223, 2769256.972], [299167.546, 2769253.117], [299172.816, 2769251.866], [299183.68, 2769250.143], [299192.372, 2769248.3], [299199.825, 2769246.642], [299209.614, 2769247.358], [299215.022, 2769247.811], [299221.894, 2769246.778], [299228.041, 2769246.683], [299233.29, 2769247.537], [299240.153, 2769248.747], [299246.245, 2769249.822], [299251.344, 2769252.372], [299255.229, 2769255.391], [299257.152, 2769257.93], [299264.926, 2769257.341], [299264.761, 2769247.538], [299257.843, 2769247.478], [299255.245, 2769246.732], [299249.575, 2769244.1], [299245.117, 2769242.94], [299241.579, 2769241.336], [299239.301, 2769239.765], [299235.529, 2769238.107], [299233.825, 2769236.997], [299231.596, 2769234.607], [299227.3, 2769232.672], [299226.09, 2769231.793], [299224.816, 2769228.505], [299221.989, 2769225.649], [299219.029, 2769224.821], [299214.229, 2769225.045], [299206.603, 2769226.152], [299204.045, 2769227.384], [299200.292, 2769230.277], [299198.33, 2769233.178], [299194.004, 2769235.055], [299187.949, 2769237.121], [299178.663, 2769238.296], [299171.395, 2769239.406], [299168.536, 2769239.103], [299166.778, 2769237.682], [299165.793, 2769235.532], [299166.608, 2769229.667], [299165.645, 2769224.37], [299164.459, 2769218.365], [299164.679, 2769214.175], [299166.496, 2769210.622], [299166.251, 2769207.289], [299164.943, 2769205.653], [299159.919, 2769205.39], [299156.428, 2769204.607], [299155.739, 2769203.331], [299157.61, 2769200.913], [299161.606, 2769199.161], [299165.431, 2769198.31], [299168.818, 2769196.041], [299171.71, 2769190.776], [299174.101, 2769186.257], [299175.166, 2769182.526], [299178.197, 2769179.18], [299179.178, 2769174.156], [299179.72, 2769169.27], [299182.634, 2769166.301], [299183.23, 2769163.319], [299181.668, 2769160.58], [299182.438, 2769156.582], [299183.991, 2769151.55], [299184.776, 2769146.031], [299186.453, 2769141.592], [299189.248, 2769139.209], [299192.003, 2769128.816], [299191.386, 2769124.242], [299190.481, 2769119.812], [299190.459, 2769114.457], [299189.346, 2769106.104], [299190.873, 2769102.06], [299195.269, 2769100.236], [299198.466, 2769096.516], [299203.061, 2769085.482], [299206.462, 2769074.974], [299206.385, 2769068.258], [299206.404, 2769061.224], [299208.436, 2769053.113], [299211.489, 2769043.537], [299213.99, 2769035.346], [299214.837, 2769031.658], [299215.924, 2769025.573], [299217.93, 2769020.499], [299221.792, 2769011.74], [299222.515, 2769007.879], [299222.694, 2769004.804], [299222.95, 2769000.965], [299224.58, 2768998.978], [299226.413, 2768996.536], [299228.929, 2768995.97], [299232.588, 2768991.862], [299236.566, 2768987.365], [299241.135, 2768982.158], [299244.084, 2768979.144], [299247.193, 2768975.99], [299248.705, 2768973.761], [299250.009, 2768970.047], [299252.349, 2768955.221], [299253.994, 2768946.225], [299255.516, 2768938.336], [299254.646, 2768931.74], [299252.567, 2768928.001], [299249.793, 2768923.051], [299249.002, 2768918.547], [299334.9062324595, 2768927.653506241], [299320.4654656799, 2768962.3763072644]]]}, "properties": {"編號": "2645", "圖層": "49", "顏色": "7", "街廓編號": "", "分區代碼": "PW1", "分區簡稱": "河川區", "使用分區": "河川區", "分區說明": "", "原屬分區": "", "變更前代碼": "", "變更前簡稱": "", "變更前分區": ""}}, {"type": "Feature", "geometry": {"type": "Polygon", "coordinates": [[[301015.3569038973, 2771300.721324015], [300916.737, 2771360.276], [300917.995, 2771352.372], [300917.452, 2771347.596], [300911.623, 2771350.331], [300903.983, 2771351.16], [300898.676, 2771350.606], [300894.442, 2771347.957], [300887.343, 2771340.233], [300883.165, 2771333.096], [300877.431, 2771320.358], [300873.565, 2771302.161], [300862.549, 2771271.433], [300857.998, 2771257.275], [300844.228, 2771221.259], [300842.249, 2771217.079], [300836.231, 2771197.552], [300825.939, 2771179.875], [300817.365, 2771169.665], [300806.666, 2771159.014], [300802.793, 2771147.28], [300798.18, 2771140.013], [300795.286, 2771135.289], [300792.093, 2771129.355], [300787.034, 2771122.328], [300784.869, 2771118.252], [300780.727, 2771114.726], [300776.595, 2771109.851], [300775.248, 2771105.517], [300774.496, 2771095.881], [300769.955, 2771083.874], [300770.674, 2771077.366], [300768.33, 2771069.86], [300764.908, 2771061.426], [300758.462, 2771046.337], [300750.91, 2771036.566], [300746.686, 2771033.157], [300745.484, 2771030.409], [300745.635, 2771028.799], [300746.061, 2771026.812], [300737.614, 2771022.997], [300733.286, 2771018.954], [300729.769, 2771014.72], [300726.933, 2771011.257], [300720.524, 2771004.427], [300718.256, 2771002.109], [300713.871, 2770998.628], [300707.529, 2770990.663], [300702.426, 2770988.095], [300697.988, 2770984.209], [300688.161, 2770980.163], [300683.572, 2770974.555], [300666.147, 2770958.726], [300663.591, 2770953.309], [300659.829, 2770949.567], [300652.872, 2770944.483], [300648.089, 2770938.968], [300645.755, 2770936.139], [300643.174, 2770932.573], [300631.681, 2770921.524], [300627.567, 2770919.761], [300626.095, 2770918.895], [300619.402, 2770909.901], [300614.594, 2770903.819], [300609.976, 2770899.359], [300604.532, 2770896.029], [300595.638, 2770888.166], [300591.34, 2770886.516], [300587.868, 2770884.214], [300585.105, 2770884.041], [300578.823, 2770881.196], [300575.042, 2770877.11], [300572.315, 2770871.485], [300570.539, 2770866.016], [300570.342, 2770860.288], [300568.929, 2770858.44], [300568.438, 2770857.797], [300566.018, 2770856.586], [300559.969, 2770851.591], [300555.281, 2770848.11], [300547.719, 2770840.845], [300543.013, 2770831.658], [300554.2015331278, 2770829.22327958], [300660.5961191442, 2770925.10679104], [300674.99759666895, 2770937.5301893814], [300682.712, 2770944.185], [300727.172, 2770982.538], [300793.639, 2771043.93], [300856.9421639953, 2771103.4403893594], [300882.716, 2771127.67], [300906.633, 2771151.853], [300932.408, 2771181.475], [300937.731, 2771187.592], [300964.276, 2771221.16], [300980.104, 2771242.281], [301005.6063384893, 2771284.185317144], [301010.232, 2771291.786], [301015.3569038973, 2771300.721324015]]]}, "properties": {"編號": "2683", "圖層": "49", "顏色": "7", "街廓編號": "", "分區代碼": "PW1", "分區簡稱": "河川區", "使用分區": "河川區", "分區說明": "", "原屬分區": "", "變更前代碼": "", "變更前簡稱": "", "變更前分區": ""}}, {"type": "Feature", "geometry": {"type": "Polygon", "coordinates": [[[300916.737, 2771360.276], [300868.913, 2771389.156], [300849.783, 2771400.708], [300840.218, 2771406.484], [300829.135, 2771415.2], [300814.864, 2771425.544], [300774.073, 2771455.785], [300707.224, 2771496.02], [300576.79, 2771575.019], [300559.548, 2771580.311], [300539.589, 2771589.173], [300529.763, 2771591.981], [300516.663, 2771603.444], [300490.929, 2771617.012], [300482.975, 2771617.246], [300472.682, 2771621.691], [300464.26, 2771628.241], [300435.954, 2771630.113], [300414.665, 2771637.365], [300397.588, 2771644.851], [300389.4, 2771655.846], [300386.358, 2771662.397], [300375.363, 2771680.644], [300374.895, 2771689.768], [300378.638, 2771695.382], [300369.306, 2771701.005], [300363.06, 2771704.875], [300200.655, 2771802.869], [300190.372, 2771806.148], [300185.454, 2771802.571], [300182.324, 2771799.143], [300175.767, 2771787.071], [300167.272, 2771778.576], [300160.565, 2771769.336], [300142.532, 2771739.082], [300137.018, 2771737.145], [300129.417, 2771730.14], [300123.748, 2771724.379], [300118.871, 2771722.233], [300113.213, 2771718.136], [300106.774, 2771708.771], [300072.436, 2771668.58], [300059.364, 2771658.435], [300041.805, 2771640.29], [300031.27, 2771634.242], [300030.925, 2771496.02], [299862.206, 2771496.02], [299859.202, 2771491.422], [299855.915, 2771490.009], [299851.784, 2771486.757], [299846.613, 2771480.933], [299841.265, 2771474.204], [299835.295, 2771466.873], [299825.767, 2771456.429], [299817.93, 2771448.605], [299812.724, 2771445.226], [299808.518, 2771440.144], [299804.002, 2771434.238], [299797.451, 2771426.427], [299791.017, 2771420.589], [299785.866, 2771418.842], [299782.422, 2771415.776], [299776.635, 2771410.101], [299769.929, 2771403.3], [299756.854, 2771392.884], [299752.034, 2771387.37], [299747.547, 2771381.885], [299743.78, 2771375.825], [299742.108, 2771370.588], [299740.817, 2771365.437], [299738.858, 2771360.208], [299736.469, 2771355.386], [299732.523, 2771352.601], [299728.775, 2771351.016], [299726.055, 2771344.936], [299724.245, 2771340.817], [299720.769, 2771335.628], [299717.461, 2771330.008], [299715.949, 2771325.305], [299715.772, 2771317.154], [299716.847, 2771312.662], [299818.578, 2771253.083], [299824.29, 2771251.557], [299832.807, 2771248.059], [299835.449, 2771246.912], [299838.891, 2771245.236], [299842.894, 2771243.288], [299846.536, 2771240.926], [299851.26, 2771237.217], [299854.843, 2771231.813], [299858.943, 2771232.815], [299912.684, 2771201.351], [300018.438, 2771139.447], [300030.925, 2771132.087], [300031.096, 2771132.027], [300049.407, 2771121.157], [300069.887, 2771109.329], [300072.278, 2771109.113], [300074.008, 2771109.861], [300075.43, 2771111.232], [300079.899, 2771117.985], [300084.254, 2771121.958], [300086.506, 2771124.399], [300088.688, 2771128.437], [300090.313, 2771133.668], [300094.043, 2771139.765], [300092.497, 2771141.405], [300091.653, 2771141.795], [300090.168, 2771141.984], [300090.02, 2771144.003], [300092.186, 2771147.502], [300093.021, 2771161.312], [300093.939, 2771165.306], [300096.099, 2771173.574], [300097.143, 2771193.208], [300101.366, 2771208.724], [300103.614, 2771214.426], [300104.157, 2771217.303], [300106.593, 2771220.048], [300107.769, 2771222.826], [300108.124, 2771226.378], [300113.033, 2771233.764], [300122.045, 2771245.433], [300125.817, 2771254.224], [300128.958, 2771259.228], [300135.432, 2771267.334], [300139.338, 2771269.936], [300144.236, 2771275.573], [300150.034, 2771283.288], [300153.662, 2771286.3], [300159.031, 2771293.615], [300165.731, 2771302.725], [300175.289, 2771311.842], [300186.603, 2771323.646], [300196.526, 2771333.799], [300204.366, 2771342.156], [300206.671, 2771345.621], [300210.883, 2771352.271], [300213.657, 2771358.567], [300216.532, 2771366.021], [300218.055, 2771367.321], [300221.521, 2771369.197], [300223.745, 2771371.032], [300225.127, 2771376.136], [300227.772, 2771379.822], [300228.055, 2771385.494], [300229.636, 2771387.604], [300231.556, 2771388.608], [300234.934, 2771388.802], [300239.169, 2771391.395], [300242.805, 2771394.503], [300248.065, 2771401.249], [300252.746, 2771408.222], [300255.952, 2771412.935], [300261.703, 2771419.226], [300263.915, 2771420.794], [300269.298, 2771422.117], [300274.393, 2771425.884], [300281.439, 2771432.752], [300287.721, 2771437.078], [300297.378, 2771443.662], [300300.801, 2771445.986], [300303.144, 2771446.843], [300305.712, 2771446.932], [300308.025, 2771448.467], [300311.137, 2771451.142], [300314.39, 2771455.169], [300316.403, 2771456.455], [300320.919, 2771456.101], [300325.74, 2771457.57], [300333.126, 2771459.467], [300340.393, 2771458.843], [300345.094, 2771458.105], [300346.969, 2771458.759], [300349.54, 2771460.706], [300353.209, 2771463.686], [300360.333, 2771470.744], [300363.321, 2771471.574], [300372.099, 2771471.862], [300380.446, 2771473.647], [300395.841, 2771481.114], [300405.803, 2771488.834], [300407.752, 2771495.878], [300409.675, 2771495.329], [300411.219, 2771500.737], [300429.083, 2771515.199], [300438.158, 2771510.946], [300456.306, 2771510.095], [300473.32, 2771504.991], [300475.872, 2771503.006], [300492.886, 2771504.707], [300510.751, 2771505.274], [300521.527, 2771510.946], [300528.616, 2771512.08], [300543.929, 2771508.677], [300559.809, 2771510.378], [300566.898, 2771512.363], [300579.659, 2771508.961], [300607.165, 2771500.17], [300620.209, 2771503.289], [300630.701, 2771504.707], [300636.656, 2771500.737], [300636.656, 2771496.2], [300633.41, 2771492.114], [300634.005, 2771490.338], [300637.094, 2771488.673], [300638.117, 2771483.949], [300641.024, 2771480.07], [300644.556, 2771480.542], [300647.502, 2771479.763], [300652.442, 2771475.268], [300656.005, 2771467.78], [300661.807, 2771459.177], [300666.566, 2771453.277], [300671.047, 2771447.601], [300675.348, 2771443.815], [300676.326, 2771435.497], [300677.845, 2771429.551], [300674.99, 2771425.834], [300675.988, 2771417.461], [300673.179, 2771410.87], [300674.791, 2771407.413], [300674.345, 2771393.741], [300675.144, 2771391.943], [300675.635, 2771385.798], [300673.129, 2771383.974], [300674.873, 2771377.102], [300672.197, 2771376.212], [300672.427, 2771373.908], [300674.054, 2771369.836], [300672.595, 2771366.411], [300674.745, 2771363.399], [300670.823, 2771358.652], [300665.727, 2771354.94], [300659.809, 2771350.218], [300655.772, 2771345.179], [300651.075, 2771340.324], [300654.562, 2771330.899], [300651.277, 2771329.055], [300647.486, 2771328.256], [300644.984, 2771324.999], [300640.778, 2771323.184], [300640.378, 2771318.578], [300640.804, 2771311.048], [300638.107, 2771308.039], [300631.476, 2771306.81], [300633.932, 2771303.369], [300632.52, 2771301.249], [300632.949, 2771296.978], [300620.475, 2771289.775], [300624.353, 2771284.196], [300622.281, 2771276.591], [300615.497, 2771273.553], [300614.422, 2771271.583], [300616.74, 2771264.777], [300614.806, 2771262.565], [300611.904, 2771259.247], [300606.619, 2771256.475], [300603.723, 2771259.615], [300600.285, 2771255.437], [300596.37, 2771252.671], [300591.505, 2771248.569], [300592.901, 2771245.327], [300591.259, 2771242.209], [300588.496, 2771239.214], [300580.77, 2771237.764], [300578.424, 2771233.548], [300577.634, 2771229.579], [300568.111, 2771220.778], [300567.0, 2771216.13], [300558.647, 2771214.219], [300553.091, 2771211.67], [300549.541, 2771206.979], [300547.764, 2771201.968], [300543.156, 2771196.486], [300539.56, 2771187.263], [300541.191, 2771182.122], [300538.069, 2771179.308], [300529.648, 2771174.011], [300529.168, 2771169.683], [300526.869, 2771166.814], [300524.276, 2771163.472], [300521.267, 2771157.02], [300521.298, 2771153.117], [300518.612, 2771149.23], [300511.988, 2771143.062], [300508.035, 2771134.682], [300503.523, 2771130.38], [300498.049, 2771123.241], [300490.139, 2771116.523], [300483.702, 2771102.268], [300481.138, 2771100.169], [300476.476, 2771095.467], [300469.288, 2771088.1], [300468.082, 2771085.865], [300465.154, 2771080.013], [300462.043, 2771076.184], [300459.322, 2771074.528], [300455.868, 2771072.453], [300451.202, 2771070.733], [300444.101, 2771062.43], [300435.163, 2771051.98], [300424.923, 2771040.007], [300416.025, 2771026.683], [300408.522, 2771019.884], [300411.234, 2771015.913], [300412.206, 2771012.264], [300409.259, 2771007.594], [300402.136, 2770999.974], [300396.288, 2770992.738], [300386.541, 2770980.678], [300378.844, 2770971.155], [300374.844, 2770966.206], [300370.945, 2770961.382], [300367.953, 2770958.848], [300366.141, 2770957.803], [300356.01, 2770952.318], [300349.087, 2770948.601], [300343.813, 2770944.228], [300343.13, 2770943.724], [300355.808, 2770936.359], [300388.855, 2770917.124], [300400.736, 2770910.025], [300412.618, 2770902.926], [300415.421, 2770902.028], [300427.273, 2770898.658], [300437.801, 2770896.172], [300434.647, 2770891.751], [300430.932, 2770892.703], [300447.026, 2770883.341], [300479.215, 2770864.617], [300516.768, 2770842.772], [300530.466, 2770835.525], [300537.209, 2770832.921], [300543.013, 2770831.658], [300547.719, 2770840.845], [300555.281, 2770848.11], [300559.969, 2770851.591], [300566.018, 2770856.586], [300568.438, 2770857.797], [300568.929, 2770858.44], [300570.342, 2770860.288], [300570.539, 2770866.016], [300572.315, 2770871.485], [300575.042, 2770877.11], [300578.823, 2770881.196], [300585.105, 2770884.041], [300587.868, 2770884.214], [300591.34, 2770886.516], [300595.638, 2770888.166], [300604.532, 2770896.029], [300609.976, 2770899.359], [300614.594, 2770903.819], [300619.402, 2770909.901], [300626.095, 2770918.895], [300627.567, 2770919.761], [300631.681, 2770921.524], [300643.174, 2770932.573], [300645.755, 2770936.139], [300648.089, 2770938.968], [300652.872, 2770944.483], [300659.829, 2770949.567], [300663.591, 2770953.309], [300666.147, 2770958.726], [300683.572, 2770974.555], [300688.161, 2770980.163], [300697.988, 2770984.209], [300702.426, 2770988.095], [300707.529, 2770990.663], [300713.871, 2770998.628], [300718.256, 2771002.109], [300720.524, 2771004.427], [300726.933, 2771011.257], [300729.769, 2771014.72], [300733.286, 2771018.954], [300737.614, 2771022.997], [300746.061, 2771026.812], [300745.635, 2771028.799], [300745.484, 2771030.409], [300746.686, 2771033.157], [300750.91, 2771036.566], [300758.462, 2771046.337], [300764.908, 2771061.426], [300768.33, 2771069.86], [300770.674, 2771077.366], [300769.955, 2771083.874], [300774.496, 2771095.881], [300775.248, 2771105.517], [300776.595, 2771109.851], [300780.727, 2771114.726], [300784.869, 2771118.252], [300787.034, 2771122.328], [300792.093, 2771129.355], [300795.286, 2771135.289], [300798.18, 2771140.013], [300802.793, 2771147.28], [300806.666, 2771159.014], [300817.365, 2771169.665], [300825.939, 2771179.875], [300836.231, 2771197.552], [300842.249, 2771217.079], [300844.228, 2771221.259], [300857.998, 2771257.275], [300862.549, 2771271.433], [300873.565, 2771302.161], [300877.431, 2771320.358], [300883.165, 2771333.096], [300887.343, 2771340.233], [300894.442, 2771347.957], [300898.676, 2771350.606], [300903.983, 2771351.16], [300911.623, 2771350.331], [300917.452, 2771347.596], [300917.995, 2771352.372], [300916.737, 2771360.276]]]}, "properties": {"編號": "9883", "圖層": "49", "顏色": "7", "街廓編號": "", "分區代碼": "PW1", "分區簡稱": "河川區", "使用分區": "河川區", "分區說明": "", "原屬分區": "", "變更前代碼": "", "變更前簡稱": "", "變更前分區": ""}}, {"type": "Feature", "geometry": {"type": "Polygon", "coordinates": [[[299742.341, 2771256.35], [299765.669, 2771242.688], [299784.152, 2771231.864], [299784.39, 2771231.725], [299787.239, 2771233.705], [299789.089, 2771234.471], [299791.63, 2771234.896], [299793.983, 2771235.282], [299795.626, 2771235.643], [299797.761, 2771237.09], [299799.199, 2771238.832], [299800.542, 2771241.265], [299741.02, 2771276.143], [299714.051, 2771291.946], [299713.285, 2771289.879], [299712.18, 2771288.054], [299708.854, 2771286.12], [299708.206, 2771283.316], [299707.682, 2771280.513], [299707.656, 2771278.16], [299707.697, 2771276.639], [299742.341, 2771256.35]]]}, "properties": {"編號": "9884", "圖層": "49", "顏色": "7", "街廓編號": "", "分區代碼": "PW1", "分區簡稱": "河川區", "使用分區": "河川區", "分區說明": "", "原屬分區": "", "變更前代碼": "", "變更前簡稱": "", "變更前分區": ""}}, {"type": "Feature", "geometry": {"type": "Polygon", "coordinates": [[[299893.143, 2771168.063], [299930.75, 2771146.114], [299933.16, 2771148.482], [299936.391, 2771150.048], [299938.806, 2771150.142], [299941.507, 2771149.854], [299944.421, 2771149.479], [299949.551, 2771148.463], [299951.932, 2771152.555], [299897.162, 2771184.649], [299875.214, 2771197.509], [299862.523, 2771204.946], [299862.468, 2771202.812], [299862.098, 2771200.828], [299861.062, 2771198.638], [299859.345, 2771196.541], [299857.183, 2771193.935], [299854.598, 2771190.975], [299893.143, 2771168.063]]]}, "properties": {"編號": "9885", "圖層": "49", "顏色": "7", "街廓編號": "", "分區代碼": "PW1", "分區簡稱": "河川區", "使用分區": "河川區", "分區說明": "", "原屬分區": "", "變更前代碼": "", "變更前簡稱": "", "變更前分區": ""}}, {"type": "Feature", "geometry": {"type": "Polygon", "coordinates": [[[300030.351, 2771103.316], [300029.858, 2771107.315], [299967.453, 2771143.574], [299965.403, 2771140.126], [299968.423, 2771138.997], [299971.44, 2771137.458], [299973.282, 2771136.282], [299975.069, 2771134.437], [299976.903, 2771131.684], [299979.012, 2771130.885], [299982.959, 2771130.654], [299985.303, 2771129.017], [299987.889, 2771126.843], [299993.586, 2771123.376], [300001.066, 2771119.374], [300006.599, 2771116.571], [300015.205, 2771112.405], [300018.647, 2771110.591], [300020.407, 2771108.479], [300021.332, 2771105.73], [300022.964, 2771102.154], [300025.289, 2771098.816], [300029.203, 2771097.831], [300030.241, 2771099.426], [300030.351, 2771103.316]]]}, "properties": {"編號": "9886", "圖層": "49", "顏色": "7", "街廓編號": "", "分區代碼": "PW1", "分區簡稱": "河川區", "使用分區": "河川區", "分區說明": "", "原屬分區": "", "變更前代碼": "", "變更前簡稱": "", "變更前分區": ""}}, {"type": "Feature", "geometry": {"type": "Polygon", "coordinates": [[[300511.503, 2770779.638], [300509.143, 2770783.663], [300502.305, 2770790.663], [300496.797, 2770794.425], [300487.056, 2770800.503], [300470.683, 2770809.959], [300432.482, 2770832.022], [300416.11, 2770841.478], [300405.195, 2770847.782], [300407.3, 2770845.611], [300404.903, 2770840.812], [300387.939, 2770857.569], [300366.939, 2770870.086], [300334.764, 2770888.951], [300304.959, 2770906.32], [300297.594, 2770904.177], [300291.23, 2770904.884], [300285.354, 2770907.331], [300276.983, 2770910.625], [300268.648, 2770912.776], [300262.92, 2770917.234], [300258.088, 2770920.396], [300249.108, 2770922.931], [300236.72, 2770924.574], [300229.107, 2770928.999], [300222.321, 2770931.182], [300217.06, 2770930.019], [300197.311, 2770933.098], [300152.271, 2770937.044], [300139.996, 2770933.198], [300134.194, 2770931.907], [300124.861, 2770931.907], [300114.447, 2770933.91], [300102.266, 2770938.544], [300092.442, 2770946.901], [300082.864, 2770949.113], [300074.23, 2770952.737], [300067.637, 2770955.504], [300055.111, 2770959.437], [300046.761, 2770959.683], [300040.13, 2770954.029], [300036.905, 2770953.28], [300033.007, 2770951.817], [300031.807, 2770952.794], [300030.925, 2770953.034], [300030.925, 2770949.991], [300027.705, 2770957.917], [300021.355, 2770965.556], [300018.842, 2770970.91], [300011.487, 2770976.418], [300007.896, 2770982.403], [300008.191, 2770990.863], [300010.698, 2770998.517], [300016.084, 2771005.768], [300019.622, 2771013.416], [300021.642, 2771020.644], [300025.457, 2771029.346], [300026.651, 2771037.541], [300029.268, 2771046.311], [300027.503, 2771063.715], [299905.111, 2771135.594], [299844.893, 2771170.747], [299836.314, 2771163.807], [299827.544, 2771156.52], [299819.739, 2771149.866], [299812.799, 2771143.614], [299811.557, 2771139.848], [299811.426, 2771137.61], [299809.857, 2771134.184], [299806.76, 2771131.602], [299799.141, 2771129.258], [299787.14, 2771126.276], [299779.939, 2771126.061], [299774.255, 2771129.033], [299769.761, 2771133.488], [299766.209, 2771137.656], [299761.404, 2771143.919], [299757.109, 2771150.284], [299752.917, 2771158.159], [299754.033, 2771163.468], [299757.218, 2771167.777], [299761.351, 2771172.164], [299764.612, 2771176.364], [299765.26, 2771181.748], [299765.686, 2771187.564], [299768.098, 2771191.216], [299771.353, 2771193.383], [299774.824, 2771195.967], [299775.34, 2771198.844], [299775.269, 2771204.333], [299775.127, 2771208.876], [299774.752, 2771214.38], [299703.685, 2771256.993], [299698.854, 2771257.682], [299694.834, 2771252.493], [299693.175, 2771247.097], [299693.355, 2771244.611], [299693.844, 2771241.331], [299692.694, 2771235.379], [299689.853, 2771228.719], [299687.526, 2771224.708], [299687.228, 2771219.754], [299685.041, 2771214.936], [299682.963, 2771212.481], [299678.125, 2771206.809], [299674.744, 2771202.53], [299669.879, 2771196.013], [299656.497, 2771183.155], [299648.281, 2771174.608], [299643.577, 2771169.497], [299639.758, 2771166.19], [299637.139, 2771167.269], [299634.256, 2771168.983], [299632.305, 2771166.384], [299633.468, 2771163.864], [299634.362, 2771160.953], [299635.004, 2771155.746], [299632.378, 2771150.829], [299627.975, 2771145.561], [299623.562, 2771141.881], [299619.252, 2771137.874], [299617.841, 2771132.894], [299617.646, 2771122.932], [299617.026, 2771118.016], [299615.172, 2771112.931], [299610.162, 2771109.019], [299605.306, 2771106.715], [299598.984, 2771103.785], [299598.017, 2771102.685], [299594.257, 2771096.889], [299588.477, 2771089.223], [299582.798, 2771082.841], [299571.226, 2771072.706], [299558.94, 2771064.416], [299545.01, 2771054.939], [299539.683, 2771049.306], [299534.64, 2771045.304], [299522.582, 2771041.704], [299511.991, 2771039.326], [299505.567, 2771036.387], [299493.463, 2771034.158], [299480.219, 2771032.607], [299465.638, 2771031.145], [299451.091, 2771027.847], [299431.769, 2771025.398], [299423.141, 2771025.482], [299412.618, 2771029.895], [299407.363, 2771034.059], [299403.575, 2771040.393], [299400.049, 2771045.855], [299395.805, 2771053.634], [299393.279, 2771059.472], [299390.702, 2771064.454], [299377.564, 2771069.861], [299370.658, 2771071.21], [299366.316, 2771069.548], [299361.635, 2771066.069], [299359.778, 2771061.555], [299357.013, 2771056.323], [299350.016, 2771047.692], [299341.424, 2771040.325], [299333.771, 2771035.302], [299326.367, 2771029.497], [299321.321, 2771024.519], [299317.391, 2771017.962], [299315.289, 2771010.602], [299316.59, 2771004.645], [299318.923, 2770998.462], [299319.481, 2770992.058], [299316.362, 2770986.219], [299312.39, 2770982.889], [299302.375, 2770978.376], [299295.592, 2770974.584], [299289.716, 2770972.06], [299282.636, 2770969.557], [299276.628, 2770966.066], [299272.834, 2770962.696], [299267.174, 2770957.882], [299263.533, 2770955.35], [299260.204, 2770954.662], [299253.336, 2770956.615], [299247.386, 2770959.633], [299243.067, 2770959.64], [299237.074, 2770958.537], [299231.478, 2770957.211], [299224.788, 2770956.507], [299220.216, 2770958.158], [299216.885, 2770961.267], [299202.42, 2770952.668], [299204.683, 2770948.402], [299206.419, 2770943.856], [299208.092, 2770937.395], [299208.909, 2770930.523], [299206.665, 2770918.543], [299203.296, 2770912.092], [299199.068, 2770906.806], [299193.194, 2770902.085], [299184.524, 2770896.795], [299177.555, 2770892.564], [299170.526, 2770888.796], [299164.635, 2770886.637], [299157.299, 2770885.08], [299150.196, 2770884.162], [299145.551, 2770883.597], [299140.625, 2770882.93], [299131.024, 2770882.116], [299124.504, 2770882.576], [299118.358, 2770884.587], [299112.571, 2770888.283], [299091.576, 2770880.247], [299028.917, 2770850.566], [298959.662, 2770796.02], [298882.987, 2770705.46], [298794.357, 2770586.738], [298742.416, 2770515.01], [298685.788, 2770414.5], [298578.198, 2770131.788], [298595.053, 2770137.748], [298604.696, 2770144.827], [298613.607, 2770153.507], [298624.409, 2770159.85], [298637.953, 2770162.59], [298648.033, 2770161.969], [298663.082, 2770156.039], [298678.712, 2770154.865], [298697.554, 2770154.918], [298710.286, 2770154.712], [298722.785, 2770153.326], [298732.32, 2770150.471], [298738.748, 2770143.598], [298740.013, 2770139.271], [298741.193, 2770130.649], [298741.764, 2770123.065], [298742.564, 2770115.517], [298742.736, 2770109.108], [298742.376, 2770102.686], [298741.823, 2770095.655], [298741.554, 2770091.02], [298740.075, 2770075.268], [298740.294, 2770071.284], [298741.549, 2770064.951], [298744.329, 2770055.987], [298746.185, 2770050.233], [298747.578, 2770044.926], [298748.4, 2770039.097], [298747.599, 2770033.636], [298745.399, 2770028.171], [298742.113, 2770022.019], [298736.79, 2770014.687], [298731.481, 2770007.629], [298728.968, 2770003.439], [298727.24, 2769999.229], [298726.495, 2769996.067], [298725.973, 2769992.837], [298725.387, 2769985.522], [298725.462, 2769974.925], [298725.997, 2769961.725], [298725.841, 2769950.437], [298725.231, 2769944.851], [298723.823, 2769939.061], [298721.798, 2769934.694], [298719.89, 2769931.461], [298717.101, 2769927.175], [298714.438, 2769922.996], [298712.253, 2769918.966], [298710.847, 2769915.434], [298709.631, 2769910.71], [298709.021, 2769907.329], [298708.604, 2769904.052], [298708.262, 2769898.745], [298708.293, 2769893.996], [298708.597, 2769889.839], [298709.558, 2769886.733], [298710.905, 2769885.21], [298713.801, 2769883.222], [298718.685, 2769881.381], [298723.635, 2769880.065], [298730.202, 2769878.584], [298735.725, 2769877.282], [298739.228, 2769876.105], [298740.394, 2769875.155], [298739.158, 2769874.248], [298736.463, 2769873.446], [298733.153, 2769872.738], [298728.462, 2769871.935], [298723.818, 2769871.288], [298719.862, 2769871.468], [298716.437, 2769872.007], [298711.143, 2769872.358], [298708.683, 2769871.297], [298707.005, 2769868.712], [298706.23, 2769866.206], [298705.816, 2769864.029], [298705.557, 2769862.181], [298705.074, 2769858.123], [298704.439, 2769854.18], [298701.998, 2769847.163], [298700.451, 2769843.545], [298699.364, 2769840.701], [298698.768, 2769838.735], [298698.41, 2769837.07], [298698.757, 2769834.554], [298701.81, 2769832.106], [298887.67841938545, 2769826.919281472], [298893.929, 2769835.818], [298898.712, 2769843.853], [298899.556, 2769847.684], [298900.034, 2769851.615], [298900.288, 2769855.15], [298900.866, 2769865.255], [298901.851, 2769873.641], [298903.186, 2769883.01], [298905.46, 2769895.205], [298907.237, 2769902.869], [298908.955, 2769909.419], [298910.805, 2769914.714], [298913.142, 2769924.152], [298912.297, 2769929.937], [298909.154, 2769937.164], [298906.766, 2769944.071], [298905.829, 2769950.788], [298907.346, 2769957.096], [298910.322, 2769962.205], [298913.429, 2769967.3], [298915.533, 2769971.695], [298924.889, 2769988.056], [298930.101, 2769995.471], [298936.926, 2770005.521], [298942.982, 2770018.374], [298946.883, 2770026.204], [298952.753, 2770035.109], [298965.151, 2770054.227], [298968.106, 2770059.173], [298970.72, 2770064.087], [298972.958, 2770068.208], [298976.898, 2770072.996], [298980.809, 2770076.739], [298985.063, 2770080.882], [298988.848, 2770084.399], [298991.849, 2770086.855], [298995.04, 2770088.93], [298997.158, 2770089.8], [298999.579, 2770087.555], [299002.126, 2770084.36], [299000.191, 2770091.872], [299001.308, 2770093.824], [299003.948, 2770096.457], [299007.718, 2770098.974], [299011.968, 2770100.983], [299019.036, 2770102.967], [299023.45, 2770102.288], [299026.149, 2770100.017], [299030.228, 2770101.249], [299031.768, 2770100.988], [299034.736, 2770097.452], [299038.716, 2770091.222], [299041.956, 2770087.54], [299046.152, 2770085.095], [299052.086, 2770083.084], [299056.296, 2770082.246], [299059.47, 2770081.856], [299063.031, 2770081.661], [299067.67, 2770082.19], [299071.59, 2770083.09], [299075.851, 2770084.154], [299081.6, 2770085.003], [299084.262, 2770084.789], [299085.45, 2770083.921], [299087.031, 2770080.956], [299088.64, 2770078.024], [299091.481, 2770077.008], [299095.535, 2770077.846], [299099.11, 2770078.071], [299101.921, 2770076.131], [299103.592, 2770074.196], [299105.345, 2770071.736], [299109.897, 2770065.573], [299111.301, 2770064.359], [299113.637, 2770063.365], [299116.387, 2770063.418], [299119.376, 2770064.234], [299122.779, 2770065.756], [299127.362, 2770068.272], [299130.878, 2770070.215], [299134.758, 2770072.02], [299138.435, 2770073.044], [299140.699, 2770072.805], [299142.947, 2770071.722], [299144.849, 2770070.071], [299146.222, 2770067.639], [299147.294, 2770064.726], [299148.327, 2770061.701], [299150.505, 2770054.527], [299152.918, 2770045.102], [299154.761, 2770036.672], [299156.951, 2770025.201], [299156.647, 2770023.356], [299155.062, 2770018.046], [299158.735, 2770011.097], [299160.867, 2770008.128], [299162.548, 2770006.156], [299164.074, 2770004.62], [299166.062, 2770002.983], [299170.062, 2770001.874], [299173.525, 2770001.732], [299177.285, 2770001.18], [299180.875, 2769998.562], [299182.352, 2769994.935], [299182.916, 2769990.928], [299182.719, 2769986.92], [299181.681, 2769982.912], [299179.765, 2769979.169], [299174.555, 2769975.272], [299172.441, 2769971.765], [299176.812, 2769971.26], [299179.98, 2769970.404], [299184.193, 2769967.149], [299188.56, 2769958.328], [299191.086, 2769951.429], [299194.579, 2769946.714], [299198.125, 2769942.795], [299201.555, 2769939.447], [299210.323, 2769933.284], [299215.998, 2769931.282], [299229.533, 2769929.806], [299241.047, 2769931.116], [299245.621, 2769934.469], [299247.576, 2769938.17], [299250.644, 2769942.36], [299256.262, 2769945.604], [299264.794, 2769946.744], [299275.313, 2769945.442], [299288.219, 2769944.49], [299297.362, 2769943.89], [299312.416, 2769943.233], [299325.481, 2769943.151], [299337.284, 2769944.646], [299348.462, 2769947.484], [299361.101, 2769950.962], [299373.74, 2769954.398], [299384.206, 2769955.487], [299394.021, 2769956.042], [299400.7, 2769956.017], [299404.7, 2769954.429], [299407.931, 2769950.653], [299409.669, 2769949.584], [299412.599, 2769950.396], [299415.085, 2769952.226], [299417.696, 2769954.41], [299425.905, 2769960.306], [299435.175, 2769968.889], [299436.317, 2769971.626], [299436.889, 2769975.991], [299438.019, 2769981.707], [299440.315, 2769985.207], [299444.423, 2769989.98], [299446.376, 2769993.791], [299446.263, 2769998.482], [299442.83, 2770000.441], [299438.724, 2770000.539], [299434.506, 2770000.249], [299429.697, 2770000.095], [299424.02, 2770001.273], [299417.22, 2770004.806], [299411.246, 2770009.348], [299404.757, 2770017.082], [299400.938, 2770025.699], [299398.448, 2770036.211], [299397.134, 2770045.943], [299396.405, 2770055.703], [299396.568, 2770062.716], [299396.809, 2770070.748], [299397.766, 2770076.884], [299400.372, 2770083.515], [299405.567, 2770090.26], [299407.44, 2770093.207], [299407.709, 2770095.495], [299405.285, 2770097.853], [299402.65, 2770098.549], [299399.412, 2770097.683], [299395.591, 2770095.897], [299392.281, 2770094.242], [299389.38, 2770093.086], [299383.255, 2770092.574], [299373.667, 2770094.8], [299367.719, 2770096.192], [299353.702, 2770099.514], [299345.571, 2770104.403], [299343.067, 2770108.31], [299341.726, 2770114.335], [299345.512, 2770120.341], [299342.878, 2770123.056], [299335.466, 2770124.209], [299330.925, 2770127.182], [299318.036, 2770139.841], [299303.787, 2770154.588], [299285.745, 2770174.339], [299277.974, 2770183.205], [299266.235, 2770196.994], [299263.877, 2770200.699], [299257.687, 2770219.421], [299254.805, 2770225.65], [299247.919, 2770228.408], [299244.518, 2770228.15], [299235.0, 2770226.622], [299227.52, 2770224.651], [299217.561, 2770221.548], [299207.516, 2770218.34], [299195.524, 2770213.878], [299186.818, 2770209.764], [299177.485, 2770203.95], [299169.238, 2770197.43], [299164.728, 2770193.354], [299160.409, 2770189.144], [299155.783, 2770184.339], [299152.18, 2770180.418], [299148.412, 2770176.187], [299145.404, 2770171.645], [299143.183, 2770166.596], [299141.66, 2770162.904], [299138.454, 2770157.196], [299132.545, 2770152.477], [299127.245, 2770150.96], [299122.586, 2770153.76], [299118.517, 2770154.837], [299113.379, 2770156.381], [299106.931, 2770158.372], [299102.964, 2770161.336], [299103.785, 2770162.757], [299109.998, 2770167.954], [299114.927, 2770171.191], [299122.121, 2770177.292], [299124.841, 2770181.553], [299128.601, 2770184.033], [299129.672, 2770188.547], [299130.606, 2770193.738], [299133.099, 2770197.847], [299135.326, 2770198.17], [299140.339, 2770198.149], [299143.862, 2770200.539], [299145.801, 2770202.875], [299148.377, 2770204.934], [299154.44, 2770207.751], [299161.801, 2770213.402], [299168.984, 2770219.244], [299174.858, 2770223.571], [299178.821, 2770224.699], [299183.606, 2770224.499], [299187.717, 2770225.5], [299190.631, 2770228.286], [299194.722, 2770234.404], [299197.838, 2770239.524], [299200.873, 2770245.189], [299204.392, 2770250.426], [299209.074, 2770254.963], [299211.684, 2770256.294], [299214.686, 2770255.302], [299216.821, 2770252.457], [299219.172, 2770248.875], [299222.369, 2770246.489], [299225.73, 2770247.086], [299228.125, 2770249.559], [299228.942, 2770255.514], [299223.917, 2770258.555], [299221.308, 2770260.14], [299222.713, 2770262.872], [299226.455, 2770267.439], [299229.503, 2770270.61], [299233.745, 2770274.984], [299237.66, 2770278.072], [299241.419, 2770281.909], [299243.613, 2770284.68], [299247.087, 2770286.489], [299250.448, 2770286.848], [299252.596, 2770286.105], [299257.841, 2770280.308], [299261.23, 2770276.049], [299265.362, 2770273.741], [299268.559, 2770274.815], [299271.724, 2770276.937], [299275.013, 2770279.344], [299279.108, 2770280.689], [299280.569, 2770278.872], [299282.235, 2770273.632], [299282.844, 2770267.251], [299281.953, 2770260.639], [299280.527, 2770255.802], [299283.641, 2770252.688], [299286.694, 2770253.37], [299292.752, 2770255.406], [299297.936, 2770257.623], [299301.605, 2770260.069], [299304.261, 2770263.69], [299305.705, 2770269.582], [299305.831, 2770276.563], [299304.233, 2770282.937], [299301.725, 2770289.309], [299298.275, 2770296.02], [299298.124, 2770300.567], [299300.173, 2770304.975], [299302.832, 2770306.95], [299306.009, 2770308.037], [299311.032, 2770309.621], [299314.085, 2770311.737], [299316.804, 2770314.744], [299319.218, 2770317.987], [299324.367, 2770324.408], [299327.415, 2770326.718], [299333.924, 2770328.51], [299340.725, 2770331.303], [299347.387, 2770335.179], [299353.327, 2770339.974], [299355.901, 2770344.188], [299357.238, 2770350.107], [299359.201, 2770354.998], [299362.944, 2770358.75], [299368.648, 2770362.439], [299376.514, 2770365.281], [299387.598, 2770366.733], [299395.471, 2770371.491], [299399.977, 2770377.51], [299404.14, 2770383.833], [299407.544, 2770390.524], [299412.827, 2770397.571], [299419.09, 2770402.579], [299428.718, 2770408.421], [299434.403, 2770410.883], [299441.419, 2770412.256], [299445.601, 2770412.806], [299450.972, 2770410.716], [299455.262, 2770407.958], [299459.581, 2770407.468], [299463.722, 2770408.822], [299467.91, 2770411.319], [299473.462, 2770415.089], [299479.843, 2770420.368], [299482.932, 2770423.662], [299485.704, 2770428.408], [299487.989, 2770433.216], [299490.326, 2770437.025], [299493.228, 2770440.806], [299496.099, 2770444.126], [299502.04, 2770449.411], [299508.589, 2770453.35], [299514.532, 2770455.657], [299515.708, 2770455.381], [299515.239, 2770450.912], [299512.037, 2770441.058], [299509.645, 2770431.157], [299509.256, 2770425.586], [299508.778, 2770419.828], [299506.325, 2770412.135], [299503.224, 2770406.461], [299502.31, 2770400.584], [299505.57, 2770394.408], [299509.873, 2770389.139], [299516.106, 2770383.889], [299527.295, 2770379.071], [299537.305, 2770377.246], [299543.373, 2770377.552], [299549.485, 2770378.499], [299559.005, 2770380.497], [299572.113, 2770382.393], [299580.945, 2770382.992], [299588.804, 2770383.35], [299598.983, 2770383.278], [299605.334, 2770382.76], [299612.092, 2770381.575], [299619.494, 2770379.006], [299625.846, 2770375.863], [299630.703, 2770372.974], [299638.657, 2770367.004], [299641.87, 2770363.977], [299648.702, 2770356.452], [299655.374, 2770348.188], [299659.517, 2770342.519], [299663.027, 2770336.977], [299666.044, 2770331.045], [299668.137, 2770324.432], [299669.04, 2770318.196], [299669.225, 2770313.807], [299669.118, 2770309.894], [299667.86, 2770305.107], [299664.832, 2770299.244], [299660.797, 2770291.383], [299658.554, 2770286.4], [299656.868, 2770282.716], [299654.269, 2770278.411], [299650.885, 2770276.857], [299645.708, 2770276.279], [299639.799, 2770274.477], [299635.52, 2770272.558], [299639.068, 2770267.357], [299642.192, 2770270.001], [299645.721, 2770271.776], [299648.569, 2770272.247], [299653.628, 2770271.469], [299656.476, 2770268.788], [299658.865, 2770264.458], [299662.101, 2770256.678], [299664.988, 2770251.524], [299668.507, 2770248.249], [299673.756, 2770244.75], [299676.892, 2770241.738], [299678.072, 2770236.791], [299677.077, 2770230.939], [299675.704, 2770226.332], [299674.221, 2770222.379], [299672.597, 2770219.566], [299669.315, 2770218.989], [299665.402, 2770217.905], [299665.275, 2770214.462], [299665.289, 2770211.007], [299665.514, 2770206.573], [299666.263, 2770202.317], [299667.533, 2770197.118], [299669.748, 2770189.914], [299672.283, 2770184.047], [299676.032, 2770179.264], [299678.267, 2770178.363], [299682.715, 2770177.858], [299685.606, 2770178.437], [299689.825, 2770180.398], [299693.636, 2770182.215], [299699.113, 2770183.207], [299705.755, 2770183.093], [299710.603, 2770182.346], [299713.696, 2770180.785], [299715.75, 2770176.578], [299717.626, 2770170.914], [299719.998, 2770171.554], [299723.03, 2770175.642], [299726.646, 2770177.899], [299730.521, 2770177.548], [299734.213, 2770176.676], [299739.546, 2770175.32], [299747.094, 2770174.909], [299752.8, 2770176.362], [299756.523, 2770178.538], [299761.268, 2770182.555], [299764.705, 2770186.724], [299770.591, 2770188.326], [299774.947, 2770187.81], [299781.263, 2770188.142], [299784.036, 2770190.177], [299786.869, 2770193.269], [299791.202, 2770196.715], [299796.606, 2770199.742], [299801.727, 2770198.053], [299806.081, 2770194.079], [299810.118, 2770189.79], [299815.785, 2770180.649], [299816.283, 2770175.846], [299816.756, 2770171.813], [299818.686, 2770166.622], [299821.431, 2770163.412], [299825.27, 2770160.111], [299829.462, 2770165.465], [299824.668, 2770170.448], [299822.307, 2770174.847], [299820.027, 2770183.9], [299815.624, 2770192.23], [299813.771, 2770199.143], [299812.844, 2770204.226], [299813.036, 2770210.408], [299814.475, 2770213.518], [299817.929, 2770215.878], [299823.193, 2770217.918], [299828.626, 2770221.791], [299834.917, 2770228.257], [299840.356, 2770233.187], [299846.156, 2770237.603], [299851.275, 2770241.008], [299856.615, 2770244.273], [299863.927, 2770248.27], [299871.711, 2770252.073], [299881.304, 2770258.14], [299886.098, 2770259.874], [299891.296, 2770260.478], [299897.255, 2770260.742], [299905.416, 2770262.864], [299909.922, 2770265.634], [299913.709, 2770266.303], [299918.904, 2770270.086], [299923.117, 2770276.313], [299926.056, 2770282.723], [299927.698, 2770288.955], [299927.565, 2770296.02], [299925.015, 2770302.116], [299922.913, 2770305.714], [299922.163, 2770309.874], [299921.882, 2770318.258], [299921.43, 2770331.138], [299920.987, 2770337.584], [299919.794, 2770347.973], [299916.609, 2770362.6], [299911.221, 2770375.392], [299907.977, 2770380.187], [299902.827, 2770385.407], [299898.172, 2770388.358], [299892.832, 2770391.417], [299888.295, 2770396.402], [299884.803, 2770402.052], [299881.261, 2770405.381], [299878.782, 2770403.275], [299876.98, 2770400.916], [299874.525, 2770397.078], [299871.673, 2770392.575], [299867.746, 2770387.733], [299863.412, 2770384.533], [299858.811, 2770382.101], [299852.812, 2770379.245], [299844.036, 2770374.152], [299833.382, 2770367.397], [299827.275, 2770362.38], [299824.55, 2770358.546], [299821.453, 2770353.084], [299817.333, 2770348.556], [299811.648, 2770344.934], [299804.052, 2770341.549], [299796.799, 2770339.892], [299788.416, 2770342.036], [299783.097, 2770345.224], [299778.029, 2770350.287], [299773.739, 2770354.613], [299767.063, 2770358.568], [299761.756, 2770360.405], [299754.679, 2770361.189], [299747.527, 2770360.147], [299743.277, 2770359.404], [299737.05, 2770359.129], [299729.179, 2770359.699], [299723.347, 2770359.34], [299718.957, 2770358.063], [299711.897, 2770355.089], [299703.827, 2770349.552], [299700.336, 2770344.453], [299697.403, 2770336.632], [299694.261, 2770330.931], [299692.612, 2770330.773], [299687.293, 2770334.834], [299680.836, 2770341.439], [299676.693, 2770347.088], [299674.944, 2770351.614], [299673.796, 2770359.892], [299671.581, 2770365.286], [299665.859, 2770372.555], [299658.611, 2770379.716], [299649.287, 2770388.723], [299640.78, 2770400.184], [299633.216, 2770410.19], [299626.057, 2770416.106], [299621.018, 2770421.28], [299616.506, 2770429.698], [299613.464, 2770440.833], [299615.011, 2770449.185], [299619.352, 2770456.84], [299623.855, 2770463.155], [299628.874, 2770468.917], [299632.079, 2770471.939], [299637.207, 2770476.168], [299645.173, 2770482.466], [299650.144, 2770486.987], [299653.579, 2770494.899], [299655.516, 2770505.731], [299658.647, 2770514.665], [299665.916, 2770519.654], [299676.293, 2770523.764], [299688.319, 2770529.092], [299701.448, 2770534.757], [299710.466, 2770538.219], [299725.962, 2770538.39], [299736.147, 2770537.471], [299756.735, 2770534.334], [299770.315, 2770531.004], [299786.343, 2770526.659], [299800.304, 2770526.081], [299812.792, 2770526.273], [299822.736, 2770525.133], [299838.533, 2770520.808], [299846.48, 2770516.279], [299857.702, 2770510.716], [299870.646, 2770506.193], [299880.22, 2770504.906], [299887.036, 2770505.461], [299894.545, 2770506.769], [299906.711, 2770510.092], [299913.759, 2770512.02], [299923.472, 2770513.021], [299933.065, 2770513.169], [299940.687, 2770513.155], [299949.261, 2770510.517], [299956.444, 2770505.944], [299964.907, 2770501.041], [299969.434, 2770499.936], [299974.915, 2770501.6], [299981.465, 2770504.232], [299989.81, 2770506.04], [299999.54, 2770507.593], [300005.717, 2770508.109], [300013.554, 2770508.586], [300018.874, 2770508.863], [300024.055, 2770509.096], [300028.407, 2770509.264], [300031.531, 2770509.818], [300042.674, 2770512.661], [300065.427, 2770517.731], [300069.031, 2770516.288], [300089.593, 2770514.63], [300105.466, 2770511.453], [300119.533, 2770510.379], [300135.404, 2770511.73], [300151.624, 2770511.634], [300160.904, 2770509.312], [300180.826, 2770501.634], [300196.595, 2770496.88], [300204.81, 2770496.414], [300207.801, 2770495.312], [300220.859, 2770496.937], [300228.897, 2770495.832], [300237.256, 2770484.677], [300241.649, 2770475.775], [300247.342, 2770468.9], [300260.702, 2770460.728], [300272.122, 2770457.937], [300284.145, 2770462.449], [300300.975, 2770474.235], [300311.629, 2770488.273], [300313.498, 2770495.293], [300323.407, 2770502.238], [300336.242, 2770502.714], [300346.103, 2770500.256], [300359.591, 2770500.101], [300362.091, 2770518.122], [300366.766, 2770544.394], [300370.796, 2770559.393], [300380.493, 2770571.736], [300397.859, 2770587.746], [300402.535, 2770587.278], [300410.884, 2770591.523], [300415.491, 2770602.796], [300423.859, 2770613.573], [300430.394, 2770618.943], [300439.032, 2770626.05], [300448.606, 2770635.632], [300449.651, 2770642.426], [300454.571, 2770645.393], [300462.471, 2770657.516], [300469.847, 2770681.591], [300473.581, 2770691.246], [300475.703, 2770696.733], [300480.133, 2770706.76], [300481.679, 2770725.852], [300483.264, 2770734.198], [300497.149, 2770750.511], [300501.573, 2770752.535], [300504.179, 2770765.053], [300508.454, 2770776.284], [300511.503, 2770779.638]]]}, "properties": {"編號": "9887", "圖層": "49", "顏色": "7", "街廓編號": "", "分區代碼": "PW1", "分區簡稱": "河川區", "使用分區": "河川區", "分區說明": "", "原屬分區": "", "變更前代碼": "", "變更前簡稱": "", "變更前分區": ""}}, {"type": "Feature", "geometry": {"type": "Polygon", "coordinates": [[[300856.9421639953, 2771103.4403893594], [300872.758, 2771099.368], [300873.39154927613, 2771100.0], [300903.01899999974, 2771129.555], [300919.73700000026, 2771145.959], [300932.025, 2771158.175], [300966.6839999998, 2771191.917], [300975.12592579244, 2771200.2508097063], [301018.8457200105, 2771276.5267688935], [301005.6063384893, 2771284.185317144], [300980.104, 2771242.281], [300964.276, 2771221.16], [300937.731, 2771187.592], [300932.408, 2771181.475], [300906.633, 2771151.853], [300882.716, 2771127.67], [300856.9421639953, 2771103.4403893594]]]}, "properties": {"編號": "12260", "圖層": "49", "顏色": "7", "街廓編號": "", "分區代碼": "PW1", "分區簡稱": "河川區", "使用分區": "河川區", "分區說明": "", "原屬分區": "", "變更前代碼": "", "變更前簡稱": "", "變更前分區": ""}}, {"type": "Feature", "geometry": {"type": "Polygon", "coordinates": [[[300872.758, 2771099.368], [300856.9421639953, 2771103.4403893594], [300793.639, 2771043.93], [300727.172, 2770982.538], [300682.712, 2770944.185], [300674.99759666895, 2770937.5301893814], [300691.0130000002, 2770933.611], [300701.939, 2770943.873], [300784.025, 2771015.027], [300802.9332026448, 2771032.6673174067], [300824.147, 2771051.898], [300826.832, 2771054.332], [300872.758, 2771099.368]]]}, "properties": {"編號": "12261", "圖層": "49", "顏色": "7", "街廓編號": "", "分區代碼": "PW1", "分區簡稱": "河川區", "使用分區": "河川區", "分區說明": "", "原屬分區": "", "變更前代碼": "", "變更前簡稱": "", "變更前分區": ""}}, {"type": "Feature", "geometry": {"type": "Polygon", "coordinates": [[[300069.656, 2770209.851], [300026.55293968174, 2770183.856764195], [300026.502, 2770174.006], [300026.4583672805, 2770171.9223318337], [300027.223, 2770172.489], [300031.411, 2770174.526], [300073.127, 2770199.683], [300073.903, 2770200.195], [300098.462, 2770220.36], [300120.805, 2770238.706], [300129.16, 2770245.567], [300246.901, 2770347.68], [300257.3391303761, 2770357.826818749], [300258.19727657293, 2770358.4133880003], [300258.2081280808, 2770358.422848375], [300262.348, 2770362.032], [300265.31572773814, 2770364.587982603], [300272.688, 2770370.985], [300277.772, 2770375.2499999995], [300285.04399999976, 2770381.395], [300291.8299999998, 2770387.041], [300297.70099999977, 2770392.026], [300305.2630000002, 2770398.353], [300307.6580000002, 2770400.323], [300316.8300000005, 2770408.213], [300332.817, 2770421.84], [300348.316, 2770434.846], [300373.3990000005, 2770456.446], [300379.7030000005, 2770461.701], [300385.07900000026, 2770466.475], [300395.13600000023, 2770475.299], [300400.206, 2770479.674], [300403.107, 2770482.091], [300405.432, 2770484.022], [300407.5779999995, 2770485.814], [300409.264, 2770487.205], [300410.352, 2770488.096], [300411.3820000002, 2770488.921], [300416.622, 2770493.148], [300425.18189841177, 2770500.0], [300431.723, 2770505.236], [300442.36700000026, 2770516.523], [300442.89500000025, 2770517.075], [300444.295, 2770518.5], [300447.36599999975, 2770522.384], [300450.34, 2770526.127], [300451.9979999998, 2770528.171], [300459.62099999975, 2770539.448], [300466.43499999976, 2770551.508], [300470.646, 2770561.39], [300472.274, 2770566.395], [300475.63300000026, 2770577.3], [300477.696, 2770583.801], [300479.014, 2770589.067], [300481.93999999977, 2770600.275], [300483.897, 2770607.989], [300489.861, 2770632.069], [300492.395, 2770642.207], [300494.33199999976, 2770650.141], [300498.8090000005, 2770667.89], [300501.13600000023, 2770677.141], [300506.95399999974, 2770700.601], [300508.01600000024, 2770704.85], [300510.054, 2770713.129], [300516.64000000025, 2770739.277], [300520.95718116, 2770756.410601599], [300526.76, 2770771.842], [300532.622, 2770784.017], [300536.1161280956, 2770790.382498911], [300548.03369132517, 2770807.847110196], [300549.28500000027, 2770809.522], [300555.0249999998, 2770816.566], [300557.22800000024, 2770818.741], [300566.04700000025, 2770827.407], [300691.0130000002, 2770933.611], [300674.99759666895, 2770937.5301893814], [300660.5961191442, 2770925.10679104], [300554.2015331278, 2770829.22327958], [300544.078, 2770817.89], [300540.4187059491, 2770812.0957411663], [300529.1612156055, 2770794.2702229195], [300518.166, 2770776.86], [300516.1216803186, 2770771.760801599], [300515.787, 2770770.926], [300513.609, 2770763.409], [300495.442, 2770700.702], [300474.939, 2770640.262], [300470.053, 2770620.872], [300469.5055985596, 2770618.8359720143], [300460.301, 2770584.6], [300455.691, 2770570.348], [300448.684, 2770548.689], [300444.065, 2770540.71], [300438.295, 2770532.692], [300353.572, 2770456.209], [300299.267, 2770410.919], [300291.654, 2770404.57], [300263.711, 2770377.765], [300250.81, 2770366.584], [300244.816, 2770361.389], [300146.08, 2770274.98], [300113.934, 2770247.828], [300112.285, 2770246.435], [300069.656, 2770209.851]]]}, "properties": {"編號": "12262", "圖層": "49", "顏色": "7", "街廓編號": "", "分區代碼": "PW1", "分區簡稱": "河川區", "使用分區": "河川區", "分區說明": "", "原屬分區": "", "變更前代碼": "", "變更前簡稱": "", "變更前分區": ""}}, {"type": "Feature", "geometry": {"type": "Polygon", "coordinates": [[[300026.4583672805, 2770171.9223318337], [300026.502, 2770174.006], [300026.55293968174, 2770183.856764195], [300017.828, 2770178.595], [300003.184, 2770167.743], [299997.144, 2770163.309], [299990.873, 2770159.33], [299986.044, 2770156.236], [299985.378, 2770155.809], [299980.274, 2770152.683], [299975.793, 2770149.993], [299970.654, 2770146.862], [299966.839, 2770144.63], [299962.346, 2770142.057], [299957.55, 2770139.29], [299953.256, 2770136.917], [299949.143, 2770134.661], [299944.266, 2770132.069], [299938.007, 2770128.832], [299936.345, 2770127.955], [299931.171374902, 2770125.222290227], [299931.15, 2770125.211], [299931.171, 2770125.223], [299931.14949292754, 2770125.211990573], [299922.388, 2770120.727], [299914.668, 2770116.699], [299914.668, 2770116.698], [299912.763, 2770115.704], [299905.575, 2770111.983], [299900.96, 2770109.594], [299900.922, 2770109.574], [299889.408, 2770103.733], [299889.375, 2770103.716], [299889.343, 2770103.699], [299878.823, 2770098.27], [299870.103, 2770093.787], [299861.131, 2770089.171], [299861.107, 2770089.158], [299851.765, 2770084.291], [299837.501, 2770077.075], [299824.32199078513, 2770070.248017789], [299824.293, 2770070.233], [299814.31, 2770065.17], [299814.277, 2770065.153], [299813.841, 2770064.928], [299802.527, 2770059.088], [299791.947, 2770053.655], [299791.933, 2770053.647], [299780.26022178103, 2770047.605571492], [299780.234, 2770047.592], [299780.26, 2770047.606], [299780.2337059641, 2770047.5925759347], [299770.437, 2770042.591], [299760.02, 2770037.254], [299748.202, 2770031.092], [299738.075, 2770025.746], [299736.1187097385, 2770024.6495974], [299725.271, 2770018.57], [299715.772, 2770013.084], [299709.52, 2770009.52], [299709.342, 2770009.408], [299702.074, 2770004.869], [299692.893, 2769999.15], [299689.999, 2769997.286], [299687.077, 2769995.403], [299681.323, 2769991.659], [299673.284, 2769986.49], [299667.497, 2769982.525], [299655.676, 2769974.277], [299655.529, 2769974.175], [299643.58606810664, 2769965.8678739625], [299623.0183468759, 2769950.0256442297], [299613.36228554155, 2769942.2314435826], [299620.6845083432, 2769934.6559636206], [299640.9077517476, 2769950.6755711604], [299649.73700265406, 2769957.3566109478], [299661.517, 2769965.549], [299661.686, 2769965.667], [299673.469, 2769973.888], [299679.092, 2769977.741], [299686.963, 2769982.801], [299692.784, 2769986.589], [299696.578, 2769989.033], [299698.513, 2769990.28], [299707.626, 2769995.958], [299714.903, 2770000.502], [299720.998, 2770003.977], [299730.463, 2770009.443], [299740.11936951807, 2770014.8548786887], [299743.094, 2770016.522], [299753.08, 2770021.794], [299764.841, 2770027.926], [299775.218, 2770033.243], [299785.06, 2770038.267], [299796.759, 2770044.322], [299807.334, 2770049.753], [299819.093, 2770055.823], [299829.072, 2770060.884], [299842.286, 2770067.728], [299856.561, 2770074.95], [299865.959, 2770079.847], [299874.905, 2770084.45], [299883.631, 2770088.936], [299894.158, 2770094.369], [299905.749, 2770100.25], [299909.436, 2770102.159], [299917.59, 2770106.38], [299927.209, 2770111.399], [299936.015, 2770115.907], [299942.87, 2770119.526], [299949.142, 2770122.77], [299954.132, 2770125.422], [299958.319, 2770127.719], [299962.713, 2770130.146], [299967.579, 2770132.954], [299972.099, 2770135.542], [299976.037, 2770137.846], [299981.227, 2770141.008], [299985.719, 2770143.705], [299990.953, 2770146.911], [299996.518, 2770150.476], [300003.071, 2770154.634], [300009.417, 2770159.293], [300026.4583672805, 2770171.9223318337]]]}, "properties": {"編號": "12263", "圖層": "49", "顏色": "7", "街廓編號": "", "分區代碼": "PW1", "分區簡稱": "河川區", "使用分區": "河川區", "分區說明": "", "原屬分區": "", "變更前代碼": "", "變更前簡稱": "", "變更前分區": ""}}, {"type": "Feature", "geometry": {"type": "Polygon", "coordinates": [[[299514.4088462901, 2769842.8168795854], [299497.95252665685, 2769823.0759966364], [299489.48929692985, 2769812.417637102], [299489.4891737611, 2769812.417479334], [299489.3831603751, 2769812.281656506], [299479.3124441996, 2769799.1057149707], [299470.3382467203, 2769785.4657162027], [299460.3403751335, 2769770.269821924], [299459.097, 2769768.38], [299451.605, 2769756.684], [299445.439, 2769746.949], [299439.627, 2769737.492], [299434.708745445, 2769729.896947539], [299432.487, 2769726.466], [299426.106, 2769716.765], [299420.744, 2769708.402], [299416.418, 2769701.74], [299415.299, 2769700.018], [299409.641, 2769691.051], [299404.228, 2769682.755], [299398.697, 2769673.955], [299392.811, 2769664.868], [299388.541, 2769658.077], [299386.464, 2769654.761], [299384.289, 2769651.289], [299383.978, 2769650.793], [299379.064, 2769642.959], [299373.295, 2769633.266], [299368.931, 2769625.594], [299362.839, 2769614.827], [299356.551, 2769603.338], [299350.878, 2769592.564], [299345.471, 2769581.473], [299342.1324232612, 2769574.7054110537], [299338.383, 2769567.105], [299333.884, 2769557.399], [299329.778, 2769547.906], [299326.07, 2769539.321], [299322.659, 2769530.808], [299319.651, 2769522.972], [299302.9258144109, 2769478.150502643], [299295.73311237857, 2769453.9435120467], [299289.3107382901, 2769429.5208490617], [299283.6651367397, 2769404.907020847], [299278.8019728615, 2769380.1267263903], [299276.98561983445, 2769369.6250814684], [299273.24330836796, 2769344.650925604], [299270.29389245965, 2769319.5707680685], [299268.1403317299, 2769294.40977579], [299267.15901135275, 2769277.8326253854], [299267.349, 2769204.638], [299268.5023959341, 2769173.9454639633], [299270.2870495162, 2769151.851239017], [299272.86774913763, 2769129.8357954863], [299273.82449281384, 2769123.0615214123], [299277.44168518233, 2769101.1924637337], [299281.8456057577, 2769079.4681628714], [299282.5247522209, 2769076.4393495284], [299287.818509557, 2769054.9145754836], [299293.88548085425, 2769033.5948282136], [299300.71776479937, 2769012.507873467], [299308.30646337435, 2768991.681173817], [299316.6416934464, 2768971.141852892], [299320.4654656799, 2768962.3763072644], [299334.9062324729, 2768927.6535062464], [299339.712927608, 2768916.095815362], [299352.09739025595, 2768886.317394424], [299362.19836635876, 2768889.3728134977], [299330.11571846844, 2768966.5168451695], [299321.53430929995, 2768986.7479890096], [299313.6948873899, 2769007.278045719], [299306.6078399532, 2769028.0798130245], [299300.28255731036, 2769049.1257286347], [299294.72742044495, 2769070.387906764], [299292.9829385443, 2769077.803460788], [299288.476348995, 2769099.31230583], [299284.75554841995, 2769120.970916299], [299284.63880025217, 2769121.736706397], [299281.73666658613, 2769143.5201263437], [299279.62925195694, 2769165.3947364655], [299278.31934868405, 2769187.3315529577], [299277.84797250794, 2769204.8145853328], [299277.65899813984, 2769277.575716223], [299279.2879728272, 2769302.6088901674], [299281.7142786732, 2769327.5773982564], [299284.9354484832, 2769352.4558512084], [299287.2082169354, 2769367.086135784], [299291.6862926812, 2769391.7693323735], [299296.9490923276, 2769416.2972001187], [299302.99126438476, 2769440.6447978043], [299309.80666485714, 2769464.7873675236], [299312.8618746791, 2769474.744982773], [299312.863, 2769474.748], [299329.471, 2769519.255], [299332.434, 2769526.973], [299335.765, 2769535.286], [299339.416, 2769543.74], [299343.467, 2769553.106], [299347.856, 2769562.574], [299351.4295214393, 2769569.818474837], [299354.898, 2769576.85], [299360.245, 2769587.816], [299365.802, 2769598.371], [299372.014, 2769609.721], [299378.064, 2769620.413], [299382.371, 2769627.985], [299388.024, 2769637.483], [299392.875, 2769645.216], [299396.698, 2769651.319], [299397.435, 2769652.496], [299401.662, 2769659.219], [299407.549, 2769668.307], [299413.07, 2769677.092], [299418.478, 2769685.38], [299424.142, 2769694.356], [299425.223, 2769696.02], [299429.567, 2769702.709], [299434.912, 2769711.046], [299441.28, 2769720.727], [299443.69746400334, 2769724.4602226326], [299448.508, 2769731.889], [299454.347, 2769741.391], [299460.461, 2769751.043], [299467.904, 2769762.662], [299469.62139423797, 2769765.2723500775], [299487.90600317385, 2769793.0640063477], [299487.9069947672, 2769793.065513518], [299497.71044363093, 2769805.885337483], [299498.3758470464, 2769806.7366889743], [299514.42780167604, 2769826.5973956096], [299522.3317677076, 2769835.9262692803], [299543.42419667006, 2769859.309621446], [299545.97986952326, 2769862.063135823], [299567.7285747635, 2769884.837365522], [299590.04875428247, 2769907.051804616], [299607.34666560387, 2769923.5153564103], [299620.6845083432, 2769934.6559636206], [299613.36228554155, 2769942.2314435826], [299600.3528995838, 2769931.350650973], [299577.50754715706, 2769909.483744687], [299555.2226117606, 2769887.0459780334], [299538.8924281404, 2769869.8593213446], [299517.62211892294, 2769846.457490993], [299514.4088462901, 2769842.8168795854]]]}, "properties": {"編號": "12264", "圖層": "49", "顏色": "7", "街廓編號": "", "分區代碼": "PW1", "分區簡稱": "河川區", "使用分區": "河川區", "分區說明": "", "原屬分區": "", "變更前代碼": "", "變更前簡稱": "", "變更前分區": ""}}, {"type": "Feature", "geometry": {"type": "Polygon", "coordinates": [[[301123.00720365, 2772959.2629519943], [301140.06320365, 2773111.0199519945], [301159.01520365, 2773515.9889519946], [301149.53920364997, 2773832.7819519946], [301018.77220365, 2774256.6719519943], [300919.2773153725, 2774480.59825496], [300916.959, 2774480.328], [300861.905, 2774472.592], [300806.851, 2774464.855], [300807.599, 2774450.423], [300807.782, 2774443.729], [300808.856, 2774430.319], [300810.776, 2774426.095], [300810.952, 2774419.235], [300808.839, 2774403.199], [300808.472, 2774391.156], [300808.856, 2774378.87], [300812.176, 2774369.896], [300813.408, 2774363.023], [300818.839, 2774351.994], [300821.142, 2774342.011], [300827.322, 2774336.943], [300831.896, 2774334.243], [300837.159, 2774325.426], [300836.605, 2774322.195], [300838.821, 2774315.732], [300842.26, 2774310.528], [300843.411, 2774295.938], [300843.411, 2774280.58], [300848.787, 2774260.615], [300858.001, 2774224.908], [300864.144, 2774216.461], [300869.52, 2774208.014], [300872.591, 2774184.593], [300876.431, 2774160.788], [300880.27, 2774147.351], [300877.198, 2774143.895], [300857.233, 2774136.984], [300831.509, 2774130.073], [300793.831, 2774118.074], [300795.034, 2774115.483], [300861.073, 2774135.064], [300873.743, 2774139.288], [300881.038, 2774140.056], [300888.717, 2774131.225], [300897.931, 2774116.251], [300901.003, 2774107.42], [300899.467, 2774099.357], [300899.851, 2774091.294], [300906.762, 2774075.937], [300912.521, 2774064.802], [300912.521, 2774054.436], [300914.825, 2774045.221], [300920.968, 2774031.015], [300920.2, 2774027.559], [300917.129, 2774023.72], [300921.806, 2773997.984], [300924.808, 2773989.933], [300928.263, 2773973.039], [300935.174, 2773956.529], [300938.889, 2773948.115], [300942.085, 2773945.78], [300940.933, 2773923.127], [300942.085, 2773910.457], [300946.692, 2773898.554], [300947.076, 2773888.188], [300948.228, 2773878.589], [300951.3, 2773861.695], [300952.068, 2773843.65], [300952.836, 2773832.131], [300948.996, 2773829.06], [300939.781, 2773824.069], [300929.799, 2773819.077], [300923.656, 2773814.854], [300914.057, 2773807.559], [300904.458, 2773801.416], [300895.628, 2773796.04], [300883.341, 2773792.201], [300871.439, 2773789.129], [300873.359, 2773784.522], [300876.046, 2773785.29], [300894.092, 2773790.281], [300896.396, 2773792.201], [300907.914, 2773799.112], [300920.2, 2773808.327], [300930.183, 2773817.541], [300943.237, 2773823.301], [300953.22, 2773826.372], [300955.907, 2773817.157], [300957.059, 2773809.863], [300957.059, 2773799.112], [300960.514, 2773793.353], [300965.122, 2773784.138], [300967.042, 2773774.155], [300968.961, 2773753.038], [300972.033, 2773736.528], [300978.176, 2773706.964], [300988.159, 2773641.31], [300987.391, 2773625.952], [300990.847, 2773602.147], [300992.766, 2773577.19], [300990.079, 2773565.672], [300985.855, 2773551.082], [300986.239, 2773537.259], [300985.087, 2773514.223], [300983.551, 2773497.329], [300983.935, 2773475.828], [300981.631, 2773457.398], [300975.488, 2773406.717], [300973.952, 2773379.457], [300975.794, 2773339.572], [300970.114, 2773334.151], [300963.97, 2773330.696], [300946.693, 2773324.553], [300947.461, 2773320.713], [300962.819, 2773325.32], [300970.498, 2773321.865], [300970.334, 2773314.808], [300963.203, 2773288.846], [300963.586, 2773263.505], [300960.899, 2773232.021], [300959.363, 2773201.306], [300952.836, 2773164.063], [300950.916, 2773133.347], [300948.996, 2773110.31], [300947.076, 2773084.97], [300945.925, 2773055.79], [300944.773, 2773040.816], [300941.701, 2773020.851], [300937.094, 2773004.725], [300937.478, 2773000.885], [300939.014, 2772990.135], [300937.094, 2772977.465], [300933.776, 2772968.589], [301026.176, 2772954.107], [301071.5, 2772946.954], [301118.54193966364, 2772939.7180128526], [301123.00720365, 2772959.2629519943]]]}, "properties": {"編號": "12285", "圖層": "49", "顏色": "7", "街廓編號": "", "分區代碼": "PW1", "分區簡稱": "河川區", "使用分區": "河川區", "分區說明": "", "原屬分區": "", "變更前代碼": "", "變更前簡稱": "", "變更前分區": ""}}, {"type": "Feature", "geometry": {"type": "Polygon", "coordinates": [[[301327.9692725303, 2773871.425949675], [301326.093, 2773894.046], [301315.25306433294, 2774001.2976756184], [301302.877, 2774123.748], [301302.858, 2774123.943], [301298.3709505529, 2774172.68140066], [301292.341, 2774180.696], [301287.704, 2774187.856], [301276.188, 2774206.084], [301275.52, 2774257.719], [301266.557, 2774273.247], [301261.03, 2774291.539], [301254.296, 2774313.675], [301252.018, 2774325.379], [301247.913, 2774346.084], [301245.71, 2774356.806], [301243.607, 2774367.714], [301240.391, 2774382.623], [301237.343, 2774404.703], [301228.472, 2774419.544], [301221.303, 2774440.633], [301210.136, 2774477.701], [301202.2848090346, 2774496.6269379156], [301200.837, 2774500.117], [301198.25908291986, 2774506.418213685], [301138.429, 2774502.154], [301083.462, 2774497.978], [300995.613, 2774489.497], [300919.2773153725, 2774480.59825496], [301018.77220365, 2774256.6719519943], [301149.53920364997, 2773832.7819519946], [301159.01520365, 2773515.9889519946], [301140.06320365, 2773111.0199519945], [301123.00720365, 2772959.2629519943], [301118.54193966364, 2772939.7180128526], [301171.175, 2772931.622], [301297.639, 2772911.057], [301297.434, 2772916.919], [301295.938, 2772959.772], [301294.698, 2772995.25], [301292.815, 2773048.924], [301292.815, 2773050.15], [301296.098, 2773093.6], [301296.962, 2773105.458], [301298.913, 2773130.747], [301301.728, 2773167.894], [301303.3266273384, 2773188.942480331], [301305.041, 2773214.351], [301306.951, 2773237.056], [301307.3242156744, 2773241.577111423], [301308.811, 2773261.153], [301309.3377903073, 2773267.795675344], [301311.714, 2773297.759], [301311.714, 2773297.766], [301313.686, 2773322.535], [301326.007, 2773444.263], [301331.801, 2773490.386], [301338.453, 2773548.796], [301341.862, 2773596.753], [301341.309, 2773724.208], [301335.814, 2773783.653], [301330.319, 2773843.098], [301327.9692725303, 2773871.425949675]]]}, "properties": {"編號": "12286", "圖層": "49", "顏色": "7", "街廓編號": "", "分區代碼": "PW1", "分區簡稱": "河川區", "使用分區": "河川區", "分區說明": "", "原屬分區": "", "變更前代碼": "", "變更前簡稱": "", "變更前分區": ""}}, {"type": "Feature", "geometry": {"type": "Polygon", "coordinates": [[[301297.6392266498, 2772911.05894202], [301302.3022904377, 2772910.313680149], [301322.0846857052, 2772907.1524202707], [301318.945, 2772931.33], [301318.945, 2772931.34], [301317.925, 2772960.54], [301316.685, 2772996.02], [301314.815, 2773049.31], [301314.815, 2773049.32], [301318.035, 2773091.94], [301323.665, 2773166.23], [301325.1166680808, 2773185.3436295358], [301330.745, 2773259.45], [301333.645, 2773296.02], [301335.615, 2773320.77], [301341.045, 2773387.52], [301347.835, 2773441.52], [301353.645, 2773487.77], [301360.365, 2773546.77], [301363.865, 2773596.02], [301363.305, 2773725.27], [301352.235, 2773845.02], [301351.53276206186, 2773853.4866985246], [301349.9428676717, 2773872.6556379283], [301348.8724226005, 2773885.561713295], [301327.23117516254, 2774100.0], [301324.5716169276, 2774126.3529684655], [301303.2198619738, 2774358.7115563597], [301291.17453424167, 2774457.543780684], [301281.914, 2774501.956], [301260.45098889706, 2774501.443713359], [301262.576, 2774491.446], [301269.02, 2774458.184], [301281.46, 2774356.353], [301296.408, 2774194.003], [301298.3709505529, 2774172.68140066], [301302.858, 2774123.943], [301302.877, 2774123.748], [301315.25306433294, 2774001.2976756184], [301326.093, 2773894.046], [301327.9692725303, 2773871.425949675], [301330.319, 2773843.098], [301335.814, 2773783.653], [301341.309, 2773724.208], [301341.862, 2773596.753], [301338.453, 2773548.796], [301331.801, 2773490.386], [301326.007, 2773444.263], [301313.686, 2773322.535], [301311.714, 2773297.766], [301311.714, 2773297.759], [301309.3377903073, 2773267.795675344], [301308.838, 2773259.915], [301307.3242156744, 2773241.577111423], [301303.3266273384, 2773188.942480331], [301303.0966161077, 2773185.533510636], [301302.283, 2773173.475], [301301.051, 2773158.224], [301300.015, 2773145.043], [301298.913, 2773130.747], [301296.098, 2773093.6], [301294.457, 2773071.875], [301292.815, 2773048.924], [301293.757, 2773022.087], [301294.698, 2772995.25], [301295.938, 2772959.772], [301296.789, 2772935.414], [301297.639, 2772911.057], [301297.6392266498, 2772911.05894202]]]}, "properties": {"編號": "12288", "圖層": "49", "顏色": "7", "街廓編號": "", "分區代碼": "PW1", "分區簡稱": "河川區", "使用分區": "河川區", "分區說明": "", "原屬分區": "", "變更前代碼": "", "變更前簡稱": "", "變更前分區": ""}}, {"type": "Feature", "geometry": {"type": "Polygon", "coordinates": [[[301263.069, 2772627.125], [301263.167, 2772597.625], [301259.338, 2772554.445], [301262.039, 2772551.639], [301259.963, 2772544.449], [301262.544, 2772537.511], [301258.507, 2772521.364], [301261.535, 2772513.29], [301265.571, 2772501.685], [301258.003, 2772485.538], [301262.544, 2772466.363], [301262.544, 2772448.702], [301255.48, 2772428.014], [301253.966, 2772407.83], [301252.957, 2772391.683], [301247.911, 2772372.004], [301235.801, 2772349.298], [301224.926, 2772331.592], [301216.122, 2772312.462], [301205.525, 2772301.866], [301196.942, 2772287.066], [301196.857, 2772275.658], [301200.723, 2772260.869], [301213.094, 2772267.049], [301227.573, 2772267.653], [301238.367, 2772270.509], [301248.416, 2772267.049], [301258.211, 2772266.304], [301263.219, 2772265.657], [301263.332, 2772265.635], [301264.736, 2772272.992], [301263.362, 2772314.754], [301263.76383547473, 2772360.597010651], [301264.076, 2772396.21], [301264.213, 2772412.255], [301268.229, 2772461.723], [301264.393, 2772557.731], [301263.521, 2772603.416], [301263.069, 2772627.125]]]}, "properties": {"編號": "12289", "圖層": "49", "顏色": "7", "街廓編號": "", "分區代碼": "PW1", "分區簡稱": "河川區", "使用分區": "河川區", "分區說明": "", "原屬分區": "", "變更前代碼": "", "變更前簡稱": "", "變更前分區": ""}}, {"type": "Feature", "geometry": {"type": "Polygon", "coordinates": [[[301028.2506115458, 2771292.9350602804], [301015.3569038973, 2771300.721324015], [301010.232, 2771291.786], [301005.6063384893, 2771284.185317144], [301018.8457200105, 2771276.5267688935], [301019.4757867119, 2771277.6260179374], [301019.735, 2771278.114], [301021.94850890397, 2771281.9400651646], [301028.2506115458, 2771292.9350602804]]]}, "properties": {"編號": "12290", "圖層": "49", "顏色": "7", "街廓編號": "", "分區代碼": "PW1", "分區簡稱": "河川區", "使用分區": "河川區", "分區說明": "", "原屬分區": "", "變更前代碼": "", "變更前簡稱": "", "變更前分區": ""}}, {"type": "Feature", "geometry": {"type": "MultiPolygon", "coordinates": [[[[301176.974, 2772060.628], [301193.279, 2772056.593], [301186.897, 2772030.521], [301170.489, 2772034.594], [301176.974, 2772060.628]]], [[[301213.416393302, 2772155.9273817805], [301219.607, 2772153.907], [301216.178, 2772140.571], [301197.752, 2772064.82], [301166.534, 2772072.617], [301200.659, 2772148.144], [301207.913, 2772145.173], [301211.6583835919, 2772156.3077379186], [301211.717, 2772156.482], [301213.416393302, 2772155.9273817805]]], [[[301294.0848053255, 2772880.603662613], [301294.085, 2772880.605], [301230.7222675929, 2772890.929937376], [301175.04026135016, 2772900.0], [301111.9021611092, 2772910.654990339], [301058.58520365, 2772677.2809519945], [301117.36720365, 2772108.9379519946], [301113.560500813, 2772007.892035467], [301111.74620365, 2771959.7329519945], [301068.23020365, 2771699.3159519946], [300950.85398823785, 2771393.343916115], [301038.08583363914, 2771340.55244951], [301057.22, 2771374.417], [301065.76, 2771394.494], [301073.377, 2771412.401], [301087.491, 2771451.405], [301103.682, 2771495.938], [301103.635, 2771496.02], [301115.649, 2771528.681], [301127.003, 2771564.071], [301146.1111281471, 2771689.304640339], [301162.9, 2771799.338], [301163.726, 2771804.755], [301174.164, 2771876.866], [301189.179, 2771940.864], [301209.566, 2772025.326], [301214.616, 2772045.349], [301228.65, 2772100.991], [301244.564, 2772175.646], [301244.559, 2772175.648], [301259.799, 2772247.127], [301262.357, 2772260.529], [301262.302, 2772260.54], [301263.219, 2772265.657], [301258.211, 2772266.304], [301248.416, 2772267.049], [301238.367, 2772270.509], [301227.573, 2772267.653], [301213.094, 2772267.049], [301200.723, 2772260.869], [301196.857, 2772275.658], [301196.942, 2772287.066], [301205.525, 2772301.866], [301216.122, 2772312.462], [301224.926, 2772331.592], [301235.801, 2772349.298], [301247.911, 2772372.004], [301252.957, 2772391.683], [301253.966, 2772407.83], [301255.48, 2772428.014], [301262.544, 2772448.702], [301262.544, 2772466.363], [301258.003, 2772485.538], [301265.571, 2772501.685], [301261.535, 2772513.29], [301258.507, 2772521.364], [301262.544, 2772537.511], [301259.963, 2772544.449], [301262.039, 2772551.639], [301259.338, 2772554.445], [301263.167, 2772597.625], [301263.069, 2772627.125], [301265.749, 2772662.406], [301268.52604849386, 2772698.3947822503], [301271.259, 2772718.151], [301280.392, 2772783.151], [301280.7581323588, 2772785.7588336435], [301281.332, 2772789.843], [301286.8283337505, 2772828.994768273], [301289.018, 2772844.591], [301291.334, 2772861.706], [301294.0848053255, 2772880.603662613]]]]}, "properties": {"編號": "12291", "圖層": "49", "顏色": "7", "街廓編號": "", "分區代碼": "PW1", "分區簡稱": "河川區", "使用分區": "河川區", "分區說明": "", "原屬分區": "", "變更前代碼": "", "變更前簡稱": "", "變更前分區": ""}}, {"type": "Feature", "geometry": {"type": "Polygon", "coordinates": [[[301211.6583835919, 2772156.3077379186], [301207.913, 2772145.173], [301200.659, 2772148.144], [301166.534, 2772072.617], [301197.752, 2772064.82], [301216.178, 2772140.571], [301219.607, 2772153.907], [301213.416393302, 2772155.9273817805], [301211.6583835919, 2772156.3077379186]]]}, "properties": {"編號": "12292", "圖層": "49", "顏色": "7", "街廓編號": "", "分區代碼": "PW1", "分區簡稱": "河川區", "使用分區": "河川區", "分區說明": "", "原屬分區": "", "變更前代碼": "", "變更前簡稱": "", "變更前分區": ""}}, {"type": "Feature", "geometry": {"type": "Polygon", "coordinates": [[[301170.489, 2772034.594], [301186.897, 2772030.521], [301193.279, 2772056.593], [301176.974, 2772060.628], [301170.489, 2772034.594]]]}, "properties": {"編號": "12293", "圖層": "49", "顏色": "7", "街廓編號": "", "分區代碼": "PW1", "分區簡稱": "河川區", "使用分區": "河川區", "分區說明": "", "原屬分區": "", "變更前代碼": "", "變更前簡稱": "", "變更前分區": ""}}, {"type": "Feature", "geometry": {"type": "Polygon", "coordinates": [[[301038.08583363914, 2771340.55244951], [301051.4305582895, 2771332.4764127997], [301063.817, 2771353.522], [301082.55, 2771391.3], [301094.258, 2771414.91], [301109.559, 2771445.234], [301127.0, 2771495.899], [301127.076, 2771496.02], [301136.456, 2771521.52], [301148.487, 2771559.02], [301168.29166872165, 2771688.8202401195], [301184.648, 2771796.02], [301185.487, 2771801.52], [301195.8, 2771872.77], [301210.581, 2771935.77], [301230.925, 2772020.055], [301250.085, 2772096.02], [301266.081, 2772171.059], [301266.075, 2772171.06], [301281.365, 2772242.77], [301286.805, 2772271.27], [301285.365, 2772315.02], [301285.7824779503, 2772362.647766564], [301286.075, 2772396.02], [301286.205, 2772411.27], [301290.265, 2772461.27], [301286.385, 2772558.38], [301285.085, 2772626.5], [301290.365, 2772696.02], [301313.425, 2772860.14], [301313.425, 2772860.15], [301317.555, 2772876.78], [301294.0848053255, 2772880.603662613], [301291.334, 2772861.706], [301289.018, 2772844.591], [301286.8283337505, 2772828.994768273], [301281.332, 2772789.843], [301280.7581323588, 2772785.7588336435], [301280.392, 2772783.151], [301271.259, 2772718.151], [301268.52604849386, 2772698.3947822503], [301265.749, 2772662.406], [301263.069, 2772627.125], [301263.521, 2772603.416], [301264.393, 2772557.731], [301268.229, 2772461.723], [301264.213, 2772412.255], [301264.076, 2772396.21], [301263.76383547473, 2772360.597010651], [301263.362, 2772314.754], [301264.736, 2772272.992], [301263.332, 2772265.635], [301263.219, 2772265.657], [301262.302, 2772260.54], [301262.357, 2772260.529], [301259.799, 2772247.127], [301244.559, 2772175.648], [301244.564, 2772175.646], [301228.65, 2772100.991], [301214.616, 2772045.349], [301209.566, 2772025.326], [301189.179, 2771940.864], [301174.164, 2771876.866], [301163.726, 2771804.755], [301162.9, 2771799.338], [301146.1111281471, 2771689.304640339], [301127.003, 2771564.071], [301115.649, 2771528.681], [301103.635, 2771496.02], [301103.682, 2771495.938], [301087.491, 2771451.405], [301073.377, 2771412.401], [301065.76, 2771394.494], [301057.22, 2771374.417], [301038.08583363914, 2771340.55244951]]]}, "properties": {"編號": "12294", "圖層": "49", "顏色": "7", "街廓編號": "", "分區代碼": "PW1", "分區簡稱": "河川區", "使用分區": "河川區", "分區說明": "", "原屬分區": "", "變更前代碼": "", "變更前簡稱": "", "變更前分區": ""}}, {"type": "Feature", "geometry": {"type": "Polygon", "coordinates": [[[301113.560500813, 2772007.892035467], [301117.36720365, 2772108.9379519946], [301058.58520365, 2772677.2809519945], [301111.9021611092, 2772910.654990339], [301096.825, 2772913.051], [301089.433, 2772913.81], [300930.493, 2772939.166], [300929.569, 2772922.999], [300918.944, 2772897.13], [300911.091, 2772845.393], [300897.695, 2772802.433], [300895.848, 2772760.397], [300882.451, 2772720.671], [300873.213, 2772708.66], [300852.426, 2772643.527], [300817.318, 2772558.994], [300778.054, 2772474.921], [300756.343, 2772429.651], [300740.175, 2772406.093], [300723.545, 2772377.453], [300715.693, 2772359.9], [300697.215, 2772346.041], [300693.058, 2772338.189], [300664.88, 2772306.777], [300644.555, 2772281.832], [300629.773, 2772267.974], [300618.686, 2772260.121], [300589.584, 2772225.014], [300584.503, 2772212.08], [300575.726, 2772212.542], [300557.249, 2772195.912], [300538.771, 2772198.222], [300549.396, 2772189.445], [300540.619, 2772176.049], [300531.38, 2772164.501], [300521.68, 2772154.801], [300504.126, 2772135.861], [300487.959, 2772123.851], [300475.024, 2772109.993], [300471.791, 2772104.911], [300460.242, 2772089.668], [300450.542, 2772084.124], [300411.739, 2772051.789], [300402.039, 2772038.393], [300398.343, 2772029.616], [300391.876, 2772020.377], [300367.393, 2772004.209], [300353.535, 2771990.813], [300346.606, 2771977.417], [300339.677, 2771974.645], [300329.977, 2771969.564], [300321.662, 2771954.32], [300306.417, 2771943.696], [300295.33, 2771930.3], [300281.934, 2771918.289], [300276.853, 2771908.127], [300269.924, 2771902.584], [300260.223, 2771891.959], [300243.594, 2771870.71], [300238.05, 2771861.933], [300229.736, 2771852.694], [300222.345, 2771841.608], [300214.492, 2771832.369], [300222.807, 2771826.826], [300312.597, 2771772.14], [300391.716, 2771724.187], [300401.414, 2771726.62], [300423.061, 2771760.631], [300437.873, 2771772.031], [300474.333, 2771785.331], [300479.27, 2771783.431], [300481.169, 2771765.571], [300477.941, 2771758.73], [300471.104, 2771752.46], [300473.193, 2771743.34], [300480.409, 2771734.98], [300491.423, 2771727.57], [300502.986, 2771723.776], [300516.869, 2771731.37], [300527.074, 2771739.262], [300516.253, 2771762.456], [300500.348, 2771768.801], [300488.195, 2771784.381], [300489.4, 2771791.513], [300498.829, 2771801.291], [300506.614, 2771800.721], [300509.189, 2771779.107], [300542.878, 2771793.707], [300525.354, 2771811.528], [300530.533, 2771817.068], [300542.56, 2771820.991], [300548.956, 2771829.793], [300555.223, 2771832.832], [300560.626, 2771831.315], [300570.681, 2771810.987499985], [300621.71049998474, 2771819.3725000154], [300605.363, 2771883.542], [300619.127, 2771899.279], [300638.054, 2771914.765], [300670.746, 2771956.92], [300706.018, 2771999.935], [300719.783, 2772011.979], [300723.641, 2772004.661], [300722.632, 2771999.615], [300721.118, 2771987.0], [300711.531, 2771955.21], [300705.475, 2771925.944], [300707.494, 2771905.76], [300707.494, 2771893.65], [300711.531, 2771883.054], [300711.026, 2771869.934], [300702.952, 2771842.182], [300700.43, 2771823.512], [300687.815, 2771792.731], [300678.227, 2771772.548], [300665.108, 2771758.419], [300655.016, 2771748.832], [300651.484, 2771750.346], [300647.447, 2771756.905], [300640.383, 2771765.988], [300636.346, 2771772.548], [300631.3, 2771777.594], [300622.218, 2771781.126], [300614.649, 2771782.135], [300618.685, 2771796.768], [300620.704, 2771809.383], [300621.71049998474, 2771819.3725000154], [300570.681, 2771810.987499985], [300571.401, 2771807.027], [300571.901, 2771804.528], [300570.749, 2771796.264], [300565.703, 2771789.199], [300560.153, 2771788.695], [300555.107, 2771789.704], [300547.852, 2771791.248], [300542.878, 2771793.707], [300509.189, 2771779.107], [300512.721, 2771770.529], [300516.253, 2771762.456], [300527.074, 2771739.262], [300536.763, 2771746.818], [300545.503, 2771746.149], [300558.301, 2771743.117], [300563.875, 2771744.767], [300567.042, 2771744.41], [300571.189, 2771740.887], [300575.136, 2771732.718], [300577.588, 2771726.739], [300577.633, 2771722.188], [300582.354, 2771706.951], [300583.826, 2771698.403], [300583.558, 2771691.299], [300580.481, 2771681.483], [300579.327, 2771674.152], [300580.079, 2771668.665], [300583.424, 2771663.178], [300590.068, 2771658.984], [300593.948, 2771658.716], [300602.475, 2771661.269], [300606.845, 2771665.106], [300609.877, 2771668.72], [300613.043, 2771668.899], [300614.738, 2771663.634], [300616.031, 2771655.558], [300617.171, 2771650.941], [300619.278, 2771642.163], [300627.298, 2771626.359], [300627.298, 2771621.273], [300625.024, 2771615.026], [300619.316, 2771608.085], [300617.676, 2771604.518], [300611.313, 2771591.135], [300711.234, 2771530.32], [300767.704, 2771496.022], [300768.074, 2771496.02], [300786.206, 2771484.594], [300792.491, 2771481.201], [300802.65, 2771476.359], [300811.71, 2771471.958], [300861.978, 2771447.395], [300871.156, 2771441.576], [300916.01, 2771414.431], [300917.042, 2771419.429], [300917.641, 2771422.329], [300919.528, 2771429.625], [300922.079, 2771437.921], [300920.637, 2771447.471], [300921.576, 2771452.55], [300929.313, 2771474.122], [300926.905, 2771478.384], [300929.782, 2771496.02], [300933.782, 2771507.579], [300934.585, 2771523.287], [300944.147, 2771550.528], [300949.64, 2771557.491], [300950.8, 2771567.487], [300956.762, 2771578.28], [300961.495, 2771584.487], [300960.246, 2771596.715], [300967.863, 2771617.638], [300979.468, 2771644.886], [300984.114, 2771659.968], [300984.514, 2771667.593], [300992.588, 2771686.263], [300998.643, 2771695.85], [301006.212, 2771710.483], [301012.771, 2771724.107], [301023.577, 2771768.226], [301032.307, 2771796.302], [301035.689, 2771804.824], [301038.901, 2771823.567], [301038.812, 2771829.28], [301041.398, 2771836.955], [301043.552, 2771852.274], [301045.065, 2771865.898], [301052.634, 2771895.164], [301065.249, 2771915.852], [301072.04, 2771932.072], [301090.983, 2771959.752], [301096.029, 2771973.376], [301110.662, 2771994.569], [301113.560500813, 2772007.892035467]]]}, "properties": {"編號": "13407", "圖層": "49", "顏色": "7", "街廓編號": "", "分區代碼": "PW1", "分區簡稱": "河川區", "使用分區": "河川區", "分區說明": "", "原屬分區": "", "變更前代碼": "", "變更前簡稱": "", "變更前分區": ""}}, {"type": "Feature", "geometry": {"type": "Polygon", "coordinates": [[[301859.7802777329, 2770306.4798142635], [301869.18713888, 2770414.5788290366], [301873.18702895474, 2770526.365230602], [301874.94099999976, 2770577.787], [301878.289294796, 2770672.572513114], [301881.9257103703, 2770676.0042010034], [302117.0555673039, 2770670.6885271883], [302120.0682015741, 2770666.6980341417], [302020.94904113625, 2770286.2483425704], [302016.7811841745, 2770283.486283855], [301859.7802777329, 2770306.4798142635]], [[301924.90382681513, 2770624.6123505416], [301924.7515, 2770618.7445500097], [301924.5995, 2770613.706550001], [301924.7872643049, 2770603.333530133], [301937.0625, 2770603.06355], [301937.098432229, 2770605.6927766344], [301957.37476380396, 2770605.37903806], [301957.35925, 2770599.8944600048], [301957.4455, 2770596.2425499996], [301957.3925, 2770591.9745500004], [301962.9325, 2770591.8835500004], [301975.2018687394, 2770591.6820134385], [301980.7418687396, 2770591.5910134385], [301980.88925, 2770599.3164600004], [301980.991544606, 2770604.6785495174], [302001.3282067144, 2770604.372746652], [302001.2915, 2770601.67455], [302014.43379526236, 2770601.447863839], [302014.2385, 2770608.71055], [302014.1535, 2770611.8715500007], [302014.2605, 2770616.8125500004], [302014.15644686983, 2770622.595247363], [302001.5815, 2770622.9915500013], [302001.5533153739, 2770620.9197856113], [301987.7299162743, 2770621.237104718], [301987.77941894176, 2770625.868653174], [301987.76786753343, 2770632.7917972472], [301951.82401570084, 2770633.3783968603], [301951.6881679211, 2770626.5186105357], [301951.5967945831, 2770621.904611125], [301937.3250670483, 2770622.276059128], [301937.3535, 2770624.35655], [301924.90382681513, 2770624.6123505416]]]}, "properties": {"編號": "13420", "圖層": "32", "顏色": "19", "街廓編號": "", "分區代碼": "PEA", "分區簡稱": "公", "使用分區": "公園用地", "分區說明": "", "原屬分區": "", "變更前代碼": "", "變更前簡稱": "", "變更前分區": ""}}, {"type": "Feature", "geometry": {"type": "Polygon", "coordinates": [[[302436.6628701856, 2771165.5710410927], [302431.1900651646, 2771136.0760063417], [302483.488250149, 2771126.643098763], [302490.48097777413, 2771130.5291971103], [302514.4736173055, 2771186.1498059733], [302510.6509011879, 2771193.177383186], [302443.8752770257, 2771204.4448607517], [302436.6630541558, 2771165.5720325788], [302436.6628701856, 2771165.5710410927]]]}, "properties": {"編號": "13433", "圖層": "32", "顏色": "19", "街廓編號": "", "分區代碼": "PEA", "分區簡稱": "公", "使用分區": "公園用地", "分區說明": "", "原屬分區": "", "變更前代碼": "", "變更前簡稱": "", "變更前分區": ""}}, {"type": "Feature", "geometry": {"type": "Polygon", "coordinates": [[[306325.9719999998, 2771308.0199999996], [306345.3643045726, 2771311.3006678484], [306345.9402665215, 2771347.486202031], [306341.81849069335, 2771350.3165666764], [306324.266638345, 2771343.2400368135], [306325.9719999998, 2771308.0199999996]]]}, "properties": {"編號": "13932", "圖層": "32", "顏色": "19", "街廓編號": "", "分區代碼": "PEA", "分區簡稱": "公", "使用分區": "公園用地", "分區說明": "", "原屬分區": "", "變更前代碼": "", "變更前簡稱": "", "變更前分區": ""}}, {"type": "Feature", "geometry": {"type": "Polygon", "coordinates": [[[305111.479, 2772045.645], [305124.267, 2772063.227], [305121.585, 2772062.617], [305081.0226353037, 2772053.303500839], [305065.4187170019, 2772049.720694906], [305043.326, 2772044.648], [305035.0505751519, 2772044.7596446425], [305013.4065654774, 2772045.0516462596], [305003.522, 2772045.185], [305003.5106080222, 2772045.182005272], [304999.349, 2772044.088], [304992.061, 2772029.257], [304990.065, 2772029.139], [304995.455, 2772019.55], [304998.075, 2772013.918], [304984.769, 2772001.796], [304984.66564836574, 2771997.9136737264], [304984.5901596167, 2771995.07799588], [304984.59, 2771995.072], [304977.59, 2771995.211], [304971.711, 2771989.798], [304971.722, 2771989.413], [304969.69377712323, 2771987.461703238], [304969.56, 2771987.333], [304969.017, 2771943.233], [304970.56, 2771941.629], [304976.765, 2771946.99], [304991.64, 2771961.175], [304995.5615562303, 2771964.914648732], [305006.515, 2771975.36], [305008.093916013, 2771976.7792503433], [305018.085, 2771985.76], [305022.278, 2771988.099], [305022.2780672369, 2771988.0989982556], [305024.89, 2771989.556], [305031.785, 2771993.33], [305040.015, 2771996.3], [305040.18698550365, 2771996.372840907], [305045.965, 2771998.82], [305051.845, 2772002.56], [305054.17321781063, 2772004.633431715], [305057.145, 2772007.28], [305059.965, 2772008.87], [305067.21, 2772011.805], [305072.7741033454, 2772014.059057049], [305074.455, 2772014.74], [305076.76171498775, 2772015.2875576955], [305079.9799255881, 2772016.051110809], [305080.07908600115, 2772016.0746376235], [305083.22, 2772016.82], [305091.985, 2772018.9], [305092.035, 2772018.911], [305093.93192245247, 2772021.5191220436], [305098.6164201789, 2772027.959945036], [305111.479, 2772045.645]]]}, "properties": {"編號": "14453", "圖層": "32", "顏色": "19", "街廓編號": "", "分區代碼": "PEA", "分區簡稱": "公", "使用分區": "公園用地", "分區說明": "", "原屬分區": "", "變更前代碼": "", "變更前簡稱": "", "變更前分區": ""}}, {"type": "Feature", "geometry": {"type": "Polygon", "coordinates": [[[305018.085, 2771985.76], [305022.2780166936, 2771988.098970061], [305022.2780672369, 2771988.0989982556], [305022.278, 2771988.099], [305018.085, 2771985.76]]]}, "properties": {"編號": "14454", "圖層": "32", "顏色": "19", "街廓編號": "", "分區代碼": "PEA", "分區簡稱": "公", "使用分區": "公園用地", "分區說明": "", "原屬分區": "", "變更前代碼": "", "變更前簡稱": "", "變更前分區": ""}}, {"type": "Feature", "geometry": {"type": "Polygon", "coordinates": [[[305067.21, 2772011.805], [305059.965, 2772008.87], [305057.145, 2772007.28], [305054.17321781063, 2772004.633431715], [305051.845, 2772002.56], [305045.965, 2771998.82], [305040.18698550365, 2771996.372840907], [305040.015, 2771996.3], [305033.00224033644, 2771993.7692714212], [305057.70754202723, 2771993.127683688], [305072.7741033454, 2772014.059057049], [305067.21, 2772011.805]]]}, "properties": {"編號": "14455", "圖層": "32", "顏色": "19", "街廓編號": "", "分區代碼": "PEA", "分區簡稱": "公", "使用分區": "公園用地", "分區說明": "", "原屬分區": "", "變更前代碼": "", "變更前簡稱": "", "變更前分區": ""}}, {"type": "Feature", "geometry": {"type": "Polygon", "coordinates": [[[306284.147, 2770283.858], [306283.597, 2770250.283], [306281.676, 2770140.572], [306281.22, 2770115.217], [306281.027, 2770102.944], [306286.559, 2770097.166], [306430.925, 2770093.14], [306640.54, 2770087.036], [306648.4, 2770086.826], [306652.01, 2770090.276], [306655.37, 2770295.876], [306656.32, 2770351.766], [306657.77, 2770439.616], [306654.31, 2770443.226], [306430.925, 2770448.782], [306411.448, 2770449.242], [306409.049, 2770295.887], [306408.826, 2770281.603], [306284.147, 2770283.858]]]}, "properties": {"編號": "14756", "圖層": "32", "顏色": "19", "街廓編號": "", "分區代碼": "PEA", "分區簡稱": "公", "使用分區": "公園用地", "分區說明": "", "原屬分區": "", "變更前代碼": "", "變更前簡稱": "", "變更前分區": ""}}, {"type": "Feature", "geometry": {"type": "Polygon", "coordinates": [[[305264.25201891066, 2772630.976650097], [305262.27078017045, 2772635.567368238], [305215.0492392941, 2772637.7645627395], [305195.11393576744, 2772638.692142367], [305193.26685362577, 2772634.04582258], [305199.9407883115, 2772628.306297623], [305233.47187465045, 2772599.4698591596], [305237.46046705387, 2772599.771737678], [305259.2776978438, 2772625.182911307], [305264.25201891066, 2772630.976650097]]]}, "properties": {"編號": "15378", "圖層": "32", "顏色": "19", "街廓編號": "", "分區代碼": "PEA", "分區簡稱": "公", "使用分區": "公園用地", "分區說明": "", "原屬分區": "", "變更前代碼": "", "變更前簡稱": "", "變更前分區": ""}}, {"type": "Feature", "geometry": {"type": "Polygon", "coordinates": [[[305143.27264682937, 2772490.093816401], [305142.9713737488, 2772494.082454581], [305121.5709861567, 2772512.4990447373], [305113.9834826479, 2772519.0286434107], [305109.4264581671, 2772516.971089552], [305109.30767540383, 2772507.0515327933], [305109.00460893585, 2772481.7424311293], [305111.797181844, 2772478.878598635], [305127.954247561, 2772478.6649784227], [305133.3990131147, 2772478.5929906005], [305136.2888750856, 2772481.959106873], [305143.27264682937, 2772490.093816401]]]}, "properties": {"編號": "15379", "圖層": "32", "顏色": "19", "街廓編號": "", "分區代碼": "PEA", "分區簡稱": "公", "使用分區": "公園用地", "分區說明": "", "原屬分區": "", "變更前代碼": "", "變更前簡稱": "", "變更前分區": ""}}, {"type": "Feature", "geometry": {"type": "Polygon", "coordinates": [[[305283.45261393953, 2772367.0026129405], [305285.2179448669, 2772371.68060468], [305256.33122692775, 2772396.5365266544], [305243.9687876427, 2772407.1739354087], [305239.408399236, 2772405.1238481957], [305239.35300736973, 2772401.506927748], [305238.87561133836, 2772370.334418401], [305241.6663581631, 2772367.4688063967], [305259.8968485415, 2772367.2654157085], [305283.45261393953, 2772367.0026129405]]]}, "properties": {"編號": "15380", "圖層": "32", "顏色": "19", "街廓編號": "", "分區代碼": "PEA", "分區簡稱": "公", "使用分區": "公園用地", "分區說明": "", "原屬分區": "", "變更前代碼": "", "變更前簡稱": "", "變更前分區": ""}}, {"type": "Feature", "geometry": {"type": "Polygon", "coordinates": [[[305701.15076522826, 2772457.287776815], [305733.00599999976, 2772460.655], [305730.98099999974, 2772480.191], [305722.148, 2772479.317], [305709.68099999975, 2772477.972], [305694.307, 2772476.357], [305695.8463509142, 2772461.5845133103], [305696.4384067955, 2772459.722212926], [305697.72072602843, 2772458.2476450996], [305699.48282880784, 2772457.40284531], [305701.15076522826, 2772457.287776815]]]}, "properties": {"編號": "15393", "圖層": "32", "顏色": "19", "街廓編號": "", "分區代碼": "PEA", "分區簡稱": "公", "使用分區": "公園用地", "分區說明": "", "原屬分區": "", "變更前代碼": "", "變更前簡稱": "", "變更前分區": ""}}, {"type": "Feature", "geometry": {"type": "Polygon", "coordinates": [[[305863.560231112, 2772424.083468115], [305827.447, 2772420.316], [305829.429, 2772400.635], [305829.668, 2772400.682], [305841.30499999976, 2772401.887], [305852.923, 2772403.142], [305864.487, 2772404.406], [305877.4570000002, 2772405.772], [305868.46291242074, 2772421.564781287], [305867.1496095464, 2772423.0705592516], [305865.35441956663, 2772423.947727796], [305863.560231112, 2772424.083468115]]]}, "properties": {"編號": "15394", "圖層": "32", "顏色": "19", "街廓編號": "", "分區代碼": "PEA", "分區簡稱": "公", "使用分區": "公園用地", "分區說明": "", "原屬分區": "", "變更前代碼": "", "變更前簡稱": "", "變更前分區": ""}}, {"type": "Feature", "geometry": {"type": "Polygon", "coordinates": [[[305812.13, 2772334.573], [305809.9839999993, 2772353.798], [305793.1699999995, 2772352.005], [305781.48999999976, 2772350.834], [305769.887, 2772349.668], [305759.01099999977, 2772348.531], [305761.1529999995, 2772329.162], [305812.13, 2772334.573]]]}, "properties": {"編號": "15395", "圖層": "32", "顏色": "19", "街廓編號": "", "分區代碼": "PEA", "分區簡稱": "公", "使用分區": "公園用地", "分區說明": "", "原屬分區": "", "變更前代碼": "", "變更前簡稱": "", "變更前分區": ""}}, {"type": "Feature", "geometry": {"type": "Polygon", "coordinates": [[[305612.3541237459, 2772565.388190544], [305614.1594796085, 2772565.028426678], [305615.9492267907, 2772565.4591758545], [305617.3931928494, 2772566.6009734944], [305618.22499502014, 2772568.2431808445], [305618.32558222034, 2772569.86178741], [305608.6238105114, 2772645.079010207], [305607.92405835603, 2772647.2112189815], [305606.5258345802, 2772648.9664789657], [305604.899, 2772650.004], [305600.0, 2772652.177122201], [305586.5861818793, 2772658.1272887574], [305559.49578816793, 2772597.6196955396], [305556.10497147107, 2772590.046156389], [305584.33653575275, 2772577.6702730265], [305600.0, 2772570.803873253], [305607.28691750334, 2772567.609503993], [305612.3541237459, 2772565.388190544]]]}, "properties": {"編號": "15396", "圖層": "32", "顏色": "19", "街廓編號": "", "分區代碼": "PEA", "分區簡稱": "公", "使用分區": "公園用地", "分區說明": "", "原屬分區": "", "變更前代碼": "", "變更前簡稱": "", "變更前分區": ""}}]}