{"type": "FeatureCollection", "features": [{"type": "Feature", "id": "J0201-5.19", "geometry": {"type": "MultiPolygon", "coordinates": [[[[299679.9539, 2769360.5251], [299680.8739, 2769357.0211], [299702.2841, 2769339.4587], [299704.3197, 2769337.9777], [299728.4297, 2769318.6411], [299763.1725, 2769290.7285], [299785.7837, 2769272.9041], [299785.8339, 2769273.0619], [299785.9861, 2769273.3885], [299786.1927, 2769273.6837], [299786.4475, 2769273.9383], [299786.7427, 2769274.1451], [299787.0691, 2769274.2973], [299787.4171, 2769274.3905], [299787.7165, 2769274.4211], [299787.7761, 2769274.4219], [299788.1349, 2769274.3905], [299788.4829, 2769274.2973], [299788.8095, 2769274.1449], [299789.1045, 2769273.9383], [299789.3593, 2769273.6837], [299789.5659, 2769273.3883], [299789.6057, 2769273.3165], [299786.3625, 2769270.0651], [299761.7775, 2769288.9575], [299727.0877, 2769316.9611], [299703.0557, 2769336.4017], [299681.7139, 2769353.6811], [299677.3649, 2769357.2751], [299677.0639, 2769357.5781], [299676.8089, 2769357.9421], [299676.6211, 2769358.3449], [299676.5061, 2769358.7741], [299676.4673, 2769359.2169], [299676.4809, 2769359.4791], [299676.5061, 2769359.6597], [299676.6211, 2769360.0889], [299676.8089, 2769360.4917], [299676.9489, 2769360.7081], [299677.9607, 2769361.9835], [299679.9539, 2769360.5251]]]]}, "geometry_name": "the_geom", "properties": {"項次": "19", "名稱": "雙園街", "面積": "19.57", "體積": "false", "圖形": "面"}, "bbox": [299676.4673, 2769270.0651, 299789.6057, 2769361.9835]}, {"type": "Feature", "id": "J0201-5.20", "geometry": {"type": "MultiPolygon", "coordinates": [[[[299746.1185, 2769226.9421], [299726.6133, 2769207.6093], [299726.5963, 2769207.5887], [299726.0551, 2769207.0477], [299725.4283, 2769206.6087], [299724.7351, 2769206.2855], [299723.9959, 2769206.0875], [299723.6363, 2769206.0393], [299723.2337, 2769206.0207], [299722.4715, 2769206.0875], [299721.7325, 2769206.2855], [299721.0393, 2769206.6089], [299720.4973, 2769206.9785], [299719.2769, 2769208.1975], [299721.1745, 2769210.0975], [299725.9463, 2769209.6213], [299747.2877, 2769231.0571], [299747.3829, 2769230.1229], [299747.1929, 2769228.8091], [299746.9821, 2769228.2381], [299746.1185, 2769226.9421]]]]}, "geometry_name": "the_geom", "properties": {"項次": "20", "名稱": "艋舺大道", "面積": "80.362429", "體積": "false", "圖形": "面"}, "bbox": [299719.2769, 2769206.0207, 299747.3829, 2769231.0571]}, {"type": "Feature", "id": "J0201-5.21", "geometry": {"type": "MultiPolygon", "coordinates": [[[[299753.0297, 2769236.8211], [299754.7947, 2769238.5913], [299775.7711, 2769259.6359], [299775.4341, 2769262.9129], [299776.4991, 2769263.9589], [299776.9789, 2769263.2953], [299777.3659, 2769262.5737], [299777.6533, 2769261.8071], [299777.8361, 2769261.0089], [299777.9105, 2769260.2101], [299777.8801, 2769259.4083], [299777.7451, 2769258.6175], [299777.5081, 2769257.8509], [299755.2357, 2769236.0083], [299753.0297, 2769236.8211]]]]}, "geometry_name": "the_geom", "properties": {"項次": "21", "名稱": "艋舺大道", "面積": "83.02780916", "體積": "false", "圖形": "面"}, "bbox": [299753.0297, 2769236.0083, 299777.9105, 2769263.9589]}, {"type": "Feature", "id": "J0201-5.22", "geometry": {"type": "MultiPolygon", "coordinates": [[[[299863.5735, 2769352.8131], [299865.2409, 2769354.4639], [299867.9245, 2769352.3031], [299868.2815, 2769352.0469], [299868.5907, 2769351.7343], [299868.8429, 2769351.3745], [299869.0311, 2769350.9773], [299869.1501, 2769350.5541], [299869.1965, 2769350.1171], [299869.1743, 2769349.7169], [299869.0909, 2769349.3247], [299868.9487, 2769348.9501], [299868.7507, 2769348.6015], [299868.5017, 2769348.2873], [299868.2075, 2769348.0151], [299862.0403, 2769341.8843], [299823.4077, 2769303.8357], [299789.1553, 2769270.0797], [299788.7243, 2769269.8917], [299788.2693, 2769269.7733], [299787.8013, 2769269.7277], [299787.3061, 2769269.7599], [299786.8229, 2769269.8733], [299786.3653, 2769270.0651], [299839.6461, 2769323.4803], [299863.8435, 2769347.7001], [299863.5735, 2769352.8131]]]]}, "geometry_name": "the_geom", "properties": {"項次": "22", "名稱": "艋舺大道", "面積": "296.4376541", "體積": "false", "圖形": "面"}, "bbox": [299786.3653, 2769269.7277, 299869.1965, 2769354.4639]}, {"type": "Feature", "id": "J0201-5.23", "geometry": {"type": "MultiPolygon", "coordinates": [[[[299919.4001, 2769401.6617], [299919.4653, 2769402.7657], [299921.6973, 2769405.5169], [299925.9423, 2769409.3767], [299934.8565, 2769417.1207], [299935.1159, 2769416.4277], [299935.2569, 2769415.7015], [299935.2755, 2769414.9617], [299935.1793, 2769414.2649], [299934.9747, 2769413.5919], [299934.6665, 2769412.9595], [299934.2625, 2769412.3837], [299924.2093, 2769402.6795], [299923.4821, 2769402.1853], [299922.6849, 2769401.8147], [299921.8383, 2769401.5777], [299921.0243, 2769401.4823], [299920.2055, 2769401.5107], [299919.4001, 2769401.6617]]]]}, "geometry_name": "the_geom", "properties": {"項次": "23", "名稱": "艋舺大道", "面積": "68.27179398", "體積": "false", "圖形": "面"}, "bbox": [299919.4001, 2769401.4823, 299935.2755, 2769417.1207]}, {"type": "Feature", "id": "J0201-5.24", "geometry": {"type": "MultiPolygon", "coordinates": [[[[299936.4321, 2769870.2423], [299928.2941, 2769860.1835], [299916.8159, 2769845.8093], [299902.1307, 2769827.5363], [299900.1297, 2769826.8105], [299895.1233, 2769828.0515], [299892.0387, 2769828.4475], [299887.3769, 2769828.6015], [299882.2497, 2769828.5467], [299880.3423, 2769828.3765], [299878.4671, 2769827.9881], [299875.4255, 2769827.0591], [299872.4555, 2769825.9219], [299869.6675, 2769824.6611], [299868.9115, 2769824.9199], [299868.0635, 2769826.6481], [299871.4835, 2769828.2719], [299874.6617, 2769829.4797], [299877.9159, 2769830.4635], [299879.9959, 2769830.8915], [299882.1107, 2769831.0849], [299887.6929, 2769831.1487], [299892.5267, 2769830.9555], [299895.7955, 2769830.4467], [299901.0527, 2769828.8557], [299916.6589, 2769848.4653], [299927.2651, 2769861.5623], [299935.0647, 2769871.2837], [299936.4321, 2769870.2423]]]]}, "geometry_name": "the_geom", "properties": {"項次": "24", "名稱": "環河南路二段", "面積": "177.7421337", "體積": "false", "圖形": "面"}, "bbox": [299868.0635, 2769824.6611, 299936.4321, 2769871.2837]}, {"type": "Feature", "id": "J0201-5.25", "geometry": {"type": "MultiPolygon", "coordinates": [[[[299938.3145, 2769872.5691], [299936.9081, 2769873.5813], [299943.7795, 2769882.1461], [299943.9753, 2769882.0131], [299944.1491, 2769881.8523], [299944.2967, 2769881.6671], [299944.4147, 2769881.4617], [299944.5005, 2769881.2411], [299944.5513, 2769881.0157], [299944.5685, 2769880.7855], [299944.5517, 2769880.5551], [299944.5013, 2769880.3297], [299944.4185, 2769880.1141], [299938.3145, 2769872.5691]]]]}, "geometry_name": "the_geom", "properties": {"項次": "25", "名稱": "環河南路二段", "面積": "18.7147922", "體積": "false", "圖形": "面"}, "bbox": [299936.9081, 2769872.5691, 299944.5685, 2769882.1461]}, {"type": "Feature", "id": "J0201-5.26", "geometry": {"type": "MultiPolygon", "coordinates": [[[[299946.5227, 2769425.2515], [299946.2847, 2769425.4601], [299946.0839, 2769425.7047], [299945.9253, 2769425.9785], [299945.8133, 2769426.2745], [299945.7507, 2769426.5847], [299964.8999, 2769443.9033], [299983.2741, 2769459.9031], [299985.9281, 2769457.2063], [299972.9429, 2769445.5121], [299957.1027, 2769433.4733], [299948.6847, 2769425.1465], [299948.3907, 2769425.0019], [299948.0769, 2769424.9087], [299947.7517, 2769424.8695], [299947.4245, 2769424.8853], [299947.1047, 2769424.9559], [299946.8011, 2769425.0791], [299946.5227, 2769425.2515]]]]}, "geometry_name": "the_geom", "properties": {"項次": "26", "名稱": "艋舺大道", "面積": "170.9075535", "體積": "false", "圖形": "面"}, "bbox": [299945.7507, 2769424.8695, 299985.9281, 2769459.9031]}, {"type": "Feature", "id": "J0201-5.27", "geometry": {"type": "MultiPolygon", "coordinates": [[[[300064.9861, 2769519.0885], [300065.2283, 2769518.3613], [300065.3645, 2769517.6071], [300065.3921, 2769516.8413], [300065.3101, 2769516.0793], [300065.1099, 2769515.3047], [300064.7967, 2769514.5685], [300064.3777, 2769513.8869], [300063.8621, 2769513.2753], [300054.1211, 2769508.0123], [300053.2949, 2769508.0189], [300052.4783, 2769508.1429], [300051.6875, 2769508.3823], [300050.9391, 2769508.7317], [300050.1221, 2769509.2825], [300049.4105, 2769509.9641], [300048.8251, 2769510.7565], [300064.9861, 2769519.0885]]]]}, "geometry_name": "the_geom", "properties": {"項次": "27", "名稱": "艋舺大道", "面積": "76.37689072", "體積": "false", "圖形": "面"}, "bbox": [300048.8251, 2769508.0123, 300065.3921, 2769519.0885]}, {"type": "Feature", "id": "J0201-5.28", "geometry": {"type": "MultiPolygon", "coordinates": [[[[300074.4903, 2769523.4351], [300086.1079, 2769528.8225], [300097.9495, 2769533.6979], [300107.1363, 2769537.0729], [300116.4307, 2769540.1399], [300115.8461, 2769538.3405], [300114.9657, 2769536.6659], [300113.8763, 2769535.2329], [300112.5705, 2769533.9939], [300099.4105, 2769529.3279], [300089.2983, 2769525.2699], [300079.3383, 2769520.8521], [300078.6029, 2769520.8793], [300077.8777, 2769521.0037], [300077.1753, 2769521.2233], [300076.5083, 2769521.5341], [300075.7313, 2769522.0507], [300075.0523, 2769522.6905], [300074.4903, 2769523.4351]]]]}, "geometry_name": "the_geom", "properties": {"項次": "28", "名稱": "艋舺大道", "面積": "190.2058626", "體積": "false", "圖形": "面"}, "bbox": [300074.4903, 2769520.8521, 300116.4307, 2769540.1399]}, {"type": "Feature", "id": "J0201-5.29", "geometry": {"type": "MultiPolygon", "coordinates": [[[[300082.4489, 2769491.5979], [300062.8347, 2769480.6961], [300062.6681, 2769481.6441], [300062.6227, 2769482.6055], [300062.6989, 2769483.5651], [300062.8769, 2769484.4385], [300063.1557, 2769485.2851], [300063.5317, 2769486.0933], [300066.9689, 2769488.0781], [300074.2109, 2769491.9729], [300078.4029, 2769494.1921], [300078.8725, 2769494.2683], [300079.3479, 2769494.2769], [300079.8199, 2769494.2181], [300080.2787, 2769494.0929], [300080.7149, 2769493.9039], [300081.1373, 2769493.6425], [300081.5163, 2769493.3213], [300081.8435, 2769492.9475], [300082.1117, 2769492.5295], [300082.3151, 2769492.0763], [300082.4489, 2769491.5979]]]]}, "geometry_name": "the_geom", "properties": {"項次": "29", "名稱": "艋舺大道", "面積": "90.9044728", "體積": "false", "圖形": "面"}, "bbox": [300062.6227, 2769480.6961, 300082.4489, 2769494.2769]}, {"type": "Feature", "id": "J0201-5.30", "geometry": {"type": "MultiPolygon", "coordinates": [[[[300095.7021, 2769497.5589], [300085.4949, 2769492.7009], [300085.1749, 2769493.2395], [300084.9467, 2769493.8229], [300084.8169, 2769494.4359], [300084.7887, 2769495.0619], [300084.8631, 2769495.6841], [300085.0293, 2769496.2633], [300085.2843, 2769496.8093], [300085.6219, 2769497.3087], [300086.0335, 2769497.7487], [300086.5093, 2769498.1189], [300087.0371, 2769498.4097], [300094.2991, 2769501.6299], [300094.3345, 2769501.6919], [300095.9917, 2769502.3945], [300103.5891, 2769505.4053], [300105.2653, 2769506.0617], [300110.3889, 2769507.9261], [300112.0673, 2769508.5769], [300120.6653, 2769511.6883], [300129.9055, 2769514.5463], [300130.4113, 2769514.2867], [300130.8673, 2769513.9471], [300131.2609, 2769513.5369], [300131.5813, 2769513.0673], [300131.8197, 2769512.5521], [300131.9697, 2769512.0049], [300132.0275, 2769511.4403], [300121.7713, 2769508.0065], [300115.8343, 2769506.0215], [300109.9671, 2769503.8385], [300102.7691, 2769500.8477], [300095.7021, 2769497.5589]]]]}, "geometry_name": "the_geom", "properties": {"項次": "30", "名稱": "艋舺大道", "面積": "196.8232406", "體積": "false", "圖形": "面"}, "bbox": [300084.7887, 2769492.7009, 300132.0275, 2769514.5463]}, {"type": "Feature", "id": "J0201-5.31", "geometry": {"type": "MultiPolygon", "coordinates": [[[[300148.6819, 2769547.5283], [300148.7003, 2769546.7741], [300148.5955, 2769546.0271], [300148.3699, 2769545.3071], [300148.0461, 2769544.6611], [300147.6253, 2769544.0735], [300147.1179, 2769543.5593], [300136.8127, 2769540.9473], [300135.7895, 2769541.0503], [300134.7927, 2769541.3033], [300133.8445, 2769541.7013], [300132.9655, 2769542.2351], [300132.1587, 2769542.9089], [300131.4631, 2769543.6971], [300130.8947, 2769544.5815], [300148.6819, 2769547.5283]]]]}, "geometry_name": "the_geom", "properties": {"項次": "31", "名稱": "艋舺大道", "面積": "65.19828921", "體積": "false", "圖形": "面"}, "bbox": [300130.8947, 2769540.9473, 300148.7003, 2769547.5283]}, {"type": "Feature", "id": "J0201-5.32", "geometry": {"type": "MultiPolygon", "coordinates": [[[[300149.7735, 2769516.0801], [300139.6785, 2769513.5261], [300139.4959, 2769513.9623], [300139.3855, 2769514.4219], [300139.3499, 2769514.8933], [300139.3899, 2769515.3643], [300139.5047, 2769515.8229], [300139.6915, 2769516.2571], [300139.9363, 2769516.6443], [300140.2379, 2769516.9887], [300140.5895, 2769517.2823], [300140.9821, 2769517.5181], [300141.4065, 2769517.6901], [300148.8315, 2769519.6541], [300163.1597, 2769522.7109], [300164.9215, 2769523.0795], [300170.2363, 2769524.2357], [300172.0005, 2769524.5927], [300182.8173, 2769526.6187], [300184.5961, 2769526.8937], [300190.9315, 2769527.9381], [300192.7189, 2769528.1505], [300201.7305, 2769529.2849], [300203.5179, 2769529.4973], [300212.5379, 2769530.5741], [300220.7799, 2769531.2931], [300222.5679, 2769530.5921], [300224.2179, 2769529.6101], [300225.5719, 2769528.4851], [300226.7429, 2769527.1709], [300222.3623, 2769526.6285], [300213.1499, 2769525.4873], [300183.2817, 2769521.2995], [300149.7735, 2769516.0801]]]]}, "geometry_name": "the_geom", "properties": {"項次": "32", "名稱": "艋舺大道", "面積": "411.6952939", "體積": "false", "圖形": "面"}, "bbox": [300139.3499, 2769513.5261, 300226.7429, 2769531.2931]}, {"type": "Feature", "id": "J0201-5.33", "geometry": {"type": "MultiPolygon", "coordinates": [[[[300153.7519, 2769085.1295], [300108.8467, 2769073.0791], [300102.5557, 2769074.0411], [300102.1167, 2769071.1571], [300097.3647, 2769067.5381], [300093.6565, 2769064.4373], [300091.9495, 2769062.0933], [300089.0355, 2769058.0933], [300087.9623, 2769055.4439], [300085.2167, 2769050.2801], [300083.5863, 2769047.8623], [300081.7793, 2769045.5489], [300077.7165, 2769041.3419], [300077.7091, 2769041.3353], [300074.3123, 2769038.0263], [300072.2819, 2769040.1625], [300069.8693, 2769042.7005], [300075.4425, 2769048.3063], [300076.0019, 2769048.8733], [300078.1983, 2769051.5513], [300078.7301, 2769052.3423], [300079.8023, 2769054.1933], [300084.8785, 2769063.8113], [300087.5627, 2769067.0727], [300091.0815, 2769070.5593], [300091.9087, 2769071.2759], [300096.7763, 2769074.8623], [300102.0787, 2769077.7677], [300102.2789, 2769077.8601], [300150.4079, 2769090.7425], [300172.0653, 2769096.5223], [300172.3597, 2769096.6035], [300182.7397, 2769099.0323], [300188.0253, 2769099.9521], [300193.2747, 2769100.6593], [300199.5743, 2769101.2419], [300235.5175, 2769103.0153], [300321.4522, 2769107.2621], [300347.5094, 2769108.5937], [300390.7354, 2769110.6261], [300439.5118, 2769113.0085], [300439.5422, 2769110.4551], [300439.5428, 2769110.4059], [300439.5866, 2769106.7385], [300391.6414, 2769104.4221], [300346.2032, 2769102.0917], [300321.416, 2769100.7821], [300236.4445, 2769096.7773], [300206.9993, 2769095.3227], [300183.6363, 2769092.8681], [300175.2341, 2769090.8221], [300153.7519, 2769085.1295]]]]}, "geometry_name": "the_geom", "properties": {"項次": "33", "名稱": "西藏路", "面積": "2448.031788", "體積": "false", "圖形": "面"}, "bbox": [300069.8693, 2769038.0263, 300439.5866, 2769113.0085]}, {"type": "Feature", "id": "J0201-5.34", "geometry": {"type": "MultiPolygon", "coordinates": [[[[300169.2789, 2769546.4151], [300165.6329, 2769545.8249], [300164.8501, 2769545.9185], [300164.0905, 2769546.1299], [300163.3719, 2769546.4541], [300162.7109, 2769546.8839], [300162.1229, 2769547.4089], [300161.6863, 2769547.9273], [300161.3213, 2769548.4983], [300161.0339, 2769549.1121], [300191.2241, 2769553.2347], [300216.3793, 2769555.8123], [300215.5461, 2769554.7871], [300214.5793, 2769553.8873], [300213.2671, 2769552.9961], [300211.8253, 2769552.3353], [300208.0631, 2769551.9543], [300169.2789, 2769546.4151]]]]}, "geometry_name": "the_geom", "properties": {"項次": "34", "名稱": "艋舺大道", "面積": "184.7540281", "體積": "false", "圖形": "面"}, "bbox": [300161.0339, 2769545.8249, 300216.3793, 2769555.8123]}, {"type": "Feature", "id": "J0201-5.35", "geometry": {"type": "MultiPolygon", "coordinates": [[[[300211.7837, 2769300.5299], [300212.0993, 2769300.7621], [300214.2823, 2769300.8341], [300240.9323, 2769301.7143], [300269.4515, 2769302.6559], [300269.4899, 2769302.2901], [300269.6407, 2769299.2679], [300211.9905, 2769297.3381], [300211.8685, 2769300.5331], [300211.7837, 2769300.5299]]]]}, "geometry_name": "the_geom", "properties": {"項次": "35", "名稱": "莒光路", "面積": "196.3504752", "體積": "false", "圖形": "面"}, "bbox": [300211.7837, 2769297.3381, 300269.6407, 2769302.6559]}, {"type": "Feature", "id": "J0201-5.36", "geometry": {"type": "MultiPolygon", "coordinates": [[[[300212.1118, 2769272.871], [300208.9908, 2769257.2122], [300208.4299, 2769254.4863], [300208.4149, 2769254.4116], [300203.2255, 2769228.8932], [300194.8398, 2769189.181], [300194.5018, 2769160.428], [300195.2384, 2769133.1467], [300196.591, 2769132.1528], [300191.9843, 2769131.9621], [300191.9534, 2769132.6736], [300191.3973, 2769160.3195], [300190.8608, 2769189.0523], [300199.0752, 2769228.4068], [300199.8611, 2769229.565], [300202.6921, 2769243.3206], [300202.5572, 2769244.9809], [300205.0238, 2769257.3825], [300213.0377, 2769297.3732], [300217.0857, 2769297.5087], [300212.1118, 2769272.871]]]]}, "geometry_name": "the_geom", "properties": {"項次": "36", "名稱": "西園路二段111巷23弄", "面積": "618.3274823", "體積": "false", "圖形": "面"}, "bbox": [300190.8608, 2769131.9621, 300217.0857, 2769297.5087]}, {"type": "Feature", "id": "J0201-5.41", "geometry": {"type": "MultiPolygon", "coordinates": [[[[300243.3356, 2769558.2499], [300241.9373, 2769555.8459], [300241.0414, 2769555.8148], [300229.6894, 2769555.3853], [300227.3004, 2769555.433], [300227.2644, 2769556.8174], [300227.7301, 2769557.0405], [300242.9155, 2769558.2722], [300243.3356, 2769558.2499]]]]}, "geometry_name": "the_geom", "properties": {"項次": "41", "名稱": "艋舺大道", "面積": "31.16879311", "體積": "false", "圖形": "面"}, "bbox": [300227.2644, 2769555.3853, 300243.3356, 2769558.2722]}, {"type": "Feature", "id": "J0201-5.45", "geometry": {"type": "MultiPolygon", "coordinates": [[[[300269.4515, 2769302.6559], [300240.9323, 2769301.7143], [300214.2823, 2769300.8341], [300212.0993, 2769300.7621], [300211.7837, 2769300.5299], [300197.5573, 2769299.9973], [300197.5409, 2769302.6473], [300216.6605, 2769303.3337], [300268.4519, 2769305.2013], [300269.2987, 2769304.1077], [300269.4515, 2769302.6559]]]]}, "geometry_name": "the_geom", "properties": {"項次": "45", "名稱": "莒光路", "面積": "180.6625044", "體積": "false", "圖形": "面"}, "bbox": [300197.5409, 2769299.9973, 300269.4515, 2769305.2013]}, {"type": "Feature", "id": "J0201-5.46", "geometry": {"type": "MultiPolygon", "coordinates": [[[[300277.3778, 2769302.9509], [300296.4286, 2769303.7131], [300296.6514, 2769300.1755], [300277.6334, 2769299.5365], [300277.3778, 2769302.9509]]]]}, "geometry_name": "the_geom", "properties": {"項次": "46", "名稱": "莒光路", "面積": "66.33115793", "體積": "false", "圖形": "面"}, "bbox": [300277.3778, 2769299.5365, 300296.6514, 2769303.7131]}, {"type": "Feature", "id": "J0201-5.49", "geometry": {"type": "MultiPolygon", "coordinates": [[[[300296.4286, 2769303.7131], [300277.3778, 2769302.9509], [300277.3342, 2769303.5335], [300277.908, 2769304.6815], [300278.6588, 2769305.5681], [300296.2718, 2769306.2011], [300296.4286, 2769303.7131]]]]}, "geometry_name": "the_geom", "properties": {"項次": "49", "名稱": "莒光路", "面積": "47.0086909", "體積": "false", "圖形": "面"}, "bbox": [300277.3342, 2769302.9509, 300296.4286, 2769306.2011]}, {"type": "Feature", "id": "J0201-5.50", "geometry": {"type": "MultiPolygon", "coordinates": [[[[300300.7942, 2769303.8879], [300365.1658, 2769306.4631], [300366.5648, 2769306.5223], [300366.7384, 2769302.5297], [300300.9736, 2769300.3207], [300300.7942, 2769303.8879]]]]}, "geometry_name": "the_geom", "properties": {"項次": "50", "名稱": "莒光路", "面積": "248.9187124", "體積": "false", "圖形": "面"}, "bbox": [300300.7942, 2769300.3207, 300366.7384, 2769306.5223]}, {"type": "Feature", "id": "J0201-5.51", "geometry": {"type": "MultiPolygon", "coordinates": [[[[300332.1372, 2769488.7543], [300323.1502, 2769487.9773], [300297.985, 2769485.9567], [300273.133, 2769484.0231], [300272.953, 2769486.3681], [300300.8882, 2769488.6777], [300330.2864, 2769490.9423], [300331.9022, 2769490.2083], [300332.1372, 2769488.7543]]]]}, "geometry_name": "the_geom", "properties": {"項次": "51", "名稱": "艋舺大道", "面積": "142.4121375", "體積": "false", "圖形": "面"}, "bbox": [300272.953, 2769484.0231, 300332.1372, 2769490.9423]}, {"type": "Feature", "id": "J0201-5.53", "geometry": {"type": "MultiPolygon", "coordinates": [[[[300366.5648, 2769306.5223], [300365.1658, 2769306.4631], [300300.7942, 2769303.8879], [300300.67, 2769306.3593], [300365.6104, 2769308.6927], [300366.5164, 2769307.6357], [300366.5648, 2769306.5223]]]]}, "geometry_name": "the_geom", "properties": {"項次": "53", "名稱": "莒光路", "面積": "153.605985", "體積": "false", "圖形": "面"}, "bbox": [300300.67, 2769303.8879, 300366.5648, 2769308.6927]}, {"type": "Feature", "id": "J0201-5.56", "geometry": {"type": "MultiPolygon", "coordinates": [[[[300375.5088, 2769329.0337], [300364.4376, 2769328.6079], [300328.9624, 2769327.3393], [300287.8772, 2769325.8421], [300287.6016, 2769325.9163], [300287.3422, 2769326.0359], [300287.1066, 2769326.1973], [300286.9016, 2769326.3961], [300286.7328, 2769326.6265], [300286.6052, 2769326.8819], [300286.5282, 2769327.1289], [300286.4898, 2769327.3847], [300286.4906, 2769327.6435], [300286.531, 2769327.8989], [300286.6098, 2769328.1453], [300286.7252, 2769328.3769], [300333.7146, 2769330.0835], [300362.0626, 2769331.0039], [300374.9058, 2769331.6219], [300432.079, 2769333.8741], [300431.957, 2769331.6449], [300430.996, 2769330.9949], [300375.5088, 2769329.0337]]]]}, "geometry_name": "the_geom", "properties": {"項次": "56", "名稱": "莒光路", "面積": "380.5735026", "體積": "false", "圖形": "面"}, "bbox": [300286.4898, 2769325.8421, 300432.079, 2769333.8741]}, {"type": "Feature", "id": "J0201-5.58", "geometry": {"type": "MultiPolygon", "coordinates": [[[[300401.9426, 2769494.2493], [300382.2094, 2769492.6535], [300339.9572, 2769489.4931], [300340.0624, 2769489.8365], [300340.3156, 2769490.3799], [300340.6464, 2769490.8551], [300340.6594, 2769490.8709], [300341.0834, 2769491.2949], [300341.5744, 2769491.6387], [300342.1178, 2769491.8921], [300342.2782, 2769491.9461], [300376.4784, 2769494.5837], [300400.2986, 2769496.5603], [300401.4906, 2769496.0873], [300401.9426, 2769494.2493]]]]}, "geometry_name": "the_geom", "properties": {"項次": "58", "名稱": "艋舺大道", "面積": "143.4580875", "體積": "false", "圖形": "面"}, "bbox": [300339.9572, 2769489.4931, 300401.9426, 2769496.5603]}, {"type": "Feature", "id": "J0201-5.59", "geometry": {"type": "MultiPolygon", "coordinates": [[[[300413.9446, 2769495.5071], [300413.7886, 2769497.0271], [300467.323, 2769502.3123], [300496.447, 2769504.4049], [300496.594, 2769502.0919], [300470.0242, 2769500.0273], [300443.8918, 2769497.8747], [300413.9446, 2769495.5071]]]]}, "geometry_name": "the_geom", "properties": {"項次": "59", "名稱": "艋舺大道", "面積": "179.5511083", "體積": "false", "圖形": "面"}, "bbox": [300413.7886, 2769495.5071, 300496.594, 2769504.4049]}, {"type": "Feature", "id": "J0201-5.60", "geometry": {"type": "MultiPolygon", "coordinates": [[[[300520.0154, 2770139.6748], [300519.7338, 2770140.6597], [300519.6637, 2770141.2704], [300519.671, 2770141.9517], [300522.2895, 2770141.8009], [300524.4985, 2770139.3655], [300559.5108, 2770137.5252], [300562.9701, 2770140.0899], [300562.7548, 2770136.3478], [300562.7118, 2770136.0348], [300562.6206, 2770135.7338], [300562.5167, 2770135.5101], [300562.4317, 2770135.3676], [300562.2869, 2770135.1731], [300562.072, 2770134.9547], [300561.8561, 2770134.791], [300561.6139, 2770134.655], [300561.3703, 2770134.5586], [300561.0217, 2770134.4801], [300560.6438, 2770134.4659], [300559.3391, 2770134.5406], [300526.1332, 2770136.4417], [300524.9352, 2770136.5104], [300524.3362, 2770136.5448], [300524.1592, 2770136.5629], [300523.8115, 2770136.5985], [300523.0781, 2770136.7699], [300522.436, 2770137.0548], [300522.0112, 2770137.2917], [300521.7132, 2770137.4928], [300521.4773, 2770137.6756], [300521.2136, 2770137.9089], [300520.9654, 2770138.1619], [300520.7394, 2770138.4274], [300520.3649, 2770138.9694], [300520.0154, 2770139.6748]]]]}, "geometry_name": "the_geom", "properties": {"項次": "60", "名稱": "桂林路", "面積": "132.8846378", "體積": "false", "圖形": "面"}, "bbox": [300519.6637, 2770134.4659, 300562.9701, 2770141.9517]}, {"type": "Feature", "id": "J0201-5.64", "geometry": {"type": "MultiPolygon", "coordinates": [[[[300629.0548, 2769784.3405], [300627.5202, 2769783.2821], [300605.9302, 2769783.7055], [300597.199, 2769784.0759], [300595.3468, 2769784.6581], [300593.296, 2769785.6521], [300592.0734, 2769787.2057], [300591.3174, 2769787.8249], [300590.679, 2769788.5645], [300594.0466, 2769788.5983], [300598.5166, 2769787.9053], [300608.0766, 2769787.5049], [300629.9088, 2769786.9477], [300629.8706, 2769786.6777], [300629.7902, 2769786.4169], [300629.6698, 2769786.1723], [300629.642, 2769786.1329], [300629.0548, 2769784.3405]]]]}, "geometry_name": "the_geom", "properties": {"項次": "64", "名稱": "和平西路三段", "面積": "139.7363854", "體積": "false", "圖形": "面"}, "bbox": [300590.679, 2769783.2821, 300629.9088, 2769788.5983]}, {"type": "Feature", "id": "J0201-5.65", "geometry": {"type": "MultiPolygon", "coordinates": [[[[300628.0087, 2770134.0407], [300627.8044, 2770133.6934], [300627.4358, 2770133.1923], [300627.1511, 2770132.8798], [300626.8454, 2770132.5961], [300626.6496, 2770132.4375], [300626.3286, 2770132.2119], [300625.6424, 2770131.8243], [300624.9022, 2770131.5539], [300624.128, 2770131.4081], [300623.2106, 2770131.413], [300620.0093, 2770131.5683], [300618.8107, 2770131.6265], [300572.0215, 2770133.8965], [300570.3355, 2770134.0204], [300569.6834, 2770134.3231], [300569.3764, 2770134.5909], [300569.0094, 2770135.1458], [300568.8633, 2770135.6378], [300568.8744, 2770136.6497], [300569.0622, 2770139.9141], [300572.1823, 2770136.692], [300575.1999, 2770136.5427], [300584.2189, 2770136.1066], [300593.2008, 2770135.6718], [300602.1904, 2770135.2332], [300606.0871, 2770135.0618], [300606.6861, 2770135.0273], [300607.2553, 2770134.9904], [300610.5685, 2770134.8366], [300611.1675, 2770134.8021], [300615.0769, 2770134.6256], [300615.6759, 2770134.5911], [300622.8734, 2770134.2382], [300628.0087, 2770134.0407]]]]}, "geometry_name": "the_geom", "properties": {"項次": "65", "名稱": "桂林路", "面積": "166.4628146", "體積": "false", "圖形": "面"}, "bbox": [300568.8633, 2770131.4081, 300628.0087, 2770139.9141]}, {"type": "Feature", "id": "J0201-5.66", "geometry": {"type": "MultiPolygon", "coordinates": [[[[300646.9954, 2770132.5403], [300647.2765, 2770132.2039], [300669.0966, 2770128.3701], [300699.1556, 2770122.3155], [300699.7606, 2770124.8625], [300703.4356, 2770124.1275], [300702.6876, 2770120.9157], [300702.6194, 2770120.6987], [300702.5182, 2770120.4947], [300702.3866, 2770120.3091], [300702.131, 2770119.9338], [300701.9245, 2770119.6973], [300701.6223, 2770119.4542], [300701.3422, 2770119.3011], [300701.0811, 2770119.2055], [300700.7774, 2770119.1428], [300700.5261, 2770119.127], [300700.1406, 2770119.1644], [300698.8749, 2770119.4129], [300687.9235, 2770121.5321], [300664.0633, 2770126.238], [300651.4675, 2770128.5617], [300649.7045, 2770128.895], [300645.979, 2770129.5997], [300645.5922, 2770129.6889], [300645.0617, 2770129.866], [300644.7297, 2770130.0121], [300644.2413, 2770130.2832], [300643.6484, 2770130.7213], [300643.2163, 2770131.1407], [300642.7647, 2770131.7141], [300642.398, 2770132.3543], [300642.1153, 2770132.97], [300646.9954, 2770132.5403]]]]}, "geometry_name": "the_geom", "properties": {"項次": "66", "名稱": "桂林路", "面積": "187.4300579", "體積": "false", "圖形": "面"}, "bbox": [300642.1153, 2770119.127, 300703.4356, 2770132.97]}, {"type": "Feature", "id": "J0201-5.67", "geometry": {"type": "MultiPolygon", "coordinates": [[[[300675.165, 2769782.1783], [300673.3394, 2769781.9005], [300640.8352, 2769782.7737], [300637.1046, 2769783.1705], [300636.3362, 2769783.3659], [300635.5568, 2769783.9643], [300634.6042, 2769785.1153], [300634.2186, 2769786.5577], [300634.1648, 2769786.8547], [300677.507, 2769785.6729], [300677.406, 2769784.4511], [300676.9112, 2769782.8531], [300675.165, 2769782.1783]]]]}, "geometry_name": "the_geom", "properties": {"項次": "67", "名稱": "和平西路三段", "面積": "161.6954", "體積": "false", "圖形": "面"}, "bbox": [300634.1648, 2769781.9005, 300677.507, 2769786.8547]}, {"type": "Feature", "id": "J0201-5.68", "geometry": {"type": "MultiPolygon", "coordinates": [[[[300683.1226, 2769755.4733], [300683.1596, 2769752.1557], [300646.0084, 2769753.0063], [300641.4634, 2769753.1733], [300608.9422, 2769753.8307], [300600.9222, 2769754.1471], [300601.6542, 2769757.6211], [300591.3352, 2769757.8521], [300587.0596, 2769757.9779], [300586.2266, 2769758.1255], [300587.3644, 2769759.5807], [300590.0234, 2769761.2873], [300591.5378, 2769761.6125], [300641.657, 2769760.0967], [300646.3004, 2769760.0173], [300681.5826, 2769759.5411], [300682.932, 2769758.5885], [300683.1106, 2769756.5477], [300683.1226, 2769755.4733]]]]}, "geometry_name": "the_geom", "properties": {"項次": "68", "名稱": "和平西路三段", "面積": "632.8221275", "體積": "false", "圖形": "面"}, "bbox": [300586.2266, 2769752.1557, 300683.1596, 2769761.6125]}, {"type": "Feature", "id": "J0201-5.69", "geometry": {"type": "MultiPolygon", "coordinates": [[[[300692.1374, 2769781.5683], [300690.3514, 2769781.5683], [300685.2582, 2769781.6345], [300683.9352, 2769782.1635], [300683.0704, 2769784.2325], [300682.8918, 2769784.3919], [300682.7418, 2769784.5785], [300682.6242, 2769784.7871], [300682.5426, 2769785.0123], [300682.4986, 2769785.2477], [300682.494, 2769785.4871], [300695.328, 2769785.2017], [300695.2538, 2769784.9193], [300695.1352, 2769784.6525], [300694.9752, 2769784.4083], [300694.778, 2769784.1929], [300693.6446, 2769783.1875], [300692.1374, 2769781.5683]]]]}, "geometry_name": "the_geom", "properties": {"項次": "69", "名稱": "和平西路三段", "面積": "39.42844344", "體積": "false", "圖形": "面"}, "bbox": [300682.494, 2769781.5683, 300695.328, 2769785.4871]}, {"type": "Feature", "id": "J0201-5.70", "geometry": {"type": "MultiPolygon", "coordinates": [[[[300717.824, 2769781.0523], [300717.1362, 2769780.9465], [300702.6898, 2769781.2111], [300701.4198, 2769781.5285], [300700.5478, 2769782.0773], [300699.3562, 2769782.5869], [300698.915, 2769784.0907], [300698.7994, 2769784.2781], [300698.7158, 2769784.4821], [300698.667, 2769784.6969], [300698.654, 2769784.9167], [300698.677, 2769785.1359], [300720.128, 2769784.3955], [300720.0512, 2769784.1561], [300719.9392, 2769783.9309], [300719.7948, 2769783.7251], [300719.621, 2769783.5433], [300718.9354, 2769781.8991], [300717.824, 2769781.0523]]]]}, "geometry_name": "the_geom", "properties": {"項次": "70", "名稱": "和平西路三段", "面積": "71.90095094", "體積": "false", "圖形": "面"}, "bbox": [300698.654, 2769780.9465, 300720.128, 2769785.1359]}, {"type": "Feature", "id": "J0201-5.71", "geometry": {"type": "MultiPolygon", "coordinates": [[[[300750.2404, 2770112.1819], [300747.4526, 2770112.7567], [300711.3344, 2770119.8205], [300711.9647, 2770123.2896], [300743.6828, 2770117.1769], [300750.8434, 2770115.6452], [300750.2404, 2770112.1819]]]]}, "geometry_name": "the_geom", "properties": {"項次": "71", "名稱": "桂林路", "面積": "141.3926618", "體積": "false", "圖形": "面"}, "bbox": [300711.3344, 2770112.1819, 300750.8434, 2770123.2896]}, {"type": "Feature", "id": "J0201-5.72", "geometry": {"type": "MultiPolygon", "coordinates": [[[[300750.2404, 2770112.1819], [300750.0514, 2770111.2416], [300749.953, 2770110.9765], [300749.8313, 2770110.7488], [300749.6967, 2770110.5578], [300749.5101, 2770110.3541], [300749.3464, 2770110.2143], [300749.2099, 2770110.1393], [300749.0419, 2770110.0081], [300748.8451, 2770109.8959], [300748.6339, 2770109.8145], [300748.4127, 2770109.7657], [300748.1867, 2770109.7503], [300747.9609, 2770109.7691], [300709.9529, 2770117.2467], [300709.5866, 2770117.4145], [300709.251, 2770117.6463], [300708.8339, 2770118.1395], [300708.6553, 2770118.5257], [300708.5626, 2770118.9392], [300708.5851, 2770119.5427], [300708.7623, 2770120.3255], [300711.3344, 2770119.8205], [300747.4526, 2770112.7567], [300750.2404, 2770112.1819]]]]}, "geometry_name": "the_geom", "properties": {"項次": "72", "名稱": "桂林路", "面積": "117.1650621", "體積": "false", "圖形": "面"}, "bbox": [300708.5626, 2770109.7503, 300750.2404, 2770120.3255]}, {"type": "Feature", "id": "J0201-5.74", "geometry": {"type": "MultiPolygon", "coordinates": [[[[300761.233, 2770109.6936], [300772.2277, 2770107.6678], [300771.8878, 2770105.8889], [300771.84, 2770105.7203], [300771.7603, 2770105.5574], [300771.6303, 2770105.3875], [300771.47, 2770105.251], [300771.3146, 2770105.164], [300771.1375, 2770105.1038], [300770.9216, 2770105.0766], [300770.7287, 2770105.0923], [300760.7448, 2770106.8863], [300758.4917, 2770107.2911], [300758.3116, 2770107.3413], [300758.1728, 2770107.4069], [300758.0137, 2770107.5196], [300757.9024, 2770107.6328], [300757.7745, 2770107.8273], [300757.6923, 2770108.0587], [300757.6686, 2770108.2755], [300758.6234, 2770113.3684], [300761.233, 2770109.6936]]]]}, "geometry_name": "the_geom", "properties": {"項次": "74", "名稱": "桂林路", "面積": "45.49755498", "體積": "false", "圖形": "面"}, "bbox": [300757.6686, 2770105.0766, 300772.2277, 2770113.3684]}, {"type": "Feature", "id": "J0201-5.75", "geometry": {"type": "MultiPolygon", "coordinates": [[[[300771.134, 2769754.5915], [300771.108, 2769753.0617], [300724.9758, 2769754.2703], [300688.5226, 2769755.1577], [300688.5692, 2769755.4261], [300688.6544, 2769755.6849], [300688.777, 2769755.9285], [300689.3958, 2769757.2241], [300690.7082, 2769758.3671], [300692.6978, 2769759.1291], [300704.3184, 2769758.9387], [300768.4746, 2769757.3511], [300770.1152, 2769756.6103], [300770.9088, 2769755.5521], [300771.134, 2769754.5915]]]]}, "geometry_name": "the_geom", "properties": {"項次": "75", "名稱": "和平西路三段", "面積": "337.0228084", "體積": "false", "圖形": "面"}, "bbox": [300688.5226, 2769753.0617, 300771.134, 2769759.1291]}, {"type": "Feature", "id": "J0201-5.76", "geometry": {"type": "MultiPolygon", "coordinates": [[[[300776.9294, 2769783.0805], [300780.2778, 2769782.9773], [300780.9898, 2769783.7449], [300781.2852, 2769784.1955], [300780.832, 2769782.5235], [300779.7208, 2769781.2005], [300776.7046, 2769779.3485], [300741.5678, 2769780.1951], [300728.127, 2769780.7771], [300726.5394, 2769781.6767], [300725.9574, 2769782.2589], [300725.6664, 2769783.3125], [300725.5342, 2769783.4723], [300725.4282, 2769783.6505], [300725.3514, 2769783.8429], [300725.3052, 2769784.0451], [300725.291, 2769784.2519], [300725.3092, 2769784.4585], [300749.3672, 2769783.7669], [300776.9294, 2769783.0805]]]]}, "geometry_name": "the_geom", "properties": {"項次": "76", "名稱": "和平西路三段", "面積": "198.9017161", "體積": "false", "圖形": "面"}, "bbox": [300725.291, 2769779.3485, 300781.2852, 2769784.4585]}, {"type": "Feature", "id": "J0201-5.77", "geometry": {"type": "MultiPolygon", "coordinates": [[[[300792.6365, 2770100.9458], [300792.4589, 2770100.9378], [300792.3108, 2770100.9554], [300791.2259, 2770101.1672], [300782.7419, 2770102.8243], [300781.8781, 2770102.9931], [300781.4911, 2770103.0838], [300781.2428, 2770103.2222], [300781.0218, 2770103.4553], [300780.8709, 2770103.8084], [300780.8588, 2770104.2163], [300781.3024, 2770106.4012], [300782.2118, 2770109.5395], [300793.1352, 2770107.849], [300793.3585, 2770105.0537], [300793.5584, 2770102.5518], [300793.5634, 2770102.1108], [300793.5054, 2770101.9078], [300793.4497, 2770101.6163], [300793.3616, 2770101.4251], [300793.197, 2770101.2174], [300792.9873, 2770101.0622], [300792.8218, 2770100.9892], [300792.6365, 2770100.9458]]]]}, "geometry_name": "the_geom", "properties": {"項次": "77", "名稱": "桂林路", "面積": "81.43562977", "體積": "false", "圖形": "面"}, "bbox": [300780.8588, 2770100.9378, 300793.5634, 2770109.5395]}, {"type": "Feature", "id": "J0201-5.80", "geometry": {"type": "MultiPolygon", "coordinates": [[[[300839.3162, 2770097.6328], [300839.1012, 2770096.5071], [300838.8142, 2770095.5435], [300838.4502, 2770094.828], [300837.9345, 2770094.132], [300837.4301, 2770093.6372], [300836.8021, 2770093.1819], [300836.1316, 2770092.8243], [300835.6063, 2770092.6502], [300835.0952, 2770092.5216], [300834.6567, 2770092.4672], [300834.0715, 2770092.4468], [300833.4867, 2770092.4951], [300832.2678, 2770092.7126], [300805.4509, 2770097.5805], [300804.212, 2770097.8054], [300803.7722, 2770097.9059], [300803.2298, 2770098.0899], [300802.7437, 2770098.3177], [300802.2806, 2770098.5991], [300801.746, 2770098.9894], [300801.196, 2770099.6073], [300800.6762, 2770100.3521], [300800.2773, 2770101.4238], [300800.1447, 2770102.0963], [300800.1124, 2770102.9966], [300800.1938, 2770103.6632], [300800.3916, 2770104.6986], [300809.8005, 2770103.0029], [300838.0358, 2770097.8652], [300839.3162, 2770097.6328]]]]}, "geometry_name": "the_geom", "properties": {"項次": "80", "名稱": "桂林路", "面積": "230.7152622", "體積": "false", "圖形": "面"}, "bbox": [300800.1124, 2770092.4468, 300839.3162, 2770104.6986]}, {"type": "Feature", "id": "J0201-5.81", "geometry": {"type": "MultiPolygon", "coordinates": [[[[300850.9563, 2770096.9654], [300854.0767, 2770092.5441], [300856.668, 2770092.011], [300881.5851, 2770087.1561], [300906.1751, 2770082.4066], [300912.2735, 2770081.2021], [300931.0655, 2770077.7995], [300930.686, 2770075.6511], [300930.6408, 2770075.5142], [300930.5764, 2770075.3853], [300930.4942, 2770075.267], [300930.3958, 2770075.1618], [300930.2833, 2770075.0717], [300930.1466, 2770074.9927], [300929.9991, 2770074.9363], [300929.8446, 2770074.9037], [300929.6869, 2770074.8958], [300929.5299, 2770074.9129], [300921.7001, 2770076.3978], [300915.98, 2770077.4826], [300905.6144, 2770079.4575], [300902.3454, 2770080.0803], [300901.7725, 2770080.1904], [300852.5079, 2770089.6941], [300851.4629, 2770089.8986], [300851.0188, 2770090.0216], [300850.5987, 2770090.2111], [300850.2127, 2770090.4628], [300849.8697, 2770090.7706], [300849.5779, 2770091.1273], [300849.3578, 2770091.4971], [300849.1928, 2770091.8946], [300849.0864, 2770092.3116], [300849.0408, 2770092.7396], [300849.0569, 2770093.1696], [300849.7808, 2770097.5833], [300851.0284, 2770097.3819], [300850.9563, 2770096.9654]]]]}, "geometry_name": "the_geom", "properties": {"項次": "81", "名稱": "桂林路", "面積": "263.2719896", "體積": "false", "圖形": "面"}, "bbox": [300849.0408, 2770074.8958, 300931.0655, 2770097.5833]}, {"type": "Feature", "id": "J0201-5.85", "geometry": {"type": "MultiPolygon", "coordinates": [[[[300955.4735, 2769907.7243], [300954.6785, 2769905.0341], [300951.9805, 2769904.1729], [300911.7679, 2769860.7693], [300884.7305, 2769831.6495], [300882.3511, 2769834.2001], [300882.4145, 2769834.2519], [300934.5747, 2769890.6317], [300949.0903, 2769906.3331], [300954.8797, 2769907.9041], [300955.4735, 2769907.7243]]]]}, "geometry_name": "the_geom", "properties": {"項次": "85", "名稱": "南寧路", "面積": "5.32", "體積": "false", "圖形": "面"}, "bbox": [300882.3511, 2769831.6495, 300955.4735, 2769907.9041]}, {"type": "Feature", "id": "J0201-5.86", "geometry": {"type": "MultiPolygon", "coordinates": [[[[300955.4735, 2769907.7243], [300954.8797, 2769907.9041], [300949.0903, 2769906.3331], [300934.5747, 2769890.6317], [300882.4145, 2769834.2519], [300882.3511, 2769834.2001], [300882.3227, 2769834.2303], [300881.5405, 2769835.0685], [300881.7265, 2769836.5665], [300909.0469, 2769866.0503], [300925.0891, 2769883.3211], [300946.8495, 2769906.8809], [300947.9503, 2769907.6945], [300949.1667, 2769908.3219], [300950.4675, 2769908.7469], [300951.8013, 2769908.9575], [300953.1515, 2769908.9555], [300954.4845, 2769908.7409], [300955.6701, 2769908.3909], [300955.4735, 2769907.7243]]]]}, "geometry_name": "the_geom", "properties": {"項次": "86", "名稱": "南寧路", "面積": "40.06", "體積": "false", "圖形": "面"}, "bbox": [300881.5405, 2769834.2001, 300955.6701, 2769908.9575]}, {"type": "Feature", "id": "J0201-5.90", "geometry": {"type": "MultiPolygon", "coordinates": [[[[300972.3748, 2770074.3935], [300971.7003, 2770070.0754], [300971.6195, 2770069.5711], [300971.4556, 2770069.0874], [300971.213, 2770068.638], [300970.8987, 2770068.2354], [300970.5215, 2770067.8911], [300970.092, 2770067.6148], [300969.6223, 2770067.4142], [300969.1257, 2770067.2949], [300968.6162, 2770067.2605], [300968.108, 2770067.3117], [300967.2893, 2770067.4695], [300964.673, 2770067.9739], [300959.2103, 2770069.0269], [300952.4777, 2770070.3247], [300942.9945, 2770072.2016], [300936.9818, 2770073.405], [300936.6941, 2770073.4854], [300936.4216, 2770073.6077], [300936.1703, 2770073.7692], [300935.9459, 2770073.9663], [300935.7534, 2770074.1946], [300935.597, 2770074.4491], [300935.4802, 2770074.724], [300935.4057, 2770075.0133], [300935.3751, 2770075.3104], [300935.3891, 2770075.6087], [300935.4568, 2770076.1628], [300935.7283, 2770078.8329], [300935.9298, 2770080.0337], [300937.9744, 2770076.2248], [300966.6712, 2770070.6462], [300972.3748, 2770074.3935]]]]}, "geometry_name": "the_geom", "properties": {"項次": "90", "名稱": "桂林路", "面積": "123.6871337", "體積": "false", "圖形": "面"}, "bbox": [300935.3751, 2770067.2605, 300972.3748, 2770080.0337]}, {"type": "Feature", "id": "J0201-5.94", "geometry": {"type": "MultiPolygon", "coordinates": [[[[301047.2339, 2768853.8061], [301046.3801, 2768853.7315], [301046.1213, 2768853.7639], [301045.6771, 2768853.8827], [301045.2609, 2768854.0771], [301045.1399, 2768854.1513], [301023.8561, 2768879.0877], [300996.6153, 2768911.0603], [300996.4411, 2768911.2271], [300995.2375, 2768913.0281], [300995.1565, 2768913.2363], [300995.1499, 2768913.2539], [300994.8995, 2768914.1887], [300994.8151, 2768915.1527], [300994.8155, 2768915.2043], [300997.8303, 2768911.6495], [301024.8831, 2768879.9177], [301047.2339, 2768853.8061]]]]}, "geometry_name": "the_geom", "properties": {"項次": "94", "名稱": "國興路", "面積": "104.7056578", "體積": "false", "圖形": "面"}, "bbox": [300994.8151, 2768853.7315, 301047.2339, 2768915.2043]}, {"type": "Feature", "id": "J0201-5.95", "geometry": {"type": "MultiPolygon", "coordinates": [[[[301086.6908, 2768959.1814], [301089.2544, 2768956.2075], [301090.3905, 2768957.1869], [301092.2998, 2768954.9481], [301091.5321, 2768953.9874], [301092.5918, 2768952.6755], [301092.8216, 2768952.8684], [301094.5314, 2768951.1339], [301092.7936, 2768949.6154], [301093.5578, 2768948.6771], [301095.967, 2768950.6099], [301097.7745, 2768948.6041], [301096.3501, 2768947.3886], [301111.6509, 2768929.4902], [301112.0757, 2768929.8395], [301113.8296, 2768927.9202], [301112.6345, 2768926.9568], [301113.3387, 2768926.2971], [301114.682, 2768927.4173], [301115.7581, 2768926.2332], [301114.9987, 2768925.5844], [301117.7301, 2768922.4297], [301132.7265, 2768904.5305], [301131.6005, 2768903.5589], [301132.3995, 2768902.658], [301134.4343, 2768904.3048], [301136.7759, 2768901.5814], [301136.0176, 2768900.9294], [301151.7497, 2768882.4649], [301153.0884, 2768883.292], [301154.2092, 2768881.8589], [301153.4485, 2768881.2024], [301153.7805, 2768880.7974], [301152.5708, 2768879.7313], [301153.39, 2768878.7929], [301154.6751, 2768879.8522], [301155.6373, 2768878.6923], [301155.0186, 2768878.0995], [301161.0882, 2768870.851], [301170.0359, 2768860.9729], [301165.7754, 2768857.7868], [301164.0951, 2768859.5335], [301159.6012, 2768864.0115], [301082.4027, 2768954.8122], [301082.379, 2768954.9899], [301082.3862, 2768955.169], [301082.4241, 2768955.3443], [301082.4916, 2768955.5104], [301082.5868, 2768955.6624], [301082.8476, 2768955.9065], [301086.6908, 2768959.1814]]]]}, "geometry_name": "the_geom", "properties": {"項次": "95", "名稱": "中華路二段", "面積": "769.4687618", "體積": "false", "圖形": "面"}, "bbox": [301082.379, 2768857.7868, 301170.0359, 2768959.1814]}, {"type": "Feature", "id": "J0201-5.96", "geometry": {"type": "MultiPolygon", "coordinates": [[[[301100.1562, 2770049.8745], [301100.2176, 2770048.4428], [301100.1924, 2770047.4483], [301099.8046, 2770046.4506], [301099.34, 2770045.5154], [301098.7313, 2770044.6669], [301097.9943, 2770043.9272], [301097.148, 2770043.3153], [301096.2146, 2770042.8473], [301095.218, 2770042.5352], [301094.3855, 2770042.4379], [301094.1843, 2770042.3872], [301021.8492, 2770056.3164], [301014.6514, 2770057.7015], [301007.7734, 2770059.0251], [300997.6204, 2770060.9789], [300995.0733, 2770061.4691], [300991.7808, 2770062.1028], [300991.0596, 2770062.2416], [300989.924, 2770062.4602], [300989.3349, 2770062.5736], [300988.1562, 2770062.8004], [300987.6293, 2770062.8999], [300987.1272, 2770063.0884], [300986.665, 2770063.3602], [300986.2562, 2770063.7072], [300985.9131, 2770064.1193], [300985.6856, 2770064.514], [300985.4217, 2770065.3834], [300985.43, 2770066.2918], [300986.2301, 2770070.8323], [300990.1175, 2770065.5808], [300999.712, 2770063.799], [301014.2132, 2770061.0551], [301032.8559, 2770057.4823], [301061.2303, 2770052.0378], [301075.6656, 2770049.252], [301080.6758, 2770048.2851], [301095.5968, 2770045.4068], [301100.1562, 2770049.8745]]]]}, "geometry_name": "the_geom", "properties": {"項次": "96", "名稱": "桂林路", "面積": "385.1724239", "體積": "false", "圖形": "面"}, "bbox": [300985.4217, 2770042.3872, 301100.2176, 2770070.8323]}, {"type": "Feature", "id": "J0201-5.100", "geometry": {"type": "MultiPolygon", "coordinates": [[[[301334.6198, 2769054.6754], [301340.1563, 2769047.3783], [301344.8181, 2769040.9064], [301350.5074, 2769033.7543], [301355.3339, 2769027.8735], [301360.1387, 2769022.095], [301365.6634, 2769015.5285], [301371.1866, 2769009.2115], [301377.8012, 2769001.6047], [301384.052, 2768995.1224], [301390.5343, 2768988.7063], [301394.6168, 2768984.1091], [301394.6327, 2768983.8961], [301394.638, 2768983.6845], [301394.6274, 2768983.4834], [301394.597, 2768983.1699], [301394.5374, 2768982.9436], [301394.4475, 2768982.7426], [301394.3721, 2768982.5745], [301394.2153, 2768982.4084], [301394.1457, 2768982.3089], [301394.0619, 2768982.2211], [301393.9659, 2768982.147], [301389.0212, 2768987.194], [301382.7617, 2768993.7408], [301376.5677, 2769000.3729], [301369.8964, 2769007.7371], [301363.9326, 2769014.4574], [301358.5806, 2769020.8057], [301353.9964, 2769026.2836], [301349.0324, 2769032.4535], [301343.3746, 2769039.5574], [301338.4264, 2769046.0549], [301333.0003, 2769053.2732], [301328.4112, 2769059.3456], [301329.4064, 2769059.6346], [301329.6531, 2769059.9699], [301329.7077, 2769060.1739], [301329.7261, 2769060.3843], [301329.7077, 2769060.5945], [301329.6531, 2769060.7983], [301334.6198, 2769054.6754]]]]}, "geometry_name": "the_geom", "properties": {"項次": "100", "名稱": "汀州路一段", "面積": "200.351547", "體積": "false", "圖形": "面"}, "bbox": [301328.4112, 2768982.147, 301394.638, 2769060.7983]}, {"type": "Feature", "id": "J0201-5.101", "geometry": {"type": "MultiPolygon", "coordinates": [[[[301359.1841, 2770986.6937], [301360.1339, 2770990.4033], [301361.6419, 2770996.4223], [301371.7625, 2771035.5273], [301383.5451, 2771080.6165], [301383.0299, 2771080.7565], [301380.7223, 2771084.4995], [301381.0199, 2771085.6667], [301384.2857, 2771084.7771], [301386.7981, 2771080.4515], [301363.2947, 2770989.1137], [301359.1841, 2770986.6937]]]]}, "geometry_name": "the_geom", "properties": {"項次": "101", "名稱": "中華路一段", "面積": "34.85", "體積": "false", "圖形": "面"}, "bbox": [301359.1841, 2770986.6937, 301386.7981, 2771085.6667]}, {"type": "Feature", "id": "J0201-5.102", "geometry": {"type": "MultiPolygon", "coordinates": [[[[301373.5123, 2770982.1127], [301372.1723, 2770981.9955], [301370.8327, 2770982.1127], [301369.5339, 2770982.4607], [301368.5609, 2770982.8931], [301358.8477, 2770985.3799], [301359.1841, 2770986.6937], [301363.2947, 2770989.1137], [301386.7981, 2771080.4515], [301384.2857, 2771084.7771], [301381.0199, 2771085.6667], [301381.9673, 2771089.3839], [301395.8871, 2771085.8353], [301398.8763, 2771084.4223], [301400.3967, 2771083.4481], [301401.5873, 2771081.8606], [301402.381, 2771079.8762], [301402.6985, 2771077.8125], [301402.6192, 2771075.9075], [301386.1333, 2771012.7981], [301383.3031, 2771002.0221], [301379.8121, 2770988.6351], [301379.7701, 2770988.3703], [301379.4219, 2770987.0717], [301378.8535, 2770985.8529], [301378.0823, 2770984.7511], [301377.1315, 2770983.8003], [301376.0297, 2770983.0291], [301375.1401, 2770982.5891], [301374.8109, 2770982.4607], [301373.5123, 2770982.1127]]]]}, "geometry_name": "the_geom", "properties": {"項次": "102", "名稱": "中華路一段", "面積": "183.17", "體積": "false", "圖形": "面"}, "bbox": [301358.8477, 2770981.9955, 301402.6985, 2771089.3839]}, {"type": "Feature", "id": "J0201-5.103", "geometry": {"type": "MultiPolygon", "coordinates": [[[[301397.5115, 2768978.3542], [301398.3647, 2768979.1198], [301398.4945, 2768979.2185], [301398.6386, 2768979.2947], [301398.7931, 2768979.3465], [301398.9541, 2768979.3725], [301399.1171, 2768979.372], [301399.2779, 2768979.345], [301399.4321, 2768979.2923], [301399.5758, 2768979.2152], [301399.705, 2768979.1158], [301400.5784, 2768978.3224], [301401.0225, 2768977.919], [301407.0606, 2768972.3882], [301407.5098, 2768971.99], [301408.4922, 2768971.045], [301408.5882, 2768970.9166], [301408.6624, 2768970.7745], [301408.713, 2768970.6224], [301408.7386, 2768970.4641], [301408.7386, 2768970.3038], [301408.713, 2768970.1455], [301408.6624, 2768969.9933], [301408.5882, 2768969.8512], [301408.4922, 2768969.7228], [301407.8146, 2768968.9538], [301406.1347, 2768970.5395], [301405.6899, 2768970.9425], [301401.5892, 2768974.6655], [301399.6567, 2768976.4154], [301399.2117, 2768976.8179], [301398.1845, 2768977.7461], [301398.1691, 2768977.7324], [301397.7217, 2768978.1371], [301397.5115, 2768978.3542]]]]}, "geometry_name": "the_geom", "properties": {"項次": "103", "名稱": "汀州路一段", "面積": "27.4577951", "體積": "false", "圖形": "面"}, "bbox": [301397.5115, 2768968.9538, 301408.7386, 2768979.3725]}, {"type": "Feature", "id": "J0201-5.106", "geometry": {"type": "MultiPolygon", "coordinates": [[[[301435.3987, 2773472.2812], [301417.9419, 2773472.7094], [301402.434, 2773473.0048], [301383.3977, 2773473.3576], [301379.4197, 2773469.8162], [301378.3172, 2773470.0434], [301377.9652, 2773468.7581], [301374.8106, 2773469.4497], [301375.1452, 2773470.6842], [301375.4524, 2773471.4976], [301376.1723, 2773472.9999], [301376.6249, 2773473.777], [301376.9018, 2773474.1339], [301377.2319, 2773474.442], [301378.869, 2773475.5582], [301379.3694, 2773475.7955], [301379.902, 2773475.9466], [301380.6916, 2773476.0544], [301381.4882, 2773476.0708], [301384.2102, 2773476.0358], [301409.8477, 2773475.5048], [301431.6193, 2773474.9728], [301434.5993, 2773474.9158], [301434.719, 2773474.9359], [301434.8404, 2773474.9349], [301434.9598, 2773474.9131], [301435.0737, 2773474.8709], [301435.1785, 2773474.8097], [301435.2713, 2773474.7313], [301435.3383, 2773474.6531], [301435.3932, 2773474.5658], [301435.4347, 2773474.4715], [301435.4618, 2773474.3721], [301435.4742, 2773474.2698], [301435.3987, 2773472.2812]]]]}, "geometry_name": "the_geom", "properties": {"項次": "106", "名稱": "民族西路", "面積": "175.2869991", "體積": "false", "圖形": "面"}, "bbox": [301374.8106, 2773468.7581, 301435.4742, 2773476.0708]}, {"type": "Feature", "id": "J0201-5.112", "geometry": {"type": "MultiPolygon", "coordinates": [[[[301532.7924, 2773471.6651], [301532.8907, 2773471.1861], [301532.9069, 2773470.6974], [301532.8404, 2773470.2129], [301532.8006, 2773460.9617], [301531.0064, 2773460.9777], [301530.9752, 2773465.3971], [301525.8946, 2773470.5791], [301506.4304, 2773471.0013], [301498.669, 2773471.5215], [301493.6568, 2773471.6409], [301493.1572, 2773471.1543], [301490.0466, 2773471.5521], [301474.3838, 2773471.6925], [301449.8402, 2773472.1965], [301450.002, 2773472.6975], [301450.2468, 2773473.1637], [301450.975, 2773474.8957], [301452.0332, 2773476.3509], [301452.9594, 2773476.6153], [301457.3912, 2773476.6815], [301493.573, 2773475.8217], [301525.2568, 2773475.0941], [301529.2256, 2773474.9617], [301530.8792, 2773473.9695], [301532.025, 2773472.9281], [301532.3524, 2773472.5535], [301532.6108, 2773472.1283], [301532.7924, 2773471.6651]]]]}, "geometry_name": "the_geom", "properties": {"項次": "112", "名稱": "民族西路", "面積": "393.5246434", "體積": "false", "圖形": "面"}, "bbox": [301449.8402, 2773460.9617, 301532.9069, 2773476.6815]}, {"type": "Feature", "id": "J0201-5.122", "geometry": {"type": "MultiPolygon", "coordinates": [[[[301707.393, 2769825.2165], [301703.5364, 2769822.4839], [301561.3954, 2769858.9981], [301558.5148, 2769863.0813], [301559.0666, 2769868.8547], [301561.552, 2769869.0071], [301561.1594, 2769863.5727], [301604.414, 2769851.2823], [301630.7052, 2769844.5659], [301703.076, 2769825.7655], [301707.393, 2769825.2165]]]]}, "geometry_name": "the_geom", "properties": {"項次": "122", "名稱": "愛國西路", "面積": "521.9185924", "體積": "false", "圖形": "面"}, "bbox": [301558.5148, 2769822.4839, 301707.393, 2769869.0071]}, {"type": "Feature", "id": "J0201-5.123", "geometry": {"type": "MultiPolygon", "coordinates": [[[[301707.393, 2769825.2165], [301708.997, 2769825.0125], [301708.3906, 2769823.4351], [301708.181, 2769822.7255], [301707.7396, 2769821.7791], [301707.1406, 2769820.9237], [301706.6502, 2769820.4053], [301706.4022, 2769820.1853], [301705.5468, 2769819.5863], [301704.6004, 2769819.1449], [301703.5916, 2769818.8749], [301703.3402, 2769818.8359], [301702.3686, 2769818.8527], [301630.705, 2769837.5163], [301563.1074, 2769855.0025], [301561.6798, 2769855.5253], [301559.326, 2769857.0381], [301558.9872, 2769857.3461], [301558.2416, 2769858.9867], [301557.7162, 2769860.9471], [301557.5394, 2769862.9689], [301557.7162, 2769864.9909], [301557.892, 2769865.8127], [301558.5962, 2769868.8257], [301559.0666, 2769868.8547], [301558.5148, 2769863.0813], [301561.3954, 2769858.9981], [301703.5364, 2769822.4839], [301707.393, 2769825.2165]]]]}, "geometry_name": "the_geom", "properties": {"項次": "123", "名稱": "愛國西路", "面積": "566.9842595", "體積": "false", "圖形": "面"}, "bbox": [301557.5394, 2769818.8359, 301708.997, 2769868.8547]}, {"type": "Feature", "id": "J0201-5.124", "geometry": {"type": "MultiPolygon", "coordinates": [[[[301791.5698, 2772613.3657], [301791.5622, 2772613.3653], [301646.1874, 2772603.9805], [301604.266, 2772601.2609], [301604.0252, 2772604.9731], [301656.6976, 2772608.5163], [301738.872, 2772613.7393], [301791.3332, 2772617.0313], [301791.5698, 2772613.3657]]]]}, "geometry_name": "the_geom", "properties": {"項次": "124", "名稱": "涼州街", "面積": "708.8704229", "體積": "false", "圖形": "面"}, "bbox": [301604.0252, 2772601.2609, 301791.5698, 2772617.0313]}, {"type": "Feature", "id": "J0201-5.125", "geometry": {"type": "MultiPolygon", "coordinates": [[[[301805.521, 2771442.9479], [301803.1948, 2771434.0593], [301790.6932, 2771384.5851], [301789.709, 2771381.2143], [301785.8862, 2771382.4703], [301801.3958, 2771442.8803], [301801.6996, 2771444.0581], [301805.521, 2771442.9479]]]]}, "geometry_name": "the_geom", "properties": {"項次": "125", "名稱": "重慶北路一段", "面積": "256.171021", "體積": "false", "圖形": "面"}, "bbox": [301785.8862, 2771381.2143, 301805.521, 2771444.0581]}, {"type": "Feature", "id": "J0201-5.126", "geometry": {"type": "MultiPolygon", "coordinates": [[[[301811.8062, 2769806.2845], [301730.39, 2769816.5777], [301729.901, 2769816.5277], [301729.6468, 2769816.8653], [301728.0192, 2769819.8265], [301727.6896, 2769820.7569], [301732.8452, 2769820.3403], [301739.8814, 2769819.0941], [301810.7256, 2769809.9583], [301812.3896, 2769810.7195], [301811.8062, 2769806.2845]]]]}, "geometry_name": "the_geom", "properties": {"項次": "126", "名稱": "愛國西路", "面積": "306.45223", "體積": "false", "圖形": "面"}, "bbox": [301727.6896, 2769806.2845, 301812.3896, 2769820.7569]}, {"type": "Feature", "id": "J0201-5.127", "geometry": {"type": "MultiPolygon", "coordinates": [[[[301811.8062, 2769806.2845], [301811.3482, 2769802.8059], [301811.0802, 2769802.6097], [301735.6012, 2769812.3927], [301733.8974, 2769813.0661], [301731.96, 2769814.4021], [301729.9174, 2769816.5057], [301729.901, 2769816.5277], [301730.39, 2769816.5777], [301811.8062, 2769806.2845]]]]}, "geometry_name": "the_geom", "properties": {"項次": "127", "名稱": "愛國西路", "面積": "289.6467203", "體積": "false", "圖形": "面"}, "bbox": [301729.901, 2769802.6097, 301811.8062, 2769816.5777]}, {"type": "Feature", "id": "J0201-5.128", "geometry": {"type": "MultiPolygon", "coordinates": [[[[301806.8144, 2771447.8909], [301802.9322, 2771448.8385], [301812.3504, 2771485.3685], [301814.5184, 2771484.8295], [301816.3594, 2771484.3635], [301806.8144, 2771447.8909]]]]}, "geometry_name": "the_geom", "properties": {"項次": "128", "名稱": "重慶北路一段", "面積": "153.2854099", "體積": "false", "圖形": "面"}, "bbox": [301802.9322, 2771447.8909, 301816.3594, 2771485.3685]}, {"type": "Feature", "id": "J0201-5.131", "geometry": {"type": "MultiPolygon", "coordinates": [[[[301822.2656, 2771419.4071], [301826.8002, 2771420.8549], [301823.0356, 2771406.2929], [301814.3442, 2771372.2017], [301810.308, 2771373.2701], [301817.1024, 2771398.9409], [301822.2656, 2771419.4071]]]]}, "geometry_name": "the_geom", "properties": {"項次": "131", "名稱": "重慶北路一段", "面積": "196.6475119", "體積": "false", "圖形": "面"}, "bbox": [301810.308, 2771372.2017, 301826.8002, 2771420.8549]}, {"type": "Feature", "id": "J0201-5.132", "geometry": {"type": "MultiPolygon", "coordinates": [[[[301838.5998, 2769802.8969], [301905.933, 2769794.3841], [301928.145, 2769791.5763], [301931.4826, 2769792.1917], [301933.142, 2769793.4037], [301933.9484, 2769794.5269], [301935.0158, 2769797.6127], [301937.78, 2769803.9707], [301939.7752, 2769807.1869], [301941.2808, 2769809.2143], [301942.777, 2769810.8995], [301944.3606, 2769809.2105], [301944.4888, 2769809.0159], [301944.6352, 2769808.7017], [301944.7248, 2769808.3671], [301944.754, 2769808.0891], [301944.755, 2769808.0219], [301944.7248, 2769807.6771], [301944.6352, 2769807.3421], [301944.49, 2769807.0297], [301943.2416, 2769804.7929], [301941.3112, 2769801.5501], [301940.4944, 2769799.8565], [301938.1648, 2769794.6217], [301937.5952, 2769793.4241], [301936.7216, 2769791.5869], [301935.8574, 2769789.9517], [301934.448, 2769788.6715], [301933.9758, 2769788.3513], [301932.013, 2769787.4309], [301931.9932, 2769787.4243], [301931.1478, 2769787.4597], [301838.3534, 2769799.1999], [301838.1982, 2769799.5731], [301838.5998, 2769802.8969]]]]}, "geometry_name": "the_geom", "properties": {"項次": "132", "名稱": "愛國西路", "面積": "447.551697", "體積": "false", "圖形": "面"}, "bbox": [301838.1982, 2769787.4243, 301944.755, 2769810.8995]}, {"type": "Feature", "id": "J0201-5.133", "geometry": {"type": "MultiPolygon", "coordinates": [[[[301832.9678, 2771549.8163], [301817.6354, 2771490.0385], [301816.4924, 2771490.1635], [301813.6024, 2771490.4775], [301829.1738, 2771551.5611], [301832.0006, 2771550.9203], [301832.221, 2771550.6111], [301832.6628, 2771550.2579], [301832.9678, 2771549.8163]]]]}, "geometry_name": "the_geom", "properties": {"項次": "133", "名稱": "重慶北路一段", "面積": "254.6326209", "體積": "false", "圖形": "面"}, "bbox": [301813.6024, 2771490.0385, 301832.9678, 2771551.5611]}, {"type": "Feature", "id": "J0201-5.134", "geometry": {"type": "MultiPolygon", "coordinates": [[[[301834.4312, 2771555.5223], [301833.5898, 2771555.1583], [301832.5304, 2771554.7169], [301830.173, 2771555.4815], [301837.1684, 2771582.9237], [301834.0056, 2771588.1527], [301834.5366, 2771590.0673], [301836.7716, 2771589.5087], [301837.6368, 2771589.2671], [301838.562, 2771588.8355], [301839.3984, 2771588.2501], [301840.1202, 2771587.5281], [301840.4776, 2771587.0557], [301840.7058, 2771586.6919], [301841.1372, 2771585.7665], [301841.4014, 2771584.7805], [301841.4904, 2771583.7635], [301841.4012, 2771582.7463], [301841.3626, 2771582.5467], [301834.4312, 2771555.5223]]]]}, "geometry_name": "the_geom", "properties": {"項次": "134", "名稱": "重慶北路一段", "面積": "153.2516318", "體積": "false", "圖形": "面"}, "bbox": [301830.173, 2771554.7169, 301841.4904, 2771590.0673]}, {"type": "Feature", "id": "J0201-5.135", "geometry": {"type": "MultiPolygon", "coordinates": [[[[301837.0706, 2771477.4029], [301839.288, 2771477.6755], [301840.0826, 2771477.6755], [301841.242, 2771477.7691], [301830.6338, 2771435.6849], [301828.2048, 2771426.2885], [301824.8274, 2771429.5615], [301825.2178, 2771431.1091], [301834.6062, 2771467.7161], [301837.0706, 2771477.4029]]]]}, "geometry_name": "the_geom", "properties": {"項次": "135", "名稱": "重慶北路一段", "面積": "206.979445", "體積": "false", "圖形": "面"}, "bbox": [301824.8274, 2771426.2885, 301841.242, 2771477.7691]}, {"type": "Feature", "id": "J0201-5.136", "geometry": {"type": "MultiPolygon", "coordinates": [[[[301854.4994, 2771528.8539], [301853.1, 2771523.3741], [301844.5986, 2771489.8461], [301844.4016, 2771489.0711], [301843.6718, 2771486.4643], [301839.66, 2771487.5815], [301850.345, 2771529.5851], [301850.5664, 2771529.6273], [301851.0506, 2771529.7019], [301851.4044, 2771529.6461], [301854.4994, 2771528.8539]]]]}, "geometry_name": "the_geom", "properties": {"項次": "136", "名稱": "重慶北路一段", "面積": "183.9846661", "體積": "false", "圖形": "面"}, "bbox": [301839.66, 2771486.4643, 301854.4994, 2771529.7019]}, {"type": "Feature", "id": "J0201-5.137", "geometry": {"type": "MultiPolygon", "coordinates": [[[[301855.9814, 2771534.6573], [301852.7082, 2771535.4755], [301852.3916, 2771535.9225], [301852.2092, 2771536.9137], [301852.296, 2771537.2551], [301862.9966, 2771578.5333], [301863.0048, 2771578.5813], [301863.1986, 2771579.3045], [301863.5148, 2771579.9831], [301863.9444, 2771580.5965], [301864.4736, 2771581.1257], [301865.087, 2771581.5553], [301865.1966, 2771581.6163], [301865.7654, 2771581.8717], [301866.4886, 2771582.0653], [301867.2344, 2771582.1303], [301867.9802, 2771582.0651], [301868.2056, 2771582.0193], [301872.3316, 2771581.0025], [301872.0066, 2771579.4851], [301866.5976, 2771576.2291], [301855.9814, 2771534.6573]]]]}, "geometry_name": "the_geom", "properties": {"項次": "137", "名稱": "重慶北路一段", "面積": "214.478736", "體積": "false", "圖形": "面"}, "bbox": [301852.2092, 2771534.6573, 301872.3316, 2771582.1303]}, {"type": "Feature", "id": "J0201-5.138", "geometry": {"type": "MultiPolygon", "coordinates": [[[[301870.8324, 2769569.9719], [301870.0576, 2769570.5413], [301870.067, 2769570.5539], [301903.7886, 2769616.5701], [301903.2328, 2769620.6655], [301904.9126, 2769617.8907], [301904.9136, 2769617.8019], [301904.845, 2769617.0187], [301904.6416, 2769616.2589], [301904.6354, 2769616.2419], [301904.3092, 2769615.5461], [301903.8582, 2769614.9019], [301903.7786, 2769614.8099], [301870.8324, 2769569.9719]]]]}, "geometry_name": "the_geom", "properties": {"項次": "138", "名稱": "重慶南路二段7巷", "面積": "60.50042137", "體積": "false", "圖形": "面"}, "bbox": [301870.0576, 2769569.9719, 301904.9136, 2769620.6655]}, {"type": "Feature", "id": "J0201-5.140", "geometry": {"type": "MultiPolygon", "coordinates": [[[[301877.069, 2771637.6955], [301872.4618, 2771599.8443], [301875.4698, 2771595.6541], [301875.124, 2771594.0395], [301873.1998, 2771594.5203], [301869.3498, 2771596.5563], [301868.0778, 2771598.2883], [301872.8204, 2771637.5627], [301874.234, 2771637.5607], [301875.5564, 2771637.7469], [301877.069, 2771637.6955]]]]}, "geometry_name": "the_geom", "properties": {"項次": "140", "名稱": "重慶北路一段", "面積": "184.9590504", "體積": "false", "圖形": "面"}, "bbox": [301868.0778, 2771594.0395, 301877.069, 2771637.7469]}, {"type": "Feature", "id": "J0201-5.141", "geometry": {"type": "MultiPolygon", "coordinates": [[[[301877.781, 2771643.5445], [301876.3436, 2771643.8179], [301875.1516, 2771644.1269], [301874.6218, 2771644.5685], [301873.8276, 2771645.9035], [301874.5694, 2771652.0485], [301878.0004, 2771680.4425], [301882.3404, 2771680.9987], [301877.781, 2771643.5445]]]]}, "geometry_name": "the_geom", "properties": {"項次": "141", "名稱": "重慶北路一段", "面積": "155.4006779", "體積": "false", "圖形": "面"}, "bbox": [301873.8276, 2771643.5445, 301882.3404, 2771680.9987]}, {"type": "Feature", "id": "J0201-5.142", "geometry": {"type": "MultiPolygon", "coordinates": [[[[301887.421, 2769572.8723], [301887.3848, 2769572.8499], [301887.2766, 2769572.7995], [301887.1614, 2769572.7687], [301887.0424, 2769572.7581], [301886.9236, 2769572.7687], [301886.8082, 2769572.7995], [301886.7002, 2769572.8499], [301886.6024, 2769572.9183], [301886.518, 2769573.0027], [301886.4494, 2769573.1005], [301886.4152, 2769573.1683], [301886.399, 2769573.2087], [301886.3682, 2769573.3239], [301886.3578, 2769573.4429], [301886.3682, 2769573.5617], [301886.399, 2769573.6771], [301886.4494, 2769573.7853], [301886.5134, 2769573.8777], [301908.179, 2769603.3419], [301910.0676, 2769605.5565], [301910.502, 2769605.7559], [301910.9978, 2769605.8887], [301911.4982, 2769605.9335], [301911.5092, 2769605.9335], [301912.0206, 2769605.8887], [301912.5164, 2769605.7559], [301912.9818, 2769605.5389], [301913.4022, 2769605.2447], [301913.7654, 2769604.8813], [301914.0598, 2769604.4609], [301914.2768, 2769603.9955], [301914.4096, 2769603.4995], [301914.4468, 2769603.1983], [301910.1028, 2769603.8809], [301887.421, 2769572.8723]]]]}, "geometry_name": "the_geom", "properties": {"項次": "142", "名稱": "重慶南路二段7巷", "面積": "58.57608921", "體積": "false", "圖形": "面"}, "bbox": [301886.3578, 2769572.7581, 301914.4468, 2769605.9335]}, {"type": "Feature", "id": "J0201-5.143", "geometry": {"type": "MultiPolygon", "coordinates": [[[[301882.7718, 2771684.5437], [301878.4374, 2771684.0593], [301880.372, 2771700.0709], [301881.1806, 2771706.6191], [301882.5384, 2771706.9905], [301884.3926, 2771707.5643], [301885.603, 2771708.0193], [301884.604, 2771699.5947], [301882.7718, 2771684.5437]]]]}, "geometry_name": "the_geom", "properties": {"項次": "143", "名稱": "重慶北路一段", "面積": "98.28961386", "體積": "false", "圖形": "面"}, "bbox": [301878.4374, 2771684.0593, 301885.603, 2771708.0193]}, {"type": "Feature", "id": "J0201-5.144", "geometry": {"type": "MultiPolygon", "coordinates": [[[[301886.425, 2771714.9523], [301884.6576, 2771714.7603], [301884.2162, 2771714.8485], [301883.245, 2771715.2901], [301882.2958, 2771715.6513], [301883.8582, 2771728.3029], [301897.2706, 2771804.0871], [301901.3212, 2771803.3701], [301888.0292, 2771728.4827], [301886.425, 2771714.9523]]]]}, "geometry_name": "the_geom", "properties": {"項次": "144", "名稱": "重慶北路一段", "面積": "369.0892045", "體積": "false", "圖形": "面"}, "bbox": [301882.2958, 2771714.7603, 301901.3212, 2771804.0871]}, {"type": "Feature", "id": "J0201-5.147", "geometry": {"type": "MultiPolygon", "coordinates": [[[[301942.777, 2769810.8995], [301941.2808, 2769809.2143], [301939.7752, 2769807.1869], [301937.78, 2769803.9707], [301935.0158, 2769797.6127], [301933.9484, 2769794.5269], [301933.142, 2769793.4037], [301931.4826, 2769792.1917], [301928.145, 2769791.5763], [301905.933, 2769794.3841], [301838.5998, 2769802.8969], [301839.0262, 2769806.4281], [301928.7054, 2769794.6487], [301931.3792, 2769796.8109], [301933.3112, 2769801.9015], [301935.6552, 2769806.4981], [301937.6966, 2769809.4431], [301940.0268, 2769811.9229], [301941.021, 2769812.7719], [301942.777, 2769810.8995]]]]}, "geometry_name": "the_geom", "properties": {"項次": "147", "名稱": "愛國西路", "面積": "376.5292267", "體積": "false", "圖形": "面"}, "bbox": [301838.5998, 2769791.5763, 301942.777, 2769812.7719]}, {"type": "Feature", "id": "J0201-5.150", "geometry": {"type": "MultiPolygon", "coordinates": [[[[301987.6763, 2770055.7027], [301988.4941, 2770079.1871], [301988.9381, 2770083.6827], [301989.3797, 2770086.4187], [302003.9751, 2770142.3617], [302005.7461, 2770143.1717], [302008.3211, 2770142.9897], [302011.1747, 2770142.2401], [302010.2057, 2770138.5519], [302006.4377, 2770136.5049], [301992.7359, 2770084.0129], [301991.9111, 2770058.8957], [301991.8419, 2770057.7921], [301992.0055, 2770056.1243], [301992.3057, 2770054.6193], [301991.9281, 2770019.9193], [301990.7085, 2770016.0703], [301990.4535, 2770014.6381], [301989.0099, 2769969.8285], [301987.6543, 2769930.1415], [301985.6203, 2769871.9831], [301985.7523, 2769871.7015], [301985.9359, 2769871.4393], [301986.1123, 2769871.2567], [301986.4245, 2769871.0295], [301986.6433, 2769870.9217], [301987.6013, 2769870.9247], [301987.3027, 2769858.5117], [301986.2789, 2769858.4821], [301986.1697, 2769858.5081], [301986.0027, 2769858.5229], [301985.8357, 2769858.5081], [301985.6735, 2769858.4647], [301985.5217, 2769858.3939], [301985.3845, 2769858.2977], [301985.3277, 2769858.2463], [301985.2659, 2769858.1791], [301985.1697, 2769858.0417], [301985.0987, 2769857.8899], [301985.0553, 2769857.7277], [301985.0405, 2769857.5607], [301985.0445, 2769857.4759], [301984.2051, 2769826.2121], [301986.4889, 2769822.7339], [301988.8725, 2769821.7785], [301992.8335, 2769819.5283], [301997.5465, 2769816.1241], [301995.7409, 2769812.7171], [301995.6275, 2769812.4925], [301995.3999, 2769812.1677], [301995.1195, 2769811.8871], [301994.7945, 2769811.6599], [301994.4555, 2769811.4995], [301994.4349, 2769811.4921], [301994.0519, 2769811.3895], [301993.6567, 2769811.3549], [301993.2615, 2769811.3895], [301993.0169, 2769811.4467], [301990.7005, 2769813.3751], [301989.9715, 2769813.9159], [301986.5243, 2769816.1117], [301984.3523, 2769817.5799], [301984.3233, 2769817.6023], [301984.0083, 2769817.8547], [301982.7475, 2769819.0459], [301981.4913, 2769820.4591], [301980.9685, 2769821.1361], [301980.8709, 2769821.2895], [301980.7159, 2769821.6213], [301980.6423, 2769821.8711], [301980.4729, 2769823.3017], [301980.5063, 2769826.4383], [301981.4291, 2769856.5635], [301981.9073, 2769872.1683], [301983.7467, 2769928.9605], [301985.0701, 2769969.1941], [301986.7585, 2770019.4833], [301987.6763, 2770055.7027]]]]}, "geometry_name": "the_geom", "properties": {"項次": "150", "名稱": "公園路", "面積": "1420.707022", "體積": "false", "圖形": "面"}, "bbox": [301980.4729, 2769811.3549, 302011.1747, 2770143.1717]}, {"type": "Feature", "id": "J0201-5.152", "geometry": {"type": "MultiPolygon", "coordinates": [[[[302025.2095, 2772870.7603], [302025.0321, 2772868.0619], [302024.9771, 2772867.1279], [302024.7025, 2772866.3589], [302024.2583, 2772865.7129], [302017.1361, 2772865.9365], [302013.0711, 2772866.0445], [302006.6671, 2772866.2157], [302003.6909, 2772866.2489], [301991.7389, 2772866.5889], [301988.7469, 2772866.6779], [301981.5918, 2772866.8771], [301977.808, 2772866.9653], [301976.4068, 2772867.0081], [301972.5428, 2772867.0983], [301970.37, 2772867.1375], [301967.4948, 2772867.1793], [301960.4328, 2772867.4183], [301957.4356, 2772867.4295], [301948.6126, 2772868.3025], [301948.0218, 2772868.4655], [301947.414, 2772868.7491], [301946.8646, 2772869.1337], [301946.3902, 2772869.6081], [301946.0056, 2772870.1575], [301945.9868, 2772870.1905], [301945.722, 2772870.7657], [301945.5484, 2772871.4133], [301945.49, 2772872.0817], [301945.5116, 2772872.4885], [302024.1853, 2772870.8355], [302025.2095, 2772870.7603]]]]}, "geometry_name": "the_geom", "properties": {"項次": "152", "名稱": "民權西路", "面積": "382.0984676", "體積": "false", "圖形": "面"}, "bbox": [301945.49, 2772865.7129, 302025.2095, 2772872.4885]}, {"type": "Feature", "id": "J0201-5.159", "geometry": {"type": "MultiPolygon", "coordinates": [[[[302110.2327, 2769792.1601], [302108.9007, 2769790.1335], [302107.0735, 2769788.3575], [302102.4725, 2769786.0781], [302098.8181, 2769784.4841], [302095.3269, 2769782.5637], [302088.9409, 2769777.8093], [302085.6577, 2769774.8311], [302083.6083, 2769773.6561], [302080.9467, 2769772.9243], [302069.2069, 2769774.0333], [302012.4445, 2769781.1619], [302009.8807, 2769782.1315], [302008.0443, 2769784.1731], [302007.5361, 2769785.4549], [302007.2891, 2769788.1071], [302007.0607, 2769790.6569], [302006.6553, 2769793.1879], [302005.7185, 2769796.9171], [302003.8865, 2769801.6997], [302001.4067, 2769806.1837], [301998.5307, 2769809.8901], [302000.8575, 2769812.3953], [302005.4585, 2769806.1835], [302007.5343, 2769801.9993], [302009.0039, 2769798.7217], [302010.0719, 2769794.9893], [302011.1939, 2769787.7143], [302013.6883, 2769784.0679], [302081.2981, 2769775.9397], [302085.0473, 2769776.6843], [302084.9851, 2769776.8939], [302091.7331, 2769783.2351], [302106.4871, 2769791.7285], [302107.3887, 2769792.9105], [302110.2327, 2769792.1601]]]]}, "geometry_name": "the_geom", "properties": {"項次": "159", "名稱": "愛國西路", "面積": "423.1271809", "體積": "false", "圖形": "面"}, "bbox": [301998.5307, 2769772.9243, 302110.2327, 2769812.3953]}, {"type": "Feature", "id": "J0201-5.160", "geometry": {"type": "MultiPolygon", "coordinates": [[[[302110.2327, 2769792.1601], [302113.2171, 2769791.3727], [302108.1183, 2769772.0503], [302107.6127, 2769771.1183], [302105.7655, 2769768.8481], [302105.5595, 2769768.6603], [302103.3739, 2769767.1601], [302102.7931, 2769766.8807], [302101.4197, 2769766.4567], [302100.5205, 2769766.2999], [302098.9361, 2769766.1659], [302098.6715, 2769766.1631], [302098.6313, 2769766.1659], [302095.4591, 2769766.4835], [302080.2029, 2769768.0711], [302039.3523, 2769772.8763], [302018.9951, 2769775.5735], [302017.9651, 2769775.7351], [302013.3393, 2769776.9745], [302010.7827, 2769778.0547], [302010.5901, 2769778.1485], [302009.2937, 2769778.8415], [302008.7819, 2769779.1459], [302008.2973, 2769779.4763], [302007.9185, 2769779.7873], [302007.2981, 2769780.3949], [302007.1281, 2769780.5835], [302006.9829, 2769780.7507], [302006.0695, 2769781.8945], [302005.6173, 2769782.6843], [302005.2205, 2769783.7923], [302005.1411, 2769784.0781], [302004.6757, 2769786.9715], [302004.4267, 2769788.6453], [302004.0637, 2769791.2499], [302003.8765, 2769792.5787], [302003.7791, 2769793.1007], [302002.8059, 2769797.2637], [302001.6045, 2769800.6403], [302001.3449, 2769801.1567], [301998.7613, 2769805.3161], [301998.1579, 2769806.1213], [301997.9679, 2769806.4083], [301997.7611, 2769806.8513], [301997.6347, 2769807.3233], [301997.5921, 2769807.8101], [301997.5921, 2769807.8245], [301997.6347, 2769808.2971], [301997.7611, 2769808.7691], [301997.9679, 2769809.2119], [301998.1211, 2769809.4489], [301998.5307, 2769809.8901], [302001.4067, 2769806.1837], [302003.8865, 2769801.6997], [302005.7185, 2769796.9171], [302006.6553, 2769793.1879], [302007.0607, 2769790.6569], [302007.2891, 2769788.1071], [302007.5361, 2769785.4549], [302008.0443, 2769784.1731], [302009.8807, 2769782.1315], [302012.4445, 2769781.1619], [302069.2069, 2769774.0333], [302080.9467, 2769772.9243], [302083.6083, 2769773.6561], [302085.6577, 2769774.8311], [302088.9409, 2769777.8093], [302095.3269, 2769782.5637], [302098.8181, 2769784.4841], [302102.4725, 2769786.0781], [302107.0735, 2769788.3575], [302108.9007, 2769790.1335], [302110.2327, 2769792.1601]]]]}, "geometry_name": "the_geom", "properties": {"項次": "160", "名稱": "愛國西路", "面積": "849.02152", "體積": "false", "圖形": "面"}, "bbox": [301997.5921, 2769766.1631, 302113.2171, 2769809.8901]}, {"type": "Feature", "id": "J0201-5.179", "geometry": {"type": "MultiPolygon", "coordinates": [[[[302431.3687, 2770085.9391], [302420.3749, 2770091.8073], [302420.3455, 2770093.1269], [302420.3659, 2770093.4423], [302420.8211, 2770095.5875], [302433.0191, 2770088.9593], [302431.3687, 2770085.9391]]]]}, "geometry_name": "the_geom", "properties": {"項次": "179", "名稱": "信義路一段", "面積": "46.37824294", "體積": "false", "圖形": "面"}, "bbox": [302420.3455, 2770085.9391, 302433.0191, 2770095.5875]}, {"type": "Feature", "id": "J0201-5.180", "geometry": {"type": "MultiPolygon", "coordinates": [[[[302431.3687, 2770085.9391], [302429.4069, 2770082.3491], [302429.2803, 2770082.3971], [302422.6441, 2770085.9505], [302422.4503, 2770086.0611], [302422.0823, 2770086.4381], [302421.5103, 2770087.0941], [302420.6723, 2770089.1581], [302420.3963, 2770090.8481], [302420.3749, 2770091.8073], [302431.3687, 2770085.9391]]]]}, "geometry_name": "the_geom", "properties": {"項次": "180", "名稱": "信義路一段", "面積": "44.27475854", "體積": "false", "圖形": "面"}, "bbox": [302420.3749, 2770082.3491, 302431.3687, 2770091.8073]}, {"type": "Feature", "id": "J0201-5.189", "geometry": {"type": "MultiPolygon", "coordinates": [[[[302517.8698, 2770039.702], [302434.8674, 2770084.0693], [302435.4265, 2770085.0149], [302436.7173, 2770087.2247], [302519.6814, 2770043.0521], [302518.2781, 2770040.4435], [302518.2699, 2770040.4477], [302517.8698, 2770039.702]]]]}, "geometry_name": "the_geom", "properties": {"項次": "189", "名稱": "信義路一段", "面積": "350.9695537", "體積": "false", "圖形": "面"}, "bbox": [302434.8674, 2770039.702, 302519.6814, 2770087.2247]}, {"type": "Feature", "id": "J0201-5.190", "geometry": {"type": "MultiPolygon", "coordinates": [[[[302517.8698, 2770039.702], [302516.3993, 2770036.9611], [302516.2323, 2770036.7491], [302515.9803, 2770036.5561], [302515.4543, 2770036.5341], [302466.2323, 2770062.7131], [302455.9283, 2770068.1901], [302439.9043, 2770076.7041], [302432.7753, 2770080.5311], [302434.8674, 2770084.0693], [302517.8698, 2770039.702]]]]}, "geometry_name": "the_geom", "properties": {"項次": "190", "名稱": "信義路一段", "面積": "379.5138737", "體積": "false", "圖形": "面"}, "bbox": [302432.7753, 2770036.5341, 302517.8698, 2770084.0693]}, {"type": "Feature", "id": "J0201-5.192", "geometry": {"type": "MultiPolygon", "coordinates": [[[[302526.4056, 2770039.4563], [302573.3818, 2770014.4887], [302573.3856, 2770014.5007], [302580.6536, 2770010.7037], [302576.0716, 2770008.6995], [302571.5748, 2770011.0999], [302524.6176, 2770036.1647], [302526.4056, 2770039.4563]]]]}, "geometry_name": "the_geom", "properties": {"項次": "192", "名稱": "信義路一段", "面積": "227.6422583", "體積": "false", "圖形": "面"}, "bbox": [302524.6176, 2770008.6995, 302580.6536, 2770039.4563]}, {"type": "Feature", "id": "J0201-5.194", "geometry": {"type": "MultiPolygon", "coordinates": [[[[302571.5748, 2770011.0999], [302576.0716, 2770008.6995], [302580.6536, 2770010.7037], [302580.9714, 2770010.5733], [302579.9172, 2770006.5267], [302579.5668, 2770005.1391], [302579.2736, 2770004.8601], [302578.811, 2770004.5361], [302578.2994, 2770004.2977], [302578.0182, 2770004.2095], [302577.754, 2770004.1517], [302577.1916, 2770004.1025], [302576.6294, 2770004.1517], [302576.084, 2770004.2977], [302575.628, 2770004.5047], [302569.7344, 2770007.6483], [302524.5616, 2770031.7411], [302523.7394, 2770032.2173], [302523.563, 2770032.4707], [302523.4294, 2770032.7567], [302523.365, 2770032.9771], [302523.3478, 2770033.0619], [302523.3202, 2770033.3767], [302523.3478, 2770033.6911], [302523.4294, 2770033.9961], [302523.563, 2770034.2823], [302523.7192, 2770034.5107], [302524.6176, 2770036.1647], [302571.5748, 2770011.0999]]]]}, "geometry_name": "the_geom", "properties": {"項次": "194", "名稱": "信義路一段", "面積": "253.7817273", "體積": "false", "圖形": "面"}, "bbox": [302523.3202, 2770004.1025, 302580.9714, 2770036.1647]}, {"type": "Feature", "id": "J0201-5.196", "geometry": {"type": "MultiPolygon", "coordinates": [[[[302580.9681, 2770010.5735], [302580.6503, 2770010.7039], [302573.3823, 2770014.5009], [302573.5231, 2770014.9403], [302578.4471, 2770016.9441], [302587.3253, 2770050.8017], [302596.9641, 2770087.6387], [302603.9529, 2770114.6393], [302608.1683, 2770130.7781], [302612.9973, 2770149.4977], [302616.9061, 2770148.4871], [302610.6727, 2770124.3793], [302607.6817, 2770112.6185], [302601.0105, 2770087.3743], [302590.8871, 2770048.6485], [302580.9681, 2770010.5735]]]]}, "geometry_name": "the_geom", "properties": {"項次": "196", "名稱": "信義路一段", "面積": "173.88", "體積": "false", "圖形": "面"}, "bbox": [302573.3823, 2770010.5735, 302616.9061, 2770149.4977]}, {"type": "Feature", "id": "J0201-5.206", "geometry": {"type": "MultiPolygon", "coordinates": [[[[302715.4708, 2771894.1022], [302718.0859, 2771893.9883], [302718.5151, 2771893.9696], [302719.0522, 2771893.9462], [302719.2852, 2771893.9129], [302719.5109, 2771893.8331], [302719.7108, 2771893.7141], [302719.8846, 2771893.5581], [302720.0268, 2771893.3683], [302720.1276, 2771893.1576], [302720.186, 2771892.9298], [302720.1988, 2771892.6951], [302718.7729, 2771859.9668], [302718.2378, 2771859.0778], [302717.2419, 2771859.0539], [302713.9183, 2771858.9743], [302715.4708, 2771894.1022]]]]}, "geometry_name": "the_geom", "properties": {"項次": "206", "名稱": "中山北路二段", "面積": "53.08", "體積": "false", "圖形": "面"}, "bbox": [302713.9183, 2771858.9743, 302720.1988, 2771894.1022]}, {"type": "Feature", "id": "J0201-5.207", "geometry": {"type": "MultiPolygon", "coordinates": [[[[302722.7906, 2772063.2819], [302724.5158, 2772100.0249], [302727.4912, 2772099.9291], [302727.5168, 2772099.4785], [302727.552, 2772099.4789], [302727.9174, 2772099.4467], [302728.2718, 2772099.3517], [302728.6042, 2772099.1967], [302728.71, 2772099.1313], [302728.9042, 2772098.9867], [302729.1634, 2772098.7273], [302729.374, 2772098.4269], [302729.476, 2772098.2257], [302727.9702, 2772064.1543], [302727.7972, 2772063.9143], [302727.5512, 2772063.6681], [302727.266, 2772063.4685], [302727.1646, 2772063.4137], [302726.95, 2772063.3211], [302726.6138, 2772063.2311], [302726.267, 2772063.2007], [302725.9438, 2772063.2269], [302722.7906, 2772063.2819]]]]}, "geometry_name": "the_geom", "properties": {"項次": "207", "名稱": "中山北路二段", "面積": "184.8368749", "體積": "false", "圖形": "面"}, "bbox": [302722.7906, 2772063.2007, 302729.476, 2772100.0249]}, {"type": "Feature", "id": "J0201-5.210", "geometry": {"type": "MultiPolygon", "coordinates": [[[[302731.7994, 2772154.3029], [302731.4028, 2772141.1323], [302729.8614, 2772107.3403], [302729.0424, 2772106.1959], [302727.8476, 2772105.8641], [302724.8886, 2772106.0085], [302727.0352, 2772156.4047], [302730.0108, 2772156.3235], [302729.9958, 2772156.0839], [302730.516, 2772156.0413], [302730.6482, 2772156.0243], [302730.8894, 2772155.9597], [302731.116, 2772155.8541], [302731.3208, 2772155.7107], [302731.4976, 2772155.5339], [302731.5528, 2772155.4637], [302731.641, 2772155.3291], [302731.7466, 2772155.1025], [302731.8114, 2772154.8611], [302731.8332, 2772154.6121], [302731.8114, 2772154.3631], [302731.7994, 2772154.3029]]]]}, "geometry_name": "the_geom", "properties": {"項次": "210", "名稱": "中山北路二段", "面積": "247.9660558", "體積": "false", "圖形": "面"}, "bbox": [302724.8886, 2772105.8641, 302731.8332, 2772156.4047]}, {"type": "Feature", "id": "J0201-5.213", "geometry": {"type": "MultiPolygon", "coordinates": [[[[302736.6092, 2772416.1709], [302739.6908, 2772416.1305], [302739.8254, 2772416.0855], [302740.2316, 2772415.8961], [302740.599, 2772415.6389], [302740.7878, 2772415.4637], [302740.9162, 2772415.3217], [302741.1732, 2772414.9545], [302741.3626, 2772414.5483], [302741.4662, 2772414.1811], [302740.6568, 2772385.0483], [302740.657, 2772385.0169], [302740.6186, 2772384.5791], [302740.505, 2772384.1547], [302740.3192, 2772383.7563], [302740.0672, 2772383.3963], [302739.7564, 2772383.0855], [302739.688, 2772383.0301], [302739.3964, 2772382.8335], [302738.9978, 2772382.6477], [302738.5734, 2772382.5339], [302738.5498, 2772382.5299], [302735.4464, 2772382.6587], [302736.6092, 2772416.1709]]]]}, "geometry_name": "the_geom", "properties": {"項次": "213", "名稱": "中山北路二段", "面積": "166.4614093", "體積": "false", "圖形": "面"}, "bbox": [302735.4464, 2772382.5299, 302741.4662, 2772416.1709]}, {"type": "Feature", "id": "J0201-5.214", "geometry": {"type": "MultiPolygon", "coordinates": [[[[302737.1054, 2772435.7411], [302741.212, 2772435.5627], [302741.4338, 2772435.3973], [302741.7314, 2772435.0997], [302741.9724, 2772434.7551], [302741.9946, 2772434.7159], [302742.1502, 2772434.3739], [302742.2592, 2772433.9675], [302742.2958, 2772433.5483], [302742.2956, 2772433.5171], [302741.9938, 2772424.2107], [302741.9524, 2772424.0889], [302741.7356, 2772423.6241], [302741.4414, 2772423.2039], [302741.0788, 2772422.8411], [302740.7376, 2772422.5943], [302740.6582, 2772422.5467], [302740.1934, 2772422.3299], [302739.6978, 2772422.1971], [302739.2738, 2772422.1537], [302736.7454, 2772422.2715], [302737.1054, 2772435.7411]]]]}, "geometry_name": "the_geom", "properties": {"項次": "214", "名稱": "中山北路二段", "面積": "68.03646492", "體積": "false", "圖形": "面"}, "bbox": [302736.7454, 2772422.1537, 302742.2958, 2772435.7411]}, {"type": "Feature", "id": "J0201-5.215", "geometry": {"type": "MultiPolygon", "coordinates": [[[[302739.5088, 2772490.4171], [302742.4924, 2772490.3427], [302742.7334, 2772490.2175], [302743.1706, 2772489.9113], [302743.548, 2772489.5339], [302743.7508, 2772489.2631], [302743.8542, 2772489.0965], [302744.0798, 2772488.6129], [302744.1982, 2772488.1987], [302742.8272, 2772447.3767], [302742.6888, 2772447.1945], [302742.4004, 2772446.9059], [302742.155, 2772446.7259], [302742.0658, 2772446.6717], [302741.696, 2772446.4991], [302741.302, 2772446.3937], [302740.8958, 2772446.3583], [302740.8828, 2772446.3583], [302738.03, 2772446.3975], [302739.5088, 2772490.4171]]]]}, "geometry_name": "the_geom", "properties": {"項次": "215", "名稱": "中山北路二段", "面積": "207.6979071", "體積": "false", "圖形": "面"}, "bbox": [302738.03, 2772446.3583, 302744.1982, 2772490.4171]}, {"type": "Feature", "id": "J0201-5.216", "geometry": {"type": "MultiPolygon", "coordinates": [[[[302740.2948, 2772373.8809], [302738.1034, 2772309.0007], [302737.9266, 2772308.4711], [302737.1586, 2772306.8241], [302736.116, 2772305.3355], [302735.1098, 2772304.2929], [302734.957, 2772304.1579], [302732.4606, 2772302.5535], [302731.5092, 2772302.1743], [302728.4092, 2772301.7427], [302727.9602, 2772304.9651], [302733.138, 2772311.1301], [302735.3852, 2772376.6057], [302738.03, 2772376.5371], [302738.1392, 2772376.5201], [302738.5866, 2772376.4001], [302739.0064, 2772376.2045], [302739.3858, 2772375.9389], [302739.7132, 2772375.6113], [302739.7312, 2772375.5895], [302739.9788, 2772375.2319], [302740.1746, 2772374.8121], [302740.2944, 2772374.3649], [302740.3348, 2772373.9033], [302740.3344, 2772373.8577], [302740.2948, 2772373.8809]]]]}, "geometry_name": "the_geom", "properties": {"項次": "216", "名稱": "中山北路二段", "面積": "386.4666859", "體積": "false", "圖形": "面"}, "bbox": [302727.9602, 2772301.7427, 302740.3348, 2772376.6057]}, {"type": "Feature", "id": "J0201-5.217", "geometry": {"type": "MultiPolygon", "coordinates": [[[[302741.126, 2772551.0599], [302741.1564, 2772552.0925], [302745.5142, 2772551.9649], [302745.671, 2772551.9205], [302745.8488, 2772551.8373], [302746.0094, 2772551.7249], [302746.148, 2772551.5863], [302746.2606, 2772551.4255], [302746.3398, 2772551.2579], [302746.4762, 2772550.1825], [302746.4756, 2772550.1037], [302745.0626, 2772510.1187], [302744.9556, 2772509.5359], [302744.6852, 2772509.0089], [302739.8154, 2772509.0291], [302741.126, 2772551.0599]]]]}, "geometry_name": "the_geom", "properties": {"項次": "217", "名稱": "中山北路二段", "面積": "227.2464482", "體積": "false", "圖形": "面"}, "bbox": [302739.8154, 2772509.0089, 302746.4762, 2772552.0925]}, {"type": "Feature", "id": "J0201-5.218", "geometry": {"type": "MultiPolygon", "coordinates": [[[[302741.8369, 2772564.7989], [302741.8514, 2772565.8048], [302742.0992, 2772565.8014], [302742.5042, 2772565.796], [302742.5133, 2772566.2921], [302742.5414, 2772567.7935], [302742.6502, 2772573.6324], [302742.6904, 2772575.7859], [302742.7416, 2772578.5711], [302742.7548, 2772579.171], [302742.8186, 2772582.6689], [302742.8908, 2772583.6839], [302742.9673, 2772589.9849], [302742.9898, 2772591.1847], [302743.0009, 2772592.449], [302743.1998, 2772610.5036], [302743.0838, 2772614.6888], [302743.0275, 2772616.9753], [302742.9271, 2772621.0512], [302742.7819, 2772626.9456], [302742.7079, 2772629.9475], [302746.3858, 2772629.8014], [302746.6322, 2772629.7916], [302746.7864, 2772629.7646], [302746.9173, 2772629.7211], [302746.9896, 2772629.688], [302747.0677, 2772629.6439], [302747.1238, 2772629.6061], [302747.2161, 2772629.5305], [302747.2937, 2772629.4504], [302747.3596, 2772629.3653], [302747.4087, 2772629.2868], [302747.4562, 2772629.1909], [302747.4906, 2772629.0986], [302747.5139, 2772629.0116], [302747.5293, 2772628.9232], [302747.5377, 2772628.7982], [302747.5486, 2772628.3564], [302747.7039, 2772622.0524], [302747.7603, 2772619.7622], [302747.8315, 2772616.8736], [302747.8831, 2772614.7778], [302747.9553, 2772611.8479], [302747.9997, 2772610.0437], [302748.0418, 2772605.3421], [302747.7813, 2772591.1477], [302747.5471, 2772575.3989], [302747.5123, 2772573.6777], [302747.2963, 2772565.7755], [302747.297, 2772565.6944], [302747.2891, 2772565.6084], [302747.2654, 2772565.4893], [302747.2318, 2772565.3848], [302747.1793, 2772565.2703], [302747.1126, 2772565.1629], [302747.0445, 2772565.0776], [302746.9436, 2772564.9793], [302746.852, 2772564.9105], [302746.7608, 2772564.8566], [302746.6458, 2772564.8055], [302746.5407, 2772564.773], [302746.4311, 2772564.752], [302746.3434, 2772564.7442], [302746.2251, 2772564.7441], [302743.9336, 2772564.7738], [302743.6304, 2772564.78], [302742.8797, 2772564.7887], [302741.8369, 2772564.7989]]]]}, "geometry_name": "the_geom", "properties": {"項次": "218", "名稱": "中山北路二段", "面積": "58.96", "體積": "false", "圖形": "面"}, "bbox": [302741.8369, 2772564.7441, 302748.0418, 2772629.9475]}, {"type": "Feature", "id": "J0201-5.229", "geometry": {"type": "MultiPolygon", "coordinates": [[[[302861.3093, 2769349.3086], [302861.6213, 2769348.8193], [302861.8745, 2769348.2971], [302862.0978, 2769347.6302], [302862.2252, 2769346.9385], [302862.2544, 2769346.2358], [302862.1846, 2769345.5359], [302861.9978, 2769344.4455], [302861.7462, 2769342.9775], [302861.6967, 2769342.6887], [302861.0613, 2769338.9807], [302861.0111, 2769338.6882], [302860.121, 2769333.494], [302860.01, 2769332.8462], [302859.355, 2769329.024], [302859.1267, 2769327.6921], [302858.478, 2769323.9065], [302858.4756, 2769323.8926], [302857.7039, 2769319.3895], [302857.6631, 2769319.1513], [302857.1918, 2769316.4012], [302857.0173, 2769315.3831], [302856.7979, 2769314.103], [302856.5491, 2769312.6512], [302856.2538, 2769310.928], [302855.6165, 2769307.2088], [302855.5864, 2769307.0334], [302854.7521, 2769302.1648], [302854.6995, 2769301.8581], [302853.8107, 2769296.6717], [302853.7727, 2769296.45], [302853.2163, 2769293.2033], [302853.0255, 2769292.0897], [302852.3381, 2769288.0788], [302852.2492, 2769287.56], [302851.8406, 2769285.1758], [302851.6701, 2769284.4826], [302851.3364, 2769283.6903], [302850.8718, 2769282.9668], [302850.4226, 2769282.4595], [302850.4034, 2769282.4407], [302849.8035, 2769281.9408], [302849.133, 2769281.5404], [302848.4084, 2769281.2493], [302847.6472, 2769281.0746], [302846.8682, 2769281.0205], [302846.0902, 2769281.0884], [302846.0073, 2769281.1022], [302850.1207, 2769284.0202], [302850.5133, 2769286.3112], [302850.7074, 2769287.4436], [302851.0582, 2769289.4908], [302851.7666, 2769293.6243], [302852.9333, 2769300.4325], [302853.0071, 2769300.8633], [302854.3185, 2769308.5154], [302854.5198, 2769309.6898], [302855.5587, 2769315.7522], [302855.8583, 2769317.5003], [302857.284, 2769325.8197], [302857.4144, 2769326.5808], [302858.6645, 2769333.8756], [302859.0032, 2769335.8518], [302860.1734, 2769342.6805], [302860.3826, 2769343.9013], [302860.5738, 2769345.017], [302860.9404, 2769347.1558], [302861.059, 2769347.8481], [302861.2733, 2769349.0984], [302861.3093, 2769349.3086]]]]}, "geometry_name": "the_geom", "properties": {"項次": "229", "名稱": "愛國東路210巷", "面積": "103.9368411", "體積": "false", "圖形": "面"}, "bbox": [302846.0073, 2769281.0205, 302862.2544, 2769349.3086]}, {"type": "Feature", "id": "J0201-5.230", "geometry": {"type": "MultiPolygon", "coordinates": [[[[302865.1911, 2769296.5347], [302865.1657, 2769296.3868], [302862.6865, 2769281.92], [302863.3658, 2769280.9641], [302865.4744, 2769277.997], [302865.473, 2769277.9888], [302865.472, 2769277.9834], [302865.5839, 2769277.8254], [302865.4476, 2769277.8409], [302864.2701, 2769278.0427], [302863.6175, 2769278.1777], [302862.9902, 2769278.4027], [302862.4007, 2769278.7135], [302861.8605, 2769279.1038], [302861.3803, 2769279.5659], [302861.0269, 2769280.0078], [302860.7286, 2769280.4885], [302860.4897, 2769281.0014], [302860.2798, 2769281.6756], [302860.1723, 2769282.3735], [302860.1695, 2769283.0796], [302860.2263, 2769283.5486], [302860.4334, 2769284.7571], [302860.9167, 2769287.5775], [302861.1153, 2769288.7366], [302861.7764, 2769292.594], [302861.8831, 2769293.2169], [302862.1075, 2769294.526], [302862.218, 2769294.9465], [302862.3996, 2769295.3416], [302862.6469, 2769295.6992], [302862.9524, 2769296.0085], [302863.307, 2769296.2602], [302863.6997, 2769296.4467], [302864.1189, 2769296.5623], [302864.5517, 2769296.6036], [302864.9851, 2769296.5692], [302865.1911, 2769296.5347]]]]}, "geometry_name": "the_geom", "properties": {"項次": "230", "名稱": "愛國東路210巷", "面積": "49.73114162", "體積": "false", "圖形": "面"}, "bbox": [302860.1695, 2769277.8254, 302865.5839, 2769296.6036]}, {"type": "Feature", "id": "J0201-5.231", "geometry": {"type": "MultiPolygon", "coordinates": [[[[302869.7975, 2769425.7179], [302870.7802, 2769425.4695], [302871.707, 2769425.0592], [302872.5515, 2769424.4988], [302873.2897, 2769423.8042], [302873.9004, 2769422.9953], [302874.3662, 2769422.0951], [302874.6007, 2769421.4176], [302874.7527, 2769420.717], [302874.82, 2769420.0032], [302874.8098, 2769419.3915], [302874.7373, 2769418.7841], [302874.5524, 2769417.7051], [302874.3069, 2769416.2725], [302873.7382, 2769412.9542], [302873.5642, 2769411.9387], [302872.8138, 2769407.5596], [302872.6583, 2769406.6523], [302871.9279, 2769402.3906], [302871.7251, 2769401.2071], [302871.1131, 2769397.6358], [302870.93, 2769396.5673], [302870.7865, 2769395.7303], [302870.3542, 2769393.2075], [302869.6902, 2769389.3326], [302869.6078, 2769388.8523], [302869.2875, 2769386.9831], [302868.3217, 2769381.3476], [302868.2728, 2769381.0617], [302867.0007, 2769373.6388], [302866.9778, 2769373.5052], [302866.0875, 2769368.3103], [302865.6039, 2769365.4883], [302865.0535, 2769362.2763], [302864.9839, 2769361.8706], [302864.8022, 2769361.143], [302864.5137, 2769360.4508], [302864.1249, 2769359.8095], [302863.6445, 2769359.2336], [302863.055, 2769358.7145], [302862.9024, 2769358.6045], [302862.9384, 2769358.8147], [302863.8218, 2769363.9696], [302864.2054, 2769366.208], [302865.7675, 2769375.3236], [302866.146, 2769377.5322], [302867.461, 2769385.2054], [302867.9778, 2769388.2214], [302869.2574, 2769395.6879], [302869.7145, 2769398.3549], [302871.0729, 2769406.2821], [302871.3921, 2769408.1445], [302872.2773, 2769413.3101], [302873.1423, 2769418.3575], [302873.1951, 2769418.6654], [302870.0855, 2769423.0205], [302869.4809, 2769423.8673], [302869.7975, 2769425.7179]]]]}, "geometry_name": "the_geom", "properties": {"項次": "231", "名稱": "愛國東路210巷", "面積": "110.1763062", "體積": "false", "圖形": "面"}, "bbox": [302862.9024, 2769358.6045, 302874.82, 2769425.7179]}, {"type": "Feature", "id": "J0201-5.232", "geometry": {"type": "MultiPolygon", "coordinates": [[[[302873.2355, 2769322.4914], [302873.2108, 2769322.3444], [302872.6981, 2769319.2874], [302872.6486, 2769318.9922], [302871.9603, 2769314.8887], [302871.7486, 2769313.6265], [302871.368, 2769311.3574], [302870.2613, 2769304.7588], [302870.2365, 2769304.6108], [302866.9752, 2769305.1697], [302866.4695, 2769305.3026], [302865.9945, 2769305.5213], [302865.5647, 2769305.8192], [302865.1931, 2769306.1872], [302864.8912, 2769306.6141], [302864.6679, 2769307.087], [302864.5301, 2769307.5914], [302864.482, 2769308.1122], [302864.5251, 2769308.6333], [302864.8883, 2769310.7531], [302865.28, 2769313.0387], [302865.3289, 2769313.3241], [302865.3997, 2769313.7368], [302865.8895, 2769316.5951], [302866.1718, 2769318.2421], [302866.5736, 2769320.5869], [302866.7064, 2769321.0923], [302866.9249, 2769321.5671], [302867.2225, 2769321.9967], [302867.5901, 2769322.3681], [302868.0166, 2769322.6702], [302868.489, 2769322.8936], [302868.993, 2769323.0316], [302869.5134, 2769323.0801], [302870.0342, 2769323.0376], [302873.2355, 2769322.4914]]]]}, "geometry_name": "the_geom", "properties": {"項次": "232", "名稱": "愛國東路210巷", "面積": "109.8510301", "體積": "false", "圖形": "面"}, "bbox": [302864.482, 2769304.6108, 302873.2355, 2769323.0801]}, {"type": "Feature", "id": "J0201-5.233", "geometry": {"type": "MultiPolygon", "coordinates": [[[[302890.2558, 2769421.6903], [302890.2363, 2769421.5633], [302890.0002, 2769420.0188], [302889.9507, 2769419.6949], [302889.86, 2769419.102], [302889.2268, 2769414.9617], [302889.2238, 2769414.9446], [302886.8772, 2769401.2886], [302886.8732, 2769401.2652], [302886.523, 2769399.2325], [302886.404, 2769398.5339], [302886.3384, 2769398.1531], [302885.699, 2769394.4319], [302885.4109, 2769392.7556], [302884.8736, 2769389.6289], [302884.6703, 2769388.4459], [302884.6271, 2769388.1941], [302883.8632, 2769383.7491], [302883.5695, 2769382.0399], [302882.645, 2769376.6601], [302881.7497, 2769371.4499], [302880.8292, 2769366.0935], [302879.3696, 2769357.599], [302877.5561, 2769347.0479], [302877.0576, 2769344.1449], [302875.5476, 2769335.3716], [302875.2124, 2769333.4134], [302874.9704, 2769332.003], [302874.737, 2769330.6432], [302874.3795, 2769328.5599], [302874.3541, 2769328.4121], [302871.9066, 2769328.795], [302871.0901, 2769328.9228], [302870.6092, 2769329.0393], [302870.154, 2769329.2334], [302869.7368, 2769329.4996], [302869.3691, 2769329.8307], [302869.0609, 2769330.2178], [302868.8204, 2769330.6503], [302868.6544, 2769331.1165], [302868.5672, 2769331.6036], [302868.5538, 2769331.9002], [302868.5698, 2769332.1966], [302868.5969, 2769332.3934], [302868.7417, 2769333.2387], [302869.0904, 2769335.2731], [302869.2314, 2769336.0962], [302869.831, 2769339.595], [302869.8653, 2769339.7951], [302870.2635, 2769342.1185], [302870.3263, 2769342.4848], [302870.3869, 2769342.8386], [302870.4734, 2769343.3432], [302870.8927, 2769345.7903], [302871.0868, 2769346.923], [302871.135, 2769347.2038], [302871.299, 2769348.1613], [302871.6287, 2769350.0851], [302871.7779, 2769350.9553], [302871.9593, 2769352.0139], [302872.1315, 2769353.0186], [302872.1623, 2769353.1987], [302872.2019, 2769353.43], [302872.2167, 2769353.5161], [302872.2199, 2769353.535], [302872.2521, 2769353.7224], [302872.2938, 2769353.9662], [302872.6879, 2769356.2655], [302872.9466, 2769357.7751], [302872.9709, 2769357.9168], [302873.2458, 2769359.5208], [302873.3207, 2769359.9579], [302873.5761, 2769361.4484], [302873.7244, 2769362.3139], [302874.1494, 2769364.7941], [302874.2916, 2769365.6238], [302874.5973, 2769367.4077], [302874.8398, 2769368.8226], [302875.2828, 2769371.4075], [302875.3798, 2769371.9738], [302875.7148, 2769373.9285], [302875.8342, 2769374.6249], [302876.158, 2769376.5148], [302876.2314, 2769376.9427], [302876.7371, 2769379.8937], [302876.8027, 2769380.2765], [302877.2963, 2769383.1568], [302877.423, 2769383.896], [302877.6875, 2769385.4397], [302877.8909, 2769386.6265], [302878.0935, 2769387.8087], [302878.3357, 2769389.222], [302878.3919, 2769389.5501], [302878.4778, 2769390.0515], [302878.8118, 2769392.0002], [302879.0247, 2769393.2424], [302879.1355, 2769393.8893], [302879.2979, 2769394.8365], [302879.6266, 2769396.7547], [302880.5591, 2769402.1963], [302880.8726, 2769404.0255], [302881.5831, 2769408.1717], [302882.1159, 2769411.2804], [302882.8674, 2769415.6658], [302883.0545, 2769416.7573], [302883.2363, 2769417.8183], [302883.3214, 2769418.2057], [302883.6109, 2769419.0234], [302884.0373, 2769419.7787], [302884.5879, 2769420.4489], [302885.246, 2769421.0139], [302885.9919, 2769421.4566], [302886.8031, 2769421.7637], [302887.6551, 2769421.926], [302888.5224, 2769421.9385], [302888.9167, 2769421.8951], [302890.2558, 2769421.6903]]]]}, "geometry_name": "the_geom", "properties": {"項次": "233", "名稱": "愛國東路210巷", "面積": "594.8374611", "體積": "false", "圖形": "面"}, "bbox": [302868.5538, 2769328.4121, 302890.2558, 2769421.9385]}, {"type": "Feature", "id": "J0201-5.238", "geometry": {"type": "MultiPolygon", "coordinates": [[[[303113.9411, 2768992.1247], [303111.7697, 2768992.5181], [303111.5103, 2768992.5899], [303111.2397, 2768992.7161], [303110.9953, 2768992.8873], [303110.7843, 2768993.0983], [303110.7135, 2768993.1883], [303110.6131, 2768993.3427], [303110.4869, 2768993.6131], [303110.4095, 2768993.9013], [303110.3835, 2768994.1987], [303110.3893, 2768994.3389], [303116.3309, 2769028.8717], [303116.3319, 2769028.8767], [303116.4171, 2769029.1947], [303116.5563, 2769029.4931], [303116.7449, 2769029.7627], [303116.9415, 2769029.9641], [303116.9777, 2769029.9953], [303117.2473, 2769030.1841], [303117.5457, 2769030.3233], [303117.8637, 2769030.4085], [303118.1917, 2769030.4371], [303118.5197, 2769030.4085], [303118.5653, 2769030.3999], [303120.5413, 2769030.2885], [303113.9411, 2768992.1247]]]]}, "geometry_name": "the_geom", "properties": {"項次": "238", "名稱": "金山南路二段", "面積": "148.6400636", "體積": "false", "圖形": "面"}, "bbox": [303110.3835, 2768992.1247, 303120.5413, 2769030.4371]}, {"type": "Feature", "id": "J0201-5.239", "geometry": {"type": "MultiPolygon", "coordinates": [[[[303121.5941, 2769035.0697], [303119.9859, 2769035.4615], [303118.9239, 2769035.9399], [303118.8805, 2769035.9549], [303118.6227, 2769036.0751], [303118.3899, 2769036.2381], [303118.2307, 2769036.3913], [303118.1889, 2769036.4391], [303118.0259, 2769036.6719], [303117.9057, 2769036.9297], [303117.8321, 2769037.2043], [303117.8197, 2769037.2885], [303124.0519, 2769073.7715], [303124.2773, 2769074.0727], [303124.6951, 2769074.4903], [303125.1791, 2769074.8293], [303125.7145, 2769075.0787], [303125.7203, 2769075.0809], [303126.2849, 2769075.2317], [303126.8735, 2769075.2831], [303127.4619, 2769075.2317], [303128.0327, 2769075.0785], [303128.3521, 2769074.9433], [303121.5941, 2769035.0697]]]]}, "geometry_name": "the_geom", "properties": {"項次": "239", "名稱": "金山南路二段", "面積": "161.8406212", "體積": "false", "圖形": "面"}, "bbox": [303117.8197, 2769035.0697, 303128.3521, 2769075.2831]}, {"type": "Feature", "id": "J0201-5.240", "geometry": {"type": "MultiPolygon", "coordinates": [[[[303118.5669, 2771291.4199], [303121.0349, 2771286.7889], [303145.5515, 2771281.0331], [303176.3241, 2771273.2761], [303217.6939, 2771262.9077], [303220.2213, 2771264.8827], [303220.4717, 2771265.8689], [303221.7823, 2771265.4405], [303220.7027, 2771261.1911], [303220.7015, 2771261.1833], [303220.6793, 2771261.1009], [303220.6433, 2771261.0235], [303220.5945, 2771260.9539], [303220.5341, 2771260.8935], [303220.4995, 2771260.8671], [303220.4643, 2771260.8447], [303220.3871, 2771260.8087], [303220.3047, 2771260.7865], [303220.2197, 2771260.7791], [303220.1349, 2771260.7865], [303220.0635, 2771260.8047], [303145.5205, 2771279.3383], [303118.7659, 2771285.9949], [303118.1953, 2771286.8905], [303117.8477, 2771287.9099], [303117.8189, 2771288.0591], [303117.7507, 2771288.8387], [303117.8189, 2771289.6181], [303118.0213, 2771290.3741], [303118.3521, 2771291.0833], [303118.5669, 2771291.4199]]]]}, "geometry_name": "the_geom", "properties": {"項次": "240", "名稱": "長安東路一段", "面積": "175.5593995", "體積": "false", "圖形": "面"}, "bbox": [303117.7507, 2771260.7791, 303221.7823, 2771291.4199]}, {"type": "Feature", "id": "J0201-5.241", "geometry": {"type": "MultiPolygon", "coordinates": [[[[303129.7351, 2769082.5455], [303127.0517, 2769083.2221], [303126.9359, 2769083.2593], [303126.6975, 2769083.3703], [303126.4823, 2769083.5209], [303126.2965, 2769083.7069], [303126.1513, 2769083.9127], [303126.1455, 2769083.9221], [303126.0343, 2769084.1605], [303125.9665, 2769084.4141], [303125.9439, 2769084.6759], [303125.9665, 2769084.9379], [303126.0155, 2769085.1361], [303130.5439, 2769110.6685], [303130.6833, 2769110.9569], [303130.9003, 2769111.2673], [303131.1681, 2769111.5347], [303131.4185, 2769111.7163], [303131.4781, 2769111.7517], [303131.8209, 2769111.9119], [303132.1865, 2769112.0097], [303132.5637, 2769112.0427], [303132.9407, 2769112.0097], [303133.0095, 2769111.9965], [303134.8701, 2769111.7169], [303129.7351, 2769082.5455]]]]}, "geometry_name": "the_geom", "properties": {"項次": "241", "名稱": "金山南路二段", "面積": "19.84", "體積": "false", "圖形": "面"}, "bbox": [303125.9439, 2769082.5455, 303134.8701, 2769112.0427]}, {"type": "Feature", "id": "J0201-5.242", "geometry": {"type": "MultiPolygon", "coordinates": [[[[303129.7385, 2769082.5453], [303127.0551, 2769083.2219], [303126.9393, 2769083.2591], [303126.7009, 2769083.3701], [303126.4857, 2769083.5207], [303126.2999, 2769083.7067], [303126.1547, 2769083.9125], [303126.1489, 2769083.9219], [303126.0377, 2769084.1603], [303125.9699, 2769084.4139], [303125.9473, 2769084.6757], [303125.9699, 2769084.9377], [303126.0189, 2769085.1359], [303130.5473, 2769110.6683], [303130.6867, 2769110.9567], [303130.9037, 2769111.2671], [303131.1715, 2769111.5345], [303131.4219, 2769111.7161], [303131.4815, 2769111.7515], [303131.8243, 2769111.9117], [303132.1899, 2769112.0095], [303132.5671, 2769112.0425], [303132.9441, 2769112.0095], [303133.0129, 2769111.9963], [303134.8735, 2769111.7167], [303129.7385, 2769082.5453]]]]}, "geometry_name": "the_geom", "properties": {"項次": "242", "名稱": "金山南路二段", "面積": "119.2114882", "體積": "false", "圖形": "面"}, "bbox": [303125.9473, 2769082.5453, 303134.8735, 2769112.0425]}, {"type": "Feature", "id": "J0201-5.244", "geometry": {"type": "MultiPolygon", "coordinates": [[[[303159.8835, 2769228.3669], [303159.8005, 2769227.7829], [303159.6313, 2769227.7951], [303157.2051, 2769228.4093], [303155.1669, 2769229.7261], [303155.1097, 2769229.7785], [303153.5727, 2769231.7535], [303152.7599, 2769234.1207], [303152.7383, 2769234.2565], [303153.4133, 2769237.7753], [303154.6401, 2769245.4985], [303155.0363, 2769247.9709], [303155.7705, 2769252.5831], [303156.1071, 2769254.7217], [303156.8683, 2769259.6869], [303157.4011, 2769262.8323], [303162.6005, 2769295.7643], [303165.2501, 2769312.3815], [303166.1323, 2769317.9887], [303166.9257, 2769322.9091], [303168.0733, 2769330.3031], [303168.6065, 2769333.6917], [303171.3421, 2769351.1599], [303172.2353, 2769356.6323], [303172.5938, 2769359.0024], [303172.5997, 2769359.0415], [303172.9591, 2769361.4128], [303174.8864, 2769373.8216], [303175.2074, 2769374.8141], [303175.6355, 2769375.7654], [303175.9908, 2769376.3258], [303176.4379, 2769376.8163], [303178.1881, 2769378.2721], [303178.7031, 2769378.6216], [303179.2485, 2769378.9218], [303180.4534, 2769379.4379], [303182.6082, 2769380.1593], [303183.1787, 2769380.3038], [303183.76, 2769380.3964], [303185.6671, 2769380.5059], [303184.6034, 2769380.0895], [303182.9305, 2769378.9352], [303180.3185, 2769376.8605], [303179.9197, 2769376.0739], [303177.4304, 2769362.8681], [303176.6455, 2769358.4268], [303167.8309, 2769302.0923], [303156.5763, 2769231.8273], [303159.3069, 2769228.4895], [303159.8835, 2769228.3669]]]]}, "geometry_name": "the_geom", "properties": {"項次": "244", "名稱": "金山南路二段", "面積": "166.09", "體積": "false", "圖形": "面"}, "bbox": [303152.7383, 2769227.7829, 303185.6671, 2769380.5059]}, {"type": "Feature", "id": "J0201-5.247", "geometry": {"type": "MultiPolygon", "coordinates": [[[[303183.6827, 2769400.2535], [303186.9821, 2769395.6759], [303186.5468, 2769392.9906], [303184.9441, 2769393.6121], [303183.4095, 2769394.5911], [303181.6632, 2769396.3902], [303180.8991, 2769397.8363], [303179.9475, 2769399.8299], [303179.5343, 2769402.4399], [303179.5523, 2769402.9895], [303181.4309, 2769414.5899], [303182.0143, 2769418.1761], [303182.3763, 2769420.5959], [303183.4601, 2769427.4311], [303183.5909, 2769428.2851], [303183.9957, 2769430.9817], [303184.1431, 2769431.4363], [303184.6405, 2769432.5023], [303185.3149, 2769433.4659], [303186.1467, 2769434.2975], [303186.4285, 2769434.5217], [303187.1105, 2769434.9723], [303188.8461, 2769435.6745], [303185.7461, 2769415.5613], [303186.0583, 2769415.4685], [303183.6827, 2769400.2535]]]]}, "geometry_name": "the_geom", "properties": {"項次": "247", "名稱": "金山南路二段", "面積": "37.65", "體積": "false", "圖形": "面"}, "bbox": [303179.5343, 2769392.9906, 303188.8461, 2769435.6745]}, {"type": "Feature", "id": "J0201-5.248", "geometry": {"type": "MultiPolygon", "coordinates": [[[[303186.7001, 2769447.9371], [303187.0263, 2769449.8873], [303187.4481, 2769452.6407], [303188.1497, 2769457.1423], [303188.9615, 2769462.3255], [303189.3147, 2769464.4103], [303189.9287, 2769468.3693], [303190.1973, 2769470.1627], [303190.2175, 2769470.1869], [303190.7467, 2769470.7157], [303191.3595, 2769471.1449], [303192.0373, 2769471.4609], [303192.2041, 2769471.5179], [303192.5503, 2769471.6125], [303194.3619, 2769471.6335], [303189.9655, 2769443.6023], [303189.3021, 2769443.7809], [303188.6721, 2769444.0745], [303188.1029, 2769444.4731], [303187.6115, 2769444.9643], [303187.4323, 2769445.1945], [303187.2131, 2769445.5337], [303186.9193, 2769446.1633], [303186.7395, 2769446.8345], [303186.6791, 2769447.5267], [303186.7001, 2769447.9371]]]]}, "geometry_name": "the_geom", "properties": {"項次": "248", "名稱": "金山南路二段", "面積": "36.65", "體積": "false", "圖形": "面"}, "bbox": [303186.6791, 2769443.6023, 303194.3619, 2769471.6335]}, {"type": "Feature", "id": "J0201-5.250", "geometry": {"type": "MultiPolygon", "coordinates": [[[[303195.7067, 2769479.5323], [303194.3161, 2769481.2535], [303193.4935, 2769482.8149], [303193.1075, 2769483.8997], [303192.7279, 2769485.9435], [303194.1423, 2769494.8315], [303196.6209, 2769510.5245], [303197.9505, 2769518.9551], [303198.2537, 2769520.9179], [303198.8601, 2769524.8287], [303199.2829, 2769527.0659], [303200.0609, 2769532.5037], [303200.1275, 2769532.6381], [303200.2459, 2769532.8073], [303200.3919, 2769532.9533], [303200.5047, 2769533.0371], [303200.5609, 2769533.0717], [303200.7481, 2769533.1591], [303200.9475, 2769533.2125], [303201.1535, 2769533.2301], [303201.3589, 2769533.2125], [303201.5465, 2769533.1629], [303206.9331, 2769532.0681], [303203.5409, 2769529.5773], [303195.7067, 2769479.5323]]]]}, "geometry_name": "the_geom", "properties": {"項次": "250", "名稱": "金山南路二段", "面積": "68.59", "體積": "false", "圖形": "面"}, "bbox": [303192.7279, 2769479.5323, 303206.9331, 2769533.2301]}, {"type": "Feature", "id": "J0201-5.254", "geometry": {"type": "MultiPolygon", "coordinates": [[[[303205.8471, 2769540.0723], [303203.3637, 2769540.6561], [303203.2357, 2769540.6747], [303202.9115, 2769540.7615], [303202.6079, 2769540.9031], [303202.3333, 2769541.0955], [303202.0963, 2769541.3325], [303201.9035, 2769541.6071], [303201.8737, 2769541.6613], [303201.8051, 2769541.9735], [303201.7467, 2769542.6393], [303201.8051, 2769543.3045], [303201.8307, 2769543.4363], [303208.2153, 2769583.5723], [303208.3363, 2769583.9993], [303208.5613, 2769584.4815], [303208.8663, 2769584.9175], [303209.2427, 2769585.2935], [303209.6699, 2769585.5939], [303209.6785, 2769585.5989], [303210.1605, 2769585.8237], [303210.6747, 2769585.9611], [303211.2045, 2769586.0075], [303211.4785, 2769585.9955], [303213.1205, 2769585.7979], [303205.8471, 2769540.0723]]]]}, "geometry_name": "the_geom", "properties": {"項次": "254", "名稱": "金山南路二段", "面積": "204.5094495", "體積": "false", "圖形": "面"}, "bbox": [303201.7467, 2769540.0723, 303213.1205, 2769586.0075]}, {"type": "Feature", "id": "J0201-5.255", "geometry": {"type": "MultiPolygon", "coordinates": [[[[303219.7079, 2769627.2437], [303213.8627, 2769590.4851], [303211.9971, 2769590.7929], [303211.9667, 2769590.7983], [303211.5189, 2769590.9179], [303211.0989, 2769591.1141], [303210.7195, 2769591.3801], [303210.4431, 2769591.6483], [303210.3915, 2769591.7075], [303210.1257, 2769592.0875], [303209.9299, 2769592.5073], [303209.8099, 2769592.9553], [303209.7755, 2769593.2385], [303210.3643, 2769596.9959], [303211.2539, 2769602.5637], [303211.5861, 2769604.7645], [303212.5371, 2769610.7985], [303215.2477, 2769627.9489], [303215.8113, 2769631.5133], [303216.0515, 2769633.3015], [303216.1197, 2769633.8747], [303216.2921, 2769634.5183], [303216.5115, 2769634.4877], [303227.6505, 2769633.0523], [303219.7079, 2769627.2437]]]]}, "geometry_name": "the_geom", "properties": {"項次": "255", "名稱": "金山南路二段", "面積": "219.7320603", "體積": "false", "圖形": "面"}, "bbox": [303209.7755, 2769590.4851, 303227.6505, 2769634.5183]}, {"type": "Feature", "id": "J0201-5.257", "geometry": {"type": "MultiPolygon", "coordinates": [[[[303233.8445, 2771601.8433], [303236.0919, 2771592.6005], [303232.8561, 2771591.6887], [303234.4649, 2771585.8919], [303235.1809, 2771586.1315], [303237.8501, 2771584.9589], [303237.9319, 2771584.9175], [303238.0517, 2771584.8337], [303238.1549, 2771584.7303], [303238.1717, 2771584.7095], [303238.2389, 2771584.6105], [303238.3005, 2771584.4781], [303238.3381, 2771584.3385], [303249.6951, 2771544.1079], [303256.6211, 2771523.3551], [303256.1477, 2771522.4371], [303250.3713, 2771520.4763], [303245.1133, 2771532.2863], [303241.3425, 2771542.7721], [303238.3557, 2771552.4947], [303228.4713, 2771590.3627], [303224.7013, 2771608.9193], [303220.8673, 2771627.8249], [303220.1003, 2771627.6485], [303219.3123, 2771630.9607], [303219.4419, 2771630.9847], [303220.7893, 2771631.1025], [303222.1367, 2771630.9847], [303223.4431, 2771630.6347], [303223.7733, 2771630.5057], [303224.6689, 2771630.0631], [303225.7767, 2771629.2873], [303226.7331, 2771628.3309], [303227.5089, 2771627.2229], [303228.0805, 2771625.9971], [303228.0985, 2771625.9469], [303233.8445, 2771601.8433]]]]}, "geometry_name": "the_geom", "properties": {"項次": "257", "名稱": "新生北路一段", "面積": "860.6600303", "體積": "false", "圖形": "面"}, "bbox": [303219.3123, 2771520.4763, 303256.6211, 2771631.1025]}, {"type": "Feature", "id": "J0201-5.258", "geometry": {"type": "MultiPolygon", "coordinates": [[[[303242.4991, 2771256.6507], [303250.5387, 2771254.7061], [303285.2989, 2771246.0089], [303286.3857, 2771246.6121], [303287.0585, 2771249.2459], [303287.6583, 2771249.2769], [303289.0909, 2771248.9777], [303288.7525, 2771247.5413], [303288.4795, 2771246.9739], [303288.0595, 2771246.3741], [303287.5419, 2771245.8565], [303287.3259, 2771245.6869], [303286.9425, 2771245.4367], [303286.2791, 2771245.1275], [303285.5719, 2771244.9381], [303284.8427, 2771244.8741], [303284.5099, 2771244.8875], [303226.0877, 2771259.3307], [303226.0437, 2771259.3545], [303225.9111, 2771259.4471], [303225.7969, 2771259.5615], [303225.7041, 2771259.6939], [303225.6433, 2771259.8207], [303225.6359, 2771259.8403], [303225.5941, 2771259.9965], [303225.5799, 2771260.1575], [303225.5941, 2771260.3185], [303225.6017, 2771260.3573], [303226.4261, 2771264.2851], [303228.2273, 2771263.7223], [303228.6581, 2771260.1719], [303242.4991, 2771256.6507]]]]}, "geometry_name": "the_geom", "properties": {"項次": "258", "名稱": "長安東路一段", "面積": "99.49772369", "體積": "false", "圖形": "面"}, "bbox": [303225.5799, 2771244.8741, 303289.0909, 2771264.2851]}, {"type": "Feature", "id": "J0201-5.260", "geometry": {"type": "MultiPolygon", "coordinates": [[[[303246.2183, 2771103.0639], [303247.5339, 2771102.7191], [303247.4331, 2771102.3345], [303246.6999, 2771099.7369], [303246.5103, 2771099.3675], [303246.0893, 2771098.7663], [303245.5705, 2771098.2473], [303244.9693, 2771097.8265], [303244.6829, 2771097.6755], [303243.9599, 2771097.5005], [303242.9331, 2771097.4107], [303241.9065, 2771097.5005], [303240.9109, 2771097.7673], [303240.7689, 2771097.8209], [303230.7261, 2771101.1649], [303130.6773, 2771134.4787], [303086.0865, 2771148.9751], [303085.0781, 2771149.4101], [303084.8929, 2771149.5227], [303084.1079, 2771150.2419], [303083.7609, 2771150.7429], [303083.6859, 2771150.8675], [303083.2797, 2771151.6557], [303083.1959, 2771151.8621], [303083.0575, 2771152.3789], [303083.0109, 2771152.9119], [303083.0133, 2771153.0345], [303083.0803, 2771153.6565], [303083.2905, 2771154.4405], [303083.4025, 2771154.7201], [303084.0219, 2771157.2583], [303135.1129, 2771140.1235], [303230.7261, 2771107.9553], [303246.2183, 2771103.0639]]]]}, "geometry_name": "the_geom", "properties": {"項次": "260", "名稱": "市民大道二段", "面積": "1150.190418", "體積": "false", "圖形": "面"}, "bbox": [303083.0109, 2771097.4107, 303247.5339, 2771157.2583]}, {"type": "Feature", "id": "J0201-5.261", "geometry": {"type": "MultiPolygon", "coordinates": [[[[303250.2149, 2771829.3967], [303250.5529, 2771799.4295], [303250.3235, 2771799.4131], [303250.0443, 2771799.4375], [303249.7737, 2771799.5099], [303249.5197, 2771799.6285], [303249.3499, 2771799.7413], [303249.2899, 2771799.7893], [303249.0917, 2771799.9875], [303248.9311, 2771800.2171], [303248.8127, 2771800.4711], [303248.7401, 2771800.7417], [303248.7157, 2771801.0209], [303248.7403, 2771801.3001], [303248.7489, 2771801.3453], [303248.4291, 2771827.9247], [303248.4509, 2771828.1207], [303248.5215, 2771828.3841], [303248.6367, 2771828.6311], [303248.7931, 2771828.8543], [303248.9869, 2771829.0481], [303249.2091, 2771829.2035], [303249.4561, 2771829.3185], [303249.7193, 2771829.3891], [303249.9909, 2771829.4129], [303250.2149, 2771829.3967]]]]}, "geometry_name": "the_geom", "properties": {"項次": "261", "名稱": "新生北路二段", "面積": "52.73615162", "體積": "false", "圖形": "面"}, "bbox": [303248.4291, 2771799.4131, 303250.5529, 2771829.4129]}, {"type": "Feature", "id": "J0201-5.262", "geometry": {"type": "MultiPolygon", "coordinates": [[[[303250.1489, 2771861.6267], [303250.1005, 2771834.5181], [303250.0815, 2771834.5147], [303249.7963, 2771834.4897], [303249.5111, 2771834.5147], [303249.2343, 2771834.5889], [303248.9749, 2771834.7099], [303248.7403, 2771834.8741], [303248.7263, 2771834.8859], [303248.5379, 2771835.0765], [303248.3737, 2771835.3111], [303248.2525, 2771835.5707], [303248.1785, 2771835.8473], [303248.1597, 2771835.9899], [303248.2539, 2771860.3403], [303248.2719, 2771860.5405], [303248.3249, 2771860.7391], [303248.4117, 2771860.9253], [303248.5299, 2771861.0937], [303248.5649, 2771861.1337], [303248.6753, 2771861.2393], [303248.8437, 2771861.3571], [303249.0301, 2771861.4441], [303249.2287, 2771861.4973], [303249.3293, 2771861.5105], [303250.1489, 2771861.6267]]]]}, "geometry_name": "the_geom", "properties": {"項次": "262", "名稱": "新生北路二段", "面積": "51.00166337", "體積": "false", "圖形": "面"}, "bbox": [303248.1597, 2771834.4897, 303250.1489, 2771861.6267]}, {"type": "Feature", "id": "J0201-5.263", "geometry": {"type": "MultiPolygon", "coordinates": [[[[303250.4479, 2771903.0667], [303250.1029, 2771872.1431], [303249.9369, 2771869.6129], [303249.8573, 2771869.6403], [303249.4939, 2771869.8099], [303249.1653, 2771870.0397], [303248.8819, 2771870.3233], [303248.8457, 2771870.3677], [303248.6515, 2771870.6523], [303248.4821, 2771871.0157], [303248.3783, 2771871.4029], [303248.3447, 2771871.7213], [303248.5589, 2771901.0319], [303248.6631, 2771901.3955], [303248.8623, 2771901.8225], [303249.1325, 2771902.2087], [303249.2159, 2771902.3033], [303249.4657, 2771902.5419], [303249.8519, 2771902.8121], [303250.2789, 2771903.0113], [303250.4479, 2771903.0667]]]]}, "geometry_name": "the_geom", "properties": {"項次": "263", "名稱": "新生北路二段", "面積": "58.20613917", "體積": "false", "圖形": "面"}, "bbox": [303248.3447, 2771869.6129, 303250.4479, 2771903.0667]}, {"type": "Feature", "id": "J0201-5.264", "geometry": {"type": "MultiPolygon", "coordinates": [[[[303251.1371, 2771792.2539], [303251.4533, 2771786.3057], [303251.5227, 2771782.3745], [303251.7557, 2771761.2537], [303251.5787, 2771761.2087], [303251.3659, 2771761.1901], [303251.1533, 2771761.2087], [303250.9471, 2771761.2639], [303250.7535, 2771761.3541], [303250.6419, 2771761.4271], [303250.5783, 2771761.4769], [303250.4273, 2771761.6279], [303250.3047, 2771761.8029], [303250.2145, 2771761.9963], [303250.1595, 2771762.2027], [303250.1407, 2771762.4153], [303250.1513, 2771762.5767], [303249.9843, 2771782.6389], [303249.8757, 2771786.4467], [303249.7223, 2771789.8609], [303249.6199, 2771790.5251], [303249.6205, 2771790.5761], [303249.6427, 2771790.8001], [303249.7099, 2771791.0505], [303249.7521, 2771791.1543], [303249.8955, 2771791.4339], [303250.1075, 2771791.7543], [303250.2395, 2771791.9063], [303250.4471, 2771792.0783], [303250.5019, 2771792.1125], [303250.7249, 2771792.2033], [303251.1285, 2771792.2539], [303251.1371, 2771792.2539]]]]}, "geometry_name": "the_geom", "properties": {"項次": "264", "名稱": "新生北路二段", "面積": "47.62015092", "體積": "false", "圖形": "面"}, "bbox": [303249.6199, 2771761.1901, 303251.7557, 2771792.2539]}, {"type": "Feature", "id": "J0201-5.265", "geometry": {"type": "MultiPolygon", "coordinates": [[[[303252.9387, 2771757.2491], [303257.4229, 2771718.8113], [303257.8123, 2771714.1247], [303257.7745, 2771714.1175], [303257.5553, 2771714.0983], [303257.3361, 2771714.1175], [303257.1237, 2771714.1743], [303257.0805, 2771714.1911], [303256.9243, 2771714.2673], [303256.7441, 2771714.3935], [303256.5885, 2771714.5491], [303256.4623, 2771714.7293], [303256.3693, 2771714.9287], [303256.3207, 2771715.0983], [303251.2621, 2771752.7861], [303251.1591, 2771753.1857], [303251.0681, 2771753.8177], [303251.1221, 2771754.6207], [303251.3545, 2771755.4519], [303251.4629, 2771755.7363], [303251.6527, 2771756.1445], [303251.6937, 2771756.2195], [303251.8801, 2771756.4855], [303252.0935, 2771756.7015], [303252.9387, 2771757.2491]]]]}, "geometry_name": "the_geom", "properties": {"項次": "265", "名稱": "新生北路二段", "面積": "78.97489617", "體積": "false", "圖形": "面"}, "bbox": [303251.0681, 2771714.0983, 303257.8123, 2771757.2491]}, {"type": "Feature", "id": "J0201-5.266", "geometry": {"type": "MultiPolygon", "coordinates": [[[[303254.4447, 2771972.1619], [303254.4773, 2771970.4983], [303252.2995, 2771970.5521], [303252.1969, 2771970.5503], [303251.6637, 2771970.5971], [303251.1469, 2771970.7355], [303250.6869, 2771970.9473], [303250.4341, 2771971.2003], [303250.2279, 2771971.4951], [303250.0755, 2771971.8215], [303249.9823, 2771972.1691], [303249.9513, 2771972.5277], [303249.9543, 2771972.6405], [303250.2407, 2772009.6711], [303252.1245, 2772009.6967], [303251.8099, 2771975.6005], [303254.3989, 2771972.7855], [303254.4447, 2771972.1619]]]]}, "geometry_name": "the_geom", "properties": {"項次": "266", "名稱": "新生北路二段", "面積": "0.0", "體積": "false", "圖形": "面"}, "bbox": [303249.9513, 2771970.4983, 303254.4773, 2772009.6967]}, {"type": "Feature", "id": "J0201-5.267", "geometry": {"type": "MultiPolygon", "coordinates": [[[[303253.9567, 2772138.4461], [303253.9311, 2772120.3035], [303252.4889, 2772120.2909], [303252.4837, 2772120.2909], [303252.3783, 2772120.3001], [303252.2757, 2772120.3277], [303252.1795, 2772120.3725], [303252.0927, 2772120.4333], [303252.0249, 2772120.5001], [303252.0177, 2772120.5083], [303251.9569, 2772120.5953], [303251.9121, 2772120.6915], [303251.8847, 2772120.7939], [303251.8753, 2772120.8995], [303251.8819, 2772120.9885], [303252.0807, 2772138.5555], [303253.9567, 2772138.4461]]]]}, "geometry_name": "the_geom", "properties": {"項次": "267", "名稱": "新生北路二段", "面積": "0.5", "體積": "false", "圖形": "面"}, "bbox": [303251.8753, 2772120.2909, 303253.9567, 2772138.5555]}, {"type": "Feature", "id": "J0201-5.268", "geometry": {"type": "MultiPolygon", "coordinates": [[[[303255.3579, 2771955.1429], [303255.3745, 2771952.4131], [303251.0535, 2771948.0777], [303250.3751, 2771908.2491], [303250.1919, 2771908.2365], [303249.9597, 2771908.2569], [303249.7347, 2771908.3171], [303249.5235, 2771908.4157], [303249.3327, 2771908.5493], [303249.2691, 2771908.6063], [303249.1683, 2771908.7137], [303249.0345, 2771908.9047], [303248.9361, 2771909.1157], [303248.8759, 2771909.3407], [303248.8555, 2771909.5729], [303248.8759, 2771909.8049], [303248.9205, 2771909.9843], [303249.4363, 2771948.2363], [303249.5099, 2771953.1853], [303249.5057, 2771953.2069], [303249.4797, 2771953.5075], [303249.5059, 2771953.8081], [303249.5839, 2771954.0993], [303249.7115, 2771954.3729], [303249.8845, 2771954.6197], [303250.0045, 2771954.7489], [303250.0977, 2771954.8329], [303250.3449, 2771955.0061], [303250.6183, 2771955.1337], [303250.9097, 2771955.2115], [303250.9855, 2771955.2233], [303255.3579, 2771955.1429]]]]}, "geometry_name": "the_geom", "properties": {"項次": "268", "名稱": "新生北路二段", "面積": "93.35355804", "體積": "false", "圖形": "面"}, "bbox": [303248.8555, 2771908.2365, 303255.3745, 2771955.2233]}, {"type": "Feature", "id": "J0201-5.269", "geometry": {"type": "MultiPolygon", "coordinates": [[[[303254.6895, 2772175.7305], [303254.2391, 2772147.3095], [303252.1165, 2772147.4389], [303252.5069, 2772174.6935], [303252.5223, 2772174.8553], [303252.5681, 2772175.0267], [303252.6431, 2772175.1875], [303252.7449, 2772175.3327], [303252.8707, 2772175.4585], [303253.0159, 2772175.5603], [303253.1767, 2772175.6351], [303253.3321, 2772175.6783], [303254.6895, 2772175.7305]]]]}, "geometry_name": "the_geom", "properties": {"項次": "269", "名稱": "新生北路二段", "面積": "0.0", "體積": "false", "圖形": "面"}, "bbox": [303252.1165, 2772147.3095, 303254.6895, 2772175.7305]}, {"type": "Feature", "id": "J0201-5.270", "geometry": {"type": "MultiPolygon", "coordinates": [[[[303255.3495, 2772241.1103], [303254.4729, 2772182.3607], [303254.2281, 2772182.4351], [303253.8555, 2772182.6089], [303253.5189, 2772182.8445], [303253.2283, 2772183.1351], [303253.2159, 2772183.1501], [303252.9923, 2772183.4721], [303252.8187, 2772183.8447], [303252.7123, 2772184.2417], [303252.6763, 2772184.6511], [303252.6765, 2772184.6763], [303253.3899, 2772239.7767], [303253.4017, 2772239.8101], [303253.5475, 2772240.1229], [303253.7455, 2772240.4053], [303253.9893, 2772240.6495], [303254.2721, 2772240.8473], [303254.3031, 2772240.8649], [303254.5843, 2772240.9929], [303254.9175, 2772241.0823], [303255.2613, 2772241.1121], [303255.3495, 2772241.1103]]]]}, "geometry_name": "the_geom", "properties": {"項次": "270", "名稱": "新生北路二段", "面積": "0.0", "體積": "false", "圖形": "面"}, "bbox": [303252.6763, 2772182.3607, 303255.3495, 2772241.1121]}, {"type": "Feature", "id": "J0201-5.271", "geometry": {"type": "MultiPolygon", "coordinates": [[[[303260.9109, 2772298.9079], [303260.9177, 2772296.3155], [303258.1033, 2772293.5347], [303258.0265, 2772291.9889], [303256.0195, 2772290.4123], [303255.2741, 2772246.3629], [303255.0549, 2772246.3887], [303254.7295, 2772246.4759], [303254.4241, 2772246.6183], [303254.1483, 2772246.8115], [303254.0977, 2772246.8553], [303253.9099, 2772247.0499], [303253.7167, 2772247.3257], [303253.5743, 2772247.6311], [303253.4871, 2772247.9565], [303253.4577, 2772248.2921], [303253.4871, 2772248.6275], [303253.4981, 2772248.6851], [303254.0559, 2772290.9523], [303254.1771, 2772293.4411], [303254.2829, 2772294.3951], [303254.4271, 2772295.0027], [303254.7343, 2772295.7241], [303254.9191, 2772296.0087], [303256.1277, 2772297.4361], [303256.2899, 2772297.5883], [303256.8355, 2772297.9579], [303257.8223, 2772298.3921], [303258.8933, 2772298.7323], [303259.0403, 2772298.7707], [303259.4533, 2772298.8509], [303260.1403, 2772298.9195], [303260.9109, 2772298.9079]]]]}, "geometry_name": "the_geom", "properties": {"項次": "271", "名稱": "新生北路二段", "面積": "2.11", "體積": "false", "圖形": "面"}, "bbox": [303253.4577, 2772246.3629, 303260.9177, 2772298.9195]}, {"type": "Feature", "id": "J0201-5.272", "geometry": {"type": "MultiPolygon", "coordinates": [[[[303261.3725, 2772317.6513], [303261.3793, 2772320.3839], [303352.9391, 2772319.3735], [303356.6309, 2772322.8479], [303356.6635, 2772318.8497], [303356.6207, 2772318.4053], [303356.4923, 2772317.9261], [303356.2827, 2772317.4765], [303356.0693, 2772317.1585], [303355.9985, 2772317.0707], [303355.6477, 2772316.7199], [303355.2415, 2772316.4353], [303354.7919, 2772316.2257], [303354.6653, 2772316.1831], [303261.6235, 2772317.6383], [303261.3725, 2772317.6513]]]]}, "geometry_name": "the_geom", "properties": {"項次": "272", "名稱": "民生東路二段", "面積": "287.2029013", "體積": "false", "圖形": "面"}, "bbox": [303261.3725, 2772316.1831, 303356.6635, 2772322.8479]}, {"type": "Feature", "id": "J0201-5.273", "geometry": {"type": "MultiPolygon", "coordinates": [[[[303270.3405, 2771670.8857], [303262.8194, 2771670.9109], [303262.6345, 2771671.0959], [303262.4581, 2771671.3433], [303262.1157, 2771676.5795], [303261.9037, 2771677.7093], [303261.7123, 2771678.2139], [303261.4281, 2771678.7561], [303257.7675, 2771703.1475], [303257.6843, 2771703.4829], [303257.6461, 2771703.9209], [303257.6519, 2771704.0957], [303257.6621, 2771704.1785], [303257.6983, 2771704.3127], [303257.7569, 2771704.4387], [303257.8367, 2771704.5527], [303257.8659, 2771704.5857], [303258.2475, 2771704.9479], [303259.0727, 2771705.6073], [303259.9095, 2771706.1701], [303260.0623, 2771706.2597], [303260.9201, 2771706.7103], [303261.4605, 2771705.6591], [303260.3841, 2771704.3431], [303259.7439, 2771703.5595], [303263.4019, 2771679.0403], [303263.0471, 2771678.9509], [303263.3497, 2771677.0455], [303270.3405, 2771670.8857]]]]}, "geometry_name": "the_geom", "properties": {"項次": "273", "名稱": "新生北路二段", "面積": "87.09317385", "體積": "false", "圖形": "面"}, "bbox": [303257.6461, 2771670.8857, 303270.3405, 2771706.7103]}, {"type": "Feature", "id": "J0201-5.274", "geometry": {"type": "MultiPolygon", "coordinates": [[[[303276.1381, 2771469.5889], [303269.1577, 2771466.5979], [303252.1121, 2771515.6783], [303257.8941, 2771517.6953], [303258.8221, 2771516.8799], [303276.1381, 2771469.5889]]]]}, "geometry_name": "the_geom", "properties": {"項次": "274", "名稱": "新生北路一段", "面積": "369.1500741", "體積": "false", "圖形": "面"}, "bbox": [303252.1121, 2771466.5979, 303276.1381, 2771517.6953]}, {"type": "Feature", "id": "J0201-5.275", "geometry": {"type": "MultiPolygon", "coordinates": [[[[303277.3971, 2771223.2271], [303274.4763, 2771228.1332], [303204.9346, 2771245.5353], [303179.6655, 2771251.8908], [303179.6246, 2771251.7412], [303145.7544, 2771260.2207], [303116.3472, 2771267.5552], [303112.1424, 2771265.0172], [303112.0115, 2771265.0289], [303112.7206, 2771268.494], [303113.0724, 2771268.804], [303113.4686, 2771269.0549], [303113.8994, 2771269.2402], [303114.2749, 2771269.3408], [303114.6603, 2771269.3915], [303115.049, 2771269.3915], [303115.4345, 2771269.3407], [303117.2783, 2771268.8811], [303146.1477, 2771261.7435], [303160.6291, 2771258.1449], [303179.6365, 2771253.3257], [303205.0982, 2771246.9783], [303274.876, 2771229.5925], [303276.9953, 2771229.0123], [303277.4782, 2771228.9432], [303277.9479, 2771228.8112], [303278.3213, 2771228.6449], [303278.664, 2771228.422], [303279.0166, 2771228.123], [303279.3392, 2771227.7917], [303279.56, 2771227.5088], [303279.7443, 2771227.2009], [303279.828, 2771227.0017], [303279.879, 2771226.7918], [303279.8959, 2771226.5764], [303279.8567, 2771226.134], [303279.7418, 2771225.705], [303278.8919, 2771222.8473], [303277.3971, 2771223.2271]]]]}, "geometry_name": "the_geom", "properties": {"項次": "275", "名稱": "長安東路二段", "面積": "277.5426812", "體積": "false", "圖形": "面"}, "bbox": [303112.0115, 2771222.8473, 303279.8959, 2771269.3915]}, {"type": "Feature", "id": "J0201-5.281", "geometry": {"type": "MultiPolygon", "coordinates": [[[[303298.2169, 2771246.1465], [303301.0149, 2771242.0617], [303302.6569, 2771241.6365], [303384.6203, 2771221.1203], [303387.2239, 2771222.7957], [303386.3139, 2771219.3301], [303385.8373, 2771219.3259], [303298.6059, 2771241.1959], [303298.2617, 2771241.2991], [303297.7717, 2771241.5275], [303297.3289, 2771241.8377], [303296.9467, 2771242.2199], [303296.6645, 2771242.6155], [303296.6365, 2771242.6631], [303296.4079, 2771243.1531], [303296.2681, 2771243.6753], [303296.2211, 2771244.1777], [303296.6889, 2771246.5545], [303298.2169, 2771246.1465]]]]}, "geometry_name": "the_geom", "properties": {"項次": "281", "名稱": "長安東路一段", "面積": "145.0186961", "體積": "false", "圖形": "面"}, "bbox": [303296.2211, 2771219.3259, 303387.2239, 2771246.5545]}, {"type": "Feature", "id": "J0201-5.283", "geometry": {"type": "MultiPolygon", "coordinates": [[[[303323.357, 2769443.8106], [303325.3405, 2769443.4559], [303320.817, 2769417.1406], [303318.7532, 2769417.1406], [303323.357, 2769443.8106]]]]}, "geometry_name": "the_geom", "properties": {"項次": "283", "名稱": "金華街", "面積": "54.4212145", "體積": "false", "圖形": "面"}, "bbox": [303318.7532, 2769417.1406, 303325.3405, 2769443.8106]}, {"type": "Feature", "id": "J0201-5.284", "geometry": {"type": "MultiPolygon", "coordinates": [[[[303324.1507, 2769447.4619], [303366.5371, 2769440.0006], [303370.8233, 2769442.8581], [303372.5696, 2769443.0169], [303372.5696, 2769440.0006], [303366.8546, 2769436.0318], [303323.357, 2769443.8106], [303324.1507, 2769447.4619]]]]}, "geometry_name": "the_geom", "properties": {"項次": "284", "名稱": "麗水街14巷", "面積": "188.6490107", "體積": "false", "圖形": "面"}, "bbox": [303323.357, 2769436.0318, 303372.5696, 2769447.4619]}, {"type": "Feature", "id": "J0201-5.285", "geometry": {"type": "MultiPolygon", "coordinates": [[[[303317.5333, 2771487.4183], [303318.3815, 2771483.5953], [303317.2241, 2771483.8319], [303316.8939, 2771483.9359], [303316.2753, 2771484.2243], [303315.8949, 2771484.4747], [303315.7627, 2771484.5735], [303313.7175, 2771486.3063], [303313.6107, 2771486.4103], [303312.8397, 2771487.3721], [303312.2881, 2771488.2875], [303311.3825, 2771489.9261], [303310.8143, 2771491.1401], [303310.1293, 2771493.0275], [303296.5999, 2771530.3509], [303296.6365, 2771530.6643], [303296.7591, 2771531.1211], [303296.9589, 2771531.5497], [303297.1633, 2771531.8541], [303297.2305, 2771531.9377], [303297.5651, 2771532.2721], [303297.9525, 2771532.5435], [303298.0697, 2771532.6075], [303312.4161, 2771492.8921], [303314.0393, 2771489.0751], [303315.4205, 2771488.9651], [303317.5333, 2771487.4183]]]]}, "geometry_name": "the_geom", "properties": {"項次": "285", "名稱": "新生北路一段", "面積": "0.0", "體積": "false", "圖形": "面"}, "bbox": [303296.5999, 2771483.5953, 303318.3815, 2771532.6075]}, {"type": "Feature", "id": "J0201-5.292", "geometry": {"type": "MultiPolygon", "coordinates": [[[[303484.7563, 2772321.0935], [303486.0835, 2772321.1029], [303485.8789, 2772319.7277], [303485.6883, 2772318.9739], [303485.4379, 2772318.2283], [303484.7511, 2772316.5859], [303484.3109, 2772315.7673], [303484.1757, 2772315.5807], [303483.9741, 2772315.3793], [303483.7685, 2772315.2321], [303483.0603, 2772314.8743], [303482.5147, 2772314.6827], [303447.9789, 2772314.9529], [303370.9713, 2772316.0603], [303370.2579, 2772316.0527], [303370.0527, 2772316.0745], [303369.6929, 2772316.1503], [303369.0485, 2772316.3733], [303368.4287, 2772316.6749], [303368.4097, 2772316.6859], [303368.0983, 2772316.9039], [303367.8301, 2772317.1721], [303367.7875, 2772317.2247], [303367.6307, 2772317.4561], [303367.4871, 2772317.7639], [303367.4531, 2772317.8657], [303366.9881, 2772319.8661], [303366.8991, 2772320.9571], [303366.9039, 2772321.2119], [303367.0011, 2772322.2467], [303367.0989, 2772322.7865], [303368.0715, 2772322.7375], [303367.9675, 2772320.9417], [303369.2181, 2772319.6207], [303371.2981, 2772319.3403], [303448.0437, 2772317.9451], [303480.8413, 2772317.3107], [303484.7563, 2772321.0935]]]]}, "geometry_name": "the_geom", "properties": {"項次": "292", "名稱": "民生東路二段", "面積": "369.1002163", "體積": "false", "圖形": "面"}, "bbox": [303366.8991, 2772314.6827, 303486.0835, 2772322.7865]}, {"type": "Feature", "id": "J0201-5.293", "geometry": {"type": "MultiPolygon", "coordinates": [[[[303484.4689, 2772574.1673], [303488.1009, 2772577.6335], [303489.0707, 2772655.2153], [303488.1117, 2772659.0323], [303488.3949, 2772658.9933], [303489.0323, 2772658.8225], [303489.4935, 2772658.6189], [303489.6297, 2772658.5439], [303490.1701, 2772658.1655], [303490.6365, 2772657.6991], [303490.7859, 2772657.5089], [303489.6495, 2772579.1303], [303490.0331, 2772577.6907], [303490.0525, 2772577.2739], [303489.9173, 2772576.1821], [303489.4499, 2772575.6497], [303487.8477, 2772574.5397], [303487.4569, 2772574.3803], [303486.5377, 2772574.1341], [303485.5899, 2772574.0511], [303484.6419, 2772574.1341], [303484.4689, 2772574.1673]]]]}, "geometry_name": "the_geom", "properties": {"項次": "293", "名稱": "吉林路", "面積": "142.0991248", "體積": "false", "圖形": "面"}, "bbox": [303484.4689, 2772574.0511, 303490.7859, 2772659.0323]}, {"type": "Feature", "id": "J0201-5.294", "geometry": {"type": "MultiPolygon", "coordinates": [[[[303489.1533, 2771398.7131], [303490.1047, 2771467.5644], [303492.1039, 2771467.2705], [303491.4487, 2771420.2901], [303491.1327, 2771397.6359], [303490.1937, 2771397.6405], [303490.0173, 2771397.6563], [303489.8411, 2771397.7035], [303489.6759, 2771397.7805], [303489.5263, 2771397.8851], [303489.4481, 2771397.9583], [303489.3975, 2771398.0141], [303489.2931, 2771398.1635], [303489.2157, 2771398.3287], [303489.1687, 2771398.5047], [303489.1529, 2771398.6865], [303489.1533, 2771398.7131]]]]}, "geometry_name": "the_geom", "properties": {"項次": "294", "名稱": "吉林路", "面積": "139.226388", "體積": "false", "圖形": "面"}, "bbox": [303489.1529, 2771397.6359, 303492.1039, 2771467.5644]}, {"type": "Feature", "id": "J0201-5.295", "geometry": {"type": "MultiPolygon", "coordinates": [[[[303491.0369, 2771390.7767], [303490.5003, 2771352.3143], [303490.0153, 2771317.5641], [303492.3013, 2771315.2249], [303489.4691, 2771315.2627], [303489.2389, 2771315.2845], [303488.9969, 2771315.3495], [303488.7699, 2771315.4553], [303488.5647, 2771315.5989], [303488.4955, 2771315.6611], [303488.3875, 2771315.7763], [303488.2437, 2771315.9815], [303488.1379, 2771316.2085], [303488.0731, 2771316.4505], [303488.0537, 2771316.6155], [303488.2793, 2771327.0403], [303488.9999, 2771389.5863], [303489.0185, 2771389.7859], [303489.0741, 2771389.9935], [303489.1651, 2771390.1883], [303489.2883, 2771390.3643], [303489.4335, 2771390.5105], [303489.4405, 2771390.5165], [303489.6165, 2771390.6397], [303489.8113, 2771390.7305], [303490.0189, 2771390.7861], [303490.2329, 2771390.8049], [303490.4149, 2771390.7915], [303491.0369, 2771390.7767]]]]}, "geometry_name": "the_geom", "properties": {"項次": "295", "名稱": "吉林路", "面積": "148.4861925", "體積": "false", "圖形": "面"}, "bbox": [303488.0537, 2771315.2249, 303492.3013, 2771390.8049]}, {"type": "Feature", "id": "J0201-5.296", "geometry": {"type": "MultiPolygon", "coordinates": [[[[303491.4487, 2771420.2901], [303492.1039, 2771467.2705], [303495.2067, 2771466.8144], [303494.2467, 2771397.6203], [303491.1327, 2771397.6359], [303491.4487, 2771420.2901]]]]}, "geometry_name": "the_geom", "properties": {"項次": "296", "名稱": "吉林路", "面積": "215.993915", "體積": "false", "圖形": "面"}, "bbox": [303491.1327, 2771397.6203, 303495.2067, 2771467.2705]}, {"type": "Feature", "id": "J0201-5.297", "geometry": {"type": "MultiPolygon", "coordinates": [[[[303492.3013, 2771315.2249], [303490.0153, 2771317.5641], [303490.5003, 2771352.3143], [303491.0369, 2771390.7767], [303494.1531, 2771390.7025], [303493.2573, 2771326.7253], [303493.1563, 2771315.2135], [303492.3013, 2771315.2249]]]]}, "geometry_name": "the_geom", "properties": {"項次": "297", "名稱": "吉林路", "面積": "232.8955048", "體積": "false", "圖形": "面"}, "bbox": [303490.0153, 2771315.2135, 303494.1531, 2771390.7767]}, {"type": "Feature", "id": "J0201-5.298", "geometry": {"type": "MultiPolygon", "coordinates": [[[[303491.2361, 2772791.0227], [303492.6219, 2772791.0525], [303492.5011, 2772777.6081], [303492.2025, 2772755.5587], [303490.9149, 2772755.0255], [303490.2017, 2772754.8261], [303488.1721, 2772754.5913], [303487.1785, 2772754.6471], [303487.2213, 2772755.2099], [303490.5813, 2772758.4009], [303490.8659, 2772777.5893], [303491.2361, 2772791.0227]]]]}, "geometry_name": "the_geom", "properties": {"項次": "298", "名稱": "吉林路", "面積": "64.19596991", "體積": "false", "圖形": "面"}, "bbox": [303487.1785, 2772754.5913, 303492.6219, 2772791.0525]}, {"type": "Feature", "id": "J0201-5.299", "geometry": {"type": "MultiPolygon", "coordinates": [[[[303491.5867, 2772718.2231], [303490.7701, 2772666.9803], [303487.1231, 2772666.2299], [303486.2907, 2772666.0585], [303486.3813, 2772666.9239], [303486.9575, 2772667.5069], [303489.3185, 2772669.8961], [303489.8827, 2772718.1207], [303490.3221, 2772743.2071], [303486.8649, 2772747.0659], [303490.2665, 2772746.7957], [303490.3177, 2772746.7965], [303490.6191, 2772746.7701], [303490.9115, 2772746.6917], [303491.1857, 2772746.5639], [303491.2261, 2772746.5399], [303491.4335, 2772746.3903], [303491.6473, 2772746.1765], [303491.8209, 2772745.9287], [303491.9489, 2772745.6543], [303492.0115, 2772745.4401], [303491.5867, 2772718.2231]]]]}, "geometry_name": "the_geom", "properties": {"項次": "299", "名稱": "吉林路", "面積": "141.4233248", "體積": "false", "圖形": "面"}, "bbox": [303486.2907, 2772666.0585, 303492.0115, 2772747.0659]}, {"type": "Feature", "id": "J0201-5.303", "geometry": {"type": "MultiPolygon", "coordinates": [[[[303511.1061, 2772792.5247], [303510.6651, 2772753.9291], [303509.1587, 2772754.4299], [303509.6645, 2772792.5253], [303511.1061, 2772792.5247]]]]}, "geometry_name": "the_geom", "properties": {"項次": "303", "名稱": "吉林路", "面積": "56.63994838", "體積": "false", "圖形": "面"}, "bbox": [303509.1587, 2772753.9291, 303511.1061, 2772792.5253]}, {"type": "Feature", "id": "J0201-5.304", "geometry": {"type": "MultiPolygon", "coordinates": [[[[303512.3687, 2772665.9353], [303512.3595, 2772665.1201], [303509.6827, 2772665.3881], [303509.3845, 2772665.4221], [303508.9685, 2772665.5339], [303508.5781, 2772665.7159], [303508.3115, 2772665.8937], [303508.2189, 2772665.9921], [303508.0991, 2772666.1635], [303508.0107, 2772666.3527], [303507.9567, 2772666.5547], [303507.9385, 2772666.7631], [303507.9385, 2772666.7791], [303509.0029, 2772745.0101], [303509.0267, 2772745.0775], [303509.2603, 2772745.5789], [303509.5775, 2772746.0321], [303509.9689, 2772746.4233], [303510.0009, 2772746.4497], [303510.4219, 2772746.7405], [303510.9233, 2772746.9743], [303511.0479, 2772747.0167], [303513.4589, 2772747.1415], [303513.9005, 2772746.1873], [303510.6279, 2772742.7401], [303510.4687, 2772742.6567], [303510.4803, 2772742.0267], [303510.4853, 2772742.0267], [303510.5321, 2772739.4897], [303510.4745, 2772739.4449], [303510.4237, 2772732.7237], [303509.6019, 2772669.0419], [303512.3687, 2772665.9353]]]]}, "geometry_name": "the_geom", "properties": {"項次": "304", "名稱": "吉林路", "面積": "143.7974281", "體積": "false", "圖形": "面"}, "bbox": [303507.9385, 2772665.1201, 303513.9005, 2772747.1415]}, {"type": "Feature", "id": "J0201-5.305", "geometry": {"type": "MultiPolygon", "coordinates": [[[[303512.5715, 2772657.3179], [303510.0115, 2772657.3433], [303510.0069, 2772657.3433], [303509.9283, 2772657.3365], [303509.8519, 2772657.3159], [303509.7803, 2772657.2825], [303509.7155, 2772657.2373], [303509.6597, 2772657.1815], [303509.6143, 2772657.1167], [303509.5847, 2772657.0549], [303509.5811, 2772657.0453], [303509.5607, 2772656.9689], [303509.5537, 2772656.8903], [303509.5607, 2772656.8115], [303509.5811, 2772656.7351], [303509.6145, 2772656.6635], [303509.6599, 2772656.5987], [303509.7035, 2772656.5535], [303509.6125, 2772654.6303], [303509.3329, 2772654.6077], [303508.1089, 2772573.6117], [303508.0809, 2772573.6113], [303507.8181, 2772573.6343], [303507.5635, 2772573.7027], [303507.3243, 2772573.8141], [303507.1083, 2772573.9653], [303506.9699, 2772574.0973], [303506.9217, 2772574.1521], [303506.7703, 2772574.3681], [303506.6589, 2772574.6071], [303506.5905, 2772574.8619], [303506.5675, 2772575.1247], [303506.5685, 2772575.1785], [303507.6331, 2772657.2957], [303508.3153, 2772657.6331], [303508.6775, 2772657.7509], [303509.5089, 2772657.8837], [303512.5079, 2772657.9459], [303512.5715, 2772657.3179]]]]}, "geometry_name": "the_geom", "properties": {"項次": "305", "名稱": "吉林路", "面積": "140.8697043", "體積": "false", "圖形": "面"}, "bbox": [303506.5675, 2772573.6113, 303512.5715, 2772657.9459]}, {"type": "Feature", "id": "J0201-5.306", "geometry": {"type": "MultiPolygon", "coordinates": [[[[303617.6226, 2771711.1611], [303620.0404, 2771713.8315], [303620.296, 2771744.0803], [303620.504, 2771744.0927], [303620.8102, 2771744.0659], [303621.1072, 2771743.9863], [303621.3858, 2771743.8565], [303621.6008, 2771743.7099], [303621.6378, 2771743.6799], [303621.8552, 2771743.4625], [303622.0314, 2771743.2105], [303622.1614, 2771742.9321], [303622.241, 2771742.6351], [303622.2678, 2771742.3289], [303622.2552, 2771742.1191], [303622.0116, 2771712.7773], [303621.9912, 2771712.5551], [303621.9306, 2771712.3287], [303621.8316, 2771712.1163], [303621.697, 2771711.9243], [303621.6598, 2771711.8817], [303621.5312, 2771711.7585], [303621.3392, 2771711.6237], [303621.1268, 2771711.5247], [303620.9004, 2771711.4641], [303620.7996, 2771711.4503], [303617.6226, 2771711.1611]]]]}, "geometry_name": "the_geom", "properties": {"項次": "306", "名稱": "一江街", "面積": "66.47567224", "體積": "false", "圖形": "面"}, "bbox": [303617.6226, 2771711.1611, 303622.2678, 2771744.0927]}, {"type": "Feature", "id": "J0201-5.307", "geometry": {"type": "MultiPolygon", "coordinates": [[[[303617.5758, 2771865.1425], [303620.3906, 2771865.0467], [303620.4836, 2771865.0481], [303620.9456, 2771865.0077], [303621.3936, 2771864.8877], [303621.814, 2771864.6917], [303621.8942, 2771864.6435], [303622.1942, 2771864.4255], [303622.5222, 2771864.0975], [303622.7882, 2771863.7177], [303622.925, 2771863.4457], [303622.7878, 2771834.4941], [303622.8168, 2771834.3547], [303622.8522, 2771833.9515], [303622.8168, 2771833.5481], [303622.7122, 2771833.1571], [303622.541, 2771832.7903], [303622.3088, 2771832.4587], [303622.2564, 2771832.3983], [303622.0226, 2771832.1725], [303621.691, 2771831.9403], [303621.3242, 2771831.7693], [303620.9332, 2771831.6645], [303620.53, 2771831.6291], [303620.1266, 2771831.6645], [303620.0582, 2771831.6775], [303617.437, 2771831.5595], [303617.4146, 2771831.9907], [303620.7806, 2771835.6673], [303620.9094, 2771860.8119], [303618.2796, 2771864.7449], [303617.5958, 2771864.7469], [303617.5758, 2771865.1425]]]]}, "geometry_name": "the_geom", "properties": {"項次": "307", "名稱": "一江街", "面積": "78.73031242", "體積": "false", "圖形": "面"}, "bbox": [303617.4146, 2771831.5595, 303622.925, 2771865.1425]}, {"type": "Feature", "id": "J0201-5.308", "geometry": {"type": "MultiPolygon", "coordinates": [[[[303618.0066, 2771947.3507], [303617.9968, 2771949.7039], [303620.3072, 2771949.7357], [303622.193, 2771949.5491], [303622.3106, 2771949.5149], [303622.4562, 2771949.4471], [303622.5878, 2771949.3549], [303622.7012, 2771949.2415], [303622.7132, 2771949.2269], [303622.7932, 2771949.1103], [303622.861, 2771948.9647], [303622.9026, 2771948.8097], [303622.9166, 2771948.6497], [303622.9196, 2771911.1451], [303622.9898, 2771910.9913], [303623.0382, 2771910.8105], [303623.0544, 2771910.6243], [303623.0382, 2771910.4379], [303622.9898, 2771910.2573], [303622.919, 2771910.1025], [303622.9108, 2771910.0879], [303622.8036, 2771909.9347], [303622.6712, 2771909.8025], [303622.518, 2771909.6951], [303622.3486, 2771909.6161], [303622.1678, 2771909.5677], [303622.033, 2771909.5527], [303620.6266, 2771909.4853], [303617.7646, 2771909.4755], [303617.6972, 2771910.4661], [303618.547, 2771910.4353], [303620.935, 2771912.6195], [303620.9758, 2771943.7631], [303618.0066, 2771947.3507]]]]}, "geometry_name": "the_geom", "properties": {"項次": "308", "名稱": "一江街", "面積": "96.35832088", "體積": "false", "圖形": "面"}, "bbox": [303617.6972, 2771909.4755, 303623.0544, 2771949.7357]}, {"type": "Feature", "id": "J0201-5.309", "geometry": {"type": "MultiPolygon", "coordinates": [[[[303620.787, 2771873.4115], [303620.98, 2771901.3759], [303618.574, 2771903.8455], [303620.6082, 2771903.7621], [303620.8286, 2771903.7735], [303621.2044, 2771903.7405], [303621.5692, 2771903.6429], [303621.9114, 2771903.4833], [303622.2206, 2771903.2669], [303622.4082, 2771903.0889], [303622.4872, 2771902.9999], [303622.7036, 2771902.6907], [303622.8632, 2771902.3487], [303622.9608, 2771901.9841], [303622.9938, 2771901.6081], [303622.984, 2771901.4031], [303622.859, 2771873.0619], [303622.8624, 2771872.9361], [303622.8254, 2771872.5141], [303622.7158, 2771872.1047], [303622.5496, 2771871.7435], [303622.4262, 2771871.5765], [303622.2178, 2771871.3681], [303621.9764, 2771871.1991], [303621.7092, 2771871.0745], [303621.6498, 2771871.0541], [303617.214, 2771871.1745], [303620.787, 2771873.4115]]]]}, "geometry_name": "the_geom", "properties": {"項次": "309", "名稱": "一江街", "面積": "72.13972727", "體積": "false", "圖形": "面"}, "bbox": [303617.214, 2771871.0541, 303622.9938, 2771903.8455]}, {"type": "Feature", "id": "J0201-5.310", "geometry": {"type": "MultiPolygon", "coordinates": [[[[303621.7857, 2771668.7577], [303621.6616, 2771668.7582], [303616.1787, 2771668.7724], [303616.1604, 2771669.4845], [303616.0892, 2771672.2639], [303616.9516, 2771672.1801], [303617.3146, 2771705.3883], [303618.802, 2771705.1939], [303619.9744, 2771705.0403], [303620.464, 2771705.0695], [303620.56, 2771705.0723], [303620.8394, 2771705.0479], [303621.1102, 2771704.9753], [303621.3642, 2771704.8569], [303621.5012, 2771704.7683], [303621.5938, 2771704.6961], [303621.792, 2771704.4979], [303621.9528, 2771704.2683], [303622.0712, 2771704.0143], [303622.1138, 2771703.8789], [303621.7857, 2771668.7577]]]]}, "geometry_name": "the_geom", "properties": {"項次": "310", "名稱": "一江街", "面積": "178.4569537", "體積": "false", "圖形": "面"}, "bbox": [303616.0892, 2771668.7577, 303622.1138, 2771705.3883]}, {"type": "Feature", "id": "J0201-5.312", "geometry": {"type": "MultiPolygon", "coordinates": [[[[303636.4976, 2771743.7227], [303636.1268, 2771714.4595], [303638.583, 2771711.8381], [303638.5406, 2771710.5725], [303635.9682, 2771710.6203], [303635.7976, 2771710.6435], [303635.4226, 2771710.7441], [303635.0708, 2771710.9081], [303634.7528, 2771711.1307], [303634.6034, 2771711.2681], [303634.4784, 2771711.4053], [303634.2558, 2771711.7233], [303634.0918, 2771712.0751], [303633.9914, 2771712.4501], [303633.9576, 2771712.8369], [303633.9914, 2771713.2235], [303634.074, 2771713.5477], [303634.34, 2771742.3773], [303634.3994, 2771742.5745], [303634.5328, 2771742.8607], [303634.7138, 2771743.1193], [303634.937, 2771743.3425], [303635.1956, 2771743.5237], [303635.2388, 2771743.5477], [303635.4822, 2771743.6575], [303635.7872, 2771743.7391], [303636.1016, 2771743.7665], [303636.416, 2771743.7389], [303636.4976, 2771743.7227]]]]}, "geometry_name": "the_geom", "properties": {"項次": "312", "名稱": "一江街", "面積": "74.13415331", "體積": "false", "圖形": "面"}, "bbox": [303633.9576, 2771710.5725, 303638.583, 2771743.7665]}, {"type": "Feature", "id": "J0201-5.313", "geometry": {"type": "MultiPolygon", "coordinates": [[[[303636.8736, 2771870.6609], [303636.2914, 2771870.6883], [303635.8356, 2771870.7575], [303635.6704, 2771870.8409], [303635.4334, 2771871.0069], [303635.2288, 2771871.2115], [303635.0628, 2771871.4485], [303634.9404, 2771871.7107], [303634.9054, 2771871.8189], [303634.9088, 2771902.4007], [303634.9106, 2771902.4115], [303634.9962, 2771902.7303], [303635.1356, 2771903.0295], [303635.325, 2771903.2999], [303635.529, 2771903.5083], [303635.5582, 2771903.5331], [303635.8286, 2771903.7225], [303636.1278, 2771903.8619], [303636.4466, 2771903.9475], [303636.7754, 2771903.9761], [303636.887, 2771903.9729], [303639.5698, 2771903.9635], [303637.0112, 2771901.5381], [303636.8844, 2771873.0821], [303637.4512, 2771873.0269], [303638.8136, 2771871.7719], [303640.4238, 2771871.4693], [303640.4592, 2771870.6895], [303636.8736, 2771870.6609]]]]}, "geometry_name": "the_geom", "properties": {"項次": "313", "名稱": "一江街", "面積": "75.12289307", "體積": "false", "圖形": "面"}, "bbox": [303634.9054, 2771870.6609, 303640.4592, 2771903.9761]}, {"type": "Feature", "id": "J0201-5.314", "geometry": {"type": "MultiPolygon", "coordinates": [[[[303637.4356, 2771782.6257], [303638.0468, 2771782.5885], [303639.2444, 2771782.5161], [303636.508, 2771779.6979], [303636.3746, 2771749.0243], [303636.2888, 2771749.0225], [303635.9654, 2771749.0507], [303635.6516, 2771749.1347], [303635.3574, 2771749.2719], [303635.0914, 2771749.4583], [303634.8674, 2771749.6813], [303634.8618, 2771749.6881], [303634.6754, 2771749.9541], [303634.5382, 2771750.2483], [303634.4542, 2771750.5621], [303634.4258, 2771750.8855], [303634.4526, 2771751.1997], [303634.5382, 2771780.8747], [303634.568, 2771781.1897], [303634.6568, 2771781.5209], [303634.8016, 2771781.8317], [303634.9, 2771781.9853], [303634.9982, 2771782.1127], [303635.2408, 2771782.3551], [303635.5218, 2771782.5517], [303635.8326, 2771782.6967], [303635.881, 2771782.7135], [303637.4356, 2771782.6257]]]]}, "geometry_name": "the_geom", "properties": {"項次": "314", "名稱": "一江街", "面積": "68.4570782", "體積": "false", "圖形": "面"}, "bbox": [303634.4258, 2771749.0225, 303639.2444, 2771782.7135]}, {"type": "Feature", "id": "J0201-5.315", "geometry": {"type": "MultiPolygon", "coordinates": [[[[303638.7013, 2771668.6853], [303633.9536, 2771668.7103], [303633.9103, 2771668.6941], [303633.9104, 2771668.6977], [303634.1778, 2771703.6289], [303634.2166, 2771703.7475], [303634.3592, 2771704.0531], [303634.5526, 2771704.3293], [303634.7912, 2771704.5677], [303634.948, 2771704.6863], [303635.0674, 2771704.7611], [303635.3732, 2771704.9037], [303635.699, 2771704.9911], [303636.035, 2771705.0205], [303636.371, 2771704.9911], [303636.458, 2771704.9735], [303639.3216, 2771705.1143], [303636.0518, 2771702.1289], [303635.7552, 2771672.1775], [303638.7013, 2771668.6853]]]]}, "geometry_name": "the_geom", "properties": {"項次": "315", "名稱": "一江街", "面積": "76.31346551", "體積": "false", "圖形": "面"}, "bbox": [303633.9103, 2771668.6853, 303639.3216, 2771705.1143]}, {"type": "Feature", "id": "J0201-5.316", "geometry": {"type": "MultiPolygon", "coordinates": [[[[303649.162, 2769199.1429], [303650.8822, 2769202.5873], [303710.607, 2769221.6737], [303712.6948, 2769218.6505], [303687.9774, 2769210.7805], [303652.7982, 2769199.3755], [303649.4828, 2769198.2209], [303649.162, 2769199.1429]]]]}, "geometry_name": "the_geom", "properties": {"項次": "316", "名稱": "金華街", "面積": "230.1126807", "體積": "false", "圖形": "面"}, "bbox": [303649.162, 2769198.2209, 303712.6948, 2769221.6737]}, {"type": "Feature", "id": "J0201-5.318", "geometry": {"type": "MultiPolygon", "coordinates": [[[[303640.2762, 2771787.7421], [303639.0762, 2771787.7443], [303635.8042, 2771787.7505], [303635.7034, 2771787.7643], [303635.468, 2771787.8275], [303635.2474, 2771787.9303], [303635.048, 2771788.0701], [303634.9042, 2771788.2093], [303634.8758, 2771788.2421], [303634.7362, 2771788.4415], [303634.6332, 2771788.6623], [303634.5702, 2771788.8975], [303634.549, 2771789.1401], [303634.549, 2771789.1551], [303634.881, 2771819.9291], [303634.9244, 2771820.0817], [303635.0054, 2771820.2553], [303635.1152, 2771820.4123], [303635.232, 2771820.5317], [303635.2508, 2771820.5479], [303635.4078, 2771820.6577], [303635.5812, 2771820.7385], [303635.7662, 2771820.7883], [303635.8748, 2771820.8019], [303640.4824, 2771821.1461], [303636.7922, 2771817.1003], [303636.6142, 2771791.4675], [303640.2762, 2771787.7421]]]]}, "geometry_name": "the_geom", "properties": {"項次": "318", "名稱": "一江街", "面積": "78.94311852", "體積": "false", "圖形": "面"}, "bbox": [303634.549, 2771787.7421, 303640.4824, 2771821.1461]}, {"type": "Feature", "id": "J0201-5.319", "geometry": {"type": "MultiPolygon", "coordinates": [[[[303640.7226, 2771831.5223], [303638.3338, 2771831.7529], [303637.3524, 2771831.8477], [303637.2414, 2771831.8653], [303636.7124, 2771832.0071], [303636.2158, 2771832.2385], [303635.9196, 2771832.4327], [303635.7674, 2771832.5527], [303635.38, 2771832.9401], [303635.0658, 2771833.3887], [303634.8364, 2771833.8793], [303634.8664, 2771862.9575], [303634.889, 2771863.1271], [303634.9834, 2771863.4791], [303635.1374, 2771863.8093], [303635.3464, 2771864.1077], [303635.4482, 2771864.2205], [303635.604, 2771864.3653], [303635.9026, 2771864.5743], [303636.2328, 2771864.7283], [303636.5848, 2771864.8227], [303636.9476, 2771864.8545], [303637.087, 2771864.8499], [303639.6508, 2771864.9647], [303639.665, 2771864.7205], [303636.8606, 2771861.9199], [303636.7806, 2771835.5477], [303640.7226, 2771831.5223]]]]}, "geometry_name": "the_geom", "properties": {"項次": "319", "名稱": "一江街", "面積": "74.07268901", "體積": "false", "圖形": "面"}, "bbox": [303634.8364, 2771831.5223, 303640.7226, 2771864.9647]}, {"type": "Feature", "id": "J0201-5.320", "geometry": {"type": "MultiPolygon", "coordinates": [[[[303641.3376, 2771949.2973], [303641.319, 2771946.9951], [303636.8972, 2771942.6949], [303636.8034, 2771910.3529], [303637.512, 2771909.4023], [303636.7506, 2771909.5171], [303635.8548, 2771909.6515], [303635.7548, 2771909.6257], [303635.6384, 2771909.6155], [303635.5218, 2771909.6257], [303635.409, 2771909.6561], [303635.303, 2771909.7055], [303635.2462, 2771909.7421], [303635.2074, 2771909.7725], [303635.1246, 2771909.8551], [303635.0576, 2771909.9509], [303635.0082, 2771910.0567], [303634.978, 2771910.1697], [303634.9678, 2771910.2861], [303634.9678, 2771910.2909], [303635.2436, 2771948.5359], [303635.2808, 2771948.6623], [303635.3582, 2771948.8279], [303635.4632, 2771948.9779], [303635.5926, 2771949.1073], [303635.6168, 2771949.1271], [303635.7426, 2771949.2127], [303635.9086, 2771949.2901], [303636.0854, 2771949.3373], [303636.2678, 2771949.3531], [303636.2786, 2771949.3531], [303641.3376, 2771949.2973]]]]}, "geometry_name": "the_geom", "properties": {"項次": "320", "名稱": "一江街", "面積": "89.41418481", "體積": "false", "圖形": "面"}, "bbox": [303634.9678, 2771909.4023, 303641.3376, 2771949.3531]}, {"type": "Feature", "id": "J0201-5.323", "geometry": {"type": "MultiPolygon", "coordinates": [[[[303676.7192, 2771361.5985], [303677.0802, 2771406.4233], [303678.8065, 2771406.4327], [303678.799, 2771404.9865], [303679.3948, 2771404.8307], [303679.044, 2771361.7097], [303676.7192, 2771361.5985]]]]}, "geometry_name": "the_geom", "properties": {"項次": "323", "名稱": "松江路90巷6弄", "面積": "103.2216754", "體積": "false", "圖形": "面"}, "bbox": [303676.7192, 2771361.5985, 303679.3948, 2771406.4327]}, {"type": "Feature", "id": "J0201-5.324", "geometry": {"type": "MultiPolygon", "coordinates": [[[[303677.317, 2771316.1685], [303676.3824, 2771317.1521], [303676.5362, 2771336.2163], [303676.473, 2771344.7193], [303676.5052, 2771350.7473], [303678.8184, 2771350.8515], [303678.4326, 2771317.8149], [303677.9564, 2771316.9169], [303677.317, 2771316.1685]]]]}, "geometry_name": "the_geom", "properties": {"項次": "324", "名稱": "松江路90巷6弄", "面積": "72.92914044", "體積": "false", "圖形": "面"}, "bbox": [303676.3824, 2771316.1685, 303678.8184, 2771350.8515]}, {"type": "Feature", "id": "J0201-5.325", "geometry": {"type": "MultiPolygon", "coordinates": [[[[303677.4214, 2771442.5649], [303673.4192, 2771442.7346], [303673.6257, 2771464.4727], [303677.4711, 2771465.3941], [303677.4214, 2771442.5649]]]]}, "geometry_name": "the_geom", "properties": {"項次": "325", "名稱": "松江路90巷6弄", "面積": "87.38843949", "體積": "false", "圖形": "面"}, "bbox": [303673.4192, 2771442.5649, 303677.4711, 2771465.3941]}, {"type": "Feature", "id": "J0201-5.326", "geometry": {"type": "MultiPolygon", "coordinates": [[[[303677.4214, 2771442.5649], [303677.4711, 2771465.3941], [303679.3004, 2771465.8325], [303679.3885, 2771463.7566], [303679.1892, 2771442.5336], [303679.0402, 2771425.6162], [303678.8065, 2771406.4327], [303677.0802, 2771406.4233], [303677.3373, 2771425.8992], [303677.4214, 2771442.5649]]]]}, "geometry_name": "the_geom", "properties": {"項次": "326", "名稱": "松江路90巷6弄", "面積": "104.9410146", "體積": "false", "圖形": "面"}, "bbox": [303677.0802, 2771406.4233, 303679.3885, 2771465.8325]}, {"type": "Feature", "id": "J0201-5.327", "geometry": {"type": "MultiPolygon", "coordinates": [[[[303677.4711, 2771465.3941], [303673.6257, 2771464.4727], [303671.4682, 2771466.8401], [303669.281, 2771466.7975], [303629.2685, 2771466.9519], [303570.0091, 2771467.2639], [303513.1988, 2771467.5559], [303496.0801, 2771467.6833], [303495.2067, 2771466.8144], [303492.104, 2771467.2705], [303492.1052, 2771467.3548], [303495.6804, 2771470.8507], [303578.0547, 2771470.21], [303674.6741, 2771469.4591], [303677.4801, 2771466.6063], [303677.4711, 2771465.3941]]]]}, "geometry_name": "the_geom", "properties": {"項次": "327", "名稱": "松江路90巷", "面積": "550.7263441", "體積": "false", "圖形": "面"}, "bbox": [303492.104, 2771464.4727, 303677.4801, 2771470.8507]}, {"type": "Feature", "id": "J0201-5.328", "geometry": {"type": "MultiPolygon", "coordinates": [[[[303677.4711, 2771465.3941], [303677.4801, 2771466.6063], [303674.6741, 2771469.4591], [303578.0547, 2771470.21], [303495.6804, 2771470.8507], [303492.1052, 2771467.3548], [303492.104, 2771467.2705], [303490.1047, 2771467.5644], [303490.1667, 2771471.516], [303490.2743, 2771471.8068], [303490.4233, 2771472.0787], [303490.6104, 2771472.3258], [303490.8317, 2771472.5429], [303491.0824, 2771472.7253], [303491.3911, 2771472.8834], [303491.7215, 2771472.9888], [303492.0647, 2771473.0388], [303492.4114, 2771473.0319], [303492.7523, 2771472.9684], [303496.8203, 2771472.8747], [303512.6955, 2771472.7644], [303568.5518, 2771472.421], [303606.1143, 2771472.2838], [303644.9313, 2771472.15], [303670.1557, 2771472.0063], [303672.5117, 2771472.0059], [303672.9795, 2771472.003], [303675.2272, 2771471.2332], [303675.3922, 2771471.0958], [303677.3226, 2771469.0572], [303678.6534, 2771467.5229], [303678.841, 2771467.2904], [303678.9993, 2771467.0371], [303679.126, 2771466.7665], [303679.2241, 2771466.4635], [303679.2825, 2771466.1505], [303679.3004, 2771465.8325], [303677.4711, 2771465.3941]]]]}, "geometry_name": "the_geom", "properties": {"項次": "328", "名稱": "松江路90巷", "面積": "434.8953122", "體積": "false", "圖形": "面"}, "bbox": [303490.1047, 2771465.3941, 303679.3004, 2771473.0388]}, {"type": "Feature", "id": "J0201-5.330", "geometry": {"type": "MultiPolygon", "coordinates": [[[[303710.607, 2769221.6737], [303650.8822, 2769202.5873], [303649.162, 2769199.1429], [303648.6398, 2769200.6411], [303650.0146, 2769203.7897], [303708.82, 2769222.8015], [303709.0134, 2769222.7759], [303709.401, 2769222.6719], [303709.6862, 2769222.5457], [303709.7646, 2769222.5025], [303710.0934, 2769222.2721], [303710.3772, 2769221.9883], [303710.5194, 2769221.8001], [303710.607, 2769221.6737]]]]}, "geometry_name": "the_geom", "properties": {"項次": "330", "名稱": "金華街", "面積": "99.06341438", "體積": "false", "圖形": "面"}, "bbox": [303648.6398, 2769199.1429, 303710.607, 2769222.8015]}, {"type": "Feature", "id": "J0201-5.333", "geometry": {"type": "MultiPolygon", "coordinates": [[[[303751.9726, 2771243.1205], [303755.969, 2771243.0789], [303756.1622, 2771243.0975], [303757.1054, 2771243.1175], [303761.4286, 2771243.0365], [303762.2754, 2771242.1899], [303762.1166, 2771222.0285], [303761.6932, 2771197.9515], [303761.0582, 2771197.4223], [303758.0256, 2771197.4589], [303755.5386, 2771197.3639], [303756.1198, 2771237.0623], [303751.9808, 2771241.4305], [303751.9726, 2771243.1205]]]]}, "geometry_name": "the_geom", "properties": {"項次": "333", "名稱": "松江路", "面積": "297.0989607", "體積": "false", "圖形": "面"}, "bbox": [303751.9726, 2771197.3639, 303762.2754, 2771243.1205]}, {"type": "Feature", "id": "J0201-5.334", "geometry": {"type": "MultiPolygon", "coordinates": [[[[303757.1822, 2771043.3541], [303758.6164, 2771043.4201], [303759.9394, 2771042.5205], [303759.6748, 2771022.4121], [303759.3044, 2771003.0313], [303758.0692, 2771003.0397], [303753.012, 2771003.0141], [303753.512, 2771021.6533], [303753.7006, 2771043.5677], [303757.1822, 2771043.3541]]]]}, "geometry_name": "the_geom", "properties": {"項次": "334", "名稱": "松江路", "面積": "250.3463565", "體積": "false", "圖形": "面"}, "bbox": [303753.012, 2771003.0141, 303759.9394, 2771043.5677]}, {"type": "Feature", "id": "J0201-5.335", "geometry": {"type": "MultiPolygon", "coordinates": [[[[303755.1472, 2771668.0645], [303761.7298, 2771674.4069], [303761.785, 2771704.2849], [303761.9574, 2771704.2899], [303762.4724, 2771704.2447], [303762.9718, 2771704.1109], [303763.4402, 2771703.8925], [303763.8638, 2771703.5959], [303764.1274, 2771703.3457], [303764.2294, 2771703.2303], [303764.526, 2771702.8067], [303764.7444, 2771702.3383], [303764.8782, 2771701.8389], [303764.9234, 2771701.3239], [303764.8782, 2771700.8087], [303764.8772, 2771700.8031], [303764.6028, 2771673.6181], [303764.6048, 2771673.4509], [303764.5241, 2771667.9539], [303761.7558, 2771667.9865], [303755.1472, 2771668.0645]]]]}, "geometry_name": "the_geom", "properties": {"項次": "335", "名稱": "松江路", "面積": "127.3565565", "體積": "false", "圖形": "面"}, "bbox": [303755.1472, 2771667.9539, 303764.9234, 2771704.2899]}, {"type": "Feature", "id": "J0201-5.336", "geometry": {"type": "MultiPolygon", "coordinates": [[[[303757.2806, 2771149.6597], [303759.8368, 2771149.5391], [303760.5512, 2771149.4069], [303761.0804, 2771148.6395], [303760.7628, 2771114.9051], [303760.6836, 2771107.3645], [303759.8898, 2771105.8563], [303751.7492, 2771105.9769], [303750.8058, 2771105.8603], [303751.0058, 2771108.2119], [303754.609, 2771111.3243], [303755.0782, 2771149.9815], [303757.2806, 2771149.6597]]]]}, "geometry_name": "the_geom", "properties": {"項次": "336", "名稱": "松江路", "面積": "278.8150676", "體積": "false", "圖形": "面"}, "bbox": [303750.8058, 2771105.8563, 303761.0804, 2771149.9815]}, {"type": "Feature", "id": "J0201-5.337", "geometry": {"type": "MultiPolygon", "coordinates": [[[[303757.101, 2771259.3569], [303756.2466, 2771259.3005], [303755.1854, 2771259.4307], [303752.196, 2771259.4835], [303752.1612, 2771261.5087], [303756.4172, 2771265.6367], [303757.1424, 2771307.7395], [303760.4026, 2771307.6851], [303761.491, 2771307.1093], [303761.987, 2771306.7125], [303762.2092, 2771306.4783], [303762.1248, 2771302.8925], [303761.6332, 2771277.6345], [303761.2804, 2771266.9381], [303761.2576, 2771265.6629], [303761.2458, 2771264.9999], [303761.1368, 2771263.7397], [303760.883, 2771262.7379], [303760.1368, 2771261.0071], [303760.0118, 2771260.7911], [303759.6438, 2771260.3377], [303759.5136, 2771260.2193], [303759.198, 2771259.9983], [303758.8882, 2771259.8503], [303757.101, 2771259.3569]]]]}, "geometry_name": "the_geom", "properties": {"項次": "337", "名稱": "松江路", "面積": "252.6276287", "體積": "false", "圖形": "面"}, "bbox": [303752.1612, 2771259.3005, 303762.2092, 2771307.7395]}, {"type": "Feature", "id": "J0201-5.338", "geometry": {"type": "MultiPolygon", "coordinates": [[[[303757.6976, 2771154.9775], [303755.1242, 2771154.9053], [303755.5156, 2771191.7503], [303758.1666, 2771191.7385], [303758.1984, 2771191.7147], [303760.9586, 2771191.7747], [303761.673, 2771191.1793], [303761.3158, 2771169.6289], [303761.1572, 2771155.3017], [303760.403, 2771154.7065], [303757.6976, 2771154.9775]]]]}, "geometry_name": "the_geom", "properties": {"項次": "338", "名稱": "松江路", "面積": "223.5495221", "體積": "false", "圖形": "面"}, "bbox": [303755.1242, 2771154.7065, 303761.673, 2771191.7747]}, {"type": "Feature", "id": "J0201-5.339", "geometry": {"type": "MultiPolygon", "coordinates": [[[[303756.3008, 2771576.2395], [303760.5462, 2771576.2029], [303760.6314, 2771576.2043], [303761.1006, 2771576.1633], [303763.1988, 2771576.1417], [303763.8338, 2771575.9829], [303764.416, 2771575.4009], [303764.5746, 2771574.1309], [303764.363, 2771559.9491], [303764.2572, 2771537.3537], [303763.781, 2771535.9779], [303762.9872, 2771535.2371], [303760.6188, 2771535.3035], [303760.5498, 2771535.2723], [303760.3982, 2771535.2069], [303758.1962, 2771534.7689], [303758.1748, 2771534.7689], [303757.0144, 2771534.8729], [303755.6878, 2771535.2481], [303756.3008, 2771576.2395]]]]}, "geometry_name": "the_geom", "properties": {"項次": "339", "名稱": "松江路", "面積": "342.932171", "體積": "false", "圖形": "面"}, "bbox": [303755.6878, 2771534.7689, 303764.5746, 2771576.2395]}, {"type": "Feature", "id": "J0201-5.340", "geometry": {"type": "MultiPolygon", "coordinates": [[[[303760.075, 2771049.8439], [303759.096, 2771048.9707], [303756.2826, 2771049.0199], [303756.0542, 2771048.9133], [303755.3376, 2771048.7213], [303755.2418, 2771048.7057], [303753.8134, 2771048.7693], [303754.3888, 2771089.6095], [303750.8058, 2771093.0715], [303750.9384, 2771095.6243], [303751.8454, 2771095.7569], [303753.2064, 2771095.7433], [303753.473, 2771095.7059], [303757.0852, 2771095.4581], [303759.731, 2771095.3789], [303760.657, 2771094.5851], [303760.4718, 2771083.4461], [303760.2602, 2771066.0365], [303760.075, 2771049.8439]]]]}, "geometry_name": "the_geom", "properties": {"項次": "340", "名稱": "松江路", "面積": "303.6549953", "體積": "false", "圖形": "面"}, "bbox": [303750.8058, 2771048.7057, 303760.657, 2771095.7569]}, {"type": "Feature", "id": "J0201-5.342", "geometry": {"type": "MultiPolygon", "coordinates": [[[[303758.7106, 2771743.0085], [303762.4798, 2771743.0749], [303762.5586, 2771743.0759], [303763.076, 2771743.0305], [303763.578, 2771742.8961], [303764.0488, 2771742.6765], [303764.4744, 2771742.3785], [303764.5984, 2771742.2685], [303764.842, 2771742.0109], [303765.14, 2771741.5853], [303765.3594, 2771741.1145], [303765.494, 2771740.6127], [303765.5392, 2771740.0951], [303765.494, 2771739.5775], [303765.457, 2771739.3997], [303765.1196, 2771712.4955], [303765.0788, 2771712.0615], [303764.9572, 2771711.6079], [303764.759, 2771711.1823], [303764.4896, 2771710.7977], [303764.1574, 2771710.4657], [303764.1044, 2771710.4223], [303763.7728, 2771710.1963], [303763.3472, 2771709.9979], [303762.8936, 2771709.8763], [303762.4258, 2771709.8355], [303761.958, 2771709.8763], [303761.8564, 2771709.8963], [303758.2344, 2771709.9275], [303758.7106, 2771743.0085]]]]}, "geometry_name": "the_geom", "properties": {"項次": "342", "名稱": "松江路", "面積": "223.0726115", "體積": "false", "圖形": "面"}, "bbox": [303758.2344, 2771709.8355, 303765.5392, 2771743.0759]}, {"type": "Feature", "id": "J0201-5.344", "geometry": {"type": "MultiPolygon", "coordinates": [[[[303761.0502, 2771947.9595], [303764.9332, 2771947.8875], [303766.9912, 2771947.9515], [303769.1608, 2771946.9989], [303770.907, 2771945.3585], [303770.7482, 2771929.4305], [303770.4838, 2771909.1105], [303770.0604, 2771908.6873], [303768.0724, 2771908.6309], [303767.6066, 2771908.4137], [303767.5892, 2771908.4075], [303764.4016, 2771908.5557], [303764.8974, 2771941.6751], [303761.0614, 2771945.5259], [303761.0502, 2771947.9595]]]]}, "geometry_name": "the_geom", "properties": {"項次": "344", "名稱": "松江路", "面積": "249.8544686", "體積": "false", "圖形": "面"}, "bbox": [303761.0502, 2771908.4075, 303770.907, 2771947.9595]}, {"type": "Feature", "id": "J0201-5.345", "geometry": {"type": "MultiPolygon", "coordinates": [[[[303763.7438, 2771313.8835], [303762.7914, 2771313.0897], [303760.362, 2771313.2627], [303757.265, 2771313.2971], [303757.688, 2771349.9729], [303759.9216, 2771349.9291], [303759.9624, 2771349.9223], [303763.003, 2771349.8669], [303763.9026, 2771349.3377], [303763.9026, 2771340.7653], [303763.7438, 2771313.8835]]]]}, "geometry_name": "the_geom", "properties": {"項次": "345", "名稱": "松江路", "面積": "232.9990138", "體積": "false", "圖形": "面"}, "bbox": [303757.265, 2771313.0897, 303763.9026, 2771349.9729]}, {"type": "Feature", "id": "J0201-5.346", "geometry": {"type": "MultiPolygon", "coordinates": [[[[303763.892, 2771357.6933], [303762.7676, 2771357.2965], [303757.8066, 2771357.3625], [303757.739, 2771357.9765], [303758.2, 2771395.0381], [303761.6574, 2771394.9183], [303764.1566, 2771394.6359], [303764.6528, 2771394.1067], [303764.5536, 2771391.5931], [303764.4212, 2771373.1053], [303764.1566, 2771359.1815], [303763.892, 2771357.6933]]]]}, "geometry_name": "the_geom", "properties": {"項次": "346", "名稱": "松江路", "面積": "241.3062643", "體積": "false", "圖形": "面"}, "bbox": [303757.739, 2771357.2965, 303764.6528, 2771395.0381]}, {"type": "Feature", "id": "J0201-5.347", "geometry": {"type": "MultiPolygon", "coordinates": [[[[303764.3936, 2771400.1849], [303763.2084, 2771400.0367], [303758.2342, 2771400.0791], [303758.2134, 2771400.6267], [303758.4792, 2771415.5249], [303758.6182, 2771433.0969], [303755.1886, 2771436.6465], [303755.194, 2771438.4021], [303763.9916, 2771438.0945], [303764.9228, 2771437.9041], [303765.325, 2771436.9303], [303765.325, 2771433.5013], [303765.0498, 2771426.2623], [303764.9016, 2771414.2397], [303764.8806, 2771400.7353], [303764.3936, 2771400.1849]]]]}, "geometry_name": "the_geom", "properties": {"項次": "347", "名稱": "松江路", "面積": "261.0271593", "體積": "false", "圖形": "面"}, "bbox": [303755.1886, 2771400.0367, 303765.325, 2771438.4021]}, {"type": "Feature", "id": "J0201-5.348", "geometry": {"type": "MultiPolygon", "coordinates": [[[[303763.7454, 2771627.6507], [303765.1228, 2771627.6691], [303765.2626, 2771627.2593], [303765.051, 2771609.3205], [303764.5746, 2771584.5555], [303764.31, 2771582.8091], [303762.9342, 2771581.4863], [303761.3844, 2771581.6167], [303761.1256, 2771581.5123], [303760.6334, 2771581.4297], [303761.01, 2771620.4337], [303754.0322, 2771627.7411], [303754.0294, 2771627.7441], [303753.9172, 2771627.8427], [303763.6954, 2771627.6507], [303763.7454, 2771627.6507]]]]}, "geometry_name": "the_geom", "properties": {"項次": "348", "名稱": "松江路", "面積": "212.6612963", "體積": "false", "圖形": "面"}, "bbox": [303753.9172, 2771581.4297, 303765.2626, 2771627.8427]}, {"type": "Feature", "id": "J0201-5.349", "geometry": {"type": "MultiPolygon", "coordinates": [[[[303762.462, 2771963.0959], [303762.4804, 2771965.4455], [303764.9044, 2771967.8589], [303765.4124, 2772001.7411], [303768.753, 2772001.6529], [303769.2566, 2772001.1395], [303769.7198, 2772000.4781], [303769.8784, 2772000.1785], [303770.0612, 2771999.7459], [303770.2702, 2771998.9659], [303770.328, 2771998.5033], [303770.0342, 2771968.3565], [303770.0008, 2771968.1471], [303769.717, 2771967.0877], [303769.2534, 2771966.0935], [303768.6242, 2771965.1951], [303767.8488, 2771964.4195], [303767.7712, 2771964.3557], [303766.9502, 2771963.7903], [303765.9562, 2771963.3269], [303764.8966, 2771963.0429], [303763.804, 2771962.9477], [303762.7114, 2771963.0431], [303762.462, 2771963.0959]]]]}, "geometry_name": "the_geom", "properties": {"項次": "349", "名稱": "松江路", "面積": "194.4472156", "體積": "false", "圖形": "面"}, "bbox": [303762.462, 2771962.9477, 303770.328, 2772001.7411]}, {"type": "Feature", "id": "J0201-5.350", "geometry": {"type": "MultiPolygon", "coordinates": [[[[303764.945, 2771448.1889], [303763.8868, 2771447.7655], [303760.4342, 2771448.0215], [303760.3288, 2771447.9705], [303759.7248, 2771447.7801], [303759.1552, 2771447.7011], [303758.56, 2771447.6741], [303756.4714, 2771447.6941], [303756.4714, 2771447.8003], [303756.4584, 2771451.9933], [303757.1994, 2771452.6885], [303757.2574, 2771459.4227], [303757.9918, 2771460.1393], [303758.1286, 2771468.8831], [303757.5166, 2771469.5107], [303757.5104, 2771476.1357], [303756.8426, 2771476.9987], [303756.8324, 2771478.0615], [303757.1468, 2771478.4531], [303757.1034, 2771480.4883], [303764.8922, 2771480.4681], [303765.5272, 2771479.8861], [303765.5272, 2771468.4561], [303765.3684, 2771449.4589], [303764.945, 2771448.1889]]]]}, "geometry_name": "the_geom", "properties": {"項次": "350", "名稱": "松江路", "面積": "262.9829739", "體積": "false", "圖形": "面"}, "bbox": [303756.4584, 2771447.6741, 303765.5272, 2771480.4883]}, {"type": "Feature", "id": "J0201-5.351", "geometry": {"type": "MultiPolygon", "coordinates": [[[[303763.4852, 2771820.3093], [303765.957, 2771820.2041], [303766.2652, 2771820.2287], [303766.6048, 2771820.1989], [303767.904, 2771820.1761], [303769.3724, 2771819.9777], [303769.2138, 2771817.5171], [303768.8962, 2771804.6187], [303766.8722, 2771787.7117], [303765.999, 2771787.1165], [303764.314, 2771787.3577], [303763.8692, 2771787.1507], [303763.3956, 2771787.0237], [303763.0034, 2771786.9825], [303763.4852, 2771820.3093]]]]}, "geometry_name": "the_geom", "properties": {"項次": "351", "名稱": "松江路", "面積": "171.2817716", "體積": "false", "圖形": "面"}, "bbox": [303763.0034, 2771786.9825, 303769.3724, 2771820.3093]}, {"type": "Feature", "id": "J0201-5.352", "geometry": {"type": "MultiPolygon", "coordinates": [[[[303761.9558, 2772311.0713], [303761.9594, 2772314.2199], [303769.1046, 2772321.1999], [303769.5734, 2772357.6791], [303771.5262, 2772356.4179], [303772.3868, 2772355.6387], [303772.53, 2772355.4757], [303773.9098, 2772353.7965], [303774.6486, 2772352.8139], [303774.9044, 2772352.4353], [303775.1564, 2772352.0213], [303776.6586, 2772349.3207], [303777.2552, 2772347.9239], [303777.5884, 2772346.4793], [303777.7586, 2772344.0451], [303777.6602, 2772342.1925], [303777.5512, 2772319.0245], [303777.1854, 2772316.9947], [303777.1018, 2772316.7111], [303776.9572, 2772316.2959], [303776.3306, 2772315.0839], [303776.2808, 2772315.0089], [303774.9286, 2772313.2053], [303774.4806, 2772312.7411], [303774.1236, 2772312.4505], [303772.9694, 2772311.8007], [303772.8536, 2772311.7543], [303771.1802, 2772311.1989], [303770.371, 2772310.9945], [303769.1656, 2772310.8581], [303768.3868, 2772310.8843], [303767.434, 2772310.9907], [303761.9558, 2772311.0713]]]]}, "geometry_name": "the_geom", "properties": {"項次": "352", "名稱": "松江路", "面積": "388.6432384", "體積": "false", "圖形": "面"}, "bbox": [303761.9558, 2772310.8581, 303777.7586, 2772357.6791]}, {"type": "Feature", "id": "J0201-5.353", "geometry": {"type": "MultiPolygon", "coordinates": [[[[303765.58, 2771485.9185], [303765.2096, 2771485.0719], [303764.0984, 2771484.9131], [303761.3422, 2771485.1767], [303761.1708, 2771485.1815], [303755.529, 2771485.1009], [303756.1214, 2771530.5629], [303760.246, 2771530.5253], [303760.616, 2771530.4835], [303762.7226, 2771530.4745], [303763.8868, 2771529.7337], [303764.2042, 2771528.0933], [303765.2626, 2771507.9319], [303765.58, 2771485.9185]]]]}, "geometry_name": "the_geom", "properties": {"項次": "353", "名稱": "松江路", "面積": "418.0672729", "體積": "false", "圖形": "面"}, "bbox": [303755.529, 2771484.9131, 303765.58, 2771530.5629]}, {"type": "Feature", "id": "J0201-5.354", "geometry": {"type": "MultiPolygon", "coordinates": [[[[303765.6762, 2771831.1573], [303763.2708, 2771831.1175], [303763.9314, 2771863.7067], [303767.102, 2771863.6319], [303769.7562, 2771863.5779], [303770.2522, 2771863.3133], [303770.186, 2771860.0391], [303768.2016, 2771858.5177], [303767.904, 2771837.0533], [303769.8884, 2771835.0689], [303769.69, 2771831.3647], [303765.9062, 2771831.2329], [303765.6762, 2771831.1573]]]]}, "geometry_name": "the_geom", "properties": {"項次": "354", "名稱": "松江路", "面積": "162.0117321", "體積": "false", "圖形": "面"}, "bbox": [303763.2708, 2771831.1175, 303770.2522, 2771863.7067]}, {"type": "Feature", "id": "J0201-5.355", "geometry": {"type": "MultiPolygon", "coordinates": [[[[303764.049, 2772292.0967], [303764.0312, 2772289.3131], [303665.2014, 2772290.5435], [303665.2986, 2772291.1251], [303665.3522, 2772291.3201], [303665.3878, 2772291.4273], [303665.5928, 2772291.8383], [303665.7278, 2772292.0347], [303666.2144, 2772292.6011], [303666.5616, 2772292.9097], [303666.9666, 2772293.1965], [303667.0194, 2772293.2283], [303667.5122, 2772293.4191], [303668.3572, 2772293.5007], [303762.1384, 2772292.1527], [303764.049, 2772292.0967]]]]}, "geometry_name": "the_geom", "properties": {"項次": "355", "名稱": "民生東路二段", "面積": "285.0682199", "體積": "false", "圖形": "面"}, "bbox": [303665.2014, 2772289.3131, 303764.049, 2772293.5007]}, {"type": "Feature", "id": "J0201-5.356", "geometry": {"type": "MultiPolygon", "coordinates": [[[[303765.6822, 2772007.4063], [303766.0546, 2772040.7429], [303769.2222, 2772040.6929], [303769.4656, 2772040.5047], [303769.9424, 2772040.0279], [303770.329, 2772039.4757], [303770.4166, 2772039.3151], [303770.6138, 2772038.8649], [303770.7882, 2772038.2137], [303770.847, 2772037.5423], [303770.808, 2772036.9945], [303770.4734, 2772010.0423], [303770.1726, 2772009.0745], [303769.9322, 2772008.5683], [303768.9716, 2772007.2771], [303768.9458, 2772007.2515], [303765.6822, 2772007.4063]]]]}, "geometry_name": "the_geom", "properties": {"項次": "356", "名稱": "松江路", "面積": "156.465114", "體積": "false", "圖形": "面"}, "bbox": [303765.6822, 2772007.2515, 303770.847, 2772040.7429]}, {"type": "Feature", "id": "J0201-5.357", "geometry": {"type": "MultiPolygon", "coordinates": [[[[303766.753, 2771749.2149], [303765.7212, 2771748.7783], [303764.5574, 2771748.8913], [303764.2834, 2771748.6943], [303764.2336, 2771748.6647], [303763.8754, 2771748.4977], [303763.4942, 2771748.3955], [303763.1006, 2771748.3611], [303762.707, 2771748.3955], [303762.4958, 2771748.4433], [303762.8546, 2771781.6629], [303763.6248, 2771781.6379], [303763.6666, 2771781.6307], [303766.2372, 2771781.5999], [303766.8324, 2771781.2029], [303766.7928, 2771770.1699], [303766.753, 2771749.2149]]]]}, "geometry_name": "the_geom", "properties": {"項次": "357", "名稱": "松江路", "面積": "135.1566654", "體積": "false", "圖形": "面"}, "bbox": [303762.4958, 2771748.3611, 303766.8324, 2771781.6629]}, {"type": "Feature", "id": "J0201-5.359", "geometry": {"type": "MultiPolygon", "coordinates": [[[[303766.344, 2772083.1781], [303769.7092, 2772083.1333], [303769.8376, 2772083.1385], [303770.1138, 2772083.1143], [303772.1748, 2772083.1417], [303772.8694, 2772082.8773], [303772.671, 2772076.2957], [303772.4394, 2772060.8837], [303772.241, 2772047.0923], [303771.6788, 2772046.6293], [303770.7656, 2772046.7447], [303770.612, 2772046.5909], [303770.5048, 2772046.5105], [303770.307, 2772046.4247], [303770.0076, 2772046.3445], [303769.6984, 2772046.3173], [303769.5794, 2772046.3213], [303765.8944, 2772046.4525], [303766.344, 2772083.1781]]]]}, "geometry_name": "the_geom", "properties": {"項次": "359", "名稱": "松江路", "面積": "234.2191359", "體積": "false", "圖形": "面"}, "bbox": [303765.8944, 2772046.3173, 303772.8694, 2772083.1781]}, {"type": "Feature", "id": "J0201-5.360", "geometry": {"type": "MultiPolygon", "coordinates": [[[[303766.9744, 2772093.4985], [303766.9536, 2772093.4985], [303766.9626, 2772130.5623], [303770.256, 2772130.5597], [303770.2708, 2772130.5465], [303773.0182, 2772130.3171], [303773.1504, 2772123.6363], [303773.0182, 2772107.9929], [303772.952, 2772094.1353], [303771.6952, 2772093.6391], [303767.7708, 2772093.5683], [303766.9744, 2772093.4985]]]]}, "geometry_name": "the_geom", "properties": {"項次": "360", "名稱": "松江路", "面積": "224.2930086", "體積": "false", "圖形": "面"}, "bbox": [303766.9536, 2772093.4985, 303773.1504, 2772130.5623]}, {"type": "Feature", "id": "J0201-5.361", "geometry": {"type": "MultiPolygon", "coordinates": [[[[303770.4572, 2771870.7635], [303769.6106, 2771870.0757], [303767.534, 2771870.2697], [303767.1562, 2771869.9611], [303764.1028, 2771869.8455], [303764.5242, 2771902.1911], [303766.8286, 2771902.1749], [303770.4044, 2771902.0373], [303770.4044, 2771899.0741], [303768.5522, 2771896.7985], [303768.4994, 2771875.6847], [303770.4572, 2771873.3035], [303770.4572, 2771870.7635]]]]}, "geometry_name": "the_geom", "properties": {"項次": "361", "名稱": "松江路", "面積": "151.4527903", "體積": "false", "圖形": "面"}, "bbox": [303764.1028, 2771869.8455, 303770.4572, 2771902.1911]}, {"type": "Feature", "id": "J0201-5.362", "geometry": {"type": "MultiPolygon", "coordinates": [[[[303770.8286, 2772440.3531], [303772.5076, 2772561.7037], [303772.6924, 2772561.7407], [303773.373, 2772561.8003], [303774.0538, 2772561.7407], [303774.7138, 2772561.5639], [303775.333, 2772561.2751], [303775.8928, 2772560.8831], [303776.2886, 2772560.5007], [303776.3758, 2772560.4003], [303776.7678, 2772559.8405], [303777.0564, 2772559.2211], [303777.2334, 2772558.5613], [303777.293, 2772557.8805], [303777.2874, 2772557.6735], [303775.818, 2772445.5037], [303775.5426, 2772443.5123], [303775.2648, 2772442.8495], [303774.9796, 2772442.4869], [303773.7866, 2772441.3567], [303773.0618, 2772440.8777], [303772.1906, 2772440.4503], [303770.8286, 2772440.3531]]]]}, "geometry_name": "the_geom", "properties": {"項次": "362", "名稱": "松江路", "面積": "583.6674748", "體積": "false", "圖形": "面"}, "bbox": [303770.8286, 2772440.3531, 303777.293, 2772561.8003]}, {"type": "Feature", "id": "J0201-5.363", "geometry": {"type": "MultiPolygon", "coordinates": [[[[303772.952, 2772136.3033], [303770.448, 2772136.1489], [303766.8322, 2772136.1883], [303767.2828, 2772169.1813], [303771.0086, 2772169.1257], [303773.4812, 2772169.0455], [303773.812, 2772168.9133], [303773.6136, 2772161.1741], [303773.4812, 2772136.7663], [303772.952, 2772136.3033]]]]}, "geometry_name": "the_geom", "properties": {"項次": "363", "名稱": "松江路", "面積": "214.8202023", "體積": "false", "圖形": "面"}, "bbox": [303766.8322, 2772136.1489, 303773.812, 2772169.1813]}, {"type": "Feature", "id": "J0201-5.364", "geometry": {"type": "MultiPolygon", "coordinates": [[[[303773.4234, 2772249.0161], [303771.7186, 2772248.8385], [303768.557, 2772248.8603], [303769.0922, 2772284.0953], [303764.0312, 2772289.3131], [303764.049, 2772292.0967], [303768.046, 2772291.9793], [303769.1134, 2772291.8853], [303770.1556, 2772291.6061], [303771.1334, 2772291.1503], [303773.8532, 2772289.8943], [303775.077, 2772288.7037], [303775.044, 2772276.8635], [303774.7462, 2772262.4767], [303774.8786, 2772250.0743], [303773.4234, 2772249.0161]]]]}, "geometry_name": "the_geom", "properties": {"項次": "364", "名稱": "松江路", "面積": "278.8611353", "體積": "false", "圖形": "面"}, "bbox": [303764.0312, 2772248.8385, 303775.077, 2772292.0967]}, {"type": "Feature", "id": "J0201-5.365", "geometry": {"type": "MultiPolygon", "coordinates": [[[[303773.721, 2772210.1553], [303771.3818, 2772209.9005], [303767.9516, 2772209.9425], [303768.3104, 2772243.5235], [303771.6838, 2772243.5453], [303773.688, 2772243.5921], [303774.614, 2772242.9967], [303774.5478, 2772236.1837], [303774.4816, 2772225.7989], [303774.5148, 2772211.4783], [303773.721, 2772210.1553]]]]}, "geometry_name": "the_geom", "properties": {"項次": "365", "名稱": "松江路", "面積": "213.7316857", "體積": "false", "圖形": "面"}, "bbox": [303767.9516, 2772209.9005, 303774.614, 2772243.5921]}, {"type": "Feature", "id": "J0201-5.366", "geometry": {"type": "MultiPolygon", "coordinates": [[[[303773.754, 2772204.3675], [303774.2832, 2772203.8715], [303774.2832, 2772200.2665], [303773.9194, 2772185.1191], [303773.8864, 2772175.5941], [303773.3902, 2772175.1641], [303771.2436, 2772175.1881], [303771.0122, 2772174.9321], [303770.9398, 2772174.8837], [303767.3954, 2772174.9471], [303767.7756, 2772204.3103], [303771.2002, 2772204.2509], [303773.754, 2772204.3675]]]]}, "geometry_name": "the_geom", "properties": {"項次": "366", "名稱": "松江路", "面積": "189.2091319", "體積": "false", "圖形": "面"}, "bbox": [303767.3954, 2772174.8837, 303774.2832, 2772204.3675]}, {"type": "Feature", "id": "J0201-5.367", "geometry": {"type": "MultiPolygon", "coordinates": [[[[303772.3356, 2772569.4019], [303773.0192, 2772621.7867], [303773.1688, 2772621.8161], [303773.2542, 2772651.0535], [303776.8762, 2772651.0121], [303777.2204, 2772650.6435], [303777.696, 2772649.9641], [303777.9232, 2772649.5179], [303778.0466, 2772649.2121], [303778.2612, 2772648.4109], [303778.3334, 2772647.5849], [303778.2612, 2772646.7587], [303778.2396, 2772646.6449], [303778.0864, 2772622.7273], [303775.8812, 2772620.6515], [303775.6056, 2772594.5515], [303777.5012, 2772592.6815], [303777.642, 2772592.3775], [303777.4774, 2772574.1699], [303777.4044, 2772573.3591], [303777.188, 2772572.5503], [303776.834, 2772571.7915], [303776.3538, 2772571.1059], [303775.9296, 2772570.6615], [303775.7614, 2772570.5135], [303775.0756, 2772570.0333], [303774.3168, 2772569.6793], [303773.5082, 2772569.4629], [303772.6742, 2772569.3899], [303772.3356, 2772569.4019]]]]}, "geometry_name": "the_geom", "properties": {"項次": "367", "名稱": "松江路", "面積": "343.2557514", "體積": "false", "圖形": "面"}, "bbox": [303772.3356, 2772569.3899, 303778.3334, 2772651.0535]}, {"type": "Feature", "id": "J0201-5.368", "geometry": {"type": "MultiPolygon", "coordinates": [[[[303773.84, 2772434.3239], [303775.9038, 2772433.0539], [303776.9622, 2772430.7785], [303776.5918, 2772411.9401], [303776.1684, 2772386.6989], [303776.0626, 2772367.1197], [303774.8454, 2772365.0029], [303772.9934, 2772363.6271], [303770.1776, 2772363.5187], [303769.7226, 2772363.4073], [303770.551, 2772434.1309], [303770.7746, 2772434.1001], [303770.7814, 2772434.4999], [303772.7818, 2772434.6415], [303773.84, 2772434.3239]]]]}, "geometry_name": "the_geom", "properties": {"項次": "368", "名稱": "松江路", "面積": "437.2080714", "體積": "false", "圖形": "面"}, "bbox": [303769.7226, 2772363.4073, 303776.9622, 2772434.6415]}, {"type": "Feature", "id": "J0201-5.369", "geometry": {"type": "MultiPolygon", "coordinates": [[[[303773.6208, 2772658.5165], [303773.7226, 2772670.6883], [303773.5088, 2772670.5881], [303773.6734, 2772691.9157], [303770.3126, 2772691.9567], [303772.8064, 2772693.6821], [303773.3168, 2772729.8797], [303774.42, 2772729.8947], [303774.4426, 2772733.3963], [303774.4788, 2772739.6885], [303777.8, 2772739.6693], [303778.0092, 2772739.6505], [303778.2186, 2772739.5943], [303778.4152, 2772739.5027], [303778.5928, 2772739.3783], [303778.7462, 2772739.2249], [303778.7718, 2772739.1933], [303778.8704, 2772739.0475], [303778.962, 2772738.8509], [303779.0182, 2772738.6413], [303779.037, 2772738.4253], [303779.0182, 2772738.2093], [303779.003, 2772738.1361], [303778.9836, 2772738.0883], [303778.9528, 2772737.9733], [303778.9424, 2772737.8547], [303778.9528, 2772737.7361], [303778.9836, 2772737.6213], [303778.9878, 2772737.6097], [303779.0338, 2772737.5133], [303779.102, 2772737.4159], [303779.1862, 2772737.3317], [303779.2838, 2772737.2635], [303779.3516, 2772737.2293], [303778.883, 2772697.3815], [303776.7754, 2772694.5903], [303776.5236, 2772664.5537], [303778.4956, 2772661.4211], [303778.075, 2772659.8581], [303777.9784, 2772659.6855], [303777.6326, 2772659.1985], [303777.1764, 2772658.7423], [303776.8524, 2772658.4993], [303773.6208, 2772658.5165]]]]}, "geometry_name": "the_geom", "properties": {"項次": "369", "名稱": "松江路", "面積": "375.2027676", "體積": "false", "圖形": "面"}, "bbox": [303770.3126, 2772658.4993, 303779.3516, 2772739.6885]}, {"type": "Feature", "id": "J0201-5.371", "geometry": {"type": "MultiPolygon", "coordinates": [[[[303778.2698, 2772960.0701], [303778.0568, 2772959.9055], [303776.88, 2772959.9345], [303777.0688, 2772973.1671], [303773.7048, 2772973.2629], [303773.9116, 2772985.5843], [303775.904, 2772985.5927], [303778.2472, 2772985.6023], [303781.4944, 2772985.5963], [303781.5474, 2772982.4743], [303781.0182, 2772962.0483], [303780.1186, 2772961.0429], [303779.0114, 2772960.9539], [303778.6794, 2772960.4797], [303778.2698, 2772960.0701]]]]}, "geometry_name": "the_geom", "properties": {"項次": "371", "名稱": "松江路", "面積": "146.9224745", "體積": "false", "圖形": "面"}, "bbox": [303773.7048, 2772959.9055, 303781.5474, 2772985.6023]}, {"type": "Feature", "id": "J0201-5.372", "geometry": {"type": "MultiPolygon", "coordinates": [[[[303778.5164, 2772952.2485], [303779.473, 2772952.2093], [303780.6372, 2772950.8335], [303782.066, 2772931.2543], [303782.648, 2772920.5651], [303782.648, 2772913.6859], [303782.4364, 2772899.7159], [303782.2776, 2772873.8397], [303781.0076, 2772872.3051], [303779.3656, 2772871.7323], [303776.0308, 2772871.8241], [303776.8716, 2772952.2679], [303778.5164, 2772952.2485]]]]}, "geometry_name": "the_geom", "properties": {"項次": "372", "名稱": "松江路", "面積": "454.6880937", "體積": "false", "圖形": "面"}, "bbox": [303776.0308, 2772871.7323, 303782.648, 2772952.2679]}, {"type": "Feature", "id": "J0201-5.373", "geometry": {"type": "MultiPolygon", "coordinates": [[[[303779.8752, 2772778.3313], [303779.8354, 2772772.6891], [303779.529, 2772751.4147], [303779.5436, 2772751.0383], [303779.1708, 2772749.1643], [303779.12, 2772749.0459], [303777.9228, 2772747.3981], [303777.7892, 2772747.2821], [303774.5426, 2772747.3041], [303774.7668, 2772772.5237], [303774.8312, 2772778.3535], [303779.8752, 2772778.3313]]]]}, "geometry_name": "the_geom", "properties": {"項次": "373", "名稱": "松江路", "面積": "153.4098087", "體積": "false", "圖形": "面"}, "bbox": [303774.5426, 2772747.2821, 303779.8752, 2772778.3535]}, {"type": "Feature", "id": "J0201-5.375", "geometry": {"type": "MultiPolygon", "coordinates": [[[[303781.7516, 2772833.1875], [303780.4116, 2772833.1927], [303775.4154, 2772833.1195], [303775.879, 2772864.4273], [303779.15, 2772864.3345], [303780.5844, 2772864.2617], [303781.6956, 2772863.5737], [303782.1414, 2772862.3633], [303781.7516, 2772833.1875]]]]}, "geometry_name": "the_geom", "properties": {"項次": "375", "名稱": "松江路", "面積": "195.7750806", "體積": "false", "圖形": "面"}, "bbox": [303775.4154, 2772833.1195, 303782.1414, 2772864.4273]}, {"type": "Feature", "id": "J0201-5.376", "geometry": {"type": "MultiPolygon", "coordinates": [[[[303781.7414, 2772992.3855], [303781.4944, 2772985.5963], [303778.2472, 2772985.6023], [303775.904, 2772985.5927], [303775.8486, 2772991.9175], [303776.07, 2773004.3227], [303777.5778, 2773004.4745], [303778.107, 2773051.6281], [303776.265, 2773051.6991], [303776.2454, 2773051.9399], [303775.813, 2773051.9551], [303774.4636, 2773052.0025], [303774.4622, 2773052.2617], [303774.4556, 2773053.3609], [303776.265, 2773053.3367], [303778.1098, 2773053.3109], [303778.1306, 2773053.3105], [303778.5418, 2773053.3049], [303778.9246, 2773053.2693], [303779.3202, 2773053.1633], [303779.6914, 2773052.9901], [303780.0268, 2773052.7553], [303781.1222, 2773052.2027], [303782.1384, 2773050.7263], [303782.2176, 2773047.7895], [303782.059, 2773030.3269], [303781.7414, 2772992.3855]]]]}, "geometry_name": "the_geom", "properties": {"項次": "376", "名稱": "松江路", "面積": "316.4088948", "體積": "false", "圖形": "面"}, "bbox": [303774.4556, 2772985.5927, 303782.2176, 2773053.3609]}, {"type": "Feature", "id": "J0201-5.381", "geometry": {"type": "MultiPolygon", "coordinates": [[[[303814.4706, 2772281.0797], [303814.4524, 2772284.0641], [303840.462, 2772283.6195], [303840.5078, 2772283.6127], [303840.6626, 2772283.5711], [303840.808, 2772283.5031], [303840.9392, 2772283.4113], [303841.0416, 2772283.3109], [303841.0526, 2772283.2977], [303841.1448, 2772283.1665], [303841.2126, 2772283.0211], [303841.2542, 2772282.8661], [303841.268, 2772282.7063], [303841.268, 2772282.6949], [303841.244, 2772280.7605], [303814.4706, 2772281.0797]]]]}, "geometry_name": "the_geom", "properties": {"項次": "381", "名稱": "民生東路二段", "面積": "77.93991155", "體積": "false", "圖形": "面"}, "bbox": [303814.4524, 2772280.7605, 303841.268, 2772284.0641]}, {"type": "Feature", "id": "J0201-5.382", "geometry": {"type": "MultiPolygon", "coordinates": [[[[303834.7826, 2769260.8751], [303834.4454, 2769261.0467], [303736.4794, 2769229.7389], [303736.5266, 2769230.4089], [303736.549, 2769230.6375], [303736.6164, 2769230.8893], [303736.7266, 2769231.1255], [303736.794, 2769231.2315], [303736.8762, 2769231.3391], [303737.0604, 2769231.5235], [303737.274, 2769231.6729], [303737.5102, 2769231.7831], [303737.7068, 2769231.8397], [303778.1936, 2769244.7361], [303834.219, 2769262.6389], [303834.7826, 2769260.8751]]]]}, "geometry_name": "the_geom", "properties": {"項次": "382", "名稱": "金華街", "面積": "163.8714519", "體積": "false", "圖形": "面"}, "bbox": [303736.4794, 2769229.7389, 303834.7826, 2769262.6389]}, {"type": "Feature", "id": "J0201-5.383", "geometry": {"type": "MultiPolygon", "coordinates": [[[[303834.7826, 2769260.8751], [303835.7716, 2769257.7809], [303780.9434, 2769240.2943], [303778.41, 2769237.1185], [303774.9764, 2769236.0369], [303774.3304, 2769238.0875], [303764.6518, 2769235.0393], [303764.6302, 2769235.1043], [303736.4644, 2769225.9531], [303736.4536, 2769226.3031], [303736.3872, 2769228.4299], [303736.4794, 2769229.7389], [303834.4454, 2769261.0467], [303834.7826, 2769260.8751]]]]}, "geometry_name": "the_geom", "properties": {"項次": "383", "名稱": "金華街", "面積": "376.0218763", "體積": "false", "圖形": "面"}, "bbox": [303736.3872, 2769225.9531, 303835.7716, 2769261.0467]}, {"type": "Feature", "id": "J0201-5.416", "geometry": {"type": "MultiPolygon", "coordinates": [[[[304028.7566, 2770912.5937], [304025.4334, 2770910.0585], [304025.1934, 2770909.8776], [304024.9586, 2770909.6976], [304024.4632, 2770909.3184], [304018.5221, 2770904.8174], [304018.0433, 2770904.4557], [304015.8808, 2770902.8196], [304015.4021, 2770902.4579], [304011.8628, 2770899.7401], [304011.384, 2770899.3784], [304008.4413, 2770897.0956], [304003.9836, 2770893.6949], [303999.2952, 2770890.1182], [303989.8595, 2770882.9537], [303987.3312, 2770880.9912], [303986.5804, 2770880.4424], [303986.1027, 2770880.0794], [303982.687, 2770877.4482], [303980.9395, 2770877.8178], [303981.0774, 2770878.4697], [303981.4269, 2770879.755], [303981.8661, 2770880.6019], [303982.4297, 2770881.32], [303984.0095, 2770882.6078], [303988.6289, 2770886.1318], [304003.1381, 2770897.1778], [304021.8626, 2770911.4851], [304026.7701, 2770915.2288], [304058.832, 2770939.6881], [304059.1135, 2770939.8787], [304059.3511, 2770940.0064], [304059.6532, 2770940.132], [304059.9604, 2770940.2223], [304060.2942, 2770940.2816], [304060.614, 2770940.3027], [304060.9298, 2770940.29], [304061.2725, 2770940.238], [304061.5457, 2770940.1644], [304061.8004, 2770940.0743], [304062.1308, 2770939.9129], [304062.2878, 2770939.8174], [304062.6639, 2770939.5279], [304062.9532, 2770939.2272], [304063.2174, 2770938.883], [304062.5808, 2770938.3974], [304059.3418, 2770935.9264], [304051.3054, 2770929.7956], [304034.542, 2770917.0072], [304031.5695, 2770914.7396], [304028.7566, 2770912.5937]]]]}, "geometry_name": "the_geom", "properties": {"項次": "416", "名稱": "八德路二段", "面積": "0.91", "體積": "false", "圖形": "面"}, "bbox": [303980.9395, 2770877.4482, 304063.2174, 2770940.3027]}, {"type": "Feature", "id": "J0201-5.418", "geometry": {"type": "MultiPolygon", "coordinates": [[[[304116.0434, 2770969.6584], [304116.0092, 2770967.8826], [304114.9261, 2770967.8105], [304112.9967, 2770967.0765], [304107.1316, 2770964.2774], [304100.4929, 2770961.1146], [304097.6693, 2770959.6347], [304092.225, 2770956.7546], [304081.5532, 2770950.3812], [304076.9939, 2770947.512], [304076.4996, 2770947.1718], [304072.4763, 2770944.4493], [304072.0198, 2770944.1201], [304069.4398, 2770942.2596], [304068.8435, 2770940.5509], [304068.6687, 2770941.8654], [304068.6041, 2770942.3511], [304068.5011, 2770943.1262], [304068.4849, 2770943.2475], [304068.481, 2770943.4767], [304068.5101, 2770943.6376], [304068.5594, 2770943.7787], [304068.6282, 2770943.9094], [304068.7202, 2770944.0339], [304068.822, 2770944.1373], [304070.3187, 2770945.1587], [304073.3207, 2770947.1939], [304075.3904, 2770948.5971], [304077.843, 2770950.1995], [304080.053, 2770951.5691], [304083.9745, 2770953.9993], [304091.3206, 2770958.4334], [304099.0184, 2770962.36], [304100.723, 2770963.2424], [304102.3123, 2770964.0651], [304106.4866, 2770966.0836], [304112.4815, 2770968.8063], [304115.027, 2770969.7192], [304116.0434, 2770969.6584]]]]}, "geometry_name": "the_geom", "properties": {"項次": "418", "名稱": "八德路二段", "面積": "0.0", "體積": "false", "圖形": "面"}, "bbox": [304068.481, 2770940.5509, 304116.0434, 2770969.7192]}, {"type": "Feature", "id": "J0201-5.419", "geometry": {"type": "MultiPolygon", "coordinates": [[[[304185.6513, 2770984.3251], [304185.2429, 2770958.3835], [304184.8677, 2770915.5871], [304184.5979, 2770915.5863], [304182.4772, 2770916.1022], [304181.8242, 2770916.9322], [304181.7745, 2770918.9023], [304181.2637, 2770934.843], [304181.7527, 2770958.6532], [304181.8859, 2770963.2352], [304181.7417, 2770982.0137], [304181.7737, 2770982.2193], [304181.9941, 2770983.0419], [304182.3541, 2770983.8139], [304182.8427, 2770984.5117], [304183.1057, 2770984.8009], [304184.0205, 2770985.4325], [304185.6535, 2770986.0319], [304185.6513, 2770984.3251]]]]}, "geometry_name": "the_geom", "properties": {"項次": "419", "名稱": "建國北路一段", "面積": "73.91", "體積": "false", "圖形": "面"}, "bbox": [304181.2637, 2770915.5863, 304185.6535, 2770986.0319]}, {"type": "Feature", "id": "J0201-5.421", "geometry": {"type": "MultiPolygon", "coordinates": [[[[304204.2203, 2772118.4687], [304204.2291, 2772120.6957], [304358.2599, 2772117.0795], [304358.1899, 2772114.6785], [304205.4509, 2772118.3619], [304204.2203, 2772118.4687]]]]}, "geometry_name": "the_geom", "properties": {"項次": "421", "名稱": "興安街", "面積": "362.3922356", "體積": "false", "圖形": "面"}, "bbox": [304204.2203, 2772114.6785, 304358.2599, 2772120.6957]}, {"type": "Feature", "id": "J0201-5.436", "geometry": {"type": "MultiPolygon", "coordinates": [[[[304320.2309, 2772314.3375], [304396.1771, 2772313.4723], [304396.2609, 2772313.1465], [304396.2941, 2772312.7687], [304396.2609, 2772312.3909], [304396.1629, 2772312.0245], [304396.0025, 2772311.6807], [304395.8681, 2772311.4755], [304395.7851, 2772311.3701], [304395.5169, 2772311.1019], [304395.2061, 2772310.8845], [304394.8625, 2772310.7241], [304394.4961, 2772310.6259], [304394.1183, 2772310.5929], [304393.8527, 2772310.6091], [304320.3687, 2772311.4755], [304320.3315, 2772311.4791], [304320.2927, 2772311.4893], [304320.2561, 2772311.5065], [304320.2233, 2772311.5295], [304320.1949, 2772311.5579], [304320.1897, 2772311.5643], [304320.1717, 2772311.5909], [304320.1549, 2772311.6271], [304320.1445, 2772311.6661], [304320.1409, 2772311.7063], [304320.1445, 2772311.7463], [304320.1471, 2772311.7593], [304320.2309, 2772314.3375]]]]}, "geometry_name": "the_geom", "properties": {"項次": "436", "名稱": "民生東路三段", "面積": "217.7808871", "體積": "false", "圖形": "面"}, "bbox": [304320.1409, 2772310.5929, 304396.2941, 2772314.3375]}, {"type": "Feature", "id": "J0201-5.453", "geometry": {"type": "MultiPolygon", "coordinates": [[[[304389.7889, 2772119.8997], [304389.6335, 2772116.5803], [304389.6441, 2772116.3517], [304389.6063, 2772115.9199], [304389.4941, 2772115.5015], [304389.3109, 2772115.1087], [304389.2085, 2772114.9459], [304389.0627, 2772114.7539], [304388.7563, 2772114.4475], [304388.4013, 2772114.1989], [304388.0085, 2772114.0159], [304387.7739, 2772113.9433], [304362.2045, 2772114.5627], [304362.1987, 2772116.9771], [304381.6699, 2772116.4423], [304381.7175, 2772116.2083], [304386.0455, 2772115.9867], [304386.0855, 2772116.3903], [304389.4175, 2772119.9359], [304389.7889, 2772119.8997]]]]}, "geometry_name": "the_geom", "properties": {"項次": "453", "名稱": "興安街", "面積": "69.91748464", "體積": "false", "圖形": "面"}, "bbox": [304362.1987, 2772113.9433, 304389.7889, 2772119.9359]}, {"type": "Feature", "id": "J0201-5.454", "geometry": {"type": "MultiPolygon", "coordinates": [[[[304397.0349, 2771020.5888], [304390.8482, 2771019.6047], [304390.2649, 2771019.5096], [304383.6358, 2771018.4281], [304377.7109, 2771017.4802], [304314.0843, 2771006.848], [304313.493, 2771006.7459], [304309.5517, 2771006.0657], [304308.9598, 2771005.9636], [304308.6639, 2771005.9125], [304308.6348, 2771006.1428], [304308.6241, 2771006.2271], [304308.5801, 2771006.5747], [304308.5232, 2771007.0244], [304308.4902, 2771007.2853], [304308.4685, 2771007.4571], [304308.4602, 2771007.5348], [304308.4536, 2771007.647], [304308.4717, 2771007.9832], [304308.4902, 2771008.0938], [304308.5535, 2771008.3353], [304308.6464, 2771008.567], [304308.7675, 2771008.7853], [304308.8453, 2771008.8983], [304308.9166, 2771008.989], [304308.993, 2771009.0754], [304309.0743, 2771009.1572], [304309.2899, 2771009.3353], [304309.5282, 2771009.4816], [304309.6686, 2771009.548], [304309.7695, 2771009.5878], [304309.9057, 2771009.6319], [304310.2506, 2771009.7006], [304310.3982, 2771009.7276], [304311.6783, 2771009.9603], [304312.8534, 2771010.1714], [304313.4439, 2771010.2775], [304314.5734, 2771010.4814], [304314.7212, 2771010.5068], [304315.3126, 2771010.6084], [304315.4604, 2771010.6337], [304319.2231, 2771011.28], [304319.3709, 2771011.3054], [304319.9622, 2771011.4069], [304320.1101, 2771011.4323], [304323.869, 2771012.0779], [304324.0168, 2771012.1033], [304324.6082, 2771012.2048], [304324.756, 2771012.2302], [304328.4958, 2771012.8725], [304328.6436, 2771012.8979], [304329.2349, 2771012.9994], [304329.3828, 2771013.0248], [304333.1488, 2771013.6716], [304333.2966, 2771013.697], [304333.888, 2771013.7986], [304334.0358, 2771013.824], [304337.7872, 2771014.4523], [304337.9351, 2771014.4777], [304338.5264, 2771014.5793], [304338.6742, 2771014.6047], [304342.4411, 2771015.2217], [304342.589, 2771015.2471], [304343.1803, 2771015.3487], [304343.3281, 2771015.374], [304347.0723, 2771015.9873], [304347.2202, 2771016.0127], [304347.8115, 2771016.1143], [304347.9593, 2771016.1397], [304351.7263, 2771016.7524], [304351.8741, 2771016.7778], [304352.4655, 2771016.8794], [304352.6133, 2771016.9048], [304356.3623, 2771017.5209], [304356.5101, 2771017.5463], [304357.1015, 2771017.6478], [304357.2493, 2771017.6732], [304360.8702, 2771018.2529], [304361.0035, 2771018.2879], [304361.1513, 2771018.3133], [304361.7427, 2771018.4148], [304361.8905, 2771018.4402], [304365.9907, 2771019.1414], [304366.1386, 2771019.1667], [304366.7299, 2771019.2683], [304366.8777, 2771019.2937], [304369.0095, 2771019.6807], [304369.1573, 2771019.7061], [304369.7487, 2771019.8077], [304369.8965, 2771019.8331], [304372.0283, 2771020.2201], [304372.1761, 2771020.2455], [304372.7675, 2771020.3471], [304372.9153, 2771020.3725], [304375.0953, 2771020.7589], [304375.2431, 2771020.7843], [304375.8345, 2771020.8858], [304375.9823, 2771020.9112], [304377.1077, 2771021.0723], [304378.8876, 2771021.3416], [304381.2609, 2771021.7007], [304383.0409, 2771021.9701], [304385.5588, 2771022.3494], [304385.7066, 2771022.3748], [304386.298, 2771022.4764], [304386.4458, 2771022.5018], [304389.6381, 2771023.0663], [304390.2398, 2771023.1724], [304391.4691, 2771023.389], [304392.2612, 2771023.5306], [304392.409, 2771023.556], [304393.0004, 2771023.6575], [304393.1482, 2771023.6829], [304393.1477, 2771023.6857], [304394.4023, 2771023.9059], [304394.6665, 2771023.9525], [304394.9874, 2771023.9827], [304395.3089, 2771023.9609], [304395.6228, 2771023.8878], [304395.9128, 2771023.7693], [304396.1808, 2771023.6069], [304396.4201, 2771023.4047], [304396.6249, 2771023.1675], [304396.7902, 2771022.9013], [304396.9118, 2771022.6126], [304396.9284, 2771022.6126], [304397.3489, 2771020.6653], [304397.0349, 2771020.5888]]]]}, "geometry_name": "the_geom", "properties": {"項次": "454", "名稱": "八德路二段", "面積": "319.5698374", "體積": "false", "圖形": "面"}, "bbox": [304308.4536, 2771005.9125, 304397.3489, 2771023.9827]}, {"type": "Feature", "id": "J0201-5.457", "geometry": {"type": "MultiPolygon", "coordinates": [[[[304400.5953, 2772119.6039], [304404.0333, 2772115.9985], [304532.6241, 2772113.0041], [304535.5143, 2772115.7541], [304535.6969, 2772115.9393], [304535.5635, 2772113.0601], [304535.5429, 2772112.9223], [304535.4121, 2772112.4345], [304535.1985, 2772111.9769], [304534.9089, 2772111.5631], [304534.5517, 2772111.2061], [304534.2427, 2772110.9799], [304534.1379, 2772110.9163], [304533.6801, 2772110.7029], [304533.1923, 2772110.5721], [304532.6893, 2772110.5281], [304532.1861, 2772110.5721], [304532.1311, 2772110.5825], [304403.4711, 2772113.7181], [304401.4637, 2772114.1075], [304401.2541, 2772114.1787], [304400.9523, 2772114.4025], [304400.5687, 2772114.7859], [304400.2579, 2772115.2301], [304400.0737, 2772115.6047], [304400.1833, 2772119.5577], [304400.5633, 2772119.6047], [304400.5953, 2772119.6039]]]]}, "geometry_name": "the_geom", "properties": {"項次": "457", "名稱": "興安街", "面積": "328.9628235", "體積": "false", "圖形": "面"}, "bbox": [304400.0737, 2772110.5281, 304535.6969, 2772119.6047]}, {"type": "Feature", "id": "J0201-5.464", "geometry": {"type": "MultiPolygon", "coordinates": [[[[304456.296, 2771031.7988], [304455.1783, 2771031.5498], [304454.561, 2771031.4504], [304450.83, 2771030.8597], [304450.177, 2771030.7638], [304446.5253, 2771030.1488], [304445.8723, 2771030.0528], [304442.2206, 2771029.4378], [304441.5676, 2771029.3419], [304437.9159, 2771028.7268], [304437.2748, 2771028.6029], [304433.6109, 2771028.0182], [304432.9579, 2771027.9222], [304429.3468, 2771027.3049], [304428.6643, 2771027.1879], [304424.9988, 2771026.6129], [304424.3458, 2771026.517], [304420.7109, 2771025.8857], [304419.9277, 2771025.744], [304419.6982, 2771026.9621], [304419.6684, 2771027.1198], [304419.666, 2771027.4311], [304419.6707, 2771027.5009], [304419.6803, 2771027.5903], [304419.7198, 2771027.8035], [304419.7312, 2771027.8614], [304419.7621, 2771027.9504], [304419.8136, 2771028.0606], [304419.8767, 2771028.2309], [304419.9872, 2771028.4233], [304420.1327, 2771028.6033], [304420.2429, 2771028.7292], [304420.3007, 2771028.7963], [304420.3745, 2771028.8542], [304420.4873, 2771028.95], [304420.5917, 2771029.021], [304420.6799, 2771029.0739], [304420.8074, 2771029.14], [304420.8803, 2771029.1727], [304420.9821, 2771029.2128], [304421.1519, 2771029.2659], [304421.3415, 2771029.3064], [304422.8221, 2771029.5465], [304423.4148, 2771029.6403], [304423.7199, 2771029.6945], [304423.8679, 2771029.7186], [304424.4601, 2771029.8153], [304424.6081, 2771029.8394], [304428.0259, 2771030.3971], [304428.174, 2771030.4213], [304428.7661, 2771030.5179], [304428.9142, 2771030.5421], [304432.332, 2771031.0998], [304432.48, 2771031.1239], [304433.0722, 2771031.2206], [304433.2202, 2771031.2447], [304436.637, 2771031.8084], [304436.7851, 2771031.8326], [304437.3772, 2771031.9292], [304437.5253, 2771031.9534], [304440.9417, 2771032.5194], [304441.0898, 2771032.5436], [304441.6819, 2771032.6402], [304441.83, 2771032.6643], [304443.3778, 2771032.9322], [304445.2464, 2771033.2304], [304445.3944, 2771033.2545], [304445.9866, 2771033.3512], [304446.1347, 2771033.3753], [304449.5511, 2771033.9413], [304449.6991, 2771033.9655], [304450.2913, 2771034.0621], [304450.4393, 2771034.0863], [304451.6292, 2771034.2837], [304452.2212, 2771034.3815], [304453.7012, 2771034.6259], [304453.8569, 2771034.6454], [304454.0077, 2771034.6525], [304454.1403, 2771034.6494], [304454.5676, 2771034.5782], [304454.6309, 2771034.5593], [304454.7925, 2771034.5004], [304455.0807, 2771034.3526], [304455.3413, 2771034.1603], [304455.5674, 2771033.9284], [304455.749, 2771033.6701], [304455.8877, 2771033.3864], [304455.9721, 2771033.1187], [304456.1721, 2771032.2839], [304456.296, 2771031.7988]]]]}, "geometry_name": "the_geom", "properties": {"項次": "464", "名稱": "八德路二段", "面積": "117.9723212", "體積": "false", "圖形": "面"}, "bbox": [304419.666, 2771025.744, 304456.296, 2771034.6525]}, {"type": "Feature", "id": "J0201-5.469", "geometry": {"type": "MultiPolygon", "coordinates": [[[[304470.2406, 2771035.0493], [304470.0905, 2771035.83], [304469.9767, 2771036.426], [304469.9571, 2771036.55], [304469.9415, 2771036.7709], [304469.9428, 2771036.8792], [304469.9459, 2771036.9369], [304469.9847, 2771037.2151], [304470.0621, 2771037.4852], [304470.2091, 2771037.8004], [304470.4085, 2771038.0854], [304470.6542, 2771038.3315], [304470.9388, 2771038.5313], [304471.2537, 2771038.6788], [304471.5782, 2771038.7675], [304471.739, 2771038.7835], [304472.3275, 2771038.9006], [304472.4746, 2771038.9299], [304473.0533, 2771039.0398], [304473.6433, 2771039.1487], [304476.0175, 2771039.5713], [304476.1646, 2771039.6005], [304476.7531, 2771039.7176], [304476.9002, 2771039.7469], [304479.8413, 2771040.2772], [304480.4432, 2771040.3883], [304480.5903, 2771040.4176], [304481.1787, 2771040.5347], [304481.3259, 2771040.564], [304484.8688, 2771041.2054], [304485.0159, 2771041.2346], [304485.6044, 2771041.3517], [304485.7515, 2771041.381], [304489.2945, 2771042.0224], [304489.4416, 2771042.0517], [304490.03, 2771042.1688], [304490.1771, 2771042.198], [304493.7197, 2771042.8413], [304493.8668, 2771042.8706], [304494.4553, 2771042.9877], [304494.6024, 2771043.0169], [304498.145, 2771043.6604], [304498.2921, 2771043.6896], [304498.8805, 2771043.8067], [304499.0277, 2771043.836], [304500.3248, 2771044.0794], [304500.654, 2771044.1125], [304500.9129, 2771044.1002], [304501.168, 2771044.0546], [304501.4541, 2771043.9606], [304501.7228, 2771043.8248], [304501.7868, 2771043.7845], [304501.9915, 2771043.6304], [304502.1853, 2771043.4397], [304502.3514, 2771043.2245], [304503.5291, 2771041.4633], [304499.5443, 2771040.5996], [304498.9579, 2771040.4725], [304474.2515, 2771035.8544], [304473.6615, 2771035.7455], [304470.2406, 2771035.0493]]]]}, "geometry_name": "the_geom", "properties": {"項次": "469", "名稱": "八德路二段", "面積": "108.8601824", "體積": "false", "圖形": "面"}, "bbox": [304469.9415, 2771035.0493, 304503.5291, 2771044.1125]}, {"type": "Feature", "id": "J0201-5.481", "geometry": {"type": "MultiPolygon", "coordinates": [[[[304539.6192, 2771051.0417], [304528.3331, 2771048.0289], [304525.972, 2771047.3986], [304511.1422, 2771043.4398], [304510.5625, 2771043.285], [304506.816, 2771042.2849], [304506.8241, 2771042.6344], [304506.8438, 2771043.4749], [304506.8443, 2771043.4981], [304506.8538, 2771043.9023], [304506.8915, 2771044.2338], [304506.9837, 2771044.5545], [304507.0299, 2771044.6659], [304507.1117, 2771044.8272], [304507.2076, 2771044.9804], [304507.3564, 2771045.17], [304507.5001, 2771045.3162], [304507.6579, 2771045.447], [304507.6613, 2771045.4859], [304508.3446, 2771045.7777], [304508.4897, 2771045.8158], [304509.07, 2771045.9683], [304509.215, 2771046.0064], [304509.7938, 2771046.1645], [304510.3756, 2771046.3114], [304512.6975, 2771046.9217], [304512.8425, 2771046.9598], [304513.4228, 2771047.1123], [304513.5679, 2771047.1504], [304517.0503, 2771048.0657], [304517.1954, 2771048.1038], [304517.7757, 2771048.2563], [304517.9207, 2771048.2944], [304521.4032, 2771049.2097], [304521.5482, 2771049.2478], [304522.1285, 2771049.4003], [304522.2736, 2771049.4385], [304525.7526, 2771050.3675], [304525.8977, 2771050.4057], [304526.478, 2771050.5582], [304526.6231, 2771050.5963], [304527.6065, 2771050.8672], [304528.1856, 2771051.0245], [304529.3549, 2771051.3421], [304530.0967, 2771051.5474], [304530.2418, 2771051.5856], [304530.8221, 2771051.7381], [304530.9671, 2771051.7762], [304534.4431, 2771052.7178], [304534.5882, 2771052.756], [304535.1685, 2771052.9085], [304535.3136, 2771052.9466], [304536.9314, 2771053.3773], [304537.2652, 2771053.4364], [304537.6042, 2771053.4382], [304537.9387, 2771053.3828], [304538.2589, 2771053.2717], [304538.5558, 2771053.1081], [304538.7352, 2771052.9732], [304538.819, 2771052.8985], [304538.8961, 2771052.8216], [304539.0696, 2771052.612], [304539.213, 2771052.3808], [304539.3089, 2771052.1715], [304539.3801, 2771051.9525], [304539.6192, 2771051.0417]]]]}, "geometry_name": "the_geom", "properties": {"項次": "481", "名稱": "八德路二段", "面積": "97.48852612", "體積": "false", "圖形": "面"}, "bbox": [304506.816, 2771042.2849, 304539.6192, 2771053.4382]}, {"type": "Feature", "id": "J0201-5.482", "geometry": {"type": "MultiPolygon", "coordinates": [[[[304535.6969, 2772115.9393], [304535.5143, 2772115.7541], [304532.6241, 2772113.0041], [304404.0333, 2772115.9985], [304400.5953, 2772119.6039], [304535.3239, 2772116.1369], [304535.7035, 2772116.0817], [304535.6969, 2772115.9393]]]]}, "geometry_name": "the_geom", "properties": {"項次": "482", "名稱": "興安街", "面積": "443.2770185", "體積": "false", "圖形": "面"}, "bbox": [304400.5953, 2772113.0041, 304535.7035, 2772119.6039]}, {"type": "Feature", "id": "J0201-5.492", "geometry": {"type": "MultiPolygon", "coordinates": [[[[304560.1901, 2772311.4077], [304618.6438, 2772310.6821], [304618.624, 2772310.9029], [304670.6804, 2772310.1969], [304670.5912, 2772307.4821], [304670.5846, 2772307.4097], [304670.5652, 2772307.3371], [304670.5336, 2772307.2691], [304670.4906, 2772307.2077], [304670.4622, 2772307.1771], [304670.4376, 2772307.1547], [304670.3762, 2772307.1119], [304670.3082, 2772307.0801], [304670.2358, 2772307.0607], [304670.161, 2772307.0541], [304670.1548, 2772307.0543], [304621.4822, 2772307.7415], [304561.5793, 2772308.5357], [304560.5321, 2772308.6361], [304559.7375, 2772308.9055], [304559.6275, 2772308.9921], [304559.3539, 2772309.2657], [304559.1319, 2772309.5827], [304558.9685, 2772309.9335], [304558.8683, 2772310.3073], [304558.8395, 2772310.5415], [304558.7959, 2772311.4231], [304560.1901, 2772311.4077]]]]}, "geometry_name": "the_geom", "properties": {"項次": "492", "名稱": "民生東路三段", "面積": "334.0761725", "體積": "false", "圖形": "面"}, "bbox": [304558.7959, 2772307.0541, 304670.6804, 2772311.4231]}, {"type": "Feature", "id": "J0201-5.501", "geometry": {"type": "MultiPolygon", "coordinates": [[[[304608.1415, 2771070.1696], [304608.1317, 2771070.2967], [304607.9982, 2771072.0279], [304607.9925, 2771072.1562], [304608.0084, 2771072.4355], [304608.0633, 2771072.7099], [304608.086, 2771072.7851], [304608.139, 2771072.933], [304608.1701, 2771073.0051], [304608.2403, 2771073.1457], [304608.2797, 2771073.2137], [304608.3212, 2771073.2804], [304608.369, 2771073.3492], [304608.4722, 2771073.4814], [304608.6472, 2771073.6618], [304608.8058, 2771073.7917], [304609.0115, 2771073.9247], [304609.2319, 2771074.0315], [304609.4638, 2771074.1106], [304609.6085, 2771074.1502], [304610.1872, 2771074.3088], [304610.3318, 2771074.3484], [304610.9109, 2771074.5071], [304611.4897, 2771074.6657], [304613.8039, 2771075.2997], [304613.9485, 2771075.3394], [304614.5272, 2771075.4979], [304614.6719, 2771075.5375], [304618.1439, 2771076.4888], [304618.2886, 2771076.5285], [304618.8673, 2771076.687], [304619.0119, 2771076.7267], [304622.484, 2771077.678], [304622.6286, 2771077.7176], [304623.2073, 2771077.8762], [304623.352, 2771077.9158], [304626.8242, 2771078.8662], [304626.9689, 2771078.9059], [304627.5476, 2771079.0644], [304631.1784, 2771080.0039], [304631.323, 2771080.0436], [304631.9017, 2771080.2021], [304632.4173, 2771080.3331], [304634.1585, 2771080.788], [304635.5325, 2771081.1416], [304635.6772, 2771081.1812], [304636.2559, 2771081.3398], [304636.4005, 2771081.3794], [304639.8867, 2771082.2793], [304640.0313, 2771082.3189], [304640.61, 2771082.4775], [304643.18, 2771083.1277], [304643.1795, 2771083.1026], [304643.2666, 2771083.105], [304643.2957, 2771083.105], [304643.4118, 2771083.101], [304643.5276, 2771083.0905], [304643.8683, 2771083.0182], [304643.8983, 2771083.0088], [304643.9767, 2771082.9813], [304644.0156, 2771082.9666], [304644.2046, 2771082.8807], [304644.3838, 2771082.7759], [304644.5512, 2771082.653], [304644.5645, 2771082.642], [304644.6754, 2771082.5424], [304644.8257, 2771082.3795], [304644.8941, 2771082.2923], [304645.0337, 2771082.0749], [304645.1684, 2771081.7766], [304645.6594, 2771080.3984], [304645.3703, 2771080.316], [304644.792, 2771080.1512], [304640.9314, 2771079.0513], [304633.8571, 2771077.1727], [304633.2771, 2771077.0187], [304612.4542, 2771071.4447], [304611.9328, 2771071.3048], [304611.8749, 2771071.2875], [304609.4866, 2771070.5723], [304608.1415, 2771070.1696]]]]}, "geometry_name": "the_geom", "properties": {"項次": "501", "名稱": "八德路二段", "面積": "129.5151144", "體積": "false", "圖形": "面"}, "bbox": [304607.9925, 2771070.1696, 304645.6594, 2771083.1277]}, {"type": "Feature", "id": "J0201-5.513", "geometry": {"type": "MultiPolygon", "coordinates": [[[[304687.2636, 2772310.0363], [304709.474, 2772309.6319], [304709.4626, 2772306.4923], [304674.0938, 2772306.9779], [304674.0384, 2772306.9939], [304673.9718, 2772307.0251], [304673.9114, 2772307.0673], [304673.8594, 2772307.1193], [304673.8536, 2772307.1265], [304673.8174, 2772307.1793], [304673.7862, 2772307.2461], [304673.7672, 2772307.3173], [304673.7608, 2772307.3913], [304673.7764, 2772310.1647], [304687.2636, 2772310.0363]]]]}, "geometry_name": "the_geom", "properties": {"項次": "513", "名稱": "民生東路三段", "面積": "114.1203847", "體積": "false", "圖形": "面"}, "bbox": [304673.7608, 2772306.4923, 304709.474, 2772310.1647]}, {"type": "Feature", "id": "J0201-5.514", "geometry": {"type": "MultiPolygon", "coordinates": [[[[304705.0043, 2771096.0346], [304699.0875, 2771094.503], [304698.5065, 2771094.3526], [304659.9463, 2771084.3103], [304659.3067, 2771084.1474], [304654.1192, 2771082.9043], [304653.4485, 2771082.7439], [304653.3629, 2771082.7355], [304653.0801, 2771082.708], [304652.8782, 2771083.2683], [304652.7967, 2771083.5858], [304652.7681, 2771083.9068], [304652.7915, 2771084.2282], [304652.8662, 2771084.5417], [304652.9903, 2771084.8391], [304653.1606, 2771085.1127], [304653.3726, 2771085.3555], [304653.6208, 2771085.561], [304653.8988, 2771085.724], [304654.1994, 2771085.8402], [304654.2375, 2771085.8511], [304657.05, 2771086.625], [304658.2233, 2771086.9478], [304658.4205, 2771087.0025], [304658.5653, 2771087.0418], [304658.802, 2771087.1061], [304659.1443, 2771087.1991], [304659.289, 2771087.2384], [304664.5049, 2771088.6529], [304664.6496, 2771088.6922], [304665.2286, 2771088.8495], [304665.3053, 2771088.8673], [304665.3734, 2771088.8888], [304672.2094, 2771090.722], [304672.3542, 2771090.7613], [304672.9332, 2771090.9186], [304673.078, 2771090.9579], [304676.2644, 2771091.7639], [304676.4092, 2771091.8032], [304676.9882, 2771091.9605], [304677.1329, 2771091.9999], [304681.1294, 2771093.1292], [304681.2741, 2771093.1685], [304681.8531, 2771093.3258], [304681.9979, 2771093.3651], [304684.727, 2771094.07], [304684.8718, 2771094.1093], [304685.4508, 2771094.2666], [304685.5955, 2771094.306], [304689.832, 2771095.4461], [304689.9768, 2771095.4854], [304690.5558, 2771095.6427], [304690.7006, 2771095.6821], [304694.59, 2771096.772], [304695.3138, 2771096.9686], [304695.4585, 2771097.008], [304697.2226, 2771097.511], [304697.5994, 2771097.6076], [304698.1774, 2771097.7687], [304699.3317, 2771098.0904], [304699.9261, 2771098.2591], [304700.0709, 2771098.2984], [304700.6499, 2771098.4557], [304700.7946, 2771098.495], [304701.0158, 2771098.5597], [304702.107, 2771098.8638], [304702.4185, 2771098.9245], [304702.7357, 2771098.9351], [304703.0506, 2771098.8953], [304703.3553, 2771098.8063], [304703.6309, 2771098.6766], [304703.8835, 2771098.5066], [304704.1075, 2771098.3001], [304704.2975, 2771098.0621], [304704.4491, 2771097.7979], [304704.5589, 2771097.5138], [304704.6856, 2771097.0932], [304704.688, 2771097.0852], [304705.0043, 2771096.0346]]]]}, "geometry_name": "the_geom", "properties": {"項次": "514", "名稱": "八德路二段", "面積": "167.7298324", "體積": "false", "圖形": "面"}, "bbox": [304652.7681, 2771082.708, 304705.0043, 2771098.9351]}, {"type": "Feature", "id": "J0201-5.515", "geometry": {"type": "MultiPolygon", "coordinates": [[[[304708.6428, 2771222.0225], [304709.046, 2771224.9803], [304709.072, 2771225.1561], [304709.2096, 2771225.6705], [304709.4348, 2771226.1533], [304709.7404, 2771226.5895], [304710.1048, 2771226.9559], [304710.117, 2771226.9661], [304710.5534, 2771227.2715], [304711.036, 2771227.4967], [304711.5504, 2771227.6345], [304712.081, 2771227.6809], [304712.6114, 2771227.6345], [304713.1258, 2771227.4967], [304713.1314, 2771227.4945], [304824.4118, 2771225.9033], [304824.3522, 2771224.3455], [304713.1902, 2771226.3041], [304708.6428, 2771222.0225]]]]}, "geometry_name": "the_geom", "properties": {"項次": "515", "名稱": "長安東路二段", "面積": "165.0435081", "體積": "false", "圖形": "面"}, "bbox": [304708.6428, 2771222.0225, 304824.4118, 2771227.6809]}, {"type": "Feature", "id": "J0201-5.516", "geometry": {"type": "MultiPolygon", "coordinates": [[[[304709.474, 2772309.6319], [304687.2636, 2772310.0363], [304687.3518, 2772313.6293], [304709.4872, 2772313.2451], [304709.474, 2772309.6319]]]]}, "geometry_name": "the_geom", "properties": {"項次": "516", "名稱": "民生東路三段", "面積": "79.91116702", "體積": "false", "圖形": "面"}, "bbox": [304687.2636, 2772309.6319, 304709.4872, 2772313.6293]}, {"type": "Feature", "id": "J0201-5.517", "geometry": {"type": "MultiPolygon", "coordinates": [[[[304713.7914, 2771246.2555], [304713.8716, 2771246.1147], [304821.3214, 2771244.3247], [304824.037, 2771246.9419], [304824.687, 2771246.9303], [304824.6726, 2771246.1303], [304824.6626, 2771245.5821], [304821.5842, 2771242.5787], [304711.1302, 2771244.6425], [304711.0108, 2771244.6825], [304710.641, 2771244.8549], [304710.3066, 2771245.0889], [304710.1584, 2771245.2245], [304709.933, 2771245.5639], [304709.694, 2771246.0763], [304709.5478, 2771246.6225], [304709.4982, 2771247.1859], [304709.499, 2771247.2477], [304709.4412, 2771250.5583], [304713.7914, 2771246.2555]]]]}, "geometry_name": "the_geom", "properties": {"項次": "517", "名稱": "長安東路二段", "面積": "197.0774017", "體積": "false", "圖形": "面"}, "bbox": [304709.4412, 2771242.5787, 304824.687, 2771250.5583]}, {"type": "Feature", "id": "J0201-5.520", "geometry": {"type": "MultiPolygon", "coordinates": [[[[304786.165, 2772308.6767], [304786.0842, 2772308.6723], [304719.6394, 2772309.4991], [304719.6226, 2772313.1505], [304782.5164, 2772312.2079], [304786.3018, 2772312.1999], [304786.165, 2772308.6767]]]]}, "geometry_name": "the_geom", "properties": {"項次": "520", "名稱": "民生東路三段", "面積": "237.623077", "體積": "false", "圖形": "面"}, "bbox": [304719.6226, 2772308.6723, 304786.3018, 2772313.1505]}, {"type": "Feature", "id": "J0201-5.521", "geometry": {"type": "MultiPolygon", "coordinates": [[[[304786.165, 2772308.6767], [304786.1354, 2772307.9127], [304786.1362, 2772307.8439], [304786.0986, 2772307.4123], [304785.9864, 2772306.9937], [304785.8034, 2772306.6011], [304785.7206, 2772306.4681], [304785.5544, 2772306.2459], [304785.2482, 2772305.9395], [304784.8932, 2772305.6911], [304784.5004, 2772305.5079], [304784.4902, 2772305.5043], [304719.654, 2772306.3093], [304719.6394, 2772309.4991], [304786.0842, 2772308.6723], [304786.165, 2772308.6767]]]]}, "geometry_name": "the_geom", "properties": {"項次": "521", "名稱": "民生東路三段", "面積": "210.9471533", "體積": "false", "圖形": "面"}, "bbox": [304719.6394, 2772305.5043, 304786.165, 2772309.4991]}, {"type": "Feature", "id": "J0201-5.522", "geometry": {"type": "MultiPolygon", "coordinates": [[[[304793.8448, 2772308.5243], [304842.225, 2772307.9301], [304842.2202, 2772307.1577], [304842.1858, 2772306.8161], [304842.0814, 2772306.4263], [304841.9108, 2772306.0605], [304841.7052, 2772305.7613], [304841.6794, 2772305.7301], [304841.3942, 2772305.4447], [304841.0636, 2772305.2133], [304840.6978, 2772305.0427], [304840.308, 2772304.9383], [304840.0184, 2772304.9059], [304795.2032, 2772305.4643], [304794.9796, 2772305.4845], [304794.7532, 2772305.5453], [304794.5404, 2772305.6445], [304794.3484, 2772305.7789], [304794.2648, 2772305.8553], [304794.1828, 2772305.9447], [304794.0482, 2772306.1367], [304793.949, 2772306.3493], [304793.8884, 2772306.5759], [304793.868, 2772306.7917], [304793.8448, 2772308.5243]]]]}, "geometry_name": "the_geom", "properties": {"項次": "522", "名稱": "民生東路三段", "面積": "145.7959447", "體積": "false", "圖形": "面"}, "bbox": [304793.8448, 2772304.9059, 304842.225, 2772308.5243]}, {"type": "Feature", "id": "J0201-5.524", "geometry": {"type": "MultiPolygon", "coordinates": [[[[304826.0597, 2768917.8002], [304830.9468, 2768917.7304], [304831.4067, 2768917.7101], [304831.8589, 2768917.6235], [304832.2938, 2768917.4724], [304832.7023, 2768917.26], [304833.0758, 2768916.9908], [304833.4625, 2768916.6059], [304833.7775, 2768916.1605], [304834.0117, 2768915.6677], [304834.1581, 2768915.1421], [304834.2123, 2768914.5992], [304834.0889, 2768906.4795], [304833.4682, 2768838.6928], [304833.3931, 2768832.9594], [304833.3619, 2768832.3848], [304833.238, 2768831.8228], [304833.0246, 2768831.2883], [304832.7275, 2768830.7955], [304832.3884, 2768830.3917], [304831.9931, 2768830.0427], [304831.5503, 2768829.7563], [304831.0699, 2768829.5388], [304830.5625, 2768829.3952], [304830.0394, 2768829.3285], [304825.1447, 2768829.3851], [304825.2414, 2768856.5596], [304826.0597, 2768917.8002]]]]}, "geometry_name": "the_geom", "properties": {"項次": "524", "名稱": "復興南路二段", "面積": "727.1373344", "體積": "false", "圖形": "面"}, "bbox": [304825.1447, 2768829.3285, 304834.2123, 2768917.8002]}, {"type": "Feature", "id": "J0201-5.525", "geometry": {"type": "MultiPolygon", "coordinates": [[[[304826.129, 2768923.8372], [304826.3614, 2768938.1786], [304826.7826, 2768965.0374], [304831.6189, 2768964.8719], [304832.1061, 2768964.8521], [304832.5844, 2768964.7575], [304833.0424, 2768964.5904], [304833.4693, 2768964.3548], [304833.8548, 2768964.0563], [304834.1721, 2768963.7237], [304834.4378, 2768963.3485], [304834.6461, 2768962.9387], [304834.7928, 2768962.503], [304834.8747, 2768962.0507], [304834.89, 2768961.5912], [304834.5896, 2768941.2151], [304834.3762, 2768926.8376], [304834.3445, 2768926.3645], [304834.2392, 2768925.9021], [304834.0631, 2768925.4619], [304833.8203, 2768925.0546], [304833.5168, 2768924.6902], [304833.1216, 2768924.3494], [304832.6736, 2768924.0816], [304832.1863, 2768923.8947], [304831.6742, 2768923.7944], [304831.1524, 2768923.7835], [304826.129, 2768923.8372]]]]}, "geometry_name": "the_geom", "properties": {"項次": "525", "名稱": "復興南路二段", "面積": "332.1670701", "體積": "false", "圖形": "面"}, "bbox": [304826.129, 2768923.7835, 304834.89, 2768965.0374]}, {"type": "Feature", "id": "J0201-5.527", "geometry": {"type": "MultiPolygon", "coordinates": [[[[304826.758, 2769198.5277], [304826.7746, 2769199.9299], [304830.4572, 2769203.4593], [304830.8872, 2769237.7659], [304831.8738, 2769237.7771], [304835.7172, 2769233.8401], [304835.3022, 2769201.8325], [304834.9686, 2769201.1323], [304834.477, 2769200.4305], [304833.8712, 2769199.8245], [304833.2746, 2769199.3955], [304833.225, 2769199.3665], [304832.3666, 2769198.9663], [304831.4518, 2769198.7213], [304830.56, 2769198.6389], [304828.774, 2769198.5335], [304826.758, 2769198.5277]]]]}, "geometry_name": "the_geom", "properties": {"項次": "527", "名稱": "復興南路二段", "面積": "190.3263907", "體積": "false", "圖形": "面"}, "bbox": [304826.758, 2769198.5277, 304835.7172, 2769237.7771]}, {"type": "Feature", "id": "J0201-5.528", "geometry": {"type": "MultiPolygon", "coordinates": [[[[304827.8272, 2769028.9865], [304832.5133, 2769028.581], [304833.014, 2769028.562], [304833.5053, 2769028.4638], [304833.9747, 2769028.2888], [304834.4104, 2769028.0414], [304834.8013, 2769027.728], [304835.1369, 2769027.3572], [304835.4094, 2769026.9379], [304835.612, 2769026.4807], [304835.7396, 2769025.9972], [304835.7889, 2769025.4996], [304835.7587, 2769025.0004], [304835.7051, 2769022.0372], [304835.3373, 2768994.1005], [304835.1088, 2768976.0173], [304835.0102, 2768975.5472], [304834.8375, 2768975.0989], [304834.5951, 2768974.6842], [304834.2893, 2768974.3138], [304833.9262, 2768973.9958], [304833.5165, 2768973.7405], [304833.071, 2768973.5546], [304832.6015, 2768973.443], [304832.12, 2768973.4085], [304826.9068, 2768973.5061], [304827.1394, 2768990.4031], [304827.8088, 2769027.5501], [304827.8272, 2769028.9865]]]]}, "geometry_name": "the_geom", "properties": {"項次": "528", "名稱": "復興南路二段", "面積": "443.0886982", "體積": "false", "圖形": "面"}, "bbox": [304826.9068, 2768973.4085, 304835.7889, 2769028.9865]}, {"type": "Feature", "id": "J0201-5.530", "geometry": {"type": "MultiPolygon", "coordinates": [[[[304828.1286, 2769042.6007], [304828.3856, 2769079.8675], [304828.8939, 2769115.5192], [304829.2202, 2769124.5818], [304833.5217, 2769124.4588], [304834.038, 2769124.5058], [304834.5549, 2769124.4653], [304835.0576, 2769124.3384], [304835.5318, 2769124.1288], [304835.9639, 2769123.8423], [304836.2991, 2769123.5337], [304836.5849, 2769123.1788], [304836.815, 2769122.7856], [304836.9844, 2769122.3627], [304837.0894, 2769121.9193], [304837.1276, 2769121.4653], [304836.9356, 2769109.2479], [304836.5239, 2769080.4358], [304836.0441, 2769047.6512], [304835.9508, 2769044.0197], [304835.9292, 2769043.4551], [304835.8107, 2769042.9027], [304835.5989, 2769042.3789], [304835.2999, 2769041.8995], [304834.9301, 2769041.4856], [304834.4956, 2769041.1403], [304834.0089, 2769040.8735], [304833.4841, 2769040.6929], [304832.9363, 2769040.6037], [304829.3497, 2769040.6333], [304828.0929, 2769040.6518], [304828.1286, 2769042.6007]]]]}, "geometry_name": "the_geom", "properties": {"項次": "530", "名稱": "復興南路二段", "面積": "670.9176695", "體積": "false", "圖形": "面"}, "bbox": [304828.0929, 2769040.6037, 304837.1276, 2769124.5818]}, {"type": "Feature", "id": "J0201-5.531", "geometry": {"type": "MultiPolygon", "coordinates": [[[[304827.0945, 2769571.0228], [304829.665, 2769570.9996], [304829.8476, 2769570.9185], [304835.7005, 2769570.85], [304836.8262, 2769570.7674], [304837.9338, 2769570.55], [304838.7359, 2769570.2712], [304839.4831, 2769569.8677], [304841.029, 2769568.6824], [304842.3466, 2769567.2913], [304842.6786, 2769566.8236], [304842.9511, 2769566.3189], [304843.1601, 2769565.7847], [304843.4436, 2769564.6496], [304843.5729, 2769563.4868], [304843.5516, 2769555.7439], [304843.3774, 2769546.0768], [304842.9797, 2769521.5889], [304842.9219, 2769521.1794], [304842.8005, 2769520.784], [304842.6184, 2769520.4127], [304842.3802, 2769520.0745], [304842.0919, 2769519.778], [304841.798, 2769519.5545], [304841.4757, 2769519.3746], [304841.1313, 2769519.2416], [304840.7716, 2769519.1583], [304840.4038, 2769519.1263], [304835.2657, 2769519.2437], [304834.8722, 2769519.1375], [304834.8753, 2769519.4214], [304835.281, 2769544.2602], [304835.4872, 2769558.1676], [304828.071, 2769565.6799], [304826.9696, 2769565.6893], [304827.0945, 2769571.0228]]]]}, "geometry_name": "the_geom", "properties": {"項次": "531", "名稱": "復興南路二段", "面積": "474.8477321", "體積": "false", "圖形": "面"}, "bbox": [304826.9696, 2769519.1263, 304843.5729, 2769571.0228]}, {"type": "Feature", "id": "J0201-5.532", "geometry": {"type": "MultiPolygon", "coordinates": [[[[304827.2138, 2769605.1774], [304830.6597, 2769605.1705], [304836.3625, 2769610.7107], [304836.6083, 2769651.8384], [304837.0542, 2769684.8363], [304837.0912, 2769687.1962], [304842.0047, 2769687.0638], [304842.5027, 2769687.0591], [304842.9927, 2769686.9703], [304843.4607, 2769686.8001], [304843.8932, 2769686.5533], [304844.2778, 2769686.2369], [304844.597, 2769685.8689], [304844.8511, 2769685.4533], [304845.0329, 2769685.0014], [304845.1376, 2769684.5256], [304845.1622, 2769684.0391], [304845.1061, 2769683.5552], [304844.681, 2769650.8706], [304844.1529, 2769613.9784], [304844.0222, 2769607.0922], [304843.8917, 2769606.0456], [304843.6464, 2769605.0198], [304843.3695, 2769604.2967], [304842.9867, 2769603.6237], [304841.8644, 2769602.2071], [304840.3705, 2769600.8003], [304839.8377, 2769600.4156], [304839.2616, 2769600.0996], [304838.6508, 2769599.8571], [304837.3679, 2769599.5333], [304836.0527, 2769599.3884], [304829.1364, 2769599.4751], [304827.2138, 2769599.4859], [304827.2138, 2769605.1774]]]]}, "geometry_name": "the_geom", "properties": {"項次": "532", "名稱": "復興南路一段", "面積": "748.8735729", "體積": "false", "圖形": "面"}, "bbox": [304827.2138, 2769599.3884, 304845.1622, 2769687.1962]}, {"type": "Feature", "id": "J0201-5.533", "geometry": {"type": "MultiPolygon", "coordinates": [[[[304822.3529, 2771128.119], [304822.0398, 2771128.7954], [304821.4881, 2771128.6571], [304820.322, 2771128.3649], [304809.4339, 2771125.6205], [304772.7545, 2771115.9438], [304768.7582, 2771114.8778], [304768.6734, 2771115.2453], [304768.6726, 2771115.2487], [304768.6375, 2771115.401], [304768.5623, 2771115.7271], [304768.5603, 2771115.7361], [304768.5294, 2771115.8698], [304768.5022, 2771115.9879], [304768.4849, 2771116.0714], [304768.4607, 2771116.2413], [304768.4609, 2771116.2511], [304768.4556, 2771116.3032], [304768.4527, 2771116.356], [304768.4511, 2771116.4383], [304768.4528, 2771116.5207], [304768.4649, 2771116.6725], [304768.4695, 2771116.7085], [304768.4994, 2771116.8742], [304768.5787, 2771117.1403], [304768.5933, 2771117.1779], [304768.657, 2771117.3212], [304768.719, 2771117.4372], [304768.7536, 2771117.4949], [304768.8316, 2771117.6108], [304768.863, 2771117.653], [304768.8748, 2771117.6683], [304768.9032, 2771117.7031], [304768.9316, 2771117.7378], [304769.0384, 2771117.853], [304769.1285, 2771117.9375], [304769.1527, 2771117.9585], [304769.2019, 2771117.9992], [304769.2405, 2771118.0293], [304769.3321, 2771118.095], [304769.4136, 2771118.1471], [304769.5288, 2771118.2119], [304769.6578, 2771118.2732], [304769.6737, 2771118.28], [304769.8121, 2771118.3355], [304769.9341, 2771118.3693], [304770.3911, 2771118.4928], [304770.5358, 2771118.5321], [304771.3831, 2771118.757], [304771.9627, 2771118.9121], [304774.3916, 2771119.5588], [304774.5364, 2771119.5981], [304775.1154, 2771119.7554], [304775.2602, 2771119.7947], [304778.9331, 2771120.7522], [304779.0778, 2771120.7915], [304779.6568, 2771120.9488], [304779.8016, 2771120.9882], [304782.3688, 2771121.6671], [304782.5136, 2771121.7065], [304783.0926, 2771121.8638], [304783.2373, 2771121.9031], [304785.6153, 2771122.5602], [304785.76, 2771122.5996], [304786.339, 2771122.7569], [304786.4838, 2771122.7962], [304789.0131, 2771123.4919], [304789.1579, 2771123.5312], [304789.7369, 2771123.6885], [304789.8817, 2771123.7279], [304794.0794, 2771124.8448], [304794.2241, 2771124.8841], [304794.8031, 2771125.0414], [304794.9479, 2771125.0807], [304798.9294, 2771126.1657], [304799.0742, 2771126.2051], [304799.6532, 2771126.3624], [304799.798, 2771126.4017], [304803.9503, 2771127.4872], [304804.0951, 2771127.5265], [304804.6741, 2771127.6838], [304804.8188, 2771127.7231], [304808.2465, 2771128.6208], [304808.3912, 2771128.6601], [304808.9703, 2771128.8174], [304809.115, 2771128.8568], [304811.4058, 2771129.4898], [304813.3231, 2771130.0162], [304813.4679, 2771130.0555], [304814.0469, 2771130.2128], [304814.1917, 2771130.2522], [304818.4422, 2771131.3725], [304818.5869, 2771131.4119], [304818.7218, 2771131.4475], [304819.166, 2771131.5692], [304819.3107, 2771131.6085], [304819.8388, 2771131.7581], [304820.012, 2771131.798], [304820.1881, 2771131.8225], [304820.5058, 2771131.8269], [304820.8202, 2771131.7809], [304821.1234, 2771131.6858], [304821.4076, 2771131.5438], [304821.6658, 2771131.3586], [304821.8914, 2771131.1348], [304822.0787, 2771130.8782], [304822.223, 2771130.5952], [304822.3206, 2771130.293], [304822.3692, 2771129.9791], [304822.3745, 2771129.8057], [304822.3721, 2771129.6161], [304822.3702, 2771129.4682], [304822.3604, 2771128.7058], [304822.3529, 2771128.119]]]]}, "geometry_name": "the_geom", "properties": {"項次": "533", "名稱": "八德路二段", "面積": "0.0", "體積": "false", "圖形": "面"}, "bbox": [304768.4511, 2771114.8778, 304822.3745, 2771131.8269]}, {"type": "Feature", "id": "J0201-5.534", "geometry": {"type": "MultiPolygon", "coordinates": [[[[304830.1478, 2769186.3503], [304833.8932, 2769186.0986], [304834.4434, 2769186.1292], [304834.992, 2769186.0776], [304835.5269, 2769185.945], [304836.0361, 2769185.7344], [304836.5083, 2769185.4503], [304836.9222, 2769185.1095], [304837.2824, 2769184.7123], [304837.5814, 2769184.2673], [304837.8128, 2769183.7836], [304837.9717, 2769183.2715], [304837.7672, 2769167.9953], [304837.2907, 2769135.5774], [304837.261, 2769135.0504], [304837.1421, 2769134.5362], [304836.9375, 2769134.0496], [304836.6531, 2769133.605], [304836.2972, 2769133.2152], [304835.8918, 2769132.8991], [304835.4396, 2769132.6546], [304834.9531, 2769132.4883], [304834.4458, 2769132.405], [304833.9317, 2769132.4068], [304829.1333, 2769132.4664], [304829.6447, 2769168.8221], [304830.1254, 2769184.8083], [304830.1478, 2769186.3503]]]]}, "geometry_name": "the_geom", "properties": {"項次": "534", "名稱": "復興南路二段", "面積": "429.6078392", "體積": "false", "圖形": "面"}, "bbox": [304829.1333, 2769132.405, 304837.9717, 2769186.3503]}, {"type": "Feature", "id": "J0201-5.535", "geometry": {"type": "MultiPolygon", "coordinates": [[[[304822.3566, 2771128.1188], [304822.0435, 2771128.7952], [304821.4918, 2771128.6569], [304820.3257, 2771128.3647], [304809.4376, 2771125.6203], [304772.7582, 2771115.9436], [304768.7619, 2771114.8776], [304768.6771, 2771115.2451], [304768.6763, 2771115.2485], [304768.6412, 2771115.4008], [304768.566, 2771115.7269], [304768.564, 2771115.7359], [304768.5331, 2771115.8696], [304768.5059, 2771115.9877], [304768.4886, 2771116.0712], [304768.4644, 2771116.2411], [304768.4646, 2771116.2509], [304768.4593, 2771116.303], [304768.4564, 2771116.3558], [304768.4548, 2771116.4381], [304768.4565, 2771116.5205], [304768.4686, 2771116.6723], [304768.4732, 2771116.7083], [304768.5031, 2771116.874], [304768.5824, 2771117.1401], [304768.597, 2771117.1777], [304768.6607, 2771117.321], [304768.7227, 2771117.437], [304768.7573, 2771117.4947], [304768.8353, 2771117.6106], [304768.8667, 2771117.6528], [304768.8785, 2771117.6681], [304768.9069, 2771117.7029], [304768.9353, 2771117.7376], [304769.0421, 2771117.8528], [304769.1322, 2771117.9373], [304769.1564, 2771117.9583], [304769.2056, 2771117.999], [304769.2442, 2771118.0291], [304769.3358, 2771118.0948], [304769.4173, 2771118.1469], [304769.5325, 2771118.2117], [304769.6615, 2771118.273], [304769.6774, 2771118.2798], [304769.8158, 2771118.3353], [304769.9378, 2771118.3691], [304770.3948, 2771118.4926], [304770.5395, 2771118.5319], [304771.3868, 2771118.7568], [304771.9664, 2771118.9119], [304774.3953, 2771119.5586], [304774.5401, 2771119.5979], [304775.1191, 2771119.7552], [304775.2639, 2771119.7945], [304778.9368, 2771120.752], [304779.0815, 2771120.7913], [304779.6605, 2771120.9486], [304779.8053, 2771120.988], [304782.3725, 2771121.6669], [304782.5173, 2771121.7063], [304783.0963, 2771121.8636], [304783.241, 2771121.9029], [304785.619, 2771122.56], [304785.7637, 2771122.5994], [304786.3427, 2771122.7567], [304786.4875, 2771122.796], [304789.0168, 2771123.4917], [304789.1616, 2771123.531], [304789.7406, 2771123.6883], [304789.8854, 2771123.7277], [304794.0831, 2771124.8446], [304794.2278, 2771124.8839], [304794.8068, 2771125.0412], [304794.9516, 2771125.0805], [304798.9331, 2771126.1655], [304799.0779, 2771126.2049], [304799.6569, 2771126.3622], [304799.8017, 2771126.4015], [304803.954, 2771127.487], [304804.0988, 2771127.5263], [304804.6778, 2771127.6836], [304804.8225, 2771127.7229], [304808.2502, 2771128.6206], [304808.3949, 2771128.6599], [304808.974, 2771128.8172], [304809.1187, 2771128.8566], [304811.4095, 2771129.4896], [304813.3268, 2771130.016], [304813.4716, 2771130.0553], [304814.0506, 2771130.2126], [304814.1954, 2771130.252], [304818.4459, 2771131.3723], [304818.5906, 2771131.4117], [304818.7255, 2771131.4473], [304819.1697, 2771131.569], [304819.3144, 2771131.6083], [304819.8425, 2771131.7579], [304820.0157, 2771131.7979], [304820.1918, 2771131.8223], [304820.5095, 2771131.8267], [304820.8239, 2771131.7808], [304821.1271, 2771131.6856], [304821.4113, 2771131.5436], [304821.6695, 2771131.3584], [304821.8951, 2771131.1347], [304822.0824, 2771130.878], [304822.2267, 2771130.595], [304822.3243, 2771130.2928], [304822.3729, 2771129.9789], [304822.3782, 2771129.8055], [304822.3758, 2771129.6159], [304822.3739, 2771129.468], [304822.3641, 2771128.7056], [304822.3566, 2771128.1188]]]]}, "geometry_name": "the_geom", "properties": {"項次": "535", "名稱": "八德路二段", "面積": "175.6082464", "體積": "false", "圖形": "面"}, "bbox": [304768.4548, 2771114.8776, 304822.3782, 2771131.8267]}, {"type": "Feature", "id": "J0201-5.536", "geometry": {"type": "MultiPolygon", "coordinates": [[[[304832.057, 2769327.1497], [304836.5482, 2769326.9532], [304837.0638, 2769326.9495], [304837.5725, 2769326.8654], [304838.0619, 2769326.7031], [304838.5201, 2769326.4665], [304838.9357, 2769326.1613], [304839.29, 2769325.8053], [304839.5862, 2769325.3996], [304839.8173, 2769324.9536], [304839.978, 2769324.4777], [304840.0645, 2769323.9829], [304840.0749, 2769323.4807], [304840.0419, 2769321.0387], [304839.5887, 2769294.3257], [304838.7571, 2769246.9209], [304838.7618, 2769246.4312], [304838.6906, 2769245.9466], [304838.5452, 2769245.4789], [304838.3292, 2769245.0394], [304838.0476, 2769244.6386], [304837.6839, 2769244.2657], [304837.2639, 2769243.9578], [304836.7988, 2769243.7233], [304836.3015, 2769243.5686], [304835.7855, 2769243.4978], [304830.6891, 2769243.4886], [304831.4715, 2769299.5127], [304832.057, 2769326.0107], [304832.057, 2769327.1497]]]]}, "geometry_name": "the_geom", "properties": {"項次": "536", "名稱": "復興南路二段", "面積": "673.382589", "體積": "false", "圖形": "面"}, "bbox": [304830.6891, 2769243.4886, 304840.0749, 2769327.1497]}, {"type": "Feature", "id": "J0201-5.538", "geometry": {"type": "MultiPolygon", "coordinates": [[[[304836.2388, 2769879.4293], [304842.7326, 2769879.3741], [304843.5187, 2769879.295], [304844.2876, 2769879.1133], [304844.6575, 2769878.9754], [304845.0087, 2769878.7951], [304845.3362, 2769878.5747], [304846.377, 2769877.6289], [304846.804, 2769877.1225], [304847.1826, 2769876.5789], [304847.4278, 2769876.1052], [304847.5897, 2769875.597], [304847.7058, 2769874.8839], [304847.7325, 2769874.1619], [304847.456, 2769851.6994], [304847.2164, 2769832.1969], [304846.6553, 2769790.4767], [304846.4621, 2769779.0812], [304846.049, 2769778.6414], [304845.5853, 2769778.2555], [304845.0778, 2769777.9292], [304844.4, 2769777.615], [304843.6825, 2769777.4069], [304842.9418, 2769777.3099], [304838.6743, 2769777.3015], [304839.2908, 2769832.6528], [304839.5503, 2769851.2354], [304839.8567, 2769874.2717], [304836.2112, 2769877.8475], [304836.2388, 2769879.4293]]]]}, "geometry_name": "the_geom", "properties": {"項次": "538", "名稱": "復興南路一段", "面積": "808.6127815", "體積": "false", "圖形": "面"}, "bbox": [304836.2112, 2769777.3015, 304847.7325, 2769879.4293]}, {"type": "Feature", "id": "J0201-5.539", "geometry": {"type": "MultiPolygon", "coordinates": [[[[304836.5628, 2769891.6047], [304836.5868, 2769893.2687], [304837.0393, 2769927.0848], [304837.0713, 2769927.5981], [304840.1301, 2769927.5933], [304840.4183, 2769950.1333], [304840.6809, 2769964.8278], [304837.4049, 2769964.7886], [304837.8502, 2769999.3134], [304845.678, 2769999.2418], [304846.4098, 2769998.9587], [304846.678, 2769998.8114], [304846.9294, 2769998.637], [304847.5273, 2769998.1055], [304848.0274, 2769997.5174], [304848.1552, 2769997.3104], [304848.2482, 2769997.0857], [304848.3039, 2769996.8489], [304848.34, 2769996.3208], [304848.2889, 2769995.794], [304847.6502, 2769949.6851], [304847.1362, 2769913.9751], [304846.9207, 2769896.6919], [304846.9246, 2769895.9415], [304846.8248, 2769895.1977], [304846.7248, 2769894.8264], [304846.5807, 2769894.4699], [304846.3948, 2769894.1333], [304846.0106, 2769893.5931], [304845.5712, 2769893.0967], [304845.0226, 2769892.5899], [304844.4286, 2769892.137], [304844.0218, 2769891.8945], [304843.5863, 2769891.7082], [304843.13, 2769891.5814], [304842.2335, 2769891.4678], [304841.3302, 2769891.4952], [304836.5628, 2769891.6047]]]]}, "geometry_name": "the_geom", "properties": {"項次": "539", "名稱": "復興南路一段", "面積": "993.1567462", "體積": "false", "圖形": "面"}, "bbox": [304836.5628, 2769891.4678, 304848.34, 2769999.3134]}, {"type": "Feature", "id": "J0201-5.540", "geometry": {"type": "MultiPolygon", "coordinates": [[[[304838.2514, 2769769.5286], [304843.1364, 2769769.2757], [304843.6193, 2769769.2302], [304844.0904, 2769769.1145], [304844.5394, 2769768.9311], [304844.9567, 2769768.6838], [304845.3333, 2769768.378], [304845.6781, 2769767.9985], [304845.96, 2769767.5702], [304846.1722, 2769767.1035], [304846.3096, 2769766.6095], [304846.3688, 2769766.1002], [304846.0761, 2769745.9885], [304845.7068, 2769721.5834], [304845.3499, 2769698.598], [304845.3515, 2769698.0906], [304845.2732, 2769697.5893], [304845.1169, 2769697.1066], [304844.8865, 2769696.6545], [304844.5878, 2769696.2443], [304844.2584, 2769695.9123], [304843.8843, 2769695.6316], [304843.4735, 2769695.4082], [304843.0345, 2769695.2468], [304842.5767, 2769695.1509], [304842.1099, 2769695.1225], [304837.1649, 2769695.1577], [304837.4999, 2769721.6915], [304837.8484, 2769744.8153], [304838.2514, 2769769.5286]]]]}, "geometry_name": "the_geom", "properties": {"項次": "540", "名稱": "復興南路一段", "面積": "603.1895487", "體積": "false", "圖形": "面"}, "bbox": [304837.1649, 2769695.1225, 304846.3688, 2769769.5286]}, {"type": "Feature", "id": "J0201-5.541", "geometry": {"type": "MultiPolygon", "coordinates": [[[[304839.6976, 2769511.0923], [304840.1702, 2769511.0797], [304840.6346, 2769510.9928], [304841.0796, 2769510.8335], [304841.494, 2769510.6063], [304841.8674, 2769510.3163], [304842.1826, 2769509.9809], [304842.4426, 2769509.6007], [304842.641, 2769509.1853], [304842.7731, 2769508.7442], [304842.8359, 2769508.2879], [304842.8279, 2769507.8277], [304842.5764, 2769492.1878], [304841.5374, 2769417.7594], [304840.8332, 2769368.2077], [304840.3566, 2769338.9571], [304840.3342, 2769338.5043], [304840.2463, 2769338.0597], [304840.095, 2769337.6325], [304839.8834, 2769337.2317], [304839.6158, 2769336.8657], [304839.298, 2769336.5426], [304838.9362, 2769336.2685], [304838.5384, 2769336.0498], [304838.113, 2769335.8911], [304837.6689, 2769335.7959], [304837.2159, 2769335.7661], [304836.7636, 2769335.8025], [304832.3959, 2769335.7989], [304828.6462, 2769335.9591], [304828.675, 2769337.0097], [304828.6755, 2769337.0435], [304829.7328, 2769409.5767], [304829.8142, 2769418.2835], [304829.8204, 2769418.3927], [304829.8102, 2769418.5015], [304829.7839, 2769418.6077], [304829.7422, 2769418.7089], [304829.686, 2769418.8025], [304829.6163, 2769418.8869], [304829.5208, 2769418.9707], [304829.4124, 2769419.0365], [304829.2939, 2769419.0829], [304829.1694, 2769419.1081], [304828.149, 2769419.1403], [304828.5862, 2769432.94], [304830.0704, 2769432.893], [304830.7756, 2769487.422], [304831.1248, 2769511.2855], [304839.6976, 2769511.0923]]]]}, "geometry_name": "the_geom", "properties": {"項次": "541", "名稱": "復興南路二段", "面積": "2070.051121", "體積": "false", "圖形": "面"}, "bbox": [304828.149, 2769335.7661, 304842.8359, 2769511.2855]}, {"type": "Feature", "id": "J0201-5.542", "geometry": {"type": "MultiPolygon", "coordinates": [[[[304838.2782, 2770068.5479], [304843.9245, 2770068.4542], [304844.947, 2770068.2594], [304845.9371, 2770067.9381], [304846.623, 2770067.5964], [304847.2405, 2770067.1427], [304848.4606, 2770065.8908], [304849.5028, 2770064.4217], [304849.8541, 2770063.7053], [304850.08, 2770062.9401], [304850.2293, 2770061.8794], [304850.2447, 2770060.8084], [304850.1481, 2770054.2827], [304849.5053, 2770010.9104], [304849.5341, 2770010.3519], [304849.4689, 2770009.7965], [304849.3113, 2770009.2599], [304849.066, 2770008.7573], [304848.7398, 2770008.303], [304848.3997, 2770007.9591], [304848.0133, 2770007.6683], [304847.5887, 2770007.4366], [304847.135, 2770007.2691], [304846.6618, 2770007.1692], [304841.1184, 2770007.1789], [304841.2624, 2770013.3541], [304841.8965, 2770057.7346], [304842.1886, 2770057.9762], [304836.4988, 2770063.6529], [304838.2782, 2770068.5479]]]]}, "geometry_name": "the_geom", "properties": {"項次": "542", "名稱": "復興南路一段", "面積": "531.9590202", "體積": "false", "圖形": "面"}, "bbox": [304836.4988, 2770007.1692, 304850.2447, 2770068.5479]}, {"type": "Feature", "id": "J0201-5.543", "geometry": {"type": "MultiPolygon", "coordinates": [[[[304843.1728, 2770129.3572], [304844.1438, 2770183.1696], [304844.4601, 2770207.45], [304848.8844, 2770207.4171], [304849.3386, 2770207.423], [304849.789, 2770207.364], [304850.2264, 2770207.2414], [304850.6419, 2770207.0578], [304851.0269, 2770206.8167], [304851.3903, 2770206.5068], [304851.7031, 2770206.1459], [304851.9583, 2770205.7423], [304852.1502, 2770205.3049], [304852.2743, 2770204.8437], [304852.3023, 2770204.3022], [304852.058, 2770183.0761], [304851.2354, 2770126.29], [304851.2387, 2770125.4777], [304851.1601, 2770124.6693], [304851.04, 2770124.1414], [304850.8413, 2770123.6378], [304850.0058, 2770122.1283], [304849.7059, 2770121.6925], [304849.369, 2770121.2845], [304849.0397, 2770120.9504], [304848.6821, 2770120.6466], [304847.1543, 2770119.5653], [304846.5119, 2770119.2219], [304845.8227, 2770118.9863], [304844.8132, 2770118.7905], [304843.7879, 2770118.7108], [304838.0376, 2770118.9079], [304837.0789, 2770118.9278], [304837.178, 2770123.7009], [304843.1728, 2770129.3572]]]]}, "geometry_name": "the_geom", "properties": {"項次": "543", "名稱": "復興南路一段", "面積": "740.6192838", "體積": "false", "圖形": "面"}, "bbox": [304837.0789, 2770118.7108, 304852.3023, 2770207.45]}, {"type": "Feature", "id": "J0201-5.546", "geometry": {"type": "MultiPolygon", "coordinates": [[[[304844.305, 2770514.0031], [304844.3328, 2770518.7521], [304850.2142, 2770524.4831], [304850.7396, 2770548.4239], [304851.423, 2770581.2031], [304852.3324, 2770601.1187], [304852.873, 2770634.2641], [304852.8796, 2770636.4681], [304857.2474, 2770631.0131], [304857.133, 2770627.0205], [304855.774, 2770557.1009], [304855.0194, 2770524.3897], [304855.1088, 2770522.9837], [304854.9908, 2770521.3707], [304854.6494, 2770520.0753], [304854.2678, 2770519.2725], [304853.3148, 2770517.7625], [304852.0966, 2770516.1873], [304851.589, 2770515.6849], [304850.9674, 2770515.2495], [304850.6978, 2770515.1063], [304849.483, 2770514.5909], [304848.1182, 2770514.1675], [304847.1808, 2770514.0041], [304847.0246, 2770513.9917], [304845.5614, 2770513.9935], [304845.5234, 2770513.9961], [304844.305, 2770514.0031]]]]}, "geometry_name": "the_geom", "properties": {"項次": "546", "名稱": "復興南路一段", "面積": "585.6787012", "體積": "false", "圖形": "面"}, "bbox": [304844.305, 2770513.9917, 304857.2474, 2770636.4681]}, {"type": "Feature", "id": "J0201-5.547", "geometry": {"type": "MultiPolygon", "coordinates": [[[[304846.1106, 2770294.0994], [304850.892, 2770293.9087], [304851.3286, 2770293.8706], [304851.7556, 2770293.7722], [304852.1648, 2770293.6152], [304852.5481, 2770293.4028], [304852.8981, 2770293.1391], [304853.2262, 2770292.8081], [304853.5017, 2770292.4321], [304853.7186, 2770292.0195], [304853.8719, 2770291.5793], [304853.9584, 2770291.1213], [304853.8738, 2770288.1291], [304853.4449, 2770263.4913], [304852.6229, 2770218.1925], [304852.6014, 2770217.7162], [304852.5068, 2770217.2488], [304852.3415, 2770216.8016], [304852.1092, 2770216.3851], [304851.8156, 2770216.0094], [304851.48, 2770215.6933], [304851.1011, 2770215.4307], [304850.6874, 2770215.2274], [304850.248, 2770215.0879], [304849.7927, 2770215.0154], [304849.3317, 2770215.0115], [304844.7515, 2770215.1193], [304845.1834, 2770242.4269], [304845.8191, 2770277.5185], [304846.1106, 2770294.0994]]]]}, "geometry_name": "the_geom", "properties": {"項次": "547", "名稱": "復興南路一段", "面積": "616.7877684", "體積": "false", "圖形": "面"}, "bbox": [304844.7515, 2770215.0115, 304853.9584, 2770294.0994]}, {"type": "Feature", "id": "J0201-5.548", "geometry": {"type": "MultiPolygon", "coordinates": [[[[304847.4803, 2770386.144], [304849.8239, 2770386.0959], [304850.3231, 2770386.1308], [304850.8221, 2770386.0947], [304851.3111, 2770385.9885], [304851.7801, 2770385.8142], [304852.2198, 2770385.5754], [304852.671, 2770385.2334], [304853.0617, 2770384.8236], [304853.3819, 2770384.3566], [304853.6234, 2770383.8445], [304853.7799, 2770383.3004], [304853.8166, 2770380.4266], [304853.5278, 2770361.5213], [304853.0169, 2770327.9868], [304852.7703, 2770309.8282], [304852.6668, 2770307.7332], [304852.5835, 2770307.247], [304852.419, 2770306.7819], [304852.178, 2770306.3515], [304851.8675, 2770305.9682], [304851.5505, 2770305.6838], [304851.1952, 2770305.4488], [304850.8094, 2770305.2685], [304850.4013, 2770305.1466], [304849.9797, 2770305.0859], [304844.7236, 2770305.114], [304830.7952, 2770305.3833], [304830.8395, 2770308.9024], [304842.4466, 2770308.6549], [304842.8132, 2770327.9175], [304843.0801, 2770344.3301], [304846.9109, 2770345.4558], [304847.1474, 2770361.8971], [304847.4944, 2770384.8314], [304847.4803, 2770386.144]]]]}, "geometry_name": "the_geom", "properties": {"項次": "548", "名稱": "復興南路一段", "面積": "706.2522272", "體積": "false", "圖形": "面"}, "bbox": [304830.7952, 2770305.0859, 304853.8166, 2770386.144]}, {"type": "Feature", "id": "J0201-5.549", "geometry": {"type": "MultiPolygon", "coordinates": [[[[304854.1192, 2770477.0557], [304853.4456, 2770443.6121], [304852.7052, 2770394.8099], [304852.6346, 2770394.6751], [304852.4498, 2770394.4111], [304852.222, 2770394.1833], [304851.958, 2770393.9985], [304851.8824, 2770393.9571], [304851.6662, 2770393.8623], [304851.355, 2770393.7789], [304851.034, 2770393.7509], [304850.7802, 2770393.7683], [304847.7462, 2770393.8721], [304848.5984, 2770449.1885], [304848.6558, 2770450.9465], [304849.1686, 2770478.6341], [304849.2122, 2770482.8959], [304850.757, 2770481.9091], [304851.1586, 2770481.5793], [304852.9994, 2770479.4551], [304854.1192, 2770477.0557]]]]}, "geometry_name": "the_geom", "properties": {"項次": "549", "名稱": "復興南路一段", "面積": "429.3419271", "體積": "false", "圖形": "面"}, "bbox": [304847.7462, 2770393.7509, 304854.1192, 2770482.8959]}, {"type": "Feature", "id": "J0201-5.550", "geometry": {"type": "MultiPolygon", "coordinates": [[[[304854.1706, 2770666.7175], [304853.8789, 2770681.8653], [304853.6834, 2770690.3758], [304853.8017, 2770695.0618], [304853.8116, 2770695.9362], [304854.93, 2770749.7133], [304855.5559, 2770779.5084], [304855.6718, 2770784.0045], [304858.7997, 2770783.9241], [304859.2783, 2770783.8136], [304859.735, 2770783.6329], [304860.1597, 2770783.3862], [304860.5429, 2770783.0789], [304860.8759, 2770782.7179], [304861.1869, 2770782.2478], [304861.4129, 2770781.7314], [304861.5474, 2770781.184], [304861.5863, 2770780.6217], [304861.5284, 2770780.061], [304861.4766, 2770776.1741], [304860.9329, 2770749.0341], [304859.9553, 2770695.7776], [304859.9692, 2770695.7917], [304859.4043, 2770668.2037], [304859.4093, 2770667.6927], [304859.3403, 2770667.1864], [304859.1989, 2770666.6954], [304858.988, 2770666.23], [304858.712, 2770665.7999], [304858.3489, 2770665.3868], [304857.9259, 2770665.0352], [304857.4534, 2770664.7536], [304856.9429, 2770664.549], [304854.0864, 2770664.5075], [304854.1706, 2770666.7175]]]]}, "geometry_name": "the_geom", "properties": {"項次": "550", "名稱": "復興南路一段", "面積": "707.9646857", "體積": "false", "圖形": "面"}, "bbox": [304853.6834, 2770664.5075, 304861.5863, 2770784.0045]}, {"type": "Feature", "id": "J0201-5.551", "geometry": {"type": "MultiPolygon", "coordinates": [[[[304854.7268, 2770835.1943], [304855.8211, 2770835.3024], [304856.3642, 2770835.2457], [304856.8945, 2770835.1159], [304858.509, 2770834.5034], [304858.8912, 2770834.3083], [304859.2496, 2770834.0724], [304859.7808, 2770833.6358], [304860.265, 2770833.1476], [304860.7255, 2770832.5813], [304861.1297, 2770831.9737], [304861.6131, 2770831.0334], [304862.2155, 2770829.4799], [304862.33, 2770829.0769], [304862.4018, 2770828.6641], [304862.4765, 2770827.3135], [304861.9694, 2770798.7107], [304861.7773, 2770798.157], [304861.5009, 2770797.6402], [304861.147, 2770797.173], [304860.6848, 2770796.7351], [304860.155, 2770796.3821], [304859.5728, 2770796.1243], [304855.6392, 2770794.148], [304855.6427, 2770795.086], [304856.2912, 2770821.2565], [304856.5016, 2770832.9083], [304855.0966, 2770832.7287], [304854.9798, 2770833.5883], [304854.7268, 2770835.1943]]]]}, "geometry_name": "the_geom", "properties": {"項次": "551", "名稱": "復興南路一段", "面積": "233.3340539", "體積": "false", "圖形": "面"}, "bbox": [304854.7268, 2770794.148, 304862.4765, 2770835.3024]}, {"type": "Feature", "id": "J0201-5.552", "geometry": {"type": "MultiPolygon", "coordinates": [[[[304854.179, 2771139.6411], [304856.5268, 2771140.31], [304860.6323, 2771141.4665], [304861.6078, 2771141.5276], [304862.5841, 2771141.4814], [304863.2416, 2771141.3598], [304863.8711, 2771141.1342], [304865.8322, 2771140.0999], [304866.2902, 2771139.7822], [304866.7066, 2771139.4115], [304867.4202, 2771138.5848], [304868.2993, 2771137.2776], [304868.5093, 2771136.8812], [304868.674, 2771136.464], [304869.006, 2771135.1467], [304868.9545, 2771132.1964], [304868.8739, 2771126.7064], [304868.1867, 2771092.6012], [304867.0948, 2771038.5229], [304867.0943, 2771037.9857], [304867.0018, 2771037.4566], [304866.8199, 2771036.9511], [304866.5541, 2771036.4843], [304866.2122, 2771036.07], [304865.8209, 2771035.7324], [304865.3794, 2771035.464], [304864.8996, 2771035.272], [304864.3947, 2771035.1619], [304863.8785, 2771035.1365], [304860.9208, 2771035.2408], [304861.5661, 2771068.3815], [304862.0015, 2771092.3493], [304862.7354, 2771131.1444], [304854.6838, 2771137.8187], [304854.179, 2771139.6411]]]]}, "geometry_name": "the_geom", "properties": {"項次": "552", "名稱": "復興南路一段", "面積": "694.124171", "體積": "false", "圖形": "面"}, "bbox": [304854.179, 2771035.1365, 304869.006, 2771141.5276]}, {"type": "Feature", "id": "J0201-5.554", "geometry": {"type": "MultiPolygon", "coordinates": [[[[304857.2551, 2770875.8544], [304858.1228, 2770908.4372], [304858.7274, 2770931.5245], [304861.4846, 2770931.0909], [304861.9894, 2770931.0267], [304862.4781, 2770930.8845], [304862.9385, 2770930.6677], [304863.3593, 2770930.3816], [304863.7303, 2770930.0332], [304864.0364, 2770929.6401], [304864.2788, 2770929.2048], [304864.4517, 2770928.7375], [304864.5512, 2770928.2493], [304864.5747, 2770927.7516], [304864.1978, 2770908.2603], [304863.6376, 2770879.9338], [304863.4462, 2770877.7742], [304863.2086, 2770876.0789], [304863.0497, 2770875.5118], [304862.828, 2770874.9663], [304861.8741, 2770873.1771], [304861.5854, 2770872.7392], [304861.2578, 2770872.3296], [304860.8197, 2770871.8833], [304860.3346, 2770871.4885], [304858.8944, 2770870.6161], [304855.4179, 2770869.4829], [304854.3544, 2770869.2997], [304857.2551, 2770875.8544]]]]}, "geometry_name": "the_geom", "properties": {"項次": "554", "名稱": "復興南路一段", "面積": "367.0802915", "體積": "false", "圖形": "面"}, "bbox": [304854.3544, 2770869.2997, 304864.5747, 2770931.5245]}, {"type": "Feature", "id": "J0201-5.555", "geometry": {"type": "MultiPolygon", "coordinates": [[[[304850.5834, 2772773.4771], [304850.7154, 2772778.1511], [304860.3548, 2772778.0867], [304862.3722, 2772777.2773], [304863.9912, 2772776.3801], [304865.4368, 2772775.3519], [304867.4552, 2772773.4355], [304868.5652, 2772771.9153], [304868.587, 2772771.8741], [304871.7086, 2772766.8785], [304873.2312, 2772764.9077], [304875.495, 2772762.3659], [304878.8454, 2772759.2529], [304886.5848, 2772753.3923], [304887.989, 2772752.1061], [304888.7104, 2772751.0777], [304889.253, 2772749.9171], [304890.2001, 2772747.1591], [304890.8459, 2772744.4591], [304891.1022, 2772743.215], [304891.2862, 2772741.8253], [304891.5894, 2772738.8032], [304891.4541, 2772735.9463], [304890.8543, 2772735.1973], [304890.0139, 2772734.6866], [304888.9056, 2772734.6807], [304874.4714, 2772734.7757], [304874.5072, 2772742.5127], [304874.1476, 2772742.5791], [304873.8154, 2772743.6559], [304873.7556, 2772743.7751], [304873.1818, 2772744.5879], [304868.634, 2772749.5107], [304868.7348, 2772749.8873], [304867.0748, 2772751.8071], [304866.2842, 2772752.9119], [304864.5424, 2772756.0715], [304858.1644, 2772768.5141], [304857.7972, 2772769.6981], [304857.4512, 2772770.2883], [304856.6314, 2772771.1599], [304856.026, 2772771.5623], [304853.4714, 2772772.9581], [304853.3304, 2772773.0435], [304852.7182, 2772773.3289], [304852.1514, 2772773.4877], [304852.0662, 2772773.5037], [304851.3934, 2772773.5627], [304850.7204, 2772773.5039], [304850.5834, 2772773.4771]]]]}, "geometry_name": "the_geom", "properties": {"項次": "555", "名稱": "民權東路三段", "面積": "706.2877045", "體積": "false", "圖形": "面"}, "bbox": [304850.5834, 2772734.6807, 304891.5894, 2772778.1511]}, {"type": "Feature", "id": "J0201-5.556", "geometry": {"type": "MultiPolygon", "coordinates": [[[[304857.8544, 2771161.1317], [304863.4063, 2771169.0393], [304863.9468, 2771196.3959], [304864.5165, 2771219.3534], [304860.1508, 2771223.8415], [304859.5274, 2771225.3291], [304861.543, 2771225.2573], [304862.6052, 2771225.294], [304863.6663, 2771225.2342], [304864.3917, 2771225.1115], [304865.0947, 2771224.8947], [304867.3618, 2771223.8964], [304867.8375, 2771223.6233], [304868.2794, 2771223.2982], [304869.1364, 2771222.4594], [304870.2215, 2771221.0486], [304870.4358, 2771220.6966], [304870.612, 2771220.3241], [304871.0211, 2771219.1002], [304870.4673, 2771195.5219], [304869.8462, 2771168.9318], [304869.87, 2771168.1186], [304869.8139, 2771167.3069], [304869.711, 2771166.7786], [304869.5308, 2771166.2715], [304869.4895, 2771164.7541], [304869.3855, 2771164.1954], [304869.1894, 2771163.575], [304868.7856, 2771162.7639], [304868.5016, 2771162.3512], [304868.0268, 2771161.8149], [304867.7018, 2771161.5235], [304867.3487, 2771161.2589], [304866.9318, 2771161.0033], [304866.3606, 2771160.7358], [304865.8138, 2771160.5563], [304864.5315, 2771160.2156], [304858.5381, 2771158.6231], [304857.8544, 2771161.1317]]]]}, "geometry_name": "the_geom", "properties": {"項次": "556", "名稱": "復興北路", "面積": "449.2987007", "體積": "false", "圖形": "面"}, "bbox": [304857.8544, 2771158.6231, 304871.0211, 2771225.3291]}, {"type": "Feature", "id": "J0201-5.557", "geometry": {"type": "MultiPolygon", "coordinates": [[[[304858.7994, 2771242.107], [304858.8786, 2771243.2849], [304860.5791, 2771243.479], [304861.4293, 2771244.2576], [304862.0594, 2771274.1512], [304865.6433, 2771273.9549], [304865.9062, 2771289.4336], [304866.6413, 2771325.004], [304866.5967, 2771325.1464], [304869.9445, 2771325.1304], [304870.4867, 2771325.0843], [304871.0132, 2771324.9472], [304871.5089, 2771324.7229], [304871.9595, 2771324.4179], [304872.352, 2771324.0411], [304872.6609, 2771323.6261], [304872.899, 2771323.1667], [304873.06, 2771322.675], [304873.1397, 2771322.1639], [304873.1361, 2771321.6465], [304872.5034, 2771288.5145], [304871.6698, 2771248.5093], [304871.6219, 2771247.6844], [304871.465, 2771246.8731], [304871.3443, 2771246.5112], [304871.1781, 2771246.1677], [304870.9691, 2771245.8485], [304869.8678, 2771244.5648], [304869.5283, 2771244.2569], [304869.1542, 2771243.9921], [304868.2224, 2771243.4955], [304866.4509, 2771242.7735], [304865.5001, 2771242.5143], [304864.005, 2771242.3237], [304861.6758, 2771241.9736], [304858.7994, 2771242.107]]]]}, "geometry_name": "the_geom", "properties": {"項次": "557", "名稱": "復興北路", "面積": "650.0955233", "體積": "false", "圖形": "面"}, "bbox": [304858.7994, 2771241.9736, 304873.1397, 2771325.1464]}, {"type": "Feature", "id": "J0201-5.558", "geometry": {"type": "MultiPolygon", "coordinates": [[[[304858.8786, 2771243.2849], [304858.7994, 2771242.107], [304830.7352, 2771242.4663], [304829.6378, 2771242.4807], [304829.6688, 2771243.9103], [304830.7352, 2771243.8875], [304858.8786, 2771243.2849]]]]}, "geometry_name": "the_geom", "properties": {"項次": "558", "名稱": "長安東路二段", "面積": "38.08376749", "體積": "false", "圖形": "面"}, "bbox": [304829.6378, 2771242.107, 304858.8786, 2771243.9103]}, {"type": "Feature", "id": "J0201-5.559", "geometry": {"type": "MultiPolygon", "coordinates": [[[[304859.5274, 2771225.3291], [304860.1508, 2771223.8415], [304835.0212, 2771224.1995], [304835.022, 2771225.2951], [304835.0216, 2771225.3105], [304835.0276, 2771225.3795], [304835.0456, 2771225.4465], [304835.075, 2771225.5093], [304835.1148, 2771225.5661], [304835.135, 2771225.5885], [304835.1638, 2771225.6153], [304835.2206, 2771225.6551], [304835.2834, 2771225.6843], [304835.3504, 2771225.7023], [304835.4196, 2771225.7083], [304835.4256, 2771225.7083], [304859.5274, 2771225.3291]]]]}, "geometry_name": "the_geom", "properties": {"項次": "559", "名稱": "長安東路二段", "面積": "37.10879466", "體積": "false", "圖形": "面"}, "bbox": [304835.0212, 2771223.8415, 304860.1508, 2771225.7083]}, {"type": "Feature", "id": "J0201-5.560", "geometry": {"type": "MultiPolygon", "coordinates": [[[[304858.5273, 2771611.1592], [304858.7113, 2771618.5736], [304858.5793, 2771619.0515], [304871.542, 2771618.2999], [304872.2944, 2771618.2563], [304873.1853, 2771618.1087], [304874.0583, 2771617.878], [304874.7692, 2771617.5896], [304875.4251, 2771617.1917], [304877.219, 2771615.719], [304877.6432, 2771615.2748], [304878.0123, 2771614.7837], [304878.4199, 2771614.1028], [304878.7629, 2771613.3872], [304879.3744, 2771611.5695], [304879.4432, 2771611.2286], [304879.4782, 2771610.8825], [304879.4689, 2771609.7418], [304879.3409, 2771602.0905], [304878.3311, 2771554.6427], [304877.5156, 2771509.8], [304877.4776, 2771509.3203], [304877.3684, 2771508.8517], [304877.1904, 2771508.4046], [304876.9476, 2771507.9891], [304876.6455, 2771507.6146], [304876.2361, 2771507.2473], [304875.77, 2771506.9552], [304875.2609, 2771506.7469], [304874.7237, 2771506.6286], [304874.1742, 2771506.6036], [304870.7071, 2771506.7551], [304871.7494, 2771554.7975], [304872.7073, 2771602.5682], [304865.5008, 2771610.9963], [304858.5273, 2771611.1592]]]]}, "geometry_name": "the_geom", "properties": {"項次": "560", "名稱": "復興北路", "面積": "864.0088893", "體積": "false", "圖形": "面"}, "bbox": [304858.5273, 2771506.6036, 304879.4782, 2771619.0515]}, {"type": "Feature", "id": "J0201-5.561", "geometry": {"type": "MultiPolygon", "coordinates": [[[[304860.8881, 2771029.0917], [304863.8078, 2771029.0104], [304864.3199, 2771028.9411], [304864.8145, 2771028.7914], [304865.279, 2771028.5652], [304865.7018, 2771028.268], [304866.0721, 2771027.9076], [304866.3634, 2771027.52], [304866.5936, 2771027.0934], [304866.7578, 2771026.6372], [304866.8522, 2771026.1616], [304866.8747, 2771025.6773], [304866.8257, 2771023.8414], [304866.3159, 2770999.1883], [304865.5157, 2770962.3082], [304865.0543, 2770940.934], [304865.0355, 2770940.4733], [304864.9493, 2770940.0204], [304864.7978, 2770939.5849], [304864.584, 2770939.1764], [304864.3126, 2770938.8036], [304863.9896, 2770938.4746], [304863.5844, 2770938.1727], [304863.136, 2770937.9397], [304862.6561, 2770937.7818], [304862.157, 2770937.7029], [304861.6517, 2770937.7052], [304858.922, 2770937.7582], [304859.47, 2770962.4393], [304860.1863, 2770999.2448], [304860.7512, 2771024.1218], [304860.8881, 2771029.0917]]]]}, "geometry_name": "the_geom", "properties": {"項次": "561", "名稱": "復興南路一段", "面積": "551.1712906", "體積": "false", "圖形": "面"}, "bbox": [304858.922, 2770937.7029, 304866.8747, 2771029.0917]}, {"type": "Feature", "id": "J0201-5.562", "geometry": {"type": "MultiPolygon", "coordinates": [[[[304860.8801, 2771141.4922], [304860.6323, 2771141.4665], [304856.5268, 2771140.31], [304854.179, 2771139.6411], [304854.6838, 2771137.8187], [304850.8186, 2771136.6139], [304845.5988, 2771135.2703], [304841.3463, 2771134.1528], [304832.0934, 2771131.6739], [304827.5703, 2771130.4621], [304827.5788, 2771130.8015], [304827.6113, 2771131.4538], [304827.6244, 2771131.7721], [304827.6787, 2771132.7572], [304827.6652, 2771132.7572], [304827.7015, 2771133.0474], [304827.7971, 2771133.3756], [304827.9471, 2771133.6826], [304828.1473, 2771133.9597], [304828.2679, 2771134.0878], [304828.4087, 2771134.2125], [304828.5606, 2771134.3234], [304828.791, 2771134.4508], [304828.8348, 2771134.475], [304828.9262, 2771134.5255], [304829.1054, 2771134.5752], [304829.1478, 2771134.5865], [304829.6851, 2771134.7301], [304832.0571, 2771135.3599], [304832.2018, 2771135.3992], [304832.7808, 2771135.5565], [304832.9256, 2771135.5958], [304836.0573, 2771136.4257], [304836.202, 2771136.465], [304836.781, 2771136.6223], [304836.9258, 2771136.6616], [304840.0575, 2771137.4915], [304840.2022, 2771137.5308], [304840.7813, 2771137.6881], [304840.926, 2771137.7274], [304844.0565, 2771138.5618], [304844.2013, 2771138.6012], [304844.7803, 2771138.7585], [304844.925, 2771138.7978], [304848.0542, 2771139.6369], [304848.199, 2771139.6763], [304848.2737, 2771139.7003], [304848.778, 2771139.8336], [304848.9228, 2771139.8729], [304851.5903, 2771140.5891], [304852.0522, 2771140.7114], [304852.1698, 2771140.7449], [304852.1969, 2771140.7507], [304852.7759, 2771140.908], [304852.9207, 2771140.9473], [304853.4294, 2771141.0865], [304854.1773, 2771141.2854], [304854.6669, 2771141.3682], [304855.0903, 2771141.4315], [304855.5085, 2771141.476], [304855.5882, 2771141.4824], [304855.7973, 2771141.4969], [304856.2342, 2771141.5164], [304856.6453, 2771141.5093], [304856.86, 2771141.5121], [304860.0453, 2771141.5121], [304860.8801, 2771141.4922]]]]}, "geometry_name": "the_geom", "properties": {"項次": "562", "名稱": "八德路二段", "面積": "104.3340126", "體積": "false", "圖形": "面"}, "bbox": [304827.5703, 2771130.4621, 304860.8801, 2771141.5164]}, {"type": "Feature", "id": "J0201-5.563", "geometry": {"type": "MultiPolygon", "coordinates": [[[[304863.5865, 2771332.2041], [304863.6982, 2771333.5878], [304866.6897, 2771333.4612], [304867.3558, 2771358.0577], [304868.3658, 2771405.9557], [304865.0372, 2771409.4905], [304865.0788, 2771411.0651], [304872.4375, 2771410.7478], [304872.9215, 2771410.6127], [304873.3778, 2771410.4024], [304873.7951, 2771410.1224], [304874.1626, 2771409.7798], [304874.471, 2771409.3831], [304874.7156, 2771408.9357], [304874.885, 2771408.4547], [304874.9747, 2771407.9527], [304874.9824, 2771407.4428], [304874.9318, 2771405.561], [304874.2696, 2771373.3053], [304873.4771, 2771335.2083], [304872.6052, 2771332.8875], [304870.1794, 2771331.9505], [304867.1253, 2771331.934], [304867.1321, 2771332.1152], [304863.5865, 2771332.2041]]]]}, "geometry_name": "the_geom", "properties": {"項次": "563", "名稱": "復興北路", "面積": "531.9738125", "體積": "false", "圖形": "面"}, "bbox": [304863.5865, 2771331.934, 304874.9824, 2771411.0651]}, {"type": "Feature", "id": "J0201-5.564", "geometry": {"type": "MultiPolygon", "coordinates": [[[[304865.4198, 2771423.0325], [304865.463, 2771424.5455], [304868.8876, 2771428.0963], [304869.1763, 2771442.3159], [304870.0874, 2771464.546], [304870.7009, 2771500.7798], [304873.9649, 2771500.8182], [304874.4835, 2771500.7971], [304874.9914, 2771500.6897], [304875.4741, 2771500.499], [304875.9183, 2771500.2304], [304876.3113, 2771499.8913], [304876.6329, 2771499.5047], [304876.8877, 2771499.0711], [304877.069, 2771498.602], [304877.172, 2771498.1098], [304877.1939, 2771497.6074], [304877.1467, 2771494.0802], [304876.5677, 2771463.7201], [304875.5927, 2771439.5931], [304875.2721, 2771425.5575], [304875.1913, 2771425.0961], [304875.0428, 2771424.6518], [304874.8299, 2771424.2346], [304874.5573, 2771423.8536], [304874.231, 2771423.5175], [304873.8643, 2771423.2375], [304873.4605, 2771423.0142], [304873.0284, 2771422.8525], [304872.5773, 2771422.7559], [304872.1168, 2771422.7264], [304868.5693, 2771422.8735], [304865.4198, 2771423.0325]]]]}, "geometry_name": "the_geom", "properties": {"項次": "564", "名稱": "復興北路", "面積": "515.2003994", "體積": "false", "圖形": "面"}, "bbox": [304865.4198, 2771422.7264, 304877.1939, 2771500.8182]}, {"type": "Feature", "id": "J0201-5.565", "geometry": {"type": "MultiPolygon", "coordinates": [[[[304873.52, 2772087.5785], [304877.1611, 2772087.2054], [304879.5105, 2772086.9998], [304880.1163, 2772086.9944], [304880.719, 2772086.9335], [304881.1652, 2772086.8396], [304881.5967, 2772086.692], [304882.9909, 2772085.9958], [304883.3295, 2772085.7618], [304883.6325, 2772085.4833], [304883.8879, 2772085.1718], [304884.0961, 2772084.8269], [304884.8432, 2772083.1086], [304885.0122, 2772082.5428], [304885.1139, 2772081.9611], [304885.1673, 2772081.1942], [304885.1516, 2772080.4256], [304884.7045, 2772043.0298], [304884.4816, 2772022.9948], [304884.4346, 2772022.4916], [304884.3137, 2772022.0009], [304884.1217, 2772021.5335], [304883.8626, 2772021.0996], [304883.5423, 2772020.7087], [304883.101, 2772020.3188], [304882.5991, 2772020.0106], [304882.0517, 2772019.7934], [304881.4751, 2772019.6736], [304878.0104, 2772019.7179], [304878.0894, 2772022.8405], [304878.3186, 2772042.8083], [304878.5055, 2772057.9238], [304877.8566, 2772057.9479], [304878.0821, 2772072.5338], [304878.5562, 2772072.5335], [304879.0418, 2772078.7386], [304876.2145, 2772081.7837], [304873.4602, 2772085.0559], [304873.52, 2772087.5785]]]]}, "geometry_name": "the_geom", "properties": {"項次": "565", "名稱": "復興北路", "面積": "457.7696301", "體積": "false", "圖形": "面"}, "bbox": [304873.4602, 2772019.6736, 304885.1673, 2772087.5785]}, {"type": "Feature", "id": "J0201-5.566", "geometry": {"type": "MultiPolygon", "coordinates": [[[[304873.493, 2772102.5695], [304875.8588, 2772105.1743], [304879.3747, 2772108.4335], [304879.5237, 2772135.7484], [304879.82, 2772173.3586], [304881.0608, 2772262.7524], [304875.7848, 2772266.9637], [304875.7438, 2772270.5607], [304880.0748, 2772270.2183], [304881.7718, 2772269.9896], [304882.3604, 2772269.827], [304882.9272, 2772269.5997], [304884.4373, 2772268.8306], [304885.0458, 2772268.4293], [304885.3618, 2772268.1546], [304885.6462, 2772267.8473], [304886.7976, 2772266.3165], [304887.0832, 2772265.8311], [304887.3027, 2772265.3124], [304887.5383, 2772264.5225], [304887.7022, 2772263.7147], [304887.6664, 2772257.171], [304886.5889, 2772170.6269], [304886.1747, 2772133.9633], [304885.7667, 2772107.0933], [304885.7207, 2772106.4929], [304885.607, 2772105.9015], [304885.4694, 2772105.4949], [304885.269, 2772105.1154], [304884.6618, 2772104.3062], [304883.7933, 2772103.4389], [304883.3265, 2772103.0948], [304882.8081, 2772102.8349], [304882.0761, 2772102.5958], [304881.3196, 2772102.452], [304873.493, 2772102.5695]]]]}, "geometry_name": "the_geom", "properties": {"項次": "566", "名稱": "復興北路", "面積": "1151.939969", "體積": "false", "圖形": "面"}, "bbox": [304873.493, 2772102.452, 304887.7022, 2772270.5607]}, {"type": "Feature", "id": "J0201-5.567", "geometry": {"type": "MultiPolygon", "coordinates": [[[[304874.3644, 2771924.9077], [304878.5569, 2771924.6222], [304879.3248, 2771924.488], [304880.0705, 2771924.2609], [304880.5758, 2771924.0214], [304881.0329, 2771923.6992], [304881.9854, 2771922.7743], [304882.7569, 2771921.7695], [304882.9999, 2771921.3318], [304883.1758, 2771920.8632], [304883.3359, 2771920.1869], [304883.4235, 2771919.4974], [304883.4232, 2771917.3786], [304883.0926, 2771889.5159], [304882.5778, 2771851.1982], [304881.9568, 2771803.6523], [304882.0142, 2771803.1233], [304881.9937, 2771802.5915], [304881.8955, 2771802.0685], [304881.7219, 2771801.5654], [304881.4766, 2771801.0932], [304881.1798, 2771800.6798], [304880.828, 2771800.3119], [304880.4282, 2771799.9969], [304879.9882, 2771799.741], [304879.5168, 2771799.5491], [304876.7774, 2771799.3804], [304875.2575, 2771799.4757], [304875.9803, 2771850.6842], [304876.4435, 2771889.2092], [304876.8653, 2771918.9223], [304873.604, 2771922.9091], [304873.6628, 2771924.9283], [304874.3644, 2771924.9077]]]]}, "geometry_name": "the_geom", "properties": {"項次": "567", "名稱": "復興北路", "面積": "832.0111251", "體積": "false", "圖形": "面"}, "bbox": [304873.604, 2771799.3804, 304883.4235, 2771924.9283]}, {"type": "Feature", "id": "J0201-5.568", "geometry": {"type": "MultiPolygon", "coordinates": [[[[304878.0428, 2772014.6483], [304881.068, 2772014.5608], [304881.5699, 2772014.4898], [304882.0563, 2772014.3471], [304882.517, 2772014.1358], [304882.9425, 2772013.8603], [304883.3237, 2772013.5262], [304883.6585, 2772013.1329], [304883.9318, 2772012.6946], [304884.1378, 2772012.221], [304884.2719, 2772011.7222], [304884.3312, 2772011.2091], [304884.0434, 2771978.06], [304883.7407, 2771947.1198], [304883.6906, 2771946.0007], [304883.5971, 2771945.0729], [304883.3656, 2771944.1695], [304883.1899, 2771943.7479], [304882.958, 2771943.3543], [304882.6743, 2771942.9962], [304881.6127, 2771941.9962], [304880.4966, 2771941.2391], [304880.0031, 2771941.0049], [304879.4817, 2771940.8419], [304878.7694, 2771940.7123], [304878.0473, 2771940.6585], [304874.591, 2771940.7611], [304875.024, 2771979.8929], [304877.7004, 2771979.8846], [304878.0324, 2772013.3003], [304878.0428, 2772014.6483]]]]}, "geometry_name": "the_geom", "properties": {"項次": "568", "名稱": "復興北路", "面積": "565.5974831", "體積": "false", "圖形": "面"}, "bbox": [304874.591, 2771940.6585, 304884.3312, 2772014.6483]}, {"type": "Feature", "id": "J0201-5.569", "geometry": {"type": "MultiPolygon", "coordinates": [[[[304877, 2772304.6097], [304850.0076, 2772304.9023], [304849.888, 2772304.8989], [304849.5366, 2772304.9295], [304849.1958, 2772305.0209], [304848.876, 2772305.1701], [304848.587, 2772305.3723], [304848.3376, 2772305.6217], [304848.31, 2772305.6553], [304848.1352, 2772305.9109], [304847.9862, 2772306.2305], [304847.8948, 2772306.5713], [304847.864, 2772306.9227], [304847.8732, 2772307.1153], [304847.7988, 2772307.8779], [304874.6878, 2772307.5577], [304875.3656, 2772307.5783], [304875.6896, 2772307.6321], [304876.213, 2772307.9351], [304877, 2772304.6097]]]]}, "geometry_name": "the_geom", "properties": {"項次": "569", "名稱": "民生東路三段", "面積": "83.86261588", "體積": "false", "圖形": "面"}, "bbox": [304847.7988, 2772304.6097, 304877, 2772307.9351]}, {"type": "Feature", "id": "J0201-5.570", "geometry": {"type": "MultiPolygon", "coordinates": [[[[304877, 2772304.6097], [304876.213, 2772307.9351], [304881.2067, 2772312.704], [304881.3932, 2772312.8604], [304881.5541, 2772313.043], [304881.6858, 2772313.2477], [304881.7855, 2772313.4697], [304881.8472, 2772313.6864], [304881.8782, 2772313.9096], [304881.878, 2772314.1349], [304881.8466, 2772314.358], [304881.9215, 2772321.5198], [304882.2571, 2772346.1369], [304882.9704, 2772385.5284], [304885.0391, 2772385.4485], [304885.7273, 2772385.4743], [304886.4113, 2772385.3937], [304886.7879, 2772385.2952], [304887.1496, 2772385.1516], [304887.4912, 2772384.965], [304887.9716, 2772384.6247], [304888.4115, 2772384.2336], [304888.7748, 2772383.8271], [304889.0871, 2772383.3803], [304889.2625, 2772383.0313], [304889.3766, 2772382.6578], [304889.4261, 2772382.2704], [304889.4142, 2772381.7771], [304889.337, 2772381.2898], [304889.1958, 2772380.817], [304889.0212, 2772366.6022], [304888.3772, 2772317.8498], [304888.2453, 2772311.2705], [304888.2011, 2772310.5871], [304888.0975, 2772309.9101], [304887.9849, 2772309.4961], [304887.8156, 2772309.1018], [304887.0354, 2772307.7623], [304886.372, 2772306.8949], [304885.1724, 2772305.7592], [304884.7161, 2772305.4418], [304884.2229, 2772305.1855], [304883.8852, 2772305.0541], [304883.5372, 2772304.953], [304881.6337, 2772304.5551], [304880.5058, 2772304.4495], [304878.9171, 2772304.5185], [304877, 2772304.6097]]]]}, "geometry_name": "the_geom", "properties": {"項次": "570", "名稱": "復興北路", "面積": "540.774625", "體積": "false", "圖形": "面"}, "bbox": [304876.213, 2772304.4495, 304889.4261, 2772385.5284]}, {"type": "Feature", "id": "J0201-5.571", "geometry": {"type": "MultiPolygon", "coordinates": [[[[304879.7331, 2771650.9236], [304879.7304, 2771650.1096], [304879.6091, 2771649.3047], [304879.5092, 2771648.9847], [304879.3597, 2771648.6847], [304879.1643, 2771648.4123], [304877.9604, 2771647.1737], [304877.5178, 2771646.8175], [304877.0402, 2771646.5098], [304875.445, 2771645.6626], [304874.2986, 2771645.162], [304873.4429, 2771644.8685], [304871.3063, 2771644.2542], [304870.7428, 2771644.1283], [304870.1701, 2771644.0542], [304868.1861, 2771643.9942], [304862.3527, 2771644.7103], [304862.3578, 2771651.9154], [304866.3154, 2771651.8716], [304873.3073, 2771658.6702], [304873.3819, 2771663.9625], [304873.6626, 2771663.9586], [304874.2256, 2771703.9094], [304874.5011, 2771723.5708], [304874.642, 2771725.3964], [304875.1176, 2771766.5432], [304875.3808, 2771788.0979], [304875.4778, 2771788.4386], [304877.3135, 2771788.3335], [304877.9796, 2771788.3309], [304878.6389, 2771788.2357], [304878.9741, 2771788.142], [304879.2959, 2771788.0091], [304879.5995, 2771787.839], [304880.0643, 2771787.5098], [304880.497, 2771787.1393], [304880.871, 2771786.7521], [304881.2057, 2771786.3303], [304881.3801, 2771786.05], [304881.5163, 2771785.7494], [304881.612, 2771785.4335], [304881.7122, 2771784.7896], [304881.716, 2771784.138], [304881.685, 2771782.5113], [304881.4196, 2771759.8661], [304880.6954, 2771705.6012], [304879.9331, 2771658.5628], [304879.7331, 2771650.9236]]]]}, "geometry_name": "the_geom", "properties": {"項次": "571", "名稱": "復興北路", "面積": "1011.80694", "體積": "false", "圖形": "面"}, "bbox": [304862.3527, 2771643.9942, 304881.716, 2771788.4386]}, {"type": "Feature", "id": "J0201-5.573", "geometry": {"type": "MultiPolygon", "coordinates": [[[[304882.967, 2772393.231], [304883.6824, 2772452.5534], [304883.8703, 2772467.3586], [304886.1203, 2772467.1798], [304886.593, 2772467.1674], [304887.0623, 2772467.109], [304887.437, 2772467.0204], [304887.7985, 2772466.8876], [304888.285, 2772466.643], [304888.7423, 2772466.3475], [304889.206, 2772465.9751], [304889.6308, 2772465.5588], [304889.8143, 2772465.3309], [304889.9649, 2772465.0801], [304890.0799, 2772464.8111], [304890.1571, 2772464.5289], [304890.2258, 2772464.009], [304890.2242, 2772463.4847], [304890.1524, 2772462.9652], [304889.5556, 2772411.3244], [304889.3765, 2772396.6457], [304889.3735, 2772396.2148], [304889.3196, 2772395.7872], [304889.2153, 2772395.3691], [304889.0929, 2772395.0644], [304888.9243, 2772394.7825], [304888.7137, 2772394.5305], [304888.0087, 2772393.9253], [304887.6365, 2772393.6831], [304887.2438, 2772393.4757], [304886.8666, 2772393.3319], [304886.4719, 2772393.2468], [304885.9679, 2772393.2086], [304885.4629, 2772393.2316], [304882.967, 2772393.231]]]]}, "geometry_name": "the_geom", "properties": {"項次": "573", "名稱": "復興北路", "面積": "465.2998778", "體積": "false", "圖形": "面"}, "bbox": [304882.967, 2772393.2086, 304890.2258, 2772467.3586]}, {"type": "Feature", "id": "J0201-5.574", "geometry": {"type": "MultiPolygon", "coordinates": [[[[304883.353, 2772547.4407], [304853.9454, 2772547.6441], [304854.1076, 2772549.3241], [304883.3, 2772549.1177], [304883.353, 2772547.4407]]]]}, "geometry_name": "the_geom", "properties": {"項次": "574", "名稱": "錦州街", "面積": "49.19123755", "體積": "false", "圖形": "面"}, "bbox": [304853.9454, 2772547.4407, 304883.353, 2772549.3241]}, {"type": "Feature", "id": "J0201-5.575", "geometry": {"type": "MultiPolygon", "coordinates": [[[[304883.353, 2772547.4407], [304883.3, 2772549.1177], [304885.0113, 2772548.8727], [304888.4303, 2772548.7708], [304888.8559, 2772548.7745], [304889.2775, 2772548.7166], [304889.483, 2772548.6589], [304889.6793, 2772548.5751], [304889.8631, 2772548.4667], [304890.16, 2772548.2341], [304890.4232, 2772547.9639], [304890.7559, 2772547.5346], [304891.0475, 2772547.0763], [304891.2101, 2772546.7416], [304891.3257, 2772546.388], [304891.3923, 2772546.0219], [304891.4105, 2772545.3519], [304891.3156, 2772544.6883], [304891.2827, 2772542.4162], [304890.9836, 2772519.2745], [304890.5386, 2772481.9231], [304890.4434, 2772476.2572], [304890.4503, 2772475.8866], [304890.4134, 2772475.5177], [304890.3332, 2772475.1558], [304890.2386, 2772474.9038], [304890.104, 2772474.6707], [304889.933, 2772474.4628], [304889.6434, 2772474.1945], [304889.327, 2772473.9584], [304888.397, 2772473.439], [304887.8897, 2772473.2519], [304887.3595, 2772473.1453], [304886.7204, 2772473.1097], [304886.082, 2772473.1576], [304884.017, 2772473.0674], [304884.1322, 2772482.0509], [304884.5859, 2772519.2343], [304884.9766, 2772547.3101], [304883.353, 2772547.4407]]]]}, "geometry_name": "the_geom", "properties": {"項次": "575", "名稱": "復興北路", "面積": "482.6700576", "體積": "false", "圖形": "面"}, "bbox": [304883.3, 2772473.0674, 304891.4105, 2772549.1177]}, {"type": "Feature", "id": "J0201-5.576", "geometry": {"type": "MultiPolygon", "coordinates": [[[[304883.48, 2772557.7005], [304883.545, 2772559.3831], [304883.1116, 2772559.3881], [304883.1782, 2772560.3108], [304884.0427, 2772560.3457], [304884.2427, 2772574.8742], [304884.3761, 2772582.5793], [304884.1774, 2772588.4297], [304883.907, 2772588.4591], [304884.1244, 2772607.3622], [304882.9895, 2772607.3853], [304882.9813, 2772614.0028], [304883.1348, 2772626.4756], [304883.2731, 2772646.4009], [304883.262, 2772646.9905], [304889.154, 2772646.9858], [304889.3973, 2772646.9765], [304889.6354, 2772646.9255], [304889.8612, 2772646.8345], [304890.0681, 2772646.706], [304890.2498, 2772646.544], [304890.3874, 2772646.3735], [304890.497, 2772646.1837], [304890.576, 2772645.9793], [304890.6224, 2772645.7651], [304890.6352, 2772645.5463], [304890.614, 2772645.3282], [304890.5582, 2772643.7455], [304890.3561, 2772626.7004], [304889.6827, 2772574.657], [304889.5473, 2772562.9362], [304889.4702, 2772560.1371], [304889.4609, 2772559.8425], [304889.4156, 2772559.5513], [304889.3352, 2772559.2677], [304889.2788, 2772559.1382], [304889.2042, 2772559.0183], [304889.1129, 2772558.9105], [304889.0069, 2772558.8172], [304888.5623, 2772558.5275], [304887.8051, 2772558.1511], [304887.4194, 2772558.0004], [304887.0219, 2772557.8843], [304886.0664, 2772557.7255], [304883.48, 2772557.7005]]]]}, "geometry_name": "the_geom", "properties": {"項次": "576", "名稱": "復興北路", "面積": "566.9443594", "體積": "false", "圖形": "面"}, "bbox": [304882.9813, 2772557.7005, 304890.6352, 2772646.9905]}, {"type": "Feature", "id": "J0201-5.577", "geometry": {"type": "MultiPolygon", "coordinates": [[[[304883.545, 2772559.3831], [304883.48, 2772557.7005], [304854.2424, 2772558.0189], [304854.215, 2772559.7205], [304883.545, 2772559.3831]]]]}, "geometry_name": "the_geom", "properties": {"項次": "577", "名稱": "錦州街", "面積": "49.55728252", "體積": "false", "圖形": "面"}, "bbox": [304854.215, 2772557.7005, 304883.545, 2772559.7205]}, {"type": "Feature", "id": "J0201-5.578", "geometry": {"type": "MultiPolygon", "coordinates": [[[[304886.1327, 2772652.761], [304886.3296, 2772668.6258], [304886.486, 2772688.245], [304886.6782, 2772705.6739], [304886.9162, 2772725.8379], [304886.8506, 2772726.8227], [304889.705, 2772726.8093], [304890.0659, 2772726.7092], [304890.4071, 2772726.5549], [304890.7207, 2772726.35], [304890.999, 2772726.0994], [304891.2356, 2772725.8091], [304891.4418, 2772725.4504], [304891.5841, 2772725.0619], [304891.6586, 2772724.6549], [304891.6631, 2772724.2411], [304891.5973, 2772723.8326], [304891.2954, 2772695.9039], [304890.9259, 2772667.0549], [304890.7773, 2772656.0846], [304890.7333, 2772655.2387], [304890.7545, 2772654.9031], [304890.7246, 2772654.5682], [304890.6441, 2772654.2417], [304890.515, 2772653.9312], [304890.3403, 2772653.6439], [304890.1281, 2772653.3907], [304889.8806, 2772653.172], [304889.6032, 2772652.9926], [304889.3021, 2772652.8567], [304888.9841, 2772652.7671], [304886.1327, 2772652.761]]]]}, "geometry_name": "the_geom", "properties": {"項次": "578", "名稱": "復興北路", "面積": "344.5157207", "體積": "false", "圖形": "面"}, "bbox": [304886.1327, 2772652.761, 304891.6631, 2772726.8227]}, {"type": "Feature", "id": "J0201-5.580", "geometry": {"type": "MultiPolygon", "coordinates": [[[[304887.4526, 2772762.1657], [304887.4707, 2772768.7937], [304888.8765, 2772768.248], [304889.3824, 2772767.8498], [304890.0074, 2772766.8452], [304890.0871, 2772766.2865], [304890.0019, 2772760.0198], [304887.0915, 2772761.9317], [304887.4526, 2772762.1657]]]]}, "geometry_name": "the_geom", "properties": {"項次": "580", "名稱": "復興北路", "面積": "18.89653214", "體積": "false", "圖形": "面"}, "bbox": [304887.0915, 2772760.0198, 304890.0871, 2772768.7937]}, {"type": "Feature", "id": "J0201-5.581", "geometry": {"type": "MultiPolygon", "coordinates": [[[[304919.2218, 2772098.7641], [304919.2918, 2772097.9083], [304919.1856, 2772085.7931], [304918.5992, 2772043.3257], [304917.9556, 2771996.4787], [304917.9394, 2771996.4727], [304917.6108, 2771996.3845], [304917.272, 2771996.3549], [304916.9332, 2771996.3845], [304916.6048, 2771996.4727], [304916.2966, 2771996.6163], [304916.2926, 2771996.6187], [304916.018, 2771996.8115], [304915.7774, 2771997.0519], [304915.5824, 2771997.3305], [304915.4386, 2771997.6387], [304915.3646, 2771997.8955], [304915.933, 2772042.2509], [304916.5436, 2772097.7511], [304916.8064, 2772097.9967], [304917.2816, 2772098.3295], [304917.8072, 2772098.5747], [304917.8412, 2772098.5869], [304918.368, 2772098.7251], [304918.946, 2772098.7755], [304919.2218, 2772098.7641]]]]}, "geometry_name": "the_geom", "properties": {"項次": "581", "名稱": "復興北路", "面積": "273.0282626", "體積": "false", "圖形": "面"}, "bbox": [304915.3646, 2771996.3549, 304919.2918, 2772098.7755]}, {"type": "Feature", "id": "J0201-5.592", "geometry": {"type": "MultiPolygon", "coordinates": [[[[305157.9729, 2772650.7359], [305156.2517, 2772652.0109], [305156.2931, 2772688.7071], [305160.0993, 2772692.7531], [305163.4593, 2772692.5363], [305163.3493, 2772690.8391], [305160.0603, 2772690.9721], [305158.0881, 2772688.9923], [305157.9729, 2772650.7359]]]]}, "geometry_name": "the_geom", "properties": {"項次": "592", "名稱": "民權東路三段140巷", "面積": "76.52666059", "體積": "false", "圖形": "面"}, "bbox": [305156.2517, 2772650.7359, 305163.4593, 2772692.7531]}, {"type": "Feature", "id": "J0201-5.603", "geometry": {"type": "MultiPolygon", "coordinates": [[[[305477.7403, 2769325.3457], [305477.7803, 2769323.8132], [305476.4559, 2769323.8177], [305414.7429, 2769323.8981], [305414.7451, 2769325.3843], [305433.4861, 2769325.3197], [305460.6991, 2769325.1853], [305477.7403, 2769325.3457]]]]}, "geometry_name": "the_geom", "properties": {"項次": "603", "名稱": "敦化南路二段63巷", "面積": "0.0", "體積": "false", "圖形": "面"}, "bbox": [305414.7429, 2769323.8132, 305477.7803, 2769325.3843]}, {"type": "Feature", "id": "J0201-5.604", "geometry": {"type": "MultiPolygon", "coordinates": [[[[305485.9958, 2769323.785], [305485.6372, 2769325.5759], [305510.3185, 2769325.2355], [305513.0345, 2769325.4045], [305513.0359, 2769325.3365], [305513.0109, 2769325.0517], [305512.9369, 2769324.7755], [305512.8161, 2769324.5165], [305512.6521, 2769324.2823], [305512.4499, 2769324.0801], [305512.2157, 2769323.9161], [305512.1335, 2769323.8717], [305511.9565, 2769323.7953], [305511.6803, 2769323.7213], [305511.3955, 2769323.6965], [305511.3187, 2769323.6981], [305485.9958, 2769323.785]]]]}, "geometry_name": "the_geom", "properties": {"項次": "604", "名稱": "敦化南路二段63巷", "面積": "1.15", "體積": "false", "圖形": "面"}, "bbox": [305485.6372, 2769323.6965, 305513.0359, 2769325.5759]}, {"type": "Feature", "id": "J0201-5.606", "geometry": {"type": "MultiPolygon", "coordinates": [[[[305524.9879, 2772679.8228], [305489.2877, 2772600.1407], [305486.9869, 2772600.6221], [305480.9377, 2772601.8859], [305487.9091, 2772617.7619], [305488.9149, 2772617.2049], [305490.9871, 2772616.0589], [305514.6895, 2772668.9199], [305520.2567, 2772681.8021], [305524.9879, 2772679.8228]]]]}, "geometry_name": "the_geom", "properties": {"項次": "606", "名稱": "敦化北路", "面積": "493.7064473", "體積": "false", "圖形": "面"}, "bbox": [305480.9377, 2772600.1407, 305524.9879, 2772681.8021]}, {"type": "Feature", "id": "J0201-5.607", "geometry": {"type": "MultiPolygon", "coordinates": [[[[305566.71, 2770050.3373], [305535.3393, 2770050.9161], [305535.2867, 2770050.9279], [305535.2879, 2770051.0129], [305535.3655, 2770055.9299], [305564.8377, 2770055.5363], [305565.0722, 2770055.5059], [305565.5154, 2770055.3871], [305565.8782, 2770055.2229], [305565.9314, 2770055.1929], [305566.3074, 2770054.9299], [305566.6318, 2770054.6053], [305566.895, 2770054.2295], [305566.9, 2770054.2207], [305566.71, 2770050.3373]]]]}, "geometry_name": "the_geom", "properties": {"項次": "607", "名稱": "仁愛路四段", "面積": "159.6393826", "體積": "false", "圖形": "面"}, "bbox": [305535.2867, 2770050.3373, 305566.9, 2770055.9299]}, {"type": "Feature", "id": "J0201-5.608", "geometry": {"type": "MultiPolygon", "coordinates": [[[[305566.71, 2770050.3373], [305566.5666, 2770047.4095], [305566.0336, 2770047.4515], [305566.018, 2770047.2519], [305535.2369, 2770047.7845], [305535.2383, 2770047.8845], [305535.2867, 2770050.9279], [305535.3393, 2770050.9161], [305566.71, 2770050.3373]]]]}, "geometry_name": "the_geom", "properties": {"項次": "608", "名稱": "仁愛路四段", "面積": "97.64137782", "體積": "false", "圖形": "面"}, "bbox": [305535.2369, 2770047.2519, 305566.71, 2770050.9279]}, {"type": "Feature", "id": "J0201-5.609", "geometry": {"type": "MultiPolygon", "coordinates": [[[[305576.9539, 2769327.5893], [305577.0695, 2769325.4669], [305577.0465, 2769323.4939], [305521.4051, 2769323.6333], [305521.3401, 2769324.7755], [305573.7047, 2769325.0763], [305576.9539, 2769327.5893]]]]}, "geometry_name": "the_geom", "properties": {"項次": "609", "名稱": "敦化南路二段63巷", "面積": "1.6", "體積": "false", "圖形": "面"}, "bbox": [305521.3401, 2769323.4939, 305577.0695, 2769327.5893]}, {"type": "Feature", "id": "J0201-5.611", "geometry": {"type": "MultiPolygon", "coordinates": [[[[305595.2806, 2770049.8103], [305573.125, 2770050.2191], [305573.2162, 2770053.4871], [305573.2438, 2770053.7653], [305573.3272, 2770054.0765], [305573.4634, 2770054.3683], [305573.6482, 2770054.6323], [305573.652, 2770054.6369], [305573.876, 2770054.8601], [305574.14, 2770055.0449], [305574.4318, 2770055.1811], [305574.743, 2770055.2645], [305574.9908, 2770055.2911], [305593.7262, 2770054.9763], [305593.7364, 2770054.9763], [305594.0202, 2770054.9515], [305594.2954, 2770054.8779], [305594.5534, 2770054.7575], [305594.7868, 2770054.5941], [305594.9758, 2770054.4073], [305594.988, 2770054.3927], [305595.1514, 2770054.1595], [305595.2718, 2770053.9013], [305595.3456, 2770053.6261], [305595.3704, 2770053.3425], [305595.3456, 2770053.0587], [305595.337, 2770053.0139], [305595.2806, 2770049.8103]]]]}, "geometry_name": "the_geom", "properties": {"項次": "611", "名稱": "仁愛路四段", "面積": "112.0866202", "體積": "false", "圖形": "面"}, "bbox": [305573.125, 2770049.8103, 305595.3704, 2770055.2911]}, {"type": "Feature", "id": "J0201-5.612", "geometry": {"type": "MultiPolygon", "coordinates": [[[[305595.2806, 2770049.8103], [305595.2314, 2770047.0309], [305594.3442, 2770046.9689], [305594.358, 2770046.7695], [305573.0436, 2770047.2993], [305573.125, 2770050.2191], [305595.2806, 2770049.8103]]]]}, "geometry_name": "the_geom", "properties": {"項次": "612", "名稱": "仁愛路四段", "面積": "66.130861", "體積": "false", "圖形": "面"}, "bbox": [305573.0436, 2770046.7695, 305595.2806, 2770050.2191]}, {"type": "Feature", "id": "J0201-5.613", "geometry": {"type": "MultiPolygon", "coordinates": [[[[305623.3426, 2770046.1805], [305621.0558, 2770049.3347], [305601.4796, 2770049.6961], [305601.4332, 2770052.8243], [305601.4314, 2770052.9149], [305601.4634, 2770053.2827], [305601.559, 2770053.6395], [305601.7152, 2770053.9741], [305601.7448, 2770054.0239], [305601.927, 2770054.2769], [305602.1882, 2770054.5379], [305602.4908, 2770054.7497], [305602.6698, 2770054.8421], [305620.0946, 2770054.4845], [305620.1174, 2770054.4805], [305620.7356, 2770054.3149], [305621.3156, 2770054.0445], [305621.604, 2770053.8595], [305621.8398, 2770053.6775], [305622.2924, 2770053.2249], [305622.5534, 2770052.8731], [305627.5026, 2770046.0741], [305623.3426, 2770046.1805]]]]}, "geometry_name": "the_geom", "properties": {"項次": "613", "名稱": "仁愛路四段", "面積": "124.2585387", "體積": "false", "圖形": "面"}, "bbox": [305601.4314, 2770046.0741, 305627.5026, 2770054.8421]}, {"type": "Feature", "id": "J0201-5.614", "geometry": {"type": "MultiPolygon", "coordinates": [[[[305623.3426, 2770046.1805], [305621.211, 2770046.2353], [305601.5236, 2770046.7405], [305601.4796, 2770049.6961], [305621.0558, 2770049.3347], [305623.3426, 2770046.1805]]]]}, "geometry_name": "the_geom", "properties": {"項次": "614", "名稱": "仁愛路四段", "面積": "62.69120584", "體積": "false", "圖形": "面"}, "bbox": [305601.4796, 2770046.1805, 305623.3426, 2770049.6961]}, {"type": "Feature", "id": "J0201-5.615", "geometry": {"type": "MultiPolygon", "coordinates": [[[[305648.1915, 2769324.5611], [305648.1857, 2769323.2383], [305582.5205, 2769323.5279], [305583.0935, 2769324.6775], [305648.1915, 2769324.5611]]]]}, "geometry_name": "the_geom", "properties": {"項次": "615", "名稱": "敦化南路二段63巷", "面積": "0.0", "體積": "false", "圖形": "面"}, "bbox": [305582.5205, 2769323.2383, 305648.1915, 2769324.6775]}, {"type": "Feature", "id": "J0201-5.616", "geometry": {"type": "MultiPolygon", "coordinates": [[[[305675.7354, 2770047.9069], [305673.9526, 2770048.0045], [305667.545, 2770048.2961], [305662.9754, 2770039.9483], [305664.1618, 2770038.3069], [305673.7678, 2770025.1925], [305673.4426, 2770024.9593], [305675.8508, 2770021.6041], [305676.1738, 2770021.8397], [305677.832, 2770019.5659], [305677.6702, 2770019.4483], [305704.5028, 2769982.5081], [305704.6488, 2769982.6135], [305716.683, 2769965.9511], [305736.4858, 2769938.6003], [305742.9774, 2769929.6977], [305748.5838, 2769924.7557], [305759.9466, 2769926.6155], [305764.9318, 2769933.2729], [305765.7978, 2769932.5937], [305758.6992, 2769923.1991], [305758.4246, 2769922.9599], [305757.7244, 2769922.5069], [305757.236, 2769922.2933], [305756.5244, 2769922.1027], [305756.3148, 2769922.0711], [305755.3444, 2769921.8681], [305752.293, 2769921.6349], [305751.7306, 2769921.6575], [305748.1654, 2769922.2865], [305748.1328, 2769922.2961], [305745.888, 2769923.2387], [305742.3408, 2769925.3129], [305742.0106, 2769925.5371], [305739.8174, 2769927.5855], [305739.3798, 2769928.1611], [305736.129, 2769932.4789], [305719.6546, 2769955.2601], [305699.4212, 2769983.1597], [305676.0252, 2770015.3775], [305662.663, 2770033.7919], [305662.1314, 2770034.5021], [305661.1054, 2770036.0057], [305660.6554, 2770036.8013], [305660.2852, 2770037.6305], [305660.0214, 2770038.5431], [305659.8356, 2770039.4297], [305659.6098, 2770041.9725], [305659.6264, 2770042.6629], [305660.0372, 2770044.7053], [305660.096, 2770044.8607], [305661.4522, 2770047.6167], [305661.5666, 2770047.8045], [305663.4506, 2770050.3799], [305663.6494, 2770050.6077], [305664.2276, 2770051.1979], [305665.4926, 2770052.1503], [305665.804, 2770052.3351], [305668.5224, 2770053.5743], [305669.3926, 2770053.7253], [305670.4596, 2770053.7443], [305670.591, 2770053.7319], [305670.7314, 2770053.6943], [305670.863, 2770053.6329], [305670.8934, 2770053.6143], [305670.9818, 2770053.5497], [305671.0844, 2770053.4469], [305671.1494, 2770053.3583], [305675.7354, 2770047.9069]]]]}, "geometry_name": "the_geom", "properties": {"項次": "616", "名稱": "安和路一段", "面積": "691.0181854", "體積": "false", "圖形": "面"}, "bbox": [305659.6098, 2769921.6349, 305765.7978, 2770053.7443]}, {"type": "Feature", "id": "J0201-5.620", "geometry": {"type": "MultiPolygon", "coordinates": [[[[305748.8718, 2772656.6663], [305754.923, 2772644.7745], [305756.4326, 2772641.9641], [305763.38, 2772629.7239], [305766.3154, 2772624.8589], [305785.9942, 2772593.9005], [305793.014, 2772581.7913], [305814.7338, 2772543.9219], [305848.1292, 2772485.6409], [305861.539, 2772462.4797], [305857.763, 2772463.7539], [305845.4262, 2772485.1879], [305814.0308, 2772540.0067], [305799.1458, 2772565.7763], [305786.948, 2772587.1535], [305782.1902, 2772595.4155], [305777.3512, 2772601.9979], [305756.3134, 2772638.5311], [305727.687, 2772688.4399], [305723.509, 2772695.7961], [305722.9444, 2772696.8309], [305722.5748, 2772698.1949], [305727.426, 2772698.7881], [305748.8718, 2772656.6663]]]]}, "geometry_name": "the_geom", "properties": {"項次": "620", "名稱": "富錦街107巷", "面積": "730.6088101", "體積": "false", "圖形": "面"}, "bbox": [305722.5748, 2772462.4797, 305861.539, 2772698.7881]}, {"type": "Feature", "id": "J0201-5.621", "geometry": {"type": "MultiPolygon", "coordinates": [[[[305770.0715, 2769734.5903], [305767.1139, 2769734.9465], [305766.9391, 2769734.9955], [305766.7485, 2769735.0845], [305766.5961, 2769735.1887], [305766.5761, 2769735.2053], [305766.4273, 2769735.3539], [305766.3065, 2769735.5265], [305766.2175, 2769735.7171], [305766.1913, 2769735.7981], [305766.5933, 2769754.8061], [305766.6937, 2769759.8271], [305766.7277, 2769760.7535], [305766.7335, 2769763.4737], [305766.7605, 2769763.5217], [305766.9869, 2769763.8451], [305767.2659, 2769764.1241], [305767.5425, 2769764.3227], [305767.5891, 2769764.3505], [305767.9467, 2769764.5173], [305768.3279, 2769764.6193], [305768.6693, 2769764.6531], [305771.0707, 2769764.6281], [305770.7781, 2769749.1433], [305770.3583, 2769749.1515], [305770.0715, 2769734.5903]]]]}, "geometry_name": "the_geom", "properties": {"項次": "621", "名稱": "安和路一段", "面積": "29.07", "體積": "false", "圖形": "面"}, "bbox": [305766.1913, 2769734.5903, 305771.0707, 2769764.6531]}, {"type": "Feature", "id": "J0201-5.622", "geometry": {"type": "MultiPolygon", "coordinates": [[[[305771.5703, 2769810.5371], [305770.9065, 2769771.1945], [305767.8767, 2769771.3013], [305767.8053, 2769771.3119], [305767.5911, 2769771.3693], [305767.3901, 2769771.4629], [305767.2085, 2769771.5901], [305767.1607, 2769771.6323], [305767.0517, 2769771.7471], [305766.9245, 2769771.9287], [305766.8307, 2769772.1297], [305766.7905, 2769772.2621], [305766.9663, 2769779.5225], [305767.0139, 2769781.9929], [305767.2541, 2769793.9401], [305767.3121, 2769796.8913], [305767.3431, 2769799.6509], [305767.4535, 2769804.6229], [305767.4991, 2769806.4601], [305767.5789, 2769809.5703], [305767.6313, 2769809.7581], [305767.7249, 2769809.9587], [305767.8519, 2769810.1399], [305767.9985, 2769810.2881], [305768.0081, 2769810.2963], [305768.1895, 2769810.4233], [305768.3901, 2769810.5169], [305768.6039, 2769810.5741], [305768.6943, 2769810.5867], [305771.5703, 2769810.5371]]]]}, "geometry_name": "the_geom", "properties": {"項次": "622", "名稱": "安和路一段", "面積": "32.91", "體積": "false", "圖形": "面"}, "bbox": [305766.7905, 2769771.1945, 305771.5703, 2769810.5867]}, {"type": "Feature", "id": "J0201-5.624", "geometry": {"type": "MultiPolygon", "coordinates": [[[[305782.5832, 2772045.3293], [305782.5934, 2772045.0809], [305782.5464, 2772044.5447], [305782.407, 2772044.0249], [305782.1798, 2772043.5371], [305781.8708, 2772043.0963], [305781.7162, 2772042.9253], [305781.4904, 2772042.7157], [305781.0496, 2772042.4071], [305780.5618, 2772042.1795], [305780.042, 2772042.0403], [305779.5058, 2772041.9933], [305778.9696, 2772042.0403], [305778.9312, 2772042.0473], [305776.1332, 2772041.9443], [305779.5506, 2772045.7803], [305783.258, 2772109.5507], [305786.344, 2772109.5839], [305784.8368, 2772084.1047], [305782.5832, 2772045.3293]]]]}, "geometry_name": "the_geom", "properties": {"項次": "624", "名稱": "健康路15巷", "面積": "211.2201641", "體積": "false", "圖形": "面"}, "bbox": [305776.1332, 2772041.9443, 305786.344, 2772109.5839]}, {"type": "Feature", "id": "J0201-5.625", "geometry": {"type": "MultiPolygon", "coordinates": [[[[305786.344, 2772109.5839], [305783.258, 2772109.5507], [305783.2586, 2772109.6423], [305782.8556, 2772112.0567], [305782.7496, 2772112.3461], [305781.6908, 2772114.2091], [305780.981, 2772114.9979], [305778.2572, 2772117.2101], [305770.893, 2772122.8051], [305768.1466, 2772124.7559], [305759.855, 2772130.2341], [305757.5716, 2772131.6349], [305755.9822, 2772132.5649], [305750.087, 2772135.8579], [305740.307, 2772140.7367], [305740.0048, 2772140.8745], [305729.8346, 2772145.0749], [305729.6116, 2772145.1579], [305725.081, 2772146.7913], [305722.4676, 2772147.6899], [305720.6152, 2772148.3039], [305716.6236, 2772149.5461], [305711.644, 2772150.9609], [305710.7214, 2772151.2083], [305704.9258, 2772152.6555], [305697.601, 2772154.1559], [305696.7278, 2772154.3071], [305688.7326, 2772155.4699], [305687.411, 2772155.6253], [305681.2194, 2772156.2279], [305680.4128, 2772156.2917], [305675.3448, 2772156.6125], [305673.5274, 2772156.6937], [305671.592, 2772156.7621], [305664.8404, 2772156.8637], [305662.414, 2772156.8387], [305658.1718, 2772156.6835], [305652.7094, 2772156.3121], [305651.0858, 2772156.1705], [305642.6068, 2772155.2553], [305641.3194, 2772155.0797], [305632.8794, 2772153.8109], [305632.7284, 2772153.7877], [305627.473, 2772152.6975], [305618.7436, 2772150.1155], [305617.8626, 2772152.7735], [305626.7664, 2772155.4073], [305627.4938, 2772155.5915], [305632.4578, 2772156.5791], [305640.9086, 2772157.8499], [305642.2618, 2772158.0341], [305642.4154, 2772158.0531], [305650.83, 2772158.9585], [305655.7204, 2772159.3431], [305658.023, 2772159.4797], [305664.8382, 2772159.6639], [305673.639, 2772159.4917], [305678.482, 2772159.2363], [305680.6276, 2772159.0835], [305684.4254, 2772158.7541], [305687.727, 2772158.4073], [305691.79, 2772157.8975], [305697.196, 2772157.0677], [305700.4114, 2772156.4833], [305705.5632, 2772155.3823], [305707.2044, 2772154.9913], [305711.4408, 2772153.9145], [305714.986, 2772152.9391], [305717.4222, 2772152.2299], [305723.3638, 2772150.3429], [305726.0022, 2772149.4355], [305730.5862, 2772147.7829], [305732.871, 2772146.9147], [305741.1628, 2772143.4237], [305743.3582, 2772142.4067], [305751.4222, 2772138.3193], [305757.378, 2772134.9925], [305757.572, 2772134.8807], [305761.2962, 2772132.6421], [305762.698, 2772131.7323], [305772.2284, 2772125.2809], [305776.0024, 2772122.5129], [305778.4616, 2772120.5455], [305782.721, 2772117.0029], [305782.8872, 2772116.8733], [305784.749, 2772114.8667], [305785.522, 2772113.4929], [305785.9366, 2772112.4005], [305786.3446, 2772109.6939], [305786.344, 2772109.5839]]]]}, "geometry_name": "the_geom", "properties": {"項次": "625", "名稱": "敦化北路199巷", "面積": "509.3235911", "體積": "false", "圖形": "面"}, "bbox": [305617.8626, 2772109.5507, 305786.3446, 2772159.6639]}, {"type": "Feature", "id": "J0201-5.629", "geometry": {"type": "MultiPolygon", "coordinates": [[[[305891.0926, 2772410.9879], [305925.7142, 2772350.2523], [305923.1974, 2772350.0393], [305922.0112, 2772351.5605], [305921.9642, 2772351.6341], [305888.4546, 2772410.3819], [305866.919, 2772447.9185], [305868.4352, 2772450.6515], [305891.0926, 2772410.9879]]]]}, "geometry_name": "the_geom", "properties": {"項次": "629", "名稱": "富錦街107巷", "面積": "296.8134541", "體積": "false", "圖形": "面"}, "bbox": [305866.919, 2772350.0393, 305925.7142, 2772450.6515]}, {"type": "Feature", "id": "J0201-5.635", "geometry": {"type": "MultiPolygon", "coordinates": [[[[306210.3619, 2772148.4661], [306207.2365, 2772148.1827], [306202.3269, 2772203.0931], [306199.2113, 2772239.4955], [306197.3053, 2772241.5527], [306197.1385, 2772243.4915], [306198.4263, 2772243.6025], [306198.9261, 2772243.4683], [306200.7255, 2772242.4305], [306201.2143, 2772241.9247], [306201.7149, 2772241.2099], [306202.0837, 2772240.4189], [306202.2035, 2772240.0445], [306205.6981, 2772199.9051], [306210.3619, 2772148.4661]]]]}, "geometry_name": "the_geom", "properties": {"項次": "635", "名稱": "民生東路五段36巷", "面積": "296.2687613", "體積": "false", "圖形": "面"}, "bbox": [306197.1385, 2772148.1827, 306210.3619, 2772243.6025]}, {"type": "Feature", "id": "J0201-5.646", "geometry": {"type": "MultiPolygon", "coordinates": [[[[306420.2613, 2769939.9611], [306420.2309, 2769940.5841], [306422.6111, 2769942.9045], [306423.0349, 2769967.5365], [306420.4815, 2769970.3663], [306422.9073, 2769970.0799], [306423.1331, 2769970.0927], [306423.4819, 2769970.0621], [306423.8201, 2769969.9715], [306424.1373, 2769969.8237], [306424.2651, 2769969.7431], [306424.4241, 2769969.6229], [306424.6715, 2769969.3753], [306424.8723, 2769969.0885], [306425.0203, 2769968.7713], [306425.1109, 2769968.4331], [306425.1335, 2769968.2617], [306424.7111, 2769941.0743], [306424.6955, 2769940.9105], [306424.6487, 2769940.7365], [306424.5725, 2769940.5729], [306424.4691, 2769940.4251], [306424.3827, 2769940.3339], [306424.3415, 2769940.2975], [306424.1937, 2769940.1939], [306424.0301, 2769940.1177], [306423.8559, 2769940.0711], [306423.6761, 2769940.0553], [306423.6219, 2769940.0567], [306420.2613, 2769939.9611]]]]}, "geometry_name": "the_geom", "properties": {"項次": "646", "名稱": "光復南路417巷", "面積": "69.59209269", "體積": "false", "圖形": "面"}, "bbox": [306420.2309, 2769939.9611, 306425.1335, 2769970.3663]}, {"type": "Feature", "id": "J0201-5.647", "geometry": {"type": "MultiPolygon", "coordinates": [[[[306422.0145, 2769901.4043], [306422.3065, 2769929.2561], [306420.3979, 2769932.0295], [306420.4071, 2769932.4421], [306423.1885, 2769932.3339], [306423.3751, 2769932.3151], [306423.5867, 2769932.2585], [306423.7853, 2769932.1659], [306423.9649, 2769932.0403], [306424.0893, 2769931.9203], [306424.1197, 2769931.8853], [306424.2455, 2769931.7057], [306424.3381, 2769931.5071], [306424.3947, 2769931.2955], [306424.4139, 2769931.0773], [306424.3947, 2769930.8589], [306424.3699, 2769930.7477], [306423.9407, 2769902.9593], [306423.9561, 2769902.7383], [306423.9319, 2769902.4613], [306423.9119, 2769902.3655], [306423.8801, 2769902.2603], [306423.8087, 2769902.1071], [306423.7117, 2769901.9685], [306423.6989, 2769901.9535], [306423.2869, 2769901.5959], [306422.8171, 2769901.3781], [306422.4551, 2769901.3313], [306422.0145, 2769901.4043]]]]}, "geometry_name": "the_geom", "properties": {"項次": "647", "名稱": "光復南路417巷", "面積": "64.0153345", "體積": "false", "圖形": "面"}, "bbox": [306420.3979, 2769901.3313, 306424.4139, 2769932.4421]}, {"type": "Feature", "id": "J0201-5.648", "geometry": {"type": "MultiPolygon", "coordinates": [[[[306424.3185, 2770033.3231], [306426.2349, 2770033.3031], [306426.0465, 2770015.2739], [306426.0783, 2770015.1221], [306426.1161, 2770014.6907], [306426.0867, 2770014.3099], [306426.0807, 2770014.2739], [306426.0009, 2770013.9765], [306425.8709, 2770013.6975], [306425.7801, 2770013.5563], [306425.4853, 2770013.1879], [306425.2179, 2770012.9287], [306425.0095, 2770012.7827], [306424.7793, 2770012.6757], [306424.7113, 2770012.6527], [306424.0133, 2770012.5559], [306421.6447, 2770012.5305], [306424.0143, 2770015.4235], [306424.3185, 2770033.3231]]]]}, "geometry_name": "the_geom", "properties": {"項次": "648", "名稱": "光復南路417巷", "面積": "43.75883838", "體積": "false", "圖形": "面"}, "bbox": [306421.6447, 2770012.5305, 306426.2349, 2770033.3231]}, {"type": "Feature", "id": "J0201-5.649", "geometry": {"type": "MultiPolygon", "coordinates": [[[[306425.7263, 2770003.9193], [306425.7891, 2770002.2787], [306425.2739, 2769977.8107], [306425.2657, 2769977.7607], [306425.1741, 2769977.4183], [306425.0243, 2769977.0973], [306424.8211, 2769976.8069], [306424.7387, 2769976.7145], [306424.5705, 2769976.5563], [306424.2801, 2769976.3531], [306423.9589, 2769976.2035], [306423.8345, 2769976.1625], [306420.4361, 2769976.1939], [306420.4103, 2769976.4929], [306423.3991, 2769979.1963], [306423.7233, 2769993.5865], [306423.1231, 2769993.5929], [306423.1393, 2769995.0927], [306423.1727, 2769998.2359], [306423.2461, 2770003.5529], [306420.8579, 2770007.3211], [306421.6067, 2770007.0607], [306421.7079, 2770007.0227], [306422.1681, 2770006.8281], [306422.9023, 2770006.4787], [306423.3727, 2770006.2499], [306423.9227, 2770005.9519], [306424.8955, 2770005.3457], [306425.0165, 2770005.2561], [306425.1715, 2770005.1009], [306425.2949, 2770004.9255], [306425.4601, 2770004.6143], [306425.7263, 2770003.9193]]]]}, "geometry_name": "the_geom", "properties": {"項次": "649", "名稱": "光復南路417巷", "面積": "70.57518261", "體積": "false", "圖形": "面"}, "bbox": [306420.4103, 2769976.1625, 306425.7891, 2770007.3211]}, {"type": "Feature", "id": "J0201-5.650", "geometry": {"type": "MultiPolygon", "coordinates": [[[[306437.2417, 2770032.5753], [306442.5323, 2770032.7797], [306439.1823, 2770030.0157], [306438.9677, 2770017.9315], [306438.9073, 2770014.5319], [306441.9933, 2770011.2769], [306440.8797, 2770011.3821], [306439.6299, 2770011.7097], [306438.7337, 2770012.2247], [306438.2889, 2770012.6041], [306437.8049, 2770013.0911], [306437.2655, 2770013.8375], [306437.1467, 2770014.0959], [306437.0685, 2770014.3883], [306437.0517, 2770014.5067], [306437.0855, 2770015.5371], [306437.2417, 2770032.5753]]]]}, "geometry_name": "the_geom", "properties": {"項次": "650", "名稱": "光復南路417巷", "面積": "45.87435154", "體積": "false", "圖形": "面"}, "bbox": [306437.0517, 2770011.2769, 306442.5323, 2770032.7797]}, {"type": "Feature", "id": "J0201-5.651", "geometry": {"type": "MultiPolygon", "coordinates": [[[[306439.5105, 2769900.8113], [306438.4511, 2769900.8587], [306438.2161, 2769900.8499], [306437.6657, 2769900.8981], [306437.1319, 2769901.0411], [306436.6311, 2769901.2747], [306436.1785, 2769901.5917], [306435.7877, 2769901.9825], [306435.7555, 2769902.0215], [306435.4707, 2769902.4351], [306435.2373, 2769902.9359], [306435.0943, 2769903.4697], [306435.0461, 2769904.0203], [306435.0717, 2769904.4229], [306435.4917, 2769929.5979], [306435.5919, 2769930.1495], [306435.6073, 2769930.2001], [306435.6757, 2769930.3723], [306435.8021, 2769930.5815], [306436.1707, 2769930.9795], [306436.2069, 2769931.0105], [306436.4301, 2769931.1875], [306436.9503, 2769931.5385], [306436.9849, 2769931.5589], [306437.3523, 2769931.7303], [306437.7439, 2769931.8353], [306437.7489, 2769931.8361], [306438.8187, 2769931.8639], [306440.4501, 2769931.8785], [306437.4439, 2769928.6817], [306437.1671, 2769919.7311], [306437.3515, 2769919.7327], [306436.9887, 2769904.0533], [306439.5457, 2769901.2805], [306439.5105, 2769900.8113]]]]}, "geometry_name": "the_geom", "properties": {"項次": "651", "名稱": "光復南路417巷", "面積": "66.15186348", "體積": "false", "圖形": "面"}, "bbox": [306435.0461, 2769900.8113, 306440.4501, 2769931.8785]}, {"type": "Feature", "id": "J0201-5.652", "geometry": {"type": "MultiPolygon", "coordinates": [[[[306440.6823, 2769939.2703], [306438.3849, 2769939.4289], [306438.2985, 2769939.4275], [306437.8585, 2769939.4661], [306437.4321, 2769939.5803], [306437.0317, 2769939.7669], [306436.6701, 2769940.0203], [306436.3935, 2769940.2909], [306436.3577, 2769940.3327], [306436.1045, 2769940.6941], [306435.9179, 2769941.0943], [306435.8035, 2769941.5211], [306435.7663, 2769941.8819], [306436.1645, 2769965.3315], [306436.2225, 2769965.7001], [306436.4675, 2769966.6257], [306436.9181, 2769967.5135], [306437.7413, 2769968.5151], [306438.0777, 2769968.8431], [306438.7181, 2769969.3745], [306438.9947, 2769969.5567], [306439.4401, 2769969.7645], [306439.7215, 2769969.8505], [306441.0707, 2769970.0165], [306441.2737, 2769970.0127], [306438.1933, 2769966.8041], [306437.8089, 2769942.8277], [306440.6751, 2769939.8553], [306440.6823, 2769939.2703]]]]}, "geometry_name": "the_geom", "properties": {"項次": "652", "名稱": "光復南路417巷", "面積": "65.31691807", "體積": "false", "圖形": "面"}, "bbox": [306435.7663, 2769939.2703, 306441.2737, 2769970.0165]}, {"type": "Feature", "id": "J0201-5.653", "geometry": {"type": "MultiPolygon", "coordinates": [[[[306441.4005, 2769975.5975], [306439.7421, 2769975.8035], [306439.4401, 2769975.8995], [306438.8401, 2769976.1791], [306438.5315, 2769976.3779], [306438.4771, 2769976.4171], [306437.5039, 2769977.2449], [306437.4881, 2769977.2607], [306436.7985, 2769978.0975], [306436.7015, 2769978.2527], [306436.5083, 2769978.6669], [306436.3983, 2769979.0643], [306436.3379, 2769980.4721], [306436.8631, 2770003.6201], [306436.9439, 2770004.0665], [306437.1593, 2770004.6903], [306437.2429, 2770004.8535], [306437.4257, 2770005.1143], [306437.6291, 2770005.3213], [306437.7639, 2770005.4331], [306438.3645, 2770005.8349], [306439.4101, 2770006.3083], [306440.4101, 2770006.5029], [306441.6659, 2770006.3995], [306438.5797, 2770002.0265], [306438.3533, 2769992.5379], [306438.5767, 2769992.5345], [306438.2333, 2769978.8937], [306439.4233, 2769977.7153], [306441.4177, 2769975.8461], [306441.4005, 2769975.5975]]]]}, "geometry_name": "the_geom", "properties": {"項次": "653", "名稱": "光復南路417巷", "面積": "62.25186202", "體積": "false", "圖形": "面"}, "bbox": [306436.3379, 2769975.5975, 306441.6659, 2770006.5029]}, {"type": "Feature", "id": "J0201-5.659", "geometry": {"type": "MultiPolygon", "coordinates": [[[[306586.992, 2771437.8629], [306585.6124, 2771386.1151], [306597.4454, 2771283.8561], [306596.3662, 2771283.6503], [306591.0286, 2771327.8335], [306584.4172, 2771385.1679], [306584.3212, 2771386.2259], [306584.9464, 2771401.0941], [306584.8994, 2771404.6301], [306585.773, 2771437.8949], [306586.992, 2771437.8629]]]]}, "geometry_name": "the_geom", "properties": {"項次": "659", "名稱": "八德路四段91巷", "面積": "192.3255436", "體積": "false", "圖形": "面"}, "bbox": [306584.3212, 2771283.6503, 306597.4454, 2771437.8949]}, {"type": "Feature", "id": "J0201-5.660", "geometry": {"type": "MultiPolygon", "coordinates": [[[[306597.4454, 2771283.8561], [306585.6124, 2771386.1151], [306586.992, 2771437.8629], [306590.8698, 2771437.7611], [306589.3584, 2771401.5169], [306589.2382, 2771386.4709], [306594.8788, 2771336.2375], [306600.8812, 2771284.5111], [306597.4454, 2771283.8561]]]]}, "geometry_name": "the_geom", "properties": {"項次": "660", "名稱": "八德路四段91巷", "面積": "545.4895277", "體積": "false", "圖形": "面"}, "bbox": [306585.6124, 2771283.8561, 306600.8812, 2771437.8629]}]}