{"type": "FeatureCollection", "features": [{"type": "Feature", "id": 231, "geometry": {"type": "Point", "coordinates": [121.53125763, 25.053279877]}, "properties": {"SeqNo": 748, "pm_name": "一江公園", "pm_overview": "        一江公園為「人文藝術」公園，採對稱四單元之空間配置，動線為十字軸線交會於中央紀念碑廣場，紀念碑除具有歷史意義外，亦是本園的設計焦點之一。", "pm_unit": "中山區公所", "pm_const_year": "1971", "pm_location": "一江街31號對面", "pm_LandPublicArea": 2330, "pm_opening_s": "00:00:00", "pm_opening_e": "24:00", "pm_libie": "中吉里", "pm_phone": "02-25031369#538", "pm_sports": "引體向上、雙人大轉輪、扭腰器", "pm_recreation": "組合遊具", "pm_service": "涼亭、直飲台、廁所", "pm_other": null, "pm_transit": "公車路線：搭279、市民小巴9搭至吉林國小站下車，再步行抵達", "pm_name_eng": "Yijiang Park", "pm_ecology": null, "pm_type": "公園", "pm_playtype": "一般", "pm_playarea": 92, "pm_description": null, "pm_playeq": "彈跳床,搖滾盤,攀爬組,磨石滑梯,搖搖樂,翹翹板,搖搖樂,組合遊具,搖搖樂,組合遊具,鞦韆,攀爬組,磨石滑梯,翹翹板,組合遊具,翹翹板,木樁區,盪鞦韆,平衡木,彈跳床,搖搖樂,組合遊具,翹翹板,旋轉台,戲沙坑遊戲桌,搖搖樂,攀爬組,旋轉飛輪,組合遊具,翹翹板,磨石滑梯,攀爬組,磨石子滑梯,翹翹板,彈跳床,鳥巢鞦韆,戲沙坑,攀爬組,組合遊具,攀爬組,站立式搖動設備,組合遊具,翹翹板,小石搬運,搖搖馬,組合遊具,數字造型跳樁及水管隧道,搖滾盤,X型翹翹板,組合遊具,搖搖樂,組合遊具,旋轉桶椅,大旋轉組,組合遊具,搖搖樂,磨石滑梯,鳥巢鞦韆,旋轉桶椅,組合遊具,組合遊具,組合遊具,搖搖馬,組合遊具,翹翹板,搖搖樂,組合遊具,組合遊具,磨石滑梯,鞦韆及鳥巢鞦韆,彈跳床,攀爬組,木隧道,組合遊具,仿古代程沈船遊具,攀爬繩網組,攀爬組,鳥巢鞦韆,輪胎鞦韆,尿布鞦韆,沙坑,磨石子滑梯,旋轉台,彈跳床,雙滑軌溜索,搖搖馬,翹翹板,組合遊具,搖搖馬,組合遊具,攀爬組,組合遊具,組合遊具,攀爬組,搖搖馬,磨石子滑梯,旋轉杯,組合遊具,組合遊具,組合遊具,大轉轉杯,搖搖樂,組合遊具,翹翹板,滑梯,彈跳床,戲沙坑,擺盪船索,攀爬組,旋轉組,磨石滑梯,組合遊具,特色溜滑梯,攀爬組,旋轉棒,叢林攀爬組,4人旋轉器,搖搖樂,磨石滑梯,翹翹板,搖搖樂,組合遊具,組合遊具,組合遊具,爬繩,組合遊具(叢林攀爬組),獨木橋,組合遊具,遊戲板,組合遊具,攀爬組,盪鞦韆,搖搖樂,組合遊具,組合遊具,旋轉盤,鞦韆,攀爬組,旋轉盤,搖搖樂,組合遊具,特色溜滑梯,攀爬組,跳樁,鞦韆,搖搖馬,組合遊具,蹺蹺板,組合遊具,搖搖樂,組合遊具,組合遊具2,翹翹板及搖搖馬,組合遊具,天空樹溜滑梯,戲沙坑,搖搖樂,旋轉拉環,組合遊具, X型翹翹板,鞦韆,攀爬組,搖搖樂,組合遊具(村莊高塔),鞦韆,攀爬遊戲組,彈跳床,投籃機,擺盪船索,攀爬組,旋轉台,組合遊具,組合遊具,旋轉陀螺,旋轉台,組合遊具,攀爬組,搖搖樂,翹翹板,磨石滑梯,搖搖樂,跳樁,搖搖樂,攀爬組,組合遊具(滑梯小屋),旋轉盤,組合遊具,鳥巢盪鞦韆及一般坐式盪鞦韆,蝴蝶翹翹板,特色旋轉盤,金字塔滑梯組,機車搖搖樂,遊戲板,造型攀爬牆,攀爬網,組合遊具(環繞競技場遊具組),鞦韆,體能訓練平衡組,礫石坑,獨木樁,蜻蜓點水,木橋,平衡木,平衡木,跳樁,遊戲板,隧道,組合遊具(叢林攀爬組),搖晃板,組合遊具,遊戲板,隧道,組合遊具(遊戲城堡),旋轉座椅,競技攀爬遊具組,龍舟特色遊具組,滑梯,擊鼓,搖搖樂,組合遊具,翹翹板,組合遊具,翹翹板,木作組合遊具,搖搖樂,城堡遊戲組,大轉轉杯,搖搖樂,磨石滑梯,攀爬組,鞦韆,搖搖樂,組合遊具,組合遊具,搖滾盤,旋轉球椅,愛的搖籃,組合遊具,搖搖樂,旋轉杯,翹翹板,組合遊具", "ObjectId": 231}}, {"type": "Feature", "id": 245, "geometry": {"type": "Point", "coordinates": [121.53183746, 25.056360245]}, "properties": {"SeqNo": 746, "pm_name": "中吉公園", "pm_overview": "中吉公園為「童玩趣味」公園，園內設置可愛的組合遊具，成功塑造整體的公園意向，充滿著活潑朝氣。", "pm_unit": "中山區公所", "pm_const_year": "1985", "pm_location": "松江路170巷內", "pm_LandPublicArea": 2970, "pm_opening_s": "00:00:00", "pm_opening_e": "24:00", "pm_libie": "中吉里", "pm_phone": "02-25031369#538", "pm_sports": "雙人大轉輪、腹背肌、引體向上、扭腰器", "pm_recreation": "組合遊具", "pm_service": "涼亭、直飲台、廁所", "pm_other": null, "pm_transit": "公車路線：搭市民小巴9搭至台北銀行(吉林分行)站下車，再步行抵達", "pm_name_eng": "Zhongji Park", "pm_ecology": null, "pm_type": "公園", "pm_playtype": "一般", "pm_playarea": 89, "pm_description": null, "pm_playeq": "彈跳床,搖滾盤,攀爬組,磨石滑梯,搖搖樂,翹翹板,搖搖樂,組合遊具,搖搖樂,組合遊具,鞦韆,攀爬組,磨石滑梯,翹翹板,組合遊具,翹翹板,木樁區,盪鞦韆,平衡木,彈跳床,搖搖樂,組合遊具,翹翹板,旋轉台,戲沙坑遊戲桌,搖搖樂,攀爬組,旋轉飛輪,組合遊具,翹翹板,磨石滑梯,攀爬組,磨石子滑梯,翹翹板,彈跳床,鳥巢鞦韆,戲沙坑,攀爬組,組合遊具,攀爬組,站立式搖動設備,組合遊具,翹翹板,小石搬運,搖搖馬,組合遊具,數字造型跳樁及水管隧道,搖滾盤,X型翹翹板,組合遊具,搖搖樂,組合遊具,旋轉桶椅,大旋轉組,組合遊具,搖搖樂,磨石滑梯,鳥巢鞦韆,旋轉桶椅,組合遊具,組合遊具,組合遊具,搖搖馬,組合遊具,翹翹板,搖搖樂,組合遊具,組合遊具,磨石滑梯,鞦韆及鳥巢鞦韆,彈跳床,攀爬組,木隧道,組合遊具,仿古代程沈船遊具,攀爬繩網組,攀爬組,鳥巢鞦韆,輪胎鞦韆,尿布鞦韆,沙坑,磨石子滑梯,旋轉台,彈跳床,雙滑軌溜索,搖搖馬,翹翹板,組合遊具,搖搖馬,組合遊具,攀爬組,組合遊具,組合遊具,攀爬組,搖搖馬,磨石子滑梯,旋轉杯,組合遊具,組合遊具,組合遊具,大轉轉杯,搖搖樂,組合遊具,翹翹板,滑梯,彈跳床,戲沙坑,擺盪船索,攀爬組,旋轉組,磨石滑梯,組合遊具,特色溜滑梯,攀爬組,旋轉棒,叢林攀爬組,4人旋轉器,搖搖樂,磨石滑梯,翹翹板,搖搖樂,組合遊具,組合遊具,組合遊具,爬繩,組合遊具(叢林攀爬組),獨木橋,組合遊具,遊戲板,組合遊具,攀爬組,盪鞦韆,搖搖樂,組合遊具,組合遊具,旋轉盤,鞦韆,攀爬組,旋轉盤,搖搖樂,組合遊具,特色溜滑梯,攀爬組,跳樁,鞦韆,搖搖馬,組合遊具,蹺蹺板,組合遊具,搖搖樂,組合遊具,組合遊具2,翹翹板及搖搖馬,組合遊具,天空樹溜滑梯,戲沙坑,搖搖樂,旋轉拉環,組合遊具, X型翹翹板,鞦韆,攀爬組,搖搖樂,組合遊具(村莊高塔),鞦韆,攀爬遊戲組,彈跳床,投籃機,擺盪船索,攀爬組,旋轉台,組合遊具,組合遊具,旋轉陀螺,旋轉台,組合遊具,攀爬組,搖搖樂,翹翹板,磨石滑梯,搖搖樂,跳樁,搖搖樂,攀爬組,組合遊具(滑梯小屋),旋轉盤,組合遊具,鳥巢盪鞦韆及一般坐式盪鞦韆,蝴蝶翹翹板,特色旋轉盤,金字塔滑梯組,機車搖搖樂,遊戲板,造型攀爬牆,攀爬網,組合遊具(環繞競技場遊具組),鞦韆,體能訓練平衡組,礫石坑,獨木樁,蜻蜓點水,木橋,平衡木,平衡木,跳樁,遊戲板,隧道,組合遊具(叢林攀爬組),搖晃板,組合遊具,遊戲板,隧道,組合遊具(遊戲城堡),旋轉座椅,競技攀爬遊具組,龍舟特色遊具組,滑梯,擊鼓,搖搖樂,組合遊具,翹翹板,組合遊具,翹翹板,木作組合遊具,搖搖樂,城堡遊戲組,大轉轉杯,搖搖樂,磨石滑梯,攀爬組,鞦韆,搖搖樂,組合遊具,組合遊具,搖滾盤,旋轉球椅,愛的搖籃,組合遊具,搖搖樂,旋轉杯,翹翹板,組合遊具,搖搖樂,組合遊具,搖搖樂,組合遊具,搖搖樂,組合遊具,攀爬組,搖搖樂,組合遊具,搖搖樂,組合遊具,組合遊具", "ObjectId": 245}}, {"type": "Feature", "id": 246, "geometry": {"type": "Point", "coordinates": [121.52398682, 25.056489944]}, "properties": {"SeqNo": 687, "pm_name": "中安公園 ", "pm_overview": "        中安公園為「樂活休憩」公園，種植常綠的榕樹，樹蔭茂密，搭配四季變化之草花增添公園亮麗的色彩，吸引許多居民，來此欣賞園景及休憩。", "pm_unit": "中山區公所", "pm_const_year": "1980", "pm_location": "中山北路2段65巷2弄內", "pm_LandPublicArea": 2000, "pm_opening_s": "00:00:00", "pm_opening_e": "24:00", "pm_libie": "中山里", "pm_phone": "02-25031369#538", "pm_sports": "雙人大轉輪、單人漫步機、單人滑雪器", "pm_recreation": "彩虹琴、旋轉音樂盒、遊戲礫石坑、彈跳節拍", "pm_service": "花架", "pm_other": null, "pm_transit": "公車路線：搭208、246搭至華泰飯店站下車，再步行抵達", "pm_name_eng": "Zhongan Park", "pm_ecology": null, "pm_type": "公園", "pm_playtype": "共融", "pm_playarea": 119, "pm_description": null, "pm_playeq": "彈跳床,搖滾盤,攀爬組,磨石滑梯,搖搖樂,翹翹板,搖搖樂,組合遊具,搖搖樂,組合遊具,鞦韆,攀爬組,磨石滑梯,翹翹板,組合遊具,翹翹板,木樁區,盪鞦韆,平衡木,彈跳床,搖搖樂,組合遊具,翹翹板,旋轉台,戲沙坑遊戲桌,搖搖樂,攀爬組,旋轉飛輪,組合遊具,翹翹板,磨石滑梯,攀爬組,磨石子滑梯,翹翹板,彈跳床,鳥巢鞦韆,戲沙坑,攀爬組,組合遊具,攀爬組,站立式搖動設備,組合遊具,翹翹板,小石搬運,搖搖馬,組合遊具,數字造型跳樁及水管隧道,搖滾盤,X型翹翹板,組合遊具,搖搖樂,組合遊具,旋轉桶椅,大旋轉組,組合遊具,搖搖樂,磨石滑梯,鳥巢鞦韆,旋轉桶椅,組合遊具,組合遊具,組合遊具,搖搖馬,組合遊具,翹翹板,搖搖樂,組合遊具,組合遊具,磨石滑梯,鞦韆及鳥巢鞦韆,彈跳床,攀爬組,木隧道,組合遊具,仿古代程沈船遊具,攀爬繩網組,攀爬組,鳥巢鞦韆,輪胎鞦韆,尿布鞦韆,沙坑,磨石子滑梯,旋轉台,彈跳床,雙滑軌溜索,搖搖馬,翹翹板,組合遊具,搖搖馬,組合遊具,攀爬組,組合遊具,組合遊具,攀爬組,搖搖馬,磨石子滑梯,旋轉杯,組合遊具,組合遊具,組合遊具,大轉轉杯,搖搖樂,組合遊具,翹翹板,滑梯,彈跳床,戲沙坑,擺盪船索,攀爬組,旋轉組,磨石滑梯,組合遊具,特色溜滑梯,攀爬組,旋轉棒,叢林攀爬組,4人旋轉器,搖搖樂,磨石滑梯,翹翹板,搖搖樂,組合遊具,組合遊具,組合遊具,爬繩,組合遊具(叢林攀爬組),獨木橋,組合遊具,遊戲板,組合遊具,攀爬組,盪鞦韆,搖搖樂,組合遊具,組合遊具,旋轉盤,鞦韆,攀爬組,旋轉盤,搖搖樂,組合遊具,特色溜滑梯,攀爬組,跳樁,鞦韆,搖搖馬,組合遊具,蹺蹺板,組合遊具,搖搖樂,組合遊具,組合遊具2,翹翹板及搖搖馬,組合遊具,天空樹溜滑梯,戲沙坑,搖搖樂,旋轉拉環,組合遊具, X型翹翹板,鞦韆,攀爬組,搖搖樂,組合遊具(村莊高塔),鞦韆,攀爬遊戲組,彈跳床,投籃機,擺盪船索,攀爬組,旋轉台,組合遊具,組合遊具,旋轉陀螺,旋轉台,組合遊具,攀爬組,搖搖樂,翹翹板,磨石滑梯,搖搖樂,跳樁,搖搖樂,攀爬組,組合遊具(滑梯小屋),旋轉盤,組合遊具,鳥巢盪鞦韆及一般坐式盪鞦韆,蝴蝶翹翹板,特色旋轉盤,金字塔滑梯組,機車搖搖樂,遊戲板,造型攀爬牆,攀爬網,組合遊具(環繞競技場遊具組),鞦韆,體能訓練平衡組,礫石坑,獨木樁,蜻蜓點水,木橋,平衡木,平衡木,跳樁,遊戲板,隧道,組合遊具(叢林攀爬組),搖晃板,組合遊具,遊戲板,隧道,組合遊具(遊戲城堡),旋轉座椅,競技攀爬遊具組,龍舟特色遊具組,滑梯,擊鼓,搖搖樂,組合遊具,翹翹板,組合遊具,翹翹板,木作組合遊具,搖搖樂,城堡遊戲組,大轉轉杯,搖搖樂,磨石滑梯,攀爬組,鞦韆,搖搖樂,組合遊具,組合遊具,搖滾盤,旋轉球椅,愛的搖籃,組合遊具,搖搖樂,旋轉杯,翹翹板,組合遊具,搖搖樂,組合遊具,搖搖樂,組合遊具,搖搖樂,組合遊具,攀爬組,搖搖樂,組合遊具,搖搖樂,組合遊具,組合遊具,彩虹琴,旋轉音樂盒,遊戲礫石坑,彈跳節拍", "ObjectId": 246}}, {"type": "Feature", "id": 247, "geometry": {"type": "Point", "coordinates": [121.52858734, 25.055810928]}, "properties": {"SeqNo": 624, "pm_name": "中原公園", "pm_overview": "        中原公園為「樂活休憩」公園，有著流線的設計感，中央設置弧形木座椅，並種植大片喬木成蔭，讓遊園可坐在園內中央乘涼，一覽園內美景、話話家常。", "pm_unit": "中山區公所", "pm_const_year": "1981", "pm_location": "吉林路144巷與中原街交口處", "pm_LandPublicArea": 2273, "pm_opening_s": "00:00:00", "pm_opening_e": "24:00", "pm_libie": "中原里", "pm_phone": "02-25031369#538", "pm_sports": "引體向上、扭腰器、腰背按摩器、拉筋板、坐蹬器、滑雪器", "pm_recreation": "組合遊具、搖搖馬", "pm_service": "涼亭", "pm_other": null, "pm_transit": "公車路線：搭606搭至吉林國小站下車，再步行抵達", "pm_name_eng": "Zhongyuan Park", "pm_ecology": null, "pm_type": "公園", "pm_playtype": "一般", "pm_playarea": 115, "pm_description": null, "pm_playeq": "彈跳床,搖滾盤,攀爬組,磨石滑梯,搖搖樂,翹翹板,搖搖樂,組合遊具,搖搖樂,組合遊具,鞦韆,攀爬組,磨石滑梯,翹翹板,組合遊具,翹翹板,木樁區,盪鞦韆,平衡木,彈跳床,搖搖樂,組合遊具,翹翹板,旋轉台,戲沙坑遊戲桌,搖搖樂,攀爬組,旋轉飛輪,組合遊具,翹翹板,磨石滑梯,攀爬組,磨石子滑梯,翹翹板,彈跳床,鳥巢鞦韆,戲沙坑,攀爬組,組合遊具,攀爬組,站立式搖動設備,組合遊具,翹翹板,小石搬運,搖搖馬,組合遊具,數字造型跳樁及水管隧道,搖滾盤,X型翹翹板,組合遊具,搖搖樂,組合遊具,旋轉桶椅,大旋轉組,組合遊具,搖搖樂,磨石滑梯,鳥巢鞦韆,旋轉桶椅,組合遊具,組合遊具,組合遊具,搖搖馬,組合遊具,翹翹板,搖搖樂,組合遊具,組合遊具,磨石滑梯,鞦韆及鳥巢鞦韆,彈跳床,攀爬組,木隧道,組合遊具,仿古代程沈船遊具,攀爬繩網組,攀爬組,鳥巢鞦韆,輪胎鞦韆,尿布鞦韆,沙坑,磨石子滑梯,旋轉台,彈跳床,雙滑軌溜索,搖搖馬,翹翹板,組合遊具,搖搖馬,組合遊具,攀爬組,組合遊具,組合遊具,攀爬組,搖搖馬,磨石子滑梯,旋轉杯,組合遊具,組合遊具,組合遊具,大轉轉杯,搖搖樂,組合遊具,翹翹板,滑梯,彈跳床,戲沙坑,擺盪船索,攀爬組,旋轉組,磨石滑梯,組合遊具,特色溜滑梯,攀爬組,旋轉棒,叢林攀爬組,4人旋轉器,搖搖樂,磨石滑梯,翹翹板,搖搖樂,組合遊具,組合遊具,組合遊具,爬繩,組合遊具(叢林攀爬組),獨木橋,組合遊具,遊戲板,組合遊具,攀爬組,盪鞦韆,搖搖樂,組合遊具,組合遊具,旋轉盤,鞦韆,攀爬組,旋轉盤,搖搖樂,組合遊具,特色溜滑梯,攀爬組,跳樁,鞦韆,搖搖馬,組合遊具,蹺蹺板,組合遊具,搖搖樂,組合遊具,組合遊具2,翹翹板及搖搖馬,組合遊具,天空樹溜滑梯,戲沙坑,搖搖樂,旋轉拉環,組合遊具, X型翹翹板,鞦韆,攀爬組,搖搖樂,組合遊具(村莊高塔),鞦韆,攀爬遊戲組,彈跳床,投籃機,擺盪船索,攀爬組,旋轉台,組合遊具,組合遊具,旋轉陀螺,旋轉台,組合遊具,攀爬組,搖搖樂,翹翹板,磨石滑梯,搖搖樂,跳樁,搖搖樂,攀爬組,組合遊具(滑梯小屋),旋轉盤,組合遊具,鳥巢盪鞦韆及一般坐式盪鞦韆,蝴蝶翹翹板,特色旋轉盤,金字塔滑梯組,機車搖搖樂,遊戲板,造型攀爬牆,攀爬網,組合遊具(環繞競技場遊具組),鞦韆,體能訓練平衡組,礫石坑,獨木樁,蜻蜓點水,木橋,平衡木,平衡木,跳樁,遊戲板,隧道,組合遊具(叢林攀爬組),搖晃板,組合遊具,遊戲板,隧道,組合遊具(遊戲城堡),旋轉座椅,競技攀爬遊具組,龍舟特色遊具組,滑梯,擊鼓,搖搖樂,組合遊具,翹翹板,組合遊具,翹翹板,木作組合遊具,搖搖樂,城堡遊戲組,大轉轉杯,搖搖樂,磨石滑梯,攀爬組,鞦韆,搖搖樂,組合遊具,組合遊具,搖滾盤,旋轉球椅,愛的搖籃,組合遊具,搖搖樂,旋轉杯,翹翹板,組合遊具,搖搖樂,組合遊具,搖搖樂,組合遊具,搖搖樂,組合遊具,攀爬組,搖搖樂,組合遊具,搖搖樂,組合遊具,組合遊具,彩虹琴,旋轉音樂盒,遊戲礫石坑,彈跳節拍,搖搖樂,組合遊具,翹翹板", "ObjectId": 247}}, {"type": "Feature", "id": 248, "geometry": {"type": "Point", "coordinates": [121.52908325, 25.053180695]}, "properties": {"SeqNo": 782, "pm_name": "仁德公園", "pm_overview": "        仁德公園為「人文藝術」公園，以水景雕塑作為入口意象，圓型雙層水池搭配可愛的噴水小童，伴隨著潺潺流水聲，為盛夏的午後帶來一絲清涼意。", "pm_unit": "中山區公所", "pm_const_year": "1986", "pm_location": "吉林路108巷吉林國小附近", "pm_LandPublicArea": 1881, "pm_opening_s": "00:00:00", "pm_opening_e": "24:00", "pm_libie": "中原里", "pm_phone": "02-25031369#538", "pm_sports": "引體向上、坐蹬器、扭腰器", "pm_recreation": "組合遊具", "pm_service": "涼亭", "pm_other": null, "pm_transit": "公車路線：搭市民小巴9搭至吉林國小站下車，再步行抵達。", "pm_name_eng": "Rende Park", "pm_ecology": null, "pm_type": "公園", "pm_playtype": "一般", "pm_playarea": 54, "pm_description": null, "pm_playeq": "彈跳床,搖滾盤,攀爬組,磨石滑梯,搖搖樂,翹翹板,搖搖樂,組合遊具,搖搖樂,組合遊具,鞦韆,攀爬組,磨石滑梯,翹翹板,組合遊具,翹翹板,木樁區,盪鞦韆,平衡木,彈跳床,搖搖樂,組合遊具,翹翹板,旋轉台,戲沙坑遊戲桌,搖搖樂,攀爬組,旋轉飛輪,組合遊具,翹翹板,磨石滑梯,攀爬組,磨石子滑梯,翹翹板,彈跳床,鳥巢鞦韆,戲沙坑,攀爬組,組合遊具,攀爬組,站立式搖動設備,組合遊具,翹翹板,小石搬運,搖搖馬,組合遊具,數字造型跳樁及水管隧道,搖滾盤,X型翹翹板,組合遊具,搖搖樂,組合遊具,旋轉桶椅,大旋轉組,組合遊具,搖搖樂,磨石滑梯,鳥巢鞦韆,旋轉桶椅,組合遊具,組合遊具,組合遊具,搖搖馬,組合遊具,翹翹板,搖搖樂,組合遊具,組合遊具,磨石滑梯,鞦韆及鳥巢鞦韆,彈跳床,攀爬組,木隧道,組合遊具,仿古代程沈船遊具,攀爬繩網組,攀爬組,鳥巢鞦韆,輪胎鞦韆,尿布鞦韆,沙坑,磨石子滑梯,旋轉台,彈跳床,雙滑軌溜索,搖搖馬,翹翹板,組合遊具,搖搖馬,組合遊具,攀爬組,組合遊具,組合遊具,攀爬組,搖搖馬,磨石子滑梯,旋轉杯,組合遊具,組合遊具,組合遊具,大轉轉杯,搖搖樂,組合遊具,翹翹板,滑梯,彈跳床,戲沙坑,擺盪船索,攀爬組,旋轉組,磨石滑梯,組合遊具,特色溜滑梯,攀爬組,旋轉棒,叢林攀爬組,4人旋轉器,搖搖樂,磨石滑梯,翹翹板,搖搖樂,組合遊具,組合遊具,組合遊具,爬繩,組合遊具(叢林攀爬組),獨木橋,組合遊具,遊戲板,組合遊具,攀爬組,盪鞦韆,搖搖樂,組合遊具,組合遊具,旋轉盤,鞦韆,攀爬組,旋轉盤,搖搖樂,組合遊具,特色溜滑梯,攀爬組,跳樁,鞦韆,搖搖馬,組合遊具,蹺蹺板,組合遊具,搖搖樂,組合遊具,組合遊具2,翹翹板及搖搖馬,組合遊具,天空樹溜滑梯,戲沙坑,搖搖樂,旋轉拉環,組合遊具, X型翹翹板,鞦韆,攀爬組,搖搖樂,組合遊具(村莊高塔),鞦韆,攀爬遊戲組,彈跳床,投籃機,擺盪船索,攀爬組,旋轉台,組合遊具,組合遊具,旋轉陀螺,旋轉台,組合遊具,攀爬組,搖搖樂,翹翹板,磨石滑梯,搖搖樂,跳樁,搖搖樂,攀爬組,組合遊具(滑梯小屋),旋轉盤,組合遊具,鳥巢盪鞦韆及一般坐式盪鞦韆,蝴蝶翹翹板,特色旋轉盤,金字塔滑梯組,機車搖搖樂,遊戲板,造型攀爬牆,攀爬網,組合遊具(環繞競技場遊具組),鞦韆,體能訓練平衡組,礫石坑,獨木樁,蜻蜓點水,木橋,平衡木,平衡木,跳樁,遊戲板,隧道,組合遊具(叢林攀爬組),搖晃板,組合遊具,遊戲板,隧道,組合遊具(遊戲城堡),旋轉座椅,競技攀爬遊具組,龍舟特色遊具組,滑梯,擊鼓,搖搖樂,組合遊具,翹翹板,組合遊具,翹翹板,木作組合遊具,搖搖樂,城堡遊戲組,大轉轉杯,搖搖樂,磨石滑梯,攀爬組,鞦韆,搖搖樂,組合遊具,組合遊具,搖滾盤,旋轉球椅,愛的搖籃,組合遊具,搖搖樂,旋轉杯,翹翹板,組合遊具,搖搖樂,組合遊具,搖搖樂,組合遊具,搖搖樂,組合遊具,攀爬組,搖搖樂,組合遊具,搖搖樂,組合遊具,組合遊具,彩虹琴,旋轉音樂盒,遊戲礫石坑,彈跳節拍,搖搖樂,組合遊具,翹翹板,組合遊具", "ObjectId": 248}}, {"type": "Feature", "id": 249, "geometry": {"type": "Point", "coordinates": [121.53450775, 25.053230286]}, "properties": {"SeqNo": 554, "pm_name": "四平公園", "pm_overview": "        四平公園為「樂活休憩」公園，園內設有蜿蛐小徑的乾溪造景，像似鄉間小溪，有著親切自然的感覺，其中花廊間由小拱橋串連，讓人感覺猶如古代庭園。", "pm_unit": "中山區公所", "pm_const_year": "1976", "pm_location": "松江路123巷內", "pm_LandPublicArea": 2845, "pm_opening_s": "00:00:00", "pm_opening_e": "24:00", "pm_libie": "中央里", "pm_phone": "02-25031369#538", "pm_sports": "漫步機、肩關節康復器、引體向上", "pm_recreation": "組合遊具", "pm_service": "涼亭、直飲台、廁所", "pm_other": null, "pm_transit": "捷運路線：搭松山新店線搭至松江南京站7號出口步行抵達", "pm_name_eng": "Siping Park", "pm_ecology": null, "pm_type": "公園", "pm_playtype": "一般", "pm_playarea": 111.75, "pm_description": null, "pm_playeq": "彈跳床,搖滾盤,攀爬組,磨石滑梯,搖搖樂,翹翹板,搖搖樂,組合遊具,搖搖樂,組合遊具,鞦韆,攀爬組,磨石滑梯,翹翹板,組合遊具,翹翹板,木樁區,盪鞦韆,平衡木,彈跳床,搖搖樂,組合遊具,翹翹板,旋轉台,戲沙坑遊戲桌,搖搖樂,攀爬組,旋轉飛輪,組合遊具,翹翹板,磨石滑梯,攀爬組,磨石子滑梯,翹翹板,彈跳床,鳥巢鞦韆,戲沙坑,攀爬組,組合遊具,攀爬組,站立式搖動設備,組合遊具,翹翹板,小石搬運,搖搖馬,組合遊具,數字造型跳樁及水管隧道,搖滾盤,X型翹翹板,組合遊具,搖搖樂,組合遊具,旋轉桶椅,大旋轉組,組合遊具,搖搖樂,磨石滑梯,鳥巢鞦韆,旋轉桶椅,組合遊具,組合遊具,組合遊具,搖搖馬,組合遊具,翹翹板,搖搖樂,組合遊具,組合遊具,磨石滑梯,鞦韆及鳥巢鞦韆,彈跳床,攀爬組,木隧道,組合遊具,仿古代程沈船遊具,攀爬繩網組,攀爬組,鳥巢鞦韆,輪胎鞦韆,尿布鞦韆,沙坑,磨石子滑梯,旋轉台,彈跳床,雙滑軌溜索,搖搖馬,翹翹板,組合遊具,搖搖馬,組合遊具,攀爬組,組合遊具,組合遊具,攀爬組,搖搖馬,磨石子滑梯,旋轉杯,組合遊具,組合遊具,組合遊具,大轉轉杯,搖搖樂,組合遊具,翹翹板,滑梯,彈跳床,戲沙坑,擺盪船索,攀爬組,旋轉組,磨石滑梯,組合遊具,特色溜滑梯,攀爬組,旋轉棒,叢林攀爬組,4人旋轉器,搖搖樂,磨石滑梯,翹翹板,搖搖樂,組合遊具,組合遊具,組合遊具,爬繩,組合遊具(叢林攀爬組),獨木橋,組合遊具,遊戲板,組合遊具,攀爬組,盪鞦韆,搖搖樂,組合遊具,組合遊具,旋轉盤,鞦韆,攀爬組,旋轉盤,搖搖樂,組合遊具,特色溜滑梯,攀爬組,跳樁,鞦韆,搖搖馬,組合遊具,蹺蹺板,組合遊具,搖搖樂,組合遊具,組合遊具2,翹翹板及搖搖馬,組合遊具,天空樹溜滑梯,戲沙坑,搖搖樂,旋轉拉環,組合遊具, X型翹翹板,鞦韆,攀爬組,搖搖樂,組合遊具(村莊高塔),鞦韆,攀爬遊戲組,彈跳床,投籃機,擺盪船索,攀爬組,旋轉台,組合遊具,組合遊具,旋轉陀螺,旋轉台,組合遊具,攀爬組,搖搖樂,翹翹板,磨石滑梯,搖搖樂,跳樁,搖搖樂,攀爬組,組合遊具(滑梯小屋),旋轉盤,組合遊具,鳥巢盪鞦韆及一般坐式盪鞦韆,蝴蝶翹翹板,特色旋轉盤,金字塔滑梯組,機車搖搖樂,遊戲板,造型攀爬牆,攀爬網,組合遊具(環繞競技場遊具組),鞦韆,體能訓練平衡組,礫石坑,獨木樁,蜻蜓點水,木橋,平衡木,平衡木,跳樁,遊戲板,隧道,組合遊具(叢林攀爬組),搖晃板,組合遊具,遊戲板,隧道,組合遊具(遊戲城堡),旋轉座椅,競技攀爬遊具組,龍舟特色遊具組,滑梯,擊鼓,搖搖樂,組合遊具,翹翹板,組合遊具,翹翹板,木作組合遊具,搖搖樂,城堡遊戲組,大轉轉杯,搖搖樂,磨石滑梯,攀爬組,鞦韆,搖搖樂,組合遊具,組合遊具,搖滾盤,旋轉球椅,愛的搖籃,組合遊具,搖搖樂,旋轉杯,翹翹板,組合遊具,搖搖樂,組合遊具,搖搖樂,組合遊具,搖搖樂,組合遊具,攀爬組,搖搖樂,組合遊具,搖搖樂,組合遊具,組合遊具,彩虹琴,旋轉音樂盒,遊戲礫石坑,彈跳節拍,搖搖樂,組合遊具,翹翹板,組合遊具,組合遊具", "ObjectId": 249}}, {"type": "Feature", "id": 250, "geometry": {"type": "Point", "coordinates": [121.528745, 25.048051]}, "properties": {"SeqNo": 679, "pm_name": "正守公園", "pm_overview": "        正守公園為「樂活休憩」公園，位於長安東路及新生北路口，為行車路線的主要視覺焦點，採用兼顧生態之透水性鋪面，藉以改善都市環境的微氣候。", "pm_unit": "中山區公所", "pm_const_year": "1995", "pm_location": "長安東路一段56巷", "pm_LandPublicArea": 824, "pm_opening_s": "00:00:00", "pm_opening_e": "24:00", "pm_libie": "正守里", "pm_phone": "02-25031369#538", "pm_sports": "上肢牽引器、肩關節康復器、腹肌板 、滑雪器", "pm_recreation": "組合遊具、搖搖馬", "pm_service": "涼亭", "pm_other": null, "pm_transit": "公車路線：搭49、202、202區、市民小巴9搭至正守公園站下車，再步行抵達", "pm_name_eng": "Zhengshou Park", "pm_ecology": null, "pm_type": "公園", "pm_playtype": "一般", "pm_playarea": 78, "pm_description": null, "pm_playeq": "彈跳床,搖滾盤,攀爬組,磨石滑梯,搖搖樂,翹翹板,搖搖樂,組合遊具,搖搖樂,組合遊具,鞦韆,攀爬組,磨石滑梯,翹翹板,組合遊具,翹翹板,木樁區,盪鞦韆,平衡木,彈跳床,搖搖樂,組合遊具,翹翹板,旋轉台,戲沙坑遊戲桌,搖搖樂,攀爬組,旋轉飛輪,組合遊具,翹翹板,磨石滑梯,攀爬組,磨石子滑梯,翹翹板,彈跳床,鳥巢鞦韆,戲沙坑,攀爬組,組合遊具,攀爬組,站立式搖動設備,組合遊具,翹翹板,小石搬運,搖搖馬,組合遊具,數字造型跳樁及水管隧道,搖滾盤,X型翹翹板,組合遊具,搖搖樂,組合遊具,旋轉桶椅,大旋轉組,組合遊具,搖搖樂,磨石滑梯,鳥巢鞦韆,旋轉桶椅,組合遊具,組合遊具,組合遊具,搖搖馬,組合遊具,翹翹板,搖搖樂,組合遊具,組合遊具,磨石滑梯,鞦韆及鳥巢鞦韆,彈跳床,攀爬組,木隧道,組合遊具,仿古代程沈船遊具,攀爬繩網組,攀爬組,鳥巢鞦韆,輪胎鞦韆,尿布鞦韆,沙坑,磨石子滑梯,旋轉台,彈跳床,雙滑軌溜索,搖搖馬,翹翹板,組合遊具,搖搖馬,組合遊具,攀爬組,組合遊具,組合遊具,攀爬組,搖搖馬,磨石子滑梯,旋轉杯,組合遊具,組合遊具,組合遊具,大轉轉杯,搖搖樂,組合遊具,翹翹板,滑梯,彈跳床,戲沙坑,擺盪船索,攀爬組,旋轉組,磨石滑梯,組合遊具,特色溜滑梯,攀爬組,旋轉棒,叢林攀爬組,4人旋轉器,搖搖樂,磨石滑梯,翹翹板,搖搖樂,組合遊具,組合遊具,組合遊具,爬繩,組合遊具(叢林攀爬組),獨木橋,組合遊具,遊戲板,組合遊具,攀爬組,盪鞦韆,搖搖樂,組合遊具,組合遊具,旋轉盤,鞦韆,攀爬組,旋轉盤,搖搖樂,組合遊具,特色溜滑梯,攀爬組,跳樁,鞦韆,搖搖馬,組合遊具,蹺蹺板,組合遊具,搖搖樂,組合遊具,組合遊具2,翹翹板及搖搖馬,組合遊具,天空樹溜滑梯,戲沙坑,搖搖樂,旋轉拉環,組合遊具, X型翹翹板,鞦韆,攀爬組,搖搖樂,組合遊具(村莊高塔),鞦韆,攀爬遊戲組,彈跳床,投籃機,擺盪船索,攀爬組,旋轉台,組合遊具,組合遊具,旋轉陀螺,旋轉台,組合遊具,攀爬組,搖搖樂,翹翹板,磨石滑梯,搖搖樂,跳樁,搖搖樂,攀爬組,組合遊具(滑梯小屋),旋轉盤,組合遊具,鳥巢盪鞦韆及一般坐式盪鞦韆,蝴蝶翹翹板,特色旋轉盤,金字塔滑梯組,機車搖搖樂,遊戲板,造型攀爬牆,攀爬網,組合遊具(環繞競技場遊具組),鞦韆,體能訓練平衡組,礫石坑,獨木樁,蜻蜓點水,木橋,平衡木,平衡木,跳樁,遊戲板,隧道,組合遊具(叢林攀爬組),搖晃板,組合遊具,遊戲板,隧道,組合遊具(遊戲城堡),旋轉座椅,競技攀爬遊具組,龍舟特色遊具組,滑梯,擊鼓,搖搖樂,組合遊具,翹翹板,組合遊具,翹翹板,木作組合遊具,搖搖樂,城堡遊戲組,大轉轉杯,搖搖樂,磨石滑梯,攀爬組,鞦韆,搖搖樂,組合遊具,組合遊具,搖滾盤,旋轉球椅,愛的搖籃,組合遊具,搖搖樂,旋轉杯,翹翹板,組合遊具,搖搖樂,組合遊具,搖搖樂,組合遊具,搖搖樂,組合遊具,攀爬組,搖搖樂,組合遊具,搖搖樂,組合遊具,組合遊具,彩虹琴,旋轉音樂盒,遊戲礫石坑,彈跳節拍,搖搖樂,組合遊具,翹翹板,組合遊具,組合遊具,搖搖樂,組合遊具", "ObjectId": 250}}, {"type": "Feature", "id": 251, "geometry": {"type": "Point", "coordinates": [121.52111053, 25.059230804]}, "properties": {"SeqNo": 35, "pm_name": "民享公園", "pm_overview": "        民享公園為「樂活休憩」公園，臨近香火鼎盛的文昌宮，園區中央區規劃為活動廣場，常有社區表演活動在此舉辦，亦是鄰近居民運動健身之活動場地。", "pm_unit": "中山區公所", "pm_const_year": "1976", "pm_location": "民生西路45巷9弄內", "pm_LandPublicArea": 1610, "pm_opening_s": "00:00:00", "pm_opening_e": "24:00", "pm_libie": "集英里", "pm_phone": "02-25031369#538", "pm_sports": null, "pm_recreation": "組合遊具", "pm_service": null, "pm_other": null, "pm_transit": "公車路線：搭42、811、820、民生幹線、紅33搭至馬偕醫院站下車，再步行抵達", "pm_name_eng": "Minxiang Park", "pm_ecology": null, "pm_type": "公園", "pm_playtype": "一般", "pm_playarea": 109, "pm_description": null, "pm_playeq": "彈跳床,搖滾盤,攀爬組,磨石滑梯,搖搖樂,翹翹板,搖搖樂,組合遊具,搖搖樂,組合遊具,鞦韆,攀爬組,磨石滑梯,翹翹板,組合遊具,翹翹板,木樁區,盪鞦韆,平衡木,彈跳床,搖搖樂,組合遊具,翹翹板,旋轉台,戲沙坑遊戲桌,搖搖樂,攀爬組,旋轉飛輪,組合遊具,翹翹板,磨石滑梯,攀爬組,磨石子滑梯,翹翹板,彈跳床,鳥巢鞦韆,戲沙坑,攀爬組,組合遊具,攀爬組,站立式搖動設備,組合遊具,翹翹板,小石搬運,搖搖馬,組合遊具,數字造型跳樁及水管隧道,搖滾盤,X型翹翹板,組合遊具,搖搖樂,組合遊具,旋轉桶椅,大旋轉組,組合遊具,搖搖樂,磨石滑梯,鳥巢鞦韆,旋轉桶椅,組合遊具,組合遊具,組合遊具,搖搖馬,組合遊具,翹翹板,搖搖樂,組合遊具,組合遊具,磨石滑梯,鞦韆及鳥巢鞦韆,彈跳床,攀爬組,木隧道,組合遊具,仿古代程沈船遊具,攀爬繩網組,攀爬組,鳥巢鞦韆,輪胎鞦韆,尿布鞦韆,沙坑,磨石子滑梯,旋轉台,彈跳床,雙滑軌溜索,搖搖馬,翹翹板,組合遊具,搖搖馬,組合遊具,攀爬組,組合遊具,組合遊具,攀爬組,搖搖馬,磨石子滑梯,旋轉杯,組合遊具,組合遊具,組合遊具,大轉轉杯,搖搖樂,組合遊具,翹翹板,滑梯,彈跳床,戲沙坑,擺盪船索,攀爬組,旋轉組,磨石滑梯,組合遊具,特色溜滑梯,攀爬組,旋轉棒,叢林攀爬組,4人旋轉器,搖搖樂,磨石滑梯,翹翹板,搖搖樂,組合遊具,組合遊具,組合遊具,爬繩,組合遊具(叢林攀爬組),獨木橋,組合遊具,遊戲板,組合遊具,攀爬組,盪鞦韆,搖搖樂,組合遊具,組合遊具,旋轉盤,鞦韆,攀爬組,旋轉盤,搖搖樂,組合遊具,特色溜滑梯,攀爬組,跳樁,鞦韆,搖搖馬,組合遊具,蹺蹺板,組合遊具,搖搖樂,組合遊具,組合遊具2,翹翹板及搖搖馬,組合遊具,天空樹溜滑梯,戲沙坑,搖搖樂,旋轉拉環,組合遊具, X型翹翹板,鞦韆,攀爬組,搖搖樂,組合遊具(村莊高塔),鞦韆,攀爬遊戲組,彈跳床,投籃機,擺盪船索,攀爬組,旋轉台,組合遊具,組合遊具,旋轉陀螺,旋轉台,組合遊具,攀爬組,搖搖樂,翹翹板,磨石滑梯,搖搖樂,跳樁,搖搖樂,攀爬組,組合遊具(滑梯小屋),旋轉盤,組合遊具,鳥巢盪鞦韆及一般坐式盪鞦韆,蝴蝶翹翹板,特色旋轉盤,金字塔滑梯組,機車搖搖樂,遊戲板,造型攀爬牆,攀爬網,組合遊具(環繞競技場遊具組),鞦韆,體能訓練平衡組,礫石坑,獨木樁,蜻蜓點水,木橋,平衡木,平衡木,跳樁,遊戲板,隧道,組合遊具(叢林攀爬組),搖晃板,組合遊具,遊戲板,隧道,組合遊具(遊戲城堡),旋轉座椅,競技攀爬遊具組,龍舟特色遊具組,滑梯,擊鼓,搖搖樂,組合遊具,翹翹板,組合遊具,翹翹板,木作組合遊具,搖搖樂,城堡遊戲組,大轉轉杯,搖搖樂,磨石滑梯,攀爬組,鞦韆,搖搖樂,組合遊具,組合遊具,搖滾盤,旋轉球椅,愛的搖籃,組合遊具,搖搖樂,旋轉杯,翹翹板,組合遊具,搖搖樂,組合遊具,搖搖樂,組合遊具,搖搖樂,組合遊具,攀爬組,搖搖樂,組合遊具,搖搖樂,組合遊具,組合遊具,彩虹琴,旋轉音樂盒,遊戲礫石坑,彈跳節拍,搖搖樂,組合遊具,翹翹板,組合遊具,組合遊具,搖搖樂,組合遊具,組合遊具", "ObjectId": 251}}, {"type": "Feature", "id": 254, "geometry": {"type": "Point", "coordinates": [121.52178192, 25.061559677]}, "properties": {"SeqNo": 250, "pm_name": "永靜公園", "pm_overview": "        永靜公園為「懷舊風情」公園，充滿復古風味及典雅氣息的公園。園區設置懷舊風情的水牛車與穀倉，還有可愛的十二生肖石刻，讓公園處處充滿著驚喜。", "pm_unit": "中山區公所", "pm_const_year": "1979", "pm_location": "中山北路二段128巷內", "pm_LandPublicArea": 1850, "pm_opening_s": "00:00:00", "pm_opening_e": "24:00", "pm_libie": "集英里", "pm_phone": "02-25031369#538", "pm_sports": "單槓", "pm_recreation": "組合遊具", "pm_service": "涼亭、花架", "pm_other": null, "pm_transit": "公車路線：搭1819、1961、1961A、42、200、218、218直、221、227、247、260、260區、260區花鐘線、261、310、636、820、1717、內湖幹線、中山幹線搭至台", "pm_name_eng": "Yongjng Park", "pm_ecology": null, "pm_type": "公園", "pm_playtype": "一般", "pm_playarea": 131, "pm_description": null, "pm_playeq": "彈跳床,搖滾盤,攀爬組,磨石滑梯,搖搖樂,翹翹板,搖搖樂,組合遊具,搖搖樂,組合遊具,鞦韆,攀爬組,磨石滑梯,翹翹板,組合遊具,翹翹板,木樁區,盪鞦韆,平衡木,彈跳床,搖搖樂,組合遊具,翹翹板,旋轉台,戲沙坑遊戲桌,搖搖樂,攀爬組,旋轉飛輪,組合遊具,翹翹板,磨石滑梯,攀爬組,磨石子滑梯,翹翹板,彈跳床,鳥巢鞦韆,戲沙坑,攀爬組,組合遊具,攀爬組,站立式搖動設備,組合遊具,翹翹板,小石搬運,搖搖馬,組合遊具,數字造型跳樁及水管隧道,搖滾盤,X型翹翹板,組合遊具,搖搖樂,組合遊具,旋轉桶椅,大旋轉組,組合遊具,搖搖樂,磨石滑梯,鳥巢鞦韆,旋轉桶椅,組合遊具,組合遊具,組合遊具,搖搖馬,組合遊具,翹翹板,搖搖樂,組合遊具,組合遊具,磨石滑梯,鞦韆及鳥巢鞦韆,彈跳床,攀爬組,木隧道,組合遊具,仿古代程沈船遊具,攀爬繩網組,攀爬組,鳥巢鞦韆,輪胎鞦韆,尿布鞦韆,沙坑,磨石子滑梯,旋轉台,彈跳床,雙滑軌溜索,搖搖馬,翹翹板,組合遊具,搖搖馬,組合遊具,攀爬組,組合遊具,組合遊具,攀爬組,搖搖馬,磨石子滑梯,旋轉杯,組合遊具,組合遊具,組合遊具,大轉轉杯,搖搖樂,組合遊具,翹翹板,滑梯,彈跳床,戲沙坑,擺盪船索,攀爬組,旋轉組,磨石滑梯,組合遊具,特色溜滑梯,攀爬組,旋轉棒,叢林攀爬組,4人旋轉器,搖搖樂,磨石滑梯,翹翹板,搖搖樂,組合遊具,組合遊具,組合遊具,爬繩,組合遊具(叢林攀爬組),獨木橋,組合遊具,遊戲板,組合遊具,攀爬組,盪鞦韆,搖搖樂,組合遊具,組合遊具,旋轉盤,鞦韆,攀爬組,旋轉盤,搖搖樂,組合遊具,特色溜滑梯,攀爬組,跳樁,鞦韆,搖搖馬,組合遊具,蹺蹺板,組合遊具,搖搖樂,組合遊具,組合遊具2,翹翹板及搖搖馬,組合遊具,天空樹溜滑梯,戲沙坑,搖搖樂,旋轉拉環,組合遊具, X型翹翹板,鞦韆,攀爬組,搖搖樂,組合遊具(村莊高塔),鞦韆,攀爬遊戲組,彈跳床,投籃機,擺盪船索,攀爬組,旋轉台,組合遊具,組合遊具,旋轉陀螺,旋轉台,組合遊具,攀爬組,搖搖樂,翹翹板,磨石滑梯,搖搖樂,跳樁,搖搖樂,攀爬組,組合遊具(滑梯小屋),旋轉盤,組合遊具,鳥巢盪鞦韆及一般坐式盪鞦韆,蝴蝶翹翹板,特色旋轉盤,金字塔滑梯組,機車搖搖樂,遊戲板,造型攀爬牆,攀爬網,組合遊具(環繞競技場遊具組),鞦韆,體能訓練平衡組,礫石坑,獨木樁,蜻蜓點水,木橋,平衡木,平衡木,跳樁,遊戲板,隧道,組合遊具(叢林攀爬組),搖晃板,組合遊具,遊戲板,隧道,組合遊具(遊戲城堡),旋轉座椅,競技攀爬遊具組,龍舟特色遊具組,滑梯,擊鼓,搖搖樂,組合遊具,翹翹板,組合遊具,翹翹板,木作組合遊具,搖搖樂,城堡遊戲組,大轉轉杯,搖搖樂,磨石滑梯,攀爬組,鞦韆,搖搖樂,組合遊具,組合遊具,搖滾盤,旋轉球椅,愛的搖籃,組合遊具,搖搖樂,旋轉杯,翹翹板,組合遊具,搖搖樂,組合遊具,搖搖樂,組合遊具,搖搖樂,組合遊具,攀爬組,搖搖樂,組合遊具,搖搖樂,組合遊具,組合遊具,彩虹琴,旋轉音樂盒,遊戲礫石坑,彈跳節拍,搖搖樂,組合遊具,翹翹板,組合遊具,組合遊具,搖搖樂,組合遊具,組合遊具,搖搖樂,組合遊具,攀爬組合滑梯,搖搖樂,組合遊具", "ObjectId": 254}}, {"type": "Feature", "id": 255, "geometry": {"type": "Point", "coordinates": [121.53476715, 25.050159454]}, "properties": {"SeqNo": 437, "pm_name": "伊通公園", "pm_overview": "        伊通公園為「樂活休憩」公園，周圍為住宅及商業大樓，公園活動設施集中於園區中央，提供社區多元化的活動空間，亦是附近上班族放鬆心情的好地方。", "pm_unit": "中山區公所", "pm_const_year": "1971", "pm_location": "松江路85巷內", "pm_LandPublicArea": 4715, "pm_opening_s": "00:00:00", "pm_opening_e": "24:00", "pm_libie": "朱園里", "pm_phone": "02-25031369#538", "pm_sports": "單槓、雙槓、滑步機、雙人大轉輪、上肢牽引器、肩關節復健器", "pm_recreation": "組合遊具、蹺蹺板", "pm_service": "涼亭、羽球場", "pm_other": null, "pm_transit": "捷運路線：搭松山新店線搭至松江南京站4號出口步行抵達", "pm_name_eng": "Yitong Park", "pm_ecology": null, "pm_type": "公園", "pm_playtype": "一般", "pm_playarea": 50.2, "pm_description": null, "pm_playeq": "彈跳床,搖滾盤,攀爬組,磨石滑梯,搖搖樂,翹翹板,搖搖樂,組合遊具,搖搖樂,組合遊具,鞦韆,攀爬組,磨石滑梯,翹翹板,組合遊具,翹翹板,木樁區,盪鞦韆,平衡木,彈跳床,搖搖樂,組合遊具,翹翹板,旋轉台,戲沙坑遊戲桌,搖搖樂,攀爬組,旋轉飛輪,組合遊具,翹翹板,磨石滑梯,攀爬組,磨石子滑梯,翹翹板,彈跳床,鳥巢鞦韆,戲沙坑,攀爬組,組合遊具,攀爬組,站立式搖動設備,組合遊具,翹翹板,小石搬運,搖搖馬,組合遊具,數字造型跳樁及水管隧道,搖滾盤,X型翹翹板,組合遊具,搖搖樂,組合遊具,旋轉桶椅,大旋轉組,組合遊具,搖搖樂,磨石滑梯,鳥巢鞦韆,旋轉桶椅,組合遊具,組合遊具,組合遊具,搖搖馬,組合遊具,翹翹板,搖搖樂,組合遊具,組合遊具,磨石滑梯,鞦韆及鳥巢鞦韆,彈跳床,攀爬組,木隧道,組合遊具,仿古代程沈船遊具,攀爬繩網組,攀爬組,鳥巢鞦韆,輪胎鞦韆,尿布鞦韆,沙坑,磨石子滑梯,旋轉台,彈跳床,雙滑軌溜索,搖搖馬,翹翹板,組合遊具,搖搖馬,組合遊具,攀爬組,組合遊具,組合遊具,攀爬組,搖搖馬,磨石子滑梯,旋轉杯,組合遊具,組合遊具,組合遊具,大轉轉杯,搖搖樂,組合遊具,翹翹板,滑梯,彈跳床,戲沙坑,擺盪船索,攀爬組,旋轉組,磨石滑梯,組合遊具,特色溜滑梯,攀爬組,旋轉棒,叢林攀爬組,4人旋轉器,搖搖樂,磨石滑梯,翹翹板,搖搖樂,組合遊具,組合遊具,組合遊具,爬繩,組合遊具(叢林攀爬組),獨木橋,組合遊具,遊戲板,組合遊具,攀爬組,盪鞦韆,搖搖樂,組合遊具,組合遊具,旋轉盤,鞦韆,攀爬組,旋轉盤,搖搖樂,組合遊具,特色溜滑梯,攀爬組,跳樁,鞦韆,搖搖馬,組合遊具,蹺蹺板,組合遊具,搖搖樂,組合遊具,組合遊具2,翹翹板及搖搖馬,組合遊具,天空樹溜滑梯,戲沙坑,搖搖樂,旋轉拉環,組合遊具, X型翹翹板,鞦韆,攀爬組,搖搖樂,組合遊具(村莊高塔),鞦韆,攀爬遊戲組,彈跳床,投籃機,擺盪船索,攀爬組,旋轉台,組合遊具,組合遊具,旋轉陀螺,旋轉台,組合遊具,攀爬組,搖搖樂,翹翹板,磨石滑梯,搖搖樂,跳樁,搖搖樂,攀爬組,組合遊具(滑梯小屋),旋轉盤,組合遊具,鳥巢盪鞦韆及一般坐式盪鞦韆,蝴蝶翹翹板,特色旋轉盤,金字塔滑梯組,機車搖搖樂,遊戲板,造型攀爬牆,攀爬網,組合遊具(環繞競技場遊具組),鞦韆,體能訓練平衡組,礫石坑,獨木樁,蜻蜓點水,木橋,平衡木,平衡木,跳樁,遊戲板,隧道,組合遊具(叢林攀爬組),搖晃板,組合遊具,遊戲板,隧道,組合遊具(遊戲城堡),旋轉座椅,競技攀爬遊具組,龍舟特色遊具組,滑梯,擊鼓,搖搖樂,組合遊具,翹翹板,組合遊具,翹翹板,木作組合遊具,搖搖樂,城堡遊戲組,大轉轉杯,搖搖樂,磨石滑梯,攀爬組,鞦韆,搖搖樂,組合遊具,組合遊具,搖滾盤,旋轉球椅,愛的搖籃,組合遊具,搖搖樂,旋轉杯,翹翹板,組合遊具,搖搖樂,組合遊具,搖搖樂,組合遊具,搖搖樂,組合遊具,攀爬組,搖搖樂,組合遊具,搖搖樂,組合遊具,組合遊具,彩虹琴,旋轉音樂盒,遊戲礫石坑,彈跳節拍,搖搖樂,組合遊具,翹翹板,組合遊具,組合遊具,搖搖樂,組合遊具,組合遊具,搖搖樂,組合遊具,攀爬組合滑梯,搖搖樂,組合遊具,組合遊具,翹翹板", "ObjectId": 255}}, {"type": "Feature", "id": 256, "geometry": {"type": "Point", "coordinates": [121.52893066, 25.050825119]}, "properties": {"SeqNo": 280, "pm_name": "吉林公園", "pm_overview": "        吉林公園為「童玩趣味」公園，園內設置豐富的體健設施與兒童遊戲場，鄰近幼稚園，每當午後常看見孩童來此嬉戲，讓公園充滿著開心的歡笑聲。", "pm_unit": "中山區公所", "pm_const_year": "1974", "pm_location": "吉林路14巷內", "pm_LandPublicArea": 1579, "pm_opening_s": "00:00:00", "pm_opening_e": "24:00", "pm_libie": "興亞里", "pm_phone": "02-25031369#538", "pm_sports": "坐蹬器、雙人浪板、滑雪器、肩關節康復器、平步訓練器、大轉盤、上肢牽引器、引體向上", "pm_recreation": "組合遊具", "pm_service": "涼亭", "pm_other": null, "pm_transit": "公車路線：搭248、606搭至南京新生北路口站下車，再步行抵達", "pm_name_eng": "Jilin Park", "pm_ecology": null, "pm_type": "公園", "pm_playtype": "一般", "pm_playarea": 144, "pm_description": null, "pm_playeq": "彈跳床,搖滾盤,攀爬組,磨石滑梯,搖搖樂,翹翹板,搖搖樂,組合遊具,搖搖樂,組合遊具,鞦韆,攀爬組,磨石滑梯,翹翹板,組合遊具,翹翹板,木樁區,盪鞦韆,平衡木,彈跳床,搖搖樂,組合遊具,翹翹板,旋轉台,戲沙坑遊戲桌,搖搖樂,攀爬組,旋轉飛輪,組合遊具,翹翹板,磨石滑梯,攀爬組,磨石子滑梯,翹翹板,彈跳床,鳥巢鞦韆,戲沙坑,攀爬組,組合遊具,攀爬組,站立式搖動設備,組合遊具,翹翹板,小石搬運,搖搖馬,組合遊具,數字造型跳樁及水管隧道,搖滾盤,X型翹翹板,組合遊具,搖搖樂,組合遊具,旋轉桶椅,大旋轉組,組合遊具,搖搖樂,磨石滑梯,鳥巢鞦韆,旋轉桶椅,組合遊具,組合遊具,組合遊具,搖搖馬,組合遊具,翹翹板,搖搖樂,組合遊具,組合遊具,磨石滑梯,鞦韆及鳥巢鞦韆,彈跳床,攀爬組,木隧道,組合遊具,仿古代程沈船遊具,攀爬繩網組,攀爬組,鳥巢鞦韆,輪胎鞦韆,尿布鞦韆,沙坑,磨石子滑梯,旋轉台,彈跳床,雙滑軌溜索,搖搖馬,翹翹板,組合遊具,搖搖馬,組合遊具,攀爬組,組合遊具,組合遊具,攀爬組,搖搖馬,磨石子滑梯,旋轉杯,組合遊具,組合遊具,組合遊具,大轉轉杯,搖搖樂,組合遊具,翹翹板,滑梯,彈跳床,戲沙坑,擺盪船索,攀爬組,旋轉組,磨石滑梯,組合遊具,特色溜滑梯,攀爬組,旋轉棒,叢林攀爬組,4人旋轉器,搖搖樂,磨石滑梯,翹翹板,搖搖樂,組合遊具,組合遊具,組合遊具,爬繩,組合遊具(叢林攀爬組),獨木橋,組合遊具,遊戲板,組合遊具,攀爬組,盪鞦韆,搖搖樂,組合遊具,組合遊具,旋轉盤,鞦韆,攀爬組,旋轉盤,搖搖樂,組合遊具,特色溜滑梯,攀爬組,跳樁,鞦韆,搖搖馬,組合遊具,蹺蹺板,組合遊具,搖搖樂,組合遊具,組合遊具2,翹翹板及搖搖馬,組合遊具,天空樹溜滑梯,戲沙坑,搖搖樂,旋轉拉環,組合遊具, X型翹翹板,鞦韆,攀爬組,搖搖樂,組合遊具(村莊高塔),鞦韆,攀爬遊戲組,彈跳床,投籃機,擺盪船索,攀爬組,旋轉台,組合遊具,組合遊具,旋轉陀螺,旋轉台,組合遊具,攀爬組,搖搖樂,翹翹板,磨石滑梯,搖搖樂,跳樁,搖搖樂,攀爬組,組合遊具(滑梯小屋),旋轉盤,組合遊具,鳥巢盪鞦韆及一般坐式盪鞦韆,蝴蝶翹翹板,特色旋轉盤,金字塔滑梯組,機車搖搖樂,遊戲板,造型攀爬牆,攀爬網,組合遊具(環繞競技場遊具組),鞦韆,體能訓練平衡組,礫石坑,獨木樁,蜻蜓點水,木橋,平衡木,平衡木,跳樁,遊戲板,隧道,組合遊具(叢林攀爬組),搖晃板,組合遊具,遊戲板,隧道,組合遊具(遊戲城堡),旋轉座椅,競技攀爬遊具組,龍舟特色遊具組,滑梯,擊鼓,搖搖樂,組合遊具,翹翹板,組合遊具,翹翹板,木作組合遊具,搖搖樂,城堡遊戲組,大轉轉杯,搖搖樂,磨石滑梯,攀爬組,鞦韆,搖搖樂,組合遊具,組合遊具,搖滾盤,旋轉球椅,愛的搖籃,組合遊具,搖搖樂,旋轉杯,翹翹板,組合遊具,搖搖樂,組合遊具,搖搖樂,組合遊具,搖搖樂,組合遊具,攀爬組,搖搖樂,組合遊具,搖搖樂,組合遊具,組合遊具,彩虹琴,旋轉音樂盒,遊戲礫石坑,彈跳節拍,搖搖樂,組合遊具,翹翹板,組合遊具,組合遊具,搖搖樂,組合遊具,組合遊具,搖搖樂,組合遊具,攀爬組合滑梯,搖搖樂,組合遊具,組合遊具,翹翹板,組合遊具", "ObjectId": 256}}, {"type": "Feature", "id": 257, "geometry": {"type": "Point", "coordinates": [121.53948212, 25.058660507]}, "properties": {"SeqNo": 678, "pm_name": "合江公園", "pm_overview": "        合江公園為「懷舊風情」公園，為本區最小的鄰里公園，休憩空間以清水磚砌的花臺、矮牆，具有古樸的風味，是居民夏日乘涼、聊天的絕佳場所。", "pm_unit": "中山區公所", "pm_const_year": "1985", "pm_location": "合江街73巷口", "pm_LandPublicArea": 333, "pm_opening_s": "00:00:00", "pm_opening_e": "24:00", "pm_libie": "江山里", "pm_phone": "02-25031369#538", "pm_sports": null, "pm_recreation": "組合遊具", "pm_service": null, "pm_other": null, "pm_transit": "公車路線：搭277、505、612至合江街口公車站後步行抵達", "pm_name_eng": "Hejiang Park", "pm_ecology": null, "pm_type": "公園", "pm_playtype": null, "pm_playarea": null, "pm_description": null, "pm_playeq": null, "ObjectId": 257}}, {"type": "Feature", "id": 258, "geometry": {"type": "Point", "coordinates": [121.53881836, 25.055459976]}, "properties": {"SeqNo": 592, "pm_name": "朱昌公園", "pm_overview": "        朱昌公園為「童玩趣味」公園，以「西遊記」為設計主題，運用孫悟空取經的故事，塑造公園未來結合家庭式多功能使用，回憶兒童快樂的時光。\r\n", "pm_unit": "中山區公所", "pm_const_year": "1986", "pm_location": "合江街58巷口", "pm_LandPublicArea": 2637, "pm_opening_s": "00:00:00", "pm_opening_e": "24:00", "pm_libie": "朱馥里", "pm_phone": "02-25031369#538", "pm_sports": "引體向上、大轉輪、平步訓練器、滑雪器", "pm_recreation": "組合遊具、蹺蹺板、搖搖馬", "pm_service": "直飲台、涼亭、露天廣場", "pm_other": null, "pm_transit": "公車路線：搭12至臺北大學台北校區站下車再步行抵達。", "pm_name_eng": "Zhuchang Park", "pm_ecology": null, "pm_type": "公園", "pm_playtype": "一般", "pm_playarea": 45.6, "pm_description": null, "pm_playeq": "彈跳床,搖滾盤,攀爬組,磨石滑梯,搖搖樂,翹翹板,搖搖樂,組合遊具,搖搖樂,組合遊具,鞦韆,攀爬組,磨石滑梯,翹翹板,組合遊具,翹翹板,木樁區,盪鞦韆,平衡木,彈跳床,搖搖樂,組合遊具,翹翹板,旋轉台,戲沙坑遊戲桌,搖搖樂,攀爬組,旋轉飛輪,組合遊具,翹翹板,磨石滑梯,攀爬組,磨石子滑梯,翹翹板,彈跳床,鳥巢鞦韆,戲沙坑,攀爬組,組合遊具,攀爬組,站立式搖動設備,組合遊具,翹翹板,小石搬運,搖搖馬,組合遊具,數字造型跳樁及水管隧道,搖滾盤,X型翹翹板,組合遊具,搖搖樂,組合遊具,旋轉桶椅,大旋轉組,組合遊具,搖搖樂,磨石滑梯,鳥巢鞦韆,旋轉桶椅,組合遊具,組合遊具,組合遊具,搖搖馬,組合遊具,翹翹板,搖搖樂,組合遊具,組合遊具,磨石滑梯,鞦韆及鳥巢鞦韆,彈跳床,攀爬組,木隧道,組合遊具,仿古代程沈船遊具,攀爬繩網組,攀爬組,鳥巢鞦韆,輪胎鞦韆,尿布鞦韆,沙坑,磨石子滑梯,旋轉台,彈跳床,雙滑軌溜索,搖搖馬,翹翹板,組合遊具,搖搖馬,組合遊具,攀爬組,組合遊具,組合遊具,攀爬組,搖搖馬,磨石子滑梯,旋轉杯,組合遊具,組合遊具,組合遊具,大轉轉杯,搖搖樂,組合遊具,翹翹板,滑梯,彈跳床,戲沙坑,擺盪船索,攀爬組,旋轉組,磨石滑梯,組合遊具,特色溜滑梯,攀爬組,旋轉棒,叢林攀爬組,4人旋轉器,搖搖樂,磨石滑梯,翹翹板,搖搖樂,組合遊具,組合遊具,組合遊具,爬繩,組合遊具(叢林攀爬組),獨木橋,組合遊具,遊戲板,組合遊具,攀爬組,盪鞦韆,搖搖樂,組合遊具,組合遊具,旋轉盤,鞦韆,攀爬組,旋轉盤,搖搖樂,組合遊具,特色溜滑梯,攀爬組,跳樁,鞦韆,搖搖馬,組合遊具,蹺蹺板,組合遊具,搖搖樂,組合遊具,組合遊具2,翹翹板及搖搖馬,組合遊具,天空樹溜滑梯,戲沙坑,搖搖樂,旋轉拉環,組合遊具, X型翹翹板,鞦韆,攀爬組,搖搖樂,組合遊具(村莊高塔),鞦韆,攀爬遊戲組,彈跳床,投籃機,擺盪船索,攀爬組,旋轉台,組合遊具,組合遊具,旋轉陀螺,旋轉台,組合遊具,攀爬組,搖搖樂,翹翹板,磨石滑梯,搖搖樂,跳樁,搖搖樂,攀爬組,組合遊具(滑梯小屋),旋轉盤,組合遊具,鳥巢盪鞦韆及一般坐式盪鞦韆,蝴蝶翹翹板,特色旋轉盤,金字塔滑梯組,機車搖搖樂,遊戲板,造型攀爬牆,攀爬網,組合遊具(環繞競技場遊具組),鞦韆,體能訓練平衡組,礫石坑,獨木樁,蜻蜓點水,木橋,平衡木,平衡木,跳樁,遊戲板,隧道,組合遊具(叢林攀爬組),搖晃板,組合遊具,遊戲板,隧道,組合遊具(遊戲城堡),旋轉座椅,競技攀爬遊具組,龍舟特色遊具組,滑梯,擊鼓,搖搖樂,組合遊具,翹翹板,組合遊具,翹翹板,木作組合遊具,搖搖樂,城堡遊戲組,大轉轉杯,搖搖樂,磨石滑梯,攀爬組,鞦韆,搖搖樂,組合遊具,組合遊具,搖滾盤,旋轉球椅,愛的搖籃,組合遊具,搖搖樂,旋轉杯,翹翹板,組合遊具,搖搖樂,組合遊具,搖搖樂,組合遊具,搖搖樂,組合遊具,攀爬組,搖搖樂,組合遊具,搖搖樂,組合遊具,組合遊具,彩虹琴,旋轉音樂盒,遊戲礫石坑,彈跳節拍,搖搖樂,組合遊具,翹翹板,組合遊具,組合遊具,搖搖樂,組合遊具,組合遊具,搖搖樂,組合遊具,攀爬組合滑梯,搖搖樂,組合遊具,組合遊具,翹翹板,組合遊具,搖搖樂,組合遊具,翹翹板", "ObjectId": 258}}, {"type": "Feature", "id": 259, "geometry": {"type": "Point", "coordinates": [121.5410614, 25.047550201]}, "properties": {"SeqNo": 558, "pm_name": "朱厝崙公園", "pm_overview": "        朱厝崙公園為「樂活休憩」公園，園內主要植栽為樟樹，青翠的葉色搭配挺直的樹型，使得公園生氣勃勃，加上灌木草花點綴，更賦予公園豐富的面貌。", "pm_unit": "中山區公所", "pm_const_year": "2004", "pm_location": "龍江路21巷內", "pm_LandPublicArea": 1557, "pm_opening_s": "00:00:00", "pm_opening_e": "24:00", "pm_libie": "朱崙里", "pm_phone": "02-25031369#538", "pm_sports": "肩關節康復器、雙人浪板、單槓、單人滑雪機", "pm_recreation": "組合遊具", "pm_service": null, "pm_other": null, "pm_transit": "公車路線：搭202至長安龍江路口下車再步行抵達", "pm_name_eng": "Zhucuolun Park", "pm_ecology": null, "pm_type": "公園", "pm_playtype": "一般", "pm_playarea": 40.33, "pm_description": null, "pm_playeq": "彈跳床,搖滾盤,攀爬組,磨石滑梯,搖搖樂,翹翹板,搖搖樂,組合遊具,搖搖樂,組合遊具,鞦韆,攀爬組,磨石滑梯,翹翹板,組合遊具,翹翹板,木樁區,盪鞦韆,平衡木,彈跳床,搖搖樂,組合遊具,翹翹板,旋轉台,戲沙坑遊戲桌,搖搖樂,攀爬組,旋轉飛輪,組合遊具,翹翹板,磨石滑梯,攀爬組,磨石子滑梯,翹翹板,彈跳床,鳥巢鞦韆,戲沙坑,攀爬組,組合遊具,攀爬組,站立式搖動設備,組合遊具,翹翹板,小石搬運,搖搖馬,組合遊具,數字造型跳樁及水管隧道,搖滾盤,X型翹翹板,組合遊具,搖搖樂,組合遊具,旋轉桶椅,大旋轉組,組合遊具,搖搖樂,磨石滑梯,鳥巢鞦韆,旋轉桶椅,組合遊具,組合遊具,組合遊具,搖搖馬,組合遊具,翹翹板,搖搖樂,組合遊具,組合遊具,磨石滑梯,鞦韆及鳥巢鞦韆,彈跳床,攀爬組,木隧道,組合遊具,仿古代程沈船遊具,攀爬繩網組,攀爬組,鳥巢鞦韆,輪胎鞦韆,尿布鞦韆,沙坑,磨石子滑梯,旋轉台,彈跳床,雙滑軌溜索,搖搖馬,翹翹板,組合遊具,搖搖馬,組合遊具,攀爬組,組合遊具,組合遊具,攀爬組,搖搖馬,磨石子滑梯,旋轉杯,組合遊具,組合遊具,組合遊具,大轉轉杯,搖搖樂,組合遊具,翹翹板,滑梯,彈跳床,戲沙坑,擺盪船索,攀爬組,旋轉組,磨石滑梯,組合遊具,特色溜滑梯,攀爬組,旋轉棒,叢林攀爬組,4人旋轉器,搖搖樂,磨石滑梯,翹翹板,搖搖樂,組合遊具,組合遊具,組合遊具,爬繩,組合遊具(叢林攀爬組),獨木橋,組合遊具,遊戲板,組合遊具,攀爬組,盪鞦韆,搖搖樂,組合遊具,組合遊具,旋轉盤,鞦韆,攀爬組,旋轉盤,搖搖樂,組合遊具,特色溜滑梯,攀爬組,跳樁,鞦韆,搖搖馬,組合遊具,蹺蹺板,組合遊具,搖搖樂,組合遊具,組合遊具2,翹翹板及搖搖馬,組合遊具,天空樹溜滑梯,戲沙坑,搖搖樂,旋轉拉環,組合遊具, X型翹翹板,鞦韆,攀爬組,搖搖樂,組合遊具(村莊高塔),鞦韆,攀爬遊戲組,彈跳床,投籃機,擺盪船索,攀爬組,旋轉台,組合遊具,組合遊具,旋轉陀螺,旋轉台,組合遊具,攀爬組,搖搖樂,翹翹板,磨石滑梯,搖搖樂,跳樁,搖搖樂,攀爬組,組合遊具(滑梯小屋),旋轉盤,組合遊具,鳥巢盪鞦韆及一般坐式盪鞦韆,蝴蝶翹翹板,特色旋轉盤,金字塔滑梯組,機車搖搖樂,遊戲板,造型攀爬牆,攀爬網,組合遊具(環繞競技場遊具組),鞦韆,體能訓練平衡組,礫石坑,獨木樁,蜻蜓點水,木橋,平衡木,平衡木,跳樁,遊戲板,隧道,組合遊具(叢林攀爬組),搖晃板,組合遊具,遊戲板,隧道,組合遊具(遊戲城堡),旋轉座椅,競技攀爬遊具組,龍舟特色遊具組,滑梯,擊鼓,搖搖樂,組合遊具,翹翹板,組合遊具,翹翹板,木作組合遊具,搖搖樂,城堡遊戲組,大轉轉杯,搖搖樂,磨石滑梯,攀爬組,鞦韆,搖搖樂,組合遊具,組合遊具,搖滾盤,旋轉球椅,愛的搖籃,組合遊具,搖搖樂,旋轉杯,翹翹板,組合遊具,搖搖樂,組合遊具,搖搖樂,組合遊具,搖搖樂,組合遊具,攀爬組,搖搖樂,組合遊具,搖搖樂,組合遊具,組合遊具,彩虹琴,旋轉音樂盒,遊戲礫石坑,彈跳節拍,搖搖樂,組合遊具,翹翹板,組合遊具,組合遊具,搖搖樂,組合遊具,組合遊具,搖搖樂,組合遊具,攀爬組合滑梯,搖搖樂,組合遊具,組合遊具,翹翹板,組合遊具,搖搖樂,組合遊具,翹翹板,組合遊具", "ObjectId": 259}}, {"type": "Feature", "id": 260, "geometry": {"type": "Point", "coordinates": [121.54168701, 25.049339294]}, "properties": {"SeqNo": 568, "pm_name": "朱崙公園", "pm_overview": "朱崙公園為「樂活休憩」公園，設置造型特殊搶眼的涼亭，加上榕樹、刺桐等大型植栽的遮蔭，民眾常常在此聚會或話話家常，十分熱鬧。\r\n", "pm_unit": "中山區公所", "pm_const_year": "1972", "pm_location": "龍江路45巷內", "pm_LandPublicArea": 2423, "pm_opening_s": "00:00:00", "pm_opening_e": "24:00", "pm_libie": "力行里", "pm_phone": "02-25031369#538", "pm_sports": "仰臥起坐器、雙人肩關節康復器、單槓", "pm_recreation": null, "pm_service": "涼亭、籃球場", "pm_other": null, "pm_transit": "公車路線：搭202至長安龍江路口下車再步行抵達", "pm_name_eng": "Zhulun Park", "pm_ecology": null, "pm_type": "公園", "pm_playtype": null, "pm_playarea": null, "pm_description": null, "pm_playeq": null, "ObjectId": 260}}, {"type": "Feature", "id": 261, "geometry": {"type": "Point", "coordinates": [121.53941345, 25.061229706]}, "properties": {"SeqNo": 472, "pm_name": "江寧公園", "pm_overview": "        江寧公園為「樂活休憩」公園，其植栽以榕樹及黑板樹為主，而黃椰子及蘇鐵作點綴性搭配，增添熱帶風情，漫步其中，微風輕拂，姿影搖曳，令人陶醉。", "pm_unit": "中山區公所", "pm_const_year": "1988", "pm_location": "龍江路286巷", "pm_LandPublicArea": 1230, "pm_opening_s": "00:00:00", "pm_opening_e": "24:00", "pm_libie": "江寧里", "pm_phone": "02-25031369#538", "pm_sports": "滑雪器、扭腰器、上肢牽引器、肩背按摩器、肩關節復健器、坐推坐拉器", "pm_recreation": "磨石子遊具、搖搖馬", "pm_service": "涼亭", "pm_other": null, "pm_transit": "公車路線：搭1840至榮星花園民權站下車再步行抵達。", "pm_name_eng": "Jiangning Park", "pm_ecology": null, "pm_type": "公園", "pm_playtype": "一般", "pm_playarea": 52.8, "pm_description": null, "pm_playeq": "彈跳床,搖滾盤,攀爬組,磨石滑梯,搖搖樂,翹翹板,搖搖樂,組合遊具,搖搖樂,組合遊具,鞦韆,攀爬組,磨石滑梯,翹翹板,組合遊具,翹翹板,木樁區,盪鞦韆,平衡木,彈跳床,搖搖樂,組合遊具,翹翹板,旋轉台,戲沙坑遊戲桌,搖搖樂,攀爬組,旋轉飛輪,組合遊具,翹翹板,磨石滑梯,攀爬組,磨石子滑梯,翹翹板,彈跳床,鳥巢鞦韆,戲沙坑,攀爬組,組合遊具,攀爬組,站立式搖動設備,組合遊具,翹翹板,小石搬運,搖搖馬,組合遊具,數字造型跳樁及水管隧道,搖滾盤,X型翹翹板,組合遊具,搖搖樂,組合遊具,旋轉桶椅,大旋轉組,組合遊具,搖搖樂,磨石滑梯,鳥巢鞦韆,旋轉桶椅,組合遊具,組合遊具,組合遊具,搖搖馬,組合遊具,翹翹板,搖搖樂,組合遊具,組合遊具,磨石滑梯,鞦韆及鳥巢鞦韆,彈跳床,攀爬組,木隧道,組合遊具,仿古代程沈船遊具,攀爬繩網組,攀爬組,鳥巢鞦韆,輪胎鞦韆,尿布鞦韆,沙坑,磨石子滑梯,旋轉台,彈跳床,雙滑軌溜索,搖搖馬,翹翹板,組合遊具,搖搖馬,組合遊具,攀爬組,組合遊具,組合遊具,攀爬組,搖搖馬,磨石子滑梯,旋轉杯,組合遊具,組合遊具,組合遊具,大轉轉杯,搖搖樂,組合遊具,翹翹板,滑梯,彈跳床,戲沙坑,擺盪船索,攀爬組,旋轉組,磨石滑梯,組合遊具,特色溜滑梯,攀爬組,旋轉棒,叢林攀爬組,4人旋轉器,搖搖樂,磨石滑梯,翹翹板,搖搖樂,組合遊具,組合遊具,組合遊具,爬繩,組合遊具(叢林攀爬組),獨木橋,組合遊具,遊戲板,組合遊具,攀爬組,盪鞦韆,搖搖樂,組合遊具,組合遊具,旋轉盤,鞦韆,攀爬組,旋轉盤,搖搖樂,組合遊具,特色溜滑梯,攀爬組,跳樁,鞦韆,搖搖馬,組合遊具,蹺蹺板,組合遊具,搖搖樂,組合遊具,組合遊具2,翹翹板及搖搖馬,組合遊具,天空樹溜滑梯,戲沙坑,搖搖樂,旋轉拉環,組合遊具, X型翹翹板,鞦韆,攀爬組,搖搖樂,組合遊具(村莊高塔),鞦韆,攀爬遊戲組,彈跳床,投籃機,擺盪船索,攀爬組,旋轉台,組合遊具,組合遊具,旋轉陀螺,旋轉台,組合遊具,攀爬組,搖搖樂,翹翹板,磨石滑梯,搖搖樂,跳樁,搖搖樂,攀爬組,組合遊具(滑梯小屋),旋轉盤,組合遊具,鳥巢盪鞦韆及一般坐式盪鞦韆,蝴蝶翹翹板,特色旋轉盤,金字塔滑梯組,機車搖搖樂,遊戲板,造型攀爬牆,攀爬網,組合遊具(環繞競技場遊具組),鞦韆,體能訓練平衡組,礫石坑,獨木樁,蜻蜓點水,木橋,平衡木,平衡木,跳樁,遊戲板,隧道,組合遊具(叢林攀爬組),搖晃板,組合遊具,遊戲板,隧道,組合遊具(遊戲城堡),旋轉座椅,競技攀爬遊具組,龍舟特色遊具組,滑梯,擊鼓,搖搖樂,組合遊具,翹翹板,組合遊具,翹翹板,木作組合遊具,搖搖樂,城堡遊戲組,大轉轉杯,搖搖樂,磨石滑梯,攀爬組,鞦韆,搖搖樂,組合遊具,組合遊具,搖滾盤,旋轉球椅,愛的搖籃,組合遊具,搖搖樂,旋轉杯,翹翹板,組合遊具,搖搖樂,組合遊具,搖搖樂,組合遊具,搖搖樂,組合遊具,攀爬組,搖搖樂,組合遊具,搖搖樂,組合遊具,組合遊具,彩虹琴,旋轉音樂盒,遊戲礫石坑,彈跳節拍,搖搖樂,組合遊具,翹翹板,組合遊具,組合遊具,搖搖樂,組合遊具,組合遊具,搖搖樂,組合遊具,攀爬組合滑梯,搖搖樂,組合遊具,組合遊具,翹翹板,組合遊具,搖搖樂,組合遊具,翹翹板,組合遊具,搖搖樂,翹翹板", "ObjectId": 261}}, {"type": "Feature", "id": 264, "geometry": {"type": "Point", "coordinates": [121.52587128, 25.052339554]}, "properties": {"SeqNo": 431, "pm_name": "林森公園", "pm_overview": "林森、康樂公園位於南京東路一段，介於中山北路與新生北路間，被林森北路劃分成二個公園，其中林森公園面積約2.9公頃、康樂公園面積約1.4公頃，總計約4.3公頃，是臺北市中心商業區中大型的公園。原址在日據時代曾經是日本人公共墓地，光復後又成為安置榮民的處所，多年來形成歷史情感與視覺衝突共存的矛盾現象；直至民國86年3月，在都市更新及防災安全考量下於86年底完成地上物安置拆遷及公園之簡易綠化工程，再分別進行公園開闢工程，各於92年10月及91年3月完工啟用。 　　\r\n        公園以都市紋理編織成的彩色繡錦及萬物生態共存的樂園為規劃主軸，保留歷史文化的跡，並融合自然生態的萬種風情，提供鄰近居民活動及自然教育的機會。林森公園設有多功能感官體驗區-如景石花園(觸覺)、花廊休憩區(味覺)、香味花園(嗅覺)、活動草坪及兒童遊戲場等。康樂公園規劃內容則有親子水霧廣場（視覺）、噴水池（聽覺）、花樹丘陵區、散步小徑、緩衝林帶、公廁等設施，是適合闔家同遊的休憩景點。", "pm_unit": "圓山公園管理所", "pm_const_year": "1975", "pm_location": "南京東路一段、林森北路右側", "pm_LandPublicArea": 29331, "pm_opening_s": "00:00:00", "pm_opening_e": "24:00", "pm_libie": "康樂里", "pm_phone": "里辦公室電話02-25629158", "pm_sports": "大轉輪、雙人漫步機、引體向上、仰臥起坐", "pm_recreation": "溜滑梯、梅花樁、旋轉盤、搖搖馬、組合遊具、三維攀爬網", "pm_service": "公廁、籃球場、直飲台", "pm_other": "歷史建築：「明石元二郎鳥居」及「鎌田正威鳥居」", "pm_transit": "公車路線：搭208、211、246至欣欣大眾公司站下車，搭12、1501、1505 至南京林森路口下車", "pm_name_eng": "Linsen Park", "pm_ecology": null, "pm_type": "公園", "pm_playtype": "一般", "pm_playarea": 540, "pm_description": null, "pm_playeq": "彈跳床,搖滾盤,攀爬組,磨石滑梯,搖搖樂,翹翹板,搖搖樂,組合遊具,搖搖樂,組合遊具,鞦韆,攀爬組,磨石滑梯,翹翹板,組合遊具,翹翹板,木樁區,盪鞦韆,平衡木,彈跳床,搖搖樂,組合遊具,翹翹板,旋轉台,戲沙坑遊戲桌,搖搖樂,攀爬組,旋轉飛輪,組合遊具,翹翹板,磨石滑梯,攀爬組,磨石子滑梯,翹翹板,彈跳床,鳥巢鞦韆,戲沙坑,攀爬組,組合遊具,攀爬組,站立式搖動設備,組合遊具,翹翹板,小石搬運,搖搖馬,組合遊具,數字造型跳樁及水管隧道,搖滾盤,X型翹翹板,組合遊具,搖搖樂,組合遊具,旋轉桶椅,大旋轉組,組合遊具,搖搖樂,磨石滑梯,鳥巢鞦韆,旋轉桶椅,組合遊具,組合遊具,組合遊具,搖搖馬,組合遊具,翹翹板,搖搖樂,組合遊具,組合遊具,磨石滑梯,鞦韆及鳥巢鞦韆,彈跳床,攀爬組,木隧道,組合遊具,仿古代程沈船遊具,攀爬繩網組,攀爬組,鳥巢鞦韆,輪胎鞦韆,尿布鞦韆,沙坑,磨石子滑梯,旋轉台,彈跳床,雙滑軌溜索,搖搖馬,翹翹板,組合遊具,搖搖馬,組合遊具,攀爬組,組合遊具,組合遊具,攀爬組,搖搖馬,磨石子滑梯,旋轉杯,組合遊具,組合遊具,組合遊具,大轉轉杯,搖搖樂,組合遊具,翹翹板,滑梯,彈跳床,戲沙坑,擺盪船索,攀爬組,旋轉組,磨石滑梯,組合遊具,特色溜滑梯,攀爬組,旋轉棒,叢林攀爬組,4人旋轉器,搖搖樂,磨石滑梯,翹翹板,搖搖樂,組合遊具,組合遊具,組合遊具,爬繩,組合遊具(叢林攀爬組),獨木橋,組合遊具,遊戲板,組合遊具,攀爬組,盪鞦韆,搖搖樂,組合遊具,組合遊具,旋轉盤,鞦韆,攀爬組,旋轉盤,搖搖樂,組合遊具,特色溜滑梯,攀爬組,跳樁,鞦韆,搖搖馬,組合遊具,蹺蹺板,組合遊具,搖搖樂,組合遊具,組合遊具2,翹翹板及搖搖馬,組合遊具,天空樹溜滑梯,戲沙坑,搖搖樂,旋轉拉環,組合遊具, X型翹翹板,鞦韆,攀爬組,搖搖樂,組合遊具(村莊高塔),鞦韆,攀爬遊戲組,彈跳床,投籃機,擺盪船索,攀爬組,旋轉台,組合遊具,組合遊具,旋轉陀螺,旋轉台,組合遊具,攀爬組,搖搖樂,翹翹板,磨石滑梯,搖搖樂,跳樁,搖搖樂,攀爬組,組合遊具(滑梯小屋),旋轉盤,組合遊具,鳥巢盪鞦韆及一般坐式盪鞦韆,蝴蝶翹翹板,特色旋轉盤,金字塔滑梯組,機車搖搖樂,遊戲板,造型攀爬牆,攀爬網,組合遊具(環繞競技場遊具組),鞦韆,體能訓練平衡組,礫石坑,獨木樁,蜻蜓點水,木橋,平衡木,平衡木,跳樁,遊戲板,隧道,組合遊具(叢林攀爬組),搖晃板,組合遊具,遊戲板,隧道,組合遊具(遊戲城堡),旋轉座椅,競技攀爬遊具組,龍舟特色遊具組,滑梯,擊鼓,搖搖樂,組合遊具,翹翹板,組合遊具,翹翹板,木作組合遊具,搖搖樂,城堡遊戲組,大轉轉杯,搖搖樂,磨石滑梯,攀爬組,鞦韆,搖搖樂,組合遊具,組合遊具,搖滾盤,旋轉球椅,愛的搖籃,組合遊具,搖搖樂,旋轉杯,翹翹板,組合遊具,搖搖樂,組合遊具,搖搖樂,組合遊具,搖搖樂,組合遊具,攀爬組,搖搖樂,組合遊具,搖搖樂,組合遊具,組合遊具,彩虹琴,旋轉音樂盒,遊戲礫石坑,彈跳節拍,搖搖樂,組合遊具,翹翹板,組合遊具,組合遊具,搖搖樂,組合遊具,組合遊具,搖搖樂,組合遊具,攀爬組合滑梯,搖搖樂,組合遊具,組合遊具,翹翹板,組合遊具,搖搖樂,組合遊具,翹翹板,組合遊具,搖搖樂,翹翹板,旋轉杯,旋轉棒,搖搖樂,磨石滑梯,組合遊具,搖搖樂,攀爬組,旋轉台,磨石滑梯,組合遊具,跳樁", "ObjectId": 264}}, {"type": "Feature", "id": 265, "geometry": {"type": "Point", "coordinates": [121.53246307, 25.050369263]}, "properties": {"SeqNo": 441, "pm_name": "松江公園", "pm_overview": "松江公園為「人文藝術」公園，又名松江詩園，「詩」為公園之主要特色，經常性舉辦藝文活動，使其聲名遠播，更融入社區居民生活。", "pm_unit": "中山區公所", "pm_const_year": "1973", "pm_location": "松江路90巷", "pm_LandPublicArea": 1804, "pm_opening_s": "00:00:00", "pm_opening_e": "24:00", "pm_libie": "興亞里", "pm_phone": "02-25031369#538", "pm_sports": "單槓、滑雪器、腰背按摩器、大轉輪、平步訓練器", "pm_recreation": "組合遊具", "pm_service": "涼亭", "pm_other": null, "pm_transit": "捷運路線：搭中和新蘆線至松江南京站2號出口，再步行抵達", "pm_name_eng": "Songjiang Park", "pm_ecology": null, "pm_type": "公園", "pm_playtype": "一般", "pm_playarea": 110, "pm_description": null, "pm_playeq": "彈跳床,搖滾盤,攀爬組,磨石滑梯,搖搖樂,翹翹板,搖搖樂,組合遊具,搖搖樂,組合遊具,鞦韆,攀爬組,磨石滑梯,翹翹板,組合遊具,翹翹板,木樁區,盪鞦韆,平衡木,彈跳床,搖搖樂,組合遊具,翹翹板,旋轉台,戲沙坑遊戲桌,搖搖樂,攀爬組,旋轉飛輪,組合遊具,翹翹板,磨石滑梯,攀爬組,磨石子滑梯,翹翹板,彈跳床,鳥巢鞦韆,戲沙坑,攀爬組,組合遊具,攀爬組,站立式搖動設備,組合遊具,翹翹板,小石搬運,搖搖馬,組合遊具,數字造型跳樁及水管隧道,搖滾盤,X型翹翹板,組合遊具,搖搖樂,組合遊具,旋轉桶椅,大旋轉組,組合遊具,搖搖樂,磨石滑梯,鳥巢鞦韆,旋轉桶椅,組合遊具,組合遊具,組合遊具,搖搖馬,組合遊具,翹翹板,搖搖樂,組合遊具,組合遊具,磨石滑梯,鞦韆及鳥巢鞦韆,彈跳床,攀爬組,木隧道,組合遊具,仿古代程沈船遊具,攀爬繩網組,攀爬組,鳥巢鞦韆,輪胎鞦韆,尿布鞦韆,沙坑,磨石子滑梯,旋轉台,彈跳床,雙滑軌溜索,搖搖馬,翹翹板,組合遊具,搖搖馬,組合遊具,攀爬組,組合遊具,組合遊具,攀爬組,搖搖馬,磨石子滑梯,旋轉杯,組合遊具,組合遊具,組合遊具,大轉轉杯,搖搖樂,組合遊具,翹翹板,滑梯,彈跳床,戲沙坑,擺盪船索,攀爬組,旋轉組,磨石滑梯,組合遊具,特色溜滑梯,攀爬組,旋轉棒,叢林攀爬組,4人旋轉器,搖搖樂,磨石滑梯,翹翹板,搖搖樂,組合遊具,組合遊具,組合遊具,爬繩,組合遊具(叢林攀爬組),獨木橋,組合遊具,遊戲板,組合遊具,攀爬組,盪鞦韆,搖搖樂,組合遊具,組合遊具,旋轉盤,鞦韆,攀爬組,旋轉盤,搖搖樂,組合遊具,特色溜滑梯,攀爬組,跳樁,鞦韆,搖搖馬,組合遊具,蹺蹺板,組合遊具,搖搖樂,組合遊具,組合遊具2,翹翹板及搖搖馬,組合遊具,天空樹溜滑梯,戲沙坑,搖搖樂,旋轉拉環,組合遊具, X型翹翹板,鞦韆,攀爬組,搖搖樂,組合遊具(村莊高塔),鞦韆,攀爬遊戲組,彈跳床,投籃機,擺盪船索,攀爬組,旋轉台,組合遊具,組合遊具,旋轉陀螺,旋轉台,組合遊具,攀爬組,搖搖樂,翹翹板,磨石滑梯,搖搖樂,跳樁,搖搖樂,攀爬組,組合遊具(滑梯小屋),旋轉盤,組合遊具,鳥巢盪鞦韆及一般坐式盪鞦韆,蝴蝶翹翹板,特色旋轉盤,金字塔滑梯組,機車搖搖樂,遊戲板,造型攀爬牆,攀爬網,組合遊具(環繞競技場遊具組),鞦韆,體能訓練平衡組,礫石坑,獨木樁,蜻蜓點水,木橋,平衡木,平衡木,跳樁,遊戲板,隧道,組合遊具(叢林攀爬組),搖晃板,組合遊具,遊戲板,隧道,組合遊具(遊戲城堡),旋轉座椅,競技攀爬遊具組,龍舟特色遊具組,滑梯,擊鼓,搖搖樂,組合遊具,翹翹板,組合遊具,翹翹板,木作組合遊具,搖搖樂,城堡遊戲組,大轉轉杯,搖搖樂,磨石滑梯,攀爬組,鞦韆,搖搖樂,組合遊具,組合遊具,搖滾盤,旋轉球椅,愛的搖籃,組合遊具,搖搖樂,旋轉杯,翹翹板,組合遊具,搖搖樂,組合遊具,搖搖樂,組合遊具,搖搖樂,組合遊具,攀爬組,搖搖樂,組合遊具,搖搖樂,組合遊具,組合遊具,彩虹琴,旋轉音樂盒,遊戲礫石坑,彈跳節拍,搖搖樂,組合遊具,翹翹板,組合遊具,組合遊具,搖搖樂,組合遊具,組合遊具,搖搖樂,組合遊具,攀爬組合滑梯,搖搖樂,組合遊具,組合遊具,翹翹板,組合遊具,搖搖樂,組合遊具,翹翹板,組合遊具,搖搖樂,翹翹板,旋轉杯,旋轉棒,搖搖樂,磨石滑梯,組合遊具,搖搖樂,攀爬組,旋轉台,磨石滑梯,組合遊具,跳樁,組合遊具", "ObjectId": 265}}, {"type": "Feature", "id": 266, "geometry": {"type": "Point", "coordinates": [121.532404, 25.060117]}, "properties": {"SeqNo": 372, "pm_name": "松錦1號公園", "pm_overview": "松錦1號公園為「樂活休憩」公園，種植以花果變色之台灣欒樹、白千層及各色草花，點綴豐富了整體景觀，提供當地民眾休憩及觀賞。", "pm_unit": "中山區公所", "pm_const_year": "1977", "pm_location": "民生東路二段127巷", "pm_LandPublicArea": 906, "pm_opening_s": "00:00:00", "pm_opening_e": "24:00", "pm_libie": "中庄里", "pm_phone": "02-25031369#538", "pm_sports": null, "pm_recreation": null, "pm_service": "涼亭", "pm_other": null, "pm_transit": "捷運路線：搭中和新蘆線至行天宮站4號出口，再步行抵達", "pm_name_eng": "Songjin 1 Park", "pm_ecology": null, "pm_type": "公園", "pm_playtype": null, "pm_playarea": null, "pm_description": null, "pm_playeq": null, "ObjectId": 266}}, {"type": "Feature", "id": 267, "geometry": {"type": "Point", "coordinates": [121.532089, 25.059608]}, "properties": {"SeqNo": 447, "pm_name": "松錦2號公園", "pm_overview": "        松錦2號公園為「童玩趣味」公園，園內設置組合遊具、彩繪童趣的涼亭及鳥雕意象，設施較多，並以以時間膠囊廣場的設計與松錦1 號作意象上的連結。", "pm_unit": "中山區公所", "pm_const_year": "1977", "pm_location": "民生東路二段115巷25弄", "pm_LandPublicArea": 1390, "pm_opening_s": "00:00:00", "pm_opening_e": "24:00", "pm_libie": "中庄里", "pm_phone": "02-25031369#538", "pm_sports": "引體向上、仰臥起坐椅、上肢牽引器、扭腰器、雙槓、滑步機、伸腰伸背器", "pm_recreation": "組合遊具", "pm_service": "涼亭、直飲台", "pm_other": null, "pm_transit": "捷運路線：搭中和新蘆線至行天宮站4號出口，再步行抵達", "pm_name_eng": "Songjin 2 Park", "pm_ecology": null, "pm_type": "公園", "pm_playtype": "一般", "pm_playarea": 230, "pm_description": null, "pm_playeq": "彈跳床,搖滾盤,攀爬組,磨石滑梯,搖搖樂,翹翹板,搖搖樂,組合遊具,搖搖樂,組合遊具,鞦韆,攀爬組,磨石滑梯,翹翹板,組合遊具,翹翹板,木樁區,盪鞦韆,平衡木,彈跳床,搖搖樂,組合遊具,翹翹板,旋轉台,戲沙坑遊戲桌,搖搖樂,攀爬組,旋轉飛輪,組合遊具,翹翹板,磨石滑梯,攀爬組,磨石子滑梯,翹翹板,彈跳床,鳥巢鞦韆,戲沙坑,攀爬組,組合遊具,攀爬組,站立式搖動設備,組合遊具,翹翹板,小石搬運,搖搖馬,組合遊具,數字造型跳樁及水管隧道,搖滾盤,X型翹翹板,組合遊具,搖搖樂,組合遊具,旋轉桶椅,大旋轉組,組合遊具,搖搖樂,磨石滑梯,鳥巢鞦韆,旋轉桶椅,組合遊具,組合遊具,組合遊具,搖搖馬,組合遊具,翹翹板,搖搖樂,組合遊具,組合遊具,磨石滑梯,鞦韆及鳥巢鞦韆,彈跳床,攀爬組,木隧道,組合遊具,仿古代程沈船遊具,攀爬繩網組,攀爬組,鳥巢鞦韆,輪胎鞦韆,尿布鞦韆,沙坑,磨石子滑梯,旋轉台,彈跳床,雙滑軌溜索,搖搖馬,翹翹板,組合遊具,搖搖馬,組合遊具,攀爬組,組合遊具,組合遊具,攀爬組,搖搖馬,磨石子滑梯,旋轉杯,組合遊具,組合遊具,組合遊具,大轉轉杯,搖搖樂,組合遊具,翹翹板,滑梯,彈跳床,戲沙坑,擺盪船索,攀爬組,旋轉組,磨石滑梯,組合遊具,特色溜滑梯,攀爬組,旋轉棒,叢林攀爬組,4人旋轉器,搖搖樂,磨石滑梯,翹翹板,搖搖樂,組合遊具,組合遊具,組合遊具,爬繩,組合遊具(叢林攀爬組),獨木橋,組合遊具,遊戲板,組合遊具,攀爬組,盪鞦韆,搖搖樂,組合遊具,組合遊具,旋轉盤,鞦韆,攀爬組,旋轉盤,搖搖樂,組合遊具,特色溜滑梯,攀爬組,跳樁,鞦韆,搖搖馬,組合遊具,蹺蹺板,組合遊具,搖搖樂,組合遊具,組合遊具2,翹翹板及搖搖馬,組合遊具,天空樹溜滑梯,戲沙坑,搖搖樂,旋轉拉環,組合遊具, X型翹翹板,鞦韆,攀爬組,搖搖樂,組合遊具(村莊高塔),鞦韆,攀爬遊戲組,彈跳床,投籃機,擺盪船索,攀爬組,旋轉台,組合遊具,組合遊具,旋轉陀螺,旋轉台,組合遊具,攀爬組,搖搖樂,翹翹板,磨石滑梯,搖搖樂,跳樁,搖搖樂,攀爬組,組合遊具(滑梯小屋),旋轉盤,組合遊具,鳥巢盪鞦韆及一般坐式盪鞦韆,蝴蝶翹翹板,特色旋轉盤,金字塔滑梯組,機車搖搖樂,遊戲板,造型攀爬牆,攀爬網,組合遊具(環繞競技場遊具組),鞦韆,體能訓練平衡組,礫石坑,獨木樁,蜻蜓點水,木橋,平衡木,平衡木,跳樁,遊戲板,隧道,組合遊具(叢林攀爬組),搖晃板,組合遊具,遊戲板,隧道,組合遊具(遊戲城堡),旋轉座椅,競技攀爬遊具組,龍舟特色遊具組,滑梯,擊鼓,搖搖樂,組合遊具,翹翹板,組合遊具,翹翹板,木作組合遊具,搖搖樂,城堡遊戲組,大轉轉杯,搖搖樂,磨石滑梯,攀爬組,鞦韆,搖搖樂,組合遊具,組合遊具,搖滾盤,旋轉球椅,愛的搖籃,組合遊具,搖搖樂,旋轉杯,翹翹板,組合遊具,搖搖樂,組合遊具,搖搖樂,組合遊具,搖搖樂,組合遊具,攀爬組,搖搖樂,組合遊具,搖搖樂,組合遊具,組合遊具,彩虹琴,旋轉音樂盒,遊戲礫石坑,彈跳節拍,搖搖樂,組合遊具,翹翹板,組合遊具,組合遊具,搖搖樂,組合遊具,組合遊具,搖搖樂,組合遊具,攀爬組合滑梯,搖搖樂,組合遊具,組合遊具,翹翹板,組合遊具,搖搖樂,組合遊具,翹翹板,組合遊具,搖搖樂,翹翹板,旋轉杯,旋轉棒,搖搖樂,磨石滑梯,組合遊具,搖搖樂,攀爬組,旋轉台,磨石滑梯,組合遊具,跳樁,組合遊具,組合遊具", "ObjectId": 267}}, {"type": "Feature", "id": 273, "geometry": {"type": "Point", "coordinates": [121.53817749, 25.047149658]}, "properties": {"SeqNo": 669, "pm_name": "建興公園", "pm_overview": "        建興公園為「樂活休憩」公園，園區內有涼亭、滑梯、戶外體健等設施。每當黃昏，落日餘暉下，陽光灑滿了整個公園，倘佯期間，享受都市中片刻悠閒。", "pm_unit": "中山區公所", "pm_const_year": "1985", "pm_location": "八德路二段167巷內", "pm_LandPublicArea": 804, "pm_opening_s": "00:00:00", "pm_opening_e": "24:00", "pm_libie": "朱崙里", "pm_phone": "02-25031369#538", "pm_sports": "伸腰伸背器、仰臥起坐器、單槓", "pm_recreation": "組合遊具", "pm_service": "涼亭", "pm_other": null, "pm_transit": "公車路線：搭202至中山女高站下車再步行抵達", "pm_name_eng": "Jianxing Park", "pm_ecology": null, "pm_type": "公園", "pm_playtype": "一般", "pm_playarea": 48, "pm_description": null, "pm_playeq": "彈跳床,搖滾盤,攀爬組,磨石滑梯,搖搖樂,翹翹板,搖搖樂,組合遊具,搖搖樂,組合遊具,鞦韆,攀爬組,磨石滑梯,翹翹板,組合遊具,翹翹板,木樁區,盪鞦韆,平衡木,彈跳床,搖搖樂,組合遊具,翹翹板,旋轉台,戲沙坑遊戲桌,搖搖樂,攀爬組,旋轉飛輪,組合遊具,翹翹板,磨石滑梯,攀爬組,磨石子滑梯,翹翹板,彈跳床,鳥巢鞦韆,戲沙坑,攀爬組,組合遊具,攀爬組,站立式搖動設備,組合遊具,翹翹板,小石搬運,搖搖馬,組合遊具,數字造型跳樁及水管隧道,搖滾盤,X型翹翹板,組合遊具,搖搖樂,組合遊具,旋轉桶椅,大旋轉組,組合遊具,搖搖樂,磨石滑梯,鳥巢鞦韆,旋轉桶椅,組合遊具,組合遊具,組合遊具,搖搖馬,組合遊具,翹翹板,搖搖樂,組合遊具,組合遊具,磨石滑梯,鞦韆及鳥巢鞦韆,彈跳床,攀爬組,木隧道,組合遊具,仿古代程沈船遊具,攀爬繩網組,攀爬組,鳥巢鞦韆,輪胎鞦韆,尿布鞦韆,沙坑,磨石子滑梯,旋轉台,彈跳床,雙滑軌溜索,搖搖馬,翹翹板,組合遊具,搖搖馬,組合遊具,攀爬組,組合遊具,組合遊具,攀爬組,搖搖馬,磨石子滑梯,旋轉杯,組合遊具,組合遊具,組合遊具,大轉轉杯,搖搖樂,組合遊具,翹翹板,滑梯,彈跳床,戲沙坑,擺盪船索,攀爬組,旋轉組,磨石滑梯,組合遊具,特色溜滑梯,攀爬組,旋轉棒,叢林攀爬組,4人旋轉器,搖搖樂,磨石滑梯,翹翹板,搖搖樂,組合遊具,組合遊具,組合遊具,爬繩,組合遊具(叢林攀爬組),獨木橋,組合遊具,遊戲板,組合遊具,攀爬組,盪鞦韆,搖搖樂,組合遊具,組合遊具,旋轉盤,鞦韆,攀爬組,旋轉盤,搖搖樂,組合遊具,特色溜滑梯,攀爬組,跳樁,鞦韆,搖搖馬,組合遊具,蹺蹺板,組合遊具,搖搖樂,組合遊具,組合遊具2,翹翹板及搖搖馬,組合遊具,天空樹溜滑梯,戲沙坑,搖搖樂,旋轉拉環,組合遊具, X型翹翹板,鞦韆,攀爬組,搖搖樂,組合遊具(村莊高塔),鞦韆,攀爬遊戲組,彈跳床,投籃機,擺盪船索,攀爬組,旋轉台,組合遊具,組合遊具,旋轉陀螺,旋轉台,組合遊具,攀爬組,搖搖樂,翹翹板,磨石滑梯,搖搖樂,跳樁,搖搖樂,攀爬組,組合遊具(滑梯小屋),旋轉盤,組合遊具,鳥巢盪鞦韆及一般坐式盪鞦韆,蝴蝶翹翹板,特色旋轉盤,金字塔滑梯組,機車搖搖樂,遊戲板,造型攀爬牆,攀爬網,組合遊具(環繞競技場遊具組),鞦韆,體能訓練平衡組,礫石坑,獨木樁,蜻蜓點水,木橋,平衡木,平衡木,跳樁,遊戲板,隧道,組合遊具(叢林攀爬組),搖晃板,組合遊具,遊戲板,隧道,組合遊具(遊戲城堡),旋轉座椅,競技攀爬遊具組,龍舟特色遊具組,滑梯,擊鼓,搖搖樂,組合遊具,翹翹板,組合遊具,翹翹板,木作組合遊具,搖搖樂,城堡遊戲組,大轉轉杯,搖搖樂,磨石滑梯,攀爬組,鞦韆,搖搖樂,組合遊具,組合遊具,搖滾盤,旋轉球椅,愛的搖籃,組合遊具,搖搖樂,旋轉杯,翹翹板,組合遊具,搖搖樂,組合遊具,搖搖樂,組合遊具,搖搖樂,組合遊具,攀爬組,搖搖樂,組合遊具,搖搖樂,組合遊具,組合遊具,彩虹琴,旋轉音樂盒,遊戲礫石坑,彈跳節拍,搖搖樂,組合遊具,翹翹板,組合遊具,組合遊具,搖搖樂,組合遊具,組合遊具,搖搖樂,組合遊具,攀爬組合滑梯,搖搖樂,組合遊具,組合遊具,翹翹板,組合遊具,搖搖樂,組合遊具,翹翹板,組合遊具,搖搖樂,翹翹板,旋轉杯,旋轉棒,搖搖樂,磨石滑梯,組合遊具,搖搖樂,攀爬組,旋轉台,磨石滑梯,組合遊具,跳樁,組合遊具,組合遊具,組合遊具,音樂球、叮噹管、歡樂鼓,無障礙旋轉盤,無障礙鞦韆,遊戲牆,滾輪滑梯,鳥巢鞦韆,旋轉杯,旋轉棒,鞦韆,小木屋,山丘滑梯,戲沙坑,搖搖樂,攀爬組,5人轉轉盤,彈跳床,戲沙坑,組合遊具,旋轉台,旋轉杯,旋轉棒, 磨石滑梯,翹翹板,遊戲板,鞦韆,組合遊具", "ObjectId": 273}}, {"type": "Feature", "id": 275, "geometry": {"type": "Point", "coordinates": [121.52514648, 25.053409576]}, "properties": {"SeqNo": 296, "pm_name": "康樂公園", "pm_overview": "　　林森、康樂公園位於南京東路一段，介於中山北路與新生北路間，被林森北路劃分成二個公園，其中林森公園面積約2.9公頃、康樂公園面積約1.4公頃，總計約4.3公頃，是臺北市中心商業區中大型的公園。原址在日據時代曾經是日本人公共墓地，光復後又成為安置榮民的處所，多年來形成歷史情感與視覺衝突共存的矛盾現象；直至民國86年3月，在都市更新及防災安全考量下於86年底完成地上物安置拆遷及公園之簡易綠化工程，再分別進行公園工程，各於92年10月及91年3月完工啟用。\r\n　　公園以都市紋理編織成的彩色繡錦及萬物生態生態共存的樂園為規劃主軸，保留歷史文化的跡，並融合自然生態的萬種風情，提供鄰近居民活動及自然教育的機會。林森公園設有多功能感官體驗區-如景石花園(觸覺)、花廊休憩區(味覺)、香味花園(嗅覺)、活動草坪及兒童遊戲場等。康樂公園規劃內容則有親子水霧廣場（視覺）、噴水池（聽覺）、花樹丘陵區、散步小徑、緩衝林帶、公廁等設施，是適合闔家同遊的休憩景點。", "pm_unit": "圓山公園管理所", "pm_const_year": "1997", "pm_location": "南京東路一段、林森北路左側", "pm_LandPublicArea": 13385, "pm_opening_s": "00:00:00", "pm_opening_e": "24:00", "pm_libie": "康樂里", "pm_phone": "里辦公室電話02-25629158", "pm_sports": null, "pm_recreation": null, "pm_service": null, "pm_other": null, "pm_transit": "公車路線：搭208、211、246至欣欣大眾公司站下車，搭12、1501、1505 至南京林森路口下車", "pm_name_eng": "Kangle Park", "pm_ecology": null, "pm_type": "公園", "pm_playtype": null, "pm_playarea": null, "pm_description": null, "pm_playeq": null, "ObjectId": 275}}, {"type": "Feature", "id": 276, "geometry": {"type": "Point", "coordinates": [121.53968048, 25.053129196]}, "properties": {"SeqNo": 145, "pm_name": "復華公園", "pm_overview": "復華公園為「樂活休憩」公園，比鄰住宅區，使用族群以中老年人為主，平日作為親子遊戲場及民眾晨昏運動、聯誼及休憩的場所。", "pm_unit": "中山區公所", "pm_const_year": "1986", "pm_location": "龍江路114巷內", "pm_LandPublicArea": 2176, "pm_opening_s": "00:00:00", "pm_opening_e": "24:00", "pm_libie": "復華里", "pm_phone": "02-25031369#538", "pm_sports": "單槓、雙槓、仰臥起坐器、漫步機、滑雪器、肩關節康復器", "pm_recreation": null, "pm_service": "涼亭", "pm_other": null, "pm_transit": "公車路線：搭46至南京龍江路口站下車再步行抵達", "pm_name_eng": "Fuhua Park", "pm_ecology": null, "pm_type": "公園", "pm_playtype": "一般", "pm_playarea": 112.84, "pm_description": null, "pm_playeq": "彈跳床,搖滾盤,攀爬組,磨石滑梯,搖搖樂,翹翹板,搖搖樂,組合遊具,搖搖樂,組合遊具,鞦韆,攀爬組,磨石滑梯,翹翹板,組合遊具,翹翹板,木樁區,盪鞦韆,平衡木,彈跳床,搖搖樂,組合遊具,翹翹板,旋轉台,戲沙坑遊戲桌,搖搖樂,攀爬組,旋轉飛輪,組合遊具,翹翹板,磨石滑梯,攀爬組,磨石子滑梯,翹翹板,彈跳床,鳥巢鞦韆,戲沙坑,攀爬組,組合遊具,攀爬組,站立式搖動設備,組合遊具,翹翹板,小石搬運,搖搖馬,組合遊具,數字造型跳樁及水管隧道,搖滾盤,X型翹翹板,組合遊具,搖搖樂,組合遊具,旋轉桶椅,大旋轉組,組合遊具,搖搖樂,磨石滑梯,鳥巢鞦韆,旋轉桶椅,組合遊具,組合遊具,組合遊具,搖搖馬,組合遊具,翹翹板,搖搖樂,組合遊具,組合遊具,磨石滑梯,鞦韆及鳥巢鞦韆,彈跳床,攀爬組,木隧道,組合遊具,仿古代程沈船遊具,攀爬繩網組,攀爬組,鳥巢鞦韆,輪胎鞦韆,尿布鞦韆,沙坑,磨石子滑梯,旋轉台,彈跳床,雙滑軌溜索,搖搖馬,翹翹板,組合遊具,搖搖馬,組合遊具,攀爬組,組合遊具,組合遊具,攀爬組,搖搖馬,磨石子滑梯,旋轉杯,組合遊具,組合遊具,組合遊具,大轉轉杯,搖搖樂,組合遊具,翹翹板,滑梯,彈跳床,戲沙坑,擺盪船索,攀爬組,旋轉組,磨石滑梯,組合遊具,特色溜滑梯,攀爬組,旋轉棒,叢林攀爬組,4人旋轉器,搖搖樂,磨石滑梯,翹翹板,搖搖樂,組合遊具,組合遊具,組合遊具,爬繩,組合遊具(叢林攀爬組),獨木橋,組合遊具,遊戲板,組合遊具,攀爬組,盪鞦韆,搖搖樂,組合遊具,組合遊具,旋轉盤,鞦韆,攀爬組,旋轉盤,搖搖樂,組合遊具,特色溜滑梯,攀爬組,跳樁,鞦韆,搖搖馬,組合遊具,蹺蹺板,組合遊具,搖搖樂,組合遊具,組合遊具2,翹翹板及搖搖馬,組合遊具,天空樹溜滑梯,戲沙坑,搖搖樂,旋轉拉環,組合遊具, X型翹翹板,鞦韆,攀爬組,搖搖樂,組合遊具(村莊高塔),鞦韆,攀爬遊戲組,彈跳床,投籃機,擺盪船索,攀爬組,旋轉台,組合遊具,組合遊具,旋轉陀螺,旋轉台,組合遊具,攀爬組,搖搖樂,翹翹板,磨石滑梯,搖搖樂,跳樁,搖搖樂,攀爬組,組合遊具(滑梯小屋),旋轉盤,組合遊具,鳥巢盪鞦韆及一般坐式盪鞦韆,蝴蝶翹翹板,特色旋轉盤,金字塔滑梯組,機車搖搖樂,遊戲板,造型攀爬牆,攀爬網,組合遊具(環繞競技場遊具組),鞦韆,體能訓練平衡組,礫石坑,獨木樁,蜻蜓點水,木橋,平衡木,平衡木,跳樁,遊戲板,隧道,組合遊具(叢林攀爬組),搖晃板,組合遊具,遊戲板,隧道,組合遊具(遊戲城堡),旋轉座椅,競技攀爬遊具組,龍舟特色遊具組,滑梯,擊鼓,搖搖樂,組合遊具,翹翹板,組合遊具,翹翹板,木作組合遊具,搖搖樂,城堡遊戲組,大轉轉杯,搖搖樂,磨石滑梯,攀爬組,鞦韆,搖搖樂,組合遊具,組合遊具,搖滾盤,旋轉球椅,愛的搖籃,組合遊具,搖搖樂,旋轉杯,翹翹板,組合遊具,搖搖樂,組合遊具,搖搖樂,組合遊具,搖搖樂,組合遊具,攀爬組,搖搖樂,組合遊具,搖搖樂,組合遊具,組合遊具,彩虹琴,旋轉音樂盒,遊戲礫石坑,彈跳節拍,搖搖樂,組合遊具,翹翹板,組合遊具,組合遊具,搖搖樂,組合遊具,組合遊具,搖搖樂,組合遊具,攀爬組合滑梯,搖搖樂,組合遊具,組合遊具,翹翹板,組合遊具,搖搖樂,組合遊具,翹翹板,組合遊具,搖搖樂,翹翹板,旋轉杯,旋轉棒,搖搖樂,磨石滑梯,組合遊具,搖搖樂,攀爬組,旋轉台,磨石滑梯,組合遊具,跳樁,組合遊具,組合遊具,組合遊具,音樂球、叮噹管、歡樂鼓,無障礙旋轉盤,無障礙鞦韆,遊戲牆,滾輪滑梯,鳥巢鞦韆,旋轉杯,旋轉棒,鞦韆,小木屋,山丘滑梯,戲沙坑,搖搖樂,攀爬組,5人轉轉盤,彈跳床,戲沙坑,組合遊具,旋轉台,旋轉杯,旋轉棒, 磨石滑梯,翹翹板,遊戲板,鞦韆,組合遊具,攀爬組,磨石滑梯,磨石滑梯", "ObjectId": 276}}, {"type": "Feature", "id": 277, "geometry": {"type": "Point", "coordinates": [121.52456665, 25.063899994]}, "properties": {"SeqNo": 529, "pm_name": "晴光公園", "pm_overview": "        晴光公園為「童玩趣味」公園，東側園區以靜態活動為主，西側為動態活動區，設置快樂的遊戲場，在陽光照耀下，生氣蓬勃，成為真正的「晴光」公園。", "pm_unit": "中山區公所", "pm_const_year": "1978", "pm_location": "雙城街7,13及10巷口", "pm_LandPublicArea": 2740, "pm_opening_s": "00:00:00", "pm_opening_e": "24:00", "pm_libie": "恆安里", "pm_phone": "02-25031369#538", "pm_sports": "單槓、漫步器、上肢牽引器", "pm_recreation": "複合式遊具", "pm_service": null, "pm_other": null, "pm_transit": "公車路線：搭208、246、紅33搭至中山國小站下車，再步行抵達", "pm_name_eng": "Qingguang Park", "pm_ecology": null, "pm_type": "公園", "pm_playtype": "特色", "pm_playarea": 312, "pm_description": "晴光公園遊戲場結合滑梯、攀爬網、平衡等設施，讓孩童體驗攀爬、懸吊、躲藏等多樣化的遊戲體驗。", "pm_playeq": "彈跳床,搖滾盤,攀爬組,磨石滑梯,搖搖樂,翹翹板,搖搖樂,組合遊具,搖搖樂,組合遊具,鞦韆,攀爬組,磨石滑梯,翹翹板,組合遊具,翹翹板,木樁區,盪鞦韆,平衡木,彈跳床,搖搖樂,組合遊具,翹翹板,旋轉台,戲沙坑遊戲桌,搖搖樂,攀爬組,旋轉飛輪,組合遊具,翹翹板,磨石滑梯,攀爬組,磨石子滑梯,翹翹板,彈跳床,鳥巢鞦韆,戲沙坑,攀爬組,組合遊具,攀爬組,站立式搖動設備,組合遊具,翹翹板,小石搬運,搖搖馬,組合遊具,數字造型跳樁及水管隧道,搖滾盤,X型翹翹板,組合遊具,搖搖樂,組合遊具,旋轉桶椅,大旋轉組,組合遊具,搖搖樂,磨石滑梯,鳥巢鞦韆,旋轉桶椅,組合遊具,組合遊具,組合遊具,搖搖馬,組合遊具,翹翹板,搖搖樂,組合遊具,組合遊具,磨石滑梯,鞦韆及鳥巢鞦韆,彈跳床,攀爬組,木隧道,組合遊具,仿古代程沈船遊具,攀爬繩網組,攀爬組,鳥巢鞦韆,輪胎鞦韆,尿布鞦韆,沙坑,磨石子滑梯,旋轉台,彈跳床,雙滑軌溜索,搖搖馬,翹翹板,組合遊具,搖搖馬,組合遊具,攀爬組,組合遊具,組合遊具,攀爬組,搖搖馬,磨石子滑梯,旋轉杯,組合遊具,組合遊具,組合遊具,大轉轉杯,搖搖樂,組合遊具,翹翹板,滑梯,彈跳床,戲沙坑,擺盪船索,攀爬組,旋轉組,磨石滑梯,組合遊具,特色溜滑梯,攀爬組,旋轉棒,叢林攀爬組,4人旋轉器,搖搖樂,磨石滑梯,翹翹板,搖搖樂,組合遊具,組合遊具,組合遊具,爬繩,組合遊具(叢林攀爬組),獨木橋,組合遊具,遊戲板,組合遊具,攀爬組,盪鞦韆,搖搖樂,組合遊具,組合遊具,旋轉盤,鞦韆,攀爬組,旋轉盤,搖搖樂,組合遊具,特色溜滑梯,攀爬組,跳樁,鞦韆,搖搖馬,組合遊具,蹺蹺板,組合遊具,搖搖樂,組合遊具,組合遊具2,翹翹板及搖搖馬,組合遊具,天空樹溜滑梯,戲沙坑,搖搖樂,旋轉拉環,組合遊具, X型翹翹板,鞦韆,攀爬組,搖搖樂,組合遊具(村莊高塔),鞦韆,攀爬遊戲組,彈跳床,投籃機,擺盪船索,攀爬組,旋轉台,組合遊具,組合遊具,旋轉陀螺,旋轉台,組合遊具,攀爬組,搖搖樂,翹翹板,磨石滑梯,搖搖樂,跳樁,搖搖樂,攀爬組,組合遊具(滑梯小屋),旋轉盤,組合遊具,鳥巢盪鞦韆及一般坐式盪鞦韆,蝴蝶翹翹板,特色旋轉盤,金字塔滑梯組,機車搖搖樂,遊戲板,造型攀爬牆,攀爬網,組合遊具(環繞競技場遊具組),鞦韆,體能訓練平衡組,礫石坑,獨木樁,蜻蜓點水,木橋,平衡木,平衡木,跳樁,遊戲板,隧道,組合遊具(叢林攀爬組),搖晃板,組合遊具,遊戲板,隧道,組合遊具(遊戲城堡),旋轉座椅,競技攀爬遊具組,龍舟特色遊具組,滑梯,擊鼓,搖搖樂,組合遊具,翹翹板,組合遊具,翹翹板,木作組合遊具,搖搖樂,城堡遊戲組,大轉轉杯,搖搖樂,磨石滑梯,攀爬組,鞦韆,搖搖樂,組合遊具,組合遊具,搖滾盤,旋轉球椅,愛的搖籃,組合遊具,搖搖樂,旋轉杯,翹翹板,組合遊具,搖搖樂,組合遊具,搖搖樂,組合遊具,搖搖樂,組合遊具,攀爬組,搖搖樂,組合遊具,搖搖樂,組合遊具,組合遊具,彩虹琴,旋轉音樂盒,遊戲礫石坑,彈跳節拍,搖搖樂,組合遊具,翹翹板,組合遊具,組合遊具,搖搖樂,組合遊具,組合遊具,搖搖樂,組合遊具,攀爬組合滑梯,搖搖樂,組合遊具,組合遊具,翹翹板,組合遊具,搖搖樂,組合遊具,翹翹板,組合遊具,搖搖樂,翹翹板,旋轉杯,旋轉棒,搖搖樂,磨石滑梯,組合遊具,搖搖樂,攀爬組,旋轉台,磨石滑梯,組合遊具,跳樁,組合遊具,組合遊具,組合遊具,音樂球、叮噹管、歡樂鼓,無障礙旋轉盤,無障礙鞦韆,遊戲牆,滾輪滑梯,鳥巢鞦韆,旋轉杯,旋轉棒,鞦韆,小木屋,山丘滑梯,戲沙坑,搖搖樂,攀爬組,5人轉轉盤,彈跳床,戲沙坑,組合遊具,旋轉台,旋轉杯,旋轉棒, 磨石滑梯,翹翹板,遊戲板,鞦韆,組合遊具,攀爬組,磨石滑梯,磨石滑梯,組合遊具", "ObjectId": 277}}, {"type": "Feature", "id": 278, "geometry": {"type": "Point", "coordinates": [121.525861, 25.047745]}, "properties": {"SeqNo": 393, "pm_name": "華山公園", "pm_overview": "　　華山公園於民國83年開闢，並於87年重新規劃設計。本公園鄰近華山藝文中心，延伸在中山區市民大道二段的北側，從金山南路端穿過林森北路以至中山北路端，全長約650公尺，呈一帶狀公園。公園沿著人行道是一道整形的垂榕綠牆，緊接市民大道周邊的住宅也種有整排的黑板樹，以隔絕交通造成的噪音及飛塵。公園擁有著豐富的喬木植物資源，印度橡膠樹和茄苳具備茂密的樹冠，提供市民遮陰的需求。步道旁的美人樹、艷紫荊和臺灣山櫻花在秋、冬、春季點綴出夢幻的嫣紅色。另位於林森北路兩邊的楓香，由轉黃落葉然後吐綠，說明著季節的變換。\r\n        華山公園於民國83年開闢，並於87年重新規劃設計。本公園鄰近華山藝文中心，延伸在中山區市民大道二段的北側，從金山南路端穿過林森北路以至中山北路端，全長約650公尺，呈一帶狀公園。公園沿著人行道是一道整形的垂榕綠牆，緊接市民大道周邊的住宅也種有整排的黑板樹，以隔絕交通造成的噪音及飛塵。公園擁有著豐富的喬木植物資源，印度橡膠樹和茄苳具備茂密的樹冠，提供市民遮陰的需求。步道旁的美人樹、艷紫荊和臺灣山櫻花在秋、冬、春季點綴出夢幻的嫣紅色。另位於林森北路兩邊的楓香，由轉黃落葉然後吐綠，說明著季節的變換。 　　\r\n        華山週邊區域是密集的商業區，缺乏休閒運動空間，華山公園則是少數可以提供附近居民運動及休閒的公共場所。園區中除座椅、花架等休憩設施外，尚有許多運動設施，包括兩座籃球場、兒童遊戲區、溜冰場集體建設施區，其中籃球場開放時間為上午9時至夜間21時30分，於夜間亦有極高的使用率，而老人體健區擁有各式健身器材，包括仰臥起坐、撐體向上和伏地挺身等器材，提供附近中老年民眾鍛鍊肌力的好去處。歡迎大家一起來華山公園動一動，享受運動的快感。 103年配合公園設施老舊，重新規劃改造，除了園路更新增加兒童遊具和遊戲平臺外，並結合生態概念，以生態草溝取代傳統排水溝形式，減少人工設施比例，成為新型態的都會公園。", "pm_unit": "圓山公園管理所", "pm_const_year": "1994", "pm_location": "市民大道二段上", "pm_LandPublicArea": 14565, "pm_opening_s": "00:00:00", "pm_opening_e": "24:00", "pm_libie": "正守里", "pm_phone": "里辦公室電話02-25215440", "pm_sports": "腿後肌伸展、垂直梯、引體向上、水平吊梯、直臂曲腿、雙人雙槓、雙人扭腰器、 肩關節復健器、雙人太空漫步機、滑雪器、仰臥石", "pm_recreation": "溜滑梯、組合遊具、盪鞦韆", "pm_service": "涼亭、直飲台、籃球場", "pm_other": null, "pm_transit": "公車路線：搭208、211、246至華山公園站下車，搭669、市民小巴9至市民林森北路口下車", "pm_name_eng": "Huashan Park", "pm_ecology": null, "pm_type": "公園", "pm_playtype": "特色", "pm_playarea": 300, "pm_description": null, "pm_playeq": "彈跳床,搖滾盤,攀爬組,磨石滑梯,搖搖樂,翹翹板,搖搖樂,組合遊具,搖搖樂,組合遊具,鞦韆,攀爬組,磨石滑梯,翹翹板,組合遊具,翹翹板,木樁區,盪鞦韆,平衡木,彈跳床,搖搖樂,組合遊具,翹翹板,旋轉台,戲沙坑遊戲桌,搖搖樂,攀爬組,旋轉飛輪,組合遊具,翹翹板,磨石滑梯,攀爬組,磨石子滑梯,翹翹板,彈跳床,鳥巢鞦韆,戲沙坑,攀爬組,組合遊具,攀爬組,站立式搖動設備,組合遊具,翹翹板,小石搬運,搖搖馬,組合遊具,數字造型跳樁及水管隧道,搖滾盤,X型翹翹板,組合遊具,搖搖樂,組合遊具,旋轉桶椅,大旋轉組,組合遊具,搖搖樂,磨石滑梯,鳥巢鞦韆,旋轉桶椅,組合遊具,組合遊具,組合遊具,搖搖馬,組合遊具,翹翹板,搖搖樂,組合遊具,組合遊具,磨石滑梯,鞦韆及鳥巢鞦韆,彈跳床,攀爬組,木隧道,組合遊具,仿古代程沈船遊具,攀爬繩網組,攀爬組,鳥巢鞦韆,輪胎鞦韆,尿布鞦韆,沙坑,磨石子滑梯,旋轉台,彈跳床,雙滑軌溜索,搖搖馬,翹翹板,組合遊具,搖搖馬,組合遊具,攀爬組,組合遊具,組合遊具,攀爬組,搖搖馬,磨石子滑梯,旋轉杯,組合遊具,組合遊具,組合遊具,大轉轉杯,搖搖樂,組合遊具,翹翹板,滑梯,彈跳床,戲沙坑,擺盪船索,攀爬組,旋轉組,磨石滑梯,組合遊具,特色溜滑梯,攀爬組,旋轉棒,叢林攀爬組,4人旋轉器,搖搖樂,磨石滑梯,翹翹板,搖搖樂,組合遊具,組合遊具,組合遊具,爬繩,組合遊具(叢林攀爬組),獨木橋,組合遊具,遊戲板,組合遊具,攀爬組,盪鞦韆,搖搖樂,組合遊具,組合遊具,旋轉盤,鞦韆,攀爬組,旋轉盤,搖搖樂,組合遊具,特色溜滑梯,攀爬組,跳樁,鞦韆,搖搖馬,組合遊具,蹺蹺板,組合遊具,搖搖樂,組合遊具,組合遊具2,翹翹板及搖搖馬,組合遊具,天空樹溜滑梯,戲沙坑,搖搖樂,旋轉拉環,組合遊具, X型翹翹板,鞦韆,攀爬組,搖搖樂,組合遊具(村莊高塔),鞦韆,攀爬遊戲組,彈跳床,投籃機,擺盪船索,攀爬組,旋轉台,組合遊具,組合遊具,旋轉陀螺,旋轉台,組合遊具,攀爬組,搖搖樂,翹翹板,磨石滑梯,搖搖樂,跳樁,搖搖樂,攀爬組,組合遊具(滑梯小屋),旋轉盤,組合遊具,鳥巢盪鞦韆及一般坐式盪鞦韆,蝴蝶翹翹板,特色旋轉盤,金字塔滑梯組,機車搖搖樂,遊戲板,造型攀爬牆,攀爬網,組合遊具(環繞競技場遊具組),鞦韆,體能訓練平衡組,礫石坑,獨木樁,蜻蜓點水,木橋,平衡木,平衡木,跳樁,遊戲板,隧道,組合遊具(叢林攀爬組),搖晃板,組合遊具,遊戲板,隧道,組合遊具(遊戲城堡),旋轉座椅,競技攀爬遊具組,龍舟特色遊具組,滑梯,擊鼓,搖搖樂,組合遊具,翹翹板,組合遊具,翹翹板,木作組合遊具,搖搖樂,城堡遊戲組,大轉轉杯,搖搖樂,磨石滑梯,攀爬組,鞦韆,搖搖樂,組合遊具,組合遊具,搖滾盤,旋轉球椅,愛的搖籃,組合遊具,搖搖樂,旋轉杯,翹翹板,組合遊具,搖搖樂,組合遊具,搖搖樂,組合遊具,搖搖樂,組合遊具,攀爬組,搖搖樂,組合遊具,搖搖樂,組合遊具,組合遊具,彩虹琴,旋轉音樂盒,遊戲礫石坑,彈跳節拍,搖搖樂,組合遊具,翹翹板,組合遊具,組合遊具,搖搖樂,組合遊具,組合遊具,搖搖樂,組合遊具,攀爬組合滑梯,搖搖樂,組合遊具,組合遊具,翹翹板,組合遊具,搖搖樂,組合遊具,翹翹板,組合遊具,搖搖樂,翹翹板,旋轉杯,旋轉棒,搖搖樂,磨石滑梯,組合遊具,搖搖樂,攀爬組,旋轉台,磨石滑梯,組合遊具,跳樁,組合遊具,組合遊具,組合遊具,音樂球、叮噹管、歡樂鼓,無障礙旋轉盤,無障礙鞦韆,遊戲牆,滾輪滑梯,鳥巢鞦韆,旋轉杯,旋轉棒,鞦韆,小木屋,山丘滑梯,戲沙坑,搖搖樂,攀爬組,5人轉轉盤,彈跳床,戲沙坑,組合遊具,旋轉台,旋轉杯,旋轉棒, 磨石滑梯,翹翹板,遊戲板,鞦韆,組合遊具,攀爬組,磨石滑梯,磨石滑梯,組合遊具,火車特色滑梯,鞦韆,樹蛙籃球框", "ObjectId": 278}}, {"type": "Feature", "id": 279, "geometry": {"type": "Point", "coordinates": [121.53746796, 25.045869827]}, "properties": {"SeqNo": 421, "pm_name": "進安公園", "pm_overview": "        進安公園為「樂活休憩」公園，四周栽種樟樹及落花繽紛的水黃皮，隨著季節的轉變，有著不同的視覺享受，充份顯示陽光、綠意、質小而精的特色。\r\n\r\n", "pm_unit": "中山區公所", "pm_const_year": "1997", "pm_location": "八德路二段146巷內", "pm_LandPublicArea": 2163, "pm_opening_s": "00:00:00", "pm_opening_e": "24:00", "pm_libie": "埤頭里", "pm_phone": "02-25031369#538", "pm_sports": "單槓", "pm_recreation": "組合遊具", "pm_service": "涼亭", "pm_other": null, "pm_transit": "公車路線：搭276至進安公園站下車即抵達", "pm_name_eng": "Jinan Park", "pm_ecology": null, "pm_type": "公園", "pm_playtype": "一般", "pm_playarea": 73.68, "pm_description": null, "pm_playeq": "彈跳床,搖滾盤,攀爬組,磨石滑梯,搖搖樂,翹翹板,搖搖樂,組合遊具,搖搖樂,組合遊具,鞦韆,攀爬組,磨石滑梯,翹翹板,組合遊具,翹翹板,木樁區,盪鞦韆,平衡木,彈跳床,搖搖樂,組合遊具,翹翹板,旋轉台,戲沙坑遊戲桌,搖搖樂,攀爬組,旋轉飛輪,組合遊具,翹翹板,磨石滑梯,攀爬組,磨石子滑梯,翹翹板,彈跳床,鳥巢鞦韆,戲沙坑,攀爬組,組合遊具,攀爬組,站立式搖動設備,組合遊具,翹翹板,小石搬運,搖搖馬,組合遊具,數字造型跳樁及水管隧道,搖滾盤,X型翹翹板,組合遊具,搖搖樂,組合遊具,旋轉桶椅,大旋轉組,組合遊具,搖搖樂,磨石滑梯,鳥巢鞦韆,旋轉桶椅,組合遊具,組合遊具,組合遊具,搖搖馬,組合遊具,翹翹板,搖搖樂,組合遊具,組合遊具,磨石滑梯,鞦韆及鳥巢鞦韆,彈跳床,攀爬組,木隧道,組合遊具,仿古代程沈船遊具,攀爬繩網組,攀爬組,鳥巢鞦韆,輪胎鞦韆,尿布鞦韆,沙坑,磨石子滑梯,旋轉台,彈跳床,雙滑軌溜索,搖搖馬,翹翹板,組合遊具,搖搖馬,組合遊具,攀爬組,組合遊具,組合遊具,攀爬組,搖搖馬,磨石子滑梯,旋轉杯,組合遊具,組合遊具,組合遊具,大轉轉杯,搖搖樂,組合遊具,翹翹板,滑梯,彈跳床,戲沙坑,擺盪船索,攀爬組,旋轉組,磨石滑梯,組合遊具,特色溜滑梯,攀爬組,旋轉棒,叢林攀爬組,4人旋轉器,搖搖樂,磨石滑梯,翹翹板,搖搖樂,組合遊具,組合遊具,組合遊具,爬繩,組合遊具(叢林攀爬組),獨木橋,組合遊具,遊戲板,組合遊具,攀爬組,盪鞦韆,搖搖樂,組合遊具,組合遊具,旋轉盤,鞦韆,攀爬組,旋轉盤,搖搖樂,組合遊具,特色溜滑梯,攀爬組,跳樁,鞦韆,搖搖馬,組合遊具,蹺蹺板,組合遊具,搖搖樂,組合遊具,組合遊具2,翹翹板及搖搖馬,組合遊具,天空樹溜滑梯,戲沙坑,搖搖樂,旋轉拉環,組合遊具, X型翹翹板,鞦韆,攀爬組,搖搖樂,組合遊具(村莊高塔),鞦韆,攀爬遊戲組,彈跳床,投籃機,擺盪船索,攀爬組,旋轉台,組合遊具,組合遊具,旋轉陀螺,旋轉台,組合遊具,攀爬組,搖搖樂,翹翹板,磨石滑梯,搖搖樂,跳樁,搖搖樂,攀爬組,組合遊具(滑梯小屋),旋轉盤,組合遊具,鳥巢盪鞦韆及一般坐式盪鞦韆,蝴蝶翹翹板,特色旋轉盤,金字塔滑梯組,機車搖搖樂,遊戲板,造型攀爬牆,攀爬網,組合遊具(環繞競技場遊具組),鞦韆,體能訓練平衡組,礫石坑,獨木樁,蜻蜓點水,木橋,平衡木,平衡木,跳樁,遊戲板,隧道,組合遊具(叢林攀爬組),搖晃板,組合遊具,遊戲板,隧道,組合遊具(遊戲城堡),旋轉座椅,競技攀爬遊具組,龍舟特色遊具組,滑梯,擊鼓,搖搖樂,組合遊具,翹翹板,組合遊具,翹翹板,木作組合遊具,搖搖樂,城堡遊戲組,大轉轉杯,搖搖樂,磨石滑梯,攀爬組,鞦韆,搖搖樂,組合遊具,組合遊具,搖滾盤,旋轉球椅,愛的搖籃,組合遊具,搖搖樂,旋轉杯,翹翹板,組合遊具,搖搖樂,組合遊具,搖搖樂,組合遊具,搖搖樂,組合遊具,攀爬組,搖搖樂,組合遊具,搖搖樂,組合遊具,組合遊具,彩虹琴,旋轉音樂盒,遊戲礫石坑,彈跳節拍,搖搖樂,組合遊具,翹翹板,組合遊具,組合遊具,搖搖樂,組合遊具,組合遊具,搖搖樂,組合遊具,攀爬組合滑梯,搖搖樂,組合遊具,組合遊具,翹翹板,組合遊具,搖搖樂,組合遊具,翹翹板,組合遊具,搖搖樂,翹翹板,旋轉杯,旋轉棒,搖搖樂,磨石滑梯,組合遊具,搖搖樂,攀爬組,旋轉台,磨石滑梯,組合遊具,跳樁,組合遊具,組合遊具,組合遊具,音樂球、叮噹管、歡樂鼓,無障礙旋轉盤,無障礙鞦韆,遊戲牆,滾輪滑梯,鳥巢鞦韆,旋轉杯,旋轉棒,鞦韆,小木屋,山丘滑梯,戲沙坑,搖搖樂,攀爬組,5人轉轉盤,彈跳床,戲沙坑,組合遊具,旋轉台,旋轉杯,旋轉棒, 磨石滑梯,翹翹板,遊戲板,鞦韆,組合遊具,攀爬組,磨石滑梯,磨石滑梯,組合遊具,火車特色滑梯,鞦韆,樹蛙籃球框,組合遊具", "ObjectId": 279}}, {"type": "Feature", "id": 280, "geometry": {"type": "Point", "coordinates": [121.521344, 25.065402]}, "properties": {"SeqNo": 56, "pm_name": "集英公園", "pm_overview": "        集英公園為「樂活休憩」公園，中央為圓形活動廣場及休憩花廊，地坪舖面的變化界定出了視覺主軸，曲線的造型，更為本園增加了些許的設計感。", "pm_unit": "中山區公所", "pm_const_year": "1995", "pm_location": "中山北路三段36巷14弄", "pm_LandPublicArea": 1890, "pm_opening_s": "00:00:00", "pm_opening_e": "24:00", "pm_libie": "集英里", "pm_phone": "02-25031369#538", "pm_sports": "單槓", "pm_recreation": "組合遊具", "pm_service": null, "pm_other": null, "pm_transit": "公車路線：搭42、200、218、218直、247、260、260區、260區花鐘線、310、1717、藍線、內湖幹線、中山幹線搭至大同公司(晴光市場)站下車，再步行抵達。", "pm_name_eng": "Jiying Park", "pm_ecology": null, "pm_type": "公園", "pm_playtype": "一般", "pm_playarea": 100, "pm_description": null, "pm_playeq": "彈跳床,搖滾盤,攀爬組,磨石滑梯,搖搖樂,翹翹板,搖搖樂,組合遊具,搖搖樂,組合遊具,鞦韆,攀爬組,磨石滑梯,翹翹板,組合遊具,翹翹板,木樁區,盪鞦韆,平衡木,彈跳床,搖搖樂,組合遊具,翹翹板,旋轉台,戲沙坑遊戲桌,搖搖樂,攀爬組,旋轉飛輪,組合遊具,翹翹板,磨石滑梯,攀爬組,磨石子滑梯,翹翹板,彈跳床,鳥巢鞦韆,戲沙坑,攀爬組,組合遊具,攀爬組,站立式搖動設備,組合遊具,翹翹板,小石搬運,搖搖馬,組合遊具,數字造型跳樁及水管隧道,搖滾盤,X型翹翹板,組合遊具,搖搖樂,組合遊具,旋轉桶椅,大旋轉組,組合遊具,搖搖樂,磨石滑梯,鳥巢鞦韆,旋轉桶椅,組合遊具,組合遊具,組合遊具,搖搖馬,組合遊具,翹翹板,搖搖樂,組合遊具,組合遊具,磨石滑梯,鞦韆及鳥巢鞦韆,彈跳床,攀爬組,木隧道,組合遊具,仿古代程沈船遊具,攀爬繩網組,攀爬組,鳥巢鞦韆,輪胎鞦韆,尿布鞦韆,沙坑,磨石子滑梯,旋轉台,彈跳床,雙滑軌溜索,搖搖馬,翹翹板,組合遊具,搖搖馬,組合遊具,攀爬組,組合遊具,組合遊具,攀爬組,搖搖馬,磨石子滑梯,旋轉杯,組合遊具,組合遊具,組合遊具,大轉轉杯,搖搖樂,組合遊具,翹翹板,滑梯,彈跳床,戲沙坑,擺盪船索,攀爬組,旋轉組,磨石滑梯,組合遊具,特色溜滑梯,攀爬組,旋轉棒,叢林攀爬組,4人旋轉器,搖搖樂,磨石滑梯,翹翹板,搖搖樂,組合遊具,組合遊具,組合遊具,爬繩,組合遊具(叢林攀爬組),獨木橋,組合遊具,遊戲板,組合遊具,攀爬組,盪鞦韆,搖搖樂,組合遊具,組合遊具,旋轉盤,鞦韆,攀爬組,旋轉盤,搖搖樂,組合遊具,特色溜滑梯,攀爬組,跳樁,鞦韆,搖搖馬,組合遊具,蹺蹺板,組合遊具,搖搖樂,組合遊具,組合遊具2,翹翹板及搖搖馬,組合遊具,天空樹溜滑梯,戲沙坑,搖搖樂,旋轉拉環,組合遊具, X型翹翹板,鞦韆,攀爬組,搖搖樂,組合遊具(村莊高塔),鞦韆,攀爬遊戲組,彈跳床,投籃機,擺盪船索,攀爬組,旋轉台,組合遊具,組合遊具,旋轉陀螺,旋轉台,組合遊具,攀爬組,搖搖樂,翹翹板,磨石滑梯,搖搖樂,跳樁,搖搖樂,攀爬組,組合遊具(滑梯小屋),旋轉盤,組合遊具,鳥巢盪鞦韆及一般坐式盪鞦韆,蝴蝶翹翹板,特色旋轉盤,金字塔滑梯組,機車搖搖樂,遊戲板,造型攀爬牆,攀爬網,組合遊具(環繞競技場遊具組),鞦韆,體能訓練平衡組,礫石坑,獨木樁,蜻蜓點水,木橋,平衡木,平衡木,跳樁,遊戲板,隧道,組合遊具(叢林攀爬組),搖晃板,組合遊具,遊戲板,隧道,組合遊具(遊戲城堡),旋轉座椅,競技攀爬遊具組,龍舟特色遊具組,滑梯,擊鼓,搖搖樂,組合遊具,翹翹板,組合遊具,翹翹板,木作組合遊具,搖搖樂,城堡遊戲組,大轉轉杯,搖搖樂,磨石滑梯,攀爬組,鞦韆,搖搖樂,組合遊具,組合遊具,搖滾盤,旋轉球椅,愛的搖籃,組合遊具,搖搖樂,旋轉杯,翹翹板,組合遊具,搖搖樂,組合遊具,搖搖樂,組合遊具,搖搖樂,組合遊具,攀爬組,搖搖樂,組合遊具,搖搖樂,組合遊具,組合遊具,彩虹琴,旋轉音樂盒,遊戲礫石坑,彈跳節拍,搖搖樂,組合遊具,翹翹板,組合遊具,組合遊具,搖搖樂,組合遊具,組合遊具,搖搖樂,組合遊具,攀爬組合滑梯,搖搖樂,組合遊具,組合遊具,翹翹板,組合遊具,搖搖樂,組合遊具,翹翹板,組合遊具,搖搖樂,翹翹板,旋轉杯,旋轉棒,搖搖樂,磨石滑梯,組合遊具,搖搖樂,攀爬組,旋轉台,磨石滑梯,組合遊具,跳樁,組合遊具,組合遊具,組合遊具,音樂球、叮噹管、歡樂鼓,無障礙旋轉盤,無障礙鞦韆,遊戲牆,滾輪滑梯,鳥巢鞦韆,旋轉杯,旋轉棒,鞦韆,小木屋,山丘滑梯,戲沙坑,搖搖樂,攀爬組,5人轉轉盤,彈跳床,戲沙坑,組合遊具,旋轉台,旋轉杯,旋轉棒, 磨石滑梯,翹翹板,遊戲板,鞦韆,組合遊具,攀爬組,磨石滑梯,磨石滑梯,組合遊具,火車特色滑梯,鞦韆,樹蛙籃球框,組合遊具,組合遊具", "ObjectId": 280}}, {"type": "Feature", "id": 285, "geometry": {"type": "Point", "coordinates": [121.52992249, 25.063310623]}, "properties": {"SeqNo": 434, "pm_name": "新壽公園", "pm_overview": "        新壽公園為「樂活休憩」公園，位於亞都國際觀光飯店後方，成為鄰近觀光飯店之景觀櫥窗，提供國際友人對台北城市空間綠美化最好的第一印象。", "pm_unit": "中山區公所", "pm_const_year": "1981", "pm_location": "吉林路301號對面", "pm_LandPublicArea": 1215, "pm_opening_s": "00:00:00", "pm_opening_e": "24:00", "pm_libie": "新福里", "pm_phone": "02-25031369#538", "pm_sports": "雙人滑步機、上肢牽引器、扭腰器、滑雪器", "pm_recreation": "組合遊具", "pm_service": "涼亭、直飲台、廁所", "pm_other": null, "pm_transit": "公車路線：搭685、688、紅57、市民小巴9搭至新壽公園站下車，再步行抵達", "pm_name_eng": "Xinshou Park", "pm_ecology": null, "pm_type": "公園", "pm_playtype": "一般", "pm_playarea": 252, "pm_description": null, "pm_playeq": "彈跳床,搖滾盤,攀爬組,磨石滑梯,搖搖樂,翹翹板,搖搖樂,組合遊具,搖搖樂,組合遊具,鞦韆,攀爬組,磨石滑梯,翹翹板,組合遊具,翹翹板,木樁區,盪鞦韆,平衡木,彈跳床,搖搖樂,組合遊具,翹翹板,旋轉台,戲沙坑遊戲桌,搖搖樂,攀爬組,旋轉飛輪,組合遊具,翹翹板,磨石滑梯,攀爬組,磨石子滑梯,翹翹板,彈跳床,鳥巢鞦韆,戲沙坑,攀爬組,組合遊具,攀爬組,站立式搖動設備,組合遊具,翹翹板,小石搬運,搖搖馬,組合遊具,數字造型跳樁及水管隧道,搖滾盤,X型翹翹板,組合遊具,搖搖樂,組合遊具,旋轉桶椅,大旋轉組,組合遊具,搖搖樂,磨石滑梯,鳥巢鞦韆,旋轉桶椅,組合遊具,組合遊具,組合遊具,搖搖馬,組合遊具,翹翹板,搖搖樂,組合遊具,組合遊具,磨石滑梯,鞦韆及鳥巢鞦韆,彈跳床,攀爬組,木隧道,組合遊具,仿古代程沈船遊具,攀爬繩網組,攀爬組,鳥巢鞦韆,輪胎鞦韆,尿布鞦韆,沙坑,磨石子滑梯,旋轉台,彈跳床,雙滑軌溜索,搖搖馬,翹翹板,組合遊具,搖搖馬,組合遊具,攀爬組,組合遊具,組合遊具,攀爬組,搖搖馬,磨石子滑梯,旋轉杯,組合遊具,組合遊具,組合遊具,大轉轉杯,搖搖樂,組合遊具,翹翹板,滑梯,彈跳床,戲沙坑,擺盪船索,攀爬組,旋轉組,磨石滑梯,組合遊具,特色溜滑梯,攀爬組,旋轉棒,叢林攀爬組,4人旋轉器,搖搖樂,磨石滑梯,翹翹板,搖搖樂,組合遊具,組合遊具,組合遊具,爬繩,組合遊具(叢林攀爬組),獨木橋,組合遊具,遊戲板,組合遊具,攀爬組,盪鞦韆,搖搖樂,組合遊具,組合遊具,旋轉盤,鞦韆,攀爬組,旋轉盤,搖搖樂,組合遊具,特色溜滑梯,攀爬組,跳樁,鞦韆,搖搖馬,組合遊具,蹺蹺板,組合遊具,搖搖樂,組合遊具,組合遊具2,翹翹板及搖搖馬,組合遊具,天空樹溜滑梯,戲沙坑,搖搖樂,旋轉拉環,組合遊具, X型翹翹板,鞦韆,攀爬組,搖搖樂,組合遊具(村莊高塔),鞦韆,攀爬遊戲組,彈跳床,投籃機,擺盪船索,攀爬組,旋轉台,組合遊具,組合遊具,旋轉陀螺,旋轉台,組合遊具,攀爬組,搖搖樂,翹翹板,磨石滑梯,搖搖樂,跳樁,搖搖樂,攀爬組,組合遊具(滑梯小屋),旋轉盤,組合遊具,鳥巢盪鞦韆及一般坐式盪鞦韆,蝴蝶翹翹板,特色旋轉盤,金字塔滑梯組,機車搖搖樂,遊戲板,造型攀爬牆,攀爬網,組合遊具(環繞競技場遊具組),鞦韆,體能訓練平衡組,礫石坑,獨木樁,蜻蜓點水,木橋,平衡木,平衡木,跳樁,遊戲板,隧道,組合遊具(叢林攀爬組),搖晃板,組合遊具,遊戲板,隧道,組合遊具(遊戲城堡),旋轉座椅,競技攀爬遊具組,龍舟特色遊具組,滑梯,擊鼓,搖搖樂,組合遊具,翹翹板,組合遊具,翹翹板,木作組合遊具,搖搖樂,城堡遊戲組,大轉轉杯,搖搖樂,磨石滑梯,攀爬組,鞦韆,搖搖樂,組合遊具,組合遊具,搖滾盤,旋轉球椅,愛的搖籃,組合遊具,搖搖樂,旋轉杯,翹翹板,組合遊具,搖搖樂,組合遊具,搖搖樂,組合遊具,搖搖樂,組合遊具,攀爬組,搖搖樂,組合遊具,搖搖樂,組合遊具,組合遊具,彩虹琴,旋轉音樂盒,遊戲礫石坑,彈跳節拍,搖搖樂,組合遊具,翹翹板,組合遊具,組合遊具,搖搖樂,組合遊具,組合遊具,搖搖樂,組合遊具,攀爬組合滑梯,搖搖樂,組合遊具,組合遊具,翹翹板,組合遊具,搖搖樂,組合遊具,翹翹板,組合遊具,搖搖樂,翹翹板,旋轉杯,旋轉棒,搖搖樂,磨石滑梯,組合遊具,搖搖樂,攀爬組,旋轉台,磨石滑梯,組合遊具,跳樁,組合遊具,組合遊具,組合遊具,音樂球、叮噹管、歡樂鼓,無障礙旋轉盤,無障礙鞦韆,遊戲牆,滾輪滑梯,鳥巢鞦韆,旋轉杯,旋轉棒,鞦韆,小木屋,山丘滑梯,戲沙坑,搖搖樂,攀爬組,5人轉轉盤,彈跳床,戲沙坑,組合遊具,旋轉台,旋轉杯,旋轉棒, 磨石滑梯,翹翹板,遊戲板,鞦韆,組合遊具,攀爬組,磨石滑梯,磨石滑梯,組合遊具,火車特色滑梯,鞦韆,樹蛙籃球框,組合遊具,組合遊具,組合遊具,翹翹板,組合遊具,組合遊具,組合遊具", "ObjectId": 285}}, {"type": "Feature", "id": 286, "geometry": {"type": "Point", "coordinates": [121.52465057, 25.061519623]}, "properties": {"SeqNo": 379, "pm_name": "新興公園", "pm_overview": "        新興公園為「懷舊風情」公園，整體意象營造出傳統中國園林風情，如圓拱門、中國風涼亭、自由曲線造型花台等，加上附近的宮廟，傳統意象顯明。", "pm_unit": "中山區公所", "pm_const_year": "1980", "pm_location": "中山北路二段137巷內", "pm_LandPublicArea": 1630, "pm_opening_s": "00:00:00", "pm_opening_e": "24:00", "pm_libie": "聚葉里", "pm_phone": "02-25031369#538", "pm_sports": "漫步機、雙人浪板、引體訓練器、划船器、扭腰器", "pm_recreation": "組合遊具", "pm_service": "涼亭", "pm_other": null, "pm_transit": "捷運路線：搭中和新蘆線至中山國小站2號出口後步行抵達，公車路線：搭42、200、218至臺泥大樓(馬偕醫院)站下車，再步行抵達", "pm_name_eng": "Xinxing Park", "pm_ecology": null, "pm_type": "公園", "pm_playtype": "一般", "pm_playarea": 136, "pm_description": null, "pm_playeq": "彈跳床,搖滾盤,攀爬組,磨石滑梯,搖搖樂,翹翹板,搖搖樂,組合遊具,搖搖樂,組合遊具,鞦韆,攀爬組,磨石滑梯,翹翹板,組合遊具,翹翹板,木樁區,盪鞦韆,平衡木,彈跳床,搖搖樂,組合遊具,翹翹板,旋轉台,戲沙坑遊戲桌,搖搖樂,攀爬組,旋轉飛輪,組合遊具,翹翹板,磨石滑梯,攀爬組,磨石子滑梯,翹翹板,彈跳床,鳥巢鞦韆,戲沙坑,攀爬組,組合遊具,攀爬組,站立式搖動設備,組合遊具,翹翹板,小石搬運,搖搖馬,組合遊具,數字造型跳樁及水管隧道,搖滾盤,X型翹翹板,組合遊具,搖搖樂,組合遊具,旋轉桶椅,大旋轉組,組合遊具,搖搖樂,磨石滑梯,鳥巢鞦韆,旋轉桶椅,組合遊具,組合遊具,組合遊具,搖搖馬,組合遊具,翹翹板,搖搖樂,組合遊具,組合遊具,磨石滑梯,鞦韆及鳥巢鞦韆,彈跳床,攀爬組,木隧道,組合遊具,仿古代程沈船遊具,攀爬繩網組,攀爬組,鳥巢鞦韆,輪胎鞦韆,尿布鞦韆,沙坑,磨石子滑梯,旋轉台,彈跳床,雙滑軌溜索,搖搖馬,翹翹板,組合遊具,搖搖馬,組合遊具,攀爬組,組合遊具,組合遊具,攀爬組,搖搖馬,磨石子滑梯,旋轉杯,組合遊具,組合遊具,組合遊具,大轉轉杯,搖搖樂,組合遊具,翹翹板,滑梯,彈跳床,戲沙坑,擺盪船索,攀爬組,旋轉組,磨石滑梯,組合遊具,特色溜滑梯,攀爬組,旋轉棒,叢林攀爬組,4人旋轉器,搖搖樂,磨石滑梯,翹翹板,搖搖樂,組合遊具,組合遊具,組合遊具,爬繩,組合遊具(叢林攀爬組),獨木橋,組合遊具,遊戲板,組合遊具,攀爬組,盪鞦韆,搖搖樂,組合遊具,組合遊具,旋轉盤,鞦韆,攀爬組,旋轉盤,搖搖樂,組合遊具,特色溜滑梯,攀爬組,跳樁,鞦韆,搖搖馬,組合遊具,蹺蹺板,組合遊具,搖搖樂,組合遊具,組合遊具2,翹翹板及搖搖馬,組合遊具,天空樹溜滑梯,戲沙坑,搖搖樂,旋轉拉環,組合遊具, X型翹翹板,鞦韆,攀爬組,搖搖樂,組合遊具(村莊高塔),鞦韆,攀爬遊戲組,彈跳床,投籃機,擺盪船索,攀爬組,旋轉台,組合遊具,組合遊具,旋轉陀螺,旋轉台,組合遊具,攀爬組,搖搖樂,翹翹板,磨石滑梯,搖搖樂,跳樁,搖搖樂,攀爬組,組合遊具(滑梯小屋),旋轉盤,組合遊具,鳥巢盪鞦韆及一般坐式盪鞦韆,蝴蝶翹翹板,特色旋轉盤,金字塔滑梯組,機車搖搖樂,遊戲板,造型攀爬牆,攀爬網,組合遊具(環繞競技場遊具組),鞦韆,體能訓練平衡組,礫石坑,獨木樁,蜻蜓點水,木橋,平衡木,平衡木,跳樁,遊戲板,隧道,組合遊具(叢林攀爬組),搖晃板,組合遊具,遊戲板,隧道,組合遊具(遊戲城堡),旋轉座椅,競技攀爬遊具組,龍舟特色遊具組,滑梯,擊鼓,搖搖樂,組合遊具,翹翹板,組合遊具,翹翹板,木作組合遊具,搖搖樂,城堡遊戲組,大轉轉杯,搖搖樂,磨石滑梯,攀爬組,鞦韆,搖搖樂,組合遊具,組合遊具,搖滾盤,旋轉球椅,愛的搖籃,組合遊具,搖搖樂,旋轉杯,翹翹板,組合遊具,搖搖樂,組合遊具,搖搖樂,組合遊具,搖搖樂,組合遊具,攀爬組,搖搖樂,組合遊具,搖搖樂,組合遊具,組合遊具,彩虹琴,旋轉音樂盒,遊戲礫石坑,彈跳節拍,搖搖樂,組合遊具,翹翹板,組合遊具,組合遊具,搖搖樂,組合遊具,組合遊具,搖搖樂,組合遊具,攀爬組合滑梯,搖搖樂,組合遊具,組合遊具,翹翹板,組合遊具,搖搖樂,組合遊具,翹翹板,組合遊具,搖搖樂,翹翹板,旋轉杯,旋轉棒,搖搖樂,磨石滑梯,組合遊具,搖搖樂,攀爬組,旋轉台,磨石滑梯,組合遊具,跳樁,組合遊具,組合遊具,組合遊具,音樂球、叮噹管、歡樂鼓,無障礙旋轉盤,無障礙鞦韆,遊戲牆,滾輪滑梯,鳥巢鞦韆,旋轉杯,旋轉棒,鞦韆,小木屋,山丘滑梯,戲沙坑,搖搖樂,攀爬組,5人轉轉盤,彈跳床,戲沙坑,組合遊具,旋轉台,旋轉杯,旋轉棒, 磨石滑梯,翹翹板,遊戲板,鞦韆,組合遊具,攀爬組,磨石滑梯,磨石滑梯,組合遊具,火車特色滑梯,鞦韆,樹蛙籃球框,組合遊具,組合遊具,組合遊具,翹翹板,組合遊具,組合遊具,組合遊具,組合遊具", "ObjectId": 286}}, {"type": "Feature", "id": 288, "geometry": {"type": "Point", "coordinates": [121.54049683, 25.062650681]}, "properties": {"SeqNo": 647, "pm_name": "榮星花園公園", "pm_overview": "　　榮星花園公園位於中山區，地處市區中心，東臨龍江街、西鄰建國北路、南為民權東路、北為五常街，基地呈長方形，面積總計6.5公頃，57年由民間建設落成民營花園，民國78年8月完成徵收開闢成公園，開放供公眾使用。\r\n　　公園於90~95年分3期更新整建，除保留民眾拍攝婚紗的九重葛花廊、瑠公圳自然濕地生態池、營造水景表演舞臺、西南側晨昏使用的樹蔭廣場，提供不同時段跳舞、打太極拳、東北區陽光草坪、楓香枕木林道、休閒園路、景觀荷花池、木棧道、兒童遊憩區、籃球場、紅磚土跑道、有造型的管理服務中心、三座舒適之公廁、多人使用之涼亭，提供下棋談天等優質的遊憩及活動空間。近年對生態的重視，透過里長與在地居民及專家學者的合作，在生態池復育螢火蟲，並本處持續進行生態調查及規劃環境改善方式。目前已有穩定的螢火蟲族群，成為臺北市區內少見能觀賞到螢火蟲的去處。", "pm_unit": "圓山公園管理所", "pm_const_year": "1990", "pm_location": "榮星花園舊址，民權東路建國北路", "pm_LandPublicArea": 65192, "pm_opening_s": "00:00:00", "pm_opening_e": "24:00", "pm_libie": "行仁里", "pm_phone": "里辦公室電話2517-0557", "pm_sports": null, "pm_recreation": "沙坑遊戲版、旋轉杯、環型天梯、無障礙上肢設施", "pm_service": "慢跑道、籃球場", "pm_other": null, "pm_transit": "公車路線：搭214、225、49至民權建國路口下車", "pm_name_eng": "Rongxing Garden Park", "pm_ecology": 1, "pm_type": "公園", "pm_playtype": "共融", "pm_playarea": 500, "pm_description": null, "pm_playeq": "彈跳床,搖滾盤,攀爬組,磨石滑梯,搖搖樂,翹翹板,搖搖樂,組合遊具,搖搖樂,組合遊具,鞦韆,攀爬組,磨石滑梯,翹翹板,組合遊具,翹翹板,木樁區,盪鞦韆,平衡木,彈跳床,搖搖樂,組合遊具,翹翹板,旋轉台,戲沙坑遊戲桌,搖搖樂,攀爬組,旋轉飛輪,組合遊具,翹翹板,磨石滑梯,攀爬組,磨石子滑梯,翹翹板,彈跳床,鳥巢鞦韆,戲沙坑,攀爬組,組合遊具,攀爬組,站立式搖動設備,組合遊具,翹翹板,小石搬運,搖搖馬,組合遊具,數字造型跳樁及水管隧道,搖滾盤,X型翹翹板,組合遊具,搖搖樂,組合遊具,旋轉桶椅,大旋轉組,組合遊具,搖搖樂,磨石滑梯,鳥巢鞦韆,旋轉桶椅,組合遊具,組合遊具,組合遊具,搖搖馬,組合遊具,翹翹板,搖搖樂,組合遊具,組合遊具,磨石滑梯,鞦韆及鳥巢鞦韆,彈跳床,攀爬組,木隧道,組合遊具,仿古代程沈船遊具,攀爬繩網組,攀爬組,鳥巢鞦韆,輪胎鞦韆,尿布鞦韆,沙坑,磨石子滑梯,旋轉台,彈跳床,雙滑軌溜索,搖搖馬,翹翹板,組合遊具,搖搖馬,組合遊具,攀爬組,組合遊具,組合遊具,攀爬組,搖搖馬,磨石子滑梯,旋轉杯,組合遊具,組合遊具,組合遊具,大轉轉杯,搖搖樂,組合遊具,翹翹板,滑梯,彈跳床,戲沙坑,擺盪船索,攀爬組,旋轉組,磨石滑梯,組合遊具,特色溜滑梯,攀爬組,旋轉棒,叢林攀爬組,4人旋轉器,搖搖樂,磨石滑梯,翹翹板,搖搖樂,組合遊具,組合遊具,組合遊具,爬繩,組合遊具(叢林攀爬組),獨木橋,組合遊具,遊戲板,組合遊具,攀爬組,盪鞦韆,搖搖樂,組合遊具,組合遊具,旋轉盤,鞦韆,攀爬組,旋轉盤,搖搖樂,組合遊具,特色溜滑梯,攀爬組,跳樁,鞦韆,搖搖馬,組合遊具,蹺蹺板,組合遊具,搖搖樂,組合遊具,組合遊具2,翹翹板及搖搖馬,組合遊具,天空樹溜滑梯,戲沙坑,搖搖樂,旋轉拉環,組合遊具, X型翹翹板,鞦韆,攀爬組,搖搖樂,組合遊具(村莊高塔),鞦韆,攀爬遊戲組,彈跳床,投籃機,擺盪船索,攀爬組,旋轉台,組合遊具,組合遊具,旋轉陀螺,旋轉台,組合遊具,攀爬組,搖搖樂,翹翹板,磨石滑梯,搖搖樂,跳樁,搖搖樂,攀爬組,組合遊具(滑梯小屋),旋轉盤,組合遊具,鳥巢盪鞦韆及一般坐式盪鞦韆,蝴蝶翹翹板,特色旋轉盤,金字塔滑梯組,機車搖搖樂,遊戲板,造型攀爬牆,攀爬網,組合遊具(環繞競技場遊具組),鞦韆,體能訓練平衡組,礫石坑,獨木樁,蜻蜓點水,木橋,平衡木,平衡木,跳樁,遊戲板,隧道,組合遊具(叢林攀爬組),搖晃板,組合遊具,遊戲板,隧道,組合遊具(遊戲城堡),旋轉座椅,競技攀爬遊具組,龍舟特色遊具組,滑梯,擊鼓,搖搖樂,組合遊具,翹翹板,組合遊具,翹翹板,木作組合遊具,搖搖樂,城堡遊戲組,大轉轉杯,搖搖樂,磨石滑梯,攀爬組,鞦韆,搖搖樂,組合遊具,組合遊具,搖滾盤,旋轉球椅,愛的搖籃,組合遊具,搖搖樂,旋轉杯,翹翹板,組合遊具,搖搖樂,組合遊具,搖搖樂,組合遊具,搖搖樂,組合遊具,攀爬組,搖搖樂,組合遊具,搖搖樂,組合遊具,組合遊具,彩虹琴,旋轉音樂盒,遊戲礫石坑,彈跳節拍,搖搖樂,組合遊具,翹翹板,組合遊具,組合遊具,搖搖樂,組合遊具,組合遊具,搖搖樂,組合遊具,攀爬組合滑梯,搖搖樂,組合遊具,組合遊具,翹翹板,組合遊具,搖搖樂,組合遊具,翹翹板,組合遊具,搖搖樂,翹翹板,旋轉杯,旋轉棒,搖搖樂,磨石滑梯,組合遊具,搖搖樂,攀爬組,旋轉台,磨石滑梯,組合遊具,跳樁,組合遊具,組合遊具,組合遊具,音樂球、叮噹管、歡樂鼓,無障礙旋轉盤,無障礙鞦韆,遊戲牆,滾輪滑梯,鳥巢鞦韆,旋轉杯,旋轉棒,鞦韆,小木屋,山丘滑梯,戲沙坑,搖搖樂,攀爬組,5人轉轉盤,彈跳床,戲沙坑,組合遊具,旋轉台,旋轉杯,旋轉棒, 磨石滑梯,翹翹板,遊戲板,鞦韆,組合遊具,攀爬組,磨石滑梯,磨石滑梯,組合遊具,火車特色滑梯,鞦韆,樹蛙籃球框,組合遊具,組合遊具,組合遊具,翹翹板,組合遊具,組合遊具,組合遊具,組合遊具,組合遊具,沙坑遊戲板,環型天梯無障礙上肢設施,旋轉杯,戲沙坑,攀爬組,磨石滑梯,跳樁,遊戲板", "ObjectId": 288}}, {"type": "Feature", "id": 289, "geometry": {"type": "Point", "coordinates": [121.527236, 25.060496]}, "properties": {"SeqNo": 262, "pm_name": "聚葉公園", "pm_overview": "聚葉公園為「樂活休憩」公園，位於道路之交叉口，因此種植耐污之黑板樹做為區隔，並在車流較多之新生北路側栽植綠籬，淨化都市空氣。", "pm_unit": "中山區公所", "pm_const_year": "1995", "pm_location": "新生北路二段與錦州街交口(錦州橋下)", "pm_LandPublicArea": 649, "pm_opening_s": "00:00:00", "pm_opening_e": "24:00", "pm_libie": "聚葉里", "pm_phone": "02-25031369#538", "pm_sports": "扭腰器、滑雪器、雙人浪板", "pm_recreation": "組合遊具", "pm_service": null, "pm_other": null, "pm_transit": "公車路線：搭208、227、246、261、520、638、811、紅33搭至新興國中站下車，再步行抵達", "pm_name_eng": "Juye Park", "pm_ecology": null, "pm_type": "公園", "pm_playtype": "一般", "pm_playarea": 66, "pm_description": null, "pm_playeq": "彈跳床,搖滾盤,攀爬組,磨石滑梯,搖搖樂,翹翹板,搖搖樂,組合遊具,搖搖樂,組合遊具,鞦韆,攀爬組,磨石滑梯,翹翹板,組合遊具,翹翹板,木樁區,盪鞦韆,平衡木,彈跳床,搖搖樂,組合遊具,翹翹板,旋轉台,戲沙坑遊戲桌,搖搖樂,攀爬組,旋轉飛輪,組合遊具,翹翹板,磨石滑梯,攀爬組,磨石子滑梯,翹翹板,彈跳床,鳥巢鞦韆,戲沙坑,攀爬組,組合遊具,攀爬組,站立式搖動設備,組合遊具,翹翹板,小石搬運,搖搖馬,組合遊具,數字造型跳樁及水管隧道,搖滾盤,X型翹翹板,組合遊具,搖搖樂,組合遊具,旋轉桶椅,大旋轉組,組合遊具,搖搖樂,磨石滑梯,鳥巢鞦韆,旋轉桶椅,組合遊具,組合遊具,組合遊具,搖搖馬,組合遊具,翹翹板,搖搖樂,組合遊具,組合遊具,磨石滑梯,鞦韆及鳥巢鞦韆,彈跳床,攀爬組,木隧道,組合遊具,仿古代程沈船遊具,攀爬繩網組,攀爬組,鳥巢鞦韆,輪胎鞦韆,尿布鞦韆,沙坑,磨石子滑梯,旋轉台,彈跳床,雙滑軌溜索,搖搖馬,翹翹板,組合遊具,搖搖馬,組合遊具,攀爬組,組合遊具,組合遊具,攀爬組,搖搖馬,磨石子滑梯,旋轉杯,組合遊具,組合遊具,組合遊具,大轉轉杯,搖搖樂,組合遊具,翹翹板,滑梯,彈跳床,戲沙坑,擺盪船索,攀爬組,旋轉組,磨石滑梯,組合遊具,特色溜滑梯,攀爬組,旋轉棒,叢林攀爬組,4人旋轉器,搖搖樂,磨石滑梯,翹翹板,搖搖樂,組合遊具,組合遊具,組合遊具,爬繩,組合遊具(叢林攀爬組),獨木橋,組合遊具,遊戲板,組合遊具,攀爬組,盪鞦韆,搖搖樂,組合遊具,組合遊具,旋轉盤,鞦韆,攀爬組,旋轉盤,搖搖樂,組合遊具,特色溜滑梯,攀爬組,跳樁,鞦韆,搖搖馬,組合遊具,蹺蹺板,組合遊具,搖搖樂,組合遊具,組合遊具2,翹翹板及搖搖馬,組合遊具,天空樹溜滑梯,戲沙坑,搖搖樂,旋轉拉環,組合遊具, X型翹翹板,鞦韆,攀爬組,搖搖樂,組合遊具(村莊高塔),鞦韆,攀爬遊戲組,彈跳床,投籃機,擺盪船索,攀爬組,旋轉台,組合遊具,組合遊具,旋轉陀螺,旋轉台,組合遊具,攀爬組,搖搖樂,翹翹板,磨石滑梯,搖搖樂,跳樁,搖搖樂,攀爬組,組合遊具(滑梯小屋),旋轉盤,組合遊具,鳥巢盪鞦韆及一般坐式盪鞦韆,蝴蝶翹翹板,特色旋轉盤,金字塔滑梯組,機車搖搖樂,遊戲板,造型攀爬牆,攀爬網,組合遊具(環繞競技場遊具組),鞦韆,體能訓練平衡組,礫石坑,獨木樁,蜻蜓點水,木橋,平衡木,平衡木,跳樁,遊戲板,隧道,組合遊具(叢林攀爬組),搖晃板,組合遊具,遊戲板,隧道,組合遊具(遊戲城堡),旋轉座椅,競技攀爬遊具組,龍舟特色遊具組,滑梯,擊鼓,搖搖樂,組合遊具,翹翹板,組合遊具,翹翹板,木作組合遊具,搖搖樂,城堡遊戲組,大轉轉杯,搖搖樂,磨石滑梯,攀爬組,鞦韆,搖搖樂,組合遊具,組合遊具,搖滾盤,旋轉球椅,愛的搖籃,組合遊具,搖搖樂,旋轉杯,翹翹板,組合遊具,搖搖樂,組合遊具,搖搖樂,組合遊具,搖搖樂,組合遊具,攀爬組,搖搖樂,組合遊具,搖搖樂,組合遊具,組合遊具,彩虹琴,旋轉音樂盒,遊戲礫石坑,彈跳節拍,搖搖樂,組合遊具,翹翹板,組合遊具,組合遊具,搖搖樂,組合遊具,組合遊具,搖搖樂,組合遊具,攀爬組合滑梯,搖搖樂,組合遊具,組合遊具,翹翹板,組合遊具,搖搖樂,組合遊具,翹翹板,組合遊具,搖搖樂,翹翹板,旋轉杯,旋轉棒,搖搖樂,磨石滑梯,組合遊具,搖搖樂,攀爬組,旋轉台,磨石滑梯,組合遊具,跳樁,組合遊具,組合遊具,組合遊具,音樂球、叮噹管、歡樂鼓,無障礙旋轉盤,無障礙鞦韆,遊戲牆,滾輪滑梯,鳥巢鞦韆,旋轉杯,旋轉棒,鞦韆,小木屋,山丘滑梯,戲沙坑,搖搖樂,攀爬組,5人轉轉盤,彈跳床,戲沙坑,組合遊具,旋轉台,旋轉杯,旋轉棒, 磨石滑梯,翹翹板,遊戲板,鞦韆,組合遊具,攀爬組,磨石滑梯,磨石滑梯,組合遊具,火車特色滑梯,鞦韆,樹蛙籃球框,組合遊具,組合遊具,組合遊具,翹翹板,組合遊具,組合遊具,組合遊具,組合遊具,組合遊具,沙坑遊戲板,環型天梯無障礙上肢設施,旋轉杯,戲沙坑,攀爬組,磨石滑梯,跳樁,遊戲板,組合遊具", "ObjectId": 289}}, {"type": "Feature", "id": 292, "geometry": {"type": "Point", "coordinates": [121.52199, 25.064579]}, "properties": {"SeqNo": 117, "pm_name": "撫順公園", "pm_overview": "        撫順公園為「人文藝術」公園，主要特色為鐘塔與馬賽克拼貼之景觀牆，色彩繽紛的景觀牆，牆洞上懸掛數座古鐘，與鐘塔相望，頗具現代設計感。", "pm_unit": "中山區公所", "pm_const_year": "1979", "pm_location": "中山北路三段大同公司前", "pm_LandPublicArea": 2007, "pm_opening_s": "00:00:00", "pm_opening_e": "24:00", "pm_libie": "集英里", "pm_phone": "02-25031369#538", "pm_sports": null, "pm_recreation": null, "pm_service": null, "pm_other": null, "pm_transit": "公車路線：搭42、200、218、218直、247、260、260區、260區花鐘線、310、1717、藍線、內湖幹線、中山幹線搭至大同公司(晴光市場)站下車，再步行抵達", "pm_name_eng": "Fushun Park", "pm_ecology": null, "pm_type": "公園", "pm_playtype": null, "pm_playarea": null, "pm_description": null, "pm_playeq": null, "ObjectId": 292}}, {"type": "Feature", "id": 293, "geometry": {"type": "Point", "coordinates": [121.54177856, 25.055679321]}, "properties": {"SeqNo": 713, "pm_name": "興安公園", "pm_overview": "興安公園為「樂活休憩」公園，周邊有許多繁忙熱鬧之商店，但也緊臨興安國宅等住宅區，是附近居民運動、散步及談天的好地方。\r\n", "pm_unit": "中山區公所", "pm_const_year": "1986", "pm_location": "遼寧街170巷", "pm_LandPublicArea": 3903, "pm_opening_s": "00:00:00", "pm_opening_e": "24:00", "pm_libie": "朱馥里", "pm_phone": "02-25031369#538", "pm_sports": "三人扭腰器、引體向上、平步訓練器、滑雪器", "pm_recreation": "組合遊具、搖搖馬", "pm_service": "涼亭、直飲台", "pm_other": null, "pm_transit": "公車路線：搭12至長春市場站下車再步行抵達", "pm_name_eng": "Xingan Park", "pm_ecology": null, "pm_type": "公園", "pm_playtype": "一般", "pm_playarea": 25.68, "pm_description": null, "pm_playeq": "彈跳床,搖滾盤,攀爬組,磨石滑梯,搖搖樂,翹翹板,搖搖樂,組合遊具,搖搖樂,組合遊具,鞦韆,攀爬組,磨石滑梯,翹翹板,組合遊具,翹翹板,木樁區,盪鞦韆,平衡木,彈跳床,搖搖樂,組合遊具,翹翹板,旋轉台,戲沙坑遊戲桌,搖搖樂,攀爬組,旋轉飛輪,組合遊具,翹翹板,磨石滑梯,攀爬組,磨石子滑梯,翹翹板,彈跳床,鳥巢鞦韆,戲沙坑,攀爬組,組合遊具,攀爬組,站立式搖動設備,組合遊具,翹翹板,小石搬運,搖搖馬,組合遊具,數字造型跳樁及水管隧道,搖滾盤,X型翹翹板,組合遊具,搖搖樂,組合遊具,旋轉桶椅,大旋轉組,組合遊具,搖搖樂,磨石滑梯,鳥巢鞦韆,旋轉桶椅,組合遊具,組合遊具,組合遊具,搖搖馬,組合遊具,翹翹板,搖搖樂,組合遊具,組合遊具,磨石滑梯,鞦韆及鳥巢鞦韆,彈跳床,攀爬組,木隧道,組合遊具,仿古代程沈船遊具,攀爬繩網組,攀爬組,鳥巢鞦韆,輪胎鞦韆,尿布鞦韆,沙坑,磨石子滑梯,旋轉台,彈跳床,雙滑軌溜索,搖搖馬,翹翹板,組合遊具,搖搖馬,組合遊具,攀爬組,組合遊具,組合遊具,攀爬組,搖搖馬,磨石子滑梯,旋轉杯,組合遊具,組合遊具,組合遊具,大轉轉杯,搖搖樂,組合遊具,翹翹板,滑梯,彈跳床,戲沙坑,擺盪船索,攀爬組,旋轉組,磨石滑梯,組合遊具,特色溜滑梯,攀爬組,旋轉棒,叢林攀爬組,4人旋轉器,搖搖樂,磨石滑梯,翹翹板,搖搖樂,組合遊具,組合遊具,組合遊具,爬繩,組合遊具(叢林攀爬組),獨木橋,組合遊具,遊戲板,組合遊具,攀爬組,盪鞦韆,搖搖樂,組合遊具,組合遊具,旋轉盤,鞦韆,攀爬組,旋轉盤,搖搖樂,組合遊具,特色溜滑梯,攀爬組,跳樁,鞦韆,搖搖馬,組合遊具,蹺蹺板,組合遊具,搖搖樂,組合遊具,組合遊具2,翹翹板及搖搖馬,組合遊具,天空樹溜滑梯,戲沙坑,搖搖樂,旋轉拉環,組合遊具, X型翹翹板,鞦韆,攀爬組,搖搖樂,組合遊具(村莊高塔),鞦韆,攀爬遊戲組,彈跳床,投籃機,擺盪船索,攀爬組,旋轉台,組合遊具,組合遊具,旋轉陀螺,旋轉台,組合遊具,攀爬組,搖搖樂,翹翹板,磨石滑梯,搖搖樂,跳樁,搖搖樂,攀爬組,組合遊具(滑梯小屋),旋轉盤,組合遊具,鳥巢盪鞦韆及一般坐式盪鞦韆,蝴蝶翹翹板,特色旋轉盤,金字塔滑梯組,機車搖搖樂,遊戲板,造型攀爬牆,攀爬網,組合遊具(環繞競技場遊具組),鞦韆,體能訓練平衡組,礫石坑,獨木樁,蜻蜓點水,木橋,平衡木,平衡木,跳樁,遊戲板,隧道,組合遊具(叢林攀爬組),搖晃板,組合遊具,遊戲板,隧道,組合遊具(遊戲城堡),旋轉座椅,競技攀爬遊具組,龍舟特色遊具組,滑梯,擊鼓,搖搖樂,組合遊具,翹翹板,組合遊具,翹翹板,木作組合遊具,搖搖樂,城堡遊戲組,大轉轉杯,搖搖樂,磨石滑梯,攀爬組,鞦韆,搖搖樂,組合遊具,組合遊具,搖滾盤,旋轉球椅,愛的搖籃,組合遊具,搖搖樂,旋轉杯,翹翹板,組合遊具,搖搖樂,組合遊具,搖搖樂,組合遊具,搖搖樂,組合遊具,攀爬組,搖搖樂,組合遊具,搖搖樂,組合遊具,組合遊具,彩虹琴,旋轉音樂盒,遊戲礫石坑,彈跳節拍,搖搖樂,組合遊具,翹翹板,組合遊具,組合遊具,搖搖樂,組合遊具,組合遊具,搖搖樂,組合遊具,攀爬組合滑梯,搖搖樂,組合遊具,組合遊具,翹翹板,組合遊具,搖搖樂,組合遊具,翹翹板,組合遊具,搖搖樂,翹翹板,旋轉杯,旋轉棒,搖搖樂,磨石滑梯,組合遊具,搖搖樂,攀爬組,旋轉台,磨石滑梯,組合遊具,跳樁,組合遊具,組合遊具,組合遊具,音樂球、叮噹管、歡樂鼓,無障礙旋轉盤,無障礙鞦韆,遊戲牆,滾輪滑梯,鳥巢鞦韆,旋轉杯,旋轉棒,鞦韆,小木屋,山丘滑梯,戲沙坑,搖搖樂,攀爬組,5人轉轉盤,彈跳床,戲沙坑,組合遊具,旋轉台,旋轉杯,旋轉棒, 磨石滑梯,翹翹板,遊戲板,鞦韆,組合遊具,攀爬組,磨石滑梯,磨石滑梯,組合遊具,火車特色滑梯,鞦韆,樹蛙籃球框,組合遊具,組合遊具,組合遊具,翹翹板,組合遊具,組合遊具,組合遊具,組合遊具,組合遊具,沙坑遊戲板,環型天梯無障礙上肢設施,旋轉杯,戲沙坑,攀爬組,磨石滑梯,跳樁,遊戲板,組合遊具,磨石滑梯,組合遊具,搖搖樂,組合遊具", "ObjectId": 293}}, {"type": "Feature", "id": 294, "geometry": {"type": "Point", "coordinates": [121.53160095, 25.047380447]}, "properties": {"SeqNo": 432, "pm_name": "興亞公園", "pm_overview": "        興亞公園為「樂活休憩」公園，在設施及植栽上皆十分豐富，在大家的積極養護下，更是欣欣向榮、繁花似錦，也帶動了社區民眾參與公共事務的風氣。", "pm_unit": "中山區公所", "pm_const_year": "1992", "pm_location": "長安東路二段36巷內", "pm_LandPublicArea": 875, "pm_opening_s": "00:00:00", "pm_opening_e": "24:00", "pm_libie": "興亞里", "pm_phone": "02-25031369#538", "pm_sports": "單槓、肩關節復健器、漫步器、滑雪器、平步訓練器、下肢蹬力器、腰備按摩器", "pm_recreation": "組合遊具", "pm_service": "涼亭", "pm_other": null, "pm_transit": "公車路線：搭49、52、202、202區搭至長安國小(長安)站下車，再步行抵達", "pm_name_eng": "Xingya Park", "pm_ecology": null, "pm_type": "公園", "pm_playtype": "一般", "pm_playarea": 89, "pm_description": null, "pm_playeq": "彈跳床,搖滾盤,攀爬組,磨石滑梯,搖搖樂,翹翹板,搖搖樂,組合遊具,搖搖樂,組合遊具,鞦韆,攀爬組,磨石滑梯,翹翹板,組合遊具,翹翹板,木樁區,盪鞦韆,平衡木,彈跳床,搖搖樂,組合遊具,翹翹板,旋轉台,戲沙坑遊戲桌,搖搖樂,攀爬組,旋轉飛輪,組合遊具,翹翹板,磨石滑梯,攀爬組,磨石子滑梯,翹翹板,彈跳床,鳥巢鞦韆,戲沙坑,攀爬組,組合遊具,攀爬組,站立式搖動設備,組合遊具,翹翹板,小石搬運,搖搖馬,組合遊具,數字造型跳樁及水管隧道,搖滾盤,X型翹翹板,組合遊具,搖搖樂,組合遊具,旋轉桶椅,大旋轉組,組合遊具,搖搖樂,磨石滑梯,鳥巢鞦韆,旋轉桶椅,組合遊具,組合遊具,組合遊具,搖搖馬,組合遊具,翹翹板,搖搖樂,組合遊具,組合遊具,磨石滑梯,鞦韆及鳥巢鞦韆,彈跳床,攀爬組,木隧道,組合遊具,仿古代程沈船遊具,攀爬繩網組,攀爬組,鳥巢鞦韆,輪胎鞦韆,尿布鞦韆,沙坑,磨石子滑梯,旋轉台,彈跳床,雙滑軌溜索,搖搖馬,翹翹板,組合遊具,搖搖馬,組合遊具,攀爬組,組合遊具,組合遊具,攀爬組,搖搖馬,磨石子滑梯,旋轉杯,組合遊具,組合遊具,組合遊具,大轉轉杯,搖搖樂,組合遊具,翹翹板,滑梯,彈跳床,戲沙坑,擺盪船索,攀爬組,旋轉組,磨石滑梯,組合遊具,特色溜滑梯,攀爬組,旋轉棒,叢林攀爬組,4人旋轉器,搖搖樂,磨石滑梯,翹翹板,搖搖樂,組合遊具,組合遊具,組合遊具,爬繩,組合遊具(叢林攀爬組),獨木橋,組合遊具,遊戲板,組合遊具,攀爬組,盪鞦韆,搖搖樂,組合遊具,組合遊具,旋轉盤,鞦韆,攀爬組,旋轉盤,搖搖樂,組合遊具,特色溜滑梯,攀爬組,跳樁,鞦韆,搖搖馬,組合遊具,蹺蹺板,組合遊具,搖搖樂,組合遊具,組合遊具2,翹翹板及搖搖馬,組合遊具,天空樹溜滑梯,戲沙坑,搖搖樂,旋轉拉環,組合遊具, X型翹翹板,鞦韆,攀爬組,搖搖樂,組合遊具(村莊高塔),鞦韆,攀爬遊戲組,彈跳床,投籃機,擺盪船索,攀爬組,旋轉台,組合遊具,組合遊具,旋轉陀螺,旋轉台,組合遊具,攀爬組,搖搖樂,翹翹板,磨石滑梯,搖搖樂,跳樁,搖搖樂,攀爬組,組合遊具(滑梯小屋),旋轉盤,組合遊具,鳥巢盪鞦韆及一般坐式盪鞦韆,蝴蝶翹翹板,特色旋轉盤,金字塔滑梯組,機車搖搖樂,遊戲板,造型攀爬牆,攀爬網,組合遊具(環繞競技場遊具組),鞦韆,體能訓練平衡組,礫石坑,獨木樁,蜻蜓點水,木橋,平衡木,平衡木,跳樁,遊戲板,隧道,組合遊具(叢林攀爬組),搖晃板,組合遊具,遊戲板,隧道,組合遊具(遊戲城堡),旋轉座椅,競技攀爬遊具組,龍舟特色遊具組,滑梯,擊鼓,搖搖樂,組合遊具,翹翹板,組合遊具,翹翹板,木作組合遊具,搖搖樂,城堡遊戲組,大轉轉杯,搖搖樂,磨石滑梯,攀爬組,鞦韆,搖搖樂,組合遊具,組合遊具,搖滾盤,旋轉球椅,愛的搖籃,組合遊具,搖搖樂,旋轉杯,翹翹板,組合遊具,搖搖樂,組合遊具,搖搖樂,組合遊具,搖搖樂,組合遊具,攀爬組,搖搖樂,組合遊具,搖搖樂,組合遊具,組合遊具,彩虹琴,旋轉音樂盒,遊戲礫石坑,彈跳節拍,搖搖樂,組合遊具,翹翹板,組合遊具,組合遊具,搖搖樂,組合遊具,組合遊具,搖搖樂,組合遊具,攀爬組合滑梯,搖搖樂,組合遊具,組合遊具,翹翹板,組合遊具,搖搖樂,組合遊具,翹翹板,組合遊具,搖搖樂,翹翹板,旋轉杯,旋轉棒,搖搖樂,磨石滑梯,組合遊具,搖搖樂,攀爬組,旋轉台,磨石滑梯,組合遊具,跳樁,組合遊具,組合遊具,組合遊具,音樂球、叮噹管、歡樂鼓,無障礙旋轉盤,無障礙鞦韆,遊戲牆,滾輪滑梯,鳥巢鞦韆,旋轉杯,旋轉棒,鞦韆,小木屋,山丘滑梯,戲沙坑,搖搖樂,攀爬組,5人轉轉盤,彈跳床,戲沙坑,組合遊具,旋轉台,旋轉杯,旋轉棒, 磨石滑梯,翹翹板,遊戲板,鞦韆,組合遊具,攀爬組,磨石滑梯,磨石滑梯,組合遊具,火車特色滑梯,鞦韆,樹蛙籃球框,組合遊具,組合遊具,組合遊具,翹翹板,組合遊具,組合遊具,組合遊具,組合遊具,組合遊具,沙坑遊戲板,環型天梯無障礙上肢設施,旋轉杯,戲沙坑,攀爬組,磨石滑梯,跳樁,遊戲板,組合遊具,磨石滑梯,組合遊具,搖搖樂,組合遊具,組合遊具", "ObjectId": 294}}, {"type": "Feature", "id": 295, "geometry": {"type": "Point", "coordinates": [121.541941, 25.0531]}, "properties": {"SeqNo": 662, "pm_name": "興國公園", "pm_overview": "興國公園是臺北市第一個以「全齡友善」為主軸的公園，除了供孩童嬉戲的特色遊具外，為因應人口高齡化現象，公園設計時亦將年長者的需求納入考量。\r\n\r\n公園內特別保留大面積的草皮綠地，除了可以野餐、奔跑、讓民眾可以有多元的方式遊憩，更是重要的貯集滲透綠地。當強降雨時，雨水不會直接流向周遭道路排水溝，來達到都市減災、防災的效益。\r\n\r\n此外，為了營造富有變化的綠地環境，種植的喬灌木特別考量具有四季變化的植栽，如流蘇、楓香、烏臼、穗花棋盤腳等。讓你四季蒞臨公園都有不同感受。", "pm_unit": "中山區公所", "pm_const_year": "1987", "pm_location": "遼寧街116巷旁", "pm_LandPublicArea": 7766, "pm_opening_s": "00:00:00", "pm_opening_e": "24:00", "pm_libie": "復華里", "pm_phone": "02-25031369#538", "pm_sports": null, "pm_recreation": null, "pm_service": null, "pm_other": null, "pm_transit": "捷運路線：搭松山新店線或文山內湖線至南京復興站 1 號出口步行約 1 分鐘抵達", "pm_name_eng": "Xingguo Park", "pm_ecology": null, "pm_type": "公園", "pm_playtype": null, "pm_playarea": null, "pm_description": null, "pm_playeq": null, "ObjectId": 295}}, {"type": "Feature", "id": 296, "geometry": {"type": "Point", "coordinates": [121.54231262, 25.053600311]}, "properties": {"SeqNo": 464, "pm_name": "遼寧公園", "pm_overview": "        遼寧公園為「樂活休憩」公園，四周為筆直高大的蒲葵，為公園增添些許南洋風情；其內以花台來做地形變化，以柔緩的小丘斜坡增添空間的活潑感。", "pm_unit": "中山區公所", "pm_const_year": "1980", "pm_location": "遼寧街185巷口", "pm_LandPublicArea": 2065, "pm_opening_s": "00:00:00", "pm_opening_e": "24:00", "pm_libie": "復華里", "pm_phone": "02-25031369#538", "pm_sports": "三人上肢牽引器、單槓、漫步機、滑雪器", "pm_recreation": "組合遊具", "pm_service": "涼亭", "pm_other": null, "pm_transit": "捷運路線：搭松山新店線至南京復興站1號出口步行抵達", "pm_name_eng": "Liaoning Park", "pm_ecology": null, "pm_type": "公園", "pm_playtype": "一般", "pm_playarea": 189.84, "pm_description": null, "pm_playeq": "彈跳床,搖滾盤,攀爬組,磨石滑梯,搖搖樂,翹翹板,搖搖樂,組合遊具,搖搖樂,組合遊具,鞦韆,攀爬組,磨石滑梯,翹翹板,組合遊具,翹翹板,木樁區,盪鞦韆,平衡木,彈跳床,搖搖樂,組合遊具,翹翹板,旋轉台,戲沙坑遊戲桌,搖搖樂,攀爬組,旋轉飛輪,組合遊具,翹翹板,磨石滑梯,攀爬組,磨石子滑梯,翹翹板,彈跳床,鳥巢鞦韆,戲沙坑,攀爬組,組合遊具,攀爬組,站立式搖動設備,組合遊具,翹翹板,小石搬運,搖搖馬,組合遊具,數字造型跳樁及水管隧道,搖滾盤,X型翹翹板,組合遊具,搖搖樂,組合遊具,旋轉桶椅,大旋轉組,組合遊具,搖搖樂,磨石滑梯,鳥巢鞦韆,旋轉桶椅,組合遊具,組合遊具,組合遊具,搖搖馬,組合遊具,翹翹板,搖搖樂,組合遊具,組合遊具,磨石滑梯,鞦韆及鳥巢鞦韆,彈跳床,攀爬組,木隧道,組合遊具,仿古代程沈船遊具,攀爬繩網組,攀爬組,鳥巢鞦韆,輪胎鞦韆,尿布鞦韆,沙坑,磨石子滑梯,旋轉台,彈跳床,雙滑軌溜索,搖搖馬,翹翹板,組合遊具,搖搖馬,組合遊具,攀爬組,組合遊具,組合遊具,攀爬組,搖搖馬,磨石子滑梯,旋轉杯,組合遊具,組合遊具,組合遊具,大轉轉杯,搖搖樂,組合遊具,翹翹板,滑梯,彈跳床,戲沙坑,擺盪船索,攀爬組,旋轉組,磨石滑梯,組合遊具,特色溜滑梯,攀爬組,旋轉棒,叢林攀爬組,4人旋轉器,搖搖樂,磨石滑梯,翹翹板,搖搖樂,組合遊具,組合遊具,組合遊具,爬繩,組合遊具(叢林攀爬組),獨木橋,組合遊具,遊戲板,組合遊具,攀爬組,盪鞦韆,搖搖樂,組合遊具,組合遊具,旋轉盤,鞦韆,攀爬組,旋轉盤,搖搖樂,組合遊具,特色溜滑梯,攀爬組,跳樁,鞦韆,搖搖馬,組合遊具,蹺蹺板,組合遊具,搖搖樂,組合遊具,組合遊具2,翹翹板及搖搖馬,組合遊具,天空樹溜滑梯,戲沙坑,搖搖樂,旋轉拉環,組合遊具, X型翹翹板,鞦韆,攀爬組,搖搖樂,組合遊具(村莊高塔),鞦韆,攀爬遊戲組,彈跳床,投籃機,擺盪船索,攀爬組,旋轉台,組合遊具,組合遊具,旋轉陀螺,旋轉台,組合遊具,攀爬組,搖搖樂,翹翹板,磨石滑梯,搖搖樂,跳樁,搖搖樂,攀爬組,組合遊具(滑梯小屋),旋轉盤,組合遊具,鳥巢盪鞦韆及一般坐式盪鞦韆,蝴蝶翹翹板,特色旋轉盤,金字塔滑梯組,機車搖搖樂,遊戲板,造型攀爬牆,攀爬網,組合遊具(環繞競技場遊具組),鞦韆,體能訓練平衡組,礫石坑,獨木樁,蜻蜓點水,木橋,平衡木,平衡木,跳樁,遊戲板,隧道,組合遊具(叢林攀爬組),搖晃板,組合遊具,遊戲板,隧道,組合遊具(遊戲城堡),旋轉座椅,競技攀爬遊具組,龍舟特色遊具組,滑梯,擊鼓,搖搖樂,組合遊具,翹翹板,組合遊具,翹翹板,木作組合遊具,搖搖樂,城堡遊戲組,大轉轉杯,搖搖樂,磨石滑梯,攀爬組,鞦韆,搖搖樂,組合遊具,組合遊具,搖滾盤,旋轉球椅,愛的搖籃,組合遊具,搖搖樂,旋轉杯,翹翹板,組合遊具,搖搖樂,組合遊具,搖搖樂,組合遊具,搖搖樂,組合遊具,攀爬組,搖搖樂,組合遊具,搖搖樂,組合遊具,組合遊具,彩虹琴,旋轉音樂盒,遊戲礫石坑,彈跳節拍,搖搖樂,組合遊具,翹翹板,組合遊具,組合遊具,搖搖樂,組合遊具,組合遊具,搖搖樂,組合遊具,攀爬組合滑梯,搖搖樂,組合遊具,組合遊具,翹翹板,組合遊具,搖搖樂,組合遊具,翹翹板,組合遊具,搖搖樂,翹翹板,旋轉杯,旋轉棒,搖搖樂,磨石滑梯,組合遊具,搖搖樂,攀爬組,旋轉台,磨石滑梯,組合遊具,跳樁,組合遊具,組合遊具,組合遊具,音樂球、叮噹管、歡樂鼓,無障礙旋轉盤,無障礙鞦韆,遊戲牆,滾輪滑梯,鳥巢鞦韆,旋轉杯,旋轉棒,鞦韆,小木屋,山丘滑梯,戲沙坑,搖搖樂,攀爬組,5人轉轉盤,彈跳床,戲沙坑,組合遊具,旋轉台,旋轉杯,旋轉棒, 磨石滑梯,翹翹板,遊戲板,鞦韆,組合遊具,攀爬組,磨石滑梯,磨石滑梯,組合遊具,火車特色滑梯,鞦韆,樹蛙籃球框,組合遊具,組合遊具,組合遊具,翹翹板,組合遊具,組合遊具,組合遊具,組合遊具,組合遊具,沙坑遊戲板,環型天梯無障礙上肢設施,旋轉杯,戲沙坑,攀爬組,磨石滑梯,跳樁,遊戲板,組合遊具,磨石滑梯,組合遊具,搖搖樂,組合遊具,組合遊具,組合遊具", "ObjectId": 296}}, {"type": "Feature", "id": 297, "geometry": {"type": "Point", "coordinates": [121.53582764, 25.060489655]}, "properties": {"SeqNo": 281, "pm_name": "錦北公園", "pm_overview": "        錦北公園為「樂活休憩」公園，公園西南側植栽以大王椰子為主，高聳筆直，增添幾許熱帶風情。此外，地面鑲嵌刻有鳥類與說明的石板，頗富教育意義。", "pm_unit": "中山區公所", "pm_const_year": "1985", "pm_location": "錦州街275號旁", "pm_LandPublicArea": 1359, "pm_opening_s": "00:00:00", "pm_opening_e": "24:00", "pm_libie": "松江里", "pm_phone": "02-25031369#538", "pm_sports": "雙人大轉輪、上肢牽引器、扭腰器、漫步機、滑雪器", "pm_recreation": "組合遊具", "pm_service": "涼亭", "pm_other": null, "pm_transit": "公車路線：搭298至建國錦州街口站下車步行抵達", "pm_name_eng": "Jinbei Park", "pm_ecology": null, "pm_type": "公園", "pm_playtype": "一般", "pm_playarea": 42.32, "pm_description": null, "pm_playeq": "彈跳床,搖滾盤,攀爬組,磨石滑梯,搖搖樂,翹翹板,搖搖樂,組合遊具,搖搖樂,組合遊具,鞦韆,攀爬組,磨石滑梯,翹翹板,組合遊具,翹翹板,木樁區,盪鞦韆,平衡木,彈跳床,搖搖樂,組合遊具,翹翹板,旋轉台,戲沙坑遊戲桌,搖搖樂,攀爬組,旋轉飛輪,組合遊具,翹翹板,磨石滑梯,攀爬組,磨石子滑梯,翹翹板,彈跳床,鳥巢鞦韆,戲沙坑,攀爬組,組合遊具,攀爬組,站立式搖動設備,組合遊具,翹翹板,小石搬運,搖搖馬,組合遊具,數字造型跳樁及水管隧道,搖滾盤,X型翹翹板,組合遊具,搖搖樂,組合遊具,旋轉桶椅,大旋轉組,組合遊具,搖搖樂,磨石滑梯,鳥巢鞦韆,旋轉桶椅,組合遊具,組合遊具,組合遊具,搖搖馬,組合遊具,翹翹板,搖搖樂,組合遊具,組合遊具,磨石滑梯,鞦韆及鳥巢鞦韆,彈跳床,攀爬組,木隧道,組合遊具,仿古代程沈船遊具,攀爬繩網組,攀爬組,鳥巢鞦韆,輪胎鞦韆,尿布鞦韆,沙坑,磨石子滑梯,旋轉台,彈跳床,雙滑軌溜索,搖搖馬,翹翹板,組合遊具,搖搖馬,組合遊具,攀爬組,組合遊具,組合遊具,攀爬組,搖搖馬,磨石子滑梯,旋轉杯,組合遊具,組合遊具,組合遊具,大轉轉杯,搖搖樂,組合遊具,翹翹板,滑梯,彈跳床,戲沙坑,擺盪船索,攀爬組,旋轉組,磨石滑梯,組合遊具,特色溜滑梯,攀爬組,旋轉棒,叢林攀爬組,4人旋轉器,搖搖樂,磨石滑梯,翹翹板,搖搖樂,組合遊具,組合遊具,組合遊具,爬繩,組合遊具(叢林攀爬組),獨木橋,組合遊具,遊戲板,組合遊具,攀爬組,盪鞦韆,搖搖樂,組合遊具,組合遊具,旋轉盤,鞦韆,攀爬組,旋轉盤,搖搖樂,組合遊具,特色溜滑梯,攀爬組,跳樁,鞦韆,搖搖馬,組合遊具,蹺蹺板,組合遊具,搖搖樂,組合遊具,組合遊具2,翹翹板及搖搖馬,組合遊具,天空樹溜滑梯,戲沙坑,搖搖樂,旋轉拉環,組合遊具, X型翹翹板,鞦韆,攀爬組,搖搖樂,組合遊具(村莊高塔),鞦韆,攀爬遊戲組,彈跳床,投籃機,擺盪船索,攀爬組,旋轉台,組合遊具,組合遊具,旋轉陀螺,旋轉台,組合遊具,攀爬組,搖搖樂,翹翹板,磨石滑梯,搖搖樂,跳樁,搖搖樂,攀爬組,組合遊具(滑梯小屋),旋轉盤,組合遊具,鳥巢盪鞦韆及一般坐式盪鞦韆,蝴蝶翹翹板,特色旋轉盤,金字塔滑梯組,機車搖搖樂,遊戲板,造型攀爬牆,攀爬網,組合遊具(環繞競技場遊具組),鞦韆,體能訓練平衡組,礫石坑,獨木樁,蜻蜓點水,木橋,平衡木,平衡木,跳樁,遊戲板,隧道,組合遊具(叢林攀爬組),搖晃板,組合遊具,遊戲板,隧道,組合遊具(遊戲城堡),旋轉座椅,競技攀爬遊具組,龍舟特色遊具組,滑梯,擊鼓,搖搖樂,組合遊具,翹翹板,組合遊具,翹翹板,木作組合遊具,搖搖樂,城堡遊戲組,大轉轉杯,搖搖樂,磨石滑梯,攀爬組,鞦韆,搖搖樂,組合遊具,組合遊具,搖滾盤,旋轉球椅,愛的搖籃,組合遊具,搖搖樂,旋轉杯,翹翹板,組合遊具,搖搖樂,組合遊具,搖搖樂,組合遊具,搖搖樂,組合遊具,攀爬組,搖搖樂,組合遊具,搖搖樂,組合遊具,組合遊具,彩虹琴,旋轉音樂盒,遊戲礫石坑,彈跳節拍,搖搖樂,組合遊具,翹翹板,組合遊具,組合遊具,搖搖樂,組合遊具,組合遊具,搖搖樂,組合遊具,攀爬組合滑梯,搖搖樂,組合遊具,組合遊具,翹翹板,組合遊具,搖搖樂,組合遊具,翹翹板,組合遊具,搖搖樂,翹翹板,旋轉杯,旋轉棒,搖搖樂,磨石滑梯,組合遊具,搖搖樂,攀爬組,旋轉台,磨石滑梯,組合遊具,跳樁,組合遊具,組合遊具,組合遊具,音樂球、叮噹管、歡樂鼓,無障礙旋轉盤,無障礙鞦韆,遊戲牆,滾輪滑梯,鳥巢鞦韆,旋轉杯,旋轉棒,鞦韆,小木屋,山丘滑梯,戲沙坑,搖搖樂,攀爬組,5人轉轉盤,彈跳床,戲沙坑,組合遊具,旋轉台,旋轉杯,旋轉棒, 磨石滑梯,翹翹板,遊戲板,鞦韆,組合遊具,攀爬組,磨石滑梯,磨石滑梯,組合遊具,火車特色滑梯,鞦韆,樹蛙籃球框,組合遊具,組合遊具,組合遊具,翹翹板,組合遊具,組合遊具,組合遊具,組合遊具,組合遊具,沙坑遊戲板,環型天梯無障礙上肢設施,旋轉杯,戲沙坑,攀爬組,磨石滑梯,跳樁,遊戲板,組合遊具,磨石滑梯,組合遊具,搖搖樂,組合遊具,組合遊具,組合遊具,磨石滑梯,翹翹板", "ObjectId": 297}}, {"type": "Feature", "id": 298, "geometry": {"type": "Point", "coordinates": [121.52931976, 25.060619354]}, "properties": {"SeqNo": 686, "pm_name": "錦州公園", "pm_overview": "        錦州公園為「樂活休憩」公園，呈現開朗明淨的空間，由四季草花妝點出公園的繽紛色彩，花木扶疏，於公園中散步或休憩，讓人可悠閒享受溫暖的陽光。。", "pm_unit": "中山區公所", "pm_const_year": "1971", "pm_location": "錦州街138號對面", "pm_LandPublicArea": 2690, "pm_opening_s": "00:00:00", "pm_opening_e": "24:00", "pm_libie": "新生里", "pm_phone": "02-25031369#538", "pm_sports": "單槓、仰臥起坐椅 、大轉輪 、滑雪器、伸腰伸背器", "pm_recreation": "組合遊具、搖搖馬", "pm_service": "涼亭、直飲台", "pm_other": null, "pm_transit": "公車路線：搭市民小巴9搭至錦州街口站下車，再步行抵達", "pm_name_eng": "Jinzhou Park", "pm_ecology": null, "pm_type": "公園", "pm_playtype": "一般", "pm_playarea": 207, "pm_description": null, "pm_playeq": "彈跳床,搖滾盤,攀爬組,磨石滑梯,搖搖樂,翹翹板,搖搖樂,組合遊具,搖搖樂,組合遊具,鞦韆,攀爬組,磨石滑梯,翹翹板,組合遊具,翹翹板,木樁區,盪鞦韆,平衡木,彈跳床,搖搖樂,組合遊具,翹翹板,旋轉台,戲沙坑遊戲桌,搖搖樂,攀爬組,旋轉飛輪,組合遊具,翹翹板,磨石滑梯,攀爬組,磨石子滑梯,翹翹板,彈跳床,鳥巢鞦韆,戲沙坑,攀爬組,組合遊具,攀爬組,站立式搖動設備,組合遊具,翹翹板,小石搬運,搖搖馬,組合遊具,數字造型跳樁及水管隧道,搖滾盤,X型翹翹板,組合遊具,搖搖樂,組合遊具,旋轉桶椅,大旋轉組,組合遊具,搖搖樂,磨石滑梯,鳥巢鞦韆,旋轉桶椅,組合遊具,組合遊具,組合遊具,搖搖馬,組合遊具,翹翹板,搖搖樂,組合遊具,組合遊具,磨石滑梯,鞦韆及鳥巢鞦韆,彈跳床,攀爬組,木隧道,組合遊具,仿古代程沈船遊具,攀爬繩網組,攀爬組,鳥巢鞦韆,輪胎鞦韆,尿布鞦韆,沙坑,磨石子滑梯,旋轉台,彈跳床,雙滑軌溜索,搖搖馬,翹翹板,組合遊具,搖搖馬,組合遊具,攀爬組,組合遊具,組合遊具,攀爬組,搖搖馬,磨石子滑梯,旋轉杯,組合遊具,組合遊具,組合遊具,大轉轉杯,搖搖樂,組合遊具,翹翹板,滑梯,彈跳床,戲沙坑,擺盪船索,攀爬組,旋轉組,磨石滑梯,組合遊具,特色溜滑梯,攀爬組,旋轉棒,叢林攀爬組,4人旋轉器,搖搖樂,磨石滑梯,翹翹板,搖搖樂,組合遊具,組合遊具,組合遊具,爬繩,組合遊具(叢林攀爬組),獨木橋,組合遊具,遊戲板,組合遊具,攀爬組,盪鞦韆,搖搖樂,組合遊具,組合遊具,旋轉盤,鞦韆,攀爬組,旋轉盤,搖搖樂,組合遊具,特色溜滑梯,攀爬組,跳樁,鞦韆,搖搖馬,組合遊具,蹺蹺板,組合遊具,搖搖樂,組合遊具,組合遊具2,翹翹板及搖搖馬,組合遊具,天空樹溜滑梯,戲沙坑,搖搖樂,旋轉拉環,組合遊具, X型翹翹板,鞦韆,攀爬組,搖搖樂,組合遊具(村莊高塔),鞦韆,攀爬遊戲組,彈跳床,投籃機,擺盪船索,攀爬組,旋轉台,組合遊具,組合遊具,旋轉陀螺,旋轉台,組合遊具,攀爬組,搖搖樂,翹翹板,磨石滑梯,搖搖樂,跳樁,搖搖樂,攀爬組,組合遊具(滑梯小屋),旋轉盤,組合遊具,鳥巢盪鞦韆及一般坐式盪鞦韆,蝴蝶翹翹板,特色旋轉盤,金字塔滑梯組,機車搖搖樂,遊戲板,造型攀爬牆,攀爬網,組合遊具(環繞競技場遊具組),鞦韆,體能訓練平衡組,礫石坑,獨木樁,蜻蜓點水,木橋,平衡木,平衡木,跳樁,遊戲板,隧道,組合遊具(叢林攀爬組),搖晃板,組合遊具,遊戲板,隧道,組合遊具(遊戲城堡),旋轉座椅,競技攀爬遊具組,龍舟特色遊具組,滑梯,擊鼓,搖搖樂,組合遊具,翹翹板,組合遊具,翹翹板,木作組合遊具,搖搖樂,城堡遊戲組,大轉轉杯,搖搖樂,磨石滑梯,攀爬組,鞦韆,搖搖樂,組合遊具,組合遊具,搖滾盤,旋轉球椅,愛的搖籃,組合遊具,搖搖樂,旋轉杯,翹翹板,組合遊具,搖搖樂,組合遊具,搖搖樂,組合遊具,搖搖樂,組合遊具,攀爬組,搖搖樂,組合遊具,搖搖樂,組合遊具,組合遊具,彩虹琴,旋轉音樂盒,遊戲礫石坑,彈跳節拍,搖搖樂,組合遊具,翹翹板,組合遊具,組合遊具,搖搖樂,組合遊具,組合遊具,搖搖樂,組合遊具,攀爬組合滑梯,搖搖樂,組合遊具,組合遊具,翹翹板,組合遊具,搖搖樂,組合遊具,翹翹板,組合遊具,搖搖樂,翹翹板,旋轉杯,旋轉棒,搖搖樂,磨石滑梯,組合遊具,搖搖樂,攀爬組,旋轉台,磨石滑梯,組合遊具,跳樁,組合遊具,組合遊具,組合遊具,音樂球、叮噹管、歡樂鼓,無障礙旋轉盤,無障礙鞦韆,遊戲牆,滾輪滑梯,鳥巢鞦韆,旋轉杯,旋轉棒,鞦韆,小木屋,山丘滑梯,戲沙坑,搖搖樂,攀爬組,5人轉轉盤,彈跳床,戲沙坑,組合遊具,旋轉台,旋轉杯,旋轉棒, 磨石滑梯,翹翹板,遊戲板,鞦韆,組合遊具,攀爬組,磨石滑梯,磨石滑梯,組合遊具,火車特色滑梯,鞦韆,樹蛙籃球框,組合遊具,組合遊具,組合遊具,翹翹板,組合遊具,組合遊具,組合遊具,組合遊具,組合遊具,沙坑遊戲板,環型天梯無障礙上肢設施,旋轉杯,戲沙坑,攀爬組,磨石滑梯,跳樁,遊戲板,組合遊具,磨石滑梯,組合遊具,搖搖樂,組合遊具,組合遊具,組合遊具,磨石滑梯,翹翹板,搖搖樂,組合遊具", "ObjectId": 298}}, {"type": "Feature", "id": 299, "geometry": {"type": "Point", "coordinates": [121.54216003, 25.059820175]}, "properties": {"SeqNo": 123, "pm_name": "龍江公園", "pm_overview": "        龍江公園為「樂活休憩」公園，紅花綠葉相映、颯爽明媚加上微風陣陣，提供孩童嬉戲的空間，也是大人談天的好去處，使得熱鬧中又有輕鬆舒緩的氣息。", "pm_unit": "中山區公所", "pm_const_year": "1985", "pm_location": "龍江路271巷", "pm_LandPublicArea": 2200, "pm_opening_s": "00:00:00", "pm_opening_e": "24:00", "pm_libie": "江山里", "pm_phone": "02-25031369#538", "pm_sports": "推拉康復器、腰背按摩器、太空漫步器、雙人下肢康復器、滑雪器", "pm_recreation": "組合遊具、搖搖馬", "pm_service": "涼亭", "pm_other": null, "pm_transit": "公車路線：搭542至龍江路口站下車步行抵達", "pm_name_eng": "Longjiang Park", "pm_ecology": null, "pm_type": "公園", "pm_playtype": "一般", "pm_playarea": 94.24, "pm_description": null, "pm_playeq": "彈跳床,搖滾盤,攀爬組,磨石滑梯,搖搖樂,翹翹板,搖搖樂,組合遊具,搖搖樂,組合遊具,鞦韆,攀爬組,磨石滑梯,翹翹板,組合遊具,翹翹板,木樁區,盪鞦韆,平衡木,彈跳床,搖搖樂,組合遊具,翹翹板,旋轉台,戲沙坑遊戲桌,搖搖樂,攀爬組,旋轉飛輪,組合遊具,翹翹板,磨石滑梯,攀爬組,磨石子滑梯,翹翹板,彈跳床,鳥巢鞦韆,戲沙坑,攀爬組,組合遊具,攀爬組,站立式搖動設備,組合遊具,翹翹板,小石搬運,搖搖馬,組合遊具,數字造型跳樁及水管隧道,搖滾盤,X型翹翹板,組合遊具,搖搖樂,組合遊具,旋轉桶椅,大旋轉組,組合遊具,搖搖樂,磨石滑梯,鳥巢鞦韆,旋轉桶椅,組合遊具,組合遊具,組合遊具,搖搖馬,組合遊具,翹翹板,搖搖樂,組合遊具,組合遊具,磨石滑梯,鞦韆及鳥巢鞦韆,彈跳床,攀爬組,木隧道,組合遊具,仿古代程沈船遊具,攀爬繩網組,攀爬組,鳥巢鞦韆,輪胎鞦韆,尿布鞦韆,沙坑,磨石子滑梯,旋轉台,彈跳床,雙滑軌溜索,搖搖馬,翹翹板,組合遊具,搖搖馬,組合遊具,攀爬組,組合遊具,組合遊具,攀爬組,搖搖馬,磨石子滑梯,旋轉杯,組合遊具,組合遊具,組合遊具,大轉轉杯,搖搖樂,組合遊具,翹翹板,滑梯,彈跳床,戲沙坑,擺盪船索,攀爬組,旋轉組,磨石滑梯,組合遊具,特色溜滑梯,攀爬組,旋轉棒,叢林攀爬組,4人旋轉器,搖搖樂,磨石滑梯,翹翹板,搖搖樂,組合遊具,組合遊具,組合遊具,爬繩,組合遊具(叢林攀爬組),獨木橋,組合遊具,遊戲板,組合遊具,攀爬組,盪鞦韆,搖搖樂,組合遊具,組合遊具,旋轉盤,鞦韆,攀爬組,旋轉盤,搖搖樂,組合遊具,特色溜滑梯,攀爬組,跳樁,鞦韆,搖搖馬,組合遊具,蹺蹺板,組合遊具,搖搖樂,組合遊具,組合遊具2,翹翹板及搖搖馬,組合遊具,天空樹溜滑梯,戲沙坑,搖搖樂,旋轉拉環,組合遊具, X型翹翹板,鞦韆,攀爬組,搖搖樂,組合遊具(村莊高塔),鞦韆,攀爬遊戲組,彈跳床,投籃機,擺盪船索,攀爬組,旋轉台,組合遊具,組合遊具,旋轉陀螺,旋轉台,組合遊具,攀爬組,搖搖樂,翹翹板,磨石滑梯,搖搖樂,跳樁,搖搖樂,攀爬組,組合遊具(滑梯小屋),旋轉盤,組合遊具,鳥巢盪鞦韆及一般坐式盪鞦韆,蝴蝶翹翹板,特色旋轉盤,金字塔滑梯組,機車搖搖樂,遊戲板,造型攀爬牆,攀爬網,組合遊具(環繞競技場遊具組),鞦韆,體能訓練平衡組,礫石坑,獨木樁,蜻蜓點水,木橋,平衡木,平衡木,跳樁,遊戲板,隧道,組合遊具(叢林攀爬組),搖晃板,組合遊具,遊戲板,隧道,組合遊具(遊戲城堡),旋轉座椅,競技攀爬遊具組,龍舟特色遊具組,滑梯,擊鼓,搖搖樂,組合遊具,翹翹板,組合遊具,翹翹板,木作組合遊具,搖搖樂,城堡遊戲組,大轉轉杯,搖搖樂,磨石滑梯,攀爬組,鞦韆,搖搖樂,組合遊具,組合遊具,搖滾盤,旋轉球椅,愛的搖籃,組合遊具,搖搖樂,旋轉杯,翹翹板,組合遊具,搖搖樂,組合遊具,搖搖樂,組合遊具,搖搖樂,組合遊具,攀爬組,搖搖樂,組合遊具,搖搖樂,組合遊具,組合遊具,彩虹琴,旋轉音樂盒,遊戲礫石坑,彈跳節拍,搖搖樂,組合遊具,翹翹板,組合遊具,組合遊具,搖搖樂,組合遊具,組合遊具,搖搖樂,組合遊具,攀爬組合滑梯,搖搖樂,組合遊具,組合遊具,翹翹板,組合遊具,搖搖樂,組合遊具,翹翹板,組合遊具,搖搖樂,翹翹板,旋轉杯,旋轉棒,搖搖樂,磨石滑梯,組合遊具,搖搖樂,攀爬組,旋轉台,磨石滑梯,組合遊具,跳樁,組合遊具,組合遊具,組合遊具,音樂球、叮噹管、歡樂鼓,無障礙旋轉盤,無障礙鞦韆,遊戲牆,滾輪滑梯,鳥巢鞦韆,旋轉杯,旋轉棒,鞦韆,小木屋,山丘滑梯,戲沙坑,搖搖樂,攀爬組,5人轉轉盤,彈跳床,戲沙坑,組合遊具,旋轉台,旋轉杯,旋轉棒, 磨石滑梯,翹翹板,遊戲板,鞦韆,組合遊具,攀爬組,磨石滑梯,磨石滑梯,組合遊具,火車特色滑梯,鞦韆,樹蛙籃球框,組合遊具,組合遊具,組合遊具,翹翹板,組合遊具,組合遊具,組合遊具,組合遊具,組合遊具,沙坑遊戲板,環型天梯無障礙上肢設施,旋轉杯,戲沙坑,攀爬組,磨石滑梯,跳樁,遊戲板,組合遊具,磨石滑梯,組合遊具,搖搖樂,組合遊具,組合遊具,組合遊具,磨石滑梯,翹翹板,搖搖樂,組合遊具,搖搖樂,組合遊具", "ObjectId": 299}}, {"type": "Feature", "id": 303, "geometry": {"type": "Point", "coordinates": [121.53967285, 25.053720474]}, "properties": {"SeqNo": 499, "pm_name": "中山129號綠地", "pm_overview": "　　中山129號綠地位於中山區復華里龍江路118號，於民國79年開闢完成，綠地面積為39平方公尺，該綠地面積非常小，綠地內栽植4株樟樹，外圍以黃金葉金露華鑲邊美化。", "pm_unit": "園藝工程隊(西區分隊)", "pm_const_year": "1990", "pm_location": "中山區復華里龍江路118號", "pm_LandPublicArea": 39, "pm_opening_s": "00:00:00", "pm_opening_e": "24:00", "pm_libie": "復華里", "pm_phone": "02-23329386", "pm_sports": null, "pm_recreation": null, "pm_service": null, "pm_other": null, "pm_transit": "254.282.306.605.668.248.279.292.604.797.46.266.288.307.652.622公車南京東路龍江路口站", "pm_name_eng": "Jhongshan  Green NO.129", "pm_ecology": null, "pm_type": "綠地", "pm_playtype": null, "pm_playarea": null, "pm_description": null, "pm_playeq": null, "ObjectId": 303}}, {"type": "Feature", "id": 324, "geometry": {"type": "Point", "coordinates": [121.53800964, 25.052900314]}, "properties": {"SeqNo": 220, "pm_name": "長春綠地", "pm_overview": "　　長春綠地位於中山區復華里南京東路3段89巷27弄，於民國98年開闢完成，綠地面積為474平方公尺，該綠地緊鄰住宅區，住宅闢建時，由華固建設公司捐建，綠地內花木扶疏、綠意盎然，增添社區周邊道路景緻。", "pm_unit": "園藝工程隊(西區分隊)", "pm_const_year": "2009", "pm_location": "中山區復華里南京東路3段89巷27弄", "pm_LandPublicArea": 474, "pm_opening_s": "00:00:00", "pm_opening_e": "24:00", "pm_libie": "復華里", "pm_phone": "02-23329386", "pm_sports": null, "pm_recreation": null, "pm_service": null, "pm_other": null, "pm_transit": "298.638.943.紅57公車長春國小站", "pm_name_eng": "Changchun  Green", "pm_ecology": null, "pm_type": "綠地", "pm_playtype": null, "pm_playarea": null, "pm_description": null, "pm_playeq": null, "ObjectId": 324}}, {"type": "Feature", "id": 325, "geometry": {"type": "Point", "coordinates": [121.52052307, 25.052610397]}, "properties": {"SeqNo": 307, "pm_name": "中山4號廣場", "pm_overview": "　　中山4號廣場位於中山區康樂里中山北路2段41號，於民國81年開闢完成，廣場面積為1,662平方公尺，臺北晶華酒店於民國93年認養改造，斥資新臺幣1仟5佰萬元，邀請新加坡樟宜機場的景觀大師進行空間改造，原本樹木遮天的公園變身成為充滿都會人文氣息的廣場，為配合中山北路商圈既有時尚文化氛圍，晶華酒店命名為「時尚廣場」，透過「時尚廣場」這個活動平台，以創新的方式進行公益活動，結合公益與時尚，向外傳遞出去。", "pm_unit": "園藝工程隊(西區分隊)", "pm_const_year": "1992", "pm_location": "中山區康樂里中山北路2段41號", "pm_LandPublicArea": 1622, "pm_opening_s": "00:00:00", "pm_opening_e": "24:00", "pm_libie": "康樂里", "pm_phone": "02-23329386", "pm_sports": null, "pm_recreation": null, "pm_service": null, "pm_other": null, "pm_transit": "5.297.605.652.218.220.227.249.260.261.287.310.等公車中山市場站", "pm_name_eng": "Jhong Shan  Plaza  No.4", "pm_ecology": null, "pm_type": "廣場", "pm_playtype": null, "pm_playarea": null, "pm_description": null, "pm_playeq": null, "ObjectId": 325}}, {"type": "Feature", "id": 404, "geometry": {"type": "Point", "coordinates": [121.5429306, 25.043729782]}, "properties": {"SeqNo": 329, "pm_name": "環東公園", "pm_overview": "公園位於快速道路旁，以綠地、植栽觀賞為主。", "pm_unit": "內湖區公所", "pm_const_year": "1996", "pm_location": "南京東路六段北側與堤頂大道交叉口", "pm_LandPublicArea": 4410, "pm_opening_s": "00:00:00", "pm_opening_e": "24:00", "pm_libie": "行善里", "pm_phone": "02-27925828", "pm_sports": null, "pm_recreation": null, "pm_service": null, "pm_other": null, "pm_transit": "公車路線：531至正聖堂站", "pm_name_eng": "Huandong Park", "pm_ecology": null, "pm_type": "公園", "pm_playtype": null, "pm_playarea": null, "pm_description": null, "pm_playeq": null, "ObjectId": 404}}, {"type": "Feature", "id": 420, "geometry": {"type": "Point", "coordinates": [121.51200104, 25.067979813]}, "properties": {"SeqNo": 291, "pm_name": "大同公園", "pm_overview": "        大同公園位於延平北路3段113巷及136巷交換觸，係屬身處於居住型住宅區內，鄰近有延平國小，學生放學時熱愛於公園內遊憩，家長們也喜於至公園內休憩，另園內設有涼亭、觀賞魚池及組合遊具等相關休憩設施，是個多元化的都市附屬空間。\r\n", "pm_unit": "大同區公所", "pm_const_year": "1981", "pm_location": "延平北路三段99巷", "pm_LandPublicArea": 2141, "pm_opening_s": "00:00:00", "pm_opening_e": "24:00", "pm_libie": "國慶里", "pm_phone": "02-25975323#302", "pm_sports": "雙人肩關節康復器、單槓、三人扭腰器、腰背按摩器 ", "pm_recreation": "組合遊具", "pm_service": "涼亭", "pm_other": null, "pm_transit": "公車路線：搭206、255、274、641、669、704、785至天師宮下車後步行抵達", "pm_name_eng": "Datong Park", "pm_ecology": null, "pm_type": "公園", "pm_playtype": "一般", "pm_playarea": 64, "pm_description": null, "pm_playeq": "彈跳床,搖滾盤,攀爬組,磨石滑梯,搖搖樂,翹翹板,搖搖樂,組合遊具,搖搖樂,組合遊具,鞦韆,攀爬組,磨石滑梯,翹翹板,組合遊具,翹翹板,木樁區,盪鞦韆,平衡木,彈跳床,搖搖樂,組合遊具,翹翹板,旋轉台,戲沙坑遊戲桌,搖搖樂,攀爬組,旋轉飛輪,組合遊具,翹翹板,磨石滑梯,攀爬組,磨石子滑梯,翹翹板,彈跳床,鳥巢鞦韆,戲沙坑,攀爬組,組合遊具,攀爬組,站立式搖動設備,組合遊具,翹翹板,小石搬運,搖搖馬,組合遊具,數字造型跳樁及水管隧道,搖滾盤,X型翹翹板,組合遊具,搖搖樂,組合遊具,旋轉桶椅,大旋轉組,組合遊具,搖搖樂,磨石滑梯,鳥巢鞦韆,旋轉桶椅,組合遊具,組合遊具,組合遊具,搖搖馬,組合遊具,翹翹板,搖搖樂,組合遊具,組合遊具,磨石滑梯,鞦韆及鳥巢鞦韆,彈跳床,攀爬組,木隧道,組合遊具,仿古代程沈船遊具,攀爬繩網組,攀爬組,鳥巢鞦韆,輪胎鞦韆,尿布鞦韆,沙坑,磨石子滑梯,旋轉台,彈跳床,雙滑軌溜索,搖搖馬,翹翹板,組合遊具,搖搖馬,組合遊具,攀爬組,組合遊具,組合遊具,攀爬組,搖搖馬,磨石子滑梯,旋轉杯,組合遊具,組合遊具,組合遊具,大轉轉杯,搖搖樂,組合遊具,翹翹板,滑梯,彈跳床,戲沙坑,擺盪船索,攀爬組,旋轉組,磨石滑梯,組合遊具,特色溜滑梯,攀爬組,旋轉棒,叢林攀爬組,4人旋轉器,搖搖樂,磨石滑梯,翹翹板,搖搖樂,組合遊具,組合遊具,組合遊具,爬繩,組合遊具(叢林攀爬組),獨木橋,組合遊具,遊戲板,組合遊具,攀爬組,盪鞦韆,搖搖樂,組合遊具,組合遊具,旋轉盤,鞦韆,攀爬組,旋轉盤,搖搖樂,組合遊具,特色溜滑梯,攀爬組,跳樁,鞦韆,搖搖馬,組合遊具,蹺蹺板,組合遊具,搖搖樂,組合遊具,組合遊具2,翹翹板及搖搖馬,組合遊具,天空樹溜滑梯,戲沙坑,搖搖樂,旋轉拉環,組合遊具, X型翹翹板,鞦韆,攀爬組,搖搖樂,組合遊具(村莊高塔),鞦韆,攀爬遊戲組,彈跳床,投籃機,擺盪船索,攀爬組,旋轉台,組合遊具,組合遊具,旋轉陀螺,旋轉台,組合遊具,攀爬組,搖搖樂,翹翹板,磨石滑梯,搖搖樂,跳樁,搖搖樂,攀爬組,組合遊具(滑梯小屋),旋轉盤,組合遊具,鳥巢盪鞦韆及一般坐式盪鞦韆,蝴蝶翹翹板,特色旋轉盤,金字塔滑梯組,機車搖搖樂,遊戲板,造型攀爬牆,攀爬網,組合遊具(環繞競技場遊具組),鞦韆,體能訓練平衡組,礫石坑,獨木樁,蜻蜓點水,木橋,平衡木,平衡木,跳樁,遊戲板,隧道,組合遊具(叢林攀爬組),搖晃板,組合遊具,遊戲板,隧道,組合遊具(遊戲城堡),旋轉座椅,競技攀爬遊具組,龍舟特色遊具組,滑梯,擊鼓,搖搖樂,組合遊具,翹翹板,組合遊具,翹翹板,木作組合遊具,搖搖樂,城堡遊戲組,大轉轉杯,搖搖樂,磨石滑梯,攀爬組,鞦韆,搖搖樂,組合遊具,組合遊具,搖滾盤,旋轉球椅,愛的搖籃,組合遊具,搖搖樂,旋轉杯,翹翹板,組合遊具,搖搖樂,組合遊具,搖搖樂,組合遊具,搖搖樂,組合遊具,攀爬組,搖搖樂,組合遊具,搖搖樂,組合遊具,組合遊具,彩虹琴,旋轉音樂盒,遊戲礫石坑,彈跳節拍,搖搖樂,組合遊具,翹翹板,組合遊具,組合遊具,搖搖樂,組合遊具,組合遊具,搖搖樂,組合遊具,攀爬組合滑梯,搖搖樂,組合遊具,組合遊具,翹翹板,組合遊具,搖搖樂,組合遊具,翹翹板,組合遊具,搖搖樂,翹翹板,旋轉杯,旋轉棒,搖搖樂,磨石滑梯,組合遊具,搖搖樂,攀爬組,旋轉台,磨石滑梯,組合遊具,跳樁,組合遊具,組合遊具,組合遊具,音樂球、叮噹管、歡樂鼓,無障礙旋轉盤,無障礙鞦韆,遊戲牆,滾輪滑梯,鳥巢鞦韆,旋轉杯,旋轉棒,鞦韆,小木屋,山丘滑梯,戲沙坑,搖搖樂,攀爬組,5人轉轉盤,彈跳床,戲沙坑,組合遊具,旋轉台,旋轉杯,旋轉棒, 磨石滑梯,翹翹板,遊戲板,鞦韆,組合遊具,攀爬組,磨石滑梯,磨石滑梯,組合遊具,火車特色滑梯,鞦韆,樹蛙籃球框,組合遊具,組合遊具,組合遊具,翹翹板,組合遊具,組合遊具,組合遊具,組合遊具,組合遊具,沙坑遊戲板,環型天梯無障礙上肢設施,旋轉杯,戲沙坑,攀爬組,磨石滑梯,跳樁,遊戲板,組合遊具,磨石滑梯,組合遊具,搖搖樂,組合遊具,組合遊具,組合遊具,磨石滑梯,翹翹板,搖搖樂,組合遊具,搖搖樂,組合遊具,組合遊具,搖搖樂,組合遊具-1,攀爬組,鞦韆,大港墘公園-沙坑,大港墘公園-磨石滑梯,大港墘公園-魔力飛盤鞦韆,大港墘公園-管型山丘,攀爬組,翹翹板,遊戲體能組,搖搖樂,組合遊具,搖搖樂,組合遊具,搖搖樂,組合遊具,搖搖樂,組合遊具,組合遊具,磨石滑梯,組合遊具,搖搖樂,組合遊具,搖搖樂,組合遊具,翹翹板,搖搖樂,搖搖樂,組合遊具,搖搖樂,組合遊具,搖搖樂,組合遊具,彈跳床,戲沙坑,攀爬組,磨石滑梯,組合遊具,鞦韆,搖搖樂,組合遊具,磨石滑梯,搖搖樂,磨石滑梯,鞦韆,組合遊具,鞦韆,戲沙坑,擺盪船索,組合遊具,搖搖樂,組合遊具,組合遊具,組合遊具,組合遊具,搖搖樂,組合遊具,戲沙坑,旋轉台,組合遊具,鞦韆,組合遊具,組合遊具,磨石滑梯,鞦韆,搖搖樂,組合遊具,攀爬架,搖搖樂,組合遊具,搖搖樂,搖搖樂,組合遊具,組合遊具,磨石滑梯,翹翹板,攀爬架,戲沙坑,船型遊具組,鞦韆,組合遊具,天旋地轉,組合遊具,組合遊具,搖搖樂,大轉轉杯,組合遊具,平衡木,搖搖樂,磨石滑梯,翹翹板,鞦韆,溜滑梯組合遊具,搖搖樂,翹翹板,木製攀爬架,搖搖樂,磨石滑梯,組合遊具,翹翹板,鞦韆,組合遊具,搖搖樂,組合遊具", "ObjectId": 420}}, {"type": "Feature", "id": 422, "geometry": {"type": "Point", "coordinates": [121.51036835, 25.058660507]}, "properties": {"SeqNo": 478, "pm_name": "大稻埕公園", "pm_overview": "        大稻埕公園位於歸綏街216號對面，鄰近為迪化街年貨大街，逢年過節時，有著濃厚之過節氣氛，平日也有豐富之南北雜貨飄香氣味；係因鄰近李臨秋先生故居，故文化局於園內設置李臨秋先生生平簡介播放機組，提供來往民眾觀看。\r\n", "pm_unit": "大同區公所", "pm_const_year": "1999", "pm_location": "歸綏街241號隔壁", "pm_LandPublicArea": 3827, "pm_opening_s": "00:00:00", "pm_opening_e": "24:00", "pm_libie": "大有里", "pm_phone": "02-25975323#302", "pm_sports": "太空漫步機、大轉輪、單槓", "pm_recreation": "組合遊具", "pm_service": "涼亭", "pm_other": null, "pm_transit": "公車路線搭：搭9、206、274、669至民生西路口(大稻埕碼頭)下車後步行抵達", "pm_name_eng": "Dadaocheng Park", "pm_ecology": null, "pm_type": "公園", "pm_playtype": "特色", "pm_playarea": 130, "pm_description": null, "pm_playeq": "彈跳床,搖滾盤,攀爬組,磨石滑梯,搖搖樂,翹翹板,搖搖樂,組合遊具,搖搖樂,組合遊具,鞦韆,攀爬組,磨石滑梯,翹翹板,組合遊具,翹翹板,木樁區,盪鞦韆,平衡木,彈跳床,搖搖樂,組合遊具,翹翹板,旋轉台,戲沙坑遊戲桌,搖搖樂,攀爬組,旋轉飛輪,組合遊具,翹翹板,磨石滑梯,攀爬組,磨石子滑梯,翹翹板,彈跳床,鳥巢鞦韆,戲沙坑,攀爬組,組合遊具,攀爬組,站立式搖動設備,組合遊具,翹翹板,小石搬運,搖搖馬,組合遊具,數字造型跳樁及水管隧道,搖滾盤,X型翹翹板,組合遊具,搖搖樂,組合遊具,旋轉桶椅,大旋轉組,組合遊具,搖搖樂,磨石滑梯,鳥巢鞦韆,旋轉桶椅,組合遊具,組合遊具,組合遊具,搖搖馬,組合遊具,翹翹板,搖搖樂,組合遊具,組合遊具,磨石滑梯,鞦韆及鳥巢鞦韆,彈跳床,攀爬組,木隧道,組合遊具,仿古代程沈船遊具,攀爬繩網組,攀爬組,鳥巢鞦韆,輪胎鞦韆,尿布鞦韆,沙坑,磨石子滑梯,旋轉台,彈跳床,雙滑軌溜索,搖搖馬,翹翹板,組合遊具,搖搖馬,組合遊具,攀爬組,組合遊具,組合遊具,攀爬組,搖搖馬,磨石子滑梯,旋轉杯,組合遊具,組合遊具,組合遊具,大轉轉杯,搖搖樂,組合遊具,翹翹板,滑梯,彈跳床,戲沙坑,擺盪船索,攀爬組,旋轉組,磨石滑梯,組合遊具,特色溜滑梯,攀爬組,旋轉棒,叢林攀爬組,4人旋轉器,搖搖樂,磨石滑梯,翹翹板,搖搖樂,組合遊具,組合遊具,組合遊具,爬繩,組合遊具(叢林攀爬組),獨木橋,組合遊具,遊戲板,組合遊具,攀爬組,盪鞦韆,搖搖樂,組合遊具,組合遊具,旋轉盤,鞦韆,攀爬組,旋轉盤,搖搖樂,組合遊具,特色溜滑梯,攀爬組,跳樁,鞦韆,搖搖馬,組合遊具,蹺蹺板,組合遊具,搖搖樂,組合遊具,組合遊具2,翹翹板及搖搖馬,組合遊具,天空樹溜滑梯,戲沙坑,搖搖樂,旋轉拉環,組合遊具, X型翹翹板,鞦韆,攀爬組,搖搖樂,組合遊具(村莊高塔),鞦韆,攀爬遊戲組,彈跳床,投籃機,擺盪船索,攀爬組,旋轉台,組合遊具,組合遊具,旋轉陀螺,旋轉台,組合遊具,攀爬組,搖搖樂,翹翹板,磨石滑梯,搖搖樂,跳樁,搖搖樂,攀爬組,組合遊具(滑梯小屋),旋轉盤,組合遊具,鳥巢盪鞦韆及一般坐式盪鞦韆,蝴蝶翹翹板,特色旋轉盤,金字塔滑梯組,機車搖搖樂,遊戲板,造型攀爬牆,攀爬網,組合遊具(環繞競技場遊具組),鞦韆,體能訓練平衡組,礫石坑,獨木樁,蜻蜓點水,木橋,平衡木,平衡木,跳樁,遊戲板,隧道,組合遊具(叢林攀爬組),搖晃板,組合遊具,遊戲板,隧道,組合遊具(遊戲城堡),旋轉座椅,競技攀爬遊具組,龍舟特色遊具組,滑梯,擊鼓,搖搖樂,組合遊具,翹翹板,組合遊具,翹翹板,木作組合遊具,搖搖樂,城堡遊戲組,大轉轉杯,搖搖樂,磨石滑梯,攀爬組,鞦韆,搖搖樂,組合遊具,組合遊具,搖滾盤,旋轉球椅,愛的搖籃,組合遊具,搖搖樂,旋轉杯,翹翹板,組合遊具,搖搖樂,組合遊具,搖搖樂,組合遊具,搖搖樂,組合遊具,攀爬組,搖搖樂,組合遊具,搖搖樂,組合遊具,組合遊具,彩虹琴,旋轉音樂盒,遊戲礫石坑,彈跳節拍,搖搖樂,組合遊具,翹翹板,組合遊具,組合遊具,搖搖樂,組合遊具,組合遊具,搖搖樂,組合遊具,攀爬組合滑梯,搖搖樂,組合遊具,組合遊具,翹翹板,組合遊具,搖搖樂,組合遊具,翹翹板,組合遊具,搖搖樂,翹翹板,旋轉杯,旋轉棒,搖搖樂,磨石滑梯,組合遊具,搖搖樂,攀爬組,旋轉台,磨石滑梯,組合遊具,跳樁,組合遊具,組合遊具,組合遊具,音樂球、叮噹管、歡樂鼓,無障礙旋轉盤,無障礙鞦韆,遊戲牆,滾輪滑梯,鳥巢鞦韆,旋轉杯,旋轉棒,鞦韆,小木屋,山丘滑梯,戲沙坑,搖搖樂,攀爬組,5人轉轉盤,彈跳床,戲沙坑,組合遊具,旋轉台,旋轉杯,旋轉棒, 磨石滑梯,翹翹板,遊戲板,鞦韆,組合遊具,攀爬組,磨石滑梯,磨石滑梯,組合遊具,火車特色滑梯,鞦韆,樹蛙籃球框,組合遊具,組合遊具,組合遊具,翹翹板,組合遊具,組合遊具,組合遊具,組合遊具,組合遊具,沙坑遊戲板,環型天梯無障礙上肢設施,旋轉杯,戲沙坑,攀爬組,磨石滑梯,跳樁,遊戲板,組合遊具,磨石滑梯,組合遊具,搖搖樂,組合遊具,組合遊具,組合遊具,磨石滑梯,翹翹板,搖搖樂,組合遊具,搖搖樂,組合遊具,組合遊具,搖搖樂,組合遊具-1,攀爬組,鞦韆,大港墘公園-沙坑,大港墘公園-磨石滑梯,大港墘公園-魔力飛盤鞦韆,大港墘公園-管型山丘,攀爬組,翹翹板,遊戲體能組,搖搖樂,組合遊具,搖搖樂,組合遊具,搖搖樂,組合遊具,搖搖樂,組合遊具,組合遊具,磨石滑梯,組合遊具,搖搖樂,組合遊具,搖搖樂,組合遊具,翹翹板,搖搖樂,搖搖樂,組合遊具,搖搖樂,組合遊具,搖搖樂,組合遊具,彈跳床,戲沙坑,攀爬組,磨石滑梯,組合遊具,鞦韆,搖搖樂,組合遊具,磨石滑梯,搖搖樂,磨石滑梯,鞦韆,組合遊具,鞦韆,戲沙坑,擺盪船索,組合遊具,搖搖樂,組合遊具,組合遊具,組合遊具,組合遊具,搖搖樂,組合遊具,戲沙坑,旋轉台,組合遊具,鞦韆,組合遊具,組合遊具,磨石滑梯,鞦韆,搖搖樂,組合遊具,攀爬架,搖搖樂,組合遊具,搖搖樂,搖搖樂,組合遊具,組合遊具,磨石滑梯,翹翹板,攀爬架,戲沙坑,船型遊具組,鞦韆,組合遊具,天旋地轉,組合遊具,組合遊具,搖搖樂,大轉轉杯,組合遊具,平衡木,搖搖樂,磨石滑梯,翹翹板,鞦韆,溜滑梯組合遊具,搖搖樂,翹翹板,木製攀爬架,搖搖樂,磨石滑梯,組合遊具,翹翹板,鞦韆,組合遊具,搖搖樂,組合遊具,組合遊具", "ObjectId": 422}}, {"type": "Feature", "id": 430, "geometry": {"type": "Point", "coordinates": [121.50765228, 25.049930573]}, "properties": {"SeqNo": 442, "pm_name": "玉泉公園", "pm_overview": "　　玉泉公園位於「臺北車站特定專用區」內，公園面積約為1.9公頃，於民國92年底完工，全區規劃係以整體生態環境為優先考量，除了增設游泳池外，同時重新規劃闢建公園綠地及遊憩設施，包括市民活動廣場、陽光草坪、兒童遊戲場、林蔭廊道與多層次植栽，利用人行道系統串連成完整的休憩空間。玉泉公園不但活化「大稻埕」的歷史風貌，更塑造成為臺北城的「門戶」，同時創造出一個優質多元的休憩空間。\r\n　　公園內有一座與喬木結合為一體的木平台，其設計導入樹屋概念，在挑高木平台提供樹木生長空間的同時，也提供民眾親近植物與教育解說的機會，是難能可貴的設計。公園內原有之樹木及綠覆面積皆儘可能保留，運用園景設計手法，使現代化建築與植栽融合為一體，相互輝映；同時利用環狀人行步道系統串連各個活動區成完整的休憩空間，黑板樹蔭下人行步道特別增設距離標示，以利使用者計算運動距離；泳池前廣場植有樹形優美小葉欖仁，是居民舉辦活動、社區互動的最佳場所。除此之外，公園內還有苦楝、臺灣欒樹、流蘇、蒲葵、緬梔與榕樹等各種喬木與多種灌木的複層栽植，讓市民能充分感受都市綠洲中的自然洗禮。 　　\r\n        玉泉公園的溫水游泳池，開放時間為每日上午5時30分至晚間22時，多功能溫水泳池包含了完善的SPA按摩池、烤箱、蒸氣室等，充滿熱帶風情，是市中心少數的平價泳池，亦是周邊居民重要的休閒去處。玉泉公園為市民創造一個舒適、健康、休閒、運動並兼顧自然生態與防災之多功能遊憩空間，歡迎大家一起來體驗，共同營造彩色、健康的人生。", "pm_unit": "圓山公園管理所", "pm_const_year": "1994", "pm_location": "西寧北路28號", "pm_LandPublicArea": 19265, "pm_opening_s": "00:00:00", "pm_opening_e": "24:00", "pm_libie": "玉泉里", "pm_phone": "里辦公室電話02-25522093", "pm_sports": "引體向上、雙人大轉輪、撐體向上、垂直梯、仰臥舉腿、水平吊梯、滑雪器", "pm_recreation": "組合遊具、盪鞦韆、搖搖馬", "pm_service": "游泳池、廁所、涼亭、直飲台", "pm_other": null, "pm_transit": "捷運路線：搭松山新店線至北門捷運站3號出口後步行抵達", "pm_name_eng": "Yuquan Park", "pm_ecology": null, "pm_type": "公園", "pm_playtype": "共融", "pm_playarea": 456, "pm_description": "玉泉公園遊具設施包含有「火車主題式遊具組」、「共融式綜合鞦韆組」、「擺盪螺旋跳跳樂」、「搖搖馬」等，遊具兼具攀爬、平面式繩索訓練平衡感、旋轉、飛躍等不同遊戲功能，遊玩的同時循序漸進地強化孩童們身體協調能力。", "pm_playeq": "彈跳床,搖滾盤,攀爬組,磨石滑梯,搖搖樂,翹翹板,搖搖樂,組合遊具,搖搖樂,組合遊具,鞦韆,攀爬組,磨石滑梯,翹翹板,組合遊具,翹翹板,木樁區,盪鞦韆,平衡木,彈跳床,搖搖樂,組合遊具,翹翹板,旋轉台,戲沙坑遊戲桌,搖搖樂,攀爬組,旋轉飛輪,組合遊具,翹翹板,磨石滑梯,攀爬組,磨石子滑梯,翹翹板,彈跳床,鳥巢鞦韆,戲沙坑,攀爬組,組合遊具,攀爬組,站立式搖動設備,組合遊具,翹翹板,小石搬運,搖搖馬,組合遊具,數字造型跳樁及水管隧道,搖滾盤,X型翹翹板,組合遊具,搖搖樂,組合遊具,旋轉桶椅,大旋轉組,組合遊具,搖搖樂,磨石滑梯,鳥巢鞦韆,旋轉桶椅,組合遊具,組合遊具,組合遊具,搖搖馬,組合遊具,翹翹板,搖搖樂,組合遊具,組合遊具,磨石滑梯,鞦韆及鳥巢鞦韆,彈跳床,攀爬組,木隧道,組合遊具,仿古代程沈船遊具,攀爬繩網組,攀爬組,鳥巢鞦韆,輪胎鞦韆,尿布鞦韆,沙坑,磨石子滑梯,旋轉台,彈跳床,雙滑軌溜索,搖搖馬,翹翹板,組合遊具,搖搖馬,組合遊具,攀爬組,組合遊具,組合遊具,攀爬組,搖搖馬,磨石子滑梯,旋轉杯,組合遊具,組合遊具,組合遊具,大轉轉杯,搖搖樂,組合遊具,翹翹板,滑梯,彈跳床,戲沙坑,擺盪船索,攀爬組,旋轉組,磨石滑梯,組合遊具,特色溜滑梯,攀爬組,旋轉棒,叢林攀爬組,4人旋轉器,搖搖樂,磨石滑梯,翹翹板,搖搖樂,組合遊具,組合遊具,組合遊具,爬繩,組合遊具(叢林攀爬組),獨木橋,組合遊具,遊戲板,組合遊具,攀爬組,盪鞦韆,搖搖樂,組合遊具,組合遊具,旋轉盤,鞦韆,攀爬組,旋轉盤,搖搖樂,組合遊具,特色溜滑梯,攀爬組,跳樁,鞦韆,搖搖馬,組合遊具,蹺蹺板,組合遊具,搖搖樂,組合遊具,組合遊具2,翹翹板及搖搖馬,組合遊具,天空樹溜滑梯,戲沙坑,搖搖樂,旋轉拉環,組合遊具, X型翹翹板,鞦韆,攀爬組,搖搖樂,組合遊具(村莊高塔),鞦韆,攀爬遊戲組,彈跳床,投籃機,擺盪船索,攀爬組,旋轉台,組合遊具,組合遊具,旋轉陀螺,旋轉台,組合遊具,攀爬組,搖搖樂,翹翹板,磨石滑梯,搖搖樂,跳樁,搖搖樂,攀爬組,組合遊具(滑梯小屋),旋轉盤,組合遊具,鳥巢盪鞦韆及一般坐式盪鞦韆,蝴蝶翹翹板,特色旋轉盤,金字塔滑梯組,機車搖搖樂,遊戲板,造型攀爬牆,攀爬網,組合遊具(環繞競技場遊具組),鞦韆,體能訓練平衡組,礫石坑,獨木樁,蜻蜓點水,木橋,平衡木,平衡木,跳樁,遊戲板,隧道,組合遊具(叢林攀爬組),搖晃板,組合遊具,遊戲板,隧道,組合遊具(遊戲城堡),旋轉座椅,競技攀爬遊具組,龍舟特色遊具組,滑梯,擊鼓,搖搖樂,組合遊具,翹翹板,組合遊具,翹翹板,木作組合遊具,搖搖樂,城堡遊戲組,大轉轉杯,搖搖樂,磨石滑梯,攀爬組,鞦韆,搖搖樂,組合遊具,組合遊具,搖滾盤,旋轉球椅,愛的搖籃,組合遊具,搖搖樂,旋轉杯,翹翹板,組合遊具,搖搖樂,組合遊具,搖搖樂,組合遊具,搖搖樂,組合遊具,攀爬組,搖搖樂,組合遊具,搖搖樂,組合遊具,組合遊具,彩虹琴,旋轉音樂盒,遊戲礫石坑,彈跳節拍,搖搖樂,組合遊具,翹翹板,組合遊具,組合遊具,搖搖樂,組合遊具,組合遊具,搖搖樂,組合遊具,攀爬組合滑梯,搖搖樂,組合遊具,組合遊具,翹翹板,組合遊具,搖搖樂,組合遊具,翹翹板,組合遊具,搖搖樂,翹翹板,旋轉杯,旋轉棒,搖搖樂,磨石滑梯,組合遊具,搖搖樂,攀爬組,旋轉台,磨石滑梯,組合遊具,跳樁,組合遊具,組合遊具,組合遊具,音樂球、叮噹管、歡樂鼓,無障礙旋轉盤,無障礙鞦韆,遊戲牆,滾輪滑梯,鳥巢鞦韆,旋轉杯,旋轉棒,鞦韆,小木屋,山丘滑梯,戲沙坑,搖搖樂,攀爬組,5人轉轉盤,彈跳床,戲沙坑,組合遊具,旋轉台,旋轉杯,旋轉棒, 磨石滑梯,翹翹板,遊戲板,鞦韆,組合遊具,攀爬組,磨石滑梯,磨石滑梯,組合遊具,火車特色滑梯,鞦韆,樹蛙籃球框,組合遊具,組合遊具,組合遊具,翹翹板,組合遊具,組合遊具,組合遊具,組合遊具,組合遊具,沙坑遊戲板,環型天梯無障礙上肢設施,旋轉杯,戲沙坑,攀爬組,磨石滑梯,跳樁,遊戲板,組合遊具,磨石滑梯,組合遊具,搖搖樂,組合遊具,組合遊具,組合遊具,磨石滑梯,翹翹板,搖搖樂,組合遊具,搖搖樂,組合遊具,組合遊具,搖搖樂,組合遊具-1,攀爬組,鞦韆,大港墘公園-沙坑,大港墘公園-磨石滑梯,大港墘公園-魔力飛盤鞦韆,大港墘公園-管型山丘,攀爬組,翹翹板,遊戲體能組,搖搖樂,組合遊具,搖搖樂,組合遊具,搖搖樂,組合遊具,搖搖樂,組合遊具,組合遊具,磨石滑梯,組合遊具,搖搖樂,組合遊具,搖搖樂,組合遊具,翹翹板,搖搖樂,搖搖樂,組合遊具,搖搖樂,組合遊具,搖搖樂,組合遊具,彈跳床,戲沙坑,攀爬組,磨石滑梯,組合遊具,鞦韆,搖搖樂,組合遊具,磨石滑梯,搖搖樂,磨石滑梯,鞦韆,組合遊具,鞦韆,戲沙坑,擺盪船索,組合遊具,搖搖樂,組合遊具,組合遊具,組合遊具,組合遊具,搖搖樂,組合遊具,戲沙坑,旋轉台,組合遊具,鞦韆,組合遊具,組合遊具,磨石滑梯,鞦韆,搖搖樂,組合遊具,攀爬架,搖搖樂,組合遊具,搖搖樂,搖搖樂,組合遊具,組合遊具,磨石滑梯,翹翹板,攀爬架,戲沙坑,船型遊具組,鞦韆,組合遊具,天旋地轉,組合遊具,組合遊具,搖搖樂,大轉轉杯,組合遊具,平衡木,搖搖樂,磨石滑梯,翹翹板,鞦韆,溜滑梯組合遊具,搖搖樂,翹翹板,木製攀爬架,搖搖樂,磨石滑梯,組合遊具,翹翹板,鞦韆,組合遊具,搖搖樂,組合遊具,組合遊具,組合遊具,擺盪螺旋跳跳樂,搖搖樂,攀爬組,磨石滑梯,鞦韆", "ObjectId": 430}}, {"type": "Feature", "id": 433, "geometry": {"type": "Point", "coordinates": [121.50861359, 25.057880402]}, "properties": {"SeqNo": 114, "pm_name": "忠和公園", "pm_overview": "        忠和公園位於環河北路1段及歸綏街口，鄰近為迪化街年貨大街，逢年過節時，有著濃厚之過節氣氛，熙來攘往採購中藥材及南北雜貨的餐館老師傅或是慕名而至的國外觀光客，則為平日的歸綏街帶來新舊的撞擊，園內設有組合遊具等相關休憩設施。\r\n", "pm_unit": "大同區公所", "pm_const_year": "1989", "pm_location": "歸綏街250巷", "pm_LandPublicArea": 849, "pm_opening_s": "00:00:00", "pm_opening_e": "24:00", "pm_libie": "大有里", "pm_phone": "02-25975323#302", "pm_sports": "高低槓 、三人扭腰器 、太空漫步機", "pm_recreation": "組合遊具", "pm_service": null, "pm_other": null, "pm_transit": "公車路線：搭9、206、274、669至民生西路口(大稻埕碼頭)下車後步行抵達", "pm_name_eng": "Zhonghe Park", "pm_ecology": null, "pm_type": "公園", "pm_playtype": "一般", "pm_playarea": 92, "pm_description": null, "pm_playeq": "彈跳床,搖滾盤,攀爬組,磨石滑梯,搖搖樂,翹翹板,搖搖樂,組合遊具,搖搖樂,組合遊具,鞦韆,攀爬組,磨石滑梯,翹翹板,組合遊具,翹翹板,木樁區,盪鞦韆,平衡木,彈跳床,搖搖樂,組合遊具,翹翹板,旋轉台,戲沙坑遊戲桌,搖搖樂,攀爬組,旋轉飛輪,組合遊具,翹翹板,磨石滑梯,攀爬組,磨石子滑梯,翹翹板,彈跳床,鳥巢鞦韆,戲沙坑,攀爬組,組合遊具,攀爬組,站立式搖動設備,組合遊具,翹翹板,小石搬運,搖搖馬,組合遊具,數字造型跳樁及水管隧道,搖滾盤,X型翹翹板,組合遊具,搖搖樂,組合遊具,旋轉桶椅,大旋轉組,組合遊具,搖搖樂,磨石滑梯,鳥巢鞦韆,旋轉桶椅,組合遊具,組合遊具,組合遊具,搖搖馬,組合遊具,翹翹板,搖搖樂,組合遊具,組合遊具,磨石滑梯,鞦韆及鳥巢鞦韆,彈跳床,攀爬組,木隧道,組合遊具,仿古代程沈船遊具,攀爬繩網組,攀爬組,鳥巢鞦韆,輪胎鞦韆,尿布鞦韆,沙坑,磨石子滑梯,旋轉台,彈跳床,雙滑軌溜索,搖搖馬,翹翹板,組合遊具,搖搖馬,組合遊具,攀爬組,組合遊具,組合遊具,攀爬組,搖搖馬,磨石子滑梯,旋轉杯,組合遊具,組合遊具,組合遊具,大轉轉杯,搖搖樂,組合遊具,翹翹板,滑梯,彈跳床,戲沙坑,擺盪船索,攀爬組,旋轉組,磨石滑梯,組合遊具,特色溜滑梯,攀爬組,旋轉棒,叢林攀爬組,4人旋轉器,搖搖樂,磨石滑梯,翹翹板,搖搖樂,組合遊具,組合遊具,組合遊具,爬繩,組合遊具(叢林攀爬組),獨木橋,組合遊具,遊戲板,組合遊具,攀爬組,盪鞦韆,搖搖樂,組合遊具,組合遊具,旋轉盤,鞦韆,攀爬組,旋轉盤,搖搖樂,組合遊具,特色溜滑梯,攀爬組,跳樁,鞦韆,搖搖馬,組合遊具,蹺蹺板,組合遊具,搖搖樂,組合遊具,組合遊具2,翹翹板及搖搖馬,組合遊具,天空樹溜滑梯,戲沙坑,搖搖樂,旋轉拉環,組合遊具, X型翹翹板,鞦韆,攀爬組,搖搖樂,組合遊具(村莊高塔),鞦韆,攀爬遊戲組,彈跳床,投籃機,擺盪船索,攀爬組,旋轉台,組合遊具,組合遊具,旋轉陀螺,旋轉台,組合遊具,攀爬組,搖搖樂,翹翹板,磨石滑梯,搖搖樂,跳樁,搖搖樂,攀爬組,組合遊具(滑梯小屋),旋轉盤,組合遊具,鳥巢盪鞦韆及一般坐式盪鞦韆,蝴蝶翹翹板,特色旋轉盤,金字塔滑梯組,機車搖搖樂,遊戲板,造型攀爬牆,攀爬網,組合遊具(環繞競技場遊具組),鞦韆,體能訓練平衡組,礫石坑,獨木樁,蜻蜓點水,木橋,平衡木,平衡木,跳樁,遊戲板,隧道,組合遊具(叢林攀爬組),搖晃板,組合遊具,遊戲板,隧道,組合遊具(遊戲城堡),旋轉座椅,競技攀爬遊具組,龍舟特色遊具組,滑梯,擊鼓,搖搖樂,組合遊具,翹翹板,組合遊具,翹翹板,木作組合遊具,搖搖樂,城堡遊戲組,大轉轉杯,搖搖樂,磨石滑梯,攀爬組,鞦韆,搖搖樂,組合遊具,組合遊具,搖滾盤,旋轉球椅,愛的搖籃,組合遊具,搖搖樂,旋轉杯,翹翹板,組合遊具,搖搖樂,組合遊具,搖搖樂,組合遊具,搖搖樂,組合遊具,攀爬組,搖搖樂,組合遊具,搖搖樂,組合遊具,組合遊具,彩虹琴,旋轉音樂盒,遊戲礫石坑,彈跳節拍,搖搖樂,組合遊具,翹翹板,組合遊具,組合遊具,搖搖樂,組合遊具,組合遊具,搖搖樂,組合遊具,攀爬組合滑梯,搖搖樂,組合遊具,組合遊具,翹翹板,組合遊具,搖搖樂,組合遊具,翹翹板,組合遊具,搖搖樂,翹翹板,旋轉杯,旋轉棒,搖搖樂,磨石滑梯,組合遊具,搖搖樂,攀爬組,旋轉台,磨石滑梯,組合遊具,跳樁,組合遊具,組合遊具,組合遊具,音樂球、叮噹管、歡樂鼓,無障礙旋轉盤,無障礙鞦韆,遊戲牆,滾輪滑梯,鳥巢鞦韆,旋轉杯,旋轉棒,鞦韆,小木屋,山丘滑梯,戲沙坑,搖搖樂,攀爬組,5人轉轉盤,彈跳床,戲沙坑,組合遊具,旋轉台,旋轉杯,旋轉棒, 磨石滑梯,翹翹板,遊戲板,鞦韆,組合遊具,攀爬組,磨石滑梯,磨石滑梯,組合遊具,火車特色滑梯,鞦韆,樹蛙籃球框,組合遊具,組合遊具,組合遊具,翹翹板,組合遊具,組合遊具,組合遊具,組合遊具,組合遊具,沙坑遊戲板,環型天梯無障礙上肢設施,旋轉杯,戲沙坑,攀爬組,磨石滑梯,跳樁,遊戲板,組合遊具,磨石滑梯,組合遊具,搖搖樂,組合遊具,組合遊具,組合遊具,磨石滑梯,翹翹板,搖搖樂,組合遊具,搖搖樂,組合遊具,組合遊具,搖搖樂,組合遊具-1,攀爬組,鞦韆,大港墘公園-沙坑,大港墘公園-磨石滑梯,大港墘公園-魔力飛盤鞦韆,大港墘公園-管型山丘,攀爬組,翹翹板,遊戲體能組,搖搖樂,組合遊具,搖搖樂,組合遊具,搖搖樂,組合遊具,搖搖樂,組合遊具,組合遊具,磨石滑梯,組合遊具,搖搖樂,組合遊具,搖搖樂,組合遊具,翹翹板,搖搖樂,搖搖樂,組合遊具,搖搖樂,組合遊具,搖搖樂,組合遊具,彈跳床,戲沙坑,攀爬組,磨石滑梯,組合遊具,鞦韆,搖搖樂,組合遊具,磨石滑梯,搖搖樂,磨石滑梯,鞦韆,組合遊具,鞦韆,戲沙坑,擺盪船索,組合遊具,搖搖樂,組合遊具,組合遊具,組合遊具,組合遊具,搖搖樂,組合遊具,戲沙坑,旋轉台,組合遊具,鞦韆,組合遊具,組合遊具,磨石滑梯,鞦韆,搖搖樂,組合遊具,攀爬架,搖搖樂,組合遊具,搖搖樂,搖搖樂,組合遊具,組合遊具,磨石滑梯,翹翹板,攀爬架,戲沙坑,船型遊具組,鞦韆,組合遊具,天旋地轉,組合遊具,組合遊具,搖搖樂,大轉轉杯,組合遊具,平衡木,搖搖樂,磨石滑梯,翹翹板,鞦韆,溜滑梯組合遊具,搖搖樂,翹翹板,木製攀爬架,搖搖樂,磨石滑梯,組合遊具,翹翹板,鞦韆,組合遊具,搖搖樂,組合遊具,組合遊具,組合遊具,擺盪螺旋跳跳樂,搖搖樂,攀爬組,磨石滑梯,鞦韆,組合遊具,鞦韆,組合遊具", "ObjectId": 433}}, {"type": "Feature", "id": 440, "geometry": {"type": "Point", "coordinates": [121.51822662, 25.0540905]}, "properties": {"SeqNo": 287, "pm_name": "建成公園", "pm_overview": "　　當時，1937年「下奎府町兒童遊園地」名稱開園，是一座以兒童為對象的公園。戰後，合併下奎府町、建成町、上奎府町為建成區，因此「下奎府町兒童遊園地」改名為「建成公園」。民國101年3月興建地下停車場，併同地面層重新改造完成，公園面積佔地10,640平方公尺。 \r\n當時，1937年「下奎府町兒童遊園地」名稱開園，是一座以兒童為對象的公園。戰後，合併下奎府町、建成町、上奎府町為建成區，因此「下奎府町兒童遊園地」改名為「建成公園」。民國101年3月興建地下停車場，併同地面層重新改造完成，公園面積佔地10,640平方公尺。 　　建成公園位於大同區光能里，承德路與南京西路口。西南側是日新國小、圓環夜市及後火車站五金及服飾等批發市場所在地，公園西側緊鄰承德路，東南側是捷運中山站南京西路商區，近年來結合里民及當地藝術家進行裝置藝術，將光能里巷弄及建成公園營造為充滿文意氣息的社區，與中山商區串聯，帶動整體發展，賦予老舊社區新的生命。 　　\r\n        公園設施相當完備，包括有九重葛入口花廊白的棋桌、籃球場、下凹式的兒童遊戲場、體健設施等另設有遮風避雨的休憩區。園內綠草如茵的陽光草坪、朴樹、苦楝、成群的蓮霧。有四季變化紫色的艷紫荊、橘紅的火焰木、金黃色的阿勃勒、蒲葵、亞歷山大、大王椰子、黃椰子、印度橡膠環繞公園，公園周邊楓香林立讓您彷彿置身在風情萬種的熱帶國度！ 　　\r\n        白頭翁、五色鳥、珠頸斑鳩、麻雀在林間高聲嘻戲，為公園增添無限歡樂的氣氛，尤其瞧見鳳斑蛾在茄苳樹下努力產卵的那一剎那，更讚嘆萬物之奧妙。您何不暫時放下一切，帶著全家大小，隨著我們的腳步來發掘身邊數不盡的生態寶藏！", "pm_unit": "圓山公園管理所", "pm_const_year": "1980", "pm_location": "承德路二段35號旁", "pm_LandPublicArea": 10640, "pm_opening_s": "00:00:00", "pm_opening_e": "24:00", "pm_libie": "光能里", "pm_phone": "里辦公室電話02-25598984", "pm_sports": "雙人扭腰訓練器、仰臥起坐、雙人漫步機、雙人滑雪器、單槓", "pm_recreation": "打鐵舖高塔滑梯、共融多人蹺蹺板、共融滾輪滑梯、共融多人轉轉盤、共融音樂響板、共融鞦韆組", "pm_service": "籃球場、涼亭", "pm_other": null, "pm_transit": "捷運路線：搭淡水信義線與松山新店線至中山捷運站5號出口後步行抵達，公車路線：搭26、266、266區、292、 292副 、304承德、756\n，至建成公園站", "pm_name_eng": "Jiancheng Park", "pm_ecology": null, "pm_type": "公園", "pm_playtype": "共融", "pm_playarea": 510, "pm_description": null, "pm_playeq": "彈跳床,搖滾盤,攀爬組,磨石滑梯,搖搖樂,翹翹板,搖搖樂,組合遊具,搖搖樂,組合遊具,鞦韆,攀爬組,磨石滑梯,翹翹板,組合遊具,翹翹板,木樁區,盪鞦韆,平衡木,彈跳床,搖搖樂,組合遊具,翹翹板,旋轉台,戲沙坑遊戲桌,搖搖樂,攀爬組,旋轉飛輪,組合遊具,翹翹板,磨石滑梯,攀爬組,磨石子滑梯,翹翹板,彈跳床,鳥巢鞦韆,戲沙坑,攀爬組,組合遊具,攀爬組,站立式搖動設備,組合遊具,翹翹板,小石搬運,搖搖馬,組合遊具,數字造型跳樁及水管隧道,搖滾盤,X型翹翹板,組合遊具,搖搖樂,組合遊具,旋轉桶椅,大旋轉組,組合遊具,搖搖樂,磨石滑梯,鳥巢鞦韆,旋轉桶椅,組合遊具,組合遊具,組合遊具,搖搖馬,組合遊具,翹翹板,搖搖樂,組合遊具,組合遊具,磨石滑梯,鞦韆及鳥巢鞦韆,彈跳床,攀爬組,木隧道,組合遊具,仿古代程沈船遊具,攀爬繩網組,攀爬組,鳥巢鞦韆,輪胎鞦韆,尿布鞦韆,沙坑,磨石子滑梯,旋轉台,彈跳床,雙滑軌溜索,搖搖馬,翹翹板,組合遊具,搖搖馬,組合遊具,攀爬組,組合遊具,組合遊具,攀爬組,搖搖馬,磨石子滑梯,旋轉杯,組合遊具,組合遊具,組合遊具,大轉轉杯,搖搖樂,組合遊具,翹翹板,滑梯,彈跳床,戲沙坑,擺盪船索,攀爬組,旋轉組,磨石滑梯,組合遊具,特色溜滑梯,攀爬組,旋轉棒,叢林攀爬組,4人旋轉器,搖搖樂,磨石滑梯,翹翹板,搖搖樂,組合遊具,組合遊具,組合遊具,爬繩,組合遊具(叢林攀爬組),獨木橋,組合遊具,遊戲板,組合遊具,攀爬組,盪鞦韆,搖搖樂,組合遊具,組合遊具,旋轉盤,鞦韆,攀爬組,旋轉盤,搖搖樂,組合遊具,特色溜滑梯,攀爬組,跳樁,鞦韆,搖搖馬,組合遊具,蹺蹺板,組合遊具,搖搖樂,組合遊具,組合遊具2,翹翹板及搖搖馬,組合遊具,天空樹溜滑梯,戲沙坑,搖搖樂,旋轉拉環,組合遊具, X型翹翹板,鞦韆,攀爬組,搖搖樂,組合遊具(村莊高塔),鞦韆,攀爬遊戲組,彈跳床,投籃機,擺盪船索,攀爬組,旋轉台,組合遊具,組合遊具,旋轉陀螺,旋轉台,組合遊具,攀爬組,搖搖樂,翹翹板,磨石滑梯,搖搖樂,跳樁,搖搖樂,攀爬組,組合遊具(滑梯小屋),旋轉盤,組合遊具,鳥巢盪鞦韆及一般坐式盪鞦韆,蝴蝶翹翹板,特色旋轉盤,金字塔滑梯組,機車搖搖樂,遊戲板,造型攀爬牆,攀爬網,組合遊具(環繞競技場遊具組),鞦韆,體能訓練平衡組,礫石坑,獨木樁,蜻蜓點水,木橋,平衡木,平衡木,跳樁,遊戲板,隧道,組合遊具(叢林攀爬組),搖晃板,組合遊具,遊戲板,隧道,組合遊具(遊戲城堡),旋轉座椅,競技攀爬遊具組,龍舟特色遊具組,滑梯,擊鼓,搖搖樂,組合遊具,翹翹板,組合遊具,翹翹板,木作組合遊具,搖搖樂,城堡遊戲組,大轉轉杯,搖搖樂,磨石滑梯,攀爬組,鞦韆,搖搖樂,組合遊具,組合遊具,搖滾盤,旋轉球椅,愛的搖籃,組合遊具,搖搖樂,旋轉杯,翹翹板,組合遊具,搖搖樂,組合遊具,搖搖樂,組合遊具,搖搖樂,組合遊具,攀爬組,搖搖樂,組合遊具,搖搖樂,組合遊具,組合遊具,彩虹琴,旋轉音樂盒,遊戲礫石坑,彈跳節拍,搖搖樂,組合遊具,翹翹板,組合遊具,組合遊具,搖搖樂,組合遊具,組合遊具,搖搖樂,組合遊具,攀爬組合滑梯,搖搖樂,組合遊具,組合遊具,翹翹板,組合遊具,搖搖樂,組合遊具,翹翹板,組合遊具,搖搖樂,翹翹板,旋轉杯,旋轉棒,搖搖樂,磨石滑梯,組合遊具,搖搖樂,攀爬組,旋轉台,磨石滑梯,組合遊具,跳樁,組合遊具,組合遊具,組合遊具,音樂球、叮噹管、歡樂鼓,無障礙旋轉盤,無障礙鞦韆,遊戲牆,滾輪滑梯,鳥巢鞦韆,旋轉杯,旋轉棒,鞦韆,小木屋,山丘滑梯,戲沙坑,搖搖樂,攀爬組,5人轉轉盤,彈跳床,戲沙坑,組合遊具,旋轉台,旋轉杯,旋轉棒, 磨石滑梯,翹翹板,遊戲板,鞦韆,組合遊具,攀爬組,磨石滑梯,磨石滑梯,組合遊具,火車特色滑梯,鞦韆,樹蛙籃球框,組合遊具,組合遊具,組合遊具,翹翹板,組合遊具,組合遊具,組合遊具,組合遊具,組合遊具,沙坑遊戲板,環型天梯無障礙上肢設施,旋轉杯,戲沙坑,攀爬組,磨石滑梯,跳樁,遊戲板,組合遊具,磨石滑梯,組合遊具,搖搖樂,組合遊具,組合遊具,組合遊具,磨石滑梯,翹翹板,搖搖樂,組合遊具,搖搖樂,組合遊具,組合遊具,搖搖樂,組合遊具-1,攀爬組,鞦韆,大港墘公園-沙坑,大港墘公園-磨石滑梯,大港墘公園-魔力飛盤鞦韆,大港墘公園-管型山丘,攀爬組,翹翹板,遊戲體能組,搖搖樂,組合遊具,搖搖樂,組合遊具,搖搖樂,組合遊具,搖搖樂,組合遊具,組合遊具,磨石滑梯,組合遊具,搖搖樂,組合遊具,搖搖樂,組合遊具,翹翹板,搖搖樂,搖搖樂,組合遊具,搖搖樂,組合遊具,搖搖樂,組合遊具,彈跳床,戲沙坑,攀爬組,磨石滑梯,組合遊具,鞦韆,搖搖樂,組合遊具,磨石滑梯,搖搖樂,磨石滑梯,鞦韆,組合遊具,鞦韆,戲沙坑,擺盪船索,組合遊具,搖搖樂,組合遊具,組合遊具,組合遊具,組合遊具,搖搖樂,組合遊具,戲沙坑,旋轉台,組合遊具,鞦韆,組合遊具,組合遊具,磨石滑梯,鞦韆,搖搖樂,組合遊具,攀爬架,搖搖樂,組合遊具,搖搖樂,搖搖樂,組合遊具,組合遊具,磨石滑梯,翹翹板,攀爬架,戲沙坑,船型遊具組,鞦韆,組合遊具,天旋地轉,組合遊具,組合遊具,搖搖樂,大轉轉杯,組合遊具,平衡木,搖搖樂,磨石滑梯,翹翹板,鞦韆,溜滑梯組合遊具,搖搖樂,翹翹板,木製攀爬架,搖搖樂,磨石滑梯,組合遊具,翹翹板,鞦韆,組合遊具,搖搖樂,組合遊具,組合遊具,組合遊具,擺盪螺旋跳跳樂,搖搖樂,攀爬組,磨石滑梯,鞦韆,組合遊具,鞦韆,組合遊具,搖搖樂,組合遊具,鞦韆,旋轉台,滾輪滑梯,組合遊具,翹翹板,遊戲板", "ObjectId": 440}}, {"type": "Feature", "id": 442, "geometry": {"type": "Point", "coordinates": [121.510025, 25.066222]}, "properties": {"SeqNo": 838, "pm_name": "國順公園", "pm_overview": "國順公園於2018年建造完成，公園內主要分為陽光草坪、表演舞台、活動廣場、米食文化彩繪牆、體健及兒童遊戲場等區域，是個供各年齡層多元使用的公園。\r\n", "pm_unit": "大同區公所", "pm_const_year": "2018", "pm_location": "大同區昌吉街131巷西側", "pm_LandPublicArea": 1600, "pm_opening_s": "00:00:00", "pm_opening_e": "24:00", "pm_libie": "國順里", "pm_phone": "02-25975323#302", "pm_sports": "扭腰器、單槓遊具組、雙人浪版、大轉輪", "pm_recreation": null, "pm_service": null, "pm_other": null, "pm_transit": "1. 公車路線：搭41、206、669至延平國小站下車後，步行至昌吉街後右轉再步行約100公尺即可抵達，全程步行時間約3分鐘。\n2. 捷運路線：大橋頭捷運站1號出口，再步行約550公尺即可抵達。", "pm_name_eng": "Guoshun Park", "pm_ecology": null, "pm_type": "公園", "pm_playtype": "一般", "pm_playarea": 268, "pm_description": null, "pm_playeq": "彈跳床,搖滾盤,攀爬組,磨石滑梯,搖搖樂,翹翹板,搖搖樂,組合遊具,搖搖樂,組合遊具,鞦韆,攀爬組,磨石滑梯,翹翹板,組合遊具,翹翹板,木樁區,盪鞦韆,平衡木,彈跳床,搖搖樂,組合遊具,翹翹板,旋轉台,戲沙坑遊戲桌,搖搖樂,攀爬組,旋轉飛輪,組合遊具,翹翹板,磨石滑梯,攀爬組,磨石子滑梯,翹翹板,彈跳床,鳥巢鞦韆,戲沙坑,攀爬組,組合遊具,攀爬組,站立式搖動設備,組合遊具,翹翹板,小石搬運,搖搖馬,組合遊具,數字造型跳樁及水管隧道,搖滾盤,X型翹翹板,組合遊具,搖搖樂,組合遊具,旋轉桶椅,大旋轉組,組合遊具,搖搖樂,磨石滑梯,鳥巢鞦韆,旋轉桶椅,組合遊具,組合遊具,組合遊具,搖搖馬,組合遊具,翹翹板,搖搖樂,組合遊具,組合遊具,磨石滑梯,鞦韆及鳥巢鞦韆,彈跳床,攀爬組,木隧道,組合遊具,仿古代程沈船遊具,攀爬繩網組,攀爬組,鳥巢鞦韆,輪胎鞦韆,尿布鞦韆,沙坑,磨石子滑梯,旋轉台,彈跳床,雙滑軌溜索,搖搖馬,翹翹板,組合遊具,搖搖馬,組合遊具,攀爬組,組合遊具,組合遊具,攀爬組,搖搖馬,磨石子滑梯,旋轉杯,組合遊具,組合遊具,組合遊具,大轉轉杯,搖搖樂,組合遊具,翹翹板,滑梯,彈跳床,戲沙坑,擺盪船索,攀爬組,旋轉組,磨石滑梯,組合遊具,特色溜滑梯,攀爬組,旋轉棒,叢林攀爬組,4人旋轉器,搖搖樂,磨石滑梯,翹翹板,搖搖樂,組合遊具,組合遊具,組合遊具,爬繩,組合遊具(叢林攀爬組),獨木橋,組合遊具,遊戲板,組合遊具,攀爬組,盪鞦韆,搖搖樂,組合遊具,組合遊具,旋轉盤,鞦韆,攀爬組,旋轉盤,搖搖樂,組合遊具,特色溜滑梯,攀爬組,跳樁,鞦韆,搖搖馬,組合遊具,蹺蹺板,組合遊具,搖搖樂,組合遊具,組合遊具2,翹翹板及搖搖馬,組合遊具,天空樹溜滑梯,戲沙坑,搖搖樂,旋轉拉環,組合遊具, X型翹翹板,鞦韆,攀爬組,搖搖樂,組合遊具(村莊高塔),鞦韆,攀爬遊戲組,彈跳床,投籃機,擺盪船索,攀爬組,旋轉台,組合遊具,組合遊具,旋轉陀螺,旋轉台,組合遊具,攀爬組,搖搖樂,翹翹板,磨石滑梯,搖搖樂,跳樁,搖搖樂,攀爬組,組合遊具(滑梯小屋),旋轉盤,組合遊具,鳥巢盪鞦韆及一般坐式盪鞦韆,蝴蝶翹翹板,特色旋轉盤,金字塔滑梯組,機車搖搖樂,遊戲板,造型攀爬牆,攀爬網,組合遊具(環繞競技場遊具組),鞦韆,體能訓練平衡組,礫石坑,獨木樁,蜻蜓點水,木橋,平衡木,平衡木,跳樁,遊戲板,隧道,組合遊具(叢林攀爬組),搖晃板,組合遊具,遊戲板,隧道,組合遊具(遊戲城堡),旋轉座椅,競技攀爬遊具組,龍舟特色遊具組,滑梯,擊鼓,搖搖樂,組合遊具,翹翹板,組合遊具,翹翹板,木作組合遊具,搖搖樂,城堡遊戲組,大轉轉杯,搖搖樂,磨石滑梯,攀爬組,鞦韆,搖搖樂,組合遊具,組合遊具,搖滾盤,旋轉球椅,愛的搖籃,組合遊具,搖搖樂,旋轉杯,翹翹板,組合遊具,搖搖樂,組合遊具,搖搖樂,組合遊具,搖搖樂,組合遊具,攀爬組,搖搖樂,組合遊具,搖搖樂,組合遊具,組合遊具,彩虹琴,旋轉音樂盒,遊戲礫石坑,彈跳節拍,搖搖樂,組合遊具,翹翹板,組合遊具,組合遊具,搖搖樂,組合遊具,組合遊具,搖搖樂,組合遊具,攀爬組合滑梯,搖搖樂,組合遊具,組合遊具,翹翹板,組合遊具,搖搖樂,組合遊具,翹翹板,組合遊具,搖搖樂,翹翹板,旋轉杯,旋轉棒,搖搖樂,磨石滑梯,組合遊具,搖搖樂,攀爬組,旋轉台,磨石滑梯,組合遊具,跳樁,組合遊具,組合遊具,組合遊具,音樂球、叮噹管、歡樂鼓,無障礙旋轉盤,無障礙鞦韆,遊戲牆,滾輪滑梯,鳥巢鞦韆,旋轉杯,旋轉棒,鞦韆,小木屋,山丘滑梯,戲沙坑,搖搖樂,攀爬組,5人轉轉盤,彈跳床,戲沙坑,組合遊具,旋轉台,旋轉杯,旋轉棒, 磨石滑梯,翹翹板,遊戲板,鞦韆,組合遊具,攀爬組,磨石滑梯,磨石滑梯,組合遊具,火車特色滑梯,鞦韆,樹蛙籃球框,組合遊具,組合遊具,組合遊具,翹翹板,組合遊具,組合遊具,組合遊具,組合遊具,組合遊具,沙坑遊戲板,環型天梯無障礙上肢設施,旋轉杯,戲沙坑,攀爬組,磨石滑梯,跳樁,遊戲板,組合遊具,磨石滑梯,組合遊具,搖搖樂,組合遊具,組合遊具,組合遊具,磨石滑梯,翹翹板,搖搖樂,組合遊具,搖搖樂,組合遊具,組合遊具,搖搖樂,組合遊具-1,攀爬組,鞦韆,大港墘公園-沙坑,大港墘公園-磨石滑梯,大港墘公園-魔力飛盤鞦韆,大港墘公園-管型山丘,攀爬組,翹翹板,遊戲體能組,搖搖樂,組合遊具,搖搖樂,組合遊具,搖搖樂,組合遊具,搖搖樂,組合遊具,組合遊具,磨石滑梯,組合遊具,搖搖樂,組合遊具,搖搖樂,組合遊具,翹翹板,搖搖樂,搖搖樂,組合遊具,搖搖樂,組合遊具,搖搖樂,組合遊具,彈跳床,戲沙坑,攀爬組,磨石滑梯,組合遊具,鞦韆,搖搖樂,組合遊具,磨石滑梯,搖搖樂,磨石滑梯,鞦韆,組合遊具,鞦韆,戲沙坑,擺盪船索,組合遊具,搖搖樂,組合遊具,組合遊具,組合遊具,組合遊具,搖搖樂,組合遊具,戲沙坑,旋轉台,組合遊具,鞦韆,組合遊具,組合遊具,磨石滑梯,鞦韆,搖搖樂,組合遊具,攀爬架,搖搖樂,組合遊具,搖搖樂,搖搖樂,組合遊具,組合遊具,磨石滑梯,翹翹板,攀爬架,戲沙坑,船型遊具組,鞦韆,組合遊具,天旋地轉,組合遊具,組合遊具,搖搖樂,大轉轉杯,組合遊具,平衡木,搖搖樂,磨石滑梯,翹翹板,鞦韆,溜滑梯組合遊具,搖搖樂,翹翹板,木製攀爬架,搖搖樂,磨石滑梯,組合遊具,翹翹板,鞦韆,組合遊具,搖搖樂,組合遊具,組合遊具,組合遊具,擺盪螺旋跳跳樂,搖搖樂,攀爬組,磨石滑梯,鞦韆,組合遊具,鞦韆,組合遊具,搖搖樂,組合遊具,鞦韆,旋轉台,滾輪滑梯,組合遊具,翹翹板,遊戲板,搖搖樂,組合遊具,攀爬組,旋轉棒,磨石滑梯,搖搖樂,鞦韆,MONKEY BAR", "ObjectId": 442}}, {"type": "Feature", "id": 443, "geometry": {"type": "Point", "coordinates": [121.51274109, 25.065359116]}, "properties": {"SeqNo": 341, "pm_name": "景化公園", "pm_overview": "        景化公園位於延平北路3段61巷及伊寧街9巷交會處，週遭皆為早期巴洛克式矮樓層建築物住宅區，為本座公園增添不少特色，園內設有涼亭、組合遊具及水池等休憩設施，為老社區帶來熱鬧的氣氛。\r\n", "pm_unit": "大同區公所", "pm_const_year": "1971", "pm_location": "伊寧街9巷", "pm_LandPublicArea": 1940, "pm_opening_s": "00:00:00", "pm_opening_e": "24:00", "pm_libie": "隆和里", "pm_phone": "02-25975323#302", "pm_sports": "大轉輪、雙人太空漫步器、腰背按摩器", "pm_recreation": "宇宙穿梭機、時空訊息牆、景化小飛碟、黃金光束坡", "pm_service": "涼亭", "pm_other": null, "pm_transit": "公車路線：搭2、9、21、41、287區、288區、302、306、757、1210、1213、1816、1816A、1818、1822、1841、2001、5250、9003、重慶幹線至昌吉重慶路口", "pm_name_eng": "Jinghua Park", "pm_ecology": null, "pm_type": "公園", "pm_playtype": "共融", "pm_playarea": 143, "pm_description": "位於本市大同區隆和里，早期附近地區種植許多蓮藕，以此為背景，設計團隊構思出有飛碟經過景化公園，誤把蓮藕田認為是其他的外星生物，想要尋找同伴，於是降落在景化公園的趣味故事背景，並由此發想，打造出專屬於此地的共融式遊樂場。", "pm_playeq": "彈跳床,搖滾盤,攀爬組,磨石滑梯,搖搖樂,翹翹板,搖搖樂,組合遊具,搖搖樂,組合遊具,鞦韆,攀爬組,磨石滑梯,翹翹板,組合遊具,翹翹板,木樁區,盪鞦韆,平衡木,彈跳床,搖搖樂,組合遊具,翹翹板,旋轉台,戲沙坑遊戲桌,搖搖樂,攀爬組,旋轉飛輪,組合遊具,翹翹板,磨石滑梯,攀爬組,磨石子滑梯,翹翹板,彈跳床,鳥巢鞦韆,戲沙坑,攀爬組,組合遊具,攀爬組,站立式搖動設備,組合遊具,翹翹板,小石搬運,搖搖馬,組合遊具,數字造型跳樁及水管隧道,搖滾盤,X型翹翹板,組合遊具,搖搖樂,組合遊具,旋轉桶椅,大旋轉組,組合遊具,搖搖樂,磨石滑梯,鳥巢鞦韆,旋轉桶椅,組合遊具,組合遊具,組合遊具,搖搖馬,組合遊具,翹翹板,搖搖樂,組合遊具,組合遊具,磨石滑梯,鞦韆及鳥巢鞦韆,彈跳床,攀爬組,木隧道,組合遊具,仿古代程沈船遊具,攀爬繩網組,攀爬組,鳥巢鞦韆,輪胎鞦韆,尿布鞦韆,沙坑,磨石子滑梯,旋轉台,彈跳床,雙滑軌溜索,搖搖馬,翹翹板,組合遊具,搖搖馬,組合遊具,攀爬組,組合遊具,組合遊具,攀爬組,搖搖馬,磨石子滑梯,旋轉杯,組合遊具,組合遊具,組合遊具,大轉轉杯,搖搖樂,組合遊具,翹翹板,滑梯,彈跳床,戲沙坑,擺盪船索,攀爬組,旋轉組,磨石滑梯,組合遊具,特色溜滑梯,攀爬組,旋轉棒,叢林攀爬組,4人旋轉器,搖搖樂,磨石滑梯,翹翹板,搖搖樂,組合遊具,組合遊具,組合遊具,爬繩,組合遊具(叢林攀爬組),獨木橋,組合遊具,遊戲板,組合遊具,攀爬組,盪鞦韆,搖搖樂,組合遊具,組合遊具,旋轉盤,鞦韆,攀爬組,旋轉盤,搖搖樂,組合遊具,特色溜滑梯,攀爬組,跳樁,鞦韆,搖搖馬,組合遊具,蹺蹺板,組合遊具,搖搖樂,組合遊具,組合遊具2,翹翹板及搖搖馬,組合遊具,天空樹溜滑梯,戲沙坑,搖搖樂,旋轉拉環,組合遊具, X型翹翹板,鞦韆,攀爬組,搖搖樂,組合遊具(村莊高塔),鞦韆,攀爬遊戲組,彈跳床,投籃機,擺盪船索,攀爬組,旋轉台,組合遊具,組合遊具,旋轉陀螺,旋轉台,組合遊具,攀爬組,搖搖樂,翹翹板,磨石滑梯,搖搖樂,跳樁,搖搖樂,攀爬組,組合遊具(滑梯小屋),旋轉盤,組合遊具,鳥巢盪鞦韆及一般坐式盪鞦韆,蝴蝶翹翹板,特色旋轉盤,金字塔滑梯組,機車搖搖樂,遊戲板,造型攀爬牆,攀爬網,組合遊具(環繞競技場遊具組),鞦韆,體能訓練平衡組,礫石坑,獨木樁,蜻蜓點水,木橋,平衡木,平衡木,跳樁,遊戲板,隧道,組合遊具(叢林攀爬組),搖晃板,組合遊具,遊戲板,隧道,組合遊具(遊戲城堡),旋轉座椅,競技攀爬遊具組,龍舟特色遊具組,滑梯,擊鼓,搖搖樂,組合遊具,翹翹板,組合遊具,翹翹板,木作組合遊具,搖搖樂,城堡遊戲組,大轉轉杯,搖搖樂,磨石滑梯,攀爬組,鞦韆,搖搖樂,組合遊具,組合遊具,搖滾盤,旋轉球椅,愛的搖籃,組合遊具,搖搖樂,旋轉杯,翹翹板,組合遊具,搖搖樂,組合遊具,搖搖樂,組合遊具,搖搖樂,組合遊具,攀爬組,搖搖樂,組合遊具,搖搖樂,組合遊具,組合遊具,彩虹琴,旋轉音樂盒,遊戲礫石坑,彈跳節拍,搖搖樂,組合遊具,翹翹板,組合遊具,組合遊具,搖搖樂,組合遊具,組合遊具,搖搖樂,組合遊具,攀爬組合滑梯,搖搖樂,組合遊具,組合遊具,翹翹板,組合遊具,搖搖樂,組合遊具,翹翹板,組合遊具,搖搖樂,翹翹板,旋轉杯,旋轉棒,搖搖樂,磨石滑梯,組合遊具,搖搖樂,攀爬組,旋轉台,磨石滑梯,組合遊具,跳樁,組合遊具,組合遊具,組合遊具,音樂球、叮噹管、歡樂鼓,無障礙旋轉盤,無障礙鞦韆,遊戲牆,滾輪滑梯,鳥巢鞦韆,旋轉杯,旋轉棒,鞦韆,小木屋,山丘滑梯,戲沙坑,搖搖樂,攀爬組,5人轉轉盤,彈跳床,戲沙坑,組合遊具,旋轉台,旋轉杯,旋轉棒, 磨石滑梯,翹翹板,遊戲板,鞦韆,組合遊具,攀爬組,磨石滑梯,磨石滑梯,組合遊具,火車特色滑梯,鞦韆,樹蛙籃球框,組合遊具,組合遊具,組合遊具,翹翹板,組合遊具,組合遊具,組合遊具,組合遊具,組合遊具,沙坑遊戲板,環型天梯無障礙上肢設施,旋轉杯,戲沙坑,攀爬組,磨石滑梯,跳樁,遊戲板,組合遊具,磨石滑梯,組合遊具,搖搖樂,組合遊具,組合遊具,組合遊具,磨石滑梯,翹翹板,搖搖樂,組合遊具,搖搖樂,組合遊具,組合遊具,搖搖樂,組合遊具-1,攀爬組,鞦韆,大港墘公園-沙坑,大港墘公園-磨石滑梯,大港墘公園-魔力飛盤鞦韆,大港墘公園-管型山丘,攀爬組,翹翹板,遊戲體能組,搖搖樂,組合遊具,搖搖樂,組合遊具,搖搖樂,組合遊具,搖搖樂,組合遊具,組合遊具,磨石滑梯,組合遊具,搖搖樂,組合遊具,搖搖樂,組合遊具,翹翹板,搖搖樂,搖搖樂,組合遊具,搖搖樂,組合遊具,搖搖樂,組合遊具,彈跳床,戲沙坑,攀爬組,磨石滑梯,組合遊具,鞦韆,搖搖樂,組合遊具,磨石滑梯,搖搖樂,磨石滑梯,鞦韆,組合遊具,鞦韆,戲沙坑,擺盪船索,組合遊具,搖搖樂,組合遊具,組合遊具,組合遊具,組合遊具,搖搖樂,組合遊具,戲沙坑,旋轉台,組合遊具,鞦韆,組合遊具,組合遊具,磨石滑梯,鞦韆,搖搖樂,組合遊具,攀爬架,搖搖樂,組合遊具,搖搖樂,搖搖樂,組合遊具,組合遊具,磨石滑梯,翹翹板,攀爬架,戲沙坑,船型遊具組,鞦韆,組合遊具,天旋地轉,組合遊具,組合遊具,搖搖樂,大轉轉杯,組合遊具,平衡木,搖搖樂,磨石滑梯,翹翹板,鞦韆,溜滑梯組合遊具,搖搖樂,翹翹板,木製攀爬架,搖搖樂,磨石滑梯,組合遊具,翹翹板,鞦韆,組合遊具,搖搖樂,組合遊具,組合遊具,組合遊具,擺盪螺旋跳跳樂,搖搖樂,攀爬組,磨石滑梯,鞦韆,組合遊具,鞦韆,組合遊具,搖搖樂,組合遊具,鞦韆,旋轉台,滾輪滑梯,組合遊具,翹翹板,遊戲板,搖搖樂,組合遊具,攀爬組,旋轉棒,磨石滑梯,搖搖樂,鞦韆,MONKEY BAR,宇宙穿梭機,時空訊息牆,景化小飛碟,黃金光束坡,搖搖樂,組合遊具", "ObjectId": 443}}, {"type": "Feature", "id": 444, "geometry": {"type": "Point", "coordinates": [121.51313, 25.05595]}, "properties": {"SeqNo": 486, "pm_name": "朝陽公園", "pm_overview": "        朝陽公園位於重慶北路2段與重慶北路2段70巷街口，本座公園係為茶葉主題公園，為使來往民眾了解茶葉製作過程，並將製作過程表現在園內地磚上，園內設有兒童遊具、休息座椅、籃球場、寬敞步道與井然有序的花草樹木，作為當地居民體操、跳舞、運動與休憩的好場所。\r\n", "pm_unit": "大同區公所", "pm_const_year": "1984", "pm_location": "重慶北路2段70巷旁", "pm_LandPublicArea": 4903, "pm_opening_s": "00:00:00", "pm_opening_e": "24:00", "pm_libie": "朝陽里", "pm_phone": "02-25975323#302", "pm_sports": "雙人伸腰背器、單槓", "pm_recreation": "拉鍊響板,搖擺沙鈴,獅吼鼻頭,獅背攀爬網,獅眼滾珠迷宮", "pm_service": "頂棚廣場", "pm_other": null, "pm_transit": "公車路線：搭2、215、223、288區、302、304重慶線、306、306區、639、704、757、785、811、民生幹線、重慶幹線至朝陽公園(鈕扣街)", "pm_name_eng": "Zhaoyang Park", "pm_ecology": null, "pm_type": "公園", "pm_playtype": "共融", "pm_playarea": 155, "pm_description": "位於朝陽服飾材料商圈旁（又名鈕扣街）的朝陽公園，鄰近臺北大稻埕百年茶行「有記名茶」，古早的民俗文化氣息極為濃郁，設計團隊以在地文化為基礎，融合大同區朝陽里的周遭文化與歷史脈絡，結合服飾材料與茶葉這些元素，塑造出了逗趣的「鈕扣獅」來與孩童共同嬉戲。", "pm_playeq": "彈跳床,搖滾盤,攀爬組,磨石滑梯,搖搖樂,翹翹板,搖搖樂,組合遊具,搖搖樂,組合遊具,鞦韆,攀爬組,磨石滑梯,翹翹板,組合遊具,翹翹板,木樁區,盪鞦韆,平衡木,彈跳床,搖搖樂,組合遊具,翹翹板,旋轉台,戲沙坑遊戲桌,搖搖樂,攀爬組,旋轉飛輪,組合遊具,翹翹板,磨石滑梯,攀爬組,磨石子滑梯,翹翹板,彈跳床,鳥巢鞦韆,戲沙坑,攀爬組,組合遊具,攀爬組,站立式搖動設備,組合遊具,翹翹板,小石搬運,搖搖馬,組合遊具,數字造型跳樁及水管隧道,搖滾盤,X型翹翹板,組合遊具,搖搖樂,組合遊具,旋轉桶椅,大旋轉組,組合遊具,搖搖樂,磨石滑梯,鳥巢鞦韆,旋轉桶椅,組合遊具,組合遊具,組合遊具,搖搖馬,組合遊具,翹翹板,搖搖樂,組合遊具,組合遊具,磨石滑梯,鞦韆及鳥巢鞦韆,彈跳床,攀爬組,木隧道,組合遊具,仿古代程沈船遊具,攀爬繩網組,攀爬組,鳥巢鞦韆,輪胎鞦韆,尿布鞦韆,沙坑,磨石子滑梯,旋轉台,彈跳床,雙滑軌溜索,搖搖馬,翹翹板,組合遊具,搖搖馬,組合遊具,攀爬組,組合遊具,組合遊具,攀爬組,搖搖馬,磨石子滑梯,旋轉杯,組合遊具,組合遊具,組合遊具,大轉轉杯,搖搖樂,組合遊具,翹翹板,滑梯,彈跳床,戲沙坑,擺盪船索,攀爬組,旋轉組,磨石滑梯,組合遊具,特色溜滑梯,攀爬組,旋轉棒,叢林攀爬組,4人旋轉器,搖搖樂,磨石滑梯,翹翹板,搖搖樂,組合遊具,組合遊具,組合遊具,爬繩,組合遊具(叢林攀爬組),獨木橋,組合遊具,遊戲板,組合遊具,攀爬組,盪鞦韆,搖搖樂,組合遊具,組合遊具,旋轉盤,鞦韆,攀爬組,旋轉盤,搖搖樂,組合遊具,特色溜滑梯,攀爬組,跳樁,鞦韆,搖搖馬,組合遊具,蹺蹺板,組合遊具,搖搖樂,組合遊具,組合遊具2,翹翹板及搖搖馬,組合遊具,天空樹溜滑梯,戲沙坑,搖搖樂,旋轉拉環,組合遊具, X型翹翹板,鞦韆,攀爬組,搖搖樂,組合遊具(村莊高塔),鞦韆,攀爬遊戲組,彈跳床,投籃機,擺盪船索,攀爬組,旋轉台,組合遊具,組合遊具,旋轉陀螺,旋轉台,組合遊具,攀爬組,搖搖樂,翹翹板,磨石滑梯,搖搖樂,跳樁,搖搖樂,攀爬組,組合遊具(滑梯小屋),旋轉盤,組合遊具,鳥巢盪鞦韆及一般坐式盪鞦韆,蝴蝶翹翹板,特色旋轉盤,金字塔滑梯組,機車搖搖樂,遊戲板,造型攀爬牆,攀爬網,組合遊具(環繞競技場遊具組),鞦韆,體能訓練平衡組,礫石坑,獨木樁,蜻蜓點水,木橋,平衡木,平衡木,跳樁,遊戲板,隧道,組合遊具(叢林攀爬組),搖晃板,組合遊具,遊戲板,隧道,組合遊具(遊戲城堡),旋轉座椅,競技攀爬遊具組,龍舟特色遊具組,滑梯,擊鼓,搖搖樂,組合遊具,翹翹板,組合遊具,翹翹板,木作組合遊具,搖搖樂,城堡遊戲組,大轉轉杯,搖搖樂,磨石滑梯,攀爬組,鞦韆,搖搖樂,組合遊具,組合遊具,搖滾盤,旋轉球椅,愛的搖籃,組合遊具,搖搖樂,旋轉杯,翹翹板,組合遊具,搖搖樂,組合遊具,搖搖樂,組合遊具,搖搖樂,組合遊具,攀爬組,搖搖樂,組合遊具,搖搖樂,組合遊具,組合遊具,彩虹琴,旋轉音樂盒,遊戲礫石坑,彈跳節拍,搖搖樂,組合遊具,翹翹板,組合遊具,組合遊具,搖搖樂,組合遊具,組合遊具,搖搖樂,組合遊具,攀爬組合滑梯,搖搖樂,組合遊具,組合遊具,翹翹板,組合遊具,搖搖樂,組合遊具,翹翹板,組合遊具,搖搖樂,翹翹板,旋轉杯,旋轉棒,搖搖樂,磨石滑梯,組合遊具,搖搖樂,攀爬組,旋轉台,磨石滑梯,組合遊具,跳樁,組合遊具,組合遊具,組合遊具,音樂球、叮噹管、歡樂鼓,無障礙旋轉盤,無障礙鞦韆,遊戲牆,滾輪滑梯,鳥巢鞦韆,旋轉杯,旋轉棒,鞦韆,小木屋,山丘滑梯,戲沙坑,搖搖樂,攀爬組,5人轉轉盤,彈跳床,戲沙坑,組合遊具,旋轉台,旋轉杯,旋轉棒, 磨石滑梯,翹翹板,遊戲板,鞦韆,組合遊具,攀爬組,磨石滑梯,磨石滑梯,組合遊具,火車特色滑梯,鞦韆,樹蛙籃球框,組合遊具,組合遊具,組合遊具,翹翹板,組合遊具,組合遊具,組合遊具,組合遊具,組合遊具,沙坑遊戲板,環型天梯無障礙上肢設施,旋轉杯,戲沙坑,攀爬組,磨石滑梯,跳樁,遊戲板,組合遊具,磨石滑梯,組合遊具,搖搖樂,組合遊具,組合遊具,組合遊具,磨石滑梯,翹翹板,搖搖樂,組合遊具,搖搖樂,組合遊具,組合遊具,搖搖樂,組合遊具-1,攀爬組,鞦韆,大港墘公園-沙坑,大港墘公園-磨石滑梯,大港墘公園-魔力飛盤鞦韆,大港墘公園-管型山丘,攀爬組,翹翹板,遊戲體能組,搖搖樂,組合遊具,搖搖樂,組合遊具,搖搖樂,組合遊具,搖搖樂,組合遊具,組合遊具,磨石滑梯,組合遊具,搖搖樂,組合遊具,搖搖樂,組合遊具,翹翹板,搖搖樂,搖搖樂,組合遊具,搖搖樂,組合遊具,搖搖樂,組合遊具,彈跳床,戲沙坑,攀爬組,磨石滑梯,組合遊具,鞦韆,搖搖樂,組合遊具,磨石滑梯,搖搖樂,磨石滑梯,鞦韆,組合遊具,鞦韆,戲沙坑,擺盪船索,組合遊具,搖搖樂,組合遊具,組合遊具,組合遊具,組合遊具,搖搖樂,組合遊具,戲沙坑,旋轉台,組合遊具,鞦韆,組合遊具,組合遊具,磨石滑梯,鞦韆,搖搖樂,組合遊具,攀爬架,搖搖樂,組合遊具,搖搖樂,搖搖樂,組合遊具,組合遊具,磨石滑梯,翹翹板,攀爬架,戲沙坑,船型遊具組,鞦韆,組合遊具,天旋地轉,組合遊具,組合遊具,搖搖樂,大轉轉杯,組合遊具,平衡木,搖搖樂,磨石滑梯,翹翹板,鞦韆,溜滑梯組合遊具,搖搖樂,翹翹板,木製攀爬架,搖搖樂,磨石滑梯,組合遊具,翹翹板,鞦韆,組合遊具,搖搖樂,組合遊具,組合遊具,組合遊具,擺盪螺旋跳跳樂,搖搖樂,攀爬組,磨石滑梯,鞦韆,組合遊具,鞦韆,組合遊具,搖搖樂,組合遊具,鞦韆,旋轉台,滾輪滑梯,組合遊具,翹翹板,遊戲板,搖搖樂,組合遊具,攀爬組,旋轉棒,磨石滑梯,搖搖樂,鞦韆,MONKEY BAR,宇宙穿梭機,時空訊息牆,景化小飛碟,黃金光束坡,搖搖樂,組合遊具,拉鍊響板,搖擺沙鈴,獅吼鼻頭,獅背攀爬網,獅眼滾珠迷宮,鈕扣獅,組合遊具", "ObjectId": 444}}, {"type": "Feature", "id": 445, "geometry": {"type": "Point", "coordinates": [121.51080322, 25.050720215]}, "properties": {"SeqNo": 271, "pm_name": "塔城公園", "pm_overview": "        塔城公園位於塔城街與鄭州路街口，本座公園鄰近市民大道及商業辦公區域，可提供附近上班族休憩使用，平日還有補習班老師帶著小朋友參觀本公園，教導小朋友植物之種類，不僅提供休憩也可提供教學使用。\r\n", "pm_unit": "大同區公所", "pm_const_year": "1988", "pm_location": "塔城街7號旁", "pm_LandPublicArea": 3078, "pm_opening_s": "00:00:00", "pm_opening_e": "24:00", "pm_libie": "玉泉里", "pm_phone": "02-25975323#302", "pm_sports": "單槓、划雪器、雙人伸腰伸背器、大轉輪", "pm_recreation": "組合遊具", "pm_service": "涼亭", "pm_other": null, "pm_transit": "公車路線：搭9、12、250、302、304重慶線、639、641、660、704、757、785、798、1209至聯合醫院中興院區(塔城)", "pm_name_eng": "Tacheng Park", "pm_ecology": null, "pm_type": "公園", "pm_playtype": "一般", "pm_playarea": 126, "pm_description": null, "pm_playeq": "彈跳床,搖滾盤,攀爬組,磨石滑梯,搖搖樂,翹翹板,搖搖樂,組合遊具,搖搖樂,組合遊具,鞦韆,攀爬組,磨石滑梯,翹翹板,組合遊具,翹翹板,木樁區,盪鞦韆,平衡木,彈跳床,搖搖樂,組合遊具,翹翹板,旋轉台,戲沙坑遊戲桌,搖搖樂,攀爬組,旋轉飛輪,組合遊具,翹翹板,磨石滑梯,攀爬組,磨石子滑梯,翹翹板,彈跳床,鳥巢鞦韆,戲沙坑,攀爬組,組合遊具,攀爬組,站立式搖動設備,組合遊具,翹翹板,小石搬運,搖搖馬,組合遊具,數字造型跳樁及水管隧道,搖滾盤,X型翹翹板,組合遊具,搖搖樂,組合遊具,旋轉桶椅,大旋轉組,組合遊具,搖搖樂,磨石滑梯,鳥巢鞦韆,旋轉桶椅,組合遊具,組合遊具,組合遊具,搖搖馬,組合遊具,翹翹板,搖搖樂,組合遊具,組合遊具,磨石滑梯,鞦韆及鳥巢鞦韆,彈跳床,攀爬組,木隧道,組合遊具,仿古代程沈船遊具,攀爬繩網組,攀爬組,鳥巢鞦韆,輪胎鞦韆,尿布鞦韆,沙坑,磨石子滑梯,旋轉台,彈跳床,雙滑軌溜索,搖搖馬,翹翹板,組合遊具,搖搖馬,組合遊具,攀爬組,組合遊具,組合遊具,攀爬組,搖搖馬,磨石子滑梯,旋轉杯,組合遊具,組合遊具,組合遊具,大轉轉杯,搖搖樂,組合遊具,翹翹板,滑梯,彈跳床,戲沙坑,擺盪船索,攀爬組,旋轉組,磨石滑梯,組合遊具,特色溜滑梯,攀爬組,旋轉棒,叢林攀爬組,4人旋轉器,搖搖樂,磨石滑梯,翹翹板,搖搖樂,組合遊具,組合遊具,組合遊具,爬繩,組合遊具(叢林攀爬組),獨木橋,組合遊具,遊戲板,組合遊具,攀爬組,盪鞦韆,搖搖樂,組合遊具,組合遊具,旋轉盤,鞦韆,攀爬組,旋轉盤,搖搖樂,組合遊具,特色溜滑梯,攀爬組,跳樁,鞦韆,搖搖馬,組合遊具,蹺蹺板,組合遊具,搖搖樂,組合遊具,組合遊具2,翹翹板及搖搖馬,組合遊具,天空樹溜滑梯,戲沙坑,搖搖樂,旋轉拉環,組合遊具, X型翹翹板,鞦韆,攀爬組,搖搖樂,組合遊具(村莊高塔),鞦韆,攀爬遊戲組,彈跳床,投籃機,擺盪船索,攀爬組,旋轉台,組合遊具,組合遊具,旋轉陀螺,旋轉台,組合遊具,攀爬組,搖搖樂,翹翹板,磨石滑梯,搖搖樂,跳樁,搖搖樂,攀爬組,組合遊具(滑梯小屋),旋轉盤,組合遊具,鳥巢盪鞦韆及一般坐式盪鞦韆,蝴蝶翹翹板,特色旋轉盤,金字塔滑梯組,機車搖搖樂,遊戲板,造型攀爬牆,攀爬網,組合遊具(環繞競技場遊具組),鞦韆,體能訓練平衡組,礫石坑,獨木樁,蜻蜓點水,木橋,平衡木,平衡木,跳樁,遊戲板,隧道,組合遊具(叢林攀爬組),搖晃板,組合遊具,遊戲板,隧道,組合遊具(遊戲城堡),旋轉座椅,競技攀爬遊具組,龍舟特色遊具組,滑梯,擊鼓,搖搖樂,組合遊具,翹翹板,組合遊具,翹翹板,木作組合遊具,搖搖樂,城堡遊戲組,大轉轉杯,搖搖樂,磨石滑梯,攀爬組,鞦韆,搖搖樂,組合遊具,組合遊具,搖滾盤,旋轉球椅,愛的搖籃,組合遊具,搖搖樂,旋轉杯,翹翹板,組合遊具,搖搖樂,組合遊具,搖搖樂,組合遊具,搖搖樂,組合遊具,攀爬組,搖搖樂,組合遊具,搖搖樂,組合遊具,組合遊具,彩虹琴,旋轉音樂盒,遊戲礫石坑,彈跳節拍,搖搖樂,組合遊具,翹翹板,組合遊具,組合遊具,搖搖樂,組合遊具,組合遊具,搖搖樂,組合遊具,攀爬組合滑梯,搖搖樂,組合遊具,組合遊具,翹翹板,組合遊具,搖搖樂,組合遊具,翹翹板,組合遊具,搖搖樂,翹翹板,旋轉杯,旋轉棒,搖搖樂,磨石滑梯,組合遊具,搖搖樂,攀爬組,旋轉台,磨石滑梯,組合遊具,跳樁,組合遊具,組合遊具,組合遊具,音樂球、叮噹管、歡樂鼓,無障礙旋轉盤,無障礙鞦韆,遊戲牆,滾輪滑梯,鳥巢鞦韆,旋轉杯,旋轉棒,鞦韆,小木屋,山丘滑梯,戲沙坑,搖搖樂,攀爬組,5人轉轉盤,彈跳床,戲沙坑,組合遊具,旋轉台,旋轉杯,旋轉棒, 磨石滑梯,翹翹板,遊戲板,鞦韆,組合遊具,攀爬組,磨石滑梯,磨石滑梯,組合遊具,火車特色滑梯,鞦韆,樹蛙籃球框,組合遊具,組合遊具,組合遊具,翹翹板,組合遊具,組合遊具,組合遊具,組合遊具,組合遊具,沙坑遊戲板,環型天梯無障礙上肢設施,旋轉杯,戲沙坑,攀爬組,磨石滑梯,跳樁,遊戲板,組合遊具,磨石滑梯,組合遊具,搖搖樂,組合遊具,組合遊具,組合遊具,磨石滑梯,翹翹板,搖搖樂,組合遊具,搖搖樂,組合遊具,組合遊具,搖搖樂,組合遊具-1,攀爬組,鞦韆,大港墘公園-沙坑,大港墘公園-磨石滑梯,大港墘公園-魔力飛盤鞦韆,大港墘公園-管型山丘,攀爬組,翹翹板,遊戲體能組,搖搖樂,組合遊具,搖搖樂,組合遊具,搖搖樂,組合遊具,搖搖樂,組合遊具,組合遊具,磨石滑梯,組合遊具,搖搖樂,組合遊具,搖搖樂,組合遊具,翹翹板,搖搖樂,搖搖樂,組合遊具,搖搖樂,組合遊具,搖搖樂,組合遊具,彈跳床,戲沙坑,攀爬組,磨石滑梯,組合遊具,鞦韆,搖搖樂,組合遊具,磨石滑梯,搖搖樂,磨石滑梯,鞦韆,組合遊具,鞦韆,戲沙坑,擺盪船索,組合遊具,搖搖樂,組合遊具,組合遊具,組合遊具,組合遊具,搖搖樂,組合遊具,戲沙坑,旋轉台,組合遊具,鞦韆,組合遊具,組合遊具,磨石滑梯,鞦韆,搖搖樂,組合遊具,攀爬架,搖搖樂,組合遊具,搖搖樂,搖搖樂,組合遊具,組合遊具,磨石滑梯,翹翹板,攀爬架,戲沙坑,船型遊具組,鞦韆,組合遊具,天旋地轉,組合遊具,組合遊具,搖搖樂,大轉轉杯,組合遊具,平衡木,搖搖樂,磨石滑梯,翹翹板,鞦韆,溜滑梯組合遊具,搖搖樂,翹翹板,木製攀爬架,搖搖樂,磨石滑梯,組合遊具,翹翹板,鞦韆,組合遊具,搖搖樂,組合遊具,組合遊具,組合遊具,擺盪螺旋跳跳樂,搖搖樂,攀爬組,磨石滑梯,鞦韆,組合遊具,鞦韆,組合遊具,搖搖樂,組合遊具,鞦韆,旋轉台,滾輪滑梯,組合遊具,翹翹板,遊戲板,搖搖樂,組合遊具,攀爬組,旋轉棒,磨石滑梯,搖搖樂,鞦韆,MONKEY BAR,宇宙穿梭機,時空訊息牆,景化小飛碟,黃金光束坡,搖搖樂,組合遊具,拉鍊響板,搖擺沙鈴,獅吼鼻頭,獅背攀爬網,獅眼滾珠迷宮,鈕扣獅,組合遊具,組合遊具", "ObjectId": 445}}, {"type": "Feature", "id": 446, "geometry": {"type": "Point", "coordinates": [121.514928, 25.062169]}, "properties": {"SeqNo": 963, "pm_name": "德鄰公園", "pm_overview": "德鄰公園位於民權西路184巷及160巷18弄交會處，雖身在隱密的巷弄內，惟鄰近民眾熱愛至公園休憩聊天，為公園增添不少熱絡感，是個提供民眾交心休憩之場所。", "pm_unit": "大同區公所", "pm_const_year": "1984 ", "pm_location": "民權西路184巷11弄", "pm_LandPublicArea": 1.627, "pm_opening_s": "00:00:00", "pm_opening_e": "24:00", "pm_libie": "大同區 / 民權里", "pm_phone": "02-25975323#302", "pm_sports": null, "pm_recreation": null, "pm_service": null, "pm_other": null, "pm_transit": "公車路線：搭41、63至捷運大橋頭站下車後步行抵達", "pm_name_eng": "Delin Park  ", "pm_ecology": null, "pm_type": "公園", "pm_playtype": null, "pm_playarea": null, "pm_description": null, "pm_playeq": null, "ObjectId": 446}}, {"type": "Feature", "id": 447, "geometry": {"type": "Point", "coordinates": [121.51677704, 25.059709549]}, "properties": {"SeqNo": 340, "pm_name": "蔣渭水紀念公園", "pm_overview": "        蔣渭水公園位於錦西街上雙蓮國小對面，本座公園原為錦西公園，因紀念蔣渭水先生，更名為蔣渭水公園，於入口處設置意象方碑及紀念樓牌1座，並於紀念樓牌下設置1座蔣渭水先生生平事蹟撥放機組，使來往民眾可欣賞得知歷史淵源。\r\n", "pm_unit": "大同區公所", "pm_const_year": "1976", "pm_location": "錦西街51號對面", "pm_LandPublicArea": 5060, "pm_opening_s": "00:00:00", "pm_opening_e": "24:00", "pm_libie": "雙連里", "pm_phone": "02-25975323#302", "pm_sports": "肩關節康復器、三人扭腰器、單槓、大轉輪、滑雪器、單人太空漫步", "pm_recreation": "組合遊具", "pm_service": "涼亭2座", "pm_other": null, "pm_transit": "公車路線：搭紅29、紅31、1802、1802A、1803、民權幹線、內科通勤18至成淵高中", "pm_name_eng": "Jiang Wei-shui Memorial Park", "pm_ecology": null, "pm_type": "公園", "pm_playtype": "一般", "pm_playarea": 172, "pm_description": null, "pm_playeq": "彈跳床,搖滾盤,攀爬組,磨石滑梯,搖搖樂,翹翹板,搖搖樂,組合遊具,搖搖樂,組合遊具,鞦韆,攀爬組,磨石滑梯,翹翹板,組合遊具,翹翹板,木樁區,盪鞦韆,平衡木,彈跳床,搖搖樂,組合遊具,翹翹板,旋轉台,戲沙坑遊戲桌,搖搖樂,攀爬組,旋轉飛輪,組合遊具,翹翹板,磨石滑梯,攀爬組,磨石子滑梯,翹翹板,彈跳床,鳥巢鞦韆,戲沙坑,攀爬組,組合遊具,攀爬組,站立式搖動設備,組合遊具,翹翹板,小石搬運,搖搖馬,組合遊具,數字造型跳樁及水管隧道,搖滾盤,X型翹翹板,組合遊具,搖搖樂,組合遊具,旋轉桶椅,大旋轉組,組合遊具,搖搖樂,磨石滑梯,鳥巢鞦韆,旋轉桶椅,組合遊具,組合遊具,組合遊具,搖搖馬,組合遊具,翹翹板,搖搖樂,組合遊具,組合遊具,磨石滑梯,鞦韆及鳥巢鞦韆,彈跳床,攀爬組,木隧道,組合遊具,仿古代程沈船遊具,攀爬繩網組,攀爬組,鳥巢鞦韆,輪胎鞦韆,尿布鞦韆,沙坑,磨石子滑梯,旋轉台,彈跳床,雙滑軌溜索,搖搖馬,翹翹板,組合遊具,搖搖馬,組合遊具,攀爬組,組合遊具,組合遊具,攀爬組,搖搖馬,磨石子滑梯,旋轉杯,組合遊具,組合遊具,組合遊具,大轉轉杯,搖搖樂,組合遊具,翹翹板,滑梯,彈跳床,戲沙坑,擺盪船索,攀爬組,旋轉組,磨石滑梯,組合遊具,特色溜滑梯,攀爬組,旋轉棒,叢林攀爬組,4人旋轉器,搖搖樂,磨石滑梯,翹翹板,搖搖樂,組合遊具,組合遊具,組合遊具,爬繩,組合遊具(叢林攀爬組),獨木橋,組合遊具,遊戲板,組合遊具,攀爬組,盪鞦韆,搖搖樂,組合遊具,組合遊具,旋轉盤,鞦韆,攀爬組,旋轉盤,搖搖樂,組合遊具,特色溜滑梯,攀爬組,跳樁,鞦韆,搖搖馬,組合遊具,蹺蹺板,組合遊具,搖搖樂,組合遊具,組合遊具2,翹翹板及搖搖馬,組合遊具,天空樹溜滑梯,戲沙坑,搖搖樂,旋轉拉環,組合遊具, X型翹翹板,鞦韆,攀爬組,搖搖樂,組合遊具(村莊高塔),鞦韆,攀爬遊戲組,彈跳床,投籃機,擺盪船索,攀爬組,旋轉台,組合遊具,組合遊具,旋轉陀螺,旋轉台,組合遊具,攀爬組,搖搖樂,翹翹板,磨石滑梯,搖搖樂,跳樁,搖搖樂,攀爬組,組合遊具(滑梯小屋),旋轉盤,組合遊具,鳥巢盪鞦韆及一般坐式盪鞦韆,蝴蝶翹翹板,特色旋轉盤,金字塔滑梯組,機車搖搖樂,遊戲板,造型攀爬牆,攀爬網,組合遊具(環繞競技場遊具組),鞦韆,體能訓練平衡組,礫石坑,獨木樁,蜻蜓點水,木橋,平衡木,平衡木,跳樁,遊戲板,隧道,組合遊具(叢林攀爬組),搖晃板,組合遊具,遊戲板,隧道,組合遊具(遊戲城堡),旋轉座椅,競技攀爬遊具組,龍舟特色遊具組,滑梯,擊鼓,搖搖樂,組合遊具,翹翹板,組合遊具,翹翹板,木作組合遊具,搖搖樂,城堡遊戲組,大轉轉杯,搖搖樂,磨石滑梯,攀爬組,鞦韆,搖搖樂,組合遊具,組合遊具,搖滾盤,旋轉球椅,愛的搖籃,組合遊具,搖搖樂,旋轉杯,翹翹板,組合遊具,搖搖樂,組合遊具,搖搖樂,組合遊具,搖搖樂,組合遊具,攀爬組,搖搖樂,組合遊具,搖搖樂,組合遊具,組合遊具,彩虹琴,旋轉音樂盒,遊戲礫石坑,彈跳節拍,搖搖樂,組合遊具,翹翹板,組合遊具,組合遊具,搖搖樂,組合遊具,組合遊具,搖搖樂,組合遊具,攀爬組合滑梯,搖搖樂,組合遊具,組合遊具,翹翹板,組合遊具,搖搖樂,組合遊具,翹翹板,組合遊具,搖搖樂,翹翹板,旋轉杯,旋轉棒,搖搖樂,磨石滑梯,組合遊具,搖搖樂,攀爬組,旋轉台,磨石滑梯,組合遊具,跳樁,組合遊具,組合遊具,組合遊具,音樂球、叮噹管、歡樂鼓,無障礙旋轉盤,無障礙鞦韆,遊戲牆,滾輪滑梯,鳥巢鞦韆,旋轉杯,旋轉棒,鞦韆,小木屋,山丘滑梯,戲沙坑,搖搖樂,攀爬組,5人轉轉盤,彈跳床,戲沙坑,組合遊具,旋轉台,旋轉杯,旋轉棒, 磨石滑梯,翹翹板,遊戲板,鞦韆,組合遊具,攀爬組,磨石滑梯,磨石滑梯,組合遊具,火車特色滑梯,鞦韆,樹蛙籃球框,組合遊具,組合遊具,組合遊具,翹翹板,組合遊具,組合遊具,組合遊具,組合遊具,組合遊具,沙坑遊戲板,環型天梯無障礙上肢設施,旋轉杯,戲沙坑,攀爬組,磨石滑梯,跳樁,遊戲板,組合遊具,磨石滑梯,組合遊具,搖搖樂,組合遊具,組合遊具,組合遊具,磨石滑梯,翹翹板,搖搖樂,組合遊具,搖搖樂,組合遊具,組合遊具,搖搖樂,組合遊具-1,攀爬組,鞦韆,大港墘公園-沙坑,大港墘公園-磨石滑梯,大港墘公園-魔力飛盤鞦韆,大港墘公園-管型山丘,攀爬組,翹翹板,遊戲體能組,搖搖樂,組合遊具,搖搖樂,組合遊具,搖搖樂,組合遊具,搖搖樂,組合遊具,組合遊具,磨石滑梯,組合遊具,搖搖樂,組合遊具,搖搖樂,組合遊具,翹翹板,搖搖樂,搖搖樂,組合遊具,搖搖樂,組合遊具,搖搖樂,組合遊具,彈跳床,戲沙坑,攀爬組,磨石滑梯,組合遊具,鞦韆,搖搖樂,組合遊具,磨石滑梯,搖搖樂,磨石滑梯,鞦韆,組合遊具,鞦韆,戲沙坑,擺盪船索,組合遊具,搖搖樂,組合遊具,組合遊具,組合遊具,組合遊具,搖搖樂,組合遊具,戲沙坑,旋轉台,組合遊具,鞦韆,組合遊具,組合遊具,磨石滑梯,鞦韆,搖搖樂,組合遊具,攀爬架,搖搖樂,組合遊具,搖搖樂,搖搖樂,組合遊具,組合遊具,磨石滑梯,翹翹板,攀爬架,戲沙坑,船型遊具組,鞦韆,組合遊具,天旋地轉,組合遊具,組合遊具,搖搖樂,大轉轉杯,組合遊具,平衡木,搖搖樂,磨石滑梯,翹翹板,鞦韆,溜滑梯組合遊具,搖搖樂,翹翹板,木製攀爬架,搖搖樂,磨石滑梯,組合遊具,翹翹板,鞦韆,組合遊具,搖搖樂,組合遊具,組合遊具,組合遊具,擺盪螺旋跳跳樂,搖搖樂,攀爬組,磨石滑梯,鞦韆,組合遊具,鞦韆,組合遊具,搖搖樂,組合遊具,鞦韆,旋轉台,滾輪滑梯,組合遊具,翹翹板,遊戲板,搖搖樂,組合遊具,攀爬組,旋轉棒,磨石滑梯,搖搖樂,鞦韆,MONKEY BAR,宇宙穿梭機,時空訊息牆,景化小飛碟,黃金光束坡,搖搖樂,組合遊具,拉鍊響板,搖擺沙鈴,獅吼鼻頭,獅背攀爬網,獅眼滾珠迷宮,鈕扣獅,組合遊具,組合遊具,搖搖樂,組合遊具", "ObjectId": 447}}, {"type": "Feature", "id": 448, "geometry": {"type": "Point", "coordinates": [121.51628113, 25.066799164]}, "properties": {"SeqNo": 986, "pm_name": "樹德公園", "pm_overview": "樹德公園位於大龍街及大同區行政中心旁，緊鄰蘭州市場及住宅社區中，公園內設有舞臺座椅區、組合遊具、搖搖樂、搖搖椅及多處樹穴休憩座椅區，該公園屬使用率極高之公園，係為都市中良好的綠色休憩空間。\r\n", "pm_unit": "大同區公所", "pm_const_year": "1973", "pm_location": "大龍街、大同區行政大樓旁", "pm_LandPublicArea": 4549, "pm_opening_s": "00:00:00", "pm_opening_e": "24:00", "pm_libie": "斯文里", "pm_phone": "02-25975323#302", "pm_sports": "單槓、扭腰器、腰背按摩器", "pm_recreation": "攀爬架、攀爬網", "pm_service": "涼亭", "pm_other": null, "pm_transit": "公車路線：搭21、280、287區、304承德線、306、616、636、756、811、1209、承德幹線至民族承德路口下車後步行抵達", "pm_name_eng": "Shude Park ", "pm_ecology": null, "pm_type": "公園", "pm_playtype": null, "pm_playarea": null, "pm_description": null, "pm_playeq": null, "ObjectId": 448}}, {"type": "Feature", "id": 449, "geometry": {"type": "Point", "coordinates": [121.51309204, 25.057970047]}, "properties": {"SeqNo": 120, "pm_name": "歸綏戲曲公園", "pm_overview": "        歸綏公園位於重慶北路2段及歸綏街口，本座公園為戲曲主題公園，由戲曲作為主軸，賦予公園豐富之色彩，園內設有舞臺休憩區、組合遊具及搖搖樂等相關休憩設施，適合各年齡層使用者使用，是都市空間中良好之休閒去處。\r\n", "pm_unit": "大同區公所", "pm_const_year": "1978", "pm_location": "重慶北路2段與歸綏街口", "pm_LandPublicArea": 2849, "pm_opening_s": "00:00:00", "pm_opening_e": "24:00", "pm_libie": "延平里", "pm_phone": "02-25975323#302", "pm_sports": "雙人扭腰器、划船健身器、高低槓、單人太空漫步", "pm_recreation": "組合遊具", "pm_service": "小舞臺", "pm_other": null, "pm_transit": "公車路線：搭215、223、250、288區、302、304重慶線、306、306區、639、641、704、757、785、1209、重慶幹線至民生重慶路口下車後步行抵達", "pm_name_eng": "Guisui Park", "pm_ecology": null, "pm_type": "公園", "pm_playtype": "一般", "pm_playarea": 150, "pm_description": null, "pm_playeq": "彈跳床,搖滾盤,攀爬組,磨石滑梯,搖搖樂,翹翹板,搖搖樂,組合遊具,搖搖樂,組合遊具,鞦韆,攀爬組,磨石滑梯,翹翹板,組合遊具,翹翹板,木樁區,盪鞦韆,平衡木,彈跳床,搖搖樂,組合遊具,翹翹板,旋轉台,戲沙坑遊戲桌,搖搖樂,攀爬組,旋轉飛輪,組合遊具,翹翹板,磨石滑梯,攀爬組,磨石子滑梯,翹翹板,彈跳床,鳥巢鞦韆,戲沙坑,攀爬組,組合遊具,攀爬組,站立式搖動設備,組合遊具,翹翹板,小石搬運,搖搖馬,組合遊具,數字造型跳樁及水管隧道,搖滾盤,X型翹翹板,組合遊具,搖搖樂,組合遊具,旋轉桶椅,大旋轉組,組合遊具,搖搖樂,磨石滑梯,鳥巢鞦韆,旋轉桶椅,組合遊具,組合遊具,組合遊具,搖搖馬,組合遊具,翹翹板,搖搖樂,組合遊具,組合遊具,磨石滑梯,鞦韆及鳥巢鞦韆,彈跳床,攀爬組,木隧道,組合遊具,仿古代程沈船遊具,攀爬繩網組,攀爬組,鳥巢鞦韆,輪胎鞦韆,尿布鞦韆,沙坑,磨石子滑梯,旋轉台,彈跳床,雙滑軌溜索,搖搖馬,翹翹板,組合遊具,搖搖馬,組合遊具,攀爬組,組合遊具,組合遊具,攀爬組,搖搖馬,磨石子滑梯,旋轉杯,組合遊具,組合遊具,組合遊具,大轉轉杯,搖搖樂,組合遊具,翹翹板,滑梯,彈跳床,戲沙坑,擺盪船索,攀爬組,旋轉組,磨石滑梯,組合遊具,特色溜滑梯,攀爬組,旋轉棒,叢林攀爬組,4人旋轉器,搖搖樂,磨石滑梯,翹翹板,搖搖樂,組合遊具,組合遊具,組合遊具,爬繩,組合遊具(叢林攀爬組),獨木橋,組合遊具,遊戲板,組合遊具,攀爬組,盪鞦韆,搖搖樂,組合遊具,組合遊具,旋轉盤,鞦韆,攀爬組,旋轉盤,搖搖樂,組合遊具,特色溜滑梯,攀爬組,跳樁,鞦韆,搖搖馬,組合遊具,蹺蹺板,組合遊具,搖搖樂,組合遊具,組合遊具2,翹翹板及搖搖馬,組合遊具,天空樹溜滑梯,戲沙坑,搖搖樂,旋轉拉環,組合遊具, X型翹翹板,鞦韆,攀爬組,搖搖樂,組合遊具(村莊高塔),鞦韆,攀爬遊戲組,彈跳床,投籃機,擺盪船索,攀爬組,旋轉台,組合遊具,組合遊具,旋轉陀螺,旋轉台,組合遊具,攀爬組,搖搖樂,翹翹板,磨石滑梯,搖搖樂,跳樁,搖搖樂,攀爬組,組合遊具(滑梯小屋),旋轉盤,組合遊具,鳥巢盪鞦韆及一般坐式盪鞦韆,蝴蝶翹翹板,特色旋轉盤,金字塔滑梯組,機車搖搖樂,遊戲板,造型攀爬牆,攀爬網,組合遊具(環繞競技場遊具組),鞦韆,體能訓練平衡組,礫石坑,獨木樁,蜻蜓點水,木橋,平衡木,平衡木,跳樁,遊戲板,隧道,組合遊具(叢林攀爬組),搖晃板,組合遊具,遊戲板,隧道,組合遊具(遊戲城堡),旋轉座椅,競技攀爬遊具組,龍舟特色遊具組,滑梯,擊鼓,搖搖樂,組合遊具,翹翹板,組合遊具,翹翹板,木作組合遊具,搖搖樂,城堡遊戲組,大轉轉杯,搖搖樂,磨石滑梯,攀爬組,鞦韆,搖搖樂,組合遊具,組合遊具,搖滾盤,旋轉球椅,愛的搖籃,組合遊具,搖搖樂,旋轉杯,翹翹板,組合遊具,搖搖樂,組合遊具,搖搖樂,組合遊具,搖搖樂,組合遊具,攀爬組,搖搖樂,組合遊具,搖搖樂,組合遊具,組合遊具,彩虹琴,旋轉音樂盒,遊戲礫石坑,彈跳節拍,搖搖樂,組合遊具,翹翹板,組合遊具,組合遊具,搖搖樂,組合遊具,組合遊具,搖搖樂,組合遊具,攀爬組合滑梯,搖搖樂,組合遊具,組合遊具,翹翹板,組合遊具,搖搖樂,組合遊具,翹翹板,組合遊具,搖搖樂,翹翹板,旋轉杯,旋轉棒,搖搖樂,磨石滑梯,組合遊具,搖搖樂,攀爬組,旋轉台,磨石滑梯,組合遊具,跳樁,組合遊具,組合遊具,組合遊具,音樂球、叮噹管、歡樂鼓,無障礙旋轉盤,無障礙鞦韆,遊戲牆,滾輪滑梯,鳥巢鞦韆,旋轉杯,旋轉棒,鞦韆,小木屋,山丘滑梯,戲沙坑,搖搖樂,攀爬組,5人轉轉盤,彈跳床,戲沙坑,組合遊具,旋轉台,旋轉杯,旋轉棒, 磨石滑梯,翹翹板,遊戲板,鞦韆,組合遊具,攀爬組,磨石滑梯,磨石滑梯,組合遊具,火車特色滑梯,鞦韆,樹蛙籃球框,組合遊具,組合遊具,組合遊具,翹翹板,組合遊具,組合遊具,組合遊具,組合遊具,組合遊具,沙坑遊戲板,環型天梯無障礙上肢設施,旋轉杯,戲沙坑,攀爬組,磨石滑梯,跳樁,遊戲板,組合遊具,磨石滑梯,組合遊具,搖搖樂,組合遊具,組合遊具,組合遊具,磨石滑梯,翹翹板,搖搖樂,組合遊具,搖搖樂,組合遊具,組合遊具,搖搖樂,組合遊具-1,攀爬組,鞦韆,大港墘公園-沙坑,大港墘公園-磨石滑梯,大港墘公園-魔力飛盤鞦韆,大港墘公園-管型山丘,攀爬組,翹翹板,遊戲體能組,搖搖樂,組合遊具,搖搖樂,組合遊具,搖搖樂,組合遊具,搖搖樂,組合遊具,組合遊具,磨石滑梯,組合遊具,搖搖樂,組合遊具,搖搖樂,組合遊具,翹翹板,搖搖樂,搖搖樂,組合遊具,搖搖樂,組合遊具,搖搖樂,組合遊具,彈跳床,戲沙坑,攀爬組,磨石滑梯,組合遊具,鞦韆,搖搖樂,組合遊具,磨石滑梯,搖搖樂,磨石滑梯,鞦韆,組合遊具,鞦韆,戲沙坑,擺盪船索,組合遊具,搖搖樂,組合遊具,組合遊具,組合遊具,組合遊具,搖搖樂,組合遊具,戲沙坑,旋轉台,組合遊具,鞦韆,組合遊具,組合遊具,磨石滑梯,鞦韆,搖搖樂,組合遊具,攀爬架,搖搖樂,組合遊具,搖搖樂,搖搖樂,組合遊具,組合遊具,磨石滑梯,翹翹板,攀爬架,戲沙坑,船型遊具組,鞦韆,組合遊具,天旋地轉,組合遊具,組合遊具,搖搖樂,大轉轉杯,組合遊具,平衡木,搖搖樂,磨石滑梯,翹翹板,鞦韆,溜滑梯組合遊具,搖搖樂,翹翹板,木製攀爬架,搖搖樂,磨石滑梯,組合遊具,翹翹板,鞦韆,組合遊具,搖搖樂,組合遊具,組合遊具,組合遊具,擺盪螺旋跳跳樂,搖搖樂,攀爬組,磨石滑梯,鞦韆,組合遊具,鞦韆,組合遊具,搖搖樂,組合遊具,鞦韆,旋轉台,滾輪滑梯,組合遊具,翹翹板,遊戲板,搖搖樂,組合遊具,攀爬組,旋轉棒,磨石滑梯,搖搖樂,鞦韆,MONKEY BAR,宇宙穿梭機,時空訊息牆,景化小飛碟,黃金光束坡,搖搖樂,組合遊具,拉鍊響板,搖擺沙鈴,獅吼鼻頭,獅背攀爬網,獅眼滾珠迷宮,鈕扣獅,組合遊具,組合遊具,搖搖樂,組合遊具,搖搖樂,組合遊具", "ObjectId": 449}}, {"type": "Feature", "id": 450, "geometry": {"type": "Point", "coordinates": [121.51538086, 25.063959122]}, "properties": {"SeqNo": 381, "pm_name": "蘭州公園", "pm_overview": "        蘭州公園位於蘭州街及蘭州街89巷交會處，雖身在巷弄內，但附近國小學童放學時，熱愛至公園內休憩，且長輩們至公園泡茶聊天之景緻豐富公園的畫面。\r\n", "pm_unit": "大同區公所", "pm_const_year": "1971", "pm_location": "蘭州街89巷", "pm_LandPublicArea": 2200, "pm_opening_s": "00:00:00", "pm_opening_e": "24:00", "pm_libie": "蓬萊里", "pm_phone": "02-25975323#302", "pm_sports": "單槓 、肩關節康復器、雙槓", "pm_recreation": "組合遊具", "pm_service": "涼亭", "pm_other": null, "pm_transit": "公車路線：搭21、41、287區、1841、1841A、1842、1842A、1961A、5250至大龍街口下車後步行抵達", "pm_name_eng": "Lanzhou Park", "pm_ecology": null, "pm_type": "公園", "pm_playtype": "一般", "pm_playarea": 103, "pm_description": null, "pm_playeq": "彈跳床,搖滾盤,攀爬組,磨石滑梯,搖搖樂,翹翹板,搖搖樂,組合遊具,搖搖樂,組合遊具,鞦韆,攀爬組,磨石滑梯,翹翹板,組合遊具,翹翹板,木樁區,盪鞦韆,平衡木,彈跳床,搖搖樂,組合遊具,翹翹板,旋轉台,戲沙坑遊戲桌,搖搖樂,攀爬組,旋轉飛輪,組合遊具,翹翹板,磨石滑梯,攀爬組,磨石子滑梯,翹翹板,彈跳床,鳥巢鞦韆,戲沙坑,攀爬組,組合遊具,攀爬組,站立式搖動設備,組合遊具,翹翹板,小石搬運,搖搖馬,組合遊具,數字造型跳樁及水管隧道,搖滾盤,X型翹翹板,組合遊具,搖搖樂,組合遊具,旋轉桶椅,大旋轉組,組合遊具,搖搖樂,磨石滑梯,鳥巢鞦韆,旋轉桶椅,組合遊具,組合遊具,組合遊具,搖搖馬,組合遊具,翹翹板,搖搖樂,組合遊具,組合遊具,磨石滑梯,鞦韆及鳥巢鞦韆,彈跳床,攀爬組,木隧道,組合遊具,仿古代程沈船遊具,攀爬繩網組,攀爬組,鳥巢鞦韆,輪胎鞦韆,尿布鞦韆,沙坑,磨石子滑梯,旋轉台,彈跳床,雙滑軌溜索,搖搖馬,翹翹板,組合遊具,搖搖馬,組合遊具,攀爬組,組合遊具,組合遊具,攀爬組,搖搖馬,磨石子滑梯,旋轉杯,組合遊具,組合遊具,組合遊具,大轉轉杯,搖搖樂,組合遊具,翹翹板,滑梯,彈跳床,戲沙坑,擺盪船索,攀爬組,旋轉組,磨石滑梯,組合遊具,特色溜滑梯,攀爬組,旋轉棒,叢林攀爬組,4人旋轉器,搖搖樂,磨石滑梯,翹翹板,搖搖樂,組合遊具,組合遊具,組合遊具,爬繩,組合遊具(叢林攀爬組),獨木橋,組合遊具,遊戲板,組合遊具,攀爬組,盪鞦韆,搖搖樂,組合遊具,組合遊具,旋轉盤,鞦韆,攀爬組,旋轉盤,搖搖樂,組合遊具,特色溜滑梯,攀爬組,跳樁,鞦韆,搖搖馬,組合遊具,蹺蹺板,組合遊具,搖搖樂,組合遊具,組合遊具2,翹翹板及搖搖馬,組合遊具,天空樹溜滑梯,戲沙坑,搖搖樂,旋轉拉環,組合遊具, X型翹翹板,鞦韆,攀爬組,搖搖樂,組合遊具(村莊高塔),鞦韆,攀爬遊戲組,彈跳床,投籃機,擺盪船索,攀爬組,旋轉台,組合遊具,組合遊具,旋轉陀螺,旋轉台,組合遊具,攀爬組,搖搖樂,翹翹板,磨石滑梯,搖搖樂,跳樁,搖搖樂,攀爬組,組合遊具(滑梯小屋),旋轉盤,組合遊具,鳥巢盪鞦韆及一般坐式盪鞦韆,蝴蝶翹翹板,特色旋轉盤,金字塔滑梯組,機車搖搖樂,遊戲板,造型攀爬牆,攀爬網,組合遊具(環繞競技場遊具組),鞦韆,體能訓練平衡組,礫石坑,獨木樁,蜻蜓點水,木橋,平衡木,平衡木,跳樁,遊戲板,隧道,組合遊具(叢林攀爬組),搖晃板,組合遊具,遊戲板,隧道,組合遊具(遊戲城堡),旋轉座椅,競技攀爬遊具組,龍舟特色遊具組,滑梯,擊鼓,搖搖樂,組合遊具,翹翹板,組合遊具,翹翹板,木作組合遊具,搖搖樂,城堡遊戲組,大轉轉杯,搖搖樂,磨石滑梯,攀爬組,鞦韆,搖搖樂,組合遊具,組合遊具,搖滾盤,旋轉球椅,愛的搖籃,組合遊具,搖搖樂,旋轉杯,翹翹板,組合遊具,搖搖樂,組合遊具,搖搖樂,組合遊具,搖搖樂,組合遊具,攀爬組,搖搖樂,組合遊具,搖搖樂,組合遊具,組合遊具,彩虹琴,旋轉音樂盒,遊戲礫石坑,彈跳節拍,搖搖樂,組合遊具,翹翹板,組合遊具,組合遊具,搖搖樂,組合遊具,組合遊具,搖搖樂,組合遊具,攀爬組合滑梯,搖搖樂,組合遊具,組合遊具,翹翹板,組合遊具,搖搖樂,組合遊具,翹翹板,組合遊具,搖搖樂,翹翹板,旋轉杯,旋轉棒,搖搖樂,磨石滑梯,組合遊具,搖搖樂,攀爬組,旋轉台,磨石滑梯,組合遊具,跳樁,組合遊具,組合遊具,組合遊具,音樂球、叮噹管、歡樂鼓,無障礙旋轉盤,無障礙鞦韆,遊戲牆,滾輪滑梯,鳥巢鞦韆,旋轉杯,旋轉棒,鞦韆,小木屋,山丘滑梯,戲沙坑,搖搖樂,攀爬組,5人轉轉盤,彈跳床,戲沙坑,組合遊具,旋轉台,旋轉杯,旋轉棒, 磨石滑梯,翹翹板,遊戲板,鞦韆,組合遊具,攀爬組,磨石滑梯,磨石滑梯,組合遊具,火車特色滑梯,鞦韆,樹蛙籃球框,組合遊具,組合遊具,組合遊具,翹翹板,組合遊具,組合遊具,組合遊具,組合遊具,組合遊具,沙坑遊戲板,環型天梯無障礙上肢設施,旋轉杯,戲沙坑,攀爬組,磨石滑梯,跳樁,遊戲板,組合遊具,磨石滑梯,組合遊具,搖搖樂,組合遊具,組合遊具,組合遊具,磨石滑梯,翹翹板,搖搖樂,組合遊具,搖搖樂,組合遊具,組合遊具,搖搖樂,組合遊具-1,攀爬組,鞦韆,大港墘公園-沙坑,大港墘公園-磨石滑梯,大港墘公園-魔力飛盤鞦韆,大港墘公園-管型山丘,攀爬組,翹翹板,遊戲體能組,搖搖樂,組合遊具,搖搖樂,組合遊具,搖搖樂,組合遊具,搖搖樂,組合遊具,組合遊具,磨石滑梯,組合遊具,搖搖樂,組合遊具,搖搖樂,組合遊具,翹翹板,搖搖樂,搖搖樂,組合遊具,搖搖樂,組合遊具,搖搖樂,組合遊具,彈跳床,戲沙坑,攀爬組,磨石滑梯,組合遊具,鞦韆,搖搖樂,組合遊具,磨石滑梯,搖搖樂,磨石滑梯,鞦韆,組合遊具,鞦韆,戲沙坑,擺盪船索,組合遊具,搖搖樂,組合遊具,組合遊具,組合遊具,組合遊具,搖搖樂,組合遊具,戲沙坑,旋轉台,組合遊具,鞦韆,組合遊具,組合遊具,磨石滑梯,鞦韆,搖搖樂,組合遊具,攀爬架,搖搖樂,組合遊具,搖搖樂,搖搖樂,組合遊具,組合遊具,磨石滑梯,翹翹板,攀爬架,戲沙坑,船型遊具組,鞦韆,組合遊具,天旋地轉,組合遊具,組合遊具,搖搖樂,大轉轉杯,組合遊具,平衡木,搖搖樂,磨石滑梯,翹翹板,鞦韆,溜滑梯組合遊具,搖搖樂,翹翹板,木製攀爬架,搖搖樂,磨石滑梯,組合遊具,翹翹板,鞦韆,組合遊具,搖搖樂,組合遊具,組合遊具,組合遊具,擺盪螺旋跳跳樂,搖搖樂,攀爬組,磨石滑梯,鞦韆,組合遊具,鞦韆,組合遊具,搖搖樂,組合遊具,鞦韆,旋轉台,滾輪滑梯,組合遊具,翹翹板,遊戲板,搖搖樂,組合遊具,攀爬組,旋轉棒,磨石滑梯,搖搖樂,鞦韆,MONKEY BAR,宇宙穿梭機,時空訊息牆,景化小飛碟,黃金光束坡,搖搖樂,組合遊具,拉鍊響板,搖擺沙鈴,獅吼鼻頭,獅背攀爬網,獅眼滾珠迷宮,鈕扣獅,組合遊具,組合遊具,搖搖樂,組合遊具,搖搖樂,組合遊具,搖搖樂,組合遊具,鞦韆,翹翹板", "ObjectId": 450}}, {"type": "Feature", "id": 456, "geometry": {"type": "Point", "coordinates": [121.50861359, 25.056379318]}, "properties": {"SeqNo": 415, "pm_name": "大同16號廣場", "pm_overview": "　　大同16號廣場位於大同區永樂里環河北路與民生西路口，於民國84年開闢完成，廣場面積為255平方公尺，該廣場設置公共藝術「大稻埕之春」，以青銅、花崗石為雕塑材質，作品呈現母子相擁，一同眺望遠方，充滿期待幸福與美滿之意象，母親象徵勤勞儉樸，相夫教子典範，男孩則代表著希望的未來，瞻仰遠方的母子，洋溢著快樂的心情，期待美好的遠景。另外作品中以石板堤牆穩喻懷舊濃情，以水波浪紋代表特殊地理位置-九號水門，歡迎大家前往參觀。", "pm_unit": "園藝工程隊(西區分隊)", "pm_const_year": "1995", "pm_location": "大同區永樂里環河北路與民生西路口", "pm_LandPublicArea": 718, "pm_opening_s": "00:00:00", "pm_opening_e": "24:00", "pm_libie": "永樂里", "pm_phone": "02-23329386", "pm_sports": null, "pm_recreation": null, "pm_service": null, "pm_other": null, "pm_transit": "綠17.紅33公車站牌民生西西寧路口", "pm_name_eng": "Datong  Plaza  No.16", "pm_ecology": null, "pm_type": "廣場", "pm_playtype": null, "pm_playarea": null, "pm_description": null, "pm_playeq": null, "ObjectId": 456}}, {"type": "Feature", "id": 457, "geometry": {"type": "Point", "coordinates": [121.50953674, 25.055000305]}, "properties": {"SeqNo": 510, "pm_name": "大稻埕廣場", "pm_overview": "　　大稻埕廣場位於大同區永樂里永昌街與迪化街口之霞海城隍廟前，於民國90年開闢完成，廣場面積為131平方公尺，緊鄰廣場的臺北霞海城隍廟月老聞名海外，不少外國觀光客慕名而來祈求姻緣及事業；閩南語「埕」有「空地、廣場」之意，「稻埕」即「曬穀場」，清末至日據時代，大稻埕在地方經濟、人文活動等均有驚人成長及發展，除頻繁的商業活動外，同時也是人文薈萃之起源。", "pm_unit": "園藝工程隊(西區分隊)", "pm_const_year": "2001", "pm_location": "大同區永樂里永昌街與迪化街口之霞海城隍廟前", "pm_LandPublicArea": 131, "pm_opening_s": "00:00:00", "pm_opening_e": "24:00", "pm_libie": "永樂里", "pm_phone": "02-23329386", "pm_sports": null, "pm_recreation": null, "pm_service": null, "pm_other": null, "pm_transit": "紅25.797公車站迪化街口", "pm_name_eng": "Dadaocheng Plaza", "pm_ecology": null, "pm_type": "廣場", "pm_playtype": null, "pm_playarea": null, "pm_description": null, "pm_playeq": null, "ObjectId": 457}}, {"type": "Feature", "id": 459, "geometry": {"type": "Point", "coordinates": [121.51663971, 25.04747963]}, "properties": {"SeqNo": 211, "pm_name": "太原廣場", "pm_overview": "　　太原廣場位於大同區建明里鄭州路與太原路口左右兩側廣場，於民國89年開闢完成，廣場面積為2,129平方公尺，該廣場為臺鐵臺北車站後站舊址，為讓人懷念其往日時光，特別在廣場內設置火車車箱1節供民眾懷舊，因此太原廣場又稱為「懷舊廣場」，歡迎大家前來參訪！", "pm_unit": "園藝工程隊(西區分隊)", "pm_const_year": "2000", "pm_location": "大同區建明里鄭州路與太原路口左右兩側廣場", "pm_LandPublicArea": 2129, "pm_opening_s": "00:00:00", "pm_opening_e": "24:00", "pm_libie": "建明里", "pm_phone": "02-23329386", "pm_sports": null, "pm_recreation": null, "pm_service": null, "pm_other": null, "pm_transit": "2.39.274.669.14.299.615.260.641.218.220.310.公車站牌臺北車站（鄭州）", "pm_name_eng": "Taiyuan Plaza", "pm_ecology": null, "pm_type": "廣場", "pm_playtype": null, "pm_playarea": null, "pm_description": null, "pm_playeq": null, "ObjectId": 459}}, {"type": "Feature", "id": 460, "geometry": {"type": "Point", "coordinates": [121.50965881, 25.054660797]}, "properties": {"SeqNo": 739, "pm_name": "永樂廣場", "pm_overview": "　　於民國89年開闢完成，廣場面積為1,200平方公尺，每逢春節前夕迪化街湧入趕辦年貨人潮，配合本府商業處，提供廣場用地舉辦春節年貨大街等活動，平日則為民眾休憩之場所，另亦可提供一般民眾申請場地借用，以活化廣場用地。", "pm_unit": "園藝工程隊(西區分隊)", "pm_const_year": "2000", "pm_location": "大同區永樂里迪化街永樂市場", "pm_LandPublicArea": 1200, "pm_opening_s": "00:00:00", "pm_opening_e": "24:00", "pm_libie": "永樂里", "pm_phone": "02-23329386", "pm_sports": null, "pm_recreation": null, "pm_service": "直飲台.座椅", "pm_other": null, "pm_transit": "紅25.797公車站牌迪化街口", "pm_name_eng": "Yongle  Plaza", "pm_ecology": null, "pm_type": "廣場", "pm_playtype": null, "pm_playarea": null, "pm_description": null, "pm_playeq": null, "ObjectId": 460}}, {"type": "Feature", "id": 462, "geometry": {"type": "Point", "coordinates": [121.5142952, 25.0527604]}, "properties": {"SeqNo": 794, "pm_name": "建成圓環", "pm_overview": "古蹟、親水", "pm_unit": "園藝工程隊(西區分隊)", "pm_const_year": "2001", "pm_location": "南京西路與重慶北路口東南側", "pm_LandPublicArea": 2726, "pm_opening_s": "00:00:00", "pm_opening_e": "24:00", "pm_libie": "建功里", "pm_phone": "02-23329386", "pm_sports": null, "pm_recreation": null, "pm_service": "直飲台", "pm_other": "防空蓄水池", "pm_transit": "公車：圓環(南京)、圓環(南京)", "pm_name_eng": "Jiancheng Roundabout", "pm_ecology": null, "pm_type": "廣場", "pm_playtype": null, "pm_playarea": null, "pm_description": null, "pm_playeq": null, "ObjectId": 462}}, {"type": "Feature", "id": 463, "geometry": {"type": "Point", "coordinates": [121.5457077, 25.046930313]}, "properties": {"SeqNo": 97, "pm_name": "八德公園", "pm_overview": "        八德公園係一以櫻花為主題，風格鮮明之鄰里公園，而涼亭周圍的花卉造景與筆直的光蠟樹相配得宜，園內設施完備，兒童遊戲及里民休憩兩相宜。", "pm_unit": "松山區公所", "pm_const_year": "1978", "pm_location": "八德路二段366巷21之1號前", "pm_LandPublicArea": 1520, "pm_opening_s": "00:00:00", "pm_opening_e": "24:00", "pm_libie": "中崙里", "pm_phone": "02-87878787#881", "pm_sports": "肩關節康復器、扭腰器、單槓、伸腰伸背器", "pm_recreation": "組合遊具", "pm_service": "涼亭", "pm_other": null, "pm_transit": "捷運路線：搭文湖線至南京復興站5號出口後步行抵達，公車路線：搭41、52、202至臺安醫院站下車，再步行抵達", "pm_name_eng": "Bade Park", "pm_ecology": null, "pm_type": "公園", "pm_playtype": "一般", "pm_playarea": 195.54, "pm_description": null, "pm_playeq": "彈跳床,搖滾盤,攀爬組,磨石滑梯,搖搖樂,翹翹板,搖搖樂,組合遊具,搖搖樂,組合遊具,鞦韆,攀爬組,磨石滑梯,翹翹板,組合遊具,翹翹板,木樁區,盪鞦韆,平衡木,彈跳床,搖搖樂,組合遊具,翹翹板,旋轉台,戲沙坑遊戲桌,搖搖樂,攀爬組,旋轉飛輪,組合遊具,翹翹板,磨石滑梯,攀爬組,磨石子滑梯,翹翹板,彈跳床,鳥巢鞦韆,戲沙坑,攀爬組,組合遊具,攀爬組,站立式搖動設備,組合遊具,翹翹板,小石搬運,搖搖馬,組合遊具,數字造型跳樁及水管隧道,搖滾盤,X型翹翹板,組合遊具,搖搖樂,組合遊具,旋轉桶椅,大旋轉組,組合遊具,搖搖樂,磨石滑梯,鳥巢鞦韆,旋轉桶椅,組合遊具,組合遊具,組合遊具,搖搖馬,組合遊具,翹翹板,搖搖樂,組合遊具,組合遊具,磨石滑梯,鞦韆及鳥巢鞦韆,彈跳床,攀爬組,木隧道,組合遊具,仿古代程沈船遊具,攀爬繩網組,攀爬組,鳥巢鞦韆,輪胎鞦韆,尿布鞦韆,沙坑,磨石子滑梯,旋轉台,彈跳床,雙滑軌溜索,搖搖馬,翹翹板,組合遊具,搖搖馬,組合遊具,攀爬組,組合遊具,組合遊具,攀爬組,搖搖馬,磨石子滑梯,旋轉杯,組合遊具,組合遊具,組合遊具,大轉轉杯,搖搖樂,組合遊具,翹翹板,滑梯,彈跳床,戲沙坑,擺盪船索,攀爬組,旋轉組,磨石滑梯,組合遊具,特色溜滑梯,攀爬組,旋轉棒,叢林攀爬組,4人旋轉器,搖搖樂,磨石滑梯,翹翹板,搖搖樂,組合遊具,組合遊具,組合遊具,爬繩,組合遊具(叢林攀爬組),獨木橋,組合遊具,遊戲板,組合遊具,攀爬組,盪鞦韆,搖搖樂,組合遊具,組合遊具,旋轉盤,鞦韆,攀爬組,旋轉盤,搖搖樂,組合遊具,特色溜滑梯,攀爬組,跳樁,鞦韆,搖搖馬,組合遊具,蹺蹺板,組合遊具,搖搖樂,組合遊具,組合遊具2,翹翹板及搖搖馬,組合遊具,天空樹溜滑梯,戲沙坑,搖搖樂,旋轉拉環,組合遊具, X型翹翹板,鞦韆,攀爬組,搖搖樂,組合遊具(村莊高塔),鞦韆,攀爬遊戲組,彈跳床,投籃機,擺盪船索,攀爬組,旋轉台,組合遊具,組合遊具,旋轉陀螺,旋轉台,組合遊具,攀爬組,搖搖樂,翹翹板,磨石滑梯,搖搖樂,跳樁,搖搖樂,攀爬組,組合遊具(滑梯小屋),旋轉盤,組合遊具,鳥巢盪鞦韆及一般坐式盪鞦韆,蝴蝶翹翹板,特色旋轉盤,金字塔滑梯組,機車搖搖樂,遊戲板,造型攀爬牆,攀爬網,組合遊具(環繞競技場遊具組),鞦韆,體能訓練平衡組,礫石坑,獨木樁,蜻蜓點水,木橋,平衡木,平衡木,跳樁,遊戲板,隧道,組合遊具(叢林攀爬組),搖晃板,組合遊具,遊戲板,隧道,組合遊具(遊戲城堡),旋轉座椅,競技攀爬遊具組,龍舟特色遊具組,滑梯,擊鼓,搖搖樂,組合遊具,翹翹板,組合遊具,翹翹板,木作組合遊具,搖搖樂,城堡遊戲組,大轉轉杯,搖搖樂,磨石滑梯,攀爬組,鞦韆,搖搖樂,組合遊具,組合遊具,搖滾盤,旋轉球椅,愛的搖籃,組合遊具,搖搖樂,旋轉杯,翹翹板,組合遊具,搖搖樂,組合遊具,搖搖樂,組合遊具,搖搖樂,組合遊具,攀爬組,搖搖樂,組合遊具,搖搖樂,組合遊具,組合遊具,彩虹琴,旋轉音樂盒,遊戲礫石坑,彈跳節拍,搖搖樂,組合遊具,翹翹板,組合遊具,組合遊具,搖搖樂,組合遊具,組合遊具,搖搖樂,組合遊具,攀爬組合滑梯,搖搖樂,組合遊具,組合遊具,翹翹板,組合遊具,搖搖樂,組合遊具,翹翹板,組合遊具,搖搖樂,翹翹板,旋轉杯,旋轉棒,搖搖樂,磨石滑梯,組合遊具,搖搖樂,攀爬組,旋轉台,磨石滑梯,組合遊具,跳樁,組合遊具,組合遊具,組合遊具,音樂球、叮噹管、歡樂鼓,無障礙旋轉盤,無障礙鞦韆,遊戲牆,滾輪滑梯,鳥巢鞦韆,旋轉杯,旋轉棒,鞦韆,小木屋,山丘滑梯,戲沙坑,搖搖樂,攀爬組,5人轉轉盤,彈跳床,戲沙坑,組合遊具,旋轉台,旋轉杯,旋轉棒, 磨石滑梯,翹翹板,遊戲板,鞦韆,組合遊具,攀爬組,磨石滑梯,磨石滑梯,組合遊具,火車特色滑梯,鞦韆,樹蛙籃球框,組合遊具,組合遊具,組合遊具,翹翹板,組合遊具,組合遊具,組合遊具,組合遊具,組合遊具,沙坑遊戲板,環型天梯無障礙上肢設施,旋轉杯,戲沙坑,攀爬組,磨石滑梯,跳樁,遊戲板,組合遊具,磨石滑梯,組合遊具,搖搖樂,組合遊具,組合遊具,組合遊具,磨石滑梯,翹翹板,搖搖樂,組合遊具,搖搖樂,組合遊具,組合遊具,搖搖樂,組合遊具-1,攀爬組,鞦韆,大港墘公園-沙坑,大港墘公園-磨石滑梯,大港墘公園-魔力飛盤鞦韆,大港墘公園-管型山丘,攀爬組,翹翹板,遊戲體能組,搖搖樂,組合遊具,搖搖樂,組合遊具,搖搖樂,組合遊具,搖搖樂,組合遊具,組合遊具,磨石滑梯,組合遊具,搖搖樂,組合遊具,搖搖樂,組合遊具,翹翹板,搖搖樂,搖搖樂,組合遊具,搖搖樂,組合遊具,搖搖樂,組合遊具,彈跳床,戲沙坑,攀爬組,磨石滑梯,組合遊具,鞦韆,搖搖樂,組合遊具,磨石滑梯,搖搖樂,磨石滑梯,鞦韆,組合遊具,鞦韆,戲沙坑,擺盪船索,組合遊具,搖搖樂,組合遊具,組合遊具,組合遊具,組合遊具,搖搖樂,組合遊具,戲沙坑,旋轉台,組合遊具,鞦韆,組合遊具,組合遊具,磨石滑梯,鞦韆,搖搖樂,組合遊具,攀爬架,搖搖樂,組合遊具,搖搖樂,搖搖樂,組合遊具,組合遊具,磨石滑梯,翹翹板,攀爬架,戲沙坑,船型遊具組,鞦韆,組合遊具,天旋地轉,組合遊具,組合遊具,搖搖樂,大轉轉杯,組合遊具,平衡木,搖搖樂,磨石滑梯,翹翹板,鞦韆,溜滑梯組合遊具,搖搖樂,翹翹板,木製攀爬架,搖搖樂,磨石滑梯,組合遊具,翹翹板,鞦韆,組合遊具,搖搖樂,組合遊具,組合遊具,組合遊具,擺盪螺旋跳跳樂,搖搖樂,攀爬組,磨石滑梯,鞦韆,組合遊具,鞦韆,組合遊具,搖搖樂,組合遊具,鞦韆,旋轉台,滾輪滑梯,組合遊具,翹翹板,遊戲板,搖搖樂,組合遊具,攀爬組,旋轉棒,磨石滑梯,搖搖樂,鞦韆,MONKEY BAR,宇宙穿梭機,時空訊息牆,景化小飛碟,黃金光束坡,搖搖樂,組合遊具,拉鍊響板,搖擺沙鈴,獅吼鼻頭,獅背攀爬網,獅眼滾珠迷宮,鈕扣獅,組合遊具,組合遊具,搖搖樂,組合遊具,搖搖樂,組合遊具,搖搖樂,組合遊具,鞦韆,翹翹板,組合遊具,搖搖樂,搖搖樂,組合遊具,組合遊具", "ObjectId": 463}}, {"type": "Feature", "id": 466, "geometry": {"type": "Point", "coordinates": [121.552484, 25.053527]}, "properties": {"SeqNo": 493, "pm_name": "中華公園", "pm_overview": "        中華公園風貌較為光亮明朗，晨間為里民聚集運動的場所，下午則為小朋友玩耍的樂園，搭配櫻花的美景及活潑圖案的鋪面及牆面，相當出色。", "pm_unit": "松山區公所", "pm_const_year": "1979", "pm_location": "健康路15巷口", "pm_LandPublicArea": 2006, "pm_opening_s": "00:00:00", "pm_opening_e": "24:00", "pm_libie": "中華里", "pm_phone": "02-87878787#881", "pm_sports": "肩關節康復器、單槓、雙人太空漫步機", "pm_recreation": "組合遊具", "pm_service": "涼亭", "pm_other": null, "pm_transit": "捷運路線：搭板南線至臺北小巨蛋站5號出口後步行抵達，公車路線：搭46、248、277至南京寧安街口下車，再步行抵達", "pm_name_eng": "Zhonghua Park", "pm_ecology": null, "pm_type": "公園", "pm_playtype": "一般", "pm_playarea": 174.05, "pm_description": null, "pm_playeq": "彈跳床,搖滾盤,攀爬組,磨石滑梯,搖搖樂,翹翹板,搖搖樂,組合遊具,搖搖樂,組合遊具,鞦韆,攀爬組,磨石滑梯,翹翹板,組合遊具,翹翹板,木樁區,盪鞦韆,平衡木,彈跳床,搖搖樂,組合遊具,翹翹板,旋轉台,戲沙坑遊戲桌,搖搖樂,攀爬組,旋轉飛輪,組合遊具,翹翹板,磨石滑梯,攀爬組,磨石子滑梯,翹翹板,彈跳床,鳥巢鞦韆,戲沙坑,攀爬組,組合遊具,攀爬組,站立式搖動設備,組合遊具,翹翹板,小石搬運,搖搖馬,組合遊具,數字造型跳樁及水管隧道,搖滾盤,X型翹翹板,組合遊具,搖搖樂,組合遊具,旋轉桶椅,大旋轉組,組合遊具,搖搖樂,磨石滑梯,鳥巢鞦韆,旋轉桶椅,組合遊具,組合遊具,組合遊具,搖搖馬,組合遊具,翹翹板,搖搖樂,組合遊具,組合遊具,磨石滑梯,鞦韆及鳥巢鞦韆,彈跳床,攀爬組,木隧道,組合遊具,仿古代程沈船遊具,攀爬繩網組,攀爬組,鳥巢鞦韆,輪胎鞦韆,尿布鞦韆,沙坑,磨石子滑梯,旋轉台,彈跳床,雙滑軌溜索,搖搖馬,翹翹板,組合遊具,搖搖馬,組合遊具,攀爬組,組合遊具,組合遊具,攀爬組,搖搖馬,磨石子滑梯,旋轉杯,組合遊具,組合遊具,組合遊具,大轉轉杯,搖搖樂,組合遊具,翹翹板,滑梯,彈跳床,戲沙坑,擺盪船索,攀爬組,旋轉組,磨石滑梯,組合遊具,特色溜滑梯,攀爬組,旋轉棒,叢林攀爬組,4人旋轉器,搖搖樂,磨石滑梯,翹翹板,搖搖樂,組合遊具,組合遊具,組合遊具,爬繩,組合遊具(叢林攀爬組),獨木橋,組合遊具,遊戲板,組合遊具,攀爬組,盪鞦韆,搖搖樂,組合遊具,組合遊具,旋轉盤,鞦韆,攀爬組,旋轉盤,搖搖樂,組合遊具,特色溜滑梯,攀爬組,跳樁,鞦韆,搖搖馬,組合遊具,蹺蹺板,組合遊具,搖搖樂,組合遊具,組合遊具2,翹翹板及搖搖馬,組合遊具,天空樹溜滑梯,戲沙坑,搖搖樂,旋轉拉環,組合遊具, X型翹翹板,鞦韆,攀爬組,搖搖樂,組合遊具(村莊高塔),鞦韆,攀爬遊戲組,彈跳床,投籃機,擺盪船索,攀爬組,旋轉台,組合遊具,組合遊具,旋轉陀螺,旋轉台,組合遊具,攀爬組,搖搖樂,翹翹板,磨石滑梯,搖搖樂,跳樁,搖搖樂,攀爬組,組合遊具(滑梯小屋),旋轉盤,組合遊具,鳥巢盪鞦韆及一般坐式盪鞦韆,蝴蝶翹翹板,特色旋轉盤,金字塔滑梯組,機車搖搖樂,遊戲板,造型攀爬牆,攀爬網,組合遊具(環繞競技場遊具組),鞦韆,體能訓練平衡組,礫石坑,獨木樁,蜻蜓點水,木橋,平衡木,平衡木,跳樁,遊戲板,隧道,組合遊具(叢林攀爬組),搖晃板,組合遊具,遊戲板,隧道,組合遊具(遊戲城堡),旋轉座椅,競技攀爬遊具組,龍舟特色遊具組,滑梯,擊鼓,搖搖樂,組合遊具,翹翹板,組合遊具,翹翹板,木作組合遊具,搖搖樂,城堡遊戲組,大轉轉杯,搖搖樂,磨石滑梯,攀爬組,鞦韆,搖搖樂,組合遊具,組合遊具,搖滾盤,旋轉球椅,愛的搖籃,組合遊具,搖搖樂,旋轉杯,翹翹板,組合遊具,搖搖樂,組合遊具,搖搖樂,組合遊具,搖搖樂,組合遊具,攀爬組,搖搖樂,組合遊具,搖搖樂,組合遊具,組合遊具,彩虹琴,旋轉音樂盒,遊戲礫石坑,彈跳節拍,搖搖樂,組合遊具,翹翹板,組合遊具,組合遊具,搖搖樂,組合遊具,組合遊具,搖搖樂,組合遊具,攀爬組合滑梯,搖搖樂,組合遊具,組合遊具,翹翹板,組合遊具,搖搖樂,組合遊具,翹翹板,組合遊具,搖搖樂,翹翹板,旋轉杯,旋轉棒,搖搖樂,磨石滑梯,組合遊具,搖搖樂,攀爬組,旋轉台,磨石滑梯,組合遊具,跳樁,組合遊具,組合遊具,組合遊具,音樂球、叮噹管、歡樂鼓,無障礙旋轉盤,無障礙鞦韆,遊戲牆,滾輪滑梯,鳥巢鞦韆,旋轉杯,旋轉棒,鞦韆,小木屋,山丘滑梯,戲沙坑,搖搖樂,攀爬組,5人轉轉盤,彈跳床,戲沙坑,組合遊具,旋轉台,旋轉杯,旋轉棒, 磨石滑梯,翹翹板,遊戲板,鞦韆,組合遊具,攀爬組,磨石滑梯,磨石滑梯,組合遊具,火車特色滑梯,鞦韆,樹蛙籃球框,組合遊具,組合遊具,組合遊具,翹翹板,組合遊具,組合遊具,組合遊具,組合遊具,組合遊具,沙坑遊戲板,環型天梯無障礙上肢設施,旋轉杯,戲沙坑,攀爬組,磨石滑梯,跳樁,遊戲板,組合遊具,磨石滑梯,組合遊具,搖搖樂,組合遊具,組合遊具,組合遊具,磨石滑梯,翹翹板,搖搖樂,組合遊具,搖搖樂,組合遊具,組合遊具,搖搖樂,組合遊具-1,攀爬組,鞦韆,大港墘公園-沙坑,大港墘公園-磨石滑梯,大港墘公園-魔力飛盤鞦韆,大港墘公園-管型山丘,攀爬組,翹翹板,遊戲體能組,搖搖樂,組合遊具,搖搖樂,組合遊具,搖搖樂,組合遊具,搖搖樂,組合遊具,組合遊具,磨石滑梯,組合遊具,搖搖樂,組合遊具,搖搖樂,組合遊具,翹翹板,搖搖樂,搖搖樂,組合遊具,搖搖樂,組合遊具,搖搖樂,組合遊具,彈跳床,戲沙坑,攀爬組,磨石滑梯,組合遊具,鞦韆,搖搖樂,組合遊具,磨石滑梯,搖搖樂,磨石滑梯,鞦韆,組合遊具,鞦韆,戲沙坑,擺盪船索,組合遊具,搖搖樂,組合遊具,組合遊具,組合遊具,組合遊具,搖搖樂,組合遊具,戲沙坑,旋轉台,組合遊具,鞦韆,組合遊具,組合遊具,磨石滑梯,鞦韆,搖搖樂,組合遊具,攀爬架,搖搖樂,組合遊具,搖搖樂,搖搖樂,組合遊具,組合遊具,磨石滑梯,翹翹板,攀爬架,戲沙坑,船型遊具組,鞦韆,組合遊具,天旋地轉,組合遊具,組合遊具,搖搖樂,大轉轉杯,組合遊具,平衡木,搖搖樂,磨石滑梯,翹翹板,鞦韆,溜滑梯組合遊具,搖搖樂,翹翹板,木製攀爬架,搖搖樂,磨石滑梯,組合遊具,翹翹板,鞦韆,組合遊具,搖搖樂,組合遊具,組合遊具,組合遊具,擺盪螺旋跳跳樂,搖搖樂,攀爬組,磨石滑梯,鞦韆,組合遊具,鞦韆,組合遊具,搖搖樂,組合遊具,鞦韆,旋轉台,滾輪滑梯,組合遊具,翹翹板,遊戲板,搖搖樂,組合遊具,攀爬組,旋轉棒,磨石滑梯,搖搖樂,鞦韆,MONKEY BAR,宇宙穿梭機,時空訊息牆,景化小飛碟,黃金光束坡,搖搖樂,組合遊具,拉鍊響板,搖擺沙鈴,獅吼鼻頭,獅背攀爬網,獅眼滾珠迷宮,鈕扣獅,組合遊具,組合遊具,搖搖樂,組合遊具,搖搖樂,組合遊具,搖搖樂,組合遊具,鞦韆,翹翹板,組合遊具,搖搖樂,搖搖樂,組合遊具,組合遊具,戲沙坑,組合遊具,滑索(軌),鞦韆,搖搖馬,組合遊具", "ObjectId": 466}}, {"type": "Feature", "id": 467, "geometry": {"type": "Point", "coordinates": [121.54740143, 25.060770035]}, "properties": {"SeqNo": 788, "pm_name": "民有一號公園", "pm_overview": "        民有一號公園以花園風格為其設計靈魂，園中明亮的蔓花生地毯及時節草花花海使公園顯得青春洋溢，園中亦有多種花卉在各個時節展現迷人風采。", "pm_unit": "松山區公所", "pm_const_year": "1980", "pm_location": "敦化北路244巷31號前", "pm_LandPublicArea": 1542, "pm_opening_s": "00:00:00", "pm_opening_e": "24:00", "pm_libie": "民有里", "pm_phone": "02-87878787#881", "pm_sports": null, "pm_recreation": "組合遊具", "pm_service": "涼亭、直飲台", "pm_other": null, "pm_transit": "捷運路線：搭文湖線至中山國中站後步行抵達，公車路線：搭5、63、680至捷運中山國中站下車，再步行抵達", "pm_name_eng": "No.1 Minyou Park", "pm_ecology": null, "pm_type": "公園", "pm_playtype": "一般", "pm_playarea": 68.94, "pm_description": null, "pm_playeq": "彈跳床,搖滾盤,攀爬組,磨石滑梯,搖搖樂,翹翹板,搖搖樂,組合遊具,搖搖樂,組合遊具,鞦韆,攀爬組,磨石滑梯,翹翹板,組合遊具,翹翹板,木樁區,盪鞦韆,平衡木,彈跳床,搖搖樂,組合遊具,翹翹板,旋轉台,戲沙坑遊戲桌,搖搖樂,攀爬組,旋轉飛輪,組合遊具,翹翹板,磨石滑梯,攀爬組,磨石子滑梯,翹翹板,彈跳床,鳥巢鞦韆,戲沙坑,攀爬組,組合遊具,攀爬組,站立式搖動設備,組合遊具,翹翹板,小石搬運,搖搖馬,組合遊具,數字造型跳樁及水管隧道,搖滾盤,X型翹翹板,組合遊具,搖搖樂,組合遊具,旋轉桶椅,大旋轉組,組合遊具,搖搖樂,磨石滑梯,鳥巢鞦韆,旋轉桶椅,組合遊具,組合遊具,組合遊具,搖搖馬,組合遊具,翹翹板,搖搖樂,組合遊具,組合遊具,磨石滑梯,鞦韆及鳥巢鞦韆,彈跳床,攀爬組,木隧道,組合遊具,仿古代程沈船遊具,攀爬繩網組,攀爬組,鳥巢鞦韆,輪胎鞦韆,尿布鞦韆,沙坑,磨石子滑梯,旋轉台,彈跳床,雙滑軌溜索,搖搖馬,翹翹板,組合遊具,搖搖馬,組合遊具,攀爬組,組合遊具,組合遊具,攀爬組,搖搖馬,磨石子滑梯,旋轉杯,組合遊具,組合遊具,組合遊具,大轉轉杯,搖搖樂,組合遊具,翹翹板,滑梯,彈跳床,戲沙坑,擺盪船索,攀爬組,旋轉組,磨石滑梯,組合遊具,特色溜滑梯,攀爬組,旋轉棒,叢林攀爬組,4人旋轉器,搖搖樂,磨石滑梯,翹翹板,搖搖樂,組合遊具,組合遊具,組合遊具,爬繩,組合遊具(叢林攀爬組),獨木橋,組合遊具,遊戲板,組合遊具,攀爬組,盪鞦韆,搖搖樂,組合遊具,組合遊具,旋轉盤,鞦韆,攀爬組,旋轉盤,搖搖樂,組合遊具,特色溜滑梯,攀爬組,跳樁,鞦韆,搖搖馬,組合遊具,蹺蹺板,組合遊具,搖搖樂,組合遊具,組合遊具2,翹翹板及搖搖馬,組合遊具,天空樹溜滑梯,戲沙坑,搖搖樂,旋轉拉環,組合遊具, X型翹翹板,鞦韆,攀爬組,搖搖樂,組合遊具(村莊高塔),鞦韆,攀爬遊戲組,彈跳床,投籃機,擺盪船索,攀爬組,旋轉台,組合遊具,組合遊具,旋轉陀螺,旋轉台,組合遊具,攀爬組,搖搖樂,翹翹板,磨石滑梯,搖搖樂,跳樁,搖搖樂,攀爬組,組合遊具(滑梯小屋),旋轉盤,組合遊具,鳥巢盪鞦韆及一般坐式盪鞦韆,蝴蝶翹翹板,特色旋轉盤,金字塔滑梯組,機車搖搖樂,遊戲板,造型攀爬牆,攀爬網,組合遊具(環繞競技場遊具組),鞦韆,體能訓練平衡組,礫石坑,獨木樁,蜻蜓點水,木橋,平衡木,平衡木,跳樁,遊戲板,隧道,組合遊具(叢林攀爬組),搖晃板,組合遊具,遊戲板,隧道,組合遊具(遊戲城堡),旋轉座椅,競技攀爬遊具組,龍舟特色遊具組,滑梯,擊鼓,搖搖樂,組合遊具,翹翹板,組合遊具,翹翹板,木作組合遊具,搖搖樂,城堡遊戲組,大轉轉杯,搖搖樂,磨石滑梯,攀爬組,鞦韆,搖搖樂,組合遊具,組合遊具,搖滾盤,旋轉球椅,愛的搖籃,組合遊具,搖搖樂,旋轉杯,翹翹板,組合遊具,搖搖樂,組合遊具,搖搖樂,組合遊具,搖搖樂,組合遊具,攀爬組,搖搖樂,組合遊具,搖搖樂,組合遊具,組合遊具,彩虹琴,旋轉音樂盒,遊戲礫石坑,彈跳節拍,搖搖樂,組合遊具,翹翹板,組合遊具,組合遊具,搖搖樂,組合遊具,組合遊具,搖搖樂,組合遊具,攀爬組合滑梯,搖搖樂,組合遊具,組合遊具,翹翹板,組合遊具,搖搖樂,組合遊具,翹翹板,組合遊具,搖搖樂,翹翹板,旋轉杯,旋轉棒,搖搖樂,磨石滑梯,組合遊具,搖搖樂,攀爬組,旋轉台,磨石滑梯,組合遊具,跳樁,組合遊具,組合遊具,組合遊具,音樂球、叮噹管、歡樂鼓,無障礙旋轉盤,無障礙鞦韆,遊戲牆,滾輪滑梯,鳥巢鞦韆,旋轉杯,旋轉棒,鞦韆,小木屋,山丘滑梯,戲沙坑,搖搖樂,攀爬組,5人轉轉盤,彈跳床,戲沙坑,組合遊具,旋轉台,旋轉杯,旋轉棒, 磨石滑梯,翹翹板,遊戲板,鞦韆,組合遊具,攀爬組,磨石滑梯,磨石滑梯,組合遊具,火車特色滑梯,鞦韆,樹蛙籃球框,組合遊具,組合遊具,組合遊具,翹翹板,組合遊具,組合遊具,組合遊具,組合遊具,組合遊具,沙坑遊戲板,環型天梯無障礙上肢設施,旋轉杯,戲沙坑,攀爬組,磨石滑梯,跳樁,遊戲板,組合遊具,磨石滑梯,組合遊具,搖搖樂,組合遊具,組合遊具,組合遊具,磨石滑梯,翹翹板,搖搖樂,組合遊具,搖搖樂,組合遊具,組合遊具,搖搖樂,組合遊具-1,攀爬組,鞦韆,大港墘公園-沙坑,大港墘公園-磨石滑梯,大港墘公園-魔力飛盤鞦韆,大港墘公園-管型山丘,攀爬組,翹翹板,遊戲體能組,搖搖樂,組合遊具,搖搖樂,組合遊具,搖搖樂,組合遊具,搖搖樂,組合遊具,組合遊具,磨石滑梯,組合遊具,搖搖樂,組合遊具,搖搖樂,組合遊具,翹翹板,搖搖樂,搖搖樂,組合遊具,搖搖樂,組合遊具,搖搖樂,組合遊具,彈跳床,戲沙坑,攀爬組,磨石滑梯,組合遊具,鞦韆,搖搖樂,組合遊具,磨石滑梯,搖搖樂,磨石滑梯,鞦韆,組合遊具,鞦韆,戲沙坑,擺盪船索,組合遊具,搖搖樂,組合遊具,組合遊具,組合遊具,組合遊具,搖搖樂,組合遊具,戲沙坑,旋轉台,組合遊具,鞦韆,組合遊具,組合遊具,磨石滑梯,鞦韆,搖搖樂,組合遊具,攀爬架,搖搖樂,組合遊具,搖搖樂,搖搖樂,組合遊具,組合遊具,磨石滑梯,翹翹板,攀爬架,戲沙坑,船型遊具組,鞦韆,組合遊具,天旋地轉,組合遊具,組合遊具,搖搖樂,大轉轉杯,組合遊具,平衡木,搖搖樂,磨石滑梯,翹翹板,鞦韆,溜滑梯組合遊具,搖搖樂,翹翹板,木製攀爬架,搖搖樂,磨石滑梯,組合遊具,翹翹板,鞦韆,組合遊具,搖搖樂,組合遊具,組合遊具,組合遊具,擺盪螺旋跳跳樂,搖搖樂,攀爬組,磨石滑梯,鞦韆,組合遊具,鞦韆,組合遊具,搖搖樂,組合遊具,鞦韆,旋轉台,滾輪滑梯,組合遊具,翹翹板,遊戲板,搖搖樂,組合遊具,攀爬組,旋轉棒,磨石滑梯,搖搖樂,鞦韆,MONKEY BAR,宇宙穿梭機,時空訊息牆,景化小飛碟,黃金光束坡,搖搖樂,組合遊具,拉鍊響板,搖擺沙鈴,獅吼鼻頭,獅背攀爬網,獅眼滾珠迷宮,鈕扣獅,組合遊具,組合遊具,搖搖樂,組合遊具,搖搖樂,組合遊具,搖搖樂,組合遊具,鞦韆,翹翹板,組合遊具,搖搖樂,搖搖樂,組合遊具,組合遊具,戲沙坑,組合遊具,滑索(軌),鞦韆,搖搖馬,組合遊具,組合遊具", "ObjectId": 467}}, {"type": "Feature", "id": 468, "geometry": {"type": "Point", "coordinates": [121.54631805, 25.059640884]}, "properties": {"SeqNo": 288, "pm_name": "民有二號公園", "pm_overview": "        民有二號公園維護精緻，美麗的花卉及精緻的造景皆由認養義工團隊對公園的珍愛及對景觀品質的要求下完成的傑作，榮選為績優鄰里公園。", "pm_unit": "松山區公所", "pm_const_year": "1980", "pm_location": "民生東路三段113巷14號前", "pm_LandPublicArea": 938, "pm_opening_s": "00:00:00", "pm_opening_e": "24:00", "pm_libie": "民有里", "pm_phone": "02-87878787#881", "pm_sports": null, "pm_recreation": "組合遊具", "pm_service": "涼亭", "pm_other": null, "pm_transit": "捷運路線：搭文湖線至中山國中站後步行抵達，公車路線：搭5、63、680至捷運中山國中站下車，再步行抵達", "pm_name_eng": "No.2 Minyou Park", "pm_ecology": null, "pm_type": "公園", "pm_playtype": "一般", "pm_playarea": 77.49, "pm_description": null, "pm_playeq": "彈跳床,搖滾盤,攀爬組,磨石滑梯,搖搖樂,翹翹板,搖搖樂,組合遊具,搖搖樂,組合遊具,鞦韆,攀爬組,磨石滑梯,翹翹板,組合遊具,翹翹板,木樁區,盪鞦韆,平衡木,彈跳床,搖搖樂,組合遊具,翹翹板,旋轉台,戲沙坑遊戲桌,搖搖樂,攀爬組,旋轉飛輪,組合遊具,翹翹板,磨石滑梯,攀爬組,磨石子滑梯,翹翹板,彈跳床,鳥巢鞦韆,戲沙坑,攀爬組,組合遊具,攀爬組,站立式搖動設備,組合遊具,翹翹板,小石搬運,搖搖馬,組合遊具,數字造型跳樁及水管隧道,搖滾盤,X型翹翹板,組合遊具,搖搖樂,組合遊具,旋轉桶椅,大旋轉組,組合遊具,搖搖樂,磨石滑梯,鳥巢鞦韆,旋轉桶椅,組合遊具,組合遊具,組合遊具,搖搖馬,組合遊具,翹翹板,搖搖樂,組合遊具,組合遊具,磨石滑梯,鞦韆及鳥巢鞦韆,彈跳床,攀爬組,木隧道,組合遊具,仿古代程沈船遊具,攀爬繩網組,攀爬組,鳥巢鞦韆,輪胎鞦韆,尿布鞦韆,沙坑,磨石子滑梯,旋轉台,彈跳床,雙滑軌溜索,搖搖馬,翹翹板,組合遊具,搖搖馬,組合遊具,攀爬組,組合遊具,組合遊具,攀爬組,搖搖馬,磨石子滑梯,旋轉杯,組合遊具,組合遊具,組合遊具,大轉轉杯,搖搖樂,組合遊具,翹翹板,滑梯,彈跳床,戲沙坑,擺盪船索,攀爬組,旋轉組,磨石滑梯,組合遊具,特色溜滑梯,攀爬組,旋轉棒,叢林攀爬組,4人旋轉器,搖搖樂,磨石滑梯,翹翹板,搖搖樂,組合遊具,組合遊具,組合遊具,爬繩,組合遊具(叢林攀爬組),獨木橋,組合遊具,遊戲板,組合遊具,攀爬組,盪鞦韆,搖搖樂,組合遊具,組合遊具,旋轉盤,鞦韆,攀爬組,旋轉盤,搖搖樂,組合遊具,特色溜滑梯,攀爬組,跳樁,鞦韆,搖搖馬,組合遊具,蹺蹺板,組合遊具,搖搖樂,組合遊具,組合遊具2,翹翹板及搖搖馬,組合遊具,天空樹溜滑梯,戲沙坑,搖搖樂,旋轉拉環,組合遊具, X型翹翹板,鞦韆,攀爬組,搖搖樂,組合遊具(村莊高塔),鞦韆,攀爬遊戲組,彈跳床,投籃機,擺盪船索,攀爬組,旋轉台,組合遊具,組合遊具,旋轉陀螺,旋轉台,組合遊具,攀爬組,搖搖樂,翹翹板,磨石滑梯,搖搖樂,跳樁,搖搖樂,攀爬組,組合遊具(滑梯小屋),旋轉盤,組合遊具,鳥巢盪鞦韆及一般坐式盪鞦韆,蝴蝶翹翹板,特色旋轉盤,金字塔滑梯組,機車搖搖樂,遊戲板,造型攀爬牆,攀爬網,組合遊具(環繞競技場遊具組),鞦韆,體能訓練平衡組,礫石坑,獨木樁,蜻蜓點水,木橋,平衡木,平衡木,跳樁,遊戲板,隧道,組合遊具(叢林攀爬組),搖晃板,組合遊具,遊戲板,隧道,組合遊具(遊戲城堡),旋轉座椅,競技攀爬遊具組,龍舟特色遊具組,滑梯,擊鼓,搖搖樂,組合遊具,翹翹板,組合遊具,翹翹板,木作組合遊具,搖搖樂,城堡遊戲組,大轉轉杯,搖搖樂,磨石滑梯,攀爬組,鞦韆,搖搖樂,組合遊具,組合遊具,搖滾盤,旋轉球椅,愛的搖籃,組合遊具,搖搖樂,旋轉杯,翹翹板,組合遊具,搖搖樂,組合遊具,搖搖樂,組合遊具,搖搖樂,組合遊具,攀爬組,搖搖樂,組合遊具,搖搖樂,組合遊具,組合遊具,彩虹琴,旋轉音樂盒,遊戲礫石坑,彈跳節拍,搖搖樂,組合遊具,翹翹板,組合遊具,組合遊具,搖搖樂,組合遊具,組合遊具,搖搖樂,組合遊具,攀爬組合滑梯,搖搖樂,組合遊具,組合遊具,翹翹板,組合遊具,搖搖樂,組合遊具,翹翹板,組合遊具,搖搖樂,翹翹板,旋轉杯,旋轉棒,搖搖樂,磨石滑梯,組合遊具,搖搖樂,攀爬組,旋轉台,磨石滑梯,組合遊具,跳樁,組合遊具,組合遊具,組合遊具,音樂球、叮噹管、歡樂鼓,無障礙旋轉盤,無障礙鞦韆,遊戲牆,滾輪滑梯,鳥巢鞦韆,旋轉杯,旋轉棒,鞦韆,小木屋,山丘滑梯,戲沙坑,搖搖樂,攀爬組,5人轉轉盤,彈跳床,戲沙坑,組合遊具,旋轉台,旋轉杯,旋轉棒, 磨石滑梯,翹翹板,遊戲板,鞦韆,組合遊具,攀爬組,磨石滑梯,磨石滑梯,組合遊具,火車特色滑梯,鞦韆,樹蛙籃球框,組合遊具,組合遊具,組合遊具,翹翹板,組合遊具,組合遊具,組合遊具,組合遊具,組合遊具,沙坑遊戲板,環型天梯無障礙上肢設施,旋轉杯,戲沙坑,攀爬組,磨石滑梯,跳樁,遊戲板,組合遊具,磨石滑梯,組合遊具,搖搖樂,組合遊具,組合遊具,組合遊具,磨石滑梯,翹翹板,搖搖樂,組合遊具,搖搖樂,組合遊具,組合遊具,搖搖樂,組合遊具-1,攀爬組,鞦韆,大港墘公園-沙坑,大港墘公園-磨石滑梯,大港墘公園-魔力飛盤鞦韆,大港墘公園-管型山丘,攀爬組,翹翹板,遊戲體能組,搖搖樂,組合遊具,搖搖樂,組合遊具,搖搖樂,組合遊具,搖搖樂,組合遊具,組合遊具,磨石滑梯,組合遊具,搖搖樂,組合遊具,搖搖樂,組合遊具,翹翹板,搖搖樂,搖搖樂,組合遊具,搖搖樂,組合遊具,搖搖樂,組合遊具,彈跳床,戲沙坑,攀爬組,磨石滑梯,組合遊具,鞦韆,搖搖樂,組合遊具,磨石滑梯,搖搖樂,磨石滑梯,鞦韆,組合遊具,鞦韆,戲沙坑,擺盪船索,組合遊具,搖搖樂,組合遊具,組合遊具,組合遊具,組合遊具,搖搖樂,組合遊具,戲沙坑,旋轉台,組合遊具,鞦韆,組合遊具,組合遊具,磨石滑梯,鞦韆,搖搖樂,組合遊具,攀爬架,搖搖樂,組合遊具,搖搖樂,搖搖樂,組合遊具,組合遊具,磨石滑梯,翹翹板,攀爬架,戲沙坑,船型遊具組,鞦韆,組合遊具,天旋地轉,組合遊具,組合遊具,搖搖樂,大轉轉杯,組合遊具,平衡木,搖搖樂,磨石滑梯,翹翹板,鞦韆,溜滑梯組合遊具,搖搖樂,翹翹板,木製攀爬架,搖搖樂,磨石滑梯,組合遊具,翹翹板,鞦韆,組合遊具,搖搖樂,組合遊具,組合遊具,組合遊具,擺盪螺旋跳跳樂,搖搖樂,攀爬組,磨石滑梯,鞦韆,組合遊具,鞦韆,組合遊具,搖搖樂,組合遊具,鞦韆,旋轉台,滾輪滑梯,組合遊具,翹翹板,遊戲板,搖搖樂,組合遊具,攀爬組,旋轉棒,磨石滑梯,搖搖樂,鞦韆,MONKEY BAR,宇宙穿梭機,時空訊息牆,景化小飛碟,黃金光束坡,搖搖樂,組合遊具,拉鍊響板,搖擺沙鈴,獅吼鼻頭,獅背攀爬網,獅眼滾珠迷宮,鈕扣獅,組合遊具,組合遊具,搖搖樂,組合遊具,搖搖樂,組合遊具,搖搖樂,組合遊具,鞦韆,翹翹板,組合遊具,搖搖樂,搖搖樂,組合遊具,組合遊具,戲沙坑,組合遊具,滑索(軌),鞦韆,搖搖馬,組合遊具,組合遊具,組合遊具", "ObjectId": 468}}, {"type": "Feature", "id": 469, "geometry": {"type": "Point", "coordinates": [121.54762268, 25.058620453]}, "properties": {"SeqNo": 659, "pm_name": "民有三號公園", "pm_overview": "        民有三號公園花木扶疏、步道整潔，散步於園中，自感怡然舒適，伴隨各式耐陰植物巧妙地布置成景，架構出柔合多層次的植被，榮獲績優鄰里公園。", "pm_unit": "松山區公所", "pm_const_year": "1980", "pm_location": "民生東路三段127巷14號前", "pm_LandPublicArea": 1108, "pm_opening_s": "00:00:00", "pm_opening_e": "24:00", "pm_libie": "民有里", "pm_phone": "02-87878787#881", "pm_sports": "大轉輪、腹肌器、扭腰器", "pm_recreation": "組合遊具", "pm_service": "涼亭", "pm_other": null, "pm_transit": "捷運路線：搭文湖線至中山國中站後步行抵達，公車路線：搭33、254、262至民生敦化路口站下車，再步行抵達", "pm_name_eng": "No.3 Minyou Park", "pm_ecology": null, "pm_type": "公園", "pm_playtype": "一般", "pm_playarea": 92.98, "pm_description": null, "pm_playeq": "彈跳床,搖滾盤,攀爬組,磨石滑梯,搖搖樂,翹翹板,搖搖樂,組合遊具,搖搖樂,組合遊具,鞦韆,攀爬組,磨石滑梯,翹翹板,組合遊具,翹翹板,木樁區,盪鞦韆,平衡木,彈跳床,搖搖樂,組合遊具,翹翹板,旋轉台,戲沙坑遊戲桌,搖搖樂,攀爬組,旋轉飛輪,組合遊具,翹翹板,磨石滑梯,攀爬組,磨石子滑梯,翹翹板,彈跳床,鳥巢鞦韆,戲沙坑,攀爬組,組合遊具,攀爬組,站立式搖動設備,組合遊具,翹翹板,小石搬運,搖搖馬,組合遊具,數字造型跳樁及水管隧道,搖滾盤,X型翹翹板,組合遊具,搖搖樂,組合遊具,旋轉桶椅,大旋轉組,組合遊具,搖搖樂,磨石滑梯,鳥巢鞦韆,旋轉桶椅,組合遊具,組合遊具,組合遊具,搖搖馬,組合遊具,翹翹板,搖搖樂,組合遊具,組合遊具,磨石滑梯,鞦韆及鳥巢鞦韆,彈跳床,攀爬組,木隧道,組合遊具,仿古代程沈船遊具,攀爬繩網組,攀爬組,鳥巢鞦韆,輪胎鞦韆,尿布鞦韆,沙坑,磨石子滑梯,旋轉台,彈跳床,雙滑軌溜索,搖搖馬,翹翹板,組合遊具,搖搖馬,組合遊具,攀爬組,組合遊具,組合遊具,攀爬組,搖搖馬,磨石子滑梯,旋轉杯,組合遊具,組合遊具,組合遊具,大轉轉杯,搖搖樂,組合遊具,翹翹板,滑梯,彈跳床,戲沙坑,擺盪船索,攀爬組,旋轉組,磨石滑梯,組合遊具,特色溜滑梯,攀爬組,旋轉棒,叢林攀爬組,4人旋轉器,搖搖樂,磨石滑梯,翹翹板,搖搖樂,組合遊具,組合遊具,組合遊具,爬繩,組合遊具(叢林攀爬組),獨木橋,組合遊具,遊戲板,組合遊具,攀爬組,盪鞦韆,搖搖樂,組合遊具,組合遊具,旋轉盤,鞦韆,攀爬組,旋轉盤,搖搖樂,組合遊具,特色溜滑梯,攀爬組,跳樁,鞦韆,搖搖馬,組合遊具,蹺蹺板,組合遊具,搖搖樂,組合遊具,組合遊具2,翹翹板及搖搖馬,組合遊具,天空樹溜滑梯,戲沙坑,搖搖樂,旋轉拉環,組合遊具, X型翹翹板,鞦韆,攀爬組,搖搖樂,組合遊具(村莊高塔),鞦韆,攀爬遊戲組,彈跳床,投籃機,擺盪船索,攀爬組,旋轉台,組合遊具,組合遊具,旋轉陀螺,旋轉台,組合遊具,攀爬組,搖搖樂,翹翹板,磨石滑梯,搖搖樂,跳樁,搖搖樂,攀爬組,組合遊具(滑梯小屋),旋轉盤,組合遊具,鳥巢盪鞦韆及一般坐式盪鞦韆,蝴蝶翹翹板,特色旋轉盤,金字塔滑梯組,機車搖搖樂,遊戲板,造型攀爬牆,攀爬網,組合遊具(環繞競技場遊具組),鞦韆,體能訓練平衡組,礫石坑,獨木樁,蜻蜓點水,木橋,平衡木,平衡木,跳樁,遊戲板,隧道,組合遊具(叢林攀爬組),搖晃板,組合遊具,遊戲板,隧道,組合遊具(遊戲城堡),旋轉座椅,競技攀爬遊具組,龍舟特色遊具組,滑梯,擊鼓,搖搖樂,組合遊具,翹翹板,組合遊具,翹翹板,木作組合遊具,搖搖樂,城堡遊戲組,大轉轉杯,搖搖樂,磨石滑梯,攀爬組,鞦韆,搖搖樂,組合遊具,組合遊具,搖滾盤,旋轉球椅,愛的搖籃,組合遊具,搖搖樂,旋轉杯,翹翹板,組合遊具,搖搖樂,組合遊具,搖搖樂,組合遊具,搖搖樂,組合遊具,攀爬組,搖搖樂,組合遊具,搖搖樂,組合遊具,組合遊具,彩虹琴,旋轉音樂盒,遊戲礫石坑,彈跳節拍,搖搖樂,組合遊具,翹翹板,組合遊具,組合遊具,搖搖樂,組合遊具,組合遊具,搖搖樂,組合遊具,攀爬組合滑梯,搖搖樂,組合遊具,組合遊具,翹翹板,組合遊具,搖搖樂,組合遊具,翹翹板,組合遊具,搖搖樂,翹翹板,旋轉杯,旋轉棒,搖搖樂,磨石滑梯,組合遊具,搖搖樂,攀爬組,旋轉台,磨石滑梯,組合遊具,跳樁,組合遊具,組合遊具,組合遊具,音樂球、叮噹管、歡樂鼓,無障礙旋轉盤,無障礙鞦韆,遊戲牆,滾輪滑梯,鳥巢鞦韆,旋轉杯,旋轉棒,鞦韆,小木屋,山丘滑梯,戲沙坑,搖搖樂,攀爬組,5人轉轉盤,彈跳床,戲沙坑,組合遊具,旋轉台,旋轉杯,旋轉棒, 磨石滑梯,翹翹板,遊戲板,鞦韆,組合遊具,攀爬組,磨石滑梯,磨石滑梯,組合遊具,火車特色滑梯,鞦韆,樹蛙籃球框,組合遊具,組合遊具,組合遊具,翹翹板,組合遊具,組合遊具,組合遊具,組合遊具,組合遊具,沙坑遊戲板,環型天梯無障礙上肢設施,旋轉杯,戲沙坑,攀爬組,磨石滑梯,跳樁,遊戲板,組合遊具,磨石滑梯,組合遊具,搖搖樂,組合遊具,組合遊具,組合遊具,磨石滑梯,翹翹板,搖搖樂,組合遊具,搖搖樂,組合遊具,組合遊具,搖搖樂,組合遊具-1,攀爬組,鞦韆,大港墘公園-沙坑,大港墘公園-磨石滑梯,大港墘公園-魔力飛盤鞦韆,大港墘公園-管型山丘,攀爬組,翹翹板,遊戲體能組,搖搖樂,組合遊具,搖搖樂,組合遊具,搖搖樂,組合遊具,搖搖樂,組合遊具,組合遊具,磨石滑梯,組合遊具,搖搖樂,組合遊具,搖搖樂,組合遊具,翹翹板,搖搖樂,搖搖樂,組合遊具,搖搖樂,組合遊具,搖搖樂,組合遊具,彈跳床,戲沙坑,攀爬組,磨石滑梯,組合遊具,鞦韆,搖搖樂,組合遊具,磨石滑梯,搖搖樂,磨石滑梯,鞦韆,組合遊具,鞦韆,戲沙坑,擺盪船索,組合遊具,搖搖樂,組合遊具,組合遊具,組合遊具,組合遊具,搖搖樂,組合遊具,戲沙坑,旋轉台,組合遊具,鞦韆,組合遊具,組合遊具,磨石滑梯,鞦韆,搖搖樂,組合遊具,攀爬架,搖搖樂,組合遊具,搖搖樂,搖搖樂,組合遊具,組合遊具,磨石滑梯,翹翹板,攀爬架,戲沙坑,船型遊具組,鞦韆,組合遊具,天旋地轉,組合遊具,組合遊具,搖搖樂,大轉轉杯,組合遊具,平衡木,搖搖樂,磨石滑梯,翹翹板,鞦韆,溜滑梯組合遊具,搖搖樂,翹翹板,木製攀爬架,搖搖樂,磨石滑梯,組合遊具,翹翹板,鞦韆,組合遊具,搖搖樂,組合遊具,組合遊具,組合遊具,擺盪螺旋跳跳樂,搖搖樂,攀爬組,磨石滑梯,鞦韆,組合遊具,鞦韆,組合遊具,搖搖樂,組合遊具,鞦韆,旋轉台,滾輪滑梯,組合遊具,翹翹板,遊戲板,搖搖樂,組合遊具,攀爬組,旋轉棒,磨石滑梯,搖搖樂,鞦韆,MONKEY BAR,宇宙穿梭機,時空訊息牆,景化小飛碟,黃金光束坡,搖搖樂,組合遊具,拉鍊響板,搖擺沙鈴,獅吼鼻頭,獅背攀爬網,獅眼滾珠迷宮,鈕扣獅,組合遊具,組合遊具,搖搖樂,組合遊具,搖搖樂,組合遊具,搖搖樂,組合遊具,鞦韆,翹翹板,組合遊具,搖搖樂,搖搖樂,組合遊具,組合遊具,戲沙坑,組合遊具,滑索(軌),鞦韆,搖搖馬,組合遊具,組合遊具,組合遊具,攀爬組,組合遊具", "ObjectId": 469}}, {"type": "Feature", "id": 472, "geometry": {"type": "Point", "coordinates": [121.55348206, 25.047809601]}, "properties": {"SeqNo": 373, "pm_name": "吉仁公園", "pm_overview": "        有著榕樹、木棉、黑板樹、麵包樹、刺桐等多種喬木分植於園中，位置於八德路3段及延吉街交叉路口，讓人車喧囂的地方得以有一令人放鬆之處。", "pm_unit": "松山區公所", "pm_const_year": "1983", "pm_location": "八德路3段、延吉街口", "pm_LandPublicArea": 1319, "pm_opening_s": "00:00:00", "pm_opening_e": "24:00", "pm_libie": "吉仁里", "pm_phone": "02-87878787#881", "pm_sports": "大轉輪、扭腰器、單槓", "pm_recreation": "組合遊具", "pm_service": "涼亭、直飲台", "pm_other": null, "pm_transit": "捷運路線：搭松山新店線至臺北小巨蛋站3號出口後步行抵達，公車路線：搭0東、202、203至美仁里下車，再步行抵達", "pm_name_eng": "Jiren Park", "pm_ecology": null, "pm_type": "公園", "pm_playtype": "一般", "pm_playarea": 75.35, "pm_description": null, "pm_playeq": "彈跳床,搖滾盤,攀爬組,磨石滑梯,搖搖樂,翹翹板,搖搖樂,組合遊具,搖搖樂,組合遊具,鞦韆,攀爬組,磨石滑梯,翹翹板,組合遊具,翹翹板,木樁區,盪鞦韆,平衡木,彈跳床,搖搖樂,組合遊具,翹翹板,旋轉台,戲沙坑遊戲桌,搖搖樂,攀爬組,旋轉飛輪,組合遊具,翹翹板,磨石滑梯,攀爬組,磨石子滑梯,翹翹板,彈跳床,鳥巢鞦韆,戲沙坑,攀爬組,組合遊具,攀爬組,站立式搖動設備,組合遊具,翹翹板,小石搬運,搖搖馬,組合遊具,數字造型跳樁及水管隧道,搖滾盤,X型翹翹板,組合遊具,搖搖樂,組合遊具,旋轉桶椅,大旋轉組,組合遊具,搖搖樂,磨石滑梯,鳥巢鞦韆,旋轉桶椅,組合遊具,組合遊具,組合遊具,搖搖馬,組合遊具,翹翹板,搖搖樂,組合遊具,組合遊具,磨石滑梯,鞦韆及鳥巢鞦韆,彈跳床,攀爬組,木隧道,組合遊具,仿古代程沈船遊具,攀爬繩網組,攀爬組,鳥巢鞦韆,輪胎鞦韆,尿布鞦韆,沙坑,磨石子滑梯,旋轉台,彈跳床,雙滑軌溜索,搖搖馬,翹翹板,組合遊具,搖搖馬,組合遊具,攀爬組,組合遊具,組合遊具,攀爬組,搖搖馬,磨石子滑梯,旋轉杯,組合遊具,組合遊具,組合遊具,大轉轉杯,搖搖樂,組合遊具,翹翹板,滑梯,彈跳床,戲沙坑,擺盪船索,攀爬組,旋轉組,磨石滑梯,組合遊具,特色溜滑梯,攀爬組,旋轉棒,叢林攀爬組,4人旋轉器,搖搖樂,磨石滑梯,翹翹板,搖搖樂,組合遊具,組合遊具,組合遊具,爬繩,組合遊具(叢林攀爬組),獨木橋,組合遊具,遊戲板,組合遊具,攀爬組,盪鞦韆,搖搖樂,組合遊具,組合遊具,旋轉盤,鞦韆,攀爬組,旋轉盤,搖搖樂,組合遊具,特色溜滑梯,攀爬組,跳樁,鞦韆,搖搖馬,組合遊具,蹺蹺板,組合遊具,搖搖樂,組合遊具,組合遊具2,翹翹板及搖搖馬,組合遊具,天空樹溜滑梯,戲沙坑,搖搖樂,旋轉拉環,組合遊具, X型翹翹板,鞦韆,攀爬組,搖搖樂,組合遊具(村莊高塔),鞦韆,攀爬遊戲組,彈跳床,投籃機,擺盪船索,攀爬組,旋轉台,組合遊具,組合遊具,旋轉陀螺,旋轉台,組合遊具,攀爬組,搖搖樂,翹翹板,磨石滑梯,搖搖樂,跳樁,搖搖樂,攀爬組,組合遊具(滑梯小屋),旋轉盤,組合遊具,鳥巢盪鞦韆及一般坐式盪鞦韆,蝴蝶翹翹板,特色旋轉盤,金字塔滑梯組,機車搖搖樂,遊戲板,造型攀爬牆,攀爬網,組合遊具(環繞競技場遊具組),鞦韆,體能訓練平衡組,礫石坑,獨木樁,蜻蜓點水,木橋,平衡木,平衡木,跳樁,遊戲板,隧道,組合遊具(叢林攀爬組),搖晃板,組合遊具,遊戲板,隧道,組合遊具(遊戲城堡),旋轉座椅,競技攀爬遊具組,龍舟特色遊具組,滑梯,擊鼓,搖搖樂,組合遊具,翹翹板,組合遊具,翹翹板,木作組合遊具,搖搖樂,城堡遊戲組,大轉轉杯,搖搖樂,磨石滑梯,攀爬組,鞦韆,搖搖樂,組合遊具,組合遊具,搖滾盤,旋轉球椅,愛的搖籃,組合遊具,搖搖樂,旋轉杯,翹翹板,組合遊具,搖搖樂,組合遊具,搖搖樂,組合遊具,搖搖樂,組合遊具,攀爬組,搖搖樂,組合遊具,搖搖樂,組合遊具,組合遊具,彩虹琴,旋轉音樂盒,遊戲礫石坑,彈跳節拍,搖搖樂,組合遊具,翹翹板,組合遊具,組合遊具,搖搖樂,組合遊具,組合遊具,搖搖樂,組合遊具,攀爬組合滑梯,搖搖樂,組合遊具,組合遊具,翹翹板,組合遊具,搖搖樂,組合遊具,翹翹板,組合遊具,搖搖樂,翹翹板,旋轉杯,旋轉棒,搖搖樂,磨石滑梯,組合遊具,搖搖樂,攀爬組,旋轉台,磨石滑梯,組合遊具,跳樁,組合遊具,組合遊具,組合遊具,音樂球、叮噹管、歡樂鼓,無障礙旋轉盤,無障礙鞦韆,遊戲牆,滾輪滑梯,鳥巢鞦韆,旋轉杯,旋轉棒,鞦韆,小木屋,山丘滑梯,戲沙坑,搖搖樂,攀爬組,5人轉轉盤,彈跳床,戲沙坑,組合遊具,旋轉台,旋轉杯,旋轉棒, 磨石滑梯,翹翹板,遊戲板,鞦韆,組合遊具,攀爬組,磨石滑梯,磨石滑梯,組合遊具,火車特色滑梯,鞦韆,樹蛙籃球框,組合遊具,組合遊具,組合遊具,翹翹板,組合遊具,組合遊具,組合遊具,組合遊具,組合遊具,沙坑遊戲板,環型天梯無障礙上肢設施,旋轉杯,戲沙坑,攀爬組,磨石滑梯,跳樁,遊戲板,組合遊具,磨石滑梯,組合遊具,搖搖樂,組合遊具,組合遊具,組合遊具,磨石滑梯,翹翹板,搖搖樂,組合遊具,搖搖樂,組合遊具,組合遊具,搖搖樂,組合遊具-1,攀爬組,鞦韆,大港墘公園-沙坑,大港墘公園-磨石滑梯,大港墘公園-魔力飛盤鞦韆,大港墘公園-管型山丘,攀爬組,翹翹板,遊戲體能組,搖搖樂,組合遊具,搖搖樂,組合遊具,搖搖樂,組合遊具,搖搖樂,組合遊具,組合遊具,磨石滑梯,組合遊具,搖搖樂,組合遊具,搖搖樂,組合遊具,翹翹板,搖搖樂,搖搖樂,組合遊具,搖搖樂,組合遊具,搖搖樂,組合遊具,彈跳床,戲沙坑,攀爬組,磨石滑梯,組合遊具,鞦韆,搖搖樂,組合遊具,磨石滑梯,搖搖樂,磨石滑梯,鞦韆,組合遊具,鞦韆,戲沙坑,擺盪船索,組合遊具,搖搖樂,組合遊具,組合遊具,組合遊具,組合遊具,搖搖樂,組合遊具,戲沙坑,旋轉台,組合遊具,鞦韆,組合遊具,組合遊具,磨石滑梯,鞦韆,搖搖樂,組合遊具,攀爬架,搖搖樂,組合遊具,搖搖樂,搖搖樂,組合遊具,組合遊具,磨石滑梯,翹翹板,攀爬架,戲沙坑,船型遊具組,鞦韆,組合遊具,天旋地轉,組合遊具,組合遊具,搖搖樂,大轉轉杯,組合遊具,平衡木,搖搖樂,磨石滑梯,翹翹板,鞦韆,溜滑梯組合遊具,搖搖樂,翹翹板,木製攀爬架,搖搖樂,磨石滑梯,組合遊具,翹翹板,鞦韆,組合遊具,搖搖樂,組合遊具,組合遊具,組合遊具,擺盪螺旋跳跳樂,搖搖樂,攀爬組,磨石滑梯,鞦韆,組合遊具,鞦韆,組合遊具,搖搖樂,組合遊具,鞦韆,旋轉台,滾輪滑梯,組合遊具,翹翹板,遊戲板,搖搖樂,組合遊具,攀爬組,旋轉棒,磨石滑梯,搖搖樂,鞦韆,MONKEY BAR,宇宙穿梭機,時空訊息牆,景化小飛碟,黃金光束坡,搖搖樂,組合遊具,拉鍊響板,搖擺沙鈴,獅吼鼻頭,獅背攀爬網,獅眼滾珠迷宮,鈕扣獅,組合遊具,組合遊具,搖搖樂,組合遊具,搖搖樂,組合遊具,搖搖樂,組合遊具,鞦韆,翹翹板,組合遊具,搖搖樂,搖搖樂,組合遊具,組合遊具,戲沙坑,組合遊具,滑索(軌),鞦韆,搖搖馬,組合遊具,組合遊具,組合遊具,攀爬組,組合遊具,組合遊具,組合遊具", "ObjectId": 472}}, {"type": "Feature", "id": 477, "geometry": {"type": "Point", "coordinates": [121.55275726, 25.057350159]}, "properties": {"SeqNo": 47, "pm_name": "延壽二號公園", "pm_overview": "        為一座明淨的無菸公園，小葉欖仁及成排楓香點綴出四季分明的公園意象，另有優美的溜冰場並利用造型拱門的修飾將公園與具活潑色彩的防火巷結合一體。", "pm_unit": "松山區公所", "pm_const_year": "1971", "pm_location": "民生東路四段56巷3弄20號前", "pm_LandPublicArea": 1350, "pm_opening_s": "00:00:00", "pm_opening_e": "24:00", "pm_libie": "精忠里", "pm_phone": "02-87878787#881", "pm_sports": null, "pm_recreation": "組合遊具", "pm_service": null, "pm_other": null, "pm_transit": "捷運路線：搭松山新店線至臺北小巨蛋站5號出口後步行抵達，公車路線：搭12、63、225至公教住宅站下車，再步行抵達", "pm_name_eng": "No.2 Yanshou Park", "pm_ecology": null, "pm_type": "公園", "pm_playtype": "一般", "pm_playarea": 175.54, "pm_description": null, "pm_playeq": "彈跳床,搖滾盤,攀爬組,磨石滑梯,搖搖樂,翹翹板,搖搖樂,組合遊具,搖搖樂,組合遊具,鞦韆,攀爬組,磨石滑梯,翹翹板,組合遊具,翹翹板,木樁區,盪鞦韆,平衡木,彈跳床,搖搖樂,組合遊具,翹翹板,旋轉台,戲沙坑遊戲桌,搖搖樂,攀爬組,旋轉飛輪,組合遊具,翹翹板,磨石滑梯,攀爬組,磨石子滑梯,翹翹板,彈跳床,鳥巢鞦韆,戲沙坑,攀爬組,組合遊具,攀爬組,站立式搖動設備,組合遊具,翹翹板,小石搬運,搖搖馬,組合遊具,數字造型跳樁及水管隧道,搖滾盤,X型翹翹板,組合遊具,搖搖樂,組合遊具,旋轉桶椅,大旋轉組,組合遊具,搖搖樂,磨石滑梯,鳥巢鞦韆,旋轉桶椅,組合遊具,組合遊具,組合遊具,搖搖馬,組合遊具,翹翹板,搖搖樂,組合遊具,組合遊具,磨石滑梯,鞦韆及鳥巢鞦韆,彈跳床,攀爬組,木隧道,組合遊具,仿古代程沈船遊具,攀爬繩網組,攀爬組,鳥巢鞦韆,輪胎鞦韆,尿布鞦韆,沙坑,磨石子滑梯,旋轉台,彈跳床,雙滑軌溜索,搖搖馬,翹翹板,組合遊具,搖搖馬,組合遊具,攀爬組,組合遊具,組合遊具,攀爬組,搖搖馬,磨石子滑梯,旋轉杯,組合遊具,組合遊具,組合遊具,大轉轉杯,搖搖樂,組合遊具,翹翹板,滑梯,彈跳床,戲沙坑,擺盪船索,攀爬組,旋轉組,磨石滑梯,組合遊具,特色溜滑梯,攀爬組,旋轉棒,叢林攀爬組,4人旋轉器,搖搖樂,磨石滑梯,翹翹板,搖搖樂,組合遊具,組合遊具,組合遊具,爬繩,組合遊具(叢林攀爬組),獨木橋,組合遊具,遊戲板,組合遊具,攀爬組,盪鞦韆,搖搖樂,組合遊具,組合遊具,旋轉盤,鞦韆,攀爬組,旋轉盤,搖搖樂,組合遊具,特色溜滑梯,攀爬組,跳樁,鞦韆,搖搖馬,組合遊具,蹺蹺板,組合遊具,搖搖樂,組合遊具,組合遊具2,翹翹板及搖搖馬,組合遊具,天空樹溜滑梯,戲沙坑,搖搖樂,旋轉拉環,組合遊具, X型翹翹板,鞦韆,攀爬組,搖搖樂,組合遊具(村莊高塔),鞦韆,攀爬遊戲組,彈跳床,投籃機,擺盪船索,攀爬組,旋轉台,組合遊具,組合遊具,旋轉陀螺,旋轉台,組合遊具,攀爬組,搖搖樂,翹翹板,磨石滑梯,搖搖樂,跳樁,搖搖樂,攀爬組,組合遊具(滑梯小屋),旋轉盤,組合遊具,鳥巢盪鞦韆及一般坐式盪鞦韆,蝴蝶翹翹板,特色旋轉盤,金字塔滑梯組,機車搖搖樂,遊戲板,造型攀爬牆,攀爬網,組合遊具(環繞競技場遊具組),鞦韆,體能訓練平衡組,礫石坑,獨木樁,蜻蜓點水,木橋,平衡木,平衡木,跳樁,遊戲板,隧道,組合遊具(叢林攀爬組),搖晃板,組合遊具,遊戲板,隧道,組合遊具(遊戲城堡),旋轉座椅,競技攀爬遊具組,龍舟特色遊具組,滑梯,擊鼓,搖搖樂,組合遊具,翹翹板,組合遊具,翹翹板,木作組合遊具,搖搖樂,城堡遊戲組,大轉轉杯,搖搖樂,磨石滑梯,攀爬組,鞦韆,搖搖樂,組合遊具,組合遊具,搖滾盤,旋轉球椅,愛的搖籃,組合遊具,搖搖樂,旋轉杯,翹翹板,組合遊具,搖搖樂,組合遊具,搖搖樂,組合遊具,搖搖樂,組合遊具,攀爬組,搖搖樂,組合遊具,搖搖樂,組合遊具,組合遊具,彩虹琴,旋轉音樂盒,遊戲礫石坑,彈跳節拍,搖搖樂,組合遊具,翹翹板,組合遊具,組合遊具,搖搖樂,組合遊具,組合遊具,搖搖樂,組合遊具,攀爬組合滑梯,搖搖樂,組合遊具,組合遊具,翹翹板,組合遊具,搖搖樂,組合遊具,翹翹板,組合遊具,搖搖樂,翹翹板,旋轉杯,旋轉棒,搖搖樂,磨石滑梯,組合遊具,搖搖樂,攀爬組,旋轉台,磨石滑梯,組合遊具,跳樁,組合遊具,組合遊具,組合遊具,音樂球、叮噹管、歡樂鼓,無障礙旋轉盤,無障礙鞦韆,遊戲牆,滾輪滑梯,鳥巢鞦韆,旋轉杯,旋轉棒,鞦韆,小木屋,山丘滑梯,戲沙坑,搖搖樂,攀爬組,5人轉轉盤,彈跳床,戲沙坑,組合遊具,旋轉台,旋轉杯,旋轉棒, 磨石滑梯,翹翹板,遊戲板,鞦韆,組合遊具,攀爬組,磨石滑梯,磨石滑梯,組合遊具,火車特色滑梯,鞦韆,樹蛙籃球框,組合遊具,組合遊具,組合遊具,翹翹板,組合遊具,組合遊具,組合遊具,組合遊具,組合遊具,沙坑遊戲板,環型天梯無障礙上肢設施,旋轉杯,戲沙坑,攀爬組,磨石滑梯,跳樁,遊戲板,組合遊具,磨石滑梯,組合遊具,搖搖樂,組合遊具,組合遊具,組合遊具,磨石滑梯,翹翹板,搖搖樂,組合遊具,搖搖樂,組合遊具,組合遊具,搖搖樂,組合遊具-1,攀爬組,鞦韆,大港墘公園-沙坑,大港墘公園-磨石滑梯,大港墘公園-魔力飛盤鞦韆,大港墘公園-管型山丘,攀爬組,翹翹板,遊戲體能組,搖搖樂,組合遊具,搖搖樂,組合遊具,搖搖樂,組合遊具,搖搖樂,組合遊具,組合遊具,磨石滑梯,組合遊具,搖搖樂,組合遊具,搖搖樂,組合遊具,翹翹板,搖搖樂,搖搖樂,組合遊具,搖搖樂,組合遊具,搖搖樂,組合遊具,彈跳床,戲沙坑,攀爬組,磨石滑梯,組合遊具,鞦韆,搖搖樂,組合遊具,磨石滑梯,搖搖樂,磨石滑梯,鞦韆,組合遊具,鞦韆,戲沙坑,擺盪船索,組合遊具,搖搖樂,組合遊具,組合遊具,組合遊具,組合遊具,搖搖樂,組合遊具,戲沙坑,旋轉台,組合遊具,鞦韆,組合遊具,組合遊具,磨石滑梯,鞦韆,搖搖樂,組合遊具,攀爬架,搖搖樂,組合遊具,搖搖樂,搖搖樂,組合遊具,組合遊具,磨石滑梯,翹翹板,攀爬架,戲沙坑,船型遊具組,鞦韆,組合遊具,天旋地轉,組合遊具,組合遊具,搖搖樂,大轉轉杯,組合遊具,平衡木,搖搖樂,磨石滑梯,翹翹板,鞦韆,溜滑梯組合遊具,搖搖樂,翹翹板,木製攀爬架,搖搖樂,磨石滑梯,組合遊具,翹翹板,鞦韆,組合遊具,搖搖樂,組合遊具,組合遊具,組合遊具,擺盪螺旋跳跳樂,搖搖樂,攀爬組,磨石滑梯,鞦韆,組合遊具,鞦韆,組合遊具,搖搖樂,組合遊具,鞦韆,旋轉台,滾輪滑梯,組合遊具,翹翹板,遊戲板,搖搖樂,組合遊具,攀爬組,旋轉棒,磨石滑梯,搖搖樂,鞦韆,MONKEY BAR,宇宙穿梭機,時空訊息牆,景化小飛碟,黃金光束坡,搖搖樂,組合遊具,拉鍊響板,搖擺沙鈴,獅吼鼻頭,獅背攀爬網,獅眼滾珠迷宮,鈕扣獅,組合遊具,組合遊具,搖搖樂,組合遊具,搖搖樂,組合遊具,搖搖樂,組合遊具,鞦韆,翹翹板,組合遊具,搖搖樂,搖搖樂,組合遊具,組合遊具,戲沙坑,組合遊具,滑索(軌),鞦韆,搖搖馬,組合遊具,組合遊具,組合遊具,攀爬組,組合遊具,組合遊具,組合遊具,組合遊具,翹翹板,組合遊具, 磨石滑梯,組合遊具", "ObjectId": 477}}, {"type": "Feature", "id": 478, "geometry": {"type": "Point", "coordinates": [121.55180359, 25.056869507]}, "properties": {"SeqNo": 650, "pm_name": "延壽三號公園", "pm_overview": "延壽三號公園鄰近臺北市立圖書館民生分館，樹木枝葉茂密，綠蔭遮地，環境清幽，提供民眾一個思考的好場所。", "pm_unit": "松山區公所", "pm_const_year": "1971", "pm_location": "敦化北路199巷5號前", "pm_LandPublicArea": 1730, "pm_opening_s": "00:00:00", "pm_opening_e": "24:00", "pm_libie": "精忠里", "pm_phone": "02-87878787#881", "pm_sports": "大轉輪、肩關節康復器", "pm_recreation": "組合遊具", "pm_service": "涼亭", "pm_other": null, "pm_transit": "捷運路線：搭松山新店線至臺北小巨蛋站5號出口後步行抵達，公車路線：搭12、33、262至長庚醫院站下車，再步行抵達", "pm_name_eng": "No.3 Yanshou Park", "pm_ecology": null, "pm_type": "公園", "pm_playtype": "一般", "pm_playarea": 142.86, "pm_description": null, "pm_playeq": "彈跳床,搖滾盤,攀爬組,磨石滑梯,搖搖樂,翹翹板,搖搖樂,組合遊具,搖搖樂,組合遊具,鞦韆,攀爬組,磨石滑梯,翹翹板,組合遊具,翹翹板,木樁區,盪鞦韆,平衡木,彈跳床,搖搖樂,組合遊具,翹翹板,旋轉台,戲沙坑遊戲桌,搖搖樂,攀爬組,旋轉飛輪,組合遊具,翹翹板,磨石滑梯,攀爬組,磨石子滑梯,翹翹板,彈跳床,鳥巢鞦韆,戲沙坑,攀爬組,組合遊具,攀爬組,站立式搖動設備,組合遊具,翹翹板,小石搬運,搖搖馬,組合遊具,數字造型跳樁及水管隧道,搖滾盤,X型翹翹板,組合遊具,搖搖樂,組合遊具,旋轉桶椅,大旋轉組,組合遊具,搖搖樂,磨石滑梯,鳥巢鞦韆,旋轉桶椅,組合遊具,組合遊具,組合遊具,搖搖馬,組合遊具,翹翹板,搖搖樂,組合遊具,組合遊具,磨石滑梯,鞦韆及鳥巢鞦韆,彈跳床,攀爬組,木隧道,組合遊具,仿古代程沈船遊具,攀爬繩網組,攀爬組,鳥巢鞦韆,輪胎鞦韆,尿布鞦韆,沙坑,磨石子滑梯,旋轉台,彈跳床,雙滑軌溜索,搖搖馬,翹翹板,組合遊具,搖搖馬,組合遊具,攀爬組,組合遊具,組合遊具,攀爬組,搖搖馬,磨石子滑梯,旋轉杯,組合遊具,組合遊具,組合遊具,大轉轉杯,搖搖樂,組合遊具,翹翹板,滑梯,彈跳床,戲沙坑,擺盪船索,攀爬組,旋轉組,磨石滑梯,組合遊具,特色溜滑梯,攀爬組,旋轉棒,叢林攀爬組,4人旋轉器,搖搖樂,磨石滑梯,翹翹板,搖搖樂,組合遊具,組合遊具,組合遊具,爬繩,組合遊具(叢林攀爬組),獨木橋,組合遊具,遊戲板,組合遊具,攀爬組,盪鞦韆,搖搖樂,組合遊具,組合遊具,旋轉盤,鞦韆,攀爬組,旋轉盤,搖搖樂,組合遊具,特色溜滑梯,攀爬組,跳樁,鞦韆,搖搖馬,組合遊具,蹺蹺板,組合遊具,搖搖樂,組合遊具,組合遊具2,翹翹板及搖搖馬,組合遊具,天空樹溜滑梯,戲沙坑,搖搖樂,旋轉拉環,組合遊具, X型翹翹板,鞦韆,攀爬組,搖搖樂,組合遊具(村莊高塔),鞦韆,攀爬遊戲組,彈跳床,投籃機,擺盪船索,攀爬組,旋轉台,組合遊具,組合遊具,旋轉陀螺,旋轉台,組合遊具,攀爬組,搖搖樂,翹翹板,磨石滑梯,搖搖樂,跳樁,搖搖樂,攀爬組,組合遊具(滑梯小屋),旋轉盤,組合遊具,鳥巢盪鞦韆及一般坐式盪鞦韆,蝴蝶翹翹板,特色旋轉盤,金字塔滑梯組,機車搖搖樂,遊戲板,造型攀爬牆,攀爬網,組合遊具(環繞競技場遊具組),鞦韆,體能訓練平衡組,礫石坑,獨木樁,蜻蜓點水,木橋,平衡木,平衡木,跳樁,遊戲板,隧道,組合遊具(叢林攀爬組),搖晃板,組合遊具,遊戲板,隧道,組合遊具(遊戲城堡),旋轉座椅,競技攀爬遊具組,龍舟特色遊具組,滑梯,擊鼓,搖搖樂,組合遊具,翹翹板,組合遊具,翹翹板,木作組合遊具,搖搖樂,城堡遊戲組,大轉轉杯,搖搖樂,磨石滑梯,攀爬組,鞦韆,搖搖樂,組合遊具,組合遊具,搖滾盤,旋轉球椅,愛的搖籃,組合遊具,搖搖樂,旋轉杯,翹翹板,組合遊具,搖搖樂,組合遊具,搖搖樂,組合遊具,搖搖樂,組合遊具,攀爬組,搖搖樂,組合遊具,搖搖樂,組合遊具,組合遊具,彩虹琴,旋轉音樂盒,遊戲礫石坑,彈跳節拍,搖搖樂,組合遊具,翹翹板,組合遊具,組合遊具,搖搖樂,組合遊具,組合遊具,搖搖樂,組合遊具,攀爬組合滑梯,搖搖樂,組合遊具,組合遊具,翹翹板,組合遊具,搖搖樂,組合遊具,翹翹板,組合遊具,搖搖樂,翹翹板,旋轉杯,旋轉棒,搖搖樂,磨石滑梯,組合遊具,搖搖樂,攀爬組,旋轉台,磨石滑梯,組合遊具,跳樁,組合遊具,組合遊具,組合遊具,音樂球、叮噹管、歡樂鼓,無障礙旋轉盤,無障礙鞦韆,遊戲牆,滾輪滑梯,鳥巢鞦韆,旋轉杯,旋轉棒,鞦韆,小木屋,山丘滑梯,戲沙坑,搖搖樂,攀爬組,5人轉轉盤,彈跳床,戲沙坑,組合遊具,旋轉台,旋轉杯,旋轉棒, 磨石滑梯,翹翹板,遊戲板,鞦韆,組合遊具,攀爬組,磨石滑梯,磨石滑梯,組合遊具,火車特色滑梯,鞦韆,樹蛙籃球框,組合遊具,組合遊具,組合遊具,翹翹板,組合遊具,組合遊具,組合遊具,組合遊具,組合遊具,沙坑遊戲板,環型天梯無障礙上肢設施,旋轉杯,戲沙坑,攀爬組,磨石滑梯,跳樁,遊戲板,組合遊具,磨石滑梯,組合遊具,搖搖樂,組合遊具,組合遊具,組合遊具,磨石滑梯,翹翹板,搖搖樂,組合遊具,搖搖樂,組合遊具,組合遊具,搖搖樂,組合遊具-1,攀爬組,鞦韆,大港墘公園-沙坑,大港墘公園-磨石滑梯,大港墘公園-魔力飛盤鞦韆,大港墘公園-管型山丘,攀爬組,翹翹板,遊戲體能組,搖搖樂,組合遊具,搖搖樂,組合遊具,搖搖樂,組合遊具,搖搖樂,組合遊具,組合遊具,磨石滑梯,組合遊具,搖搖樂,組合遊具,搖搖樂,組合遊具,翹翹板,搖搖樂,搖搖樂,組合遊具,搖搖樂,組合遊具,搖搖樂,組合遊具,彈跳床,戲沙坑,攀爬組,磨石滑梯,組合遊具,鞦韆,搖搖樂,組合遊具,磨石滑梯,搖搖樂,磨石滑梯,鞦韆,組合遊具,鞦韆,戲沙坑,擺盪船索,組合遊具,搖搖樂,組合遊具,組合遊具,組合遊具,組合遊具,搖搖樂,組合遊具,戲沙坑,旋轉台,組合遊具,鞦韆,組合遊具,組合遊具,磨石滑梯,鞦韆,搖搖樂,組合遊具,攀爬架,搖搖樂,組合遊具,搖搖樂,搖搖樂,組合遊具,組合遊具,磨石滑梯,翹翹板,攀爬架,戲沙坑,船型遊具組,鞦韆,組合遊具,天旋地轉,組合遊具,組合遊具,搖搖樂,大轉轉杯,組合遊具,平衡木,搖搖樂,磨石滑梯,翹翹板,鞦韆,溜滑梯組合遊具,搖搖樂,翹翹板,木製攀爬架,搖搖樂,磨石滑梯,組合遊具,翹翹板,鞦韆,組合遊具,搖搖樂,組合遊具,組合遊具,組合遊具,擺盪螺旋跳跳樂,搖搖樂,攀爬組,磨石滑梯,鞦韆,組合遊具,鞦韆,組合遊具,搖搖樂,組合遊具,鞦韆,旋轉台,滾輪滑梯,組合遊具,翹翹板,遊戲板,搖搖樂,組合遊具,攀爬組,旋轉棒,磨石滑梯,搖搖樂,鞦韆,MONKEY BAR,宇宙穿梭機,時空訊息牆,景化小飛碟,黃金光束坡,搖搖樂,組合遊具,拉鍊響板,搖擺沙鈴,獅吼鼻頭,獅背攀爬網,獅眼滾珠迷宮,鈕扣獅,組合遊具,組合遊具,搖搖樂,組合遊具,搖搖樂,組合遊具,搖搖樂,組合遊具,鞦韆,翹翹板,組合遊具,搖搖樂,搖搖樂,組合遊具,組合遊具,戲沙坑,組合遊具,滑索(軌),鞦韆,搖搖馬,組合遊具,組合遊具,組合遊具,攀爬組,組合遊具,組合遊具,組合遊具,組合遊具,翹翹板,組合遊具, 磨石滑梯,組合遊具,攀爬組", "ObjectId": 478}}, {"type": "Feature", "id": 479, "geometry": {"type": "Point", "coordinates": [121.545445, 25.055369]}, "properties": {"SeqNo": 796, "pm_name": "松基公園", "pm_overview": "松基公園位於北市松山區復興北路、長春路、慶城街，綠蔭大道整齊潔淨，公園內種多樹木，如樟樹、鳳凰木等的樹木；公園內樹木枝葉全年濃密可遮蔭，很適合大清早來呼吸芬多精。 人行步道平坦無障礙空間設計，是市民休閒好去處。", "pm_unit": "圓山公園管理所", "pm_const_year": "2012", "pm_location": "興安街174巷旁", "pm_LandPublicArea": 6693, "pm_opening_s": "00:00:00", "pm_opening_e": "24:00", "pm_libie": "松基里", "pm_phone": "里辦公室電話：02-27160515", "pm_sports": "單槓", "pm_recreation": "組合遊具、搖搖樂", "pm_service": "里民活動中心", "pm_other": null, "pm_transit": "捷運路線：南京復興站 7 號出口約步行 5 分鐘後即可抵達", "pm_name_eng": "Songji Park", "pm_ecology": null, "pm_type": "公園", "pm_playtype": "一般", "pm_playarea": 90, "pm_description": null, "pm_playeq": "彈跳床,搖滾盤,攀爬組,磨石滑梯,搖搖樂,翹翹板,搖搖樂,組合遊具,搖搖樂,組合遊具,鞦韆,攀爬組,磨石滑梯,翹翹板,組合遊具,翹翹板,木樁區,盪鞦韆,平衡木,彈跳床,搖搖樂,組合遊具,翹翹板,旋轉台,戲沙坑遊戲桌,搖搖樂,攀爬組,旋轉飛輪,組合遊具,翹翹板,磨石滑梯,攀爬組,磨石子滑梯,翹翹板,彈跳床,鳥巢鞦韆,戲沙坑,攀爬組,組合遊具,攀爬組,站立式搖動設備,組合遊具,翹翹板,小石搬運,搖搖馬,組合遊具,數字造型跳樁及水管隧道,搖滾盤,X型翹翹板,組合遊具,搖搖樂,組合遊具,旋轉桶椅,大旋轉組,組合遊具,搖搖樂,磨石滑梯,鳥巢鞦韆,旋轉桶椅,組合遊具,組合遊具,組合遊具,搖搖馬,組合遊具,翹翹板,搖搖樂,組合遊具,組合遊具,磨石滑梯,鞦韆及鳥巢鞦韆,彈跳床,攀爬組,木隧道,組合遊具,仿古代程沈船遊具,攀爬繩網組,攀爬組,鳥巢鞦韆,輪胎鞦韆,尿布鞦韆,沙坑,磨石子滑梯,旋轉台,彈跳床,雙滑軌溜索,搖搖馬,翹翹板,組合遊具,搖搖馬,組合遊具,攀爬組,組合遊具,組合遊具,攀爬組,搖搖馬,磨石子滑梯,旋轉杯,組合遊具,組合遊具,組合遊具,大轉轉杯,搖搖樂,組合遊具,翹翹板,滑梯,彈跳床,戲沙坑,擺盪船索,攀爬組,旋轉組,磨石滑梯,組合遊具,特色溜滑梯,攀爬組,旋轉棒,叢林攀爬組,4人旋轉器,搖搖樂,磨石滑梯,翹翹板,搖搖樂,組合遊具,組合遊具,組合遊具,爬繩,組合遊具(叢林攀爬組),獨木橋,組合遊具,遊戲板,組合遊具,攀爬組,盪鞦韆,搖搖樂,組合遊具,組合遊具,旋轉盤,鞦韆,攀爬組,旋轉盤,搖搖樂,組合遊具,特色溜滑梯,攀爬組,跳樁,鞦韆,搖搖馬,組合遊具,蹺蹺板,組合遊具,搖搖樂,組合遊具,組合遊具2,翹翹板及搖搖馬,組合遊具,天空樹溜滑梯,戲沙坑,搖搖樂,旋轉拉環,組合遊具, X型翹翹板,鞦韆,攀爬組,搖搖樂,組合遊具(村莊高塔),鞦韆,攀爬遊戲組,彈跳床,投籃機,擺盪船索,攀爬組,旋轉台,組合遊具,組合遊具,旋轉陀螺,旋轉台,組合遊具,攀爬組,搖搖樂,翹翹板,磨石滑梯,搖搖樂,跳樁,搖搖樂,攀爬組,組合遊具(滑梯小屋),旋轉盤,組合遊具,鳥巢盪鞦韆及一般坐式盪鞦韆,蝴蝶翹翹板,特色旋轉盤,金字塔滑梯組,機車搖搖樂,遊戲板,造型攀爬牆,攀爬網,組合遊具(環繞競技場遊具組),鞦韆,體能訓練平衡組,礫石坑,獨木樁,蜻蜓點水,木橋,平衡木,平衡木,跳樁,遊戲板,隧道,組合遊具(叢林攀爬組),搖晃板,組合遊具,遊戲板,隧道,組合遊具(遊戲城堡),旋轉座椅,競技攀爬遊具組,龍舟特色遊具組,滑梯,擊鼓,搖搖樂,組合遊具,翹翹板,組合遊具,翹翹板,木作組合遊具,搖搖樂,城堡遊戲組,大轉轉杯,搖搖樂,磨石滑梯,攀爬組,鞦韆,搖搖樂,組合遊具,組合遊具,搖滾盤,旋轉球椅,愛的搖籃,組合遊具,搖搖樂,旋轉杯,翹翹板,組合遊具,搖搖樂,組合遊具,搖搖樂,組合遊具,搖搖樂,組合遊具,攀爬組,搖搖樂,組合遊具,搖搖樂,組合遊具,組合遊具,彩虹琴,旋轉音樂盒,遊戲礫石坑,彈跳節拍,搖搖樂,組合遊具,翹翹板,組合遊具,組合遊具,搖搖樂,組合遊具,組合遊具,搖搖樂,組合遊具,攀爬組合滑梯,搖搖樂,組合遊具,組合遊具,翹翹板,組合遊具,搖搖樂,組合遊具,翹翹板,組合遊具,搖搖樂,翹翹板,旋轉杯,旋轉棒,搖搖樂,磨石滑梯,組合遊具,搖搖樂,攀爬組,旋轉台,磨石滑梯,組合遊具,跳樁,組合遊具,組合遊具,組合遊具,音樂球、叮噹管、歡樂鼓,無障礙旋轉盤,無障礙鞦韆,遊戲牆,滾輪滑梯,鳥巢鞦韆,旋轉杯,旋轉棒,鞦韆,小木屋,山丘滑梯,戲沙坑,搖搖樂,攀爬組,5人轉轉盤,彈跳床,戲沙坑,組合遊具,旋轉台,旋轉杯,旋轉棒, 磨石滑梯,翹翹板,遊戲板,鞦韆,組合遊具,攀爬組,磨石滑梯,磨石滑梯,組合遊具,火車特色滑梯,鞦韆,樹蛙籃球框,組合遊具,組合遊具,組合遊具,翹翹板,組合遊具,組合遊具,組合遊具,組合遊具,組合遊具,沙坑遊戲板,環型天梯無障礙上肢設施,旋轉杯,戲沙坑,攀爬組,磨石滑梯,跳樁,遊戲板,組合遊具,磨石滑梯,組合遊具,搖搖樂,組合遊具,組合遊具,組合遊具,磨石滑梯,翹翹板,搖搖樂,組合遊具,搖搖樂,組合遊具,組合遊具,搖搖樂,組合遊具-1,攀爬組,鞦韆,大港墘公園-沙坑,大港墘公園-磨石滑梯,大港墘公園-魔力飛盤鞦韆,大港墘公園-管型山丘,攀爬組,翹翹板,遊戲體能組,搖搖樂,組合遊具,搖搖樂,組合遊具,搖搖樂,組合遊具,搖搖樂,組合遊具,組合遊具,磨石滑梯,組合遊具,搖搖樂,組合遊具,搖搖樂,組合遊具,翹翹板,搖搖樂,搖搖樂,組合遊具,搖搖樂,組合遊具,搖搖樂,組合遊具,彈跳床,戲沙坑,攀爬組,磨石滑梯,組合遊具,鞦韆,搖搖樂,組合遊具,磨石滑梯,搖搖樂,磨石滑梯,鞦韆,組合遊具,鞦韆,戲沙坑,擺盪船索,組合遊具,搖搖樂,組合遊具,組合遊具,組合遊具,組合遊具,搖搖樂,組合遊具,戲沙坑,旋轉台,組合遊具,鞦韆,組合遊具,組合遊具,磨石滑梯,鞦韆,搖搖樂,組合遊具,攀爬架,搖搖樂,組合遊具,搖搖樂,搖搖樂,組合遊具,組合遊具,磨石滑梯,翹翹板,攀爬架,戲沙坑,船型遊具組,鞦韆,組合遊具,天旋地轉,組合遊具,組合遊具,搖搖樂,大轉轉杯,組合遊具,平衡木,搖搖樂,磨石滑梯,翹翹板,鞦韆,溜滑梯組合遊具,搖搖樂,翹翹板,木製攀爬架,搖搖樂,磨石滑梯,組合遊具,翹翹板,鞦韆,組合遊具,搖搖樂,組合遊具,組合遊具,組合遊具,擺盪螺旋跳跳樂,搖搖樂,攀爬組,磨石滑梯,鞦韆,組合遊具,鞦韆,組合遊具,搖搖樂,組合遊具,鞦韆,旋轉台,滾輪滑梯,組合遊具,翹翹板,遊戲板,搖搖樂,組合遊具,攀爬組,旋轉棒,磨石滑梯,搖搖樂,鞦韆,MONKEY BAR,宇宙穿梭機,時空訊息牆,景化小飛碟,黃金光束坡,搖搖樂,組合遊具,拉鍊響板,搖擺沙鈴,獅吼鼻頭,獅背攀爬網,獅眼滾珠迷宮,鈕扣獅,組合遊具,組合遊具,搖搖樂,組合遊具,搖搖樂,組合遊具,搖搖樂,組合遊具,鞦韆,翹翹板,組合遊具,搖搖樂,搖搖樂,組合遊具,組合遊具,戲沙坑,組合遊具,滑索(軌),鞦韆,搖搖馬,組合遊具,組合遊具,組合遊具,攀爬組,組合遊具,組合遊具,組合遊具,組合遊具,翹翹板,組合遊具, 磨石滑梯,組合遊具,攀爬組,磨石滑梯", "ObjectId": 479}}, {"type": "Feature", "id": 481, "geometry": {"type": "Point", "coordinates": [121.55892181, 25.053369522]}, "properties": {"SeqNo": 409, "pm_name": "長壽公園", "pm_overview": "長壽公園以臺灣欒樹為主要喬木，盛夏時刻一片綠意盎然，並設有遊戲區及造型花園，是一個令人得以徹底放鬆的地方。", "pm_unit": "松山區公所", "pm_const_year": "1980", "pm_location": "健康路174號旁", "pm_LandPublicArea": 3568, "pm_opening_s": "00:00:00", "pm_opening_e": "24:00", "pm_libie": "東光里", "pm_phone": "02-87878787#881", "pm_sports": "溜冰場、單槓、腹肌板、雙人太空漫步機、扭腰器、肩關節康復器、雙人浪板", "pm_recreation": "組合遊具、攀爬架、搖搖馬", "pm_service": "涼亭", "pm_other": null, "pm_transit": "捷運路線：搭松山新店線至南京三民站1號出口後步行抵達，公車路線：搭0東、254、278至長壽公園站下車，再步行抵達", "pm_name_eng": "Changshou Park", "pm_ecology": null, "pm_type": "公園", "pm_playtype": "一般", "pm_playarea": 168.38, "pm_description": null, "pm_playeq": "彈跳床,搖滾盤,攀爬組,磨石滑梯,搖搖樂,翹翹板,搖搖樂,組合遊具,搖搖樂,組合遊具,鞦韆,攀爬組,磨石滑梯,翹翹板,組合遊具,翹翹板,木樁區,盪鞦韆,平衡木,彈跳床,搖搖樂,組合遊具,翹翹板,旋轉台,戲沙坑遊戲桌,搖搖樂,攀爬組,旋轉飛輪,組合遊具,翹翹板,磨石滑梯,攀爬組,磨石子滑梯,翹翹板,彈跳床,鳥巢鞦韆,戲沙坑,攀爬組,組合遊具,攀爬組,站立式搖動設備,組合遊具,翹翹板,小石搬運,搖搖馬,組合遊具,數字造型跳樁及水管隧道,搖滾盤,X型翹翹板,組合遊具,搖搖樂,組合遊具,旋轉桶椅,大旋轉組,組合遊具,搖搖樂,磨石滑梯,鳥巢鞦韆,旋轉桶椅,組合遊具,組合遊具,組合遊具,搖搖馬,組合遊具,翹翹板,搖搖樂,組合遊具,組合遊具,磨石滑梯,鞦韆及鳥巢鞦韆,彈跳床,攀爬組,木隧道,組合遊具,仿古代程沈船遊具,攀爬繩網組,攀爬組,鳥巢鞦韆,輪胎鞦韆,尿布鞦韆,沙坑,磨石子滑梯,旋轉台,彈跳床,雙滑軌溜索,搖搖馬,翹翹板,組合遊具,搖搖馬,組合遊具,攀爬組,組合遊具,組合遊具,攀爬組,搖搖馬,磨石子滑梯,旋轉杯,組合遊具,組合遊具,組合遊具,大轉轉杯,搖搖樂,組合遊具,翹翹板,滑梯,彈跳床,戲沙坑,擺盪船索,攀爬組,旋轉組,磨石滑梯,組合遊具,特色溜滑梯,攀爬組,旋轉棒,叢林攀爬組,4人旋轉器,搖搖樂,磨石滑梯,翹翹板,搖搖樂,組合遊具,組合遊具,組合遊具,爬繩,組合遊具(叢林攀爬組),獨木橋,組合遊具,遊戲板,組合遊具,攀爬組,盪鞦韆,搖搖樂,組合遊具,組合遊具,旋轉盤,鞦韆,攀爬組,旋轉盤,搖搖樂,組合遊具,特色溜滑梯,攀爬組,跳樁,鞦韆,搖搖馬,組合遊具,蹺蹺板,組合遊具,搖搖樂,組合遊具,組合遊具2,翹翹板及搖搖馬,組合遊具,天空樹溜滑梯,戲沙坑,搖搖樂,旋轉拉環,組合遊具, X型翹翹板,鞦韆,攀爬組,搖搖樂,組合遊具(村莊高塔),鞦韆,攀爬遊戲組,彈跳床,投籃機,擺盪船索,攀爬組,旋轉台,組合遊具,組合遊具,旋轉陀螺,旋轉台,組合遊具,攀爬組,搖搖樂,翹翹板,磨石滑梯,搖搖樂,跳樁,搖搖樂,攀爬組,組合遊具(滑梯小屋),旋轉盤,組合遊具,鳥巢盪鞦韆及一般坐式盪鞦韆,蝴蝶翹翹板,特色旋轉盤,金字塔滑梯組,機車搖搖樂,遊戲板,造型攀爬牆,攀爬網,組合遊具(環繞競技場遊具組),鞦韆,體能訓練平衡組,礫石坑,獨木樁,蜻蜓點水,木橋,平衡木,平衡木,跳樁,遊戲板,隧道,組合遊具(叢林攀爬組),搖晃板,組合遊具,遊戲板,隧道,組合遊具(遊戲城堡),旋轉座椅,競技攀爬遊具組,龍舟特色遊具組,滑梯,擊鼓,搖搖樂,組合遊具,翹翹板,組合遊具,翹翹板,木作組合遊具,搖搖樂,城堡遊戲組,大轉轉杯,搖搖樂,磨石滑梯,攀爬組,鞦韆,搖搖樂,組合遊具,組合遊具,搖滾盤,旋轉球椅,愛的搖籃,組合遊具,搖搖樂,旋轉杯,翹翹板,組合遊具,搖搖樂,組合遊具,搖搖樂,組合遊具,搖搖樂,組合遊具,攀爬組,搖搖樂,組合遊具,搖搖樂,組合遊具,組合遊具,彩虹琴,旋轉音樂盒,遊戲礫石坑,彈跳節拍,搖搖樂,組合遊具,翹翹板,組合遊具,組合遊具,搖搖樂,組合遊具,組合遊具,搖搖樂,組合遊具,攀爬組合滑梯,搖搖樂,組合遊具,組合遊具,翹翹板,組合遊具,搖搖樂,組合遊具,翹翹板,組合遊具,搖搖樂,翹翹板,旋轉杯,旋轉棒,搖搖樂,磨石滑梯,組合遊具,搖搖樂,攀爬組,旋轉台,磨石滑梯,組合遊具,跳樁,組合遊具,組合遊具,組合遊具,音樂球、叮噹管、歡樂鼓,無障礙旋轉盤,無障礙鞦韆,遊戲牆,滾輪滑梯,鳥巢鞦韆,旋轉杯,旋轉棒,鞦韆,小木屋,山丘滑梯,戲沙坑,搖搖樂,攀爬組,5人轉轉盤,彈跳床,戲沙坑,組合遊具,旋轉台,旋轉杯,旋轉棒, 磨石滑梯,翹翹板,遊戲板,鞦韆,組合遊具,攀爬組,磨石滑梯,磨石滑梯,組合遊具,火車特色滑梯,鞦韆,樹蛙籃球框,組合遊具,組合遊具,組合遊具,翹翹板,組合遊具,組合遊具,組合遊具,組合遊具,組合遊具,沙坑遊戲板,環型天梯無障礙上肢設施,旋轉杯,戲沙坑,攀爬組,磨石滑梯,跳樁,遊戲板,組合遊具,磨石滑梯,組合遊具,搖搖樂,組合遊具,組合遊具,組合遊具,磨石滑梯,翹翹板,搖搖樂,組合遊具,搖搖樂,組合遊具,組合遊具,搖搖樂,組合遊具-1,攀爬組,鞦韆,大港墘公園-沙坑,大港墘公園-磨石滑梯,大港墘公園-魔力飛盤鞦韆,大港墘公園-管型山丘,攀爬組,翹翹板,遊戲體能組,搖搖樂,組合遊具,搖搖樂,組合遊具,搖搖樂,組合遊具,搖搖樂,組合遊具,組合遊具,磨石滑梯,組合遊具,搖搖樂,組合遊具,搖搖樂,組合遊具,翹翹板,搖搖樂,搖搖樂,組合遊具,搖搖樂,組合遊具,搖搖樂,組合遊具,彈跳床,戲沙坑,攀爬組,磨石滑梯,組合遊具,鞦韆,搖搖樂,組合遊具,磨石滑梯,搖搖樂,磨石滑梯,鞦韆,組合遊具,鞦韆,戲沙坑,擺盪船索,組合遊具,搖搖樂,組合遊具,組合遊具,組合遊具,組合遊具,搖搖樂,組合遊具,戲沙坑,旋轉台,組合遊具,鞦韆,組合遊具,組合遊具,磨石滑梯,鞦韆,搖搖樂,組合遊具,攀爬架,搖搖樂,組合遊具,搖搖樂,搖搖樂,組合遊具,組合遊具,磨石滑梯,翹翹板,攀爬架,戲沙坑,船型遊具組,鞦韆,組合遊具,天旋地轉,組合遊具,組合遊具,搖搖樂,大轉轉杯,組合遊具,平衡木,搖搖樂,磨石滑梯,翹翹板,鞦韆,溜滑梯組合遊具,搖搖樂,翹翹板,木製攀爬架,搖搖樂,磨石滑梯,組合遊具,翹翹板,鞦韆,組合遊具,搖搖樂,組合遊具,組合遊具,組合遊具,擺盪螺旋跳跳樂,搖搖樂,攀爬組,磨石滑梯,鞦韆,組合遊具,鞦韆,組合遊具,搖搖樂,組合遊具,鞦韆,旋轉台,滾輪滑梯,組合遊具,翹翹板,遊戲板,搖搖樂,組合遊具,攀爬組,旋轉棒,磨石滑梯,搖搖樂,鞦韆,MONKEY BAR,宇宙穿梭機,時空訊息牆,景化小飛碟,黃金光束坡,搖搖樂,組合遊具,拉鍊響板,搖擺沙鈴,獅吼鼻頭,獅背攀爬網,獅眼滾珠迷宮,鈕扣獅,組合遊具,組合遊具,搖搖樂,組合遊具,搖搖樂,組合遊具,搖搖樂,組合遊具,鞦韆,翹翹板,組合遊具,搖搖樂,搖搖樂,組合遊具,組合遊具,戲沙坑,組合遊具,滑索(軌),鞦韆,搖搖馬,組合遊具,組合遊具,組合遊具,攀爬組,組合遊具,組合遊具,組合遊具,組合遊具,翹翹板,組合遊具, 磨石滑梯,組合遊具,攀爬組,磨石滑梯,搖搖樂,組合遊具", "ObjectId": 481}}, {"type": "Feature", "id": 482, "geometry": {"type": "Point", "coordinates": [121.55345917, 25.050149918]}, "properties": {"SeqNo": 380, "pm_name": "美仁一號公園", "pm_overview": "緊鄰育達商職及土地公廟，且因該廟宇供俸的為上百年的石雕土地公，香火鼎盛，輔以廟宇外彩色連鎖地磚的鋪設，更為本公園增色不少。", "pm_unit": "松山區公所", "pm_const_year": "1985", "pm_location": "南京東路四段52巷14號前", "pm_LandPublicArea": 1502, "pm_opening_s": "00:00:00", "pm_opening_e": "24:00", "pm_libie": "美仁里", "pm_phone": "02-87878787#881", "pm_sports": "腹肌器、單槓、雙人太空漫步機、肩關節康復器、雙人浪板、腰背按摩器", "pm_recreation": "組合遊具", "pm_service": "涼亭", "pm_other": null, "pm_transit": "捷運路線：搭松山新店線至臺北小巨蛋站4號出口後步行抵達，公車路線：搭0東、202、203至美仁里下車，再步行抵達", "pm_name_eng": "No.1 Meiren Park", "pm_ecology": null, "pm_type": "公園", "pm_playtype": "一般", "pm_playarea": 68.25, "pm_description": null, "pm_playeq": "彈跳床,搖滾盤,攀爬組,磨石滑梯,搖搖樂,翹翹板,搖搖樂,組合遊具,搖搖樂,組合遊具,鞦韆,攀爬組,磨石滑梯,翹翹板,組合遊具,翹翹板,木樁區,盪鞦韆,平衡木,彈跳床,搖搖樂,組合遊具,翹翹板,旋轉台,戲沙坑遊戲桌,搖搖樂,攀爬組,旋轉飛輪,組合遊具,翹翹板,磨石滑梯,攀爬組,磨石子滑梯,翹翹板,彈跳床,鳥巢鞦韆,戲沙坑,攀爬組,組合遊具,攀爬組,站立式搖動設備,組合遊具,翹翹板,小石搬運,搖搖馬,組合遊具,數字造型跳樁及水管隧道,搖滾盤,X型翹翹板,組合遊具,搖搖樂,組合遊具,旋轉桶椅,大旋轉組,組合遊具,搖搖樂,磨石滑梯,鳥巢鞦韆,旋轉桶椅,組合遊具,組合遊具,組合遊具,搖搖馬,組合遊具,翹翹板,搖搖樂,組合遊具,組合遊具,磨石滑梯,鞦韆及鳥巢鞦韆,彈跳床,攀爬組,木隧道,組合遊具,仿古代程沈船遊具,攀爬繩網組,攀爬組,鳥巢鞦韆,輪胎鞦韆,尿布鞦韆,沙坑,磨石子滑梯,旋轉台,彈跳床,雙滑軌溜索,搖搖馬,翹翹板,組合遊具,搖搖馬,組合遊具,攀爬組,組合遊具,組合遊具,攀爬組,搖搖馬,磨石子滑梯,旋轉杯,組合遊具,組合遊具,組合遊具,大轉轉杯,搖搖樂,組合遊具,翹翹板,滑梯,彈跳床,戲沙坑,擺盪船索,攀爬組,旋轉組,磨石滑梯,組合遊具,特色溜滑梯,攀爬組,旋轉棒,叢林攀爬組,4人旋轉器,搖搖樂,磨石滑梯,翹翹板,搖搖樂,組合遊具,組合遊具,組合遊具,爬繩,組合遊具(叢林攀爬組),獨木橋,組合遊具,遊戲板,組合遊具,攀爬組,盪鞦韆,搖搖樂,組合遊具,組合遊具,旋轉盤,鞦韆,攀爬組,旋轉盤,搖搖樂,組合遊具,特色溜滑梯,攀爬組,跳樁,鞦韆,搖搖馬,組合遊具,蹺蹺板,組合遊具,搖搖樂,組合遊具,組合遊具2,翹翹板及搖搖馬,組合遊具,天空樹溜滑梯,戲沙坑,搖搖樂,旋轉拉環,組合遊具, X型翹翹板,鞦韆,攀爬組,搖搖樂,組合遊具(村莊高塔),鞦韆,攀爬遊戲組,彈跳床,投籃機,擺盪船索,攀爬組,旋轉台,組合遊具,組合遊具,旋轉陀螺,旋轉台,組合遊具,攀爬組,搖搖樂,翹翹板,磨石滑梯,搖搖樂,跳樁,搖搖樂,攀爬組,組合遊具(滑梯小屋),旋轉盤,組合遊具,鳥巢盪鞦韆及一般坐式盪鞦韆,蝴蝶翹翹板,特色旋轉盤,金字塔滑梯組,機車搖搖樂,遊戲板,造型攀爬牆,攀爬網,組合遊具(環繞競技場遊具組),鞦韆,體能訓練平衡組,礫石坑,獨木樁,蜻蜓點水,木橋,平衡木,平衡木,跳樁,遊戲板,隧道,組合遊具(叢林攀爬組),搖晃板,組合遊具,遊戲板,隧道,組合遊具(遊戲城堡),旋轉座椅,競技攀爬遊具組,龍舟特色遊具組,滑梯,擊鼓,搖搖樂,組合遊具,翹翹板,組合遊具,翹翹板,木作組合遊具,搖搖樂,城堡遊戲組,大轉轉杯,搖搖樂,磨石滑梯,攀爬組,鞦韆,搖搖樂,組合遊具,組合遊具,搖滾盤,旋轉球椅,愛的搖籃,組合遊具,搖搖樂,旋轉杯,翹翹板,組合遊具,搖搖樂,組合遊具,搖搖樂,組合遊具,搖搖樂,組合遊具,攀爬組,搖搖樂,組合遊具,搖搖樂,組合遊具,組合遊具,彩虹琴,旋轉音樂盒,遊戲礫石坑,彈跳節拍,搖搖樂,組合遊具,翹翹板,組合遊具,組合遊具,搖搖樂,組合遊具,組合遊具,搖搖樂,組合遊具,攀爬組合滑梯,搖搖樂,組合遊具,組合遊具,翹翹板,組合遊具,搖搖樂,組合遊具,翹翹板,組合遊具,搖搖樂,翹翹板,旋轉杯,旋轉棒,搖搖樂,磨石滑梯,組合遊具,搖搖樂,攀爬組,旋轉台,磨石滑梯,組合遊具,跳樁,組合遊具,組合遊具,組合遊具,音樂球、叮噹管、歡樂鼓,無障礙旋轉盤,無障礙鞦韆,遊戲牆,滾輪滑梯,鳥巢鞦韆,旋轉杯,旋轉棒,鞦韆,小木屋,山丘滑梯,戲沙坑,搖搖樂,攀爬組,5人轉轉盤,彈跳床,戲沙坑,組合遊具,旋轉台,旋轉杯,旋轉棒, 磨石滑梯,翹翹板,遊戲板,鞦韆,組合遊具,攀爬組,磨石滑梯,磨石滑梯,組合遊具,火車特色滑梯,鞦韆,樹蛙籃球框,組合遊具,組合遊具,組合遊具,翹翹板,組合遊具,組合遊具,組合遊具,組合遊具,組合遊具,沙坑遊戲板,環型天梯無障礙上肢設施,旋轉杯,戲沙坑,攀爬組,磨石滑梯,跳樁,遊戲板,組合遊具,磨石滑梯,組合遊具,搖搖樂,組合遊具,組合遊具,組合遊具,磨石滑梯,翹翹板,搖搖樂,組合遊具,搖搖樂,組合遊具,組合遊具,搖搖樂,組合遊具-1,攀爬組,鞦韆,大港墘公園-沙坑,大港墘公園-磨石滑梯,大港墘公園-魔力飛盤鞦韆,大港墘公園-管型山丘,攀爬組,翹翹板,遊戲體能組,搖搖樂,組合遊具,搖搖樂,組合遊具,搖搖樂,組合遊具,搖搖樂,組合遊具,組合遊具,磨石滑梯,組合遊具,搖搖樂,組合遊具,搖搖樂,組合遊具,翹翹板,搖搖樂,搖搖樂,組合遊具,搖搖樂,組合遊具,搖搖樂,組合遊具,彈跳床,戲沙坑,攀爬組,磨石滑梯,組合遊具,鞦韆,搖搖樂,組合遊具,磨石滑梯,搖搖樂,磨石滑梯,鞦韆,組合遊具,鞦韆,戲沙坑,擺盪船索,組合遊具,搖搖樂,組合遊具,組合遊具,組合遊具,組合遊具,搖搖樂,組合遊具,戲沙坑,旋轉台,組合遊具,鞦韆,組合遊具,組合遊具,磨石滑梯,鞦韆,搖搖樂,組合遊具,攀爬架,搖搖樂,組合遊具,搖搖樂,搖搖樂,組合遊具,組合遊具,磨石滑梯,翹翹板,攀爬架,戲沙坑,船型遊具組,鞦韆,組合遊具,天旋地轉,組合遊具,組合遊具,搖搖樂,大轉轉杯,組合遊具,平衡木,搖搖樂,磨石滑梯,翹翹板,鞦韆,溜滑梯組合遊具,搖搖樂,翹翹板,木製攀爬架,搖搖樂,磨石滑梯,組合遊具,翹翹板,鞦韆,組合遊具,搖搖樂,組合遊具,組合遊具,組合遊具,擺盪螺旋跳跳樂,搖搖樂,攀爬組,磨石滑梯,鞦韆,組合遊具,鞦韆,組合遊具,搖搖樂,組合遊具,鞦韆,旋轉台,滾輪滑梯,組合遊具,翹翹板,遊戲板,搖搖樂,組合遊具,攀爬組,旋轉棒,磨石滑梯,搖搖樂,鞦韆,MONKEY BAR,宇宙穿梭機,時空訊息牆,景化小飛碟,黃金光束坡,搖搖樂,組合遊具,拉鍊響板,搖擺沙鈴,獅吼鼻頭,獅背攀爬網,獅眼滾珠迷宮,鈕扣獅,組合遊具,組合遊具,搖搖樂,組合遊具,搖搖樂,組合遊具,搖搖樂,組合遊具,鞦韆,翹翹板,組合遊具,搖搖樂,搖搖樂,組合遊具,組合遊具,戲沙坑,組合遊具,滑索(軌),鞦韆,搖搖馬,組合遊具,組合遊具,組合遊具,攀爬組,組合遊具,組合遊具,組合遊具,組合遊具,翹翹板,組合遊具, 磨石滑梯,組合遊具,攀爬組,磨石滑梯,搖搖樂,組合遊具,組合遊具", "ObjectId": 482}}, {"type": "Feature", "id": 483, "geometry": {"type": "Point", "coordinates": [121.55342102, 25.049499512]}, "properties": {"SeqNo": 22, "pm_name": "美仁二號公園", "pm_overview": "美仁二號公園與美仁一號公園比鄰相望，園內有茂密的大樹及美麗的杜鵑、簡單的硬體設施，毫無繁雜感，並讓人有恬適的感覺。", "pm_unit": "松山區公所", "pm_const_year": "1985", "pm_location": "八德路三段99巷12～18號前", "pm_LandPublicArea": 1343, "pm_opening_s": "00:00:00", "pm_opening_e": "24:00", "pm_libie": "美仁里", "pm_phone": "02-87878787#881", "pm_sports": "雙人扭腰器、雙人肩關節康復器、伸腰伸背器", "pm_recreation": null, "pm_service": "涼亭", "pm_other": null, "pm_transit": "捷運路線：搭松山新店線至臺北小巨蛋站4號出口後步行抵達，公車路線：搭0東、202、203至美仁里下車，再步行抵達", "pm_name_eng": "No.2 Meiren Park", "pm_ecology": null, "pm_type": "公園", "pm_playtype": null, "pm_playarea": null, "pm_description": null, "pm_playeq": null, "ObjectId": 483}}, {"type": "Feature", "id": 490, "geometry": {"type": "Point", "coordinates": [121.55354309, 25.058849335]}, "properties": {"SeqNo": 532, "pm_name": "富錦五號公園", "pm_overview": "富錦五號公園空間規劃較為開闊，東側成群大王椰子參天而立、西側有茄苳成長茁壯著，廣場則可做為民眾休閒運動的場所。", "pm_unit": "松山區公所", "pm_const_year": "1971", "pm_location": "民生東路四段97巷4弄20號旁", "pm_LandPublicArea": 980, "pm_opening_s": "00:00:00", "pm_opening_e": "24:00", "pm_libie": "精忠里", "pm_phone": "02-87878787#881", "pm_sports": null, "pm_recreation": null, "pm_service": "涼亭", "pm_other": null, "pm_transit": "公車路線：搭12、63、225至公教住宅站下車，再步行抵達", "pm_name_eng": "No.5 Fujin Park", "pm_ecology": null, "pm_type": "公園", "pm_playtype": null, "pm_playarea": null, "pm_description": null, "pm_playeq": null, "ObjectId": 490}}, {"type": "Feature", "id": 491, "geometry": {"type": "Point", "coordinates": [121.55290222, 25.058210373]}, "properties": {"SeqNo": 396, "pm_name": "富錦六號公園", "pm_overview": "        富錦六號公園內榕樹展演舞台使民眾有更多元的藝文活動，中央”朱槿”意象的花椅兼具公共藝術及休憩功能，西北角楓香樹下有舒適的座牆提供民眾駐足。", "pm_unit": "松山區公所", "pm_const_year": "1971", "pm_location": "民生東路四段105號旁", "pm_LandPublicArea": 1000, "pm_opening_s": "00:00:00", "pm_opening_e": "24:00", "pm_libie": "精忠里", "pm_phone": "02-87878787#881", "pm_sports": null, "pm_recreation": null, "pm_service": null, "pm_other": null, "pm_transit": "公車路線：搭12、63、225至公教住宅站下車，再步行抵達", "pm_name_eng": "No.6 Fujin Park", "pm_ecology": null, "pm_type": "公園", "pm_playtype": null, "pm_playarea": null, "pm_description": null, "pm_playeq": null, "ObjectId": 491}}, {"type": "Feature", "id": 492, "geometry": {"type": "Point", "coordinates": [121.56147003, 25.04747963]}, "properties": {"SeqNo": 92, "pm_name": "復盛公園", "pm_overview": "原名為「捐地公園」，後因所屬於松山區復盛里，故經研商後，於2012年8月29日正式更名為「復盛公園」。", "pm_unit": "松山區公所", "pm_const_year": "2004", "pm_location": "市民大道五段99號、八德路四段106巷", "pm_LandPublicArea": 9244, "pm_opening_s": "00:00:00", "pm_opening_e": "24:00", "pm_libie": "復盛里", "pm_phone": "02-87878787#881", "pm_sports": "大轉輪、扭腰器、肩關節康復器、健康步道、單槓、滑雪器、雙人太空漫步機、雙槓、引體訓練器、腹肌板、伸腰伸背器", "pm_recreation": "組合遊具", "pm_service": "涼亭2座", "pm_other": null, "pm_transit": "捷運路線：搭板南線至國父紀念館站5號出口後步行抵達，公車路線：搭669至復盛京華站下車", "pm_name_eng": "Fusheng Park", "pm_ecology": null, "pm_type": "公園", "pm_playtype": "一般", "pm_playarea": 109.02, "pm_description": null, "pm_playeq": "彈跳床,搖滾盤,攀爬組,磨石滑梯,搖搖樂,翹翹板,搖搖樂,組合遊具,搖搖樂,組合遊具,鞦韆,攀爬組,磨石滑梯,翹翹板,組合遊具,翹翹板,木樁區,盪鞦韆,平衡木,彈跳床,搖搖樂,組合遊具,翹翹板,旋轉台,戲沙坑遊戲桌,搖搖樂,攀爬組,旋轉飛輪,組合遊具,翹翹板,磨石滑梯,攀爬組,磨石子滑梯,翹翹板,彈跳床,鳥巢鞦韆,戲沙坑,攀爬組,組合遊具,攀爬組,站立式搖動設備,組合遊具,翹翹板,小石搬運,搖搖馬,組合遊具,數字造型跳樁及水管隧道,搖滾盤,X型翹翹板,組合遊具,搖搖樂,組合遊具,旋轉桶椅,大旋轉組,組合遊具,搖搖樂,磨石滑梯,鳥巢鞦韆,旋轉桶椅,組合遊具,組合遊具,組合遊具,搖搖馬,組合遊具,翹翹板,搖搖樂,組合遊具,組合遊具,磨石滑梯,鞦韆及鳥巢鞦韆,彈跳床,攀爬組,木隧道,組合遊具,仿古代程沈船遊具,攀爬繩網組,攀爬組,鳥巢鞦韆,輪胎鞦韆,尿布鞦韆,沙坑,磨石子滑梯,旋轉台,彈跳床,雙滑軌溜索,搖搖馬,翹翹板,組合遊具,搖搖馬,組合遊具,攀爬組,組合遊具,組合遊具,攀爬組,搖搖馬,磨石子滑梯,旋轉杯,組合遊具,組合遊具,組合遊具,大轉轉杯,搖搖樂,組合遊具,翹翹板,滑梯,彈跳床,戲沙坑,擺盪船索,攀爬組,旋轉組,磨石滑梯,組合遊具,特色溜滑梯,攀爬組,旋轉棒,叢林攀爬組,4人旋轉器,搖搖樂,磨石滑梯,翹翹板,搖搖樂,組合遊具,組合遊具,組合遊具,爬繩,組合遊具(叢林攀爬組),獨木橋,組合遊具,遊戲板,組合遊具,攀爬組,盪鞦韆,搖搖樂,組合遊具,組合遊具,旋轉盤,鞦韆,攀爬組,旋轉盤,搖搖樂,組合遊具,特色溜滑梯,攀爬組,跳樁,鞦韆,搖搖馬,組合遊具,蹺蹺板,組合遊具,搖搖樂,組合遊具,組合遊具2,翹翹板及搖搖馬,組合遊具,天空樹溜滑梯,戲沙坑,搖搖樂,旋轉拉環,組合遊具, X型翹翹板,鞦韆,攀爬組,搖搖樂,組合遊具(村莊高塔),鞦韆,攀爬遊戲組,彈跳床,投籃機,擺盪船索,攀爬組,旋轉台,組合遊具,組合遊具,旋轉陀螺,旋轉台,組合遊具,攀爬組,搖搖樂,翹翹板,磨石滑梯,搖搖樂,跳樁,搖搖樂,攀爬組,組合遊具(滑梯小屋),旋轉盤,組合遊具,鳥巢盪鞦韆及一般坐式盪鞦韆,蝴蝶翹翹板,特色旋轉盤,金字塔滑梯組,機車搖搖樂,遊戲板,造型攀爬牆,攀爬網,組合遊具(環繞競技場遊具組),鞦韆,體能訓練平衡組,礫石坑,獨木樁,蜻蜓點水,木橋,平衡木,平衡木,跳樁,遊戲板,隧道,組合遊具(叢林攀爬組),搖晃板,組合遊具,遊戲板,隧道,組合遊具(遊戲城堡),旋轉座椅,競技攀爬遊具組,龍舟特色遊具組,滑梯,擊鼓,搖搖樂,組合遊具,翹翹板,組合遊具,翹翹板,木作組合遊具,搖搖樂,城堡遊戲組,大轉轉杯,搖搖樂,磨石滑梯,攀爬組,鞦韆,搖搖樂,組合遊具,組合遊具,搖滾盤,旋轉球椅,愛的搖籃,組合遊具,搖搖樂,旋轉杯,翹翹板,組合遊具,搖搖樂,組合遊具,搖搖樂,組合遊具,搖搖樂,組合遊具,攀爬組,搖搖樂,組合遊具,搖搖樂,組合遊具,組合遊具,彩虹琴,旋轉音樂盒,遊戲礫石坑,彈跳節拍,搖搖樂,組合遊具,翹翹板,組合遊具,組合遊具,搖搖樂,組合遊具,組合遊具,搖搖樂,組合遊具,攀爬組合滑梯,搖搖樂,組合遊具,組合遊具,翹翹板,組合遊具,搖搖樂,組合遊具,翹翹板,組合遊具,搖搖樂,翹翹板,旋轉杯,旋轉棒,搖搖樂,磨石滑梯,組合遊具,搖搖樂,攀爬組,旋轉台,磨石滑梯,組合遊具,跳樁,組合遊具,組合遊具,組合遊具,音樂球、叮噹管、歡樂鼓,無障礙旋轉盤,無障礙鞦韆,遊戲牆,滾輪滑梯,鳥巢鞦韆,旋轉杯,旋轉棒,鞦韆,小木屋,山丘滑梯,戲沙坑,搖搖樂,攀爬組,5人轉轉盤,彈跳床,戲沙坑,組合遊具,旋轉台,旋轉杯,旋轉棒, 磨石滑梯,翹翹板,遊戲板,鞦韆,組合遊具,攀爬組,磨石滑梯,磨石滑梯,組合遊具,火車特色滑梯,鞦韆,樹蛙籃球框,組合遊具,組合遊具,組合遊具,翹翹板,組合遊具,組合遊具,組合遊具,組合遊具,組合遊具,沙坑遊戲板,環型天梯無障礙上肢設施,旋轉杯,戲沙坑,攀爬組,磨石滑梯,跳樁,遊戲板,組合遊具,磨石滑梯,組合遊具,搖搖樂,組合遊具,組合遊具,組合遊具,磨石滑梯,翹翹板,搖搖樂,組合遊具,搖搖樂,組合遊具,組合遊具,搖搖樂,組合遊具-1,攀爬組,鞦韆,大港墘公園-沙坑,大港墘公園-磨石滑梯,大港墘公園-魔力飛盤鞦韆,大港墘公園-管型山丘,攀爬組,翹翹板,遊戲體能組,搖搖樂,組合遊具,搖搖樂,組合遊具,搖搖樂,組合遊具,搖搖樂,組合遊具,組合遊具,磨石滑梯,組合遊具,搖搖樂,組合遊具,搖搖樂,組合遊具,翹翹板,搖搖樂,搖搖樂,組合遊具,搖搖樂,組合遊具,搖搖樂,組合遊具,彈跳床,戲沙坑,攀爬組,磨石滑梯,組合遊具,鞦韆,搖搖樂,組合遊具,磨石滑梯,搖搖樂,磨石滑梯,鞦韆,組合遊具,鞦韆,戲沙坑,擺盪船索,組合遊具,搖搖樂,組合遊具,組合遊具,組合遊具,組合遊具,搖搖樂,組合遊具,戲沙坑,旋轉台,組合遊具,鞦韆,組合遊具,組合遊具,磨石滑梯,鞦韆,搖搖樂,組合遊具,攀爬架,搖搖樂,組合遊具,搖搖樂,搖搖樂,組合遊具,組合遊具,磨石滑梯,翹翹板,攀爬架,戲沙坑,船型遊具組,鞦韆,組合遊具,天旋地轉,組合遊具,組合遊具,搖搖樂,大轉轉杯,組合遊具,平衡木,搖搖樂,磨石滑梯,翹翹板,鞦韆,溜滑梯組合遊具,搖搖樂,翹翹板,木製攀爬架,搖搖樂,磨石滑梯,組合遊具,翹翹板,鞦韆,組合遊具,搖搖樂,組合遊具,組合遊具,組合遊具,擺盪螺旋跳跳樂,搖搖樂,攀爬組,磨石滑梯,鞦韆,組合遊具,鞦韆,組合遊具,搖搖樂,組合遊具,鞦韆,旋轉台,滾輪滑梯,組合遊具,翹翹板,遊戲板,搖搖樂,組合遊具,攀爬組,旋轉棒,磨石滑梯,搖搖樂,鞦韆,MONKEY BAR,宇宙穿梭機,時空訊息牆,景化小飛碟,黃金光束坡,搖搖樂,組合遊具,拉鍊響板,搖擺沙鈴,獅吼鼻頭,獅背攀爬網,獅眼滾珠迷宮,鈕扣獅,組合遊具,組合遊具,搖搖樂,組合遊具,搖搖樂,組合遊具,搖搖樂,組合遊具,鞦韆,翹翹板,組合遊具,搖搖樂,搖搖樂,組合遊具,組合遊具,戲沙坑,組合遊具,滑索(軌),鞦韆,搖搖馬,組合遊具,組合遊具,組合遊具,攀爬組,組合遊具,組合遊具,組合遊具,組合遊具,翹翹板,組合遊具, 磨石滑梯,組合遊具,攀爬組,磨石滑梯,搖搖樂,組合遊具,組合遊具,搖搖樂,戲沙坑,攀爬組,組合遊具,攀爬組,磨石滑梯,鞦韆,組合遊具,組合遊具", "ObjectId": 492}}, {"type": "Feature", "id": 493, "geometry": {"type": "Point", "coordinates": [121.55448151, 25.046489716]}, "properties": {"SeqNo": 169, "pm_name": "復源公園", "pm_overview": "復源公園有成群榕樹，呈現明顯的林蔭風格，所種植的草皮亦相當美麗；下午常聚集前往休憩聊天的里民，使用率頻繁。", "pm_unit": "松山區公所", "pm_const_year": "1987", "pm_location": "光復南路22巷至32巷間", "pm_LandPublicArea": 2064, "pm_opening_s": "00:00:00", "pm_opening_e": "24:00", "pm_libie": "復源里", "pm_phone": "02-87878787#881", "pm_sports": "單槓、雙人浪板、雙人扭腰器、單人太空漫步機、肩關節復健器", "pm_recreation": "石製溜滑梯、搖搖馬", "pm_service": "涼亭", "pm_other": null, "pm_transit": "捷運路線：搭板南線至國父紀念館站1號出口後步行抵達，公車路線：搭0東、202、203至美仁里站下車，再步行抵達", "pm_name_eng": "Fuyuan Park", "pm_ecology": null, "pm_type": "公園", "pm_playtype": "一般", "pm_playarea": 178.73, "pm_description": null, "pm_playeq": "彈跳床,搖滾盤,攀爬組,磨石滑梯,搖搖樂,翹翹板,搖搖樂,組合遊具,搖搖樂,組合遊具,鞦韆,攀爬組,磨石滑梯,翹翹板,組合遊具,翹翹板,木樁區,盪鞦韆,平衡木,彈跳床,搖搖樂,組合遊具,翹翹板,旋轉台,戲沙坑遊戲桌,搖搖樂,攀爬組,旋轉飛輪,組合遊具,翹翹板,磨石滑梯,攀爬組,磨石子滑梯,翹翹板,彈跳床,鳥巢鞦韆,戲沙坑,攀爬組,組合遊具,攀爬組,站立式搖動設備,組合遊具,翹翹板,小石搬運,搖搖馬,組合遊具,數字造型跳樁及水管隧道,搖滾盤,X型翹翹板,組合遊具,搖搖樂,組合遊具,旋轉桶椅,大旋轉組,組合遊具,搖搖樂,磨石滑梯,鳥巢鞦韆,旋轉桶椅,組合遊具,組合遊具,組合遊具,搖搖馬,組合遊具,翹翹板,搖搖樂,組合遊具,組合遊具,磨石滑梯,鞦韆及鳥巢鞦韆,彈跳床,攀爬組,木隧道,組合遊具,仿古代程沈船遊具,攀爬繩網組,攀爬組,鳥巢鞦韆,輪胎鞦韆,尿布鞦韆,沙坑,磨石子滑梯,旋轉台,彈跳床,雙滑軌溜索,搖搖馬,翹翹板,組合遊具,搖搖馬,組合遊具,攀爬組,組合遊具,組合遊具,攀爬組,搖搖馬,磨石子滑梯,旋轉杯,組合遊具,組合遊具,組合遊具,大轉轉杯,搖搖樂,組合遊具,翹翹板,滑梯,彈跳床,戲沙坑,擺盪船索,攀爬組,旋轉組,磨石滑梯,組合遊具,特色溜滑梯,攀爬組,旋轉棒,叢林攀爬組,4人旋轉器,搖搖樂,磨石滑梯,翹翹板,搖搖樂,組合遊具,組合遊具,組合遊具,爬繩,組合遊具(叢林攀爬組),獨木橋,組合遊具,遊戲板,組合遊具,攀爬組,盪鞦韆,搖搖樂,組合遊具,組合遊具,旋轉盤,鞦韆,攀爬組,旋轉盤,搖搖樂,組合遊具,特色溜滑梯,攀爬組,跳樁,鞦韆,搖搖馬,組合遊具,蹺蹺板,組合遊具,搖搖樂,組合遊具,組合遊具2,翹翹板及搖搖馬,組合遊具,天空樹溜滑梯,戲沙坑,搖搖樂,旋轉拉環,組合遊具, X型翹翹板,鞦韆,攀爬組,搖搖樂,組合遊具(村莊高塔),鞦韆,攀爬遊戲組,彈跳床,投籃機,擺盪船索,攀爬組,旋轉台,組合遊具,組合遊具,旋轉陀螺,旋轉台,組合遊具,攀爬組,搖搖樂,翹翹板,磨石滑梯,搖搖樂,跳樁,搖搖樂,攀爬組,組合遊具(滑梯小屋),旋轉盤,組合遊具,鳥巢盪鞦韆及一般坐式盪鞦韆,蝴蝶翹翹板,特色旋轉盤,金字塔滑梯組,機車搖搖樂,遊戲板,造型攀爬牆,攀爬網,組合遊具(環繞競技場遊具組),鞦韆,體能訓練平衡組,礫石坑,獨木樁,蜻蜓點水,木橋,平衡木,平衡木,跳樁,遊戲板,隧道,組合遊具(叢林攀爬組),搖晃板,組合遊具,遊戲板,隧道,組合遊具(遊戲城堡),旋轉座椅,競技攀爬遊具組,龍舟特色遊具組,滑梯,擊鼓,搖搖樂,組合遊具,翹翹板,組合遊具,翹翹板,木作組合遊具,搖搖樂,城堡遊戲組,大轉轉杯,搖搖樂,磨石滑梯,攀爬組,鞦韆,搖搖樂,組合遊具,組合遊具,搖滾盤,旋轉球椅,愛的搖籃,組合遊具,搖搖樂,旋轉杯,翹翹板,組合遊具,搖搖樂,組合遊具,搖搖樂,組合遊具,搖搖樂,組合遊具,攀爬組,搖搖樂,組合遊具,搖搖樂,組合遊具,組合遊具,彩虹琴,旋轉音樂盒,遊戲礫石坑,彈跳節拍,搖搖樂,組合遊具,翹翹板,組合遊具,組合遊具,搖搖樂,組合遊具,組合遊具,搖搖樂,組合遊具,攀爬組合滑梯,搖搖樂,組合遊具,組合遊具,翹翹板,組合遊具,搖搖樂,組合遊具,翹翹板,組合遊具,搖搖樂,翹翹板,旋轉杯,旋轉棒,搖搖樂,磨石滑梯,組合遊具,搖搖樂,攀爬組,旋轉台,磨石滑梯,組合遊具,跳樁,組合遊具,組合遊具,組合遊具,音樂球、叮噹管、歡樂鼓,無障礙旋轉盤,無障礙鞦韆,遊戲牆,滾輪滑梯,鳥巢鞦韆,旋轉杯,旋轉棒,鞦韆,小木屋,山丘滑梯,戲沙坑,搖搖樂,攀爬組,5人轉轉盤,彈跳床,戲沙坑,組合遊具,旋轉台,旋轉杯,旋轉棒, 磨石滑梯,翹翹板,遊戲板,鞦韆,組合遊具,攀爬組,磨石滑梯,磨石滑梯,組合遊具,火車特色滑梯,鞦韆,樹蛙籃球框,組合遊具,組合遊具,組合遊具,翹翹板,組合遊具,組合遊具,組合遊具,組合遊具,組合遊具,沙坑遊戲板,環型天梯無障礙上肢設施,旋轉杯,戲沙坑,攀爬組,磨石滑梯,跳樁,遊戲板,組合遊具,磨石滑梯,組合遊具,搖搖樂,組合遊具,組合遊具,組合遊具,磨石滑梯,翹翹板,搖搖樂,組合遊具,搖搖樂,組合遊具,組合遊具,搖搖樂,組合遊具-1,攀爬組,鞦韆,大港墘公園-沙坑,大港墘公園-磨石滑梯,大港墘公園-魔力飛盤鞦韆,大港墘公園-管型山丘,攀爬組,翹翹板,遊戲體能組,搖搖樂,組合遊具,搖搖樂,組合遊具,搖搖樂,組合遊具,搖搖樂,組合遊具,組合遊具,磨石滑梯,組合遊具,搖搖樂,組合遊具,搖搖樂,組合遊具,翹翹板,搖搖樂,搖搖樂,組合遊具,搖搖樂,組合遊具,搖搖樂,組合遊具,彈跳床,戲沙坑,攀爬組,磨石滑梯,組合遊具,鞦韆,搖搖樂,組合遊具,磨石滑梯,搖搖樂,磨石滑梯,鞦韆,組合遊具,鞦韆,戲沙坑,擺盪船索,組合遊具,搖搖樂,組合遊具,組合遊具,組合遊具,組合遊具,搖搖樂,組合遊具,戲沙坑,旋轉台,組合遊具,鞦韆,組合遊具,組合遊具,磨石滑梯,鞦韆,搖搖樂,組合遊具,攀爬架,搖搖樂,組合遊具,搖搖樂,搖搖樂,組合遊具,組合遊具,磨石滑梯,翹翹板,攀爬架,戲沙坑,船型遊具組,鞦韆,組合遊具,天旋地轉,組合遊具,組合遊具,搖搖樂,大轉轉杯,組合遊具,平衡木,搖搖樂,磨石滑梯,翹翹板,鞦韆,溜滑梯組合遊具,搖搖樂,翹翹板,木製攀爬架,搖搖樂,磨石滑梯,組合遊具,翹翹板,鞦韆,組合遊具,搖搖樂,組合遊具,組合遊具,組合遊具,擺盪螺旋跳跳樂,搖搖樂,攀爬組,磨石滑梯,鞦韆,組合遊具,鞦韆,組合遊具,搖搖樂,組合遊具,鞦韆,旋轉台,滾輪滑梯,組合遊具,翹翹板,遊戲板,搖搖樂,組合遊具,攀爬組,旋轉棒,磨石滑梯,搖搖樂,鞦韆,MONKEY BAR,宇宙穿梭機,時空訊息牆,景化小飛碟,黃金光束坡,搖搖樂,組合遊具,拉鍊響板,搖擺沙鈴,獅吼鼻頭,獅背攀爬網,獅眼滾珠迷宮,鈕扣獅,組合遊具,組合遊具,搖搖樂,組合遊具,搖搖樂,組合遊具,搖搖樂,組合遊具,鞦韆,翹翹板,組合遊具,搖搖樂,搖搖樂,組合遊具,組合遊具,戲沙坑,組合遊具,滑索(軌),鞦韆,搖搖馬,組合遊具,組合遊具,組合遊具,攀爬組,組合遊具,組合遊具,組合遊具,組合遊具,翹翹板,組合遊具, 磨石滑梯,組合遊具,攀爬組,磨石滑梯,搖搖樂,組合遊具,組合遊具,搖搖樂,戲沙坑,攀爬組,組合遊具,攀爬組,磨石滑梯,鞦韆,組合遊具,組合遊具,搖搖樂,磨石滑梯", "ObjectId": 493}}, {"type": "Feature", "id": 494, "geometry": {"type": "Point", "coordinates": [121.54589081, 25.049900055]}, "properties": {"SeqNo": 346, "pm_name": "敦中公園", "pm_overview": "本公園有三大活動區(活動廣場、廟埕廣場、兒童遊戲場)，園路以減法美學還原公園本貌外，亦考量無障礙之相關規定設計，園路下方更是採用雨撲滿之方式收集雨水，並用以本公園植物澆灌。", "pm_unit": "松山區公所", "pm_const_year": "1981", "pm_location": "敦化北路4巷31號邊", "pm_LandPublicArea": 2421, "pm_opening_s": "00:00:00", "pm_opening_e": "24:00", "pm_libie": "中正里", "pm_phone": "02-87878787#881", "pm_sports": "腹肌板、肩關節康復器、單槓、伸腰伸背器", "pm_recreation": "組合遊具、搖搖馬", "pm_service": "涼亭、直飲台", "pm_other": null, "pm_transit": "捷運路線：搭松山新店線至南京復興站5號出口後步行抵達，搭52、202、203至臺安醫院站下車，再步行抵達", "pm_name_eng": "Dunzhong Park", "pm_ecology": null, "pm_type": "公園", "pm_playtype": "一般", "pm_playarea": 260.77, "pm_description": null, "pm_playeq": "彈跳床,搖滾盤,攀爬組,磨石滑梯,搖搖樂,翹翹板,搖搖樂,組合遊具,搖搖樂,組合遊具,鞦韆,攀爬組,磨石滑梯,翹翹板,組合遊具,翹翹板,木樁區,盪鞦韆,平衡木,彈跳床,搖搖樂,組合遊具,翹翹板,旋轉台,戲沙坑遊戲桌,搖搖樂,攀爬組,旋轉飛輪,組合遊具,翹翹板,磨石滑梯,攀爬組,磨石子滑梯,翹翹板,彈跳床,鳥巢鞦韆,戲沙坑,攀爬組,組合遊具,攀爬組,站立式搖動設備,組合遊具,翹翹板,小石搬運,搖搖馬,組合遊具,數字造型跳樁及水管隧道,搖滾盤,X型翹翹板,組合遊具,搖搖樂,組合遊具,旋轉桶椅,大旋轉組,組合遊具,搖搖樂,磨石滑梯,鳥巢鞦韆,旋轉桶椅,組合遊具,組合遊具,組合遊具,搖搖馬,組合遊具,翹翹板,搖搖樂,組合遊具,組合遊具,磨石滑梯,鞦韆及鳥巢鞦韆,彈跳床,攀爬組,木隧道,組合遊具,仿古代程沈船遊具,攀爬繩網組,攀爬組,鳥巢鞦韆,輪胎鞦韆,尿布鞦韆,沙坑,磨石子滑梯,旋轉台,彈跳床,雙滑軌溜索,搖搖馬,翹翹板,組合遊具,搖搖馬,組合遊具,攀爬組,組合遊具,組合遊具,攀爬組,搖搖馬,磨石子滑梯,旋轉杯,組合遊具,組合遊具,組合遊具,大轉轉杯,搖搖樂,組合遊具,翹翹板,滑梯,彈跳床,戲沙坑,擺盪船索,攀爬組,旋轉組,磨石滑梯,組合遊具,特色溜滑梯,攀爬組,旋轉棒,叢林攀爬組,4人旋轉器,搖搖樂,磨石滑梯,翹翹板,搖搖樂,組合遊具,組合遊具,組合遊具,爬繩,組合遊具(叢林攀爬組),獨木橋,組合遊具,遊戲板,組合遊具,攀爬組,盪鞦韆,搖搖樂,組合遊具,組合遊具,旋轉盤,鞦韆,攀爬組,旋轉盤,搖搖樂,組合遊具,特色溜滑梯,攀爬組,跳樁,鞦韆,搖搖馬,組合遊具,蹺蹺板,組合遊具,搖搖樂,組合遊具,組合遊具2,翹翹板及搖搖馬,組合遊具,天空樹溜滑梯,戲沙坑,搖搖樂,旋轉拉環,組合遊具, X型翹翹板,鞦韆,攀爬組,搖搖樂,組合遊具(村莊高塔),鞦韆,攀爬遊戲組,彈跳床,投籃機,擺盪船索,攀爬組,旋轉台,組合遊具,組合遊具,旋轉陀螺,旋轉台,組合遊具,攀爬組,搖搖樂,翹翹板,磨石滑梯,搖搖樂,跳樁,搖搖樂,攀爬組,組合遊具(滑梯小屋),旋轉盤,組合遊具,鳥巢盪鞦韆及一般坐式盪鞦韆,蝴蝶翹翹板,特色旋轉盤,金字塔滑梯組,機車搖搖樂,遊戲板,造型攀爬牆,攀爬網,組合遊具(環繞競技場遊具組),鞦韆,體能訓練平衡組,礫石坑,獨木樁,蜻蜓點水,木橋,平衡木,平衡木,跳樁,遊戲板,隧道,組合遊具(叢林攀爬組),搖晃板,組合遊具,遊戲板,隧道,組合遊具(遊戲城堡),旋轉座椅,競技攀爬遊具組,龍舟特色遊具組,滑梯,擊鼓,搖搖樂,組合遊具,翹翹板,組合遊具,翹翹板,木作組合遊具,搖搖樂,城堡遊戲組,大轉轉杯,搖搖樂,磨石滑梯,攀爬組,鞦韆,搖搖樂,組合遊具,組合遊具,搖滾盤,旋轉球椅,愛的搖籃,組合遊具,搖搖樂,旋轉杯,翹翹板,組合遊具,搖搖樂,組合遊具,搖搖樂,組合遊具,搖搖樂,組合遊具,攀爬組,搖搖樂,組合遊具,搖搖樂,組合遊具,組合遊具,彩虹琴,旋轉音樂盒,遊戲礫石坑,彈跳節拍,搖搖樂,組合遊具,翹翹板,組合遊具,組合遊具,搖搖樂,組合遊具,組合遊具,搖搖樂,組合遊具,攀爬組合滑梯,搖搖樂,組合遊具,組合遊具,翹翹板,組合遊具,搖搖樂,組合遊具,翹翹板,組合遊具,搖搖樂,翹翹板,旋轉杯,旋轉棒,搖搖樂,磨石滑梯,組合遊具,搖搖樂,攀爬組,旋轉台,磨石滑梯,組合遊具,跳樁,組合遊具,組合遊具,組合遊具,音樂球、叮噹管、歡樂鼓,無障礙旋轉盤,無障礙鞦韆,遊戲牆,滾輪滑梯,鳥巢鞦韆,旋轉杯,旋轉棒,鞦韆,小木屋,山丘滑梯,戲沙坑,搖搖樂,攀爬組,5人轉轉盤,彈跳床,戲沙坑,組合遊具,旋轉台,旋轉杯,旋轉棒, 磨石滑梯,翹翹板,遊戲板,鞦韆,組合遊具,攀爬組,磨石滑梯,磨石滑梯,組合遊具,火車特色滑梯,鞦韆,樹蛙籃球框,組合遊具,組合遊具,組合遊具,翹翹板,組合遊具,組合遊具,組合遊具,組合遊具,組合遊具,沙坑遊戲板,環型天梯無障礙上肢設施,旋轉杯,戲沙坑,攀爬組,磨石滑梯,跳樁,遊戲板,組合遊具,磨石滑梯,組合遊具,搖搖樂,組合遊具,組合遊具,組合遊具,磨石滑梯,翹翹板,搖搖樂,組合遊具,搖搖樂,組合遊具,組合遊具,搖搖樂,組合遊具-1,攀爬組,鞦韆,大港墘公園-沙坑,大港墘公園-磨石滑梯,大港墘公園-魔力飛盤鞦韆,大港墘公園-管型山丘,攀爬組,翹翹板,遊戲體能組,搖搖樂,組合遊具,搖搖樂,組合遊具,搖搖樂,組合遊具,搖搖樂,組合遊具,組合遊具,磨石滑梯,組合遊具,搖搖樂,組合遊具,搖搖樂,組合遊具,翹翹板,搖搖樂,搖搖樂,組合遊具,搖搖樂,組合遊具,搖搖樂,組合遊具,彈跳床,戲沙坑,攀爬組,磨石滑梯,組合遊具,鞦韆,搖搖樂,組合遊具,磨石滑梯,搖搖樂,磨石滑梯,鞦韆,組合遊具,鞦韆,戲沙坑,擺盪船索,組合遊具,搖搖樂,組合遊具,組合遊具,組合遊具,組合遊具,搖搖樂,組合遊具,戲沙坑,旋轉台,組合遊具,鞦韆,組合遊具,組合遊具,磨石滑梯,鞦韆,搖搖樂,組合遊具,攀爬架,搖搖樂,組合遊具,搖搖樂,搖搖樂,組合遊具,組合遊具,磨石滑梯,翹翹板,攀爬架,戲沙坑,船型遊具組,鞦韆,組合遊具,天旋地轉,組合遊具,組合遊具,搖搖樂,大轉轉杯,組合遊具,平衡木,搖搖樂,磨石滑梯,翹翹板,鞦韆,溜滑梯組合遊具,搖搖樂,翹翹板,木製攀爬架,搖搖樂,磨石滑梯,組合遊具,翹翹板,鞦韆,組合遊具,搖搖樂,組合遊具,組合遊具,組合遊具,擺盪螺旋跳跳樂,搖搖樂,攀爬組,磨石滑梯,鞦韆,組合遊具,鞦韆,組合遊具,搖搖樂,組合遊具,鞦韆,旋轉台,滾輪滑梯,組合遊具,翹翹板,遊戲板,搖搖樂,組合遊具,攀爬組,旋轉棒,磨石滑梯,搖搖樂,鞦韆,MONKEY BAR,宇宙穿梭機,時空訊息牆,景化小飛碟,黃金光束坡,搖搖樂,組合遊具,拉鍊響板,搖擺沙鈴,獅吼鼻頭,獅背攀爬網,獅眼滾珠迷宮,鈕扣獅,組合遊具,組合遊具,搖搖樂,組合遊具,搖搖樂,組合遊具,搖搖樂,組合遊具,鞦韆,翹翹板,組合遊具,搖搖樂,搖搖樂,組合遊具,組合遊具,戲沙坑,組合遊具,滑索(軌),鞦韆,搖搖馬,組合遊具,組合遊具,組合遊具,攀爬組,組合遊具,組合遊具,組合遊具,組合遊具,翹翹板,組合遊具, 磨石滑梯,組合遊具,攀爬組,磨石滑梯,搖搖樂,組合遊具,組合遊具,搖搖樂,戲沙坑,攀爬組,組合遊具,攀爬組,磨石滑梯,鞦韆,組合遊具,組合遊具,搖搖樂,磨石滑梯,組合遊具,搖搖樂,鞦韆", "ObjectId": 494}}, {"type": "Feature", "id": 495, "geometry": {"type": "Point", "coordinates": [121.5504837, 25.046409607]}, "properties": {"SeqNo": 253, "pm_name": "敦化公園", "pm_overview": "        敦化公園內植栽種類相當繁多，其中又以茄苳為主要喬木。園內遊戲設施相當齊全，是小朋友嬉戲的好地方，另有大型涼亭，供里民休憩聊天之用。", "pm_unit": "松山區公所", "pm_const_year": "1973", "pm_location": "八德路三段12巷52弄2之1號邊", "pm_LandPublicArea": 1728, "pm_opening_s": "00:00:00", "pm_opening_e": "24:00", "pm_libie": "敦化里", "pm_phone": "02-87878787#881", "pm_sports": "大轉輪、雙人扭腰器、單槓、整脊壓背、雙人太空漫步機、腹肌板、肩關節康復器、伸腰伸背器", "pm_recreation": "組合遊具、翹翹板", "pm_service": "涼亭、直飲台", "pm_other": null, "pm_transit": "捷運路線：搭松山新店線至臺北小巨蛋2號出口後步行抵達，公車路線：搭0東、33、52至市民大道口下車，再步行抵達", "pm_name_eng": "Dunhua Park", "pm_ecology": null, "pm_type": "公園", "pm_playtype": "共融", "pm_playarea": 231.32, "pm_description": "敦化公園遊具設施包含有「森林塔塔屋」、「旋轉椅」、「翹翹板」等，雖然設施數量少，但遊具兼具攀爬探索、旋轉、飛躍等不同功能，提供孩童不同的遊戲體驗。", "pm_playeq": "彈跳床,搖滾盤,攀爬組,磨石滑梯,搖搖樂,翹翹板,搖搖樂,組合遊具,搖搖樂,組合遊具,鞦韆,攀爬組,磨石滑梯,翹翹板,組合遊具,翹翹板,木樁區,盪鞦韆,平衡木,彈跳床,搖搖樂,組合遊具,翹翹板,旋轉台,戲沙坑遊戲桌,搖搖樂,攀爬組,旋轉飛輪,組合遊具,翹翹板,磨石滑梯,攀爬組,磨石子滑梯,翹翹板,彈跳床,鳥巢鞦韆,戲沙坑,攀爬組,組合遊具,攀爬組,站立式搖動設備,組合遊具,翹翹板,小石搬運,搖搖馬,組合遊具,數字造型跳樁及水管隧道,搖滾盤,X型翹翹板,組合遊具,搖搖樂,組合遊具,旋轉桶椅,大旋轉組,組合遊具,搖搖樂,磨石滑梯,鳥巢鞦韆,旋轉桶椅,組合遊具,組合遊具,組合遊具,搖搖馬,組合遊具,翹翹板,搖搖樂,組合遊具,組合遊具,磨石滑梯,鞦韆及鳥巢鞦韆,彈跳床,攀爬組,木隧道,組合遊具,仿古代程沈船遊具,攀爬繩網組,攀爬組,鳥巢鞦韆,輪胎鞦韆,尿布鞦韆,沙坑,磨石子滑梯,旋轉台,彈跳床,雙滑軌溜索,搖搖馬,翹翹板,組合遊具,搖搖馬,組合遊具,攀爬組,組合遊具,組合遊具,攀爬組,搖搖馬,磨石子滑梯,旋轉杯,組合遊具,組合遊具,組合遊具,大轉轉杯,搖搖樂,組合遊具,翹翹板,滑梯,彈跳床,戲沙坑,擺盪船索,攀爬組,旋轉組,磨石滑梯,組合遊具,特色溜滑梯,攀爬組,旋轉棒,叢林攀爬組,4人旋轉器,搖搖樂,磨石滑梯,翹翹板,搖搖樂,組合遊具,組合遊具,組合遊具,爬繩,組合遊具(叢林攀爬組),獨木橋,組合遊具,遊戲板,組合遊具,攀爬組,盪鞦韆,搖搖樂,組合遊具,組合遊具,旋轉盤,鞦韆,攀爬組,旋轉盤,搖搖樂,組合遊具,特色溜滑梯,攀爬組,跳樁,鞦韆,搖搖馬,組合遊具,蹺蹺板,組合遊具,搖搖樂,組合遊具,組合遊具2,翹翹板及搖搖馬,組合遊具,天空樹溜滑梯,戲沙坑,搖搖樂,旋轉拉環,組合遊具, X型翹翹板,鞦韆,攀爬組,搖搖樂,組合遊具(村莊高塔),鞦韆,攀爬遊戲組,彈跳床,投籃機,擺盪船索,攀爬組,旋轉台,組合遊具,組合遊具,旋轉陀螺,旋轉台,組合遊具,攀爬組,搖搖樂,翹翹板,磨石滑梯,搖搖樂,跳樁,搖搖樂,攀爬組,組合遊具(滑梯小屋),旋轉盤,組合遊具,鳥巢盪鞦韆及一般坐式盪鞦韆,蝴蝶翹翹板,特色旋轉盤,金字塔滑梯組,機車搖搖樂,遊戲板,造型攀爬牆,攀爬網,組合遊具(環繞競技場遊具組),鞦韆,體能訓練平衡組,礫石坑,獨木樁,蜻蜓點水,木橋,平衡木,平衡木,跳樁,遊戲板,隧道,組合遊具(叢林攀爬組),搖晃板,組合遊具,遊戲板,隧道,組合遊具(遊戲城堡),旋轉座椅,競技攀爬遊具組,龍舟特色遊具組,滑梯,擊鼓,搖搖樂,組合遊具,翹翹板,組合遊具,翹翹板,木作組合遊具,搖搖樂,城堡遊戲組,大轉轉杯,搖搖樂,磨石滑梯,攀爬組,鞦韆,搖搖樂,組合遊具,組合遊具,搖滾盤,旋轉球椅,愛的搖籃,組合遊具,搖搖樂,旋轉杯,翹翹板,組合遊具,搖搖樂,組合遊具,搖搖樂,組合遊具,搖搖樂,組合遊具,攀爬組,搖搖樂,組合遊具,搖搖樂,組合遊具,組合遊具,彩虹琴,旋轉音樂盒,遊戲礫石坑,彈跳節拍,搖搖樂,組合遊具,翹翹板,組合遊具,組合遊具,搖搖樂,組合遊具,組合遊具,搖搖樂,組合遊具,攀爬組合滑梯,搖搖樂,組合遊具,組合遊具,翹翹板,組合遊具,搖搖樂,組合遊具,翹翹板,組合遊具,搖搖樂,翹翹板,旋轉杯,旋轉棒,搖搖樂,磨石滑梯,組合遊具,搖搖樂,攀爬組,旋轉台,磨石滑梯,組合遊具,跳樁,組合遊具,組合遊具,組合遊具,音樂球、叮噹管、歡樂鼓,無障礙旋轉盤,無障礙鞦韆,遊戲牆,滾輪滑梯,鳥巢鞦韆,旋轉杯,旋轉棒,鞦韆,小木屋,山丘滑梯,戲沙坑,搖搖樂,攀爬組,5人轉轉盤,彈跳床,戲沙坑,組合遊具,旋轉台,旋轉杯,旋轉棒, 磨石滑梯,翹翹板,遊戲板,鞦韆,組合遊具,攀爬組,磨石滑梯,磨石滑梯,組合遊具,火車特色滑梯,鞦韆,樹蛙籃球框,組合遊具,組合遊具,組合遊具,翹翹板,組合遊具,組合遊具,組合遊具,組合遊具,組合遊具,沙坑遊戲板,環型天梯無障礙上肢設施,旋轉杯,戲沙坑,攀爬組,磨石滑梯,跳樁,遊戲板,組合遊具,磨石滑梯,組合遊具,搖搖樂,組合遊具,組合遊具,組合遊具,磨石滑梯,翹翹板,搖搖樂,組合遊具,搖搖樂,組合遊具,組合遊具,搖搖樂,組合遊具-1,攀爬組,鞦韆,大港墘公園-沙坑,大港墘公園-磨石滑梯,大港墘公園-魔力飛盤鞦韆,大港墘公園-管型山丘,攀爬組,翹翹板,遊戲體能組,搖搖樂,組合遊具,搖搖樂,組合遊具,搖搖樂,組合遊具,搖搖樂,組合遊具,組合遊具,磨石滑梯,組合遊具,搖搖樂,組合遊具,搖搖樂,組合遊具,翹翹板,搖搖樂,搖搖樂,組合遊具,搖搖樂,組合遊具,搖搖樂,組合遊具,彈跳床,戲沙坑,攀爬組,磨石滑梯,組合遊具,鞦韆,搖搖樂,組合遊具,磨石滑梯,搖搖樂,磨石滑梯,鞦韆,組合遊具,鞦韆,戲沙坑,擺盪船索,組合遊具,搖搖樂,組合遊具,組合遊具,組合遊具,組合遊具,搖搖樂,組合遊具,戲沙坑,旋轉台,組合遊具,鞦韆,組合遊具,組合遊具,磨石滑梯,鞦韆,搖搖樂,組合遊具,攀爬架,搖搖樂,組合遊具,搖搖樂,搖搖樂,組合遊具,組合遊具,磨石滑梯,翹翹板,攀爬架,戲沙坑,船型遊具組,鞦韆,組合遊具,天旋地轉,組合遊具,組合遊具,搖搖樂,大轉轉杯,組合遊具,平衡木,搖搖樂,磨石滑梯,翹翹板,鞦韆,溜滑梯組合遊具,搖搖樂,翹翹板,木製攀爬架,搖搖樂,磨石滑梯,組合遊具,翹翹板,鞦韆,組合遊具,搖搖樂,組合遊具,組合遊具,組合遊具,擺盪螺旋跳跳樂,搖搖樂,攀爬組,磨石滑梯,鞦韆,組合遊具,鞦韆,組合遊具,搖搖樂,組合遊具,鞦韆,旋轉台,滾輪滑梯,組合遊具,翹翹板,遊戲板,搖搖樂,組合遊具,攀爬組,旋轉棒,磨石滑梯,搖搖樂,鞦韆,MONKEY BAR,宇宙穿梭機,時空訊息牆,景化小飛碟,黃金光束坡,搖搖樂,組合遊具,拉鍊響板,搖擺沙鈴,獅吼鼻頭,獅背攀爬網,獅眼滾珠迷宮,鈕扣獅,組合遊具,組合遊具,搖搖樂,組合遊具,搖搖樂,組合遊具,搖搖樂,組合遊具,鞦韆,翹翹板,組合遊具,搖搖樂,搖搖樂,組合遊具,組合遊具,戲沙坑,組合遊具,滑索(軌),鞦韆,搖搖馬,組合遊具,組合遊具,組合遊具,攀爬組,組合遊具,組合遊具,組合遊具,組合遊具,翹翹板,組合遊具, 磨石滑梯,組合遊具,攀爬組,磨石滑梯,搖搖樂,組合遊具,組合遊具,搖搖樂,戲沙坑,攀爬組,組合遊具,攀爬組,磨石滑梯,鞦韆,組合遊具,組合遊具,搖搖樂,磨石滑梯,組合遊具,搖搖樂,鞦韆,旋轉杯,組合遊具,翹翹板", "ObjectId": 495}}, {"type": "Feature", "id": 499, "geometry": {"type": "Point", "coordinates": [121.55487061, 25.050350189]}, "properties": {"SeqNo": 444, "pm_name": "寧安公園", "pm_overview": "寧安公園有著壯碩的榕樹群、樟樹以及垂榕，是地方上的避暑勝地，且因緊鄰育達商職，有許多學生前往聊天談心，為極具人氣的公園。", "pm_unit": "松山區公所", "pm_const_year": "1986", "pm_location": "寧安街50巷、育達商職第二校區前", "pm_LandPublicArea": 2856, "pm_opening_s": "00:00:00", "pm_opening_e": "24:00", "pm_libie": "復勢里", "pm_phone": "02-87878787#881", "pm_sports": "划船器、雙人臥推器、單槓、單人漫步器、", "pm_recreation": "組合遊具", "pm_service": "涼亭、直飲台、籃球場(全場)", "pm_other": null, "pm_transit": "捷運路線：搭松山新店線至臺北小巨蛋站4號出口後步行抵達，公車路線：搭46、248、277至南京寧安街口下車，再步行抵達", "pm_name_eng": "Ningan Park", "pm_ecology": null, "pm_type": "公園", "pm_playtype": "一般", "pm_playarea": 150.5, "pm_description": null, "pm_playeq": "彈跳床,搖滾盤,攀爬組,磨石滑梯,搖搖樂,翹翹板,搖搖樂,組合遊具,搖搖樂,組合遊具,鞦韆,攀爬組,磨石滑梯,翹翹板,組合遊具,翹翹板,木樁區,盪鞦韆,平衡木,彈跳床,搖搖樂,組合遊具,翹翹板,旋轉台,戲沙坑遊戲桌,搖搖樂,攀爬組,旋轉飛輪,組合遊具,翹翹板,磨石滑梯,攀爬組,磨石子滑梯,翹翹板,彈跳床,鳥巢鞦韆,戲沙坑,攀爬組,組合遊具,攀爬組,站立式搖動設備,組合遊具,翹翹板,小石搬運,搖搖馬,組合遊具,數字造型跳樁及水管隧道,搖滾盤,X型翹翹板,組合遊具,搖搖樂,組合遊具,旋轉桶椅,大旋轉組,組合遊具,搖搖樂,磨石滑梯,鳥巢鞦韆,旋轉桶椅,組合遊具,組合遊具,組合遊具,搖搖馬,組合遊具,翹翹板,搖搖樂,組合遊具,組合遊具,磨石滑梯,鞦韆及鳥巢鞦韆,彈跳床,攀爬組,木隧道,組合遊具,仿古代程沈船遊具,攀爬繩網組,攀爬組,鳥巢鞦韆,輪胎鞦韆,尿布鞦韆,沙坑,磨石子滑梯,旋轉台,彈跳床,雙滑軌溜索,搖搖馬,翹翹板,組合遊具,搖搖馬,組合遊具,攀爬組,組合遊具,組合遊具,攀爬組,搖搖馬,磨石子滑梯,旋轉杯,組合遊具,組合遊具,組合遊具,大轉轉杯,搖搖樂,組合遊具,翹翹板,滑梯,彈跳床,戲沙坑,擺盪船索,攀爬組,旋轉組,磨石滑梯,組合遊具,特色溜滑梯,攀爬組,旋轉棒,叢林攀爬組,4人旋轉器,搖搖樂,磨石滑梯,翹翹板,搖搖樂,組合遊具,組合遊具,組合遊具,爬繩,組合遊具(叢林攀爬組),獨木橋,組合遊具,遊戲板,組合遊具,攀爬組,盪鞦韆,搖搖樂,組合遊具,組合遊具,旋轉盤,鞦韆,攀爬組,旋轉盤,搖搖樂,組合遊具,特色溜滑梯,攀爬組,跳樁,鞦韆,搖搖馬,組合遊具,蹺蹺板,組合遊具,搖搖樂,組合遊具,組合遊具2,翹翹板及搖搖馬,組合遊具,天空樹溜滑梯,戲沙坑,搖搖樂,旋轉拉環,組合遊具, X型翹翹板,鞦韆,攀爬組,搖搖樂,組合遊具(村莊高塔),鞦韆,攀爬遊戲組,彈跳床,投籃機,擺盪船索,攀爬組,旋轉台,組合遊具,組合遊具,旋轉陀螺,旋轉台,組合遊具,攀爬組,搖搖樂,翹翹板,磨石滑梯,搖搖樂,跳樁,搖搖樂,攀爬組,組合遊具(滑梯小屋),旋轉盤,組合遊具,鳥巢盪鞦韆及一般坐式盪鞦韆,蝴蝶翹翹板,特色旋轉盤,金字塔滑梯組,機車搖搖樂,遊戲板,造型攀爬牆,攀爬網,組合遊具(環繞競技場遊具組),鞦韆,體能訓練平衡組,礫石坑,獨木樁,蜻蜓點水,木橋,平衡木,平衡木,跳樁,遊戲板,隧道,組合遊具(叢林攀爬組),搖晃板,組合遊具,遊戲板,隧道,組合遊具(遊戲城堡),旋轉座椅,競技攀爬遊具組,龍舟特色遊具組,滑梯,擊鼓,搖搖樂,組合遊具,翹翹板,組合遊具,翹翹板,木作組合遊具,搖搖樂,城堡遊戲組,大轉轉杯,搖搖樂,磨石滑梯,攀爬組,鞦韆,搖搖樂,組合遊具,組合遊具,搖滾盤,旋轉球椅,愛的搖籃,組合遊具,搖搖樂,旋轉杯,翹翹板,組合遊具,搖搖樂,組合遊具,搖搖樂,組合遊具,搖搖樂,組合遊具,攀爬組,搖搖樂,組合遊具,搖搖樂,組合遊具,組合遊具,彩虹琴,旋轉音樂盒,遊戲礫石坑,彈跳節拍,搖搖樂,組合遊具,翹翹板,組合遊具,組合遊具,搖搖樂,組合遊具,組合遊具,搖搖樂,組合遊具,攀爬組合滑梯,搖搖樂,組合遊具,組合遊具,翹翹板,組合遊具,搖搖樂,組合遊具,翹翹板,組合遊具,搖搖樂,翹翹板,旋轉杯,旋轉棒,搖搖樂,磨石滑梯,組合遊具,搖搖樂,攀爬組,旋轉台,磨石滑梯,組合遊具,跳樁,組合遊具,組合遊具,組合遊具,音樂球、叮噹管、歡樂鼓,無障礙旋轉盤,無障礙鞦韆,遊戲牆,滾輪滑梯,鳥巢鞦韆,旋轉杯,旋轉棒,鞦韆,小木屋,山丘滑梯,戲沙坑,搖搖樂,攀爬組,5人轉轉盤,彈跳床,戲沙坑,組合遊具,旋轉台,旋轉杯,旋轉棒, 磨石滑梯,翹翹板,遊戲板,鞦韆,組合遊具,攀爬組,磨石滑梯,磨石滑梯,組合遊具,火車特色滑梯,鞦韆,樹蛙籃球框,組合遊具,組合遊具,組合遊具,翹翹板,組合遊具,組合遊具,組合遊具,組合遊具,組合遊具,沙坑遊戲板,環型天梯無障礙上肢設施,旋轉杯,戲沙坑,攀爬組,磨石滑梯,跳樁,遊戲板,組合遊具,磨石滑梯,組合遊具,搖搖樂,組合遊具,組合遊具,組合遊具,磨石滑梯,翹翹板,搖搖樂,組合遊具,搖搖樂,組合遊具,組合遊具,搖搖樂,組合遊具-1,攀爬組,鞦韆,大港墘公園-沙坑,大港墘公園-磨石滑梯,大港墘公園-魔力飛盤鞦韆,大港墘公園-管型山丘,攀爬組,翹翹板,遊戲體能組,搖搖樂,組合遊具,搖搖樂,組合遊具,搖搖樂,組合遊具,搖搖樂,組合遊具,組合遊具,磨石滑梯,組合遊具,搖搖樂,組合遊具,搖搖樂,組合遊具,翹翹板,搖搖樂,搖搖樂,組合遊具,搖搖樂,組合遊具,搖搖樂,組合遊具,彈跳床,戲沙坑,攀爬組,磨石滑梯,組合遊具,鞦韆,搖搖樂,組合遊具,磨石滑梯,搖搖樂,磨石滑梯,鞦韆,組合遊具,鞦韆,戲沙坑,擺盪船索,組合遊具,搖搖樂,組合遊具,組合遊具,組合遊具,組合遊具,搖搖樂,組合遊具,戲沙坑,旋轉台,組合遊具,鞦韆,組合遊具,組合遊具,磨石滑梯,鞦韆,搖搖樂,組合遊具,攀爬架,搖搖樂,組合遊具,搖搖樂,搖搖樂,組合遊具,組合遊具,磨石滑梯,翹翹板,攀爬架,戲沙坑,船型遊具組,鞦韆,組合遊具,天旋地轉,組合遊具,組合遊具,搖搖樂,大轉轉杯,組合遊具,平衡木,搖搖樂,磨石滑梯,翹翹板,鞦韆,溜滑梯組合遊具,搖搖樂,翹翹板,木製攀爬架,搖搖樂,磨石滑梯,組合遊具,翹翹板,鞦韆,組合遊具,搖搖樂,組合遊具,組合遊具,組合遊具,擺盪螺旋跳跳樂,搖搖樂,攀爬組,磨石滑梯,鞦韆,組合遊具,鞦韆,組合遊具,搖搖樂,組合遊具,鞦韆,旋轉台,滾輪滑梯,組合遊具,翹翹板,遊戲板,搖搖樂,組合遊具,攀爬組,旋轉棒,磨石滑梯,搖搖樂,鞦韆,MONKEY BAR,宇宙穿梭機,時空訊息牆,景化小飛碟,黃金光束坡,搖搖樂,組合遊具,拉鍊響板,搖擺沙鈴,獅吼鼻頭,獅背攀爬網,獅眼滾珠迷宮,鈕扣獅,組合遊具,組合遊具,搖搖樂,組合遊具,搖搖樂,組合遊具,搖搖樂,組合遊具,鞦韆,翹翹板,組合遊具,搖搖樂,搖搖樂,組合遊具,組合遊具,戲沙坑,組合遊具,滑索(軌),鞦韆,搖搖馬,組合遊具,組合遊具,組合遊具,攀爬組,組合遊具,組合遊具,組合遊具,組合遊具,翹翹板,組合遊具, 磨石滑梯,組合遊具,攀爬組,磨石滑梯,搖搖樂,組合遊具,組合遊具,搖搖樂,戲沙坑,攀爬組,組合遊具,攀爬組,磨石滑梯,鞦韆,組合遊具,組合遊具,搖搖樂,磨石滑梯,組合遊具,搖搖樂,鞦韆,旋轉杯,組合遊具,翹翹板,組合遊具,搖搖樂,組合遊具,組合遊具", "ObjectId": 499}}, {"type": "Feature", "id": 500, "geometry": {"type": "Point", "coordinates": [121.55284882, 25.056390762]}, "properties": {"SeqNo": 389, "pm_name": "精忠2號公園", "pm_overview": "        公園位於民生國小操場左邊，面敦化北路199巷，後方為敦化北路199巷6弄，左方為民生東路四段80巷，鄰近延壽3號公園，此公園為早期眷村花圃，面積總計700平方公尺，民國62年開闢為公園。\r\n        公園由3塊梯型綠地所組成，公園內保留著早期眷村花圃樣貌，植栽種類包含了，金露花、大花仙丹、金桔、朱蕉、扶桑、樹蘭、梔子花、虎尾蘭、芒果、南洋杉、鵝掌藤、黃金葛、六月雪。假日走在公園旁的人行道上，更能感受居家花園的芬圍。", "pm_unit": "松山區公所", "pm_const_year": "1973", "pm_location": "民生東路四段80巷旁", "pm_LandPublicArea": 700, "pm_opening_s": "00:00:00", "pm_opening_e": "24:00", "pm_libie": "精忠里", "pm_phone": "02-87878787#881", "pm_sports": null, "pm_recreation": null, "pm_service": null, "pm_other": null, "pm_transit": "捷運路線：搭松山新店線至臺北小巨蛋站5號出口後步行抵達，公車路線：搭12、63、225至公教住宅站下車，再步行抵達", "pm_name_eng": "Jingzhong Park No.2", "pm_ecology": null, "pm_type": "公園", "pm_playtype": null, "pm_playarea": null, "pm_description": null, "pm_playeq": null, "ObjectId": 500}}, {"type": "Feature", "id": 501, "geometry": {"type": "Point", "coordinates": [121.5521698, 25.059339523]}, "properties": {"SeqNo": 694, "pm_name": "精忠公園", "pm_overview": "        精忠公園坐落於幽靜的民生社區一隅，公園一端榕樹成蔭，樹木茂密、綠蔭盎然，另步道兩側栽植有時節花卉，隱約透露著樸素之外尚有那分典雅氣質。", "pm_unit": "松山區公所", "pm_const_year": "1971", "pm_location": "民生東路四段97巷6弄2號旁", "pm_LandPublicArea": 720, "pm_opening_s": "00:00:00", "pm_opening_e": "24:00", "pm_libie": "精忠里", "pm_phone": "02-87878787#881", "pm_sports": "伸腰伸背器", "pm_recreation": null, "pm_service": "涼亭", "pm_other": null, "pm_transit": "公車路線：搭12、63、225至公教住宅站下車，再步行抵達", "pm_name_eng": "Jingzhong Park", "pm_ecology": null, "pm_type": "公園", "pm_playtype": null, "pm_playarea": null, "pm_description": null, "pm_playeq": null, "ObjectId": 501}}, {"type": "Feature", "id": 502, "geometry": {"type": "Point", "coordinates": [121.54638672, 25.05327034]}, "properties": {"SeqNo": 462, "pm_name": "慶城公園 A", "pm_overview": "為具有土坡的公園，透過局部的造景與極具花樣的連鎖地磚鋪設，讓園內充滿美感，徜徉於其中，令人流連忘返。", "pm_unit": "松山區公所", "pm_const_year": "1985", "pm_location": "慶城街16巷、南京東路3段303巷", "pm_LandPublicArea": 5390, "pm_opening_s": "00:00:00", "pm_opening_e": "24:00", "pm_libie": "中正里", "pm_phone": "02-87878787#881", "pm_sports": "肩關節康復器、雙人扭腰器、單槓、腹肌板、滑雪器、雙人太空漫步機、腰背按摩器", "pm_recreation": "組合遊具、鞦韃、搖搖馬、翹翹板", "pm_service": "涼亭、直飲台", "pm_other": null, "pm_transit": "捷運路線：搭松山新店線至南京復興站6號出口後步行抵達，公車路線：搭12、5116、5116區至慶城街口站下車，再步行抵達", "pm_name_eng": "Qingcheng Park A", "pm_ecology": null, "pm_type": "公園", "pm_playtype": "共融", "pm_playarea": 472.44, "pm_description": null, "pm_playeq": "彈跳床,搖滾盤,攀爬組,磨石滑梯,搖搖樂,翹翹板,搖搖樂,組合遊具,搖搖樂,組合遊具,鞦韆,攀爬組,磨石滑梯,翹翹板,組合遊具,翹翹板,木樁區,盪鞦韆,平衡木,彈跳床,搖搖樂,組合遊具,翹翹板,旋轉台,戲沙坑遊戲桌,搖搖樂,攀爬組,旋轉飛輪,組合遊具,翹翹板,磨石滑梯,攀爬組,磨石子滑梯,翹翹板,彈跳床,鳥巢鞦韆,戲沙坑,攀爬組,組合遊具,攀爬組,站立式搖動設備,組合遊具,翹翹板,小石搬運,搖搖馬,組合遊具,數字造型跳樁及水管隧道,搖滾盤,X型翹翹板,組合遊具,搖搖樂,組合遊具,旋轉桶椅,大旋轉組,組合遊具,搖搖樂,磨石滑梯,鳥巢鞦韆,旋轉桶椅,組合遊具,組合遊具,組合遊具,搖搖馬,組合遊具,翹翹板,搖搖樂,組合遊具,組合遊具,磨石滑梯,鞦韆及鳥巢鞦韆,彈跳床,攀爬組,木隧道,組合遊具,仿古代程沈船遊具,攀爬繩網組,攀爬組,鳥巢鞦韆,輪胎鞦韆,尿布鞦韆,沙坑,磨石子滑梯,旋轉台,彈跳床,雙滑軌溜索,搖搖馬,翹翹板,組合遊具,搖搖馬,組合遊具,攀爬組,組合遊具,組合遊具,攀爬組,搖搖馬,磨石子滑梯,旋轉杯,組合遊具,組合遊具,組合遊具,大轉轉杯,搖搖樂,組合遊具,翹翹板,滑梯,彈跳床,戲沙坑,擺盪船索,攀爬組,旋轉組,磨石滑梯,組合遊具,特色溜滑梯,攀爬組,旋轉棒,叢林攀爬組,4人旋轉器,搖搖樂,磨石滑梯,翹翹板,搖搖樂,組合遊具,組合遊具,組合遊具,爬繩,組合遊具(叢林攀爬組),獨木橋,組合遊具,遊戲板,組合遊具,攀爬組,盪鞦韆,搖搖樂,組合遊具,組合遊具,旋轉盤,鞦韆,攀爬組,旋轉盤,搖搖樂,組合遊具,特色溜滑梯,攀爬組,跳樁,鞦韆,搖搖馬,組合遊具,蹺蹺板,組合遊具,搖搖樂,組合遊具,組合遊具2,翹翹板及搖搖馬,組合遊具,天空樹溜滑梯,戲沙坑,搖搖樂,旋轉拉環,組合遊具, X型翹翹板,鞦韆,攀爬組,搖搖樂,組合遊具(村莊高塔),鞦韆,攀爬遊戲組,彈跳床,投籃機,擺盪船索,攀爬組,旋轉台,組合遊具,組合遊具,旋轉陀螺,旋轉台,組合遊具,攀爬組,搖搖樂,翹翹板,磨石滑梯,搖搖樂,跳樁,搖搖樂,攀爬組,組合遊具(滑梯小屋),旋轉盤,組合遊具,鳥巢盪鞦韆及一般坐式盪鞦韆,蝴蝶翹翹板,特色旋轉盤,金字塔滑梯組,機車搖搖樂,遊戲板,造型攀爬牆,攀爬網,組合遊具(環繞競技場遊具組),鞦韆,體能訓練平衡組,礫石坑,獨木樁,蜻蜓點水,木橋,平衡木,平衡木,跳樁,遊戲板,隧道,組合遊具(叢林攀爬組),搖晃板,組合遊具,遊戲板,隧道,組合遊具(遊戲城堡),旋轉座椅,競技攀爬遊具組,龍舟特色遊具組,滑梯,擊鼓,搖搖樂,組合遊具,翹翹板,組合遊具,翹翹板,木作組合遊具,搖搖樂,城堡遊戲組,大轉轉杯,搖搖樂,磨石滑梯,攀爬組,鞦韆,搖搖樂,組合遊具,組合遊具,搖滾盤,旋轉球椅,愛的搖籃,組合遊具,搖搖樂,旋轉杯,翹翹板,組合遊具,搖搖樂,組合遊具,搖搖樂,組合遊具,搖搖樂,組合遊具,攀爬組,搖搖樂,組合遊具,搖搖樂,組合遊具,組合遊具,彩虹琴,旋轉音樂盒,遊戲礫石坑,彈跳節拍,搖搖樂,組合遊具,翹翹板,組合遊具,組合遊具,搖搖樂,組合遊具,組合遊具,搖搖樂,組合遊具,攀爬組合滑梯,搖搖樂,組合遊具,組合遊具,翹翹板,組合遊具,搖搖樂,組合遊具,翹翹板,組合遊具,搖搖樂,翹翹板,旋轉杯,旋轉棒,搖搖樂,磨石滑梯,組合遊具,搖搖樂,攀爬組,旋轉台,磨石滑梯,組合遊具,跳樁,組合遊具,組合遊具,組合遊具,音樂球、叮噹管、歡樂鼓,無障礙旋轉盤,無障礙鞦韆,遊戲牆,滾輪滑梯,鳥巢鞦韆,旋轉杯,旋轉棒,鞦韆,小木屋,山丘滑梯,戲沙坑,搖搖樂,攀爬組,5人轉轉盤,彈跳床,戲沙坑,組合遊具,旋轉台,旋轉杯,旋轉棒, 磨石滑梯,翹翹板,遊戲板,鞦韆,組合遊具,攀爬組,磨石滑梯,磨石滑梯,組合遊具,火車特色滑梯,鞦韆,樹蛙籃球框,組合遊具,組合遊具,組合遊具,翹翹板,組合遊具,組合遊具,組合遊具,組合遊具,組合遊具,沙坑遊戲板,環型天梯無障礙上肢設施,旋轉杯,戲沙坑,攀爬組,磨石滑梯,跳樁,遊戲板,組合遊具,磨石滑梯,組合遊具,搖搖樂,組合遊具,組合遊具,組合遊具,磨石滑梯,翹翹板,搖搖樂,組合遊具,搖搖樂,組合遊具,組合遊具,搖搖樂,組合遊具-1,攀爬組,鞦韆,大港墘公園-沙坑,大港墘公園-磨石滑梯,大港墘公園-魔力飛盤鞦韆,大港墘公園-管型山丘,攀爬組,翹翹板,遊戲體能組,搖搖樂,組合遊具,搖搖樂,組合遊具,搖搖樂,組合遊具,搖搖樂,組合遊具,組合遊具,磨石滑梯,組合遊具,搖搖樂,組合遊具,搖搖樂,組合遊具,翹翹板,搖搖樂,搖搖樂,組合遊具,搖搖樂,組合遊具,搖搖樂,組合遊具,彈跳床,戲沙坑,攀爬組,磨石滑梯,組合遊具,鞦韆,搖搖樂,組合遊具,磨石滑梯,搖搖樂,磨石滑梯,鞦韆,組合遊具,鞦韆,戲沙坑,擺盪船索,組合遊具,搖搖樂,組合遊具,組合遊具,組合遊具,組合遊具,搖搖樂,組合遊具,戲沙坑,旋轉台,組合遊具,鞦韆,組合遊具,組合遊具,磨石滑梯,鞦韆,搖搖樂,組合遊具,攀爬架,搖搖樂,組合遊具,搖搖樂,搖搖樂,組合遊具,組合遊具,磨石滑梯,翹翹板,攀爬架,戲沙坑,船型遊具組,鞦韆,組合遊具,天旋地轉,組合遊具,組合遊具,搖搖樂,大轉轉杯,組合遊具,平衡木,搖搖樂,磨石滑梯,翹翹板,鞦韆,溜滑梯組合遊具,搖搖樂,翹翹板,木製攀爬架,搖搖樂,磨石滑梯,組合遊具,翹翹板,鞦韆,組合遊具,搖搖樂,組合遊具,組合遊具,組合遊具,擺盪螺旋跳跳樂,搖搖樂,攀爬組,磨石滑梯,鞦韆,組合遊具,鞦韆,組合遊具,搖搖樂,組合遊具,鞦韆,旋轉台,滾輪滑梯,組合遊具,翹翹板,遊戲板,搖搖樂,組合遊具,攀爬組,旋轉棒,磨石滑梯,搖搖樂,鞦韆,MONKEY BAR,宇宙穿梭機,時空訊息牆,景化小飛碟,黃金光束坡,搖搖樂,組合遊具,拉鍊響板,搖擺沙鈴,獅吼鼻頭,獅背攀爬網,獅眼滾珠迷宮,鈕扣獅,組合遊具,組合遊具,搖搖樂,組合遊具,搖搖樂,組合遊具,搖搖樂,組合遊具,鞦韆,翹翹板,組合遊具,搖搖樂,搖搖樂,組合遊具,組合遊具,戲沙坑,組合遊具,滑索(軌),鞦韆,搖搖馬,組合遊具,組合遊具,組合遊具,攀爬組,組合遊具,組合遊具,組合遊具,組合遊具,翹翹板,組合遊具, 磨石滑梯,組合遊具,攀爬組,磨石滑梯,搖搖樂,組合遊具,組合遊具,搖搖樂,戲沙坑,攀爬組,組合遊具,攀爬組,磨石滑梯,鞦韆,組合遊具,組合遊具,搖搖樂,磨石滑梯,組合遊具,搖搖樂,鞦韆,旋轉杯,組合遊具,翹翹板,組合遊具,搖搖樂,組合遊具,組合遊具,藤蔓綠森林組合遊具組,曲型單槓,搖搖樂,共融式旋轉碗碟", "ObjectId": 502}}, {"type": "Feature", "id": 509, "geometry": {"type": "Point", "coordinates": [121.49365997, 25.034139633]}, "properties": {"SeqNo": 104, "pm_name": "大理公園", "pm_overview": "小巧細緻的公園植栽，提供過往路人視覺愉悅的景觀。", "pm_unit": "萬華區公所", "pm_const_year": "1984", "pm_location": "環河南路二段125巷口", "pm_LandPublicArea": 1230, "pm_opening_s": "00:00:00", "pm_opening_e": "24:00", "pm_libie": "糖廍里", "pm_phone": "02-23064468#281", "pm_sports": "多人壓腿器、雙人雙槓、大轉輪、單槓", "pm_recreation": null, "pm_service": null, "pm_other": null, "pm_transit": "公車路線搭1、18、38、568、907至華江橋", "pm_name_eng": "Dali Park", "pm_ecology": null, "pm_type": "公園", "pm_playtype": null, "pm_playarea": null, "pm_description": null, "pm_playeq": null, "ObjectId": 509}}, {"type": "Feature", "id": 511, "geometry": {"type": "Point", "coordinates": [121.49920654, 25.033540726]}, "properties": {"SeqNo": 636, "pm_name": "寺前公園", "pm_overview": "小巧細緻，花木錯落，使人心曠神怡。", "pm_unit": "萬華區公所", "pm_const_year": "1986", "pm_location": "西園路一段282-2號(萬華火車站新站旁)", "pm_LandPublicArea": 272, "pm_opening_s": "00:00:00", "pm_opening_e": "24:00", "pm_libie": "富福里", "pm_phone": "02-23064468#281", "pm_sports": null, "pm_recreation": null, "pm_service": "直飲台", "pm_other": null, "pm_transit": "公車路線搭667、956、1820、1821、1825、1915、9089至萬華火車站", "pm_name_eng": "Siqian Park", "pm_ecology": null, "pm_type": "公園", "pm_playtype": null, "pm_playarea": null, "pm_description": null, "pm_playeq": null, "ObjectId": 511}}, {"type": "Feature", "id": 512, "geometry": {"type": "Point", "coordinates": [121.50273895, 25.038520813]}, "properties": {"SeqNo": 311, "pm_name": "老松公園", "pm_overview": "位於社區中心,交通要街,花木繽紛,具庭園景觀特色,遊憩機能完備。", "pm_unit": "萬華區公所", "pm_const_year": "1971", "pm_location": "桂林路與永福街之間(老松國小對面)", "pm_LandPublicArea": 2130, "pm_opening_s": "00:00:00", "pm_opening_e": "24:00", "pm_libie": "福音里", "pm_phone": "02-23064468#281", "pm_sports": "雙人晃版、大轉輪", "pm_recreation": "滑梯、搖搖樂", "pm_service": "廁所、直飲台", "pm_other": null, "pm_transit": "公車路線搭218、302、673、9103、藍29至老松國小", "pm_name_eng": "Fuying Park", "pm_ecology": null, "pm_type": "公園", "pm_playtype": "特色", "pm_playarea": 178, "pm_description": null, "pm_playeq": "彈跳床,搖滾盤,攀爬組,磨石滑梯,搖搖樂,翹翹板,搖搖樂,組合遊具,搖搖樂,組合遊具,鞦韆,攀爬組,磨石滑梯,翹翹板,組合遊具,翹翹板,木樁區,盪鞦韆,平衡木,彈跳床,搖搖樂,組合遊具,翹翹板,旋轉台,戲沙坑遊戲桌,搖搖樂,攀爬組,旋轉飛輪,組合遊具,翹翹板,磨石滑梯,攀爬組,磨石子滑梯,翹翹板,彈跳床,鳥巢鞦韆,戲沙坑,攀爬組,組合遊具,攀爬組,站立式搖動設備,組合遊具,翹翹板,小石搬運,搖搖馬,組合遊具,數字造型跳樁及水管隧道,搖滾盤,X型翹翹板,組合遊具,搖搖樂,組合遊具,旋轉桶椅,大旋轉組,組合遊具,搖搖樂,磨石滑梯,鳥巢鞦韆,旋轉桶椅,組合遊具,組合遊具,組合遊具,搖搖馬,組合遊具,翹翹板,搖搖樂,組合遊具,組合遊具,磨石滑梯,鞦韆及鳥巢鞦韆,彈跳床,攀爬組,木隧道,組合遊具,仿古代程沈船遊具,攀爬繩網組,攀爬組,鳥巢鞦韆,輪胎鞦韆,尿布鞦韆,沙坑,磨石子滑梯,旋轉台,彈跳床,雙滑軌溜索,搖搖馬,翹翹板,組合遊具,搖搖馬,組合遊具,攀爬組,組合遊具,組合遊具,攀爬組,搖搖馬,磨石子滑梯,旋轉杯,組合遊具,組合遊具,組合遊具,大轉轉杯,搖搖樂,組合遊具,翹翹板,滑梯,彈跳床,戲沙坑,擺盪船索,攀爬組,旋轉組,磨石滑梯,組合遊具,特色溜滑梯,攀爬組,旋轉棒,叢林攀爬組,4人旋轉器,搖搖樂,磨石滑梯,翹翹板,搖搖樂,組合遊具,組合遊具,組合遊具,爬繩,組合遊具(叢林攀爬組),獨木橋,組合遊具,遊戲板,組合遊具,攀爬組,盪鞦韆,搖搖樂,組合遊具,組合遊具,旋轉盤,鞦韆,攀爬組,旋轉盤,搖搖樂,組合遊具,特色溜滑梯,攀爬組,跳樁,鞦韆,搖搖馬,組合遊具,蹺蹺板,組合遊具,搖搖樂,組合遊具,組合遊具2,翹翹板及搖搖馬,組合遊具,天空樹溜滑梯,戲沙坑,搖搖樂,旋轉拉環,組合遊具, X型翹翹板,鞦韆,攀爬組,搖搖樂,組合遊具(村莊高塔),鞦韆,攀爬遊戲組,彈跳床,投籃機,擺盪船索,攀爬組,旋轉台,組合遊具,組合遊具,旋轉陀螺,旋轉台,組合遊具,攀爬組,搖搖樂,翹翹板,磨石滑梯,搖搖樂,跳樁,搖搖樂,攀爬組,組合遊具(滑梯小屋),旋轉盤,組合遊具,鳥巢盪鞦韆及一般坐式盪鞦韆,蝴蝶翹翹板,特色旋轉盤,金字塔滑梯組,機車搖搖樂,遊戲板,造型攀爬牆,攀爬網,組合遊具(環繞競技場遊具組),鞦韆,體能訓練平衡組,礫石坑,獨木樁,蜻蜓點水,木橋,平衡木,平衡木,跳樁,遊戲板,隧道,組合遊具(叢林攀爬組),搖晃板,組合遊具,遊戲板,隧道,組合遊具(遊戲城堡),旋轉座椅,競技攀爬遊具組,龍舟特色遊具組,滑梯,擊鼓,搖搖樂,組合遊具,翹翹板,組合遊具,翹翹板,木作組合遊具,搖搖樂,城堡遊戲組,大轉轉杯,搖搖樂,磨石滑梯,攀爬組,鞦韆,搖搖樂,組合遊具,組合遊具,搖滾盤,旋轉球椅,愛的搖籃,組合遊具,搖搖樂,旋轉杯,翹翹板,組合遊具,搖搖樂,組合遊具,搖搖樂,組合遊具,搖搖樂,組合遊具,攀爬組,搖搖樂,組合遊具,搖搖樂,組合遊具,組合遊具,彩虹琴,旋轉音樂盒,遊戲礫石坑,彈跳節拍,搖搖樂,組合遊具,翹翹板,組合遊具,組合遊具,搖搖樂,組合遊具,組合遊具,搖搖樂,組合遊具,攀爬組合滑梯,搖搖樂,組合遊具,組合遊具,翹翹板,組合遊具,搖搖樂,組合遊具,翹翹板,組合遊具,搖搖樂,翹翹板,旋轉杯,旋轉棒,搖搖樂,磨石滑梯,組合遊具,搖搖樂,攀爬組,旋轉台,磨石滑梯,組合遊具,跳樁,組合遊具,組合遊具,組合遊具,音樂球、叮噹管、歡樂鼓,無障礙旋轉盤,無障礙鞦韆,遊戲牆,滾輪滑梯,鳥巢鞦韆,旋轉杯,旋轉棒,鞦韆,小木屋,山丘滑梯,戲沙坑,搖搖樂,攀爬組,5人轉轉盤,彈跳床,戲沙坑,組合遊具,旋轉台,旋轉杯,旋轉棒, 磨石滑梯,翹翹板,遊戲板,鞦韆,組合遊具,攀爬組,磨石滑梯,磨石滑梯,組合遊具,火車特色滑梯,鞦韆,樹蛙籃球框,組合遊具,組合遊具,組合遊具,翹翹板,組合遊具,組合遊具,組合遊具,組合遊具,組合遊具,沙坑遊戲板,環型天梯無障礙上肢設施,旋轉杯,戲沙坑,攀爬組,磨石滑梯,跳樁,遊戲板,組合遊具,磨石滑梯,組合遊具,搖搖樂,組合遊具,組合遊具,組合遊具,磨石滑梯,翹翹板,搖搖樂,組合遊具,搖搖樂,組合遊具,組合遊具,搖搖樂,組合遊具-1,攀爬組,鞦韆,大港墘公園-沙坑,大港墘公園-磨石滑梯,大港墘公園-魔力飛盤鞦韆,大港墘公園-管型山丘,攀爬組,翹翹板,遊戲體能組,搖搖樂,組合遊具,搖搖樂,組合遊具,搖搖樂,組合遊具,搖搖樂,組合遊具,組合遊具,磨石滑梯,組合遊具,搖搖樂,組合遊具,搖搖樂,組合遊具,翹翹板,搖搖樂,搖搖樂,組合遊具,搖搖樂,組合遊具,搖搖樂,組合遊具,彈跳床,戲沙坑,攀爬組,磨石滑梯,組合遊具,鞦韆,搖搖樂,組合遊具,磨石滑梯,搖搖樂,磨石滑梯,鞦韆,組合遊具,鞦韆,戲沙坑,擺盪船索,組合遊具,搖搖樂,組合遊具,組合遊具,組合遊具,組合遊具,搖搖樂,組合遊具,戲沙坑,旋轉台,組合遊具,鞦韆,組合遊具,組合遊具,磨石滑梯,鞦韆,搖搖樂,組合遊具,攀爬架,搖搖樂,組合遊具,搖搖樂,搖搖樂,組合遊具,組合遊具,磨石滑梯,翹翹板,攀爬架,戲沙坑,船型遊具組,鞦韆,組合遊具,天旋地轉,組合遊具,組合遊具,搖搖樂,大轉轉杯,組合遊具,平衡木,搖搖樂,磨石滑梯,翹翹板,鞦韆,溜滑梯組合遊具,搖搖樂,翹翹板,木製攀爬架,搖搖樂,磨石滑梯,組合遊具,翹翹板,鞦韆,組合遊具,搖搖樂,組合遊具,組合遊具,組合遊具,擺盪螺旋跳跳樂,搖搖樂,攀爬組,磨石滑梯,鞦韆,組合遊具,鞦韆,組合遊具,搖搖樂,組合遊具,鞦韆,旋轉台,滾輪滑梯,組合遊具,翹翹板,遊戲板,搖搖樂,組合遊具,攀爬組,旋轉棒,磨石滑梯,搖搖樂,鞦韆,MONKEY BAR,宇宙穿梭機,時空訊息牆,景化小飛碟,黃金光束坡,搖搖樂,組合遊具,拉鍊響板,搖擺沙鈴,獅吼鼻頭,獅背攀爬網,獅眼滾珠迷宮,鈕扣獅,組合遊具,組合遊具,搖搖樂,組合遊具,搖搖樂,組合遊具,搖搖樂,組合遊具,鞦韆,翹翹板,組合遊具,搖搖樂,搖搖樂,組合遊具,組合遊具,戲沙坑,組合遊具,滑索(軌),鞦韆,搖搖馬,組合遊具,組合遊具,組合遊具,攀爬組,組合遊具,組合遊具,組合遊具,組合遊具,翹翹板,組合遊具, 磨石滑梯,組合遊具,攀爬組,磨石滑梯,搖搖樂,組合遊具,組合遊具,搖搖樂,戲沙坑,攀爬組,組合遊具,攀爬組,磨石滑梯,鞦韆,組合遊具,組合遊具,搖搖樂,磨石滑梯,組合遊具,搖搖樂,鞦韆,旋轉杯,組合遊具,翹翹板,組合遊具,搖搖樂,組合遊具,組合遊具,藤蔓綠森林組合遊具組,曲型單槓,搖搖樂,共融式旋轉碗碟,組合遊具,翹翹板,鞦韆,鞦韆,搖搖樂,組合遊具,組合遊具,探索年輪之環,板根網架,老松樹塔", "ObjectId": 512}}, {"type": "Feature", "id": 515, "geometry": {"type": "Point", "coordinates": [121.49720764, 25.032659531]}, "properties": {"SeqNo": 156, "pm_name": "和平青草園(原萬華402號公園)", "pm_overview": "公園緣起：\r\n　　「和平青草園(原萬華402號公園)」座落於艋舺大道與西園路交叉口，面積4,693平方公尺，略呈現三角形。本公園基地原為仁濟療養院、民宅等建物，週邊的實質環境窳陋，不但居住品質不佳，且影響都市景觀，故市府推動萬華都市更新辦理公園闢建，除保留現有生長良好之喬木等植栽外，以簡易綠美化方式，改善周邊環境，提供草坪綠地供民眾使用，本公園於95年11月13日完成開園典禮。\r\n        公園基地內之仁濟療養院，為臺灣地區最早之精神病院，本府於94年召開「第2階段推動台北市都市更新方案」會議，保留園區內仁濟療養院內第1病房，於95年間經本府文化局邀集相關學者鑑定登錄為「歷史建物」， 97年間財團法人台灣省私立台北仁濟院贈予臺北市，並於98年12月12日舉行仁濟院捐贈本府之活動，仁濟院以縮小1：150比例之模型贈與本府後陳列於原址供各界參訪緬懷仁濟之精神，並由林副市長代表受贈。為彰顯歷史傳承，本處及文化局與地方共同協商後，以「公園開闢」及「歷史保存」相容並重之理念規劃，見證仁濟療養院在臺灣醫療史之相關事蹟。 \r\n公園特色： 　　\r\n        為落實「歷史建物」再利用價值，本處於98年7月進行建物構造局部整修、內部空間重新調配、廁所及水電照明改善、增設消防設備等，除保留仁濟療養院第一病房特有的醫療歷史意義，規劃展示/閱覽室區及成立綠化教室達成社區教育之目的。自99年1月1日起歷史建物開放市民參觀及閱覽書報，開放時間為每星期二至星期日上午9：00至12：00，下午13：30至16：30止，綠化教室上課時間暫停開放，每周一休館日，另遇天災（如颱風）、除夕及春節不開放，歡迎市民來園休憩及參觀。\r\n        另綠化教室亦自99年1月7日起隔週週四上午9時30分至11時30分上課，免費開放參加，相關資訊可上公園處及中華民國自然步道協會網站查詢或洽報名專線：（02）23583839。 　　\r\n        園區內於靠西園路側設有香、藥草園設施，沿艋舺大道周邊園路到歷史建物間，設置有座椅及一座約256平方公尺活動廣場，連接廣場與建物走廊則種植藍蝴蝶及桂花等灌木，另有廣闊大草坪區及榕樹、蒲葵、朴樹、樟樹及棍棒椰子等喬木，園內喬木成蔭已成為附近里民休閒、談天聯絡情感最佳場所。", "pm_unit": "青年公園管理所", "pm_const_year": "2006", "pm_location": "西園路一段與艋舺大道交叉口", "pm_LandPublicArea": 4633, "pm_opening_s": "00:00:00", "pm_opening_e": "24:00", "pm_libie": "和平里", "pm_phone": "02-23032451", "pm_sports": "雙槓、單槓、雙人漫步器、腰背按摩器、雙人大轉輪、腰背伸展器", "pm_recreation": "組合遊具、攀爬組、擺盪船索、旋轉球椅", "pm_service": "廁所(含親子廁所、無障礙廁所)、直飲台", "pm_other": null, "pm_transit": "捷運路線:搭板南線至龍山寺捷運站，公車路線搭1、49、231、245、264、310、568、656、658、701、907、仁愛幹線至捷運龍山寺站", "pm_name_eng": "Heping Herbal Garden", "pm_ecology": null, "pm_type": "公園", "pm_playtype": "共融", "pm_playarea": 378.5, "pm_description": "公園兒童遊戲場採用融入自然材質的挑戰性遊具，跳脫出有別以往單調、無趣、缺乏挑戰性的遊具，配合公園的地形、樹木，以自然材料來建構。同時結合了攀爬、吊床、擺盪鞦韆等多樣設施，讓孩童們自由的發揮，創造屬於自己的玩法。", "pm_playeq": "彈跳床,搖滾盤,攀爬組,磨石滑梯,搖搖樂,翹翹板,搖搖樂,組合遊具,搖搖樂,組合遊具,鞦韆,攀爬組,磨石滑梯,翹翹板,組合遊具,翹翹板,木樁區,盪鞦韆,平衡木,彈跳床,搖搖樂,組合遊具,翹翹板,旋轉台,戲沙坑遊戲桌,搖搖樂,攀爬組,旋轉飛輪,組合遊具,翹翹板,磨石滑梯,攀爬組,磨石子滑梯,翹翹板,彈跳床,鳥巢鞦韆,戲沙坑,攀爬組,組合遊具,攀爬組,站立式搖動設備,組合遊具,翹翹板,小石搬運,搖搖馬,組合遊具,數字造型跳樁及水管隧道,搖滾盤,X型翹翹板,組合遊具,搖搖樂,組合遊具,旋轉桶椅,大旋轉組,組合遊具,搖搖樂,磨石滑梯,鳥巢鞦韆,旋轉桶椅,組合遊具,組合遊具,組合遊具,搖搖馬,組合遊具,翹翹板,搖搖樂,組合遊具,組合遊具,磨石滑梯,鞦韆及鳥巢鞦韆,彈跳床,攀爬組,木隧道,組合遊具,仿古代程沈船遊具,攀爬繩網組,攀爬組,鳥巢鞦韆,輪胎鞦韆,尿布鞦韆,沙坑,磨石子滑梯,旋轉台,彈跳床,雙滑軌溜索,搖搖馬,翹翹板,組合遊具,搖搖馬,組合遊具,攀爬組,組合遊具,組合遊具,攀爬組,搖搖馬,磨石子滑梯,旋轉杯,組合遊具,組合遊具,組合遊具,大轉轉杯,搖搖樂,組合遊具,翹翹板,滑梯,彈跳床,戲沙坑,擺盪船索,攀爬組,旋轉組,磨石滑梯,組合遊具,特色溜滑梯,攀爬組,旋轉棒,叢林攀爬組,4人旋轉器,搖搖樂,磨石滑梯,翹翹板,搖搖樂,組合遊具,組合遊具,組合遊具,爬繩,組合遊具(叢林攀爬組),獨木橋,組合遊具,遊戲板,組合遊具,攀爬組,盪鞦韆,搖搖樂,組合遊具,組合遊具,旋轉盤,鞦韆,攀爬組,旋轉盤,搖搖樂,組合遊具,特色溜滑梯,攀爬組,跳樁,鞦韆,搖搖馬,組合遊具,蹺蹺板,組合遊具,搖搖樂,組合遊具,組合遊具2,翹翹板及搖搖馬,組合遊具,天空樹溜滑梯,戲沙坑,搖搖樂,旋轉拉環,組合遊具, X型翹翹板,鞦韆,攀爬組,搖搖樂,組合遊具(村莊高塔),鞦韆,攀爬遊戲組,彈跳床,投籃機,擺盪船索,攀爬組,旋轉台,組合遊具,組合遊具,旋轉陀螺,旋轉台,組合遊具,攀爬組,搖搖樂,翹翹板,磨石滑梯,搖搖樂,跳樁,搖搖樂,攀爬組,組合遊具(滑梯小屋),旋轉盤,組合遊具,鳥巢盪鞦韆及一般坐式盪鞦韆,蝴蝶翹翹板,特色旋轉盤,金字塔滑梯組,機車搖搖樂,遊戲板,造型攀爬牆,攀爬網,組合遊具(環繞競技場遊具組),鞦韆,體能訓練平衡組,礫石坑,獨木樁,蜻蜓點水,木橋,平衡木,平衡木,跳樁,遊戲板,隧道,組合遊具(叢林攀爬組),搖晃板,組合遊具,遊戲板,隧道,組合遊具(遊戲城堡),旋轉座椅,競技攀爬遊具組,龍舟特色遊具組,滑梯,擊鼓,搖搖樂,組合遊具,翹翹板,組合遊具,翹翹板,木作組合遊具,搖搖樂,城堡遊戲組,大轉轉杯,搖搖樂,磨石滑梯,攀爬組,鞦韆,搖搖樂,組合遊具,組合遊具,搖滾盤,旋轉球椅,愛的搖籃,組合遊具,搖搖樂,旋轉杯,翹翹板,組合遊具,搖搖樂,組合遊具,搖搖樂,組合遊具,搖搖樂,組合遊具,攀爬組,搖搖樂,組合遊具,搖搖樂,組合遊具,組合遊具,彩虹琴,旋轉音樂盒,遊戲礫石坑,彈跳節拍,搖搖樂,組合遊具,翹翹板,組合遊具,組合遊具,搖搖樂,組合遊具,組合遊具,搖搖樂,組合遊具,攀爬組合滑梯,搖搖樂,組合遊具,組合遊具,翹翹板,組合遊具,搖搖樂,組合遊具,翹翹板,組合遊具,搖搖樂,翹翹板,旋轉杯,旋轉棒,搖搖樂,磨石滑梯,組合遊具,搖搖樂,攀爬組,旋轉台,磨石滑梯,組合遊具,跳樁,組合遊具,組合遊具,組合遊具,音樂球、叮噹管、歡樂鼓,無障礙旋轉盤,無障礙鞦韆,遊戲牆,滾輪滑梯,鳥巢鞦韆,旋轉杯,旋轉棒,鞦韆,小木屋,山丘滑梯,戲沙坑,搖搖樂,攀爬組,5人轉轉盤,彈跳床,戲沙坑,組合遊具,旋轉台,旋轉杯,旋轉棒, 磨石滑梯,翹翹板,遊戲板,鞦韆,組合遊具,攀爬組,磨石滑梯,磨石滑梯,組合遊具,火車特色滑梯,鞦韆,樹蛙籃球框,組合遊具,組合遊具,組合遊具,翹翹板,組合遊具,組合遊具,組合遊具,組合遊具,組合遊具,沙坑遊戲板,環型天梯無障礙上肢設施,旋轉杯,戲沙坑,攀爬組,磨石滑梯,跳樁,遊戲板,組合遊具,磨石滑梯,組合遊具,搖搖樂,組合遊具,組合遊具,組合遊具,磨石滑梯,翹翹板,搖搖樂,組合遊具,搖搖樂,組合遊具,組合遊具,搖搖樂,組合遊具-1,攀爬組,鞦韆,大港墘公園-沙坑,大港墘公園-磨石滑梯,大港墘公園-魔力飛盤鞦韆,大港墘公園-管型山丘,攀爬組,翹翹板,遊戲體能組,搖搖樂,組合遊具,搖搖樂,組合遊具,搖搖樂,組合遊具,搖搖樂,組合遊具,組合遊具,磨石滑梯,組合遊具,搖搖樂,組合遊具,搖搖樂,組合遊具,翹翹板,搖搖樂,搖搖樂,組合遊具,搖搖樂,組合遊具,搖搖樂,組合遊具,彈跳床,戲沙坑,攀爬組,磨石滑梯,組合遊具,鞦韆,搖搖樂,組合遊具,磨石滑梯,搖搖樂,磨石滑梯,鞦韆,組合遊具,鞦韆,戲沙坑,擺盪船索,組合遊具,搖搖樂,組合遊具,組合遊具,組合遊具,組合遊具,搖搖樂,組合遊具,戲沙坑,旋轉台,組合遊具,鞦韆,組合遊具,組合遊具,磨石滑梯,鞦韆,搖搖樂,組合遊具,攀爬架,搖搖樂,組合遊具,搖搖樂,搖搖樂,組合遊具,組合遊具,磨石滑梯,翹翹板,攀爬架,戲沙坑,船型遊具組,鞦韆,組合遊具,天旋地轉,組合遊具,組合遊具,搖搖樂,大轉轉杯,組合遊具,平衡木,搖搖樂,磨石滑梯,翹翹板,鞦韆,溜滑梯組合遊具,搖搖樂,翹翹板,木製攀爬架,搖搖樂,磨石滑梯,組合遊具,翹翹板,鞦韆,組合遊具,搖搖樂,組合遊具,組合遊具,組合遊具,擺盪螺旋跳跳樂,搖搖樂,攀爬組,磨石滑梯,鞦韆,組合遊具,鞦韆,組合遊具,搖搖樂,組合遊具,鞦韆,旋轉台,滾輪滑梯,組合遊具,翹翹板,遊戲板,搖搖樂,組合遊具,攀爬組,旋轉棒,磨石滑梯,搖搖樂,鞦韆,MONKEY BAR,宇宙穿梭機,時空訊息牆,景化小飛碟,黃金光束坡,搖搖樂,組合遊具,拉鍊響板,搖擺沙鈴,獅吼鼻頭,獅背攀爬網,獅眼滾珠迷宮,鈕扣獅,組合遊具,組合遊具,搖搖樂,組合遊具,搖搖樂,組合遊具,搖搖樂,組合遊具,鞦韆,翹翹板,組合遊具,搖搖樂,搖搖樂,組合遊具,組合遊具,戲沙坑,組合遊具,滑索(軌),鞦韆,搖搖馬,組合遊具,組合遊具,組合遊具,攀爬組,組合遊具,組合遊具,組合遊具,組合遊具,翹翹板,組合遊具, 磨石滑梯,組合遊具,攀爬組,磨石滑梯,搖搖樂,組合遊具,組合遊具,搖搖樂,戲沙坑,攀爬組,組合遊具,攀爬組,磨石滑梯,鞦韆,組合遊具,組合遊具,搖搖樂,磨石滑梯,組合遊具,搖搖樂,鞦韆,旋轉杯,組合遊具,翹翹板,組合遊具,搖搖樂,組合遊具,組合遊具,藤蔓綠森林組合遊具組,曲型單槓,搖搖樂,共融式旋轉碗碟,組合遊具,翹翹板,鞦韆,鞦韆,搖搖樂,組合遊具,組合遊具,探索年輪之環,板根網架,老松樹塔,組合遊具,組合遊具,鞦韆,原木擺盪攀爬遊具,旋轉擺盪座椅,擺盪船索,組合遊具", "ObjectId": 515}}, {"type": "Feature", "id": 517, "geometry": {"type": "Point", "coordinates": [121.49992371, 25.041500092]}, "properties": {"SeqNo": 584, "pm_name": "長沙公園", "pm_overview": "位於昔時水陸交易市集，外圍以喬木構成綠色廊道，深具歷史文化特色。", "pm_unit": "萬華區公所", "pm_const_year": "1979", "pm_location": "環河南路一段、長沙街二段交口", "pm_LandPublicArea": 1242, "pm_opening_s": "00:00:00", "pm_opening_e": "24:00", "pm_libie": "菜園里", "pm_phone": "02-23064468#281", "pm_sports": "扭腰器、雙人腰背按摩器", "pm_recreation": "組合遊具、搖搖樂", "pm_service": null, "pm_other": null, "pm_transit": "(建議自行開車前往)", "pm_name_eng": "Changsha Park", "pm_ecology": null, "pm_type": "公園", "pm_playtype": "特色", "pm_playarea": 175, "pm_description": "公園兒童遊戲場採用融入自然材質的挑戰性遊具，跳脫出有別以往單調、無趣、缺乏挑戰性的遊具，配合公園的地形、樹木，以自然材料來建構。同時結合了攀爬、吊床、扮家家酒等多樣設施，讓孩童們自由的發揮，創造屬於自己的玩法。", "pm_playeq": "彈跳床,搖滾盤,攀爬組,磨石滑梯,搖搖樂,翹翹板,搖搖樂,組合遊具,搖搖樂,組合遊具,鞦韆,攀爬組,磨石滑梯,翹翹板,組合遊具,翹翹板,木樁區,盪鞦韆,平衡木,彈跳床,搖搖樂,組合遊具,翹翹板,旋轉台,戲沙坑遊戲桌,搖搖樂,攀爬組,旋轉飛輪,組合遊具,翹翹板,磨石滑梯,攀爬組,磨石子滑梯,翹翹板,彈跳床,鳥巢鞦韆,戲沙坑,攀爬組,組合遊具,攀爬組,站立式搖動設備,組合遊具,翹翹板,小石搬運,搖搖馬,組合遊具,數字造型跳樁及水管隧道,搖滾盤,X型翹翹板,組合遊具,搖搖樂,組合遊具,旋轉桶椅,大旋轉組,組合遊具,搖搖樂,磨石滑梯,鳥巢鞦韆,旋轉桶椅,組合遊具,組合遊具,組合遊具,搖搖馬,組合遊具,翹翹板,搖搖樂,組合遊具,組合遊具,磨石滑梯,鞦韆及鳥巢鞦韆,彈跳床,攀爬組,木隧道,組合遊具,仿古代程沈船遊具,攀爬繩網組,攀爬組,鳥巢鞦韆,輪胎鞦韆,尿布鞦韆,沙坑,磨石子滑梯,旋轉台,彈跳床,雙滑軌溜索,搖搖馬,翹翹板,組合遊具,搖搖馬,組合遊具,攀爬組,組合遊具,組合遊具,攀爬組,搖搖馬,磨石子滑梯,旋轉杯,組合遊具,組合遊具,組合遊具,大轉轉杯,搖搖樂,組合遊具,翹翹板,滑梯,彈跳床,戲沙坑,擺盪船索,攀爬組,旋轉組,磨石滑梯,組合遊具,特色溜滑梯,攀爬組,旋轉棒,叢林攀爬組,4人旋轉器,搖搖樂,磨石滑梯,翹翹板,搖搖樂,組合遊具,組合遊具,組合遊具,爬繩,組合遊具(叢林攀爬組),獨木橋,組合遊具,遊戲板,組合遊具,攀爬組,盪鞦韆,搖搖樂,組合遊具,組合遊具,旋轉盤,鞦韆,攀爬組,旋轉盤,搖搖樂,組合遊具,特色溜滑梯,攀爬組,跳樁,鞦韆,搖搖馬,組合遊具,蹺蹺板,組合遊具,搖搖樂,組合遊具,組合遊具2,翹翹板及搖搖馬,組合遊具,天空樹溜滑梯,戲沙坑,搖搖樂,旋轉拉環,組合遊具, X型翹翹板,鞦韆,攀爬組,搖搖樂,組合遊具(村莊高塔),鞦韆,攀爬遊戲組,彈跳床,投籃機,擺盪船索,攀爬組,旋轉台,組合遊具,組合遊具,旋轉陀螺,旋轉台,組合遊具,攀爬組,搖搖樂,翹翹板,磨石滑梯,搖搖樂,跳樁,搖搖樂,攀爬組,組合遊具(滑梯小屋),旋轉盤,組合遊具,鳥巢盪鞦韆及一般坐式盪鞦韆,蝴蝶翹翹板,特色旋轉盤,金字塔滑梯組,機車搖搖樂,遊戲板,造型攀爬牆,攀爬網,組合遊具(環繞競技場遊具組),鞦韆,體能訓練平衡組,礫石坑,獨木樁,蜻蜓點水,木橋,平衡木,平衡木,跳樁,遊戲板,隧道,組合遊具(叢林攀爬組),搖晃板,組合遊具,遊戲板,隧道,組合遊具(遊戲城堡),旋轉座椅,競技攀爬遊具組,龍舟特色遊具組,滑梯,擊鼓,搖搖樂,組合遊具,翹翹板,組合遊具,翹翹板,木作組合遊具,搖搖樂,城堡遊戲組,大轉轉杯,搖搖樂,磨石滑梯,攀爬組,鞦韆,搖搖樂,組合遊具,組合遊具,搖滾盤,旋轉球椅,愛的搖籃,組合遊具,搖搖樂,旋轉杯,翹翹板,組合遊具,搖搖樂,組合遊具,搖搖樂,組合遊具,搖搖樂,組合遊具,攀爬組,搖搖樂,組合遊具,搖搖樂,組合遊具,組合遊具,彩虹琴,旋轉音樂盒,遊戲礫石坑,彈跳節拍,搖搖樂,組合遊具,翹翹板,組合遊具,組合遊具,搖搖樂,組合遊具,組合遊具,搖搖樂,組合遊具,攀爬組合滑梯,搖搖樂,組合遊具,組合遊具,翹翹板,組合遊具,搖搖樂,組合遊具,翹翹板,組合遊具,搖搖樂,翹翹板,旋轉杯,旋轉棒,搖搖樂,磨石滑梯,組合遊具,搖搖樂,攀爬組,旋轉台,磨石滑梯,組合遊具,跳樁,組合遊具,組合遊具,組合遊具,音樂球、叮噹管、歡樂鼓,無障礙旋轉盤,無障礙鞦韆,遊戲牆,滾輪滑梯,鳥巢鞦韆,旋轉杯,旋轉棒,鞦韆,小木屋,山丘滑梯,戲沙坑,搖搖樂,攀爬組,5人轉轉盤,彈跳床,戲沙坑,組合遊具,旋轉台,旋轉杯,旋轉棒, 磨石滑梯,翹翹板,遊戲板,鞦韆,組合遊具,攀爬組,磨石滑梯,磨石滑梯,組合遊具,火車特色滑梯,鞦韆,樹蛙籃球框,組合遊具,組合遊具,組合遊具,翹翹板,組合遊具,組合遊具,組合遊具,組合遊具,組合遊具,沙坑遊戲板,環型天梯無障礙上肢設施,旋轉杯,戲沙坑,攀爬組,磨石滑梯,跳樁,遊戲板,組合遊具,磨石滑梯,組合遊具,搖搖樂,組合遊具,組合遊具,組合遊具,磨石滑梯,翹翹板,搖搖樂,組合遊具,搖搖樂,組合遊具,組合遊具,搖搖樂,組合遊具-1,攀爬組,鞦韆,大港墘公園-沙坑,大港墘公園-磨石滑梯,大港墘公園-魔力飛盤鞦韆,大港墘公園-管型山丘,攀爬組,翹翹板,遊戲體能組,搖搖樂,組合遊具,搖搖樂,組合遊具,搖搖樂,組合遊具,搖搖樂,組合遊具,組合遊具,磨石滑梯,組合遊具,搖搖樂,組合遊具,搖搖樂,組合遊具,翹翹板,搖搖樂,搖搖樂,組合遊具,搖搖樂,組合遊具,搖搖樂,組合遊具,彈跳床,戲沙坑,攀爬組,磨石滑梯,組合遊具,鞦韆,搖搖樂,組合遊具,磨石滑梯,搖搖樂,磨石滑梯,鞦韆,組合遊具,鞦韆,戲沙坑,擺盪船索,組合遊具,搖搖樂,組合遊具,組合遊具,組合遊具,組合遊具,搖搖樂,組合遊具,戲沙坑,旋轉台,組合遊具,鞦韆,組合遊具,組合遊具,磨石滑梯,鞦韆,搖搖樂,組合遊具,攀爬架,搖搖樂,組合遊具,搖搖樂,搖搖樂,組合遊具,組合遊具,磨石滑梯,翹翹板,攀爬架,戲沙坑,船型遊具組,鞦韆,組合遊具,天旋地轉,組合遊具,組合遊具,搖搖樂,大轉轉杯,組合遊具,平衡木,搖搖樂,磨石滑梯,翹翹板,鞦韆,溜滑梯組合遊具,搖搖樂,翹翹板,木製攀爬架,搖搖樂,磨石滑梯,組合遊具,翹翹板,鞦韆,組合遊具,搖搖樂,組合遊具,組合遊具,組合遊具,擺盪螺旋跳跳樂,搖搖樂,攀爬組,磨石滑梯,鞦韆,組合遊具,鞦韆,組合遊具,搖搖樂,組合遊具,鞦韆,旋轉台,滾輪滑梯,組合遊具,翹翹板,遊戲板,搖搖樂,組合遊具,攀爬組,旋轉棒,磨石滑梯,搖搖樂,鞦韆,MONKEY BAR,宇宙穿梭機,時空訊息牆,景化小飛碟,黃金光束坡,搖搖樂,組合遊具,拉鍊響板,搖擺沙鈴,獅吼鼻頭,獅背攀爬網,獅眼滾珠迷宮,鈕扣獅,組合遊具,組合遊具,搖搖樂,組合遊具,搖搖樂,組合遊具,搖搖樂,組合遊具,鞦韆,翹翹板,組合遊具,搖搖樂,搖搖樂,組合遊具,組合遊具,戲沙坑,組合遊具,滑索(軌),鞦韆,搖搖馬,組合遊具,組合遊具,組合遊具,攀爬組,組合遊具,組合遊具,組合遊具,組合遊具,翹翹板,組合遊具, 磨石滑梯,組合遊具,攀爬組,磨石滑梯,搖搖樂,組合遊具,組合遊具,搖搖樂,戲沙坑,攀爬組,組合遊具,攀爬組,磨石滑梯,鞦韆,組合遊具,組合遊具,搖搖樂,磨石滑梯,組合遊具,搖搖樂,鞦韆,旋轉杯,組合遊具,翹翹板,組合遊具,搖搖樂,組合遊具,組合遊具,藤蔓綠森林組合遊具組,曲型單槓,搖搖樂,共融式旋轉碗碟,組合遊具,翹翹板,鞦韆,鞦韆,搖搖樂,組合遊具,組合遊具,探索年輪之環,板根網架,老松樹塔,組合遊具,組合遊具,鞦韆,原木擺盪攀爬遊具,旋轉擺盪座椅,擺盪船索,組合遊具,組合遊具,鞦韆,攀爬組,遊戲小屋", "ObjectId": 517}}, {"type": "Feature", "id": 519, "geometry": {"type": "Point", "coordinates": [121.49830627, 25.039369583]}, "properties": {"SeqNo": 511, "pm_name": "青山公園", "pm_overview": "為華西街觀光夜市一隅，在繁華熱鬧的夜市中，有綠意清新的氣息，圓形廣場供微型表演及觀光客作短暫的休憩。", "pm_unit": "萬華區公所", "pm_const_year": "2006", "pm_location": "華西街8號旁", "pm_LandPublicArea": 780, "pm_opening_s": "00:00:00", "pm_opening_e": "24:00", "pm_libie": "青山里", "pm_phone": "02-23064468#281", "pm_sports": null, "pm_recreation": null, "pm_service": "廁所(含親子廁所、無障礙廁所)、直飲台", "pm_other": null, "pm_transit": "公車路線搭18、9103至萬華分局", "pm_name_eng": "Qingshan Park", "pm_ecology": null, "pm_type": "公園", "pm_playtype": null, "pm_playarea": null, "pm_description": null, "pm_playeq": null, "ObjectId": 519}}, {"type": "Feature", "id": 522, "geometry": {"type": "Point", "coordinates": [121.49543762, 25.037260056]}, "properties": {"SeqNo": 775, "pm_name": "柳鄉公園", "pm_overview": "位於柳鄉社區中心，園內設施完善，延伸綠帶遍植不同灌木，深具觀賞教育價值。", "pm_unit": "萬華區公所", "pm_const_year": "1983", "pm_location": "環河南路二段100巷內", "pm_LandPublicArea": 1002, "pm_opening_s": "00:00:00", "pm_opening_e": "24:00", "pm_libie": "柳鄉里", "pm_phone": "02-23064468#281", "pm_sports": "支撐前進、大轉輪、水平吊梯", "pm_recreation": "搖搖樂、組合遊具", "pm_service": "洗手台、生飲台", "pm_other": null, "pm_transit": "公車路線搭重慶幹線至華中河濱公園", "pm_name_eng": "Liuxiang Park", "pm_ecology": null, "pm_type": "公園", "pm_playtype": "共融", "pm_playarea": 150, "pm_description": "共融式遊具", "pm_playeq": "彈跳床,搖滾盤,攀爬組,磨石滑梯,搖搖樂,翹翹板,搖搖樂,組合遊具,搖搖樂,組合遊具,鞦韆,攀爬組,磨石滑梯,翹翹板,組合遊具,翹翹板,木樁區,盪鞦韆,平衡木,彈跳床,搖搖樂,組合遊具,翹翹板,旋轉台,戲沙坑遊戲桌,搖搖樂,攀爬組,旋轉飛輪,組合遊具,翹翹板,磨石滑梯,攀爬組,磨石子滑梯,翹翹板,彈跳床,鳥巢鞦韆,戲沙坑,攀爬組,組合遊具,攀爬組,站立式搖動設備,組合遊具,翹翹板,小石搬運,搖搖馬,組合遊具,數字造型跳樁及水管隧道,搖滾盤,X型翹翹板,組合遊具,搖搖樂,組合遊具,旋轉桶椅,大旋轉組,組合遊具,搖搖樂,磨石滑梯,鳥巢鞦韆,旋轉桶椅,組合遊具,組合遊具,組合遊具,搖搖馬,組合遊具,翹翹板,搖搖樂,組合遊具,組合遊具,磨石滑梯,鞦韆及鳥巢鞦韆,彈跳床,攀爬組,木隧道,組合遊具,仿古代程沈船遊具,攀爬繩網組,攀爬組,鳥巢鞦韆,輪胎鞦韆,尿布鞦韆,沙坑,磨石子滑梯,旋轉台,彈跳床,雙滑軌溜索,搖搖馬,翹翹板,組合遊具,搖搖馬,組合遊具,攀爬組,組合遊具,組合遊具,攀爬組,搖搖馬,磨石子滑梯,旋轉杯,組合遊具,組合遊具,組合遊具,大轉轉杯,搖搖樂,組合遊具,翹翹板,滑梯,彈跳床,戲沙坑,擺盪船索,攀爬組,旋轉組,磨石滑梯,組合遊具,特色溜滑梯,攀爬組,旋轉棒,叢林攀爬組,4人旋轉器,搖搖樂,磨石滑梯,翹翹板,搖搖樂,組合遊具,組合遊具,組合遊具,爬繩,組合遊具(叢林攀爬組),獨木橋,組合遊具,遊戲板,組合遊具,攀爬組,盪鞦韆,搖搖樂,組合遊具,組合遊具,旋轉盤,鞦韆,攀爬組,旋轉盤,搖搖樂,組合遊具,特色溜滑梯,攀爬組,跳樁,鞦韆,搖搖馬,組合遊具,蹺蹺板,組合遊具,搖搖樂,組合遊具,組合遊具2,翹翹板及搖搖馬,組合遊具,天空樹溜滑梯,戲沙坑,搖搖樂,旋轉拉環,組合遊具, X型翹翹板,鞦韆,攀爬組,搖搖樂,組合遊具(村莊高塔),鞦韆,攀爬遊戲組,彈跳床,投籃機,擺盪船索,攀爬組,旋轉台,組合遊具,組合遊具,旋轉陀螺,旋轉台,組合遊具,攀爬組,搖搖樂,翹翹板,磨石滑梯,搖搖樂,跳樁,搖搖樂,攀爬組,組合遊具(滑梯小屋),旋轉盤,組合遊具,鳥巢盪鞦韆及一般坐式盪鞦韆,蝴蝶翹翹板,特色旋轉盤,金字塔滑梯組,機車搖搖樂,遊戲板,造型攀爬牆,攀爬網,組合遊具(環繞競技場遊具組),鞦韆,體能訓練平衡組,礫石坑,獨木樁,蜻蜓點水,木橋,平衡木,平衡木,跳樁,遊戲板,隧道,組合遊具(叢林攀爬組),搖晃板,組合遊具,遊戲板,隧道,組合遊具(遊戲城堡),旋轉座椅,競技攀爬遊具組,龍舟特色遊具組,滑梯,擊鼓,搖搖樂,組合遊具,翹翹板,組合遊具,翹翹板,木作組合遊具,搖搖樂,城堡遊戲組,大轉轉杯,搖搖樂,磨石滑梯,攀爬組,鞦韆,搖搖樂,組合遊具,組合遊具,搖滾盤,旋轉球椅,愛的搖籃,組合遊具,搖搖樂,旋轉杯,翹翹板,組合遊具,搖搖樂,組合遊具,搖搖樂,組合遊具,搖搖樂,組合遊具,攀爬組,搖搖樂,組合遊具,搖搖樂,組合遊具,組合遊具,彩虹琴,旋轉音樂盒,遊戲礫石坑,彈跳節拍,搖搖樂,組合遊具,翹翹板,組合遊具,組合遊具,搖搖樂,組合遊具,組合遊具,搖搖樂,組合遊具,攀爬組合滑梯,搖搖樂,組合遊具,組合遊具,翹翹板,組合遊具,搖搖樂,組合遊具,翹翹板,組合遊具,搖搖樂,翹翹板,旋轉杯,旋轉棒,搖搖樂,磨石滑梯,組合遊具,搖搖樂,攀爬組,旋轉台,磨石滑梯,組合遊具,跳樁,組合遊具,組合遊具,組合遊具,音樂球、叮噹管、歡樂鼓,無障礙旋轉盤,無障礙鞦韆,遊戲牆,滾輪滑梯,鳥巢鞦韆,旋轉杯,旋轉棒,鞦韆,小木屋,山丘滑梯,戲沙坑,搖搖樂,攀爬組,5人轉轉盤,彈跳床,戲沙坑,組合遊具,旋轉台,旋轉杯,旋轉棒, 磨石滑梯,翹翹板,遊戲板,鞦韆,組合遊具,攀爬組,磨石滑梯,磨石滑梯,組合遊具,火車特色滑梯,鞦韆,樹蛙籃球框,組合遊具,組合遊具,組合遊具,翹翹板,組合遊具,組合遊具,組合遊具,組合遊具,組合遊具,沙坑遊戲板,環型天梯無障礙上肢設施,旋轉杯,戲沙坑,攀爬組,磨石滑梯,跳樁,遊戲板,組合遊具,磨石滑梯,組合遊具,搖搖樂,組合遊具,組合遊具,組合遊具,磨石滑梯,翹翹板,搖搖樂,組合遊具,搖搖樂,組合遊具,組合遊具,搖搖樂,組合遊具-1,攀爬組,鞦韆,大港墘公園-沙坑,大港墘公園-磨石滑梯,大港墘公園-魔力飛盤鞦韆,大港墘公園-管型山丘,攀爬組,翹翹板,遊戲體能組,搖搖樂,組合遊具,搖搖樂,組合遊具,搖搖樂,組合遊具,搖搖樂,組合遊具,組合遊具,磨石滑梯,組合遊具,搖搖樂,組合遊具,搖搖樂,組合遊具,翹翹板,搖搖樂,搖搖樂,組合遊具,搖搖樂,組合遊具,搖搖樂,組合遊具,彈跳床,戲沙坑,攀爬組,磨石滑梯,組合遊具,鞦韆,搖搖樂,組合遊具,磨石滑梯,搖搖樂,磨石滑梯,鞦韆,組合遊具,鞦韆,戲沙坑,擺盪船索,組合遊具,搖搖樂,組合遊具,組合遊具,組合遊具,組合遊具,搖搖樂,組合遊具,戲沙坑,旋轉台,組合遊具,鞦韆,組合遊具,組合遊具,磨石滑梯,鞦韆,搖搖樂,組合遊具,攀爬架,搖搖樂,組合遊具,搖搖樂,搖搖樂,組合遊具,組合遊具,磨石滑梯,翹翹板,攀爬架,戲沙坑,船型遊具組,鞦韆,組合遊具,天旋地轉,組合遊具,組合遊具,搖搖樂,大轉轉杯,組合遊具,平衡木,搖搖樂,磨石滑梯,翹翹板,鞦韆,溜滑梯組合遊具,搖搖樂,翹翹板,木製攀爬架,搖搖樂,磨石滑梯,組合遊具,翹翹板,鞦韆,組合遊具,搖搖樂,組合遊具,組合遊具,組合遊具,擺盪螺旋跳跳樂,搖搖樂,攀爬組,磨石滑梯,鞦韆,組合遊具,鞦韆,組合遊具,搖搖樂,組合遊具,鞦韆,旋轉台,滾輪滑梯,組合遊具,翹翹板,遊戲板,搖搖樂,組合遊具,攀爬組,旋轉棒,磨石滑梯,搖搖樂,鞦韆,MONKEY BAR,宇宙穿梭機,時空訊息牆,景化小飛碟,黃金光束坡,搖搖樂,組合遊具,拉鍊響板,搖擺沙鈴,獅吼鼻頭,獅背攀爬網,獅眼滾珠迷宮,鈕扣獅,組合遊具,組合遊具,搖搖樂,組合遊具,搖搖樂,組合遊具,搖搖樂,組合遊具,鞦韆,翹翹板,組合遊具,搖搖樂,搖搖樂,組合遊具,組合遊具,戲沙坑,組合遊具,滑索(軌),鞦韆,搖搖馬,組合遊具,組合遊具,組合遊具,攀爬組,組合遊具,組合遊具,組合遊具,組合遊具,翹翹板,組合遊具, 磨石滑梯,組合遊具,攀爬組,磨石滑梯,搖搖樂,組合遊具,組合遊具,搖搖樂,戲沙坑,攀爬組,組合遊具,攀爬組,磨石滑梯,鞦韆,組合遊具,組合遊具,搖搖樂,磨石滑梯,組合遊具,搖搖樂,鞦韆,旋轉杯,組合遊具,翹翹板,組合遊具,搖搖樂,組合遊具,組合遊具,藤蔓綠森林組合遊具組,曲型單槓,搖搖樂,共融式旋轉碗碟,組合遊具,翹翹板,鞦韆,鞦韆,搖搖樂,組合遊具,組合遊具,探索年輪之環,板根網架,老松樹塔,組合遊具,組合遊具,鞦韆,原木擺盪攀爬遊具,旋轉擺盪座椅,擺盪船索,組合遊具,組合遊具,鞦韆,攀爬組,遊戲小屋,組合遊具,搖搖樂,翹翹板,組合遊具,旋轉木馬", "ObjectId": 522}}, {"type": "Feature", "id": 523, "geometry": {"type": "Point", "coordinates": [121.49681854, 25.038909912]}, "properties": {"SeqNo": 611, "pm_name": "桂林公園", "pm_overview": "花木扶疏，散步園中，自有怡然恬適之情。", "pm_unit": "萬華區公所", "pm_const_year": "1993", "pm_location": "環河南路二段與桂林路交口", "pm_LandPublicArea": 2137, "pm_opening_s": "00:00:00", "pm_opening_e": "24:00", "pm_libie": "青山里", "pm_phone": "02-23064468#281", "pm_sports": "大轉輪、多人壓腿器", "pm_recreation": null, "pm_service": null, "pm_other": null, "pm_transit": "公車路線搭18、9103至萬華分局", "pm_name_eng": "Guilin Park", "pm_ecology": null, "pm_type": "公園", "pm_playtype": null, "pm_playarea": null, "pm_description": null, "pm_playeq": null, "ObjectId": 523}}, {"type": "Feature", "id": 524, "geometry": {"type": "Point", "coordinates": [121.49411011, 25.035890579]}, "properties": {"SeqNo": 697, "pm_name": "華江一號公園", "pm_overview": "帶狀花台座落民宅中間，提供居民休憩空間視覺綠意。", "pm_unit": "萬華區公所", "pm_const_year": "1977", "pm_location": "和平西路三段309巷與環河南路二段158巷間", "pm_LandPublicArea": 298, "pm_opening_s": "00:00:00", "pm_opening_e": "24:00", "pm_libie": "柳鄉里", "pm_phone": "02-23064468#281", "pm_sports": null, "pm_recreation": null, "pm_service": null, "pm_other": null, "pm_transit": "捷運路線:搭板南線至龍山寺捷運站，公車路線搭18、9103至龍山國小", "pm_name_eng": "Huajiang Park No.1", "pm_ecology": null, "pm_type": "公園", "pm_playtype": null, "pm_playarea": null, "pm_description": null, "pm_playeq": null, "ObjectId": 524}}, {"type": "Feature", "id": 525, "geometry": {"type": "Point", "coordinates": [121.493461, 25.035028]}, "properties": {"SeqNo": 988, "pm_name": "華江七號公園", "pm_overview": "位於CJ86巷弄之間，三角式花臺構築蜿蜒的綠意景觀", "pm_unit": "萬華區公所", "pm_const_year": "1984", "pm_location": "和平西路三段302巷1號", "pm_LandPublicArea": 544, "pm_opening_s": "00:00:00", "pm_opening_e": "24:00", "pm_libie": "華江里", "pm_phone": "02-23064468#281", "pm_sports": null, "pm_recreation": null, "pm_service": null, "pm_other": null, "pm_transit": "捷運路線:搭板南線至龍山寺捷運站，公車路線搭1、18、38、568、907至華江派出所", "pm_name_eng": "Huajiang Park No.7", "pm_ecology": null, "pm_type": "公園", "pm_playtype": null, "pm_playarea": null, "pm_description": null, "pm_playeq": null, "ObjectId": 525}}, {"type": "Feature", "id": 527, "geometry": {"type": "Point", "coordinates": [121.49268341, 25.034059525]}, "properties": {"SeqNo": 735, "pm_name": "華江八號公園", "pm_overview": "花木扶疏，格局方正，綠意盎然，為華江社區居民常用的休閒公園。", "pm_unit": "萬華區公所", "pm_const_year": "1984", "pm_location": "環河南路二段250巷28弄旁", "pm_LandPublicArea": 1263, "pm_opening_s": "00:00:00", "pm_opening_e": "24:00", "pm_libie": "華江里", "pm_phone": "02-23064468#281", "pm_sports": "大轉輪、單槓、支撐前進", "pm_recreation": "組合遊具、搖搖樂", "pm_service": "直飲台", "pm_other": null, "pm_transit": "捷運路線:搭板南線至龍山寺捷運站，公車路線搭1、18、38、568、907至華江橋", "pm_name_eng": "Huajiang Park No.8", "pm_ecology": null, "pm_type": "公園", "pm_playtype": "一般", "pm_playarea": 111, "pm_description": "特色組合遊具，搖搖樂，蹺蹺板", "pm_playeq": "彈跳床,搖滾盤,攀爬組,磨石滑梯,搖搖樂,翹翹板,搖搖樂,組合遊具,搖搖樂,組合遊具,鞦韆,攀爬組,磨石滑梯,翹翹板,組合遊具,翹翹板,木樁區,盪鞦韆,平衡木,彈跳床,搖搖樂,組合遊具,翹翹板,旋轉台,戲沙坑遊戲桌,搖搖樂,攀爬組,旋轉飛輪,組合遊具,翹翹板,磨石滑梯,攀爬組,磨石子滑梯,翹翹板,彈跳床,鳥巢鞦韆,戲沙坑,攀爬組,組合遊具,攀爬組,站立式搖動設備,組合遊具,翹翹板,小石搬運,搖搖馬,組合遊具,數字造型跳樁及水管隧道,搖滾盤,X型翹翹板,組合遊具,搖搖樂,組合遊具,旋轉桶椅,大旋轉組,組合遊具,搖搖樂,磨石滑梯,鳥巢鞦韆,旋轉桶椅,組合遊具,組合遊具,組合遊具,搖搖馬,組合遊具,翹翹板,搖搖樂,組合遊具,組合遊具,磨石滑梯,鞦韆及鳥巢鞦韆,彈跳床,攀爬組,木隧道,組合遊具,仿古代程沈船遊具,攀爬繩網組,攀爬組,鳥巢鞦韆,輪胎鞦韆,尿布鞦韆,沙坑,磨石子滑梯,旋轉台,彈跳床,雙滑軌溜索,搖搖馬,翹翹板,組合遊具,搖搖馬,組合遊具,攀爬組,組合遊具,組合遊具,攀爬組,搖搖馬,磨石子滑梯,旋轉杯,組合遊具,組合遊具,組合遊具,大轉轉杯,搖搖樂,組合遊具,翹翹板,滑梯,彈跳床,戲沙坑,擺盪船索,攀爬組,旋轉組,磨石滑梯,組合遊具,特色溜滑梯,攀爬組,旋轉棒,叢林攀爬組,4人旋轉器,搖搖樂,磨石滑梯,翹翹板,搖搖樂,組合遊具,組合遊具,組合遊具,爬繩,組合遊具(叢林攀爬組),獨木橋,組合遊具,遊戲板,組合遊具,攀爬組,盪鞦韆,搖搖樂,組合遊具,組合遊具,旋轉盤,鞦韆,攀爬組,旋轉盤,搖搖樂,組合遊具,特色溜滑梯,攀爬組,跳樁,鞦韆,搖搖馬,組合遊具,蹺蹺板,組合遊具,搖搖樂,組合遊具,組合遊具2,翹翹板及搖搖馬,組合遊具,天空樹溜滑梯,戲沙坑,搖搖樂,旋轉拉環,組合遊具, X型翹翹板,鞦韆,攀爬組,搖搖樂,組合遊具(村莊高塔),鞦韆,攀爬遊戲組,彈跳床,投籃機,擺盪船索,攀爬組,旋轉台,組合遊具,組合遊具,旋轉陀螺,旋轉台,組合遊具,攀爬組,搖搖樂,翹翹板,磨石滑梯,搖搖樂,跳樁,搖搖樂,攀爬組,組合遊具(滑梯小屋),旋轉盤,組合遊具,鳥巢盪鞦韆及一般坐式盪鞦韆,蝴蝶翹翹板,特色旋轉盤,金字塔滑梯組,機車搖搖樂,遊戲板,造型攀爬牆,攀爬網,組合遊具(環繞競技場遊具組),鞦韆,體能訓練平衡組,礫石坑,獨木樁,蜻蜓點水,木橋,平衡木,平衡木,跳樁,遊戲板,隧道,組合遊具(叢林攀爬組),搖晃板,組合遊具,遊戲板,隧道,組合遊具(遊戲城堡),旋轉座椅,競技攀爬遊具組,龍舟特色遊具組,滑梯,擊鼓,搖搖樂,組合遊具,翹翹板,組合遊具,翹翹板,木作組合遊具,搖搖樂,城堡遊戲組,大轉轉杯,搖搖樂,磨石滑梯,攀爬組,鞦韆,搖搖樂,組合遊具,組合遊具,搖滾盤,旋轉球椅,愛的搖籃,組合遊具,搖搖樂,旋轉杯,翹翹板,組合遊具,搖搖樂,組合遊具,搖搖樂,組合遊具,搖搖樂,組合遊具,攀爬組,搖搖樂,組合遊具,搖搖樂,組合遊具,組合遊具,彩虹琴,旋轉音樂盒,遊戲礫石坑,彈跳節拍,搖搖樂,組合遊具,翹翹板,組合遊具,組合遊具,搖搖樂,組合遊具,組合遊具,搖搖樂,組合遊具,攀爬組合滑梯,搖搖樂,組合遊具,組合遊具,翹翹板,組合遊具,搖搖樂,組合遊具,翹翹板,組合遊具,搖搖樂,翹翹板,旋轉杯,旋轉棒,搖搖樂,磨石滑梯,組合遊具,搖搖樂,攀爬組,旋轉台,磨石滑梯,組合遊具,跳樁,組合遊具,組合遊具,組合遊具,音樂球、叮噹管、歡樂鼓,無障礙旋轉盤,無障礙鞦韆,遊戲牆,滾輪滑梯,鳥巢鞦韆,旋轉杯,旋轉棒,鞦韆,小木屋,山丘滑梯,戲沙坑,搖搖樂,攀爬組,5人轉轉盤,彈跳床,戲沙坑,組合遊具,旋轉台,旋轉杯,旋轉棒, 磨石滑梯,翹翹板,遊戲板,鞦韆,組合遊具,攀爬組,磨石滑梯,磨石滑梯,組合遊具,火車特色滑梯,鞦韆,樹蛙籃球框,組合遊具,組合遊具,組合遊具,翹翹板,組合遊具,組合遊具,組合遊具,組合遊具,組合遊具,沙坑遊戲板,環型天梯無障礙上肢設施,旋轉杯,戲沙坑,攀爬組,磨石滑梯,跳樁,遊戲板,組合遊具,磨石滑梯,組合遊具,搖搖樂,組合遊具,組合遊具,組合遊具,磨石滑梯,翹翹板,搖搖樂,組合遊具,搖搖樂,組合遊具,組合遊具,搖搖樂,組合遊具-1,攀爬組,鞦韆,大港墘公園-沙坑,大港墘公園-磨石滑梯,大港墘公園-魔力飛盤鞦韆,大港墘公園-管型山丘,攀爬組,翹翹板,遊戲體能組,搖搖樂,組合遊具,搖搖樂,組合遊具,搖搖樂,組合遊具,搖搖樂,組合遊具,組合遊具,磨石滑梯,組合遊具,搖搖樂,組合遊具,搖搖樂,組合遊具,翹翹板,搖搖樂,搖搖樂,組合遊具,搖搖樂,組合遊具,搖搖樂,組合遊具,彈跳床,戲沙坑,攀爬組,磨石滑梯,組合遊具,鞦韆,搖搖樂,組合遊具,磨石滑梯,搖搖樂,磨石滑梯,鞦韆,組合遊具,鞦韆,戲沙坑,擺盪船索,組合遊具,搖搖樂,組合遊具,組合遊具,組合遊具,組合遊具,搖搖樂,組合遊具,戲沙坑,旋轉台,組合遊具,鞦韆,組合遊具,組合遊具,磨石滑梯,鞦韆,搖搖樂,組合遊具,攀爬架,搖搖樂,組合遊具,搖搖樂,搖搖樂,組合遊具,組合遊具,磨石滑梯,翹翹板,攀爬架,戲沙坑,船型遊具組,鞦韆,組合遊具,天旋地轉,組合遊具,組合遊具,搖搖樂,大轉轉杯,組合遊具,平衡木,搖搖樂,磨石滑梯,翹翹板,鞦韆,溜滑梯組合遊具,搖搖樂,翹翹板,木製攀爬架,搖搖樂,磨石滑梯,組合遊具,翹翹板,鞦韆,組合遊具,搖搖樂,組合遊具,組合遊具,組合遊具,擺盪螺旋跳跳樂,搖搖樂,攀爬組,磨石滑梯,鞦韆,組合遊具,鞦韆,組合遊具,搖搖樂,組合遊具,鞦韆,旋轉台,滾輪滑梯,組合遊具,翹翹板,遊戲板,搖搖樂,組合遊具,攀爬組,旋轉棒,磨石滑梯,搖搖樂,鞦韆,MONKEY BAR,宇宙穿梭機,時空訊息牆,景化小飛碟,黃金光束坡,搖搖樂,組合遊具,拉鍊響板,搖擺沙鈴,獅吼鼻頭,獅背攀爬網,獅眼滾珠迷宮,鈕扣獅,組合遊具,組合遊具,搖搖樂,組合遊具,搖搖樂,組合遊具,搖搖樂,組合遊具,鞦韆,翹翹板,組合遊具,搖搖樂,搖搖樂,組合遊具,組合遊具,戲沙坑,組合遊具,滑索(軌),鞦韆,搖搖馬,組合遊具,組合遊具,組合遊具,攀爬組,組合遊具,組合遊具,組合遊具,組合遊具,翹翹板,組合遊具, 磨石滑梯,組合遊具,攀爬組,磨石滑梯,搖搖樂,組合遊具,組合遊具,搖搖樂,戲沙坑,攀爬組,組合遊具,攀爬組,磨石滑梯,鞦韆,組合遊具,組合遊具,搖搖樂,磨石滑梯,組合遊具,搖搖樂,鞦韆,旋轉杯,組合遊具,翹翹板,組合遊具,搖搖樂,組合遊具,組合遊具,藤蔓綠森林組合遊具組,曲型單槓,搖搖樂,共融式旋轉碗碟,組合遊具,翹翹板,鞦韆,鞦韆,搖搖樂,組合遊具,組合遊具,探索年輪之環,板根網架,老松樹塔,組合遊具,組合遊具,鞦韆,原木擺盪攀爬遊具,旋轉擺盪座椅,擺盪船索,組合遊具,組合遊具,鞦韆,攀爬組,遊戲小屋,組合遊具,搖搖樂,翹翹板,組合遊具,旋轉木馬,搖搖樂,組合遊具,翹翹板", "ObjectId": 527}}, {"type": "Feature", "id": 528, "geometry": {"type": "Point", "coordinates": [121.49865723, 25.038669586]}, "properties": {"SeqNo": 371, "pm_name": "華西公園", "pm_overview": "氣勢磅礡的石砌流瀑，順暢的步行空間與開放的綠意環境，輔以夜間照明，形塑可親怡人的公園風貌。", "pm_unit": "萬華區公所", "pm_const_year": "1987", "pm_location": "華西街21巷內(桂林路與華西街口)", "pm_LandPublicArea": 968, "pm_opening_s": "00:00:00", "pm_opening_e": "24:00", "pm_libie": "青山里", "pm_phone": "02-23064468#281", "pm_sports": null, "pm_recreation": "搖搖樂", "pm_service": "直飲台", "pm_other": null, "pm_transit": "公車路線搭18、9103至萬華分局", "pm_name_eng": "Huaxi Park", "pm_ecology": null, "pm_type": "公園", "pm_playtype": null, "pm_playarea": null, "pm_description": null, "pm_playeq": null, "ObjectId": 528}}, {"type": "Feature", "id": 529, "geometry": {"type": "Point", "coordinates": [121.4946462926, 25.0335490551]}, "properties": {"SeqNo": 386, "pm_name": "新糖廍公園(糖廍文化園區)", "pm_overview": "公園內保存了台灣最北的製糖遺構之臺北糖廠建物，是一個政府、進駐團體、社區居民三方合作讓閒置空間再造、打造良好生活空間的案例。", "pm_unit": "萬華區公所", "pm_const_year": "2009", "pm_location": "大理街160巷旁", "pm_LandPublicArea": 6650, "pm_opening_s": "00:00:00", "pm_opening_e": "24:00", "pm_libie": "糖廍里", "pm_phone": "02-23064468#281", "pm_sports": "大轉輪", "pm_recreation": "組合遊具、搖搖樂", "pm_service": "直飲台", "pm_other": null, "pm_transit": "捷運路線:搭板南線至龍山寺捷運站，公車路線搭667、956至時報大樓", "pm_name_eng": "Sugar Refinery Cultural Park", "pm_ecology": null, "pm_type": "公園", "pm_playtype": "特色", "pm_playarea": 266, "pm_description": "「 糖廍文化園區 」 是早期北台灣第一家製糖廠，古早開始即以甘蔗壓榨方式來製糖。 設計以 在地「糖」 元素作為遊戲場的概念發想，利用糖分子的分子式(五角、六角形)作為主遊具的型式 發想，整體糖廍意象遊具以角形設計， 加入攀爬網繩及溜滑梯創造連貫性遊戲行為，下方礫石鋪面可提供兒童抓握或堆疊等遊戲，期許遊戲場能為民眾提供更全面的服務。", "pm_playeq": "彈跳床,搖滾盤,攀爬組,磨石滑梯,搖搖樂,翹翹板,搖搖樂,組合遊具,搖搖樂,組合遊具,鞦韆,攀爬組,磨石滑梯,翹翹板,組合遊具,翹翹板,木樁區,盪鞦韆,平衡木,彈跳床,搖搖樂,組合遊具,翹翹板,旋轉台,戲沙坑遊戲桌,搖搖樂,攀爬組,旋轉飛輪,組合遊具,翹翹板,磨石滑梯,攀爬組,磨石子滑梯,翹翹板,彈跳床,鳥巢鞦韆,戲沙坑,攀爬組,組合遊具,攀爬組,站立式搖動設備,組合遊具,翹翹板,小石搬運,搖搖馬,組合遊具,數字造型跳樁及水管隧道,搖滾盤,X型翹翹板,組合遊具,搖搖樂,組合遊具,旋轉桶椅,大旋轉組,組合遊具,搖搖樂,磨石滑梯,鳥巢鞦韆,旋轉桶椅,組合遊具,組合遊具,組合遊具,搖搖馬,組合遊具,翹翹板,搖搖樂,組合遊具,組合遊具,磨石滑梯,鞦韆及鳥巢鞦韆,彈跳床,攀爬組,木隧道,組合遊具,仿古代程沈船遊具,攀爬繩網組,攀爬組,鳥巢鞦韆,輪胎鞦韆,尿布鞦韆,沙坑,磨石子滑梯,旋轉台,彈跳床,雙滑軌溜索,搖搖馬,翹翹板,組合遊具,搖搖馬,組合遊具,攀爬組,組合遊具,組合遊具,攀爬組,搖搖馬,磨石子滑梯,旋轉杯,組合遊具,組合遊具,組合遊具,大轉轉杯,搖搖樂,組合遊具,翹翹板,滑梯,彈跳床,戲沙坑,擺盪船索,攀爬組,旋轉組,磨石滑梯,組合遊具,特色溜滑梯,攀爬組,旋轉棒,叢林攀爬組,4人旋轉器,搖搖樂,磨石滑梯,翹翹板,搖搖樂,組合遊具,組合遊具,組合遊具,爬繩,組合遊具(叢林攀爬組),獨木橋,組合遊具,遊戲板,組合遊具,攀爬組,盪鞦韆,搖搖樂,組合遊具,組合遊具,旋轉盤,鞦韆,攀爬組,旋轉盤,搖搖樂,組合遊具,特色溜滑梯,攀爬組,跳樁,鞦韆,搖搖馬,組合遊具,蹺蹺板,組合遊具,搖搖樂,組合遊具,組合遊具2,翹翹板及搖搖馬,組合遊具,天空樹溜滑梯,戲沙坑,搖搖樂,旋轉拉環,組合遊具, X型翹翹板,鞦韆,攀爬組,搖搖樂,組合遊具(村莊高塔),鞦韆,攀爬遊戲組,彈跳床,投籃機,擺盪船索,攀爬組,旋轉台,組合遊具,組合遊具,旋轉陀螺,旋轉台,組合遊具,攀爬組,搖搖樂,翹翹板,磨石滑梯,搖搖樂,跳樁,搖搖樂,攀爬組,組合遊具(滑梯小屋),旋轉盤,組合遊具,鳥巢盪鞦韆及一般坐式盪鞦韆,蝴蝶翹翹板,特色旋轉盤,金字塔滑梯組,機車搖搖樂,遊戲板,造型攀爬牆,攀爬網,組合遊具(環繞競技場遊具組),鞦韆,體能訓練平衡組,礫石坑,獨木樁,蜻蜓點水,木橋,平衡木,平衡木,跳樁,遊戲板,隧道,組合遊具(叢林攀爬組),搖晃板,組合遊具,遊戲板,隧道,組合遊具(遊戲城堡),旋轉座椅,競技攀爬遊具組,龍舟特色遊具組,滑梯,擊鼓,搖搖樂,組合遊具,翹翹板,組合遊具,翹翹板,木作組合遊具,搖搖樂,城堡遊戲組,大轉轉杯,搖搖樂,磨石滑梯,攀爬組,鞦韆,搖搖樂,組合遊具,組合遊具,搖滾盤,旋轉球椅,愛的搖籃,組合遊具,搖搖樂,旋轉杯,翹翹板,組合遊具,搖搖樂,組合遊具,搖搖樂,組合遊具,搖搖樂,組合遊具,攀爬組,搖搖樂,組合遊具,搖搖樂,組合遊具,組合遊具,彩虹琴,旋轉音樂盒,遊戲礫石坑,彈跳節拍,搖搖樂,組合遊具,翹翹板,組合遊具,組合遊具,搖搖樂,組合遊具,組合遊具,搖搖樂,組合遊具,攀爬組合滑梯,搖搖樂,組合遊具,組合遊具,翹翹板,組合遊具,搖搖樂,組合遊具,翹翹板,組合遊具,搖搖樂,翹翹板,旋轉杯,旋轉棒,搖搖樂,磨石滑梯,組合遊具,搖搖樂,攀爬組,旋轉台,磨石滑梯,組合遊具,跳樁,組合遊具,組合遊具,組合遊具,音樂球、叮噹管、歡樂鼓,無障礙旋轉盤,無障礙鞦韆,遊戲牆,滾輪滑梯,鳥巢鞦韆,旋轉杯,旋轉棒,鞦韆,小木屋,山丘滑梯,戲沙坑,搖搖樂,攀爬組,5人轉轉盤,彈跳床,戲沙坑,組合遊具,旋轉台,旋轉杯,旋轉棒, 磨石滑梯,翹翹板,遊戲板,鞦韆,組合遊具,攀爬組,磨石滑梯,磨石滑梯,組合遊具,火車特色滑梯,鞦韆,樹蛙籃球框,組合遊具,組合遊具,組合遊具,翹翹板,組合遊具,組合遊具,組合遊具,組合遊具,組合遊具,沙坑遊戲板,環型天梯無障礙上肢設施,旋轉杯,戲沙坑,攀爬組,磨石滑梯,跳樁,遊戲板,組合遊具,磨石滑梯,組合遊具,搖搖樂,組合遊具,組合遊具,組合遊具,磨石滑梯,翹翹板,搖搖樂,組合遊具,搖搖樂,組合遊具,組合遊具,搖搖樂,組合遊具-1,攀爬組,鞦韆,大港墘公園-沙坑,大港墘公園-磨石滑梯,大港墘公園-魔力飛盤鞦韆,大港墘公園-管型山丘,攀爬組,翹翹板,遊戲體能組,搖搖樂,組合遊具,搖搖樂,組合遊具,搖搖樂,組合遊具,搖搖樂,組合遊具,組合遊具,磨石滑梯,組合遊具,搖搖樂,組合遊具,搖搖樂,組合遊具,翹翹板,搖搖樂,搖搖樂,組合遊具,搖搖樂,組合遊具,搖搖樂,組合遊具,彈跳床,戲沙坑,攀爬組,磨石滑梯,組合遊具,鞦韆,搖搖樂,組合遊具,磨石滑梯,搖搖樂,磨石滑梯,鞦韆,組合遊具,鞦韆,戲沙坑,擺盪船索,組合遊具,搖搖樂,組合遊具,組合遊具,組合遊具,組合遊具,搖搖樂,組合遊具,戲沙坑,旋轉台,組合遊具,鞦韆,組合遊具,組合遊具,磨石滑梯,鞦韆,搖搖樂,組合遊具,攀爬架,搖搖樂,組合遊具,搖搖樂,搖搖樂,組合遊具,組合遊具,磨石滑梯,翹翹板,攀爬架,戲沙坑,船型遊具組,鞦韆,組合遊具,天旋地轉,組合遊具,組合遊具,搖搖樂,大轉轉杯,組合遊具,平衡木,搖搖樂,磨石滑梯,翹翹板,鞦韆,溜滑梯組合遊具,搖搖樂,翹翹板,木製攀爬架,搖搖樂,磨石滑梯,組合遊具,翹翹板,鞦韆,組合遊具,搖搖樂,組合遊具,組合遊具,組合遊具,擺盪螺旋跳跳樂,搖搖樂,攀爬組,磨石滑梯,鞦韆,組合遊具,鞦韆,組合遊具,搖搖樂,組合遊具,鞦韆,旋轉台,滾輪滑梯,組合遊具,翹翹板,遊戲板,搖搖樂,組合遊具,攀爬組,旋轉棒,磨石滑梯,搖搖樂,鞦韆,MONKEY BAR,宇宙穿梭機,時空訊息牆,景化小飛碟,黃金光束坡,搖搖樂,組合遊具,拉鍊響板,搖擺沙鈴,獅吼鼻頭,獅背攀爬網,獅眼滾珠迷宮,鈕扣獅,組合遊具,組合遊具,搖搖樂,組合遊具,搖搖樂,組合遊具,搖搖樂,組合遊具,鞦韆,翹翹板,組合遊具,搖搖樂,搖搖樂,組合遊具,組合遊具,戲沙坑,組合遊具,滑索(軌),鞦韆,搖搖馬,組合遊具,組合遊具,組合遊具,攀爬組,組合遊具,組合遊具,組合遊具,組合遊具,翹翹板,組合遊具, 磨石滑梯,組合遊具,攀爬組,磨石滑梯,搖搖樂,組合遊具,組合遊具,搖搖樂,戲沙坑,攀爬組,組合遊具,攀爬組,磨石滑梯,鞦韆,組合遊具,組合遊具,搖搖樂,磨石滑梯,組合遊具,搖搖樂,鞦韆,旋轉杯,組合遊具,翹翹板,組合遊具,搖搖樂,組合遊具,組合遊具,藤蔓綠森林組合遊具組,曲型單槓,搖搖樂,共融式旋轉碗碟,組合遊具,翹翹板,鞦韆,鞦韆,搖搖樂,組合遊具,組合遊具,探索年輪之環,板根網架,老松樹塔,組合遊具,組合遊具,鞦韆,原木擺盪攀爬遊具,旋轉擺盪座椅,擺盪船索,組合遊具,組合遊具,鞦韆,攀爬組,遊戲小屋,組合遊具,搖搖樂,翹翹板,組合遊具,旋轉木馬,搖搖樂,組合遊具,翹翹板,搖滾盤,攀爬組,組合遊具", "ObjectId": 529}}, {"type": "Feature", "id": 530, "geometry": {"type": "Point", "coordinates": [121.50292206, 25.03594017]}, "properties": {"SeqNo": 99, "pm_name": "萬華51號公園", "pm_overview": "　　萬華51號公園位於萬華區富福里西園路1段與大理街交叉口，於民國70年間開闢完成，公園面積為845平方公尺，98-99年本府商業處的「樞紐商圈整合拓展計畫」將商圈內暨有文化、古蹟、美食及特色街區整合，並於公園內設置舞台、燈柱及商圈意象等造型，展現艋舺商圈整體意象。", "pm_unit": "園藝工程隊(西區分隊)", "pm_const_year": "1981", "pm_location": "萬華區富福里西園路1段與大理街交叉口", "pm_LandPublicArea": 845, "pm_opening_s": "00:00:00", "pm_opening_e": "24:00", "pm_libie": "富福里", "pm_phone": "02-23329386", "pm_sports": null, "pm_recreation": null, "pm_service": "座椅.舞台", "pm_other": null, "pm_transit": "265公車234公車705公車龍山寺站", "pm_name_eng": "Wanhua  Park  NO.51", "pm_ecology": null, "pm_type": "公園", "pm_playtype": null, "pm_playarea": null, "pm_description": null, "pm_playeq": null, "ObjectId": 530}}, {"type": "Feature", "id": 532, "geometry": {"type": "Point", "coordinates": [121.50591278, 25.046070099]}, "properties": {"SeqNo": 502, "pm_name": "福星公園", "pm_overview": "為臨近熱鬧的西門町電影街商圈，提供一輕鬆悠閒的休憩綠地。", "pm_unit": "萬華區公所", "pm_const_year": "2001", "pm_location": "漢口街與昆明街交叉口", "pm_LandPublicArea": 1332, "pm_opening_s": "00:00:00", "pm_opening_e": "24:00", "pm_libie": "福星里", "pm_phone": "02-23064468#281", "pm_sports": null, "pm_recreation": null, "pm_service": "直飲台", "pm_other": null, "pm_transit": "公車路線搭藍29至福星公園、搭302至漢口昆明街口", "pm_name_eng": "Fuxing Park", "pm_ecology": null, "pm_type": "公園", "pm_playtype": null, "pm_playarea": null, "pm_description": null, "pm_playeq": null, "ObjectId": 532}}, {"type": "Feature", "id": 533, "geometry": {"type": "Point", "coordinates": [121.49289703, 25.033210754]}, "properties": {"SeqNo": 594, "pm_name": "綠堤公園", "pm_overview": "青楓蒼鬱，設施完備，隨處可見的翩翩蝶影，夾雜親子嬉笑聲，增添一股悠雅的氣氛。", "pm_unit": "萬華區公所", "pm_const_year": "1984", "pm_location": "環河南路二段159巷邊", "pm_LandPublicArea": 1260, "pm_opening_s": "00:00:00", "pm_opening_e": "24:00", "pm_libie": "綠堤里", "pm_phone": "02-23064468#281", "pm_sports": "支撐前進、雙人肩關節康復器、划船器", "pm_recreation": "組合遊具", "pm_service": null, "pm_other": null, "pm_transit": "公車路線搭1、18、38、568、907至華江橋", "pm_name_eng": "Luti Park", "pm_ecology": null, "pm_type": "公園", "pm_playtype": "一般", "pm_playarea": 87, "pm_description": "組合遊具", "pm_playeq": "彈跳床,搖滾盤,攀爬組,磨石滑梯,搖搖樂,翹翹板,搖搖樂,組合遊具,搖搖樂,組合遊具,鞦韆,攀爬組,磨石滑梯,翹翹板,組合遊具,翹翹板,木樁區,盪鞦韆,平衡木,彈跳床,搖搖樂,組合遊具,翹翹板,旋轉台,戲沙坑遊戲桌,搖搖樂,攀爬組,旋轉飛輪,組合遊具,翹翹板,磨石滑梯,攀爬組,磨石子滑梯,翹翹板,彈跳床,鳥巢鞦韆,戲沙坑,攀爬組,組合遊具,攀爬組,站立式搖動設備,組合遊具,翹翹板,小石搬運,搖搖馬,組合遊具,數字造型跳樁及水管隧道,搖滾盤,X型翹翹板,組合遊具,搖搖樂,組合遊具,旋轉桶椅,大旋轉組,組合遊具,搖搖樂,磨石滑梯,鳥巢鞦韆,旋轉桶椅,組合遊具,組合遊具,組合遊具,搖搖馬,組合遊具,翹翹板,搖搖樂,組合遊具,組合遊具,磨石滑梯,鞦韆及鳥巢鞦韆,彈跳床,攀爬組,木隧道,組合遊具,仿古代程沈船遊具,攀爬繩網組,攀爬組,鳥巢鞦韆,輪胎鞦韆,尿布鞦韆,沙坑,磨石子滑梯,旋轉台,彈跳床,雙滑軌溜索,搖搖馬,翹翹板,組合遊具,搖搖馬,組合遊具,攀爬組,組合遊具,組合遊具,攀爬組,搖搖馬,磨石子滑梯,旋轉杯,組合遊具,組合遊具,組合遊具,大轉轉杯,搖搖樂,組合遊具,翹翹板,滑梯,彈跳床,戲沙坑,擺盪船索,攀爬組,旋轉組,磨石滑梯,組合遊具,特色溜滑梯,攀爬組,旋轉棒,叢林攀爬組,4人旋轉器,搖搖樂,磨石滑梯,翹翹板,搖搖樂,組合遊具,組合遊具,組合遊具,爬繩,組合遊具(叢林攀爬組),獨木橋,組合遊具,遊戲板,組合遊具,攀爬組,盪鞦韆,搖搖樂,組合遊具,組合遊具,旋轉盤,鞦韆,攀爬組,旋轉盤,搖搖樂,組合遊具,特色溜滑梯,攀爬組,跳樁,鞦韆,搖搖馬,組合遊具,蹺蹺板,組合遊具,搖搖樂,組合遊具,組合遊具2,翹翹板及搖搖馬,組合遊具,天空樹溜滑梯,戲沙坑,搖搖樂,旋轉拉環,組合遊具, X型翹翹板,鞦韆,攀爬組,搖搖樂,組合遊具(村莊高塔),鞦韆,攀爬遊戲組,彈跳床,投籃機,擺盪船索,攀爬組,旋轉台,組合遊具,組合遊具,旋轉陀螺,旋轉台,組合遊具,攀爬組,搖搖樂,翹翹板,磨石滑梯,搖搖樂,跳樁,搖搖樂,攀爬組,組合遊具(滑梯小屋),旋轉盤,組合遊具,鳥巢盪鞦韆及一般坐式盪鞦韆,蝴蝶翹翹板,特色旋轉盤,金字塔滑梯組,機車搖搖樂,遊戲板,造型攀爬牆,攀爬網,組合遊具(環繞競技場遊具組),鞦韆,體能訓練平衡組,礫石坑,獨木樁,蜻蜓點水,木橋,平衡木,平衡木,跳樁,遊戲板,隧道,組合遊具(叢林攀爬組),搖晃板,組合遊具,遊戲板,隧道,組合遊具(遊戲城堡),旋轉座椅,競技攀爬遊具組,龍舟特色遊具組,滑梯,擊鼓,搖搖樂,組合遊具,翹翹板,組合遊具,翹翹板,木作組合遊具,搖搖樂,城堡遊戲組,大轉轉杯,搖搖樂,磨石滑梯,攀爬組,鞦韆,搖搖樂,組合遊具,組合遊具,搖滾盤,旋轉球椅,愛的搖籃,組合遊具,搖搖樂,旋轉杯,翹翹板,組合遊具,搖搖樂,組合遊具,搖搖樂,組合遊具,搖搖樂,組合遊具,攀爬組,搖搖樂,組合遊具,搖搖樂,組合遊具,組合遊具,彩虹琴,旋轉音樂盒,遊戲礫石坑,彈跳節拍,搖搖樂,組合遊具,翹翹板,組合遊具,組合遊具,搖搖樂,組合遊具,組合遊具,搖搖樂,組合遊具,攀爬組合滑梯,搖搖樂,組合遊具,組合遊具,翹翹板,組合遊具,搖搖樂,組合遊具,翹翹板,組合遊具,搖搖樂,翹翹板,旋轉杯,旋轉棒,搖搖樂,磨石滑梯,組合遊具,搖搖樂,攀爬組,旋轉台,磨石滑梯,組合遊具,跳樁,組合遊具,組合遊具,組合遊具,音樂球、叮噹管、歡樂鼓,無障礙旋轉盤,無障礙鞦韆,遊戲牆,滾輪滑梯,鳥巢鞦韆,旋轉杯,旋轉棒,鞦韆,小木屋,山丘滑梯,戲沙坑,搖搖樂,攀爬組,5人轉轉盤,彈跳床,戲沙坑,組合遊具,旋轉台,旋轉杯,旋轉棒, 磨石滑梯,翹翹板,遊戲板,鞦韆,組合遊具,攀爬組,磨石滑梯,磨石滑梯,組合遊具,火車特色滑梯,鞦韆,樹蛙籃球框,組合遊具,組合遊具,組合遊具,翹翹板,組合遊具,組合遊具,組合遊具,組合遊具,組合遊具,沙坑遊戲板,環型天梯無障礙上肢設施,旋轉杯,戲沙坑,攀爬組,磨石滑梯,跳樁,遊戲板,組合遊具,磨石滑梯,組合遊具,搖搖樂,組合遊具,組合遊具,組合遊具,磨石滑梯,翹翹板,搖搖樂,組合遊具,搖搖樂,組合遊具,組合遊具,搖搖樂,組合遊具-1,攀爬組,鞦韆,大港墘公園-沙坑,大港墘公園-磨石滑梯,大港墘公園-魔力飛盤鞦韆,大港墘公園-管型山丘,攀爬組,翹翹板,遊戲體能組,搖搖樂,組合遊具,搖搖樂,組合遊具,搖搖樂,組合遊具,搖搖樂,組合遊具,組合遊具,磨石滑梯,組合遊具,搖搖樂,組合遊具,搖搖樂,組合遊具,翹翹板,搖搖樂,搖搖樂,組合遊具,搖搖樂,組合遊具,搖搖樂,組合遊具,彈跳床,戲沙坑,攀爬組,磨石滑梯,組合遊具,鞦韆,搖搖樂,組合遊具,磨石滑梯,搖搖樂,磨石滑梯,鞦韆,組合遊具,鞦韆,戲沙坑,擺盪船索,組合遊具,搖搖樂,組合遊具,組合遊具,組合遊具,組合遊具,搖搖樂,組合遊具,戲沙坑,旋轉台,組合遊具,鞦韆,組合遊具,組合遊具,磨石滑梯,鞦韆,搖搖樂,組合遊具,攀爬架,搖搖樂,組合遊具,搖搖樂,搖搖樂,組合遊具,組合遊具,磨石滑梯,翹翹板,攀爬架,戲沙坑,船型遊具組,鞦韆,組合遊具,天旋地轉,組合遊具,組合遊具,搖搖樂,大轉轉杯,組合遊具,平衡木,搖搖樂,磨石滑梯,翹翹板,鞦韆,溜滑梯組合遊具,搖搖樂,翹翹板,木製攀爬架,搖搖樂,磨石滑梯,組合遊具,翹翹板,鞦韆,組合遊具,搖搖樂,組合遊具,組合遊具,組合遊具,擺盪螺旋跳跳樂,搖搖樂,攀爬組,磨石滑梯,鞦韆,組合遊具,鞦韆,組合遊具,搖搖樂,組合遊具,鞦韆,旋轉台,滾輪滑梯,組合遊具,翹翹板,遊戲板,搖搖樂,組合遊具,攀爬組,旋轉棒,磨石滑梯,搖搖樂,鞦韆,MONKEY BAR,宇宙穿梭機,時空訊息牆,景化小飛碟,黃金光束坡,搖搖樂,組合遊具,拉鍊響板,搖擺沙鈴,獅吼鼻頭,獅背攀爬網,獅眼滾珠迷宮,鈕扣獅,組合遊具,組合遊具,搖搖樂,組合遊具,搖搖樂,組合遊具,搖搖樂,組合遊具,鞦韆,翹翹板,組合遊具,搖搖樂,搖搖樂,組合遊具,組合遊具,戲沙坑,組合遊具,滑索(軌),鞦韆,搖搖馬,組合遊具,組合遊具,組合遊具,攀爬組,組合遊具,組合遊具,組合遊具,組合遊具,翹翹板,組合遊具, 磨石滑梯,組合遊具,攀爬組,磨石滑梯,搖搖樂,組合遊具,組合遊具,搖搖樂,戲沙坑,攀爬組,組合遊具,攀爬組,磨石滑梯,鞦韆,組合遊具,組合遊具,搖搖樂,磨石滑梯,組合遊具,搖搖樂,鞦韆,旋轉杯,組合遊具,翹翹板,組合遊具,搖搖樂,組合遊具,組合遊具,藤蔓綠森林組合遊具組,曲型單槓,搖搖樂,共融式旋轉碗碟,組合遊具,翹翹板,鞦韆,鞦韆,搖搖樂,組合遊具,組合遊具,探索年輪之環,板根網架,老松樹塔,組合遊具,組合遊具,鞦韆,原木擺盪攀爬遊具,旋轉擺盪座椅,擺盪船索,組合遊具,組合遊具,鞦韆,攀爬組,遊戲小屋,組合遊具,搖搖樂,翹翹板,組合遊具,旋轉木馬,搖搖樂,組合遊具,翹翹板,搖滾盤,攀爬組,組合遊具,組合遊具,組合遊具", "ObjectId": 533}}, {"type": "Feature", "id": 534, "geometry": {"type": "Point", "coordinates": [121.49472046, 25.034889221]}, "properties": {"SeqNo": 772, "pm_name": "聚德公園", "pm_overview": "兒童遊戲場設施完備，輔以旁邊花台綠意，增添親子互動。", "pm_unit": "萬華區公所", "pm_const_year": "1977", "pm_location": "大理街175巷及和平西路三段286巷1弄間", "pm_LandPublicArea": 510, "pm_opening_s": "00:00:00", "pm_opening_e": "24:00", "pm_libie": "糖廍里", "pm_phone": "02-23064468#281", "pm_sports": "肩關節康復器、大轉輪、水平吊梯", "pm_recreation": null, "pm_service": null, "pm_other": null, "pm_transit": "捷運路線:搭板南線至龍山寺捷運站，公車路線搭18、9103至龍山國小、搭907、568、38至中國時報、搭1、38至華江橋", "pm_name_eng": "Jude Park", "pm_ecology": null, "pm_type": "公園", "pm_playtype": null, "pm_playarea": null, "pm_description": null, "pm_playeq": null, "ObjectId": 534}}, {"type": "Feature", "id": 535, "geometry": {"type": "Point", "coordinates": [121.4999117105, 25.0360378506]}, "properties": {"SeqNo": 507, "pm_name": "艋舺公園", "pm_overview": "成立時間及沿革：\r\n       「艋舺」亦作「蟒甲」、「蚊甲」、「莽葛」或「文甲」，為原住民Moungar之音譯，意指獨木舟及獨木舟聚集之處，原住民以獨木舟為運輸、貿易之交通工具，淡水河畔之漢人聚落遂因此而得「艋舺」之名。 　　\r\n        乾隆5年（1740）龍山寺竣工，此地形因係「美人穴」，便於寺前曠地開鑿一蓮花池，形成所謂「美人照鏡」，大正13年（1924）龍山寺重修，寺前空地建造公園，以龍身噴水池作為鏡池， \r\n        民國74年內政部公告龍山寺為第二級古蹟，成為本市著名之觀光景點，民國81年市府回復其寺前空地為「民俗公園」，民國84年市府委由羅墀璜建築師事務所依本地風土民情及都市更新原則規劃設計本公園，並於民國88年2月14日由市長馬英九先生主持開工動土，歷經6年於民國94年1月22日由馬英九市長主持啟用典禮。 　　\r\n        艋舺公園為市府「翻轉軸線、再造西區」的重要市政建設之一，公園之啟用與龍山寺將併同成為本市歷史、文化與宗教之重要景點，可望帶來都市西區再發展，並活絡商機、重塑國際觀光勝地，再現艋舺二百年之風華。 公園特色及內容： 　　公園四周分別為廣州街、西園路、和平西路及三水街所圍繞，地下一、二層為商場，地下三、四層為停車場，臨廣州街側以星象誌廟埕廣場與龍山寺相接，其餘三面由ㄇ字型的迴廊所組成，迴廊環抱中央綠帶；地面設施規劃主要以獨木舟（龍型船雕塑）、水池（美人照鏡池）與龍的意象為要素；鄰廣州街的廣場就是龍山寺廟埕的延伸，藉以擴大廟埕之功能並延續其意象，重新連接龍山寺與早期艋舺的發展史。 （一）廟埕廣場： 　　　位於公園北緣、臨龍山寺，其星象誌活動廣場以結合中國星宿與西洋12星座之星象圖誌手法設計，共嵌入2,000多顆小星星，到了夜晚便會散發不同顏色的光芒，其中800多顆會主動閃閃發光，意味著佛祖照映大地，眾星雲集之意，並裝設光纖系統搭配觸控式導覽螢幕，進行星象表演。 （二）美人照鏡池：結合中國風水，依北斗七星方位配置觀景平臺，引入青龍在左、白虎據右的風水格局，左側以高層變化營造出青龍盤據的氣勢，右側虎邊則採抽象寫意手法設計？自然俊逸之山型，且結合水與光元素的現代科技，由不同方位的噴泉築起各式水幕，隨著音樂池中水柱還會變換噴射高度，搭配著池底彩色燈光呈現出各種不同變化之音樂噴泉，在夜晚則可表演直徑15公尺寬之水幕電影。 （三）西三水街廣場：西三水街為本地區早期港灣商家聚居交易所在處，考量公園東側及西側現有交易市場之活絡，以廣場做為動線串聯角色，於廣場內所設置之左鐘右鼓，代表暮鼓晨鐘之吉祥意義，亦象徵本公園為龍山寺之前庭。 （四）龍、船型雕塑：位於公園東側設置龍型雕塑象徵中國風水中左青龍之吉祥意，公園西側設置船型雕塑，反應本地區先民早期多以獨木舟為運輸、渡河、貿易等使用之交通工具。 （五）文化藝廊：本公園ㄇ字型的廊道屋頂採強化玻璃及琺瑯板結構，仿屋瓦型態設計，除提供通行、休憩、遮陽極遮與之功能，另因其透光性強，夜間經由燈光照射，將可營造出明亮之天際線。 （六）南側廣場：臨和平西路側，為呈現地方特色並呼應龍山寺，於廣場前設一牌樓，以金鎖片做為牌樓樣式，象徵萬華地區之發展，其廣場舖面上設置有青銅地標更加強化公園入口意象。 地理位置與面積： （一）位置：本公園位於萬華區，北臨廣州街，西接西園路，南側為和平西路，東邊則為三水街市場。 （二）面積：1.3322公頃。 （三）設施：地下停車場、地下街商場、星象誌、美人照鏡池。", "pm_unit": "青年公園管理所", "pm_const_year": "2004", "pm_location": "廣州街,西園路交叉口.(原龍山寺公園)", "pm_LandPublicArea": 13373, "pm_opening_s": "00:00:00", "pm_opening_e": "24:00", "pm_libie": "富民里", "pm_phone": "02-23032451", "pm_sports": null, "pm_recreation": null, "pm_service": "公廁", "pm_other": null, "pm_transit": "捷運路線:搭板南線至龍山寺捷運站，公車路線搭1、49、231、245、264、310、568、656、658、701、907、仁愛幹線至捷運龍山寺站", "pm_name_eng": "Bangka Park", "pm_ecology": null, "pm_type": "公園", "pm_playtype": null, "pm_playarea": null, "pm_description": null, "pm_playeq": null, "ObjectId": 535}}, {"type": "Feature", "id": 536, "geometry": {"type": "Point", "coordinates": [121.4946526053, 25.0343931129]}, "properties": {"SeqNo": 623, "pm_name": "糖廍公園", "pm_overview": "於大理社區核心的點狀綠帶，多樣植栽，配合昔時榨糖石磨，饒富人文趣味。", "pm_unit": "萬華區公所", "pm_const_year": "2022", "pm_location": "大理街175巷內", "pm_LandPublicArea": 6650, "pm_opening_s": "00:00:00", "pm_opening_e": "24:00", "pm_libie": "糖蔀里", "pm_phone": "02-23064468#281", "pm_sports": null, "pm_recreation": null, "pm_service": null, "pm_other": null, "pm_transit": "捷運路線:搭板南線至龍山寺捷運站，公車路線搭667、956至時報大樓", "pm_name_eng": "Tangbu Park", "pm_ecology": null, "pm_type": "公園", "pm_playtype": "特色", "pm_playarea": 266, "pm_description": null, "pm_playeq": null, "ObjectId": 536}}, {"type": "Feature", "id": 538, "geometry": {"type": "Point", "coordinates": [121.50309753, 25.039159775]}, "properties": {"SeqNo": 443, "pm_name": "萬華266號綠地", "pm_overview": "　　萬華266號綠地位於萬華區菜園里康定路與貴陽街2段交叉口，於民國60年間開闢完成，綠地面積為200平方公尺，附近有艋舺清水巖祖師廟及市定古蹟青山宮，綠地內花木扶疏除增添道路景觀外，另設置簡易兒童遊具、座椅等提供民眾休憩，103年底新碩建設公司申請認養改造，針對綠地植栽總體規劃改造，改造後之景觀別有一番風格！", "pm_unit": "園藝工程隊(西區分隊)", "pm_const_year": "1971", "pm_location": "萬華區菜園里康定路與貴陽街2段交叉口", "pm_LandPublicArea": 478, "pm_opening_s": "00:00:00", "pm_opening_e": "24:00", "pm_libie": "菜園里", "pm_phone": "02-23329386", "pm_sports": null, "pm_recreation": "溜滑梯", "pm_service": null, "pm_other": null, "pm_transit": "49.62.264.527公車站祖師廟", "pm_name_eng": "Wanhua  Green  NO.266", "pm_ecology": null, "pm_type": "綠地", "pm_playtype": "一般", "pm_playarea": 200, "pm_description": null, "pm_playeq": "彈跳床,搖滾盤,攀爬組,磨石滑梯,搖搖樂,翹翹板,搖搖樂,組合遊具,搖搖樂,組合遊具,鞦韆,攀爬組,磨石滑梯,翹翹板,組合遊具,翹翹板,木樁區,盪鞦韆,平衡木,彈跳床,搖搖樂,組合遊具,翹翹板,旋轉台,戲沙坑遊戲桌,搖搖樂,攀爬組,旋轉飛輪,組合遊具,翹翹板,磨石滑梯,攀爬組,磨石子滑梯,翹翹板,彈跳床,鳥巢鞦韆,戲沙坑,攀爬組,組合遊具,攀爬組,站立式搖動設備,組合遊具,翹翹板,小石搬運,搖搖馬,組合遊具,數字造型跳樁及水管隧道,搖滾盤,X型翹翹板,組合遊具,搖搖樂,組合遊具,旋轉桶椅,大旋轉組,組合遊具,搖搖樂,磨石滑梯,鳥巢鞦韆,旋轉桶椅,組合遊具,組合遊具,組合遊具,搖搖馬,組合遊具,翹翹板,搖搖樂,組合遊具,組合遊具,磨石滑梯,鞦韆及鳥巢鞦韆,彈跳床,攀爬組,木隧道,組合遊具,仿古代程沈船遊具,攀爬繩網組,攀爬組,鳥巢鞦韆,輪胎鞦韆,尿布鞦韆,沙坑,磨石子滑梯,旋轉台,彈跳床,雙滑軌溜索,搖搖馬,翹翹板,組合遊具,搖搖馬,組合遊具,攀爬組,組合遊具,組合遊具,攀爬組,搖搖馬,磨石子滑梯,旋轉杯,組合遊具,組合遊具,組合遊具,大轉轉杯,搖搖樂,組合遊具,翹翹板,滑梯,彈跳床,戲沙坑,擺盪船索,攀爬組,旋轉組,磨石滑梯,組合遊具,特色溜滑梯,攀爬組,旋轉棒,叢林攀爬組,4人旋轉器,搖搖樂,磨石滑梯,翹翹板,搖搖樂,組合遊具,組合遊具,組合遊具,爬繩,組合遊具(叢林攀爬組),獨木橋,組合遊具,遊戲板,組合遊具,攀爬組,盪鞦韆,搖搖樂,組合遊具,組合遊具,旋轉盤,鞦韆,攀爬組,旋轉盤,搖搖樂,組合遊具,特色溜滑梯,攀爬組,跳樁,鞦韆,搖搖馬,組合遊具,蹺蹺板,組合遊具,搖搖樂,組合遊具,組合遊具2,翹翹板及搖搖馬,組合遊具,天空樹溜滑梯,戲沙坑,搖搖樂,旋轉拉環,組合遊具, X型翹翹板,鞦韆,攀爬組,搖搖樂,組合遊具(村莊高塔),鞦韆,攀爬遊戲組,彈跳床,投籃機,擺盪船索,攀爬組,旋轉台,組合遊具,組合遊具,旋轉陀螺,旋轉台,組合遊具,攀爬組,搖搖樂,翹翹板,磨石滑梯,搖搖樂,跳樁,搖搖樂,攀爬組,組合遊具(滑梯小屋),旋轉盤,組合遊具,鳥巢盪鞦韆及一般坐式盪鞦韆,蝴蝶翹翹板,特色旋轉盤,金字塔滑梯組,機車搖搖樂,遊戲板,造型攀爬牆,攀爬網,組合遊具(環繞競技場遊具組),鞦韆,體能訓練平衡組,礫石坑,獨木樁,蜻蜓點水,木橋,平衡木,平衡木,跳樁,遊戲板,隧道,組合遊具(叢林攀爬組),搖晃板,組合遊具,遊戲板,隧道,組合遊具(遊戲城堡),旋轉座椅,競技攀爬遊具組,龍舟特色遊具組,滑梯,擊鼓,搖搖樂,組合遊具,翹翹板,組合遊具,翹翹板,木作組合遊具,搖搖樂,城堡遊戲組,大轉轉杯,搖搖樂,磨石滑梯,攀爬組,鞦韆,搖搖樂,組合遊具,組合遊具,搖滾盤,旋轉球椅,愛的搖籃,組合遊具,搖搖樂,旋轉杯,翹翹板,組合遊具,搖搖樂,組合遊具,搖搖樂,組合遊具,搖搖樂,組合遊具,攀爬組,搖搖樂,組合遊具,搖搖樂,組合遊具,組合遊具,彩虹琴,旋轉音樂盒,遊戲礫石坑,彈跳節拍,搖搖樂,組合遊具,翹翹板,組合遊具,組合遊具,搖搖樂,組合遊具,組合遊具,搖搖樂,組合遊具,攀爬組合滑梯,搖搖樂,組合遊具,組合遊具,翹翹板,組合遊具,搖搖樂,組合遊具,翹翹板,組合遊具,搖搖樂,翹翹板,旋轉杯,旋轉棒,搖搖樂,磨石滑梯,組合遊具,搖搖樂,攀爬組,旋轉台,磨石滑梯,組合遊具,跳樁,組合遊具,組合遊具,組合遊具,音樂球、叮噹管、歡樂鼓,無障礙旋轉盤,無障礙鞦韆,遊戲牆,滾輪滑梯,鳥巢鞦韆,旋轉杯,旋轉棒,鞦韆,小木屋,山丘滑梯,戲沙坑,搖搖樂,攀爬組,5人轉轉盤,彈跳床,戲沙坑,組合遊具,旋轉台,旋轉杯,旋轉棒, 磨石滑梯,翹翹板,遊戲板,鞦韆,組合遊具,攀爬組,磨石滑梯,磨石滑梯,組合遊具,火車特色滑梯,鞦韆,樹蛙籃球框,組合遊具,組合遊具,組合遊具,翹翹板,組合遊具,組合遊具,組合遊具,組合遊具,組合遊具,沙坑遊戲板,環型天梯無障礙上肢設施,旋轉杯,戲沙坑,攀爬組,磨石滑梯,跳樁,遊戲板,組合遊具,磨石滑梯,組合遊具,搖搖樂,組合遊具,組合遊具,組合遊具,磨石滑梯,翹翹板,搖搖樂,組合遊具,搖搖樂,組合遊具,組合遊具,搖搖樂,組合遊具-1,攀爬組,鞦韆,大港墘公園-沙坑,大港墘公園-磨石滑梯,大港墘公園-魔力飛盤鞦韆,大港墘公園-管型山丘,攀爬組,翹翹板,遊戲體能組,搖搖樂,組合遊具,搖搖樂,組合遊具,搖搖樂,組合遊具,搖搖樂,組合遊具,組合遊具,磨石滑梯,組合遊具,搖搖樂,組合遊具,搖搖樂,組合遊具,翹翹板,搖搖樂,搖搖樂,組合遊具,搖搖樂,組合遊具,搖搖樂,組合遊具,彈跳床,戲沙坑,攀爬組,磨石滑梯,組合遊具,鞦韆,搖搖樂,組合遊具,磨石滑梯,搖搖樂,磨石滑梯,鞦韆,組合遊具,鞦韆,戲沙坑,擺盪船索,組合遊具,搖搖樂,組合遊具,組合遊具,組合遊具,組合遊具,搖搖樂,組合遊具,戲沙坑,旋轉台,組合遊具,鞦韆,組合遊具,組合遊具,磨石滑梯,鞦韆,搖搖樂,組合遊具,攀爬架,搖搖樂,組合遊具,搖搖樂,搖搖樂,組合遊具,組合遊具,磨石滑梯,翹翹板,攀爬架,戲沙坑,船型遊具組,鞦韆,組合遊具,天旋地轉,組合遊具,組合遊具,搖搖樂,大轉轉杯,組合遊具,平衡木,搖搖樂,磨石滑梯,翹翹板,鞦韆,溜滑梯組合遊具,搖搖樂,翹翹板,木製攀爬架,搖搖樂,磨石滑梯,組合遊具,翹翹板,鞦韆,組合遊具,搖搖樂,組合遊具,組合遊具,組合遊具,擺盪螺旋跳跳樂,搖搖樂,攀爬組,磨石滑梯,鞦韆,組合遊具,鞦韆,組合遊具,搖搖樂,組合遊具,鞦韆,旋轉台,滾輪滑梯,組合遊具,翹翹板,遊戲板,搖搖樂,組合遊具,攀爬組,旋轉棒,磨石滑梯,搖搖樂,鞦韆,MONKEY BAR,宇宙穿梭機,時空訊息牆,景化小飛碟,黃金光束坡,搖搖樂,組合遊具,拉鍊響板,搖擺沙鈴,獅吼鼻頭,獅背攀爬網,獅眼滾珠迷宮,鈕扣獅,組合遊具,組合遊具,搖搖樂,組合遊具,搖搖樂,組合遊具,搖搖樂,組合遊具,鞦韆,翹翹板,組合遊具,搖搖樂,搖搖樂,組合遊具,組合遊具,戲沙坑,組合遊具,滑索(軌),鞦韆,搖搖馬,組合遊具,組合遊具,組合遊具,攀爬組,組合遊具,組合遊具,組合遊具,組合遊具,翹翹板,組合遊具, 磨石滑梯,組合遊具,攀爬組,磨石滑梯,搖搖樂,組合遊具,組合遊具,搖搖樂,戲沙坑,攀爬組,組合遊具,攀爬組,磨石滑梯,鞦韆,組合遊具,組合遊具,搖搖樂,磨石滑梯,組合遊具,搖搖樂,鞦韆,旋轉杯,組合遊具,翹翹板,組合遊具,搖搖樂,組合遊具,組合遊具,藤蔓綠森林組合遊具組,曲型單槓,搖搖樂,共融式旋轉碗碟,組合遊具,翹翹板,鞦韆,鞦韆,搖搖樂,組合遊具,組合遊具,探索年輪之環,板根網架,老松樹塔,組合遊具,組合遊具,鞦韆,原木擺盪攀爬遊具,旋轉擺盪座椅,擺盪船索,組合遊具,組合遊具,鞦韆,攀爬組,遊戲小屋,組合遊具,搖搖樂,翹翹板,組合遊具,旋轉木馬,搖搖樂,組合遊具,翹翹板,搖滾盤,攀爬組,組合遊具,組合遊具,組合遊具,無障礙旋轉盤\t,共融式恐龍造型遊具組,造型恐龍蛋休憩椅\t,磨石滑梯", "ObjectId": 538}}, {"type": "Feature", "id": 539, "geometry": {"type": "Point", "coordinates": [121.50708008, 25.040300369]}, "properties": {"SeqNo": 405, "pm_name": "西本願寺（萬華406號）廣場", "pm_overview": "西本願寺（萬華406號）廣場重生　西門町鬧區新明珠\r\n　　臺北市西門町中華路1段及長沙街2段交會處的萬華406號廣場，座落著臺版「西本願寺」建築群遺蹟，包含「西本願寺」本堂臺基及「御廟所」臺座、「輪番所」、「樹心會館」、「鐘樓」及「參道」等，在臺北市政府工務局公園處的積極修復下，以古色古香卻又是全新的面貌與市民見面，未來可串連紅樓、西門商圈的觀光休閒空間，將流行、新潮的時尚文化連結到具有古蹟氛圍的臺北一隅。 \r\n西本願寺（萬華406號）廣場重生　西門町鬧區新明珠 　　臺北市西門町中華路1段及長沙街2段交會處的萬華406號廣場，座落著臺版「西本願寺」建築群遺蹟，包含「西本願寺」本堂臺基及「御廟所」臺座、「輪番所」、「樹心會館」、「鐘樓」及「參道」等，在臺北市政府工務局公園處的積極修復下，以古色古香卻又是全新的面貌與市民見面，未來可串連紅樓、西門商圈的觀光休閒空間，將流行、新潮的時尚文化連結到具有古蹟氛圍的臺北一隅。 　　臺版「西本願寺」建築群係於1923～1934年期間陸續興建完成，是臺灣最大的日式佛寺。二次大戰結束後，「西本願寺」曾做為警備總司令部、大陸與中南部移民聚居、「中華理教總會」之地，記錄了臺北的政治、都市移民與宗教歷史。1975年因遭大火燒毀而沉寂，後續即在都市違章建築中隱沒，直到2005年由臺北市政府拆除違建及簡易綠化後，才讓西本願寺建築群遺蹟重現臺北街頭。 　　由於時間久遠、建物破損不堪，在臺北市政府跨局處合作之下，先將樹心會館、鐘樓指定為市定古蹟，將輪番所、西本願寺本堂臺座、御廟所臺基等指定為歷史建築物，再由工務局公園處依古建築群原有的風貌特色進行活化規劃及修復作業，包含由當時總督兒玉源太郎特別賜「樹心佛地」匾額而命名的「樹心會館」，修復前屋架及大部分木構件門窗等都已燒毀，所以以柳杉木、檜木等原木修復，樹心會館的窗戶採西式「上下式拉窗」，又稱「比重錘窗」，窗框內隱藏著比重錘，藉由比重錘的重量，使窗戶上下開啟時，不用固定即可停留在任何位置，非常特別，置身其中除了濃郁的古蹟風味，還有陣陣的原木香；原為佛寺輪值人員宿舍的「輪番所」，是有著道地日式風格的建築，如日式和小屋屋架系統、日式編竹夾灰泥牆等，依原貌修復後除了作為文史展示推廣研究的據點，也是提供就近體驗道地日本和風建築的好地方；位於造景假山上的「鐘樓」，修復後將是臺灣僅見可以自由登樓細細品味傳統建築及廣場景觀的鐘樓，未來將可結合廣場舉辦各式的新年敲鐘祈福活動；「西本願寺」本堂主體已燒毀，將修復本堂臺基作為展演活動的舞臺，未來將可舉辦各種現代、傳統或音樂表演活動；「參道」是由佛寺山門前往傳統日本佛寺的參拜道路，原係以石板鋪設而成，部分石板已損毀或佚失，以相似石材回舖。 　　本工程完成後將由文化局進行活化利用的營運推動，未來萬華406號廣場將成為可延伸、擴大西門流行文化圈並與深具文化歷史及建築特色的「西本願寺」古建築群結合，成為西門町鬧區的一顆璀璨耀眼的新明珠。 　　「樹心會館」、「輪番所」外貌及「鐘樓」皆已整修修復完成，鐘樓銅鐘原貌仿製並正式懸掛。一般的工程都給人硬生生的感覺，然而「西本願寺」建築群的修復，卻有著濃濃的歷史味，也是恢復臺北人歷史記憶的工程。", "pm_unit": "園藝工程隊(西區分隊)", "pm_const_year": "2013", "pm_location": "臺北市中華路1段及長沙街2段交會處", "pm_LandPublicArea": 8974, "pm_opening_s": "00:00:00", "pm_opening_e": "24:00", "pm_libie": "新起里", "pm_phone": "02-23329386", "pm_sports": null, "pm_recreation": null, "pm_service": "廁所.直飲台.座椅", "pm_other": "鐘樓.御廟所.樹心會館.本堂.輪番所", "pm_transit": "公車：9，，49，202，218，231，234，263，265，302，527，651，658，701，702，705，706捷運西門站", "pm_name_eng": "Nishi  Hongahji  square", "pm_ecology": null, "pm_type": "廣場", "pm_playtype": null, "pm_playarea": null, "pm_description": null, "pm_playeq": null, "ObjectId": 539}}, {"type": "Feature", "id": 540, "geometry": {"type": "Point", "coordinates": [121.514297, 25.042286]}, "properties": {"SeqNo": 374, "pm_name": "二二八和平公園", "pm_overview": "二二八和平公園面積7.618公頃，位於本市中心區，東臨公園路，西靠懷寧街，南頻凱達格蘭大道，北向襄陽路，交通便捷。公園建於西元1899年（清光緒25年間），原名台北公園，於民國84年2月28日為撫平台灣歷史最大傷痕，促進各族群融洽和諧，在二二八紀念碑塔於臺北公園落成揭幕之同時，經　陳前市長水扁決定將深具歷史意義之臺北公園易名為「二二八和平公園」。園內原附有兒童遊戲場、噴水池、蓮花池、綠蔭棚、小花圃、網球場、棒球場等設施供人休憩運動，因環境變遷及景觀需求，將蔭棚、球場改建為高雅富麗的八角亭閣，並設立鄭成功、劉銘傳、丘逢甲、連橫等諸先賢銅像於噴水池邊4座園庭中。公園內留有古物如老火車頭（位於館前路正門西側，右邊的為「台灣鐵路第九號機車」，清同治10年製，左邊的為台灣鐵路第一號機車騰雲號，清光緒13年製）、急公好義坊（在音樂臺南側，於光緒6年捐建，於台北府生員考棚－行署，今中正－分局至青島東路一帶，於光緒14年西元1888年，原立於今衡陽路上，至日據時期拆遷至現址）、黃氏節孝坊（在博物館東側，於清光緒8年西元1882年，為了旌表黃氏節孝事蹟，建坊於東門街上，至光緒25年遷建公園內）、國立台灣博物館（在館前路進入公園，光緒31年西元1905年天后宮拆除，民國2年在原地興工建設博物館，屬希臘多利亞式2層大樓，原天后宮柱腳現擺在公園楓香林內，當座椅用）及有龍池、鯉魚池、日晷儀、杏壇、音樂台、和平雕塑、和平鐘等景點設施，益增公園古雅特色。公園內衡陽路入口處有「二二八和平公園記」石碑1座，園內中央大道，沿途杜鵑處處，草皮青翠掬人，島緣之處密植黃金葉金露華，黃金色系鮮豔奪目，大道中央為二二八紀念碑之所在，行走其間景觀怡人，並可對碑憑悼以古鑑今。大道南側植有楓香，遇冬落葉，春日葉綠四季分明，往南佈置有花壇，植有蒔花，並建有和平鐘塔1座，象徵「自由、和平及生命生生不息之意義」，其旁有兒童遊戲區，提供兒童遊戲玩耍之處，綠地上植有喬、灌木、地被植物，益增公園綠化氣息，東南側並有二二八紀念館1座，內存有豐富史料可供參觀、追思及悼念，大道北側有碑亭，有水池、有拱橋、並有花壇，綠地植有仙丹、青紫木、紫蔓雞冠、杜鵑、榕樹、黑板樹、扶桑花等等，益顯植栽之美。二二八和平公園有其歷史意義，建園迄今已近百年，歷經清朝、日據時代及現代的洗禮，看遍繁華物盡，人世滄桑。園內有樹、有花、有古蹟，遊人入園休憩，益發思古幽情，在回首尋覓童年足跡，體會公園美景之際，亦當深刻體認，公園所賦予之時代意義，攜手為共創和諧、團結的社會而努力。", "pm_unit": "青年公園管理所", "pm_const_year": "1899", "pm_location": "凱達格蘭大道3號", "pm_LandPublicArea": 76180, "pm_opening_s": "00:00:00", "pm_opening_e": "24:00", "pm_libie": "黎明里", "pm_phone": "02-23032451", "pm_sports": "支撐前進、手部訓練器(雙人肩關節康復器)、雙人漫步器、划船訓練器、平步訓練器、腿部訓練器、腹肌訓練器、手臂推力訓練器、手臂拉力訓練器、雙人扭腰訓練器、腿部訓練器、坐蹬訓練器、單槓", "pm_recreation": "組合遊具、磨石滑梯、鞦韆、翹翹板、戲沙坑、跳樁組合", "pm_service": "廁所(含親子廁所、無障礙廁所)、直飲台、音樂臺", "pm_other": "急公好義坊、放送亭、黃氏節孝坊", "pm_transit": "捷運路線:搭淡水信義線至臺大醫院捷運站1號出口，公車路線搭0東、5、20、241、243、245、251、513、640、644、651、656、670、706、835、938、仁愛幹線、羅斯福路幹線至台大醫院站", "pm_name_eng": "228 Peace Park", "pm_ecology": null, "pm_type": "公園", "pm_playtype": "特色", "pm_playarea": 1400, "pm_description": null, "pm_playeq": "彈跳床,搖滾盤,攀爬組,磨石滑梯,搖搖樂,翹翹板,搖搖樂,組合遊具,搖搖樂,組合遊具,鞦韆,攀爬組,磨石滑梯,翹翹板,組合遊具,翹翹板,木樁區,盪鞦韆,平衡木,彈跳床,搖搖樂,組合遊具,翹翹板,旋轉台,戲沙坑遊戲桌,搖搖樂,攀爬組,旋轉飛輪,組合遊具,翹翹板,磨石滑梯,攀爬組,磨石子滑梯,翹翹板,彈跳床,鳥巢鞦韆,戲沙坑,攀爬組,組合遊具,攀爬組,站立式搖動設備,組合遊具,翹翹板,小石搬運,搖搖馬,組合遊具,數字造型跳樁及水管隧道,搖滾盤,X型翹翹板,組合遊具,搖搖樂,組合遊具,旋轉桶椅,大旋轉組,組合遊具,搖搖樂,磨石滑梯,鳥巢鞦韆,旋轉桶椅,組合遊具,組合遊具,組合遊具,搖搖馬,組合遊具,翹翹板,搖搖樂,組合遊具,組合遊具,磨石滑梯,鞦韆及鳥巢鞦韆,彈跳床,攀爬組,木隧道,組合遊具,仿古代程沈船遊具,攀爬繩網組,攀爬組,鳥巢鞦韆,輪胎鞦韆,尿布鞦韆,沙坑,磨石子滑梯,旋轉台,彈跳床,雙滑軌溜索,搖搖馬,翹翹板,組合遊具,搖搖馬,組合遊具,攀爬組,組合遊具,組合遊具,攀爬組,搖搖馬,磨石子滑梯,旋轉杯,組合遊具,組合遊具,組合遊具,大轉轉杯,搖搖樂,組合遊具,翹翹板,滑梯,彈跳床,戲沙坑,擺盪船索,攀爬組,旋轉組,磨石滑梯,組合遊具,特色溜滑梯,攀爬組,旋轉棒,叢林攀爬組,4人旋轉器,搖搖樂,磨石滑梯,翹翹板,搖搖樂,組合遊具,組合遊具,組合遊具,爬繩,組合遊具(叢林攀爬組),獨木橋,組合遊具,遊戲板,組合遊具,攀爬組,盪鞦韆,搖搖樂,組合遊具,組合遊具,旋轉盤,鞦韆,攀爬組,旋轉盤,搖搖樂,組合遊具,特色溜滑梯,攀爬組,跳樁,鞦韆,搖搖馬,組合遊具,蹺蹺板,組合遊具,搖搖樂,組合遊具,組合遊具2,翹翹板及搖搖馬,組合遊具,天空樹溜滑梯,戲沙坑,搖搖樂,旋轉拉環,組合遊具, X型翹翹板,鞦韆,攀爬組,搖搖樂,組合遊具(村莊高塔),鞦韆,攀爬遊戲組,彈跳床,投籃機,擺盪船索,攀爬組,旋轉台,組合遊具,組合遊具,旋轉陀螺,旋轉台,組合遊具,攀爬組,搖搖樂,翹翹板,磨石滑梯,搖搖樂,跳樁,搖搖樂,攀爬組,組合遊具(滑梯小屋),旋轉盤,組合遊具,鳥巢盪鞦韆及一般坐式盪鞦韆,蝴蝶翹翹板,特色旋轉盤,金字塔滑梯組,機車搖搖樂,遊戲板,造型攀爬牆,攀爬網,組合遊具(環繞競技場遊具組),鞦韆,體能訓練平衡組,礫石坑,獨木樁,蜻蜓點水,木橋,平衡木,平衡木,跳樁,遊戲板,隧道,組合遊具(叢林攀爬組),搖晃板,組合遊具,遊戲板,隧道,組合遊具(遊戲城堡),旋轉座椅,競技攀爬遊具組,龍舟特色遊具組,滑梯,擊鼓,搖搖樂,組合遊具,翹翹板,組合遊具,翹翹板,木作組合遊具,搖搖樂,城堡遊戲組,大轉轉杯,搖搖樂,磨石滑梯,攀爬組,鞦韆,搖搖樂,組合遊具,組合遊具,搖滾盤,旋轉球椅,愛的搖籃,組合遊具,搖搖樂,旋轉杯,翹翹板,組合遊具,搖搖樂,組合遊具,搖搖樂,組合遊具,搖搖樂,組合遊具,攀爬組,搖搖樂,組合遊具,搖搖樂,組合遊具,組合遊具,彩虹琴,旋轉音樂盒,遊戲礫石坑,彈跳節拍,搖搖樂,組合遊具,翹翹板,組合遊具,組合遊具,搖搖樂,組合遊具,組合遊具,搖搖樂,組合遊具,攀爬組合滑梯,搖搖樂,組合遊具,組合遊具,翹翹板,組合遊具,搖搖樂,組合遊具,翹翹板,組合遊具,搖搖樂,翹翹板,旋轉杯,旋轉棒,搖搖樂,磨石滑梯,組合遊具,搖搖樂,攀爬組,旋轉台,磨石滑梯,組合遊具,跳樁,組合遊具,組合遊具,組合遊具,音樂球、叮噹管、歡樂鼓,無障礙旋轉盤,無障礙鞦韆,遊戲牆,滾輪滑梯,鳥巢鞦韆,旋轉杯,旋轉棒,鞦韆,小木屋,山丘滑梯,戲沙坑,搖搖樂,攀爬組,5人轉轉盤,彈跳床,戲沙坑,組合遊具,旋轉台,旋轉杯,旋轉棒, 磨石滑梯,翹翹板,遊戲板,鞦韆,組合遊具,攀爬組,磨石滑梯,磨石滑梯,組合遊具,火車特色滑梯,鞦韆,樹蛙籃球框,組合遊具,組合遊具,組合遊具,翹翹板,組合遊具,組合遊具,組合遊具,組合遊具,組合遊具,沙坑遊戲板,環型天梯無障礙上肢設施,旋轉杯,戲沙坑,攀爬組,磨石滑梯,跳樁,遊戲板,組合遊具,磨石滑梯,組合遊具,搖搖樂,組合遊具,組合遊具,組合遊具,磨石滑梯,翹翹板,搖搖樂,組合遊具,搖搖樂,組合遊具,組合遊具,搖搖樂,組合遊具-1,攀爬組,鞦韆,大港墘公園-沙坑,大港墘公園-磨石滑梯,大港墘公園-魔力飛盤鞦韆,大港墘公園-管型山丘,攀爬組,翹翹板,遊戲體能組,搖搖樂,組合遊具,搖搖樂,組合遊具,搖搖樂,組合遊具,搖搖樂,組合遊具,組合遊具,磨石滑梯,組合遊具,搖搖樂,組合遊具,搖搖樂,組合遊具,翹翹板,搖搖樂,搖搖樂,組合遊具,搖搖樂,組合遊具,搖搖樂,組合遊具,彈跳床,戲沙坑,攀爬組,磨石滑梯,組合遊具,鞦韆,搖搖樂,組合遊具,磨石滑梯,搖搖樂,磨石滑梯,鞦韆,組合遊具,鞦韆,戲沙坑,擺盪船索,組合遊具,搖搖樂,組合遊具,組合遊具,組合遊具,組合遊具,搖搖樂,組合遊具,戲沙坑,旋轉台,組合遊具,鞦韆,組合遊具,組合遊具,磨石滑梯,鞦韆,搖搖樂,組合遊具,攀爬架,搖搖樂,組合遊具,搖搖樂,搖搖樂,組合遊具,組合遊具,磨石滑梯,翹翹板,攀爬架,戲沙坑,船型遊具組,鞦韆,組合遊具,天旋地轉,組合遊具,組合遊具,搖搖樂,大轉轉杯,組合遊具,平衡木,搖搖樂,磨石滑梯,翹翹板,鞦韆,溜滑梯組合遊具,搖搖樂,翹翹板,木製攀爬架,搖搖樂,磨石滑梯,組合遊具,翹翹板,鞦韆,組合遊具,搖搖樂,組合遊具,組合遊具,組合遊具,擺盪螺旋跳跳樂,搖搖樂,攀爬組,磨石滑梯,鞦韆,組合遊具,鞦韆,組合遊具,搖搖樂,組合遊具,鞦韆,旋轉台,滾輪滑梯,組合遊具,翹翹板,遊戲板,搖搖樂,組合遊具,攀爬組,旋轉棒,磨石滑梯,搖搖樂,鞦韆,MONKEY BAR,宇宙穿梭機,時空訊息牆,景化小飛碟,黃金光束坡,搖搖樂,組合遊具,拉鍊響板,搖擺沙鈴,獅吼鼻頭,獅背攀爬網,獅眼滾珠迷宮,鈕扣獅,組合遊具,組合遊具,搖搖樂,組合遊具,搖搖樂,組合遊具,搖搖樂,組合遊具,鞦韆,翹翹板,組合遊具,搖搖樂,搖搖樂,組合遊具,組合遊具,戲沙坑,組合遊具,滑索(軌),鞦韆,搖搖馬,組合遊具,組合遊具,組合遊具,攀爬組,組合遊具,組合遊具,組合遊具,組合遊具,翹翹板,組合遊具, 磨石滑梯,組合遊具,攀爬組,磨石滑梯,搖搖樂,組合遊具,組合遊具,搖搖樂,戲沙坑,攀爬組,組合遊具,攀爬組,磨石滑梯,鞦韆,組合遊具,組合遊具,搖搖樂,磨石滑梯,組合遊具,搖搖樂,鞦韆,旋轉杯,組合遊具,翹翹板,組合遊具,搖搖樂,組合遊具,組合遊具,藤蔓綠森林組合遊具組,曲型單槓,搖搖樂,共融式旋轉碗碟,組合遊具,翹翹板,鞦韆,鞦韆,搖搖樂,組合遊具,組合遊具,探索年輪之環,板根網架,老松樹塔,組合遊具,組合遊具,鞦韆,原木擺盪攀爬遊具,旋轉擺盪座椅,擺盪船索,組合遊具,組合遊具,鞦韆,攀爬組,遊戲小屋,組合遊具,搖搖樂,翹翹板,組合遊具,旋轉木馬,搖搖樂,組合遊具,翹翹板,搖滾盤,攀爬組,組合遊具,組合遊具,組合遊具,無障礙旋轉盤\t,共融式恐龍造型遊具組,造型恐龍蛋休憩椅\t,磨石滑梯,鞦韆,磨石子溜滑梯,戲沙坑,組合遊具,翹翹板,跳樁", "ObjectId": 540}}, {"type": "Feature", "id": 541, "geometry": {"type": "Point", "coordinates": [121.526856, 25.046272]}, "properties": {"SeqNo": 465, "pm_name": "中央藝文公園", "pm_overview": "　　「中央藝文公園」，當初係由行政院文化建設委員會，為與華山創意文化專用區整體景觀考量而規劃設計，達到串連中央車站至公園間綠帶整體一致景觀，於90年間由本府都市發展局代辦簡易綠美化工程，並於95年間開闢完成。其中公園用地範圍土地所有權單位分屬於行政院文化建設委員會、交通部臺灣鐵路管理局及本府等，市有土地公園部分本處於96年1月1日接管維護。\r\n　　本處公園位於杭州北路與北平東路口，範圍即以草坪區以北（含草坪區）、南北向中軸園路以西，面積26,700平方公尺，園區內有石椅、公廁、涼亭、體健等設施，提供民眾活動休憩及種植喬木、灌木、草皮綠美化等，尤其廣闊大草坪區種植白花苜蓿，於每年3月份時盛開，開滿小白花更是蔚為奇觀。", "pm_unit": "青年公園管理所", "pm_const_year": "2005", "pm_location": "北平東路30號前", "pm_LandPublicArea": 26700, "pm_opening_s": "00:00:00", "pm_opening_e": "24:00", "pm_libie": "梅花里", "pm_phone": "02-23032451", "pm_sports": "單槓、直臂曲腿、腿後肌伸展、扭腰器、肩關節康復器", "pm_recreation": "磨石滑梯、鞦韆、攀爬組、戲沙坑", "pm_service": "廁所(含親子廁所、無障礙廁所)、涼亭", "pm_other": null, "pm_transit": "公車路線搭669至華山公園(市民)", "pm_name_eng": "Central Culture Park", "pm_ecology": null, "pm_type": "公園", "pm_playtype": "共融", "pm_playarea": 2400, "pm_description": "華山大草原遊戲場為共融式遊戲場從入口處的火車造型牆作為開端，遊戲場以鐵軌和火車隧道等意象串連而成。其中，火車隧道的2個牆面，一面為舉辦工作坊時孩童留下的夢想泡泡，一面為華山車站歷史的展現。遊戲場中最具代表性的是結合山坡地景綠樹中的「煙囪遊戲塔」，其煙囪外型與華山酒廠大煙囪呼應，利用高低層次的遊戲塔，創造不同的遊戲高度體驗，場內更設有「水沙世界」、「極限滑索」、「飛天鞦韆」、「大坡面溜滑梯」等設施環繞，提供多樣的機能與挑戰。延伸至遊戲場的大草坪，讓孩童能發揮自我的想像空間，進行更多元的遊戲行為，成為親子遊戲場。", "pm_playeq": "彈跳床,搖滾盤,攀爬組,磨石滑梯,搖搖樂,翹翹板,搖搖樂,組合遊具,搖搖樂,組合遊具,鞦韆,攀爬組,磨石滑梯,翹翹板,組合遊具,翹翹板,木樁區,盪鞦韆,平衡木,彈跳床,搖搖樂,組合遊具,翹翹板,旋轉台,戲沙坑遊戲桌,搖搖樂,攀爬組,旋轉飛輪,組合遊具,翹翹板,磨石滑梯,攀爬組,磨石子滑梯,翹翹板,彈跳床,鳥巢鞦韆,戲沙坑,攀爬組,組合遊具,攀爬組,站立式搖動設備,組合遊具,翹翹板,小石搬運,搖搖馬,組合遊具,數字造型跳樁及水管隧道,搖滾盤,X型翹翹板,組合遊具,搖搖樂,組合遊具,旋轉桶椅,大旋轉組,組合遊具,搖搖樂,磨石滑梯,鳥巢鞦韆,旋轉桶椅,組合遊具,組合遊具,組合遊具,搖搖馬,組合遊具,翹翹板,搖搖樂,組合遊具,組合遊具,磨石滑梯,鞦韆及鳥巢鞦韆,彈跳床,攀爬組,木隧道,組合遊具,仿古代程沈船遊具,攀爬繩網組,攀爬組,鳥巢鞦韆,輪胎鞦韆,尿布鞦韆,沙坑,磨石子滑梯,旋轉台,彈跳床,雙滑軌溜索,搖搖馬,翹翹板,組合遊具,搖搖馬,組合遊具,攀爬組,組合遊具,組合遊具,攀爬組,搖搖馬,磨石子滑梯,旋轉杯,組合遊具,組合遊具,組合遊具,大轉轉杯,搖搖樂,組合遊具,翹翹板,滑梯,彈跳床,戲沙坑,擺盪船索,攀爬組,旋轉組,磨石滑梯,組合遊具,特色溜滑梯,攀爬組,旋轉棒,叢林攀爬組,4人旋轉器,搖搖樂,磨石滑梯,翹翹板,搖搖樂,組合遊具,組合遊具,組合遊具,爬繩,組合遊具(叢林攀爬組),獨木橋,組合遊具,遊戲板,組合遊具,攀爬組,盪鞦韆,搖搖樂,組合遊具,組合遊具,旋轉盤,鞦韆,攀爬組,旋轉盤,搖搖樂,組合遊具,特色溜滑梯,攀爬組,跳樁,鞦韆,搖搖馬,組合遊具,蹺蹺板,組合遊具,搖搖樂,組合遊具,組合遊具2,翹翹板及搖搖馬,組合遊具,天空樹溜滑梯,戲沙坑,搖搖樂,旋轉拉環,組合遊具, X型翹翹板,鞦韆,攀爬組,搖搖樂,組合遊具(村莊高塔),鞦韆,攀爬遊戲組,彈跳床,投籃機,擺盪船索,攀爬組,旋轉台,組合遊具,組合遊具,旋轉陀螺,旋轉台,組合遊具,攀爬組,搖搖樂,翹翹板,磨石滑梯,搖搖樂,跳樁,搖搖樂,攀爬組,組合遊具(滑梯小屋),旋轉盤,組合遊具,鳥巢盪鞦韆及一般坐式盪鞦韆,蝴蝶翹翹板,特色旋轉盤,金字塔滑梯組,機車搖搖樂,遊戲板,造型攀爬牆,攀爬網,組合遊具(環繞競技場遊具組),鞦韆,體能訓練平衡組,礫石坑,獨木樁,蜻蜓點水,木橋,平衡木,平衡木,跳樁,遊戲板,隧道,組合遊具(叢林攀爬組),搖晃板,組合遊具,遊戲板,隧道,組合遊具(遊戲城堡),旋轉座椅,競技攀爬遊具組,龍舟特色遊具組,滑梯,擊鼓,搖搖樂,組合遊具,翹翹板,組合遊具,翹翹板,木作組合遊具,搖搖樂,城堡遊戲組,大轉轉杯,搖搖樂,磨石滑梯,攀爬組,鞦韆,搖搖樂,組合遊具,組合遊具,搖滾盤,旋轉球椅,愛的搖籃,組合遊具,搖搖樂,旋轉杯,翹翹板,組合遊具,搖搖樂,組合遊具,搖搖樂,組合遊具,搖搖樂,組合遊具,攀爬組,搖搖樂,組合遊具,搖搖樂,組合遊具,組合遊具,彩虹琴,旋轉音樂盒,遊戲礫石坑,彈跳節拍,搖搖樂,組合遊具,翹翹板,組合遊具,組合遊具,搖搖樂,組合遊具,組合遊具,搖搖樂,組合遊具,攀爬組合滑梯,搖搖樂,組合遊具,組合遊具,翹翹板,組合遊具,搖搖樂,組合遊具,翹翹板,組合遊具,搖搖樂,翹翹板,旋轉杯,旋轉棒,搖搖樂,磨石滑梯,組合遊具,搖搖樂,攀爬組,旋轉台,磨石滑梯,組合遊具,跳樁,組合遊具,組合遊具,組合遊具,音樂球、叮噹管、歡樂鼓,無障礙旋轉盤,無障礙鞦韆,遊戲牆,滾輪滑梯,鳥巢鞦韆,旋轉杯,旋轉棒,鞦韆,小木屋,山丘滑梯,戲沙坑,搖搖樂,攀爬組,5人轉轉盤,彈跳床,戲沙坑,組合遊具,旋轉台,旋轉杯,旋轉棒, 磨石滑梯,翹翹板,遊戲板,鞦韆,組合遊具,攀爬組,磨石滑梯,磨石滑梯,組合遊具,火車特色滑梯,鞦韆,樹蛙籃球框,組合遊具,組合遊具,組合遊具,翹翹板,組合遊具,組合遊具,組合遊具,組合遊具,組合遊具,沙坑遊戲板,環型天梯無障礙上肢設施,旋轉杯,戲沙坑,攀爬組,磨石滑梯,跳樁,遊戲板,組合遊具,磨石滑梯,組合遊具,搖搖樂,組合遊具,組合遊具,組合遊具,磨石滑梯,翹翹板,搖搖樂,組合遊具,搖搖樂,組合遊具,組合遊具,搖搖樂,組合遊具-1,攀爬組,鞦韆,大港墘公園-沙坑,大港墘公園-磨石滑梯,大港墘公園-魔力飛盤鞦韆,大港墘公園-管型山丘,攀爬組,翹翹板,遊戲體能組,搖搖樂,組合遊具,搖搖樂,組合遊具,搖搖樂,組合遊具,搖搖樂,組合遊具,組合遊具,磨石滑梯,組合遊具,搖搖樂,組合遊具,搖搖樂,組合遊具,翹翹板,搖搖樂,搖搖樂,組合遊具,搖搖樂,組合遊具,搖搖樂,組合遊具,彈跳床,戲沙坑,攀爬組,磨石滑梯,組合遊具,鞦韆,搖搖樂,組合遊具,磨石滑梯,搖搖樂,磨石滑梯,鞦韆,組合遊具,鞦韆,戲沙坑,擺盪船索,組合遊具,搖搖樂,組合遊具,組合遊具,組合遊具,組合遊具,搖搖樂,組合遊具,戲沙坑,旋轉台,組合遊具,鞦韆,組合遊具,組合遊具,磨石滑梯,鞦韆,搖搖樂,組合遊具,攀爬架,搖搖樂,組合遊具,搖搖樂,搖搖樂,組合遊具,組合遊具,磨石滑梯,翹翹板,攀爬架,戲沙坑,船型遊具組,鞦韆,組合遊具,天旋地轉,組合遊具,組合遊具,搖搖樂,大轉轉杯,組合遊具,平衡木,搖搖樂,磨石滑梯,翹翹板,鞦韆,溜滑梯組合遊具,搖搖樂,翹翹板,木製攀爬架,搖搖樂,磨石滑梯,組合遊具,翹翹板,鞦韆,組合遊具,搖搖樂,組合遊具,組合遊具,組合遊具,擺盪螺旋跳跳樂,搖搖樂,攀爬組,磨石滑梯,鞦韆,組合遊具,鞦韆,組合遊具,搖搖樂,組合遊具,鞦韆,旋轉台,滾輪滑梯,組合遊具,翹翹板,遊戲板,搖搖樂,組合遊具,攀爬組,旋轉棒,磨石滑梯,搖搖樂,鞦韆,MONKEY BAR,宇宙穿梭機,時空訊息牆,景化小飛碟,黃金光束坡,搖搖樂,組合遊具,拉鍊響板,搖擺沙鈴,獅吼鼻頭,獅背攀爬網,獅眼滾珠迷宮,鈕扣獅,組合遊具,組合遊具,搖搖樂,組合遊具,搖搖樂,組合遊具,搖搖樂,組合遊具,鞦韆,翹翹板,組合遊具,搖搖樂,搖搖樂,組合遊具,組合遊具,戲沙坑,組合遊具,滑索(軌),鞦韆,搖搖馬,組合遊具,組合遊具,組合遊具,攀爬組,組合遊具,組合遊具,組合遊具,組合遊具,翹翹板,組合遊具, 磨石滑梯,組合遊具,攀爬組,磨石滑梯,搖搖樂,組合遊具,組合遊具,搖搖樂,戲沙坑,攀爬組,組合遊具,攀爬組,磨石滑梯,鞦韆,組合遊具,組合遊具,搖搖樂,磨石滑梯,組合遊具,搖搖樂,鞦韆,旋轉杯,組合遊具,翹翹板,組合遊具,搖搖樂,組合遊具,組合遊具,藤蔓綠森林組合遊具組,曲型單槓,搖搖樂,共融式旋轉碗碟,組合遊具,翹翹板,鞦韆,鞦韆,搖搖樂,組合遊具,組合遊具,探索年輪之環,板根網架,老松樹塔,組合遊具,組合遊具,鞦韆,原木擺盪攀爬遊具,旋轉擺盪座椅,擺盪船索,組合遊具,組合遊具,鞦韆,攀爬組,遊戲小屋,組合遊具,搖搖樂,翹翹板,組合遊具,旋轉木馬,搖搖樂,組合遊具,翹翹板,搖滾盤,攀爬組,組合遊具,組合遊具,組合遊具,無障礙旋轉盤\t,共融式恐龍造型遊具組,造型恐龍蛋休憩椅\t,磨石滑梯,鞦韆,磨石子溜滑梯,戲沙坑,組合遊具,翹翹板,跳樁,大坡面磨石溜滑梯,沙坑,鳥巢鞦韆,滑索(軌),組合遊具,鞦韆", "ObjectId": 541}}, {"type": "Feature", "id": 543, "geometry": {"type": "Point", "coordinates": [121.51463318, 25.039260864]}, "properties": {"SeqNo": 344, "pm_name": "介壽公園", "pm_overview": "　　「介壽公園」闢建前為國防部三軍籃球場（其前身為市立第一女中球場），都市計畫公告日期為民國45年5月4日，編號為中正71號，於民國60年建造，因位處原介壽路上，故命名為「介壽公園」，並一直沿用迄今。\r\n　　「介壽公園」位於凱達格蘭大道、公園路、懷寧街及貴陽街等交界口，毗鄰二二八和平公園、景福門、外交部及市立北一女中，面對總統府位處要衢。於民國60年建造，面積13,156平方公尺，園內遍植喬、灌木，園景設施有花架、涼亭、水池、假山、園路、坐椅、並有林森銅像、白色恐怖政治受難者紀念碑等。\r\n　　園區內喬灌木生長良好，各項設施均由本處同仁細心維護，提供市民、遊客及附近機關、學校、公司人員（如總統府、外交部、國家圖書館、臺北市立教育大學、北一女中、臺北賓館）等過往人潮入園休憩及優質的活動空間，以發揮都市公園休憩、調節氣溫、防塵防避災害及美化環境功能。", "pm_unit": "青年公園管理所", "pm_const_year": "1963", "pm_location": "凱達格蘭大道西側，總統府前", "pm_LandPublicArea": 13156, "pm_opening_s": "00:00:00", "pm_opening_e": "24:00", "pm_libie": "黎民里", "pm_phone": "02-23032451", "pm_sports": null, "pm_recreation": null, "pm_service": "直飲台、涼亭", "pm_other": null, "pm_transit": "捷運路線:搭淡水信義線至臺大醫院捷運站1號出口，公車路線搭38、235、241、245、270、656、662、663、1503至一女中(貴陽)", "pm_name_eng": "Jieshou Park", "pm_ecology": null, "pm_type": "公園", "pm_playtype": null, "pm_playarea": null, "pm_description": null, "pm_playeq": null, "ObjectId": 543}}, {"type": "Feature", "id": 544, "geometry": {"type": "Point", "coordinates": [121.53085327, 25.039039612]}, "properties": {"SeqNo": 420, "pm_name": "文光公園", "pm_overview": "文光公園為一社區型公園，設有兒童遊憩區、健身區等多項設施，體貼各年齡層的需求，除了提供長者休憩外，亦為鄰近孩童歡樂之遊樂場，園內植栽濃密且富多樣性，包括榕樹、莿桐樹圍繞，搭配各類觀葉及耐蔭植栽設計，其優質綠色活動空間，搭配公園主體景觀點綴區塊花卉，豐富地被色彩，提供植栽型態及生態觀察之絕佳環境。\r\n", "pm_unit": "中正區公所", "pm_const_year": "1985", "pm_location": "仁愛路二段65巷1弄口", "pm_LandPublicArea": 2252, "pm_opening_s": "00:00:00", "pm_opening_e": "24:00", "pm_libie": "幸市里", "pm_phone": "02-23416721#284", "pm_sports": "單人漫步機、雙人下肢康復器、扭腰器、手部訓練器、支撐前進、單槓", "pm_recreation": "組合遊具", "pm_service": null, "pm_other": null, "pm_transit": "公車路線搭37、222、261、270、630、651至仁愛臨沂街口", "pm_name_eng": "Wenguang Park", "pm_ecology": null, "pm_type": "公園", "pm_playtype": "一般", "pm_playarea": 140, "pm_description": null, "pm_playeq": "彈跳床,搖滾盤,攀爬組,磨石滑梯,搖搖樂,翹翹板,搖搖樂,組合遊具,搖搖樂,組合遊具,鞦韆,攀爬組,磨石滑梯,翹翹板,組合遊具,翹翹板,木樁區,盪鞦韆,平衡木,彈跳床,搖搖樂,組合遊具,翹翹板,旋轉台,戲沙坑遊戲桌,搖搖樂,攀爬組,旋轉飛輪,組合遊具,翹翹板,磨石滑梯,攀爬組,磨石子滑梯,翹翹板,彈跳床,鳥巢鞦韆,戲沙坑,攀爬組,組合遊具,攀爬組,站立式搖動設備,組合遊具,翹翹板,小石搬運,搖搖馬,組合遊具,數字造型跳樁及水管隧道,搖滾盤,X型翹翹板,組合遊具,搖搖樂,組合遊具,旋轉桶椅,大旋轉組,組合遊具,搖搖樂,磨石滑梯,鳥巢鞦韆,旋轉桶椅,組合遊具,組合遊具,組合遊具,搖搖馬,組合遊具,翹翹板,搖搖樂,組合遊具,組合遊具,磨石滑梯,鞦韆及鳥巢鞦韆,彈跳床,攀爬組,木隧道,組合遊具,仿古代程沈船遊具,攀爬繩網組,攀爬組,鳥巢鞦韆,輪胎鞦韆,尿布鞦韆,沙坑,磨石子滑梯,旋轉台,彈跳床,雙滑軌溜索,搖搖馬,翹翹板,組合遊具,搖搖馬,組合遊具,攀爬組,組合遊具,組合遊具,攀爬組,搖搖馬,磨石子滑梯,旋轉杯,組合遊具,組合遊具,組合遊具,大轉轉杯,搖搖樂,組合遊具,翹翹板,滑梯,彈跳床,戲沙坑,擺盪船索,攀爬組,旋轉組,磨石滑梯,組合遊具,特色溜滑梯,攀爬組,旋轉棒,叢林攀爬組,4人旋轉器,搖搖樂,磨石滑梯,翹翹板,搖搖樂,組合遊具,組合遊具,組合遊具,爬繩,組合遊具(叢林攀爬組),獨木橋,組合遊具,遊戲板,組合遊具,攀爬組,盪鞦韆,搖搖樂,組合遊具,組合遊具,旋轉盤,鞦韆,攀爬組,旋轉盤,搖搖樂,組合遊具,特色溜滑梯,攀爬組,跳樁,鞦韆,搖搖馬,組合遊具,蹺蹺板,組合遊具,搖搖樂,組合遊具,組合遊具2,翹翹板及搖搖馬,組合遊具,天空樹溜滑梯,戲沙坑,搖搖樂,旋轉拉環,組合遊具, X型翹翹板,鞦韆,攀爬組,搖搖樂,組合遊具(村莊高塔),鞦韆,攀爬遊戲組,彈跳床,投籃機,擺盪船索,攀爬組,旋轉台,組合遊具,組合遊具,旋轉陀螺,旋轉台,組合遊具,攀爬組,搖搖樂,翹翹板,磨石滑梯,搖搖樂,跳樁,搖搖樂,攀爬組,組合遊具(滑梯小屋),旋轉盤,組合遊具,鳥巢盪鞦韆及一般坐式盪鞦韆,蝴蝶翹翹板,特色旋轉盤,金字塔滑梯組,機車搖搖樂,遊戲板,造型攀爬牆,攀爬網,組合遊具(環繞競技場遊具組),鞦韆,體能訓練平衡組,礫石坑,獨木樁,蜻蜓點水,木橋,平衡木,平衡木,跳樁,遊戲板,隧道,組合遊具(叢林攀爬組),搖晃板,組合遊具,遊戲板,隧道,組合遊具(遊戲城堡),旋轉座椅,競技攀爬遊具組,龍舟特色遊具組,滑梯,擊鼓,搖搖樂,組合遊具,翹翹板,組合遊具,翹翹板,木作組合遊具,搖搖樂,城堡遊戲組,大轉轉杯,搖搖樂,磨石滑梯,攀爬組,鞦韆,搖搖樂,組合遊具,組合遊具,搖滾盤,旋轉球椅,愛的搖籃,組合遊具,搖搖樂,旋轉杯,翹翹板,組合遊具,搖搖樂,組合遊具,搖搖樂,組合遊具,搖搖樂,組合遊具,攀爬組,搖搖樂,組合遊具,搖搖樂,組合遊具,組合遊具,彩虹琴,旋轉音樂盒,遊戲礫石坑,彈跳節拍,搖搖樂,組合遊具,翹翹板,組合遊具,組合遊具,搖搖樂,組合遊具,組合遊具,搖搖樂,組合遊具,攀爬組合滑梯,搖搖樂,組合遊具,組合遊具,翹翹板,組合遊具,搖搖樂,組合遊具,翹翹板,組合遊具,搖搖樂,翹翹板,旋轉杯,旋轉棒,搖搖樂,磨石滑梯,組合遊具,搖搖樂,攀爬組,旋轉台,磨石滑梯,組合遊具,跳樁,組合遊具,組合遊具,組合遊具,音樂球、叮噹管、歡樂鼓,無障礙旋轉盤,無障礙鞦韆,遊戲牆,滾輪滑梯,鳥巢鞦韆,旋轉杯,旋轉棒,鞦韆,小木屋,山丘滑梯,戲沙坑,搖搖樂,攀爬組,5人轉轉盤,彈跳床,戲沙坑,組合遊具,旋轉台,旋轉杯,旋轉棒, 磨石滑梯,翹翹板,遊戲板,鞦韆,組合遊具,攀爬組,磨石滑梯,磨石滑梯,組合遊具,火車特色滑梯,鞦韆,樹蛙籃球框,組合遊具,組合遊具,組合遊具,翹翹板,組合遊具,組合遊具,組合遊具,組合遊具,組合遊具,沙坑遊戲板,環型天梯無障礙上肢設施,旋轉杯,戲沙坑,攀爬組,磨石滑梯,跳樁,遊戲板,組合遊具,磨石滑梯,組合遊具,搖搖樂,組合遊具,組合遊具,組合遊具,磨石滑梯,翹翹板,搖搖樂,組合遊具,搖搖樂,組合遊具,組合遊具,搖搖樂,組合遊具-1,攀爬組,鞦韆,大港墘公園-沙坑,大港墘公園-磨石滑梯,大港墘公園-魔力飛盤鞦韆,大港墘公園-管型山丘,攀爬組,翹翹板,遊戲體能組,搖搖樂,組合遊具,搖搖樂,組合遊具,搖搖樂,組合遊具,搖搖樂,組合遊具,組合遊具,磨石滑梯,組合遊具,搖搖樂,組合遊具,搖搖樂,組合遊具,翹翹板,搖搖樂,搖搖樂,組合遊具,搖搖樂,組合遊具,搖搖樂,組合遊具,彈跳床,戲沙坑,攀爬組,磨石滑梯,組合遊具,鞦韆,搖搖樂,組合遊具,磨石滑梯,搖搖樂,磨石滑梯,鞦韆,組合遊具,鞦韆,戲沙坑,擺盪船索,組合遊具,搖搖樂,組合遊具,組合遊具,組合遊具,組合遊具,搖搖樂,組合遊具,戲沙坑,旋轉台,組合遊具,鞦韆,組合遊具,組合遊具,磨石滑梯,鞦韆,搖搖樂,組合遊具,攀爬架,搖搖樂,組合遊具,搖搖樂,搖搖樂,組合遊具,組合遊具,磨石滑梯,翹翹板,攀爬架,戲沙坑,船型遊具組,鞦韆,組合遊具,天旋地轉,組合遊具,組合遊具,搖搖樂,大轉轉杯,組合遊具,平衡木,搖搖樂,磨石滑梯,翹翹板,鞦韆,溜滑梯組合遊具,搖搖樂,翹翹板,木製攀爬架,搖搖樂,磨石滑梯,組合遊具,翹翹板,鞦韆,組合遊具,搖搖樂,組合遊具,組合遊具,組合遊具,擺盪螺旋跳跳樂,搖搖樂,攀爬組,磨石滑梯,鞦韆,組合遊具,鞦韆,組合遊具,搖搖樂,組合遊具,鞦韆,旋轉台,滾輪滑梯,組合遊具,翹翹板,遊戲板,搖搖樂,組合遊具,攀爬組,旋轉棒,磨石滑梯,搖搖樂,鞦韆,MONKEY BAR,宇宙穿梭機,時空訊息牆,景化小飛碟,黃金光束坡,搖搖樂,組合遊具,拉鍊響板,搖擺沙鈴,獅吼鼻頭,獅背攀爬網,獅眼滾珠迷宮,鈕扣獅,組合遊具,組合遊具,搖搖樂,組合遊具,搖搖樂,組合遊具,搖搖樂,組合遊具,鞦韆,翹翹板,組合遊具,搖搖樂,搖搖樂,組合遊具,組合遊具,戲沙坑,組合遊具,滑索(軌),鞦韆,搖搖馬,組合遊具,組合遊具,組合遊具,攀爬組,組合遊具,組合遊具,組合遊具,組合遊具,翹翹板,組合遊具, 磨石滑梯,組合遊具,攀爬組,磨石滑梯,搖搖樂,組合遊具,組合遊具,搖搖樂,戲沙坑,攀爬組,組合遊具,攀爬組,磨石滑梯,鞦韆,組合遊具,組合遊具,搖搖樂,磨石滑梯,組合遊具,搖搖樂,鞦韆,旋轉杯,組合遊具,翹翹板,組合遊具,搖搖樂,組合遊具,組合遊具,藤蔓綠森林組合遊具組,曲型單槓,搖搖樂,共融式旋轉碗碟,組合遊具,翹翹板,鞦韆,鞦韆,搖搖樂,組合遊具,組合遊具,探索年輪之環,板根網架,老松樹塔,組合遊具,組合遊具,鞦韆,原木擺盪攀爬遊具,旋轉擺盪座椅,擺盪船索,組合遊具,組合遊具,鞦韆,攀爬組,遊戲小屋,組合遊具,搖搖樂,翹翹板,組合遊具,旋轉木馬,搖搖樂,組合遊具,翹翹板,搖滾盤,攀爬組,組合遊具,組合遊具,組合遊具,無障礙旋轉盤\t,共融式恐龍造型遊具組,造型恐龍蛋休憩椅\t,磨石滑梯,鞦韆,磨石子溜滑梯,戲沙坑,組合遊具,翹翹板,跳樁,大坡面磨石溜滑梯,沙坑,鳥巢鞦韆,滑索(軌),組合遊具,鞦韆,組合遊具", "ObjectId": 544}}, {"type": "Feature", "id": 549, "geometry": {"type": "Point", "coordinates": [121.53202057, 25.041830063]}, "properties": {"SeqNo": 595, "pm_name": "忠孝公園", "pm_overview": "忠孝公園位於捷運忠孝新生站2號出口，對面為台北科技大學，附近尚有知名的光華商圈，園內設有體健設施、兒童遊樂設施及寬敞之休憩廣場，初春時，小巧袖珍的欖仁花排成一線玲瓏可愛，杜鵑花、矮仙丹、松葉牡丹等花影先後綻放，夏季麵包樹結實累累生意盎然，周遭高聳之椰林一年四季直立在陽光下就像衛兵們看守著這座後花園，充分展現公園之活力，提供過客及旅人們流連忘返之休憩空間。", "pm_unit": "中正區公所", "pm_const_year": "1973", "pm_location": "忠孝東路二段134巷對面", "pm_LandPublicArea": 1200, "pm_opening_s": "00:00:00", "pm_opening_e": "24:00", "pm_libie": "幸市里", "pm_phone": "02-23416721#284", "pm_sports": "划船訓練器、手臂推力訓練器、腿部訓練器", "pm_recreation": "組合遊具", "pm_service": null, "pm_other": null, "pm_transit": "捷運路線:搭中和新蘆線、板南線至忠孝新生站2號出口，公車路線搭72、109、214、22、226、280、505、643、668、672、675、676、680、1501、1505、松江新生幹線至忠孝新生站", "pm_name_eng": "Zhongxiao Park", "pm_ecology": null, "pm_type": "公園", "pm_playtype": "一般", "pm_playarea": 120, "pm_description": null, "pm_playeq": "彈跳床,搖滾盤,攀爬組,磨石滑梯,搖搖樂,翹翹板,搖搖樂,組合遊具,搖搖樂,組合遊具,鞦韆,攀爬組,磨石滑梯,翹翹板,組合遊具,翹翹板,木樁區,盪鞦韆,平衡木,彈跳床,搖搖樂,組合遊具,翹翹板,旋轉台,戲沙坑遊戲桌,搖搖樂,攀爬組,旋轉飛輪,組合遊具,翹翹板,磨石滑梯,攀爬組,磨石子滑梯,翹翹板,彈跳床,鳥巢鞦韆,戲沙坑,攀爬組,組合遊具,攀爬組,站立式搖動設備,組合遊具,翹翹板,小石搬運,搖搖馬,組合遊具,數字造型跳樁及水管隧道,搖滾盤,X型翹翹板,組合遊具,搖搖樂,組合遊具,旋轉桶椅,大旋轉組,組合遊具,搖搖樂,磨石滑梯,鳥巢鞦韆,旋轉桶椅,組合遊具,組合遊具,組合遊具,搖搖馬,組合遊具,翹翹板,搖搖樂,組合遊具,組合遊具,磨石滑梯,鞦韆及鳥巢鞦韆,彈跳床,攀爬組,木隧道,組合遊具,仿古代程沈船遊具,攀爬繩網組,攀爬組,鳥巢鞦韆,輪胎鞦韆,尿布鞦韆,沙坑,磨石子滑梯,旋轉台,彈跳床,雙滑軌溜索,搖搖馬,翹翹板,組合遊具,搖搖馬,組合遊具,攀爬組,組合遊具,組合遊具,攀爬組,搖搖馬,磨石子滑梯,旋轉杯,組合遊具,組合遊具,組合遊具,大轉轉杯,搖搖樂,組合遊具,翹翹板,滑梯,彈跳床,戲沙坑,擺盪船索,攀爬組,旋轉組,磨石滑梯,組合遊具,特色溜滑梯,攀爬組,旋轉棒,叢林攀爬組,4人旋轉器,搖搖樂,磨石滑梯,翹翹板,搖搖樂,組合遊具,組合遊具,組合遊具,爬繩,組合遊具(叢林攀爬組),獨木橋,組合遊具,遊戲板,組合遊具,攀爬組,盪鞦韆,搖搖樂,組合遊具,組合遊具,旋轉盤,鞦韆,攀爬組,旋轉盤,搖搖樂,組合遊具,特色溜滑梯,攀爬組,跳樁,鞦韆,搖搖馬,組合遊具,蹺蹺板,組合遊具,搖搖樂,組合遊具,組合遊具2,翹翹板及搖搖馬,組合遊具,天空樹溜滑梯,戲沙坑,搖搖樂,旋轉拉環,組合遊具, X型翹翹板,鞦韆,攀爬組,搖搖樂,組合遊具(村莊高塔),鞦韆,攀爬遊戲組,彈跳床,投籃機,擺盪船索,攀爬組,旋轉台,組合遊具,組合遊具,旋轉陀螺,旋轉台,組合遊具,攀爬組,搖搖樂,翹翹板,磨石滑梯,搖搖樂,跳樁,搖搖樂,攀爬組,組合遊具(滑梯小屋),旋轉盤,組合遊具,鳥巢盪鞦韆及一般坐式盪鞦韆,蝴蝶翹翹板,特色旋轉盤,金字塔滑梯組,機車搖搖樂,遊戲板,造型攀爬牆,攀爬網,組合遊具(環繞競技場遊具組),鞦韆,體能訓練平衡組,礫石坑,獨木樁,蜻蜓點水,木橋,平衡木,平衡木,跳樁,遊戲板,隧道,組合遊具(叢林攀爬組),搖晃板,組合遊具,遊戲板,隧道,組合遊具(遊戲城堡),旋轉座椅,競技攀爬遊具組,龍舟特色遊具組,滑梯,擊鼓,搖搖樂,組合遊具,翹翹板,組合遊具,翹翹板,木作組合遊具,搖搖樂,城堡遊戲組,大轉轉杯,搖搖樂,磨石滑梯,攀爬組,鞦韆,搖搖樂,組合遊具,組合遊具,搖滾盤,旋轉球椅,愛的搖籃,組合遊具,搖搖樂,旋轉杯,翹翹板,組合遊具,搖搖樂,組合遊具,搖搖樂,組合遊具,搖搖樂,組合遊具,攀爬組,搖搖樂,組合遊具,搖搖樂,組合遊具,組合遊具,彩虹琴,旋轉音樂盒,遊戲礫石坑,彈跳節拍,搖搖樂,組合遊具,翹翹板,組合遊具,組合遊具,搖搖樂,組合遊具,組合遊具,搖搖樂,組合遊具,攀爬組合滑梯,搖搖樂,組合遊具,組合遊具,翹翹板,組合遊具,搖搖樂,組合遊具,翹翹板,組合遊具,搖搖樂,翹翹板,旋轉杯,旋轉棒,搖搖樂,磨石滑梯,組合遊具,搖搖樂,攀爬組,旋轉台,磨石滑梯,組合遊具,跳樁,組合遊具,組合遊具,組合遊具,音樂球、叮噹管、歡樂鼓,無障礙旋轉盤,無障礙鞦韆,遊戲牆,滾輪滑梯,鳥巢鞦韆,旋轉杯,旋轉棒,鞦韆,小木屋,山丘滑梯,戲沙坑,搖搖樂,攀爬組,5人轉轉盤,彈跳床,戲沙坑,組合遊具,旋轉台,旋轉杯,旋轉棒, 磨石滑梯,翹翹板,遊戲板,鞦韆,組合遊具,攀爬組,磨石滑梯,磨石滑梯,組合遊具,火車特色滑梯,鞦韆,樹蛙籃球框,組合遊具,組合遊具,組合遊具,翹翹板,組合遊具,組合遊具,組合遊具,組合遊具,組合遊具,沙坑遊戲板,環型天梯無障礙上肢設施,旋轉杯,戲沙坑,攀爬組,磨石滑梯,跳樁,遊戲板,組合遊具,磨石滑梯,組合遊具,搖搖樂,組合遊具,組合遊具,組合遊具,磨石滑梯,翹翹板,搖搖樂,組合遊具,搖搖樂,組合遊具,組合遊具,搖搖樂,組合遊具-1,攀爬組,鞦韆,大港墘公園-沙坑,大港墘公園-磨石滑梯,大港墘公園-魔力飛盤鞦韆,大港墘公園-管型山丘,攀爬組,翹翹板,遊戲體能組,搖搖樂,組合遊具,搖搖樂,組合遊具,搖搖樂,組合遊具,搖搖樂,組合遊具,組合遊具,磨石滑梯,組合遊具,搖搖樂,組合遊具,搖搖樂,組合遊具,翹翹板,搖搖樂,搖搖樂,組合遊具,搖搖樂,組合遊具,搖搖樂,組合遊具,彈跳床,戲沙坑,攀爬組,磨石滑梯,組合遊具,鞦韆,搖搖樂,組合遊具,磨石滑梯,搖搖樂,磨石滑梯,鞦韆,組合遊具,鞦韆,戲沙坑,擺盪船索,組合遊具,搖搖樂,組合遊具,組合遊具,組合遊具,組合遊具,搖搖樂,組合遊具,戲沙坑,旋轉台,組合遊具,鞦韆,組合遊具,組合遊具,磨石滑梯,鞦韆,搖搖樂,組合遊具,攀爬架,搖搖樂,組合遊具,搖搖樂,搖搖樂,組合遊具,組合遊具,磨石滑梯,翹翹板,攀爬架,戲沙坑,船型遊具組,鞦韆,組合遊具,天旋地轉,組合遊具,組合遊具,搖搖樂,大轉轉杯,組合遊具,平衡木,搖搖樂,磨石滑梯,翹翹板,鞦韆,溜滑梯組合遊具,搖搖樂,翹翹板,木製攀爬架,搖搖樂,磨石滑梯,組合遊具,翹翹板,鞦韆,組合遊具,搖搖樂,組合遊具,組合遊具,組合遊具,擺盪螺旋跳跳樂,搖搖樂,攀爬組,磨石滑梯,鞦韆,組合遊具,鞦韆,組合遊具,搖搖樂,組合遊具,鞦韆,旋轉台,滾輪滑梯,組合遊具,翹翹板,遊戲板,搖搖樂,組合遊具,攀爬組,旋轉棒,磨石滑梯,搖搖樂,鞦韆,MONKEY BAR,宇宙穿梭機,時空訊息牆,景化小飛碟,黃金光束坡,搖搖樂,組合遊具,拉鍊響板,搖擺沙鈴,獅吼鼻頭,獅背攀爬網,獅眼滾珠迷宮,鈕扣獅,組合遊具,組合遊具,搖搖樂,組合遊具,搖搖樂,組合遊具,搖搖樂,組合遊具,鞦韆,翹翹板,組合遊具,搖搖樂,搖搖樂,組合遊具,組合遊具,戲沙坑,組合遊具,滑索(軌),鞦韆,搖搖馬,組合遊具,組合遊具,組合遊具,攀爬組,組合遊具,組合遊具,組合遊具,組合遊具,翹翹板,組合遊具, 磨石滑梯,組合遊具,攀爬組,磨石滑梯,搖搖樂,組合遊具,組合遊具,搖搖樂,戲沙坑,攀爬組,組合遊具,攀爬組,磨石滑梯,鞦韆,組合遊具,組合遊具,搖搖樂,磨石滑梯,組合遊具,搖搖樂,鞦韆,旋轉杯,組合遊具,翹翹板,組合遊具,搖搖樂,組合遊具,組合遊具,藤蔓綠森林組合遊具組,曲型單槓,搖搖樂,共融式旋轉碗碟,組合遊具,翹翹板,鞦韆,鞦韆,搖搖樂,組合遊具,組合遊具,探索年輪之環,板根網架,老松樹塔,組合遊具,組合遊具,鞦韆,原木擺盪攀爬遊具,旋轉擺盪座椅,擺盪船索,組合遊具,組合遊具,鞦韆,攀爬組,遊戲小屋,組合遊具,搖搖樂,翹翹板,組合遊具,旋轉木馬,搖搖樂,組合遊具,翹翹板,搖滾盤,攀爬組,組合遊具,組合遊具,組合遊具,無障礙旋轉盤\t,共融式恐龍造型遊具組,造型恐龍蛋休憩椅\t,磨石滑梯,鞦韆,磨石子溜滑梯,戲沙坑,組合遊具,翹翹板,跳樁,大坡面磨石溜滑梯,沙坑,鳥巢鞦韆,滑索(軌),組合遊具,鞦韆,組合遊具,組合遊具,磨石子滑梯,樹屋攀爬網,組合遊具", "ObjectId": 549}}, {"type": "Feature", "id": 550, "geometry": {"type": "Point", "coordinates": [121.52876282, 25.034910202]}, "properties": {"SeqNo": 358, "pm_name": "信愛公園", "pm_overview": "鄰近東門市場，攤販林立市集活動興盛，為此區域引入大量人潮也創造了信愛公園的高使用率，公園旁有正德宮，香火鼎盛卻鬧中取靜，成為民眾沉澱心靈及交流情感的優閒活動場所，園區內色彩斑斕的花草鮮活了公園整體意象，高聳之猢猻木及橡膠樹群佇立，塑造出優質的「鄰里森活空間」\r\n\r\n", "pm_unit": "中正區公所", "pm_const_year": "1984", "pm_location": "臨沂街75巷11號", "pm_LandPublicArea": 901, "pm_opening_s": "00:00:00", "pm_opening_e": "24:00", "pm_libie": "三愛里", "pm_phone": "02-23416721#284", "pm_sports": "單人漫步機、划船器", "pm_recreation": "組合遊具", "pm_service": null, "pm_other": null, "pm_transit": "捷運路線:搭淡水信義線、中和新蘆線、板南線至東門站8號出口，公車路線搭0東、0南、20、22、38、88、204、1503、信義幹線至信義永康街口", "pm_name_eng": "Xinai Park", "pm_ecology": null, "pm_type": "公園", "pm_playtype": "一般", "pm_playarea": 85, "pm_description": null, "pm_playeq": "彈跳床,搖滾盤,攀爬組,磨石滑梯,搖搖樂,翹翹板,搖搖樂,組合遊具,搖搖樂,組合遊具,鞦韆,攀爬組,磨石滑梯,翹翹板,組合遊具,翹翹板,木樁區,盪鞦韆,平衡木,彈跳床,搖搖樂,組合遊具,翹翹板,旋轉台,戲沙坑遊戲桌,搖搖樂,攀爬組,旋轉飛輪,組合遊具,翹翹板,磨石滑梯,攀爬組,磨石子滑梯,翹翹板,彈跳床,鳥巢鞦韆,戲沙坑,攀爬組,組合遊具,攀爬組,站立式搖動設備,組合遊具,翹翹板,小石搬運,搖搖馬,組合遊具,數字造型跳樁及水管隧道,搖滾盤,X型翹翹板,組合遊具,搖搖樂,組合遊具,旋轉桶椅,大旋轉組,組合遊具,搖搖樂,磨石滑梯,鳥巢鞦韆,旋轉桶椅,組合遊具,組合遊具,組合遊具,搖搖馬,組合遊具,翹翹板,搖搖樂,組合遊具,組合遊具,磨石滑梯,鞦韆及鳥巢鞦韆,彈跳床,攀爬組,木隧道,組合遊具,仿古代程沈船遊具,攀爬繩網組,攀爬組,鳥巢鞦韆,輪胎鞦韆,尿布鞦韆,沙坑,磨石子滑梯,旋轉台,彈跳床,雙滑軌溜索,搖搖馬,翹翹板,組合遊具,搖搖馬,組合遊具,攀爬組,組合遊具,組合遊具,攀爬組,搖搖馬,磨石子滑梯,旋轉杯,組合遊具,組合遊具,組合遊具,大轉轉杯,搖搖樂,組合遊具,翹翹板,滑梯,彈跳床,戲沙坑,擺盪船索,攀爬組,旋轉組,磨石滑梯,組合遊具,特色溜滑梯,攀爬組,旋轉棒,叢林攀爬組,4人旋轉器,搖搖樂,磨石滑梯,翹翹板,搖搖樂,組合遊具,組合遊具,組合遊具,爬繩,組合遊具(叢林攀爬組),獨木橋,組合遊具,遊戲板,組合遊具,攀爬組,盪鞦韆,搖搖樂,組合遊具,組合遊具,旋轉盤,鞦韆,攀爬組,旋轉盤,搖搖樂,組合遊具,特色溜滑梯,攀爬組,跳樁,鞦韆,搖搖馬,組合遊具,蹺蹺板,組合遊具,搖搖樂,組合遊具,組合遊具2,翹翹板及搖搖馬,組合遊具,天空樹溜滑梯,戲沙坑,搖搖樂,旋轉拉環,組合遊具, X型翹翹板,鞦韆,攀爬組,搖搖樂,組合遊具(村莊高塔),鞦韆,攀爬遊戲組,彈跳床,投籃機,擺盪船索,攀爬組,旋轉台,組合遊具,組合遊具,旋轉陀螺,旋轉台,組合遊具,攀爬組,搖搖樂,翹翹板,磨石滑梯,搖搖樂,跳樁,搖搖樂,攀爬組,組合遊具(滑梯小屋),旋轉盤,組合遊具,鳥巢盪鞦韆及一般坐式盪鞦韆,蝴蝶翹翹板,特色旋轉盤,金字塔滑梯組,機車搖搖樂,遊戲板,造型攀爬牆,攀爬網,組合遊具(環繞競技場遊具組),鞦韆,體能訓練平衡組,礫石坑,獨木樁,蜻蜓點水,木橋,平衡木,平衡木,跳樁,遊戲板,隧道,組合遊具(叢林攀爬組),搖晃板,組合遊具,遊戲板,隧道,組合遊具(遊戲城堡),旋轉座椅,競技攀爬遊具組,龍舟特色遊具組,滑梯,擊鼓,搖搖樂,組合遊具,翹翹板,組合遊具,翹翹板,木作組合遊具,搖搖樂,城堡遊戲組,大轉轉杯,搖搖樂,磨石滑梯,攀爬組,鞦韆,搖搖樂,組合遊具,組合遊具,搖滾盤,旋轉球椅,愛的搖籃,組合遊具,搖搖樂,旋轉杯,翹翹板,組合遊具,搖搖樂,組合遊具,搖搖樂,組合遊具,搖搖樂,組合遊具,攀爬組,搖搖樂,組合遊具,搖搖樂,組合遊具,組合遊具,彩虹琴,旋轉音樂盒,遊戲礫石坑,彈跳節拍,搖搖樂,組合遊具,翹翹板,組合遊具,組合遊具,搖搖樂,組合遊具,組合遊具,搖搖樂,組合遊具,攀爬組合滑梯,搖搖樂,組合遊具,組合遊具,翹翹板,組合遊具,搖搖樂,組合遊具,翹翹板,組合遊具,搖搖樂,翹翹板,旋轉杯,旋轉棒,搖搖樂,磨石滑梯,組合遊具,搖搖樂,攀爬組,旋轉台,磨石滑梯,組合遊具,跳樁,組合遊具,組合遊具,組合遊具,音樂球、叮噹管、歡樂鼓,無障礙旋轉盤,無障礙鞦韆,遊戲牆,滾輪滑梯,鳥巢鞦韆,旋轉杯,旋轉棒,鞦韆,小木屋,山丘滑梯,戲沙坑,搖搖樂,攀爬組,5人轉轉盤,彈跳床,戲沙坑,組合遊具,旋轉台,旋轉杯,旋轉棒, 磨石滑梯,翹翹板,遊戲板,鞦韆,組合遊具,攀爬組,磨石滑梯,磨石滑梯,組合遊具,火車特色滑梯,鞦韆,樹蛙籃球框,組合遊具,組合遊具,組合遊具,翹翹板,組合遊具,組合遊具,組合遊具,組合遊具,組合遊具,沙坑遊戲板,環型天梯無障礙上肢設施,旋轉杯,戲沙坑,攀爬組,磨石滑梯,跳樁,遊戲板,組合遊具,磨石滑梯,組合遊具,搖搖樂,組合遊具,組合遊具,組合遊具,磨石滑梯,翹翹板,搖搖樂,組合遊具,搖搖樂,組合遊具,組合遊具,搖搖樂,組合遊具-1,攀爬組,鞦韆,大港墘公園-沙坑,大港墘公園-磨石滑梯,大港墘公園-魔力飛盤鞦韆,大港墘公園-管型山丘,攀爬組,翹翹板,遊戲體能組,搖搖樂,組合遊具,搖搖樂,組合遊具,搖搖樂,組合遊具,搖搖樂,組合遊具,組合遊具,磨石滑梯,組合遊具,搖搖樂,組合遊具,搖搖樂,組合遊具,翹翹板,搖搖樂,搖搖樂,組合遊具,搖搖樂,組合遊具,搖搖樂,組合遊具,彈跳床,戲沙坑,攀爬組,磨石滑梯,組合遊具,鞦韆,搖搖樂,組合遊具,磨石滑梯,搖搖樂,磨石滑梯,鞦韆,組合遊具,鞦韆,戲沙坑,擺盪船索,組合遊具,搖搖樂,組合遊具,組合遊具,組合遊具,組合遊具,搖搖樂,組合遊具,戲沙坑,旋轉台,組合遊具,鞦韆,組合遊具,組合遊具,磨石滑梯,鞦韆,搖搖樂,組合遊具,攀爬架,搖搖樂,組合遊具,搖搖樂,搖搖樂,組合遊具,組合遊具,磨石滑梯,翹翹板,攀爬架,戲沙坑,船型遊具組,鞦韆,組合遊具,天旋地轉,組合遊具,組合遊具,搖搖樂,大轉轉杯,組合遊具,平衡木,搖搖樂,磨石滑梯,翹翹板,鞦韆,溜滑梯組合遊具,搖搖樂,翹翹板,木製攀爬架,搖搖樂,磨石滑梯,組合遊具,翹翹板,鞦韆,組合遊具,搖搖樂,組合遊具,組合遊具,組合遊具,擺盪螺旋跳跳樂,搖搖樂,攀爬組,磨石滑梯,鞦韆,組合遊具,鞦韆,組合遊具,搖搖樂,組合遊具,鞦韆,旋轉台,滾輪滑梯,組合遊具,翹翹板,遊戲板,搖搖樂,組合遊具,攀爬組,旋轉棒,磨石滑梯,搖搖樂,鞦韆,MONKEY BAR,宇宙穿梭機,時空訊息牆,景化小飛碟,黃金光束坡,搖搖樂,組合遊具,拉鍊響板,搖擺沙鈴,獅吼鼻頭,獅背攀爬網,獅眼滾珠迷宮,鈕扣獅,組合遊具,組合遊具,搖搖樂,組合遊具,搖搖樂,組合遊具,搖搖樂,組合遊具,鞦韆,翹翹板,組合遊具,搖搖樂,搖搖樂,組合遊具,組合遊具,戲沙坑,組合遊具,滑索(軌),鞦韆,搖搖馬,組合遊具,組合遊具,組合遊具,攀爬組,組合遊具,組合遊具,組合遊具,組合遊具,翹翹板,組合遊具, 磨石滑梯,組合遊具,攀爬組,磨石滑梯,搖搖樂,組合遊具,組合遊具,搖搖樂,戲沙坑,攀爬組,組合遊具,攀爬組,磨石滑梯,鞦韆,組合遊具,組合遊具,搖搖樂,磨石滑梯,組合遊具,搖搖樂,鞦韆,旋轉杯,組合遊具,翹翹板,組合遊具,搖搖樂,組合遊具,組合遊具,藤蔓綠森林組合遊具組,曲型單槓,搖搖樂,共融式旋轉碗碟,組合遊具,翹翹板,鞦韆,鞦韆,搖搖樂,組合遊具,組合遊具,探索年輪之環,板根網架,老松樹塔,組合遊具,組合遊具,鞦韆,原木擺盪攀爬遊具,旋轉擺盪座椅,擺盪船索,組合遊具,組合遊具,鞦韆,攀爬組,遊戲小屋,組合遊具,搖搖樂,翹翹板,組合遊具,旋轉木馬,搖搖樂,組合遊具,翹翹板,搖滾盤,攀爬組,組合遊具,組合遊具,組合遊具,無障礙旋轉盤\t,共融式恐龍造型遊具組,造型恐龍蛋休憩椅\t,磨石滑梯,鞦韆,磨石子溜滑梯,戲沙坑,組合遊具,翹翹板,跳樁,大坡面磨石溜滑梯,沙坑,鳥巢鞦韆,滑索(軌),組合遊具,鞦韆,組合遊具,組合遊具,磨石子滑梯,樹屋攀爬網,組合遊具,組合遊具", "ObjectId": 550}}, {"type": "Feature", "id": 553, "geometry": {"type": "Point", "coordinates": [121.5318222, 25.035209656]}, "properties": {"SeqNo": 243, "pm_name": "連雲公園", "pm_overview": "連雲公園位於新生南路1段巷內，地處幽靜、樹蔭茂密，社區老人喜聚集於此閒話家常，園內設置一少見的純木造古風涼亭，白色軟石圍繞著蜿蜒曲線型的石板步道如小橋流水般營造出古色古香之清冽感受，公園內亦提供寬敞廣場、遊樂設施、溜冰場及運動設施等配合著具有歷史意義的爬架、水泥滑梯及彩色花架，充分滿足民眾各類休憩需求更鮮活了公園整體意象。", "pm_unit": "中正區公所", "pm_const_year": "1979", "pm_location": "連雲街37巷與新生南路一段146巷交口.", "pm_LandPublicArea": 2009, "pm_opening_s": "00:00:00", "pm_opening_e": "24:00", "pm_libie": "三愛里", "pm_phone": "02-23416721#284", "pm_sports": "單人漫步機、划船器、單槓、手部訓練器", "pm_recreation": "磨石滑梯、鞦韆", "pm_service": "運動場、洗手臺", "pm_other": null, "pm_transit": "捷運路線:搭中和新蘆線或淡水信義線至東門站6號出口，公車路線搭72、109、254、280、311、505、643、668、675、676、680、1501、1505、1728、松江新生幹線至信義新生路口", "pm_name_eng": "Lianyun Park", "pm_ecology": null, "pm_type": "公園", "pm_playtype": "共融", "pm_playarea": 220, "pm_description": null, "pm_playeq": "彈跳床,搖滾盤,攀爬組,磨石滑梯,搖搖樂,翹翹板,搖搖樂,組合遊具,搖搖樂,組合遊具,鞦韆,攀爬組,磨石滑梯,翹翹板,組合遊具,翹翹板,木樁區,盪鞦韆,平衡木,彈跳床,搖搖樂,組合遊具,翹翹板,旋轉台,戲沙坑遊戲桌,搖搖樂,攀爬組,旋轉飛輪,組合遊具,翹翹板,磨石滑梯,攀爬組,磨石子滑梯,翹翹板,彈跳床,鳥巢鞦韆,戲沙坑,攀爬組,組合遊具,攀爬組,站立式搖動設備,組合遊具,翹翹板,小石搬運,搖搖馬,組合遊具,數字造型跳樁及水管隧道,搖滾盤,X型翹翹板,組合遊具,搖搖樂,組合遊具,旋轉桶椅,大旋轉組,組合遊具,搖搖樂,磨石滑梯,鳥巢鞦韆,旋轉桶椅,組合遊具,組合遊具,組合遊具,搖搖馬,組合遊具,翹翹板,搖搖樂,組合遊具,組合遊具,磨石滑梯,鞦韆及鳥巢鞦韆,彈跳床,攀爬組,木隧道,組合遊具,仿古代程沈船遊具,攀爬繩網組,攀爬組,鳥巢鞦韆,輪胎鞦韆,尿布鞦韆,沙坑,磨石子滑梯,旋轉台,彈跳床,雙滑軌溜索,搖搖馬,翹翹板,組合遊具,搖搖馬,組合遊具,攀爬組,組合遊具,組合遊具,攀爬組,搖搖馬,磨石子滑梯,旋轉杯,組合遊具,組合遊具,組合遊具,大轉轉杯,搖搖樂,組合遊具,翹翹板,滑梯,彈跳床,戲沙坑,擺盪船索,攀爬組,旋轉組,磨石滑梯,組合遊具,特色溜滑梯,攀爬組,旋轉棒,叢林攀爬組,4人旋轉器,搖搖樂,磨石滑梯,翹翹板,搖搖樂,組合遊具,組合遊具,組合遊具,爬繩,組合遊具(叢林攀爬組),獨木橋,組合遊具,遊戲板,組合遊具,攀爬組,盪鞦韆,搖搖樂,組合遊具,組合遊具,旋轉盤,鞦韆,攀爬組,旋轉盤,搖搖樂,組合遊具,特色溜滑梯,攀爬組,跳樁,鞦韆,搖搖馬,組合遊具,蹺蹺板,組合遊具,搖搖樂,組合遊具,組合遊具2,翹翹板及搖搖馬,組合遊具,天空樹溜滑梯,戲沙坑,搖搖樂,旋轉拉環,組合遊具, X型翹翹板,鞦韆,攀爬組,搖搖樂,組合遊具(村莊高塔),鞦韆,攀爬遊戲組,彈跳床,投籃機,擺盪船索,攀爬組,旋轉台,組合遊具,組合遊具,旋轉陀螺,旋轉台,組合遊具,攀爬組,搖搖樂,翹翹板,磨石滑梯,搖搖樂,跳樁,搖搖樂,攀爬組,組合遊具(滑梯小屋),旋轉盤,組合遊具,鳥巢盪鞦韆及一般坐式盪鞦韆,蝴蝶翹翹板,特色旋轉盤,金字塔滑梯組,機車搖搖樂,遊戲板,造型攀爬牆,攀爬網,組合遊具(環繞競技場遊具組),鞦韆,體能訓練平衡組,礫石坑,獨木樁,蜻蜓點水,木橋,平衡木,平衡木,跳樁,遊戲板,隧道,組合遊具(叢林攀爬組),搖晃板,組合遊具,遊戲板,隧道,組合遊具(遊戲城堡),旋轉座椅,競技攀爬遊具組,龍舟特色遊具組,滑梯,擊鼓,搖搖樂,組合遊具,翹翹板,組合遊具,翹翹板,木作組合遊具,搖搖樂,城堡遊戲組,大轉轉杯,搖搖樂,磨石滑梯,攀爬組,鞦韆,搖搖樂,組合遊具,組合遊具,搖滾盤,旋轉球椅,愛的搖籃,組合遊具,搖搖樂,旋轉杯,翹翹板,組合遊具,搖搖樂,組合遊具,搖搖樂,組合遊具,搖搖樂,組合遊具,攀爬組,搖搖樂,組合遊具,搖搖樂,組合遊具,組合遊具,彩虹琴,旋轉音樂盒,遊戲礫石坑,彈跳節拍,搖搖樂,組合遊具,翹翹板,組合遊具,組合遊具,搖搖樂,組合遊具,組合遊具,搖搖樂,組合遊具,攀爬組合滑梯,搖搖樂,組合遊具,組合遊具,翹翹板,組合遊具,搖搖樂,組合遊具,翹翹板,組合遊具,搖搖樂,翹翹板,旋轉杯,旋轉棒,搖搖樂,磨石滑梯,組合遊具,搖搖樂,攀爬組,旋轉台,磨石滑梯,組合遊具,跳樁,組合遊具,組合遊具,組合遊具,音樂球、叮噹管、歡樂鼓,無障礙旋轉盤,無障礙鞦韆,遊戲牆,滾輪滑梯,鳥巢鞦韆,旋轉杯,旋轉棒,鞦韆,小木屋,山丘滑梯,戲沙坑,搖搖樂,攀爬組,5人轉轉盤,彈跳床,戲沙坑,組合遊具,旋轉台,旋轉杯,旋轉棒, 磨石滑梯,翹翹板,遊戲板,鞦韆,組合遊具,攀爬組,磨石滑梯,磨石滑梯,組合遊具,火車特色滑梯,鞦韆,樹蛙籃球框,組合遊具,組合遊具,組合遊具,翹翹板,組合遊具,組合遊具,組合遊具,組合遊具,組合遊具,沙坑遊戲板,環型天梯無障礙上肢設施,旋轉杯,戲沙坑,攀爬組,磨石滑梯,跳樁,遊戲板,組合遊具,磨石滑梯,組合遊具,搖搖樂,組合遊具,組合遊具,組合遊具,磨石滑梯,翹翹板,搖搖樂,組合遊具,搖搖樂,組合遊具,組合遊具,搖搖樂,組合遊具-1,攀爬組,鞦韆,大港墘公園-沙坑,大港墘公園-磨石滑梯,大港墘公園-魔力飛盤鞦韆,大港墘公園-管型山丘,攀爬組,翹翹板,遊戲體能組,搖搖樂,組合遊具,搖搖樂,組合遊具,搖搖樂,組合遊具,搖搖樂,組合遊具,組合遊具,磨石滑梯,組合遊具,搖搖樂,組合遊具,搖搖樂,組合遊具,翹翹板,搖搖樂,搖搖樂,組合遊具,搖搖樂,組合遊具,搖搖樂,組合遊具,彈跳床,戲沙坑,攀爬組,磨石滑梯,組合遊具,鞦韆,搖搖樂,組合遊具,磨石滑梯,搖搖樂,磨石滑梯,鞦韆,組合遊具,鞦韆,戲沙坑,擺盪船索,組合遊具,搖搖樂,組合遊具,組合遊具,組合遊具,組合遊具,搖搖樂,組合遊具,戲沙坑,旋轉台,組合遊具,鞦韆,組合遊具,組合遊具,磨石滑梯,鞦韆,搖搖樂,組合遊具,攀爬架,搖搖樂,組合遊具,搖搖樂,搖搖樂,組合遊具,組合遊具,磨石滑梯,翹翹板,攀爬架,戲沙坑,船型遊具組,鞦韆,組合遊具,天旋地轉,組合遊具,組合遊具,搖搖樂,大轉轉杯,組合遊具,平衡木,搖搖樂,磨石滑梯,翹翹板,鞦韆,溜滑梯組合遊具,搖搖樂,翹翹板,木製攀爬架,搖搖樂,磨石滑梯,組合遊具,翹翹板,鞦韆,組合遊具,搖搖樂,組合遊具,組合遊具,組合遊具,擺盪螺旋跳跳樂,搖搖樂,攀爬組,磨石滑梯,鞦韆,組合遊具,鞦韆,組合遊具,搖搖樂,組合遊具,鞦韆,旋轉台,滾輪滑梯,組合遊具,翹翹板,遊戲板,搖搖樂,組合遊具,攀爬組,旋轉棒,磨石滑梯,搖搖樂,鞦韆,MONKEY BAR,宇宙穿梭機,時空訊息牆,景化小飛碟,黃金光束坡,搖搖樂,組合遊具,拉鍊響板,搖擺沙鈴,獅吼鼻頭,獅背攀爬網,獅眼滾珠迷宮,鈕扣獅,組合遊具,組合遊具,搖搖樂,組合遊具,搖搖樂,組合遊具,搖搖樂,組合遊具,鞦韆,翹翹板,組合遊具,搖搖樂,搖搖樂,組合遊具,組合遊具,戲沙坑,組合遊具,滑索(軌),鞦韆,搖搖馬,組合遊具,組合遊具,組合遊具,攀爬組,組合遊具,組合遊具,組合遊具,組合遊具,翹翹板,組合遊具, 磨石滑梯,組合遊具,攀爬組,磨石滑梯,搖搖樂,組合遊具,組合遊具,搖搖樂,戲沙坑,攀爬組,組合遊具,攀爬組,磨石滑梯,鞦韆,組合遊具,組合遊具,搖搖樂,磨石滑梯,組合遊具,搖搖樂,鞦韆,旋轉杯,組合遊具,翹翹板,組合遊具,搖搖樂,組合遊具,組合遊具,藤蔓綠森林組合遊具組,曲型單槓,搖搖樂,共融式旋轉碗碟,組合遊具,翹翹板,鞦韆,鞦韆,搖搖樂,組合遊具,組合遊具,探索年輪之環,板根網架,老松樹塔,組合遊具,組合遊具,鞦韆,原木擺盪攀爬遊具,旋轉擺盪座椅,擺盪船索,組合遊具,組合遊具,鞦韆,攀爬組,遊戲小屋,組合遊具,搖搖樂,翹翹板,組合遊具,旋轉木馬,搖搖樂,組合遊具,翹翹板,搖滾盤,攀爬組,組合遊具,組合遊具,組合遊具,無障礙旋轉盤\t,共融式恐龍造型遊具組,造型恐龍蛋休憩椅\t,磨石滑梯,鞦韆,磨石子溜滑梯,戲沙坑,組合遊具,翹翹板,跳樁,大坡面磨石溜滑梯,沙坑,鳥巢鞦韆,滑索(軌),組合遊具,鞦韆,組合遊具,組合遊具,磨石子滑梯,樹屋攀爬網,組合遊具,組合遊具,多元攀爬遊具,側向爬網,平衡獨木橋,磨石子滑梯,原木攀爬遊具,大轉轉椅,組合遊具,共融式綜合鞦韆組,曲型單槓,磨石滑梯", "ObjectId": 553}}, {"type": "Feature", "id": 554, "geometry": {"type": "Point", "coordinates": [121.52002716, 25.047700882]}, "properties": {"SeqNo": 645, "pm_name": "逸仙公園", "pm_overview": "      「逸仙公園」位於臺北市中正區中山北路一段46號，面積約3025平方公尺，瀕臨台北車站，公園內有「國父史蹟館」乙座，館內陳設仿造當年國父居住時的模樣，除了以圖畫及照片介紹孫中山先生在台灣的活動，國父當年用過的茶几、手稿、史料與照片等文物，其中甚至遠從舊金山蒐集國父使用的辦公桌椅；並種植了松、竹、梅，池塘、迴廊、曲橋以及草皮，櫻花以及杜鵑花也競相開放，富有十足的中國庭園風味。　　\r\n       「逸仙公園」內國父史蹟館原為日據時代『梅屋敷』旅館，建造於民國前12年，是一棟約四、五十坪的長方形建築物，屋頂覆蓋著老式暗黑色「理想瓦」，屋簷與雨淋板緊密結合，四周植有矮梅樹，幽靜清雅。國父於民國2年來臺下榻於此，曾為旅館主人大和宗吉親書「博愛」二字，為其弟藤井一郎親書「同仁」二字，以作永久紀念。民國35年政府令以『梅屋敷』原址建為國父史蹟紀念館，正門匾額係先總統　蔣公親題「博愛」字畫，房中擺有木質方桌和坐墊，則係保存國父駐蹕時原狀。\r\n　　民國72年，臺北市區鐵路地下化正式興工。國父史蹟紀念館適在東隧道正頂端，由於鐵路移入地下受坡度曲線的嚴格限制，為了國家重大建設，勢須暫以搬遷方式拆移，俟鐵路工程告一段落，再於原址北方約五十公尺處重建。重建工程由中華顧問工程公司設計規劃，榮民工程處負責施工，紀念館本館先於民國75年11月12日　國父誕辰紀念日竣工，庭院工程繼於民國76年2月底完成。經中央決議，交由臺北市政府管理維護。同年3月12日 國父逝世紀念日，正式對外開放。 　　\r\n     國父史蹟館館內展覽國父來台奔走的相關紀錄，深富歷史人物事件教育價值，經本府文化局於96年8月29日召開「臺北市文化資產審議委員第12次會議」並於96年10月17日「國父史蹟紀念館文化資產價值鑑定案」決議：同意登錄「國父史蹟紀念館」為本市歷史建築及名稱更名為「國父史蹟館」。並於97年6月23日將公園大門牌樓由原「國父史蹟紀念館」改為「逸仙公園」及「國父史蹟紀念館」建物門口再加設「國父史蹟館」空間名牌，以利正名。 　　", "pm_unit": "青年公園管理所", "pm_const_year": "1988", "pm_location": "北平西路，中山北路口", "pm_LandPublicArea": 3025, "pm_opening_s": "08:00:00", "pm_opening_e": "17:00", "pm_libie": "黎明里", "pm_phone": "02-23032451", "pm_sports": null, "pm_recreation": null, "pm_service": "廁所(含親子廁所、無障礙廁所)、涼亭", "pm_other": "國父史蹟紀念館", "pm_transit": "捷運路線:搭淡水信義線或板南縣至台北車站捷運出口M2，公車路線搭2、5、14、39、200、218、221、227、247、260、261、274、299、307、310、539、604、615、652、1717、內湖幹線、中山幹線至行政院", "pm_name_eng": "Sun Yat-sen Park", "pm_ecology": null, "pm_type": "公園", "pm_playtype": null, "pm_playarea": null, "pm_description": null, "pm_playeq": null, "ObjectId": 554}}, {"type": "Feature", "id": 555, "geometry": {"type": "Point", "coordinates": [121.52829742, 25.041749954]}, "properties": {"SeqNo": 764, "pm_name": "齊東公園", "pm_overview": "齊東公園位處齊東老街上，係臺北市留存至今少見的260年以上的老街，周邊日式房屋群聚，極具保存價值，齊東公園為整體社區中心點，對於地方發展具有重大意義，公園內現有木作小型聚會廣場、滑梯、健康步道、籃球架、爬架等設施，可供民眾休憩遊樂。公園主要的樹木有肯氏蒲桃、玉蘭花、龍眼、大王仙丹、變葉木、春不老、垂榕、仙丹花等，中正區公所並按季節更換適當草花，共同建構成公園優美的景觀。\r\n", "pm_unit": "中正區公所", "pm_const_year": "1979", "pm_location": "齊東街53巷巷口.", "pm_LandPublicArea": 1061, "pm_opening_s": "00:00:00", "pm_opening_e": "24:00", "pm_libie": "幸福里", "pm_phone": "02-23416721#284", "pm_sports": "單人漫步機、手部訓練器", "pm_recreation": "滑梯、鞦韆、組合遊具", "pm_service": "組合遊具、磨石滑梯、鞦韆", "pm_other": null, "pm_transit": "公車路線搭214、248、606至金山泰安街口", "pm_name_eng": "Qidong Park", "pm_ecology": null, "pm_type": "公園", "pm_playtype": "共融", "pm_playarea": 292, "pm_description": null, "pm_playeq": "彈跳床,搖滾盤,攀爬組,磨石滑梯,搖搖樂,翹翹板,搖搖樂,組合遊具,搖搖樂,組合遊具,鞦韆,攀爬組,磨石滑梯,翹翹板,組合遊具,翹翹板,木樁區,盪鞦韆,平衡木,彈跳床,搖搖樂,組合遊具,翹翹板,旋轉台,戲沙坑遊戲桌,搖搖樂,攀爬組,旋轉飛輪,組合遊具,翹翹板,磨石滑梯,攀爬組,磨石子滑梯,翹翹板,彈跳床,鳥巢鞦韆,戲沙坑,攀爬組,組合遊具,攀爬組,站立式搖動設備,組合遊具,翹翹板,小石搬運,搖搖馬,組合遊具,數字造型跳樁及水管隧道,搖滾盤,X型翹翹板,組合遊具,搖搖樂,組合遊具,旋轉桶椅,大旋轉組,組合遊具,搖搖樂,磨石滑梯,鳥巢鞦韆,旋轉桶椅,組合遊具,組合遊具,組合遊具,搖搖馬,組合遊具,翹翹板,搖搖樂,組合遊具,組合遊具,磨石滑梯,鞦韆及鳥巢鞦韆,彈跳床,攀爬組,木隧道,組合遊具,仿古代程沈船遊具,攀爬繩網組,攀爬組,鳥巢鞦韆,輪胎鞦韆,尿布鞦韆,沙坑,磨石子滑梯,旋轉台,彈跳床,雙滑軌溜索,搖搖馬,翹翹板,組合遊具,搖搖馬,組合遊具,攀爬組,組合遊具,組合遊具,攀爬組,搖搖馬,磨石子滑梯,旋轉杯,組合遊具,組合遊具,組合遊具,大轉轉杯,搖搖樂,組合遊具,翹翹板,滑梯,彈跳床,戲沙坑,擺盪船索,攀爬組,旋轉組,磨石滑梯,組合遊具,特色溜滑梯,攀爬組,旋轉棒,叢林攀爬組,4人旋轉器,搖搖樂,磨石滑梯,翹翹板,搖搖樂,組合遊具,組合遊具,組合遊具,爬繩,組合遊具(叢林攀爬組),獨木橋,組合遊具,遊戲板,組合遊具,攀爬組,盪鞦韆,搖搖樂,組合遊具,組合遊具,旋轉盤,鞦韆,攀爬組,旋轉盤,搖搖樂,組合遊具,特色溜滑梯,攀爬組,跳樁,鞦韆,搖搖馬,組合遊具,蹺蹺板,組合遊具,搖搖樂,組合遊具,組合遊具2,翹翹板及搖搖馬,組合遊具,天空樹溜滑梯,戲沙坑,搖搖樂,旋轉拉環,組合遊具, X型翹翹板,鞦韆,攀爬組,搖搖樂,組合遊具(村莊高塔),鞦韆,攀爬遊戲組,彈跳床,投籃機,擺盪船索,攀爬組,旋轉台,組合遊具,組合遊具,旋轉陀螺,旋轉台,組合遊具,攀爬組,搖搖樂,翹翹板,磨石滑梯,搖搖樂,跳樁,搖搖樂,攀爬組,組合遊具(滑梯小屋),旋轉盤,組合遊具,鳥巢盪鞦韆及一般坐式盪鞦韆,蝴蝶翹翹板,特色旋轉盤,金字塔滑梯組,機車搖搖樂,遊戲板,造型攀爬牆,攀爬網,組合遊具(環繞競技場遊具組),鞦韆,體能訓練平衡組,礫石坑,獨木樁,蜻蜓點水,木橋,平衡木,平衡木,跳樁,遊戲板,隧道,組合遊具(叢林攀爬組),搖晃板,組合遊具,遊戲板,隧道,組合遊具(遊戲城堡),旋轉座椅,競技攀爬遊具組,龍舟特色遊具組,滑梯,擊鼓,搖搖樂,組合遊具,翹翹板,組合遊具,翹翹板,木作組合遊具,搖搖樂,城堡遊戲組,大轉轉杯,搖搖樂,磨石滑梯,攀爬組,鞦韆,搖搖樂,組合遊具,組合遊具,搖滾盤,旋轉球椅,愛的搖籃,組合遊具,搖搖樂,旋轉杯,翹翹板,組合遊具,搖搖樂,組合遊具,搖搖樂,組合遊具,搖搖樂,組合遊具,攀爬組,搖搖樂,組合遊具,搖搖樂,組合遊具,組合遊具,彩虹琴,旋轉音樂盒,遊戲礫石坑,彈跳節拍,搖搖樂,組合遊具,翹翹板,組合遊具,組合遊具,搖搖樂,組合遊具,組合遊具,搖搖樂,組合遊具,攀爬組合滑梯,搖搖樂,組合遊具,組合遊具,翹翹板,組合遊具,搖搖樂,組合遊具,翹翹板,組合遊具,搖搖樂,翹翹板,旋轉杯,旋轉棒,搖搖樂,磨石滑梯,組合遊具,搖搖樂,攀爬組,旋轉台,磨石滑梯,組合遊具,跳樁,組合遊具,組合遊具,組合遊具,音樂球、叮噹管、歡樂鼓,無障礙旋轉盤,無障礙鞦韆,遊戲牆,滾輪滑梯,鳥巢鞦韆,旋轉杯,旋轉棒,鞦韆,小木屋,山丘滑梯,戲沙坑,搖搖樂,攀爬組,5人轉轉盤,彈跳床,戲沙坑,組合遊具,旋轉台,旋轉杯,旋轉棒, 磨石滑梯,翹翹板,遊戲板,鞦韆,組合遊具,攀爬組,磨石滑梯,磨石滑梯,組合遊具,火車特色滑梯,鞦韆,樹蛙籃球框,組合遊具,組合遊具,組合遊具,翹翹板,組合遊具,組合遊具,組合遊具,組合遊具,組合遊具,沙坑遊戲板,環型天梯無障礙上肢設施,旋轉杯,戲沙坑,攀爬組,磨石滑梯,跳樁,遊戲板,組合遊具,磨石滑梯,組合遊具,搖搖樂,組合遊具,組合遊具,組合遊具,磨石滑梯,翹翹板,搖搖樂,組合遊具,搖搖樂,組合遊具,組合遊具,搖搖樂,組合遊具-1,攀爬組,鞦韆,大港墘公園-沙坑,大港墘公園-磨石滑梯,大港墘公園-魔力飛盤鞦韆,大港墘公園-管型山丘,攀爬組,翹翹板,遊戲體能組,搖搖樂,組合遊具,搖搖樂,組合遊具,搖搖樂,組合遊具,搖搖樂,組合遊具,組合遊具,磨石滑梯,組合遊具,搖搖樂,組合遊具,搖搖樂,組合遊具,翹翹板,搖搖樂,搖搖樂,組合遊具,搖搖樂,組合遊具,搖搖樂,組合遊具,彈跳床,戲沙坑,攀爬組,磨石滑梯,組合遊具,鞦韆,搖搖樂,組合遊具,磨石滑梯,搖搖樂,磨石滑梯,鞦韆,組合遊具,鞦韆,戲沙坑,擺盪船索,組合遊具,搖搖樂,組合遊具,組合遊具,組合遊具,組合遊具,搖搖樂,組合遊具,戲沙坑,旋轉台,組合遊具,鞦韆,組合遊具,組合遊具,磨石滑梯,鞦韆,搖搖樂,組合遊具,攀爬架,搖搖樂,組合遊具,搖搖樂,搖搖樂,組合遊具,組合遊具,磨石滑梯,翹翹板,攀爬架,戲沙坑,船型遊具組,鞦韆,組合遊具,天旋地轉,組合遊具,組合遊具,搖搖樂,大轉轉杯,組合遊具,平衡木,搖搖樂,磨石滑梯,翹翹板,鞦韆,溜滑梯組合遊具,搖搖樂,翹翹板,木製攀爬架,搖搖樂,磨石滑梯,組合遊具,翹翹板,鞦韆,組合遊具,搖搖樂,組合遊具,組合遊具,組合遊具,擺盪螺旋跳跳樂,搖搖樂,攀爬組,磨石滑梯,鞦韆,組合遊具,鞦韆,組合遊具,搖搖樂,組合遊具,鞦韆,旋轉台,滾輪滑梯,組合遊具,翹翹板,遊戲板,搖搖樂,組合遊具,攀爬組,旋轉棒,磨石滑梯,搖搖樂,鞦韆,MONKEY BAR,宇宙穿梭機,時空訊息牆,景化小飛碟,黃金光束坡,搖搖樂,組合遊具,拉鍊響板,搖擺沙鈴,獅吼鼻頭,獅背攀爬網,獅眼滾珠迷宮,鈕扣獅,組合遊具,組合遊具,搖搖樂,組合遊具,搖搖樂,組合遊具,搖搖樂,組合遊具,鞦韆,翹翹板,組合遊具,搖搖樂,搖搖樂,組合遊具,組合遊具,戲沙坑,組合遊具,滑索(軌),鞦韆,搖搖馬,組合遊具,組合遊具,組合遊具,攀爬組,組合遊具,組合遊具,組合遊具,組合遊具,翹翹板,組合遊具, 磨石滑梯,組合遊具,攀爬組,磨石滑梯,搖搖樂,組合遊具,組合遊具,搖搖樂,戲沙坑,攀爬組,組合遊具,攀爬組,磨石滑梯,鞦韆,組合遊具,組合遊具,搖搖樂,磨石滑梯,組合遊具,搖搖樂,鞦韆,旋轉杯,組合遊具,翹翹板,組合遊具,搖搖樂,組合遊具,組合遊具,藤蔓綠森林組合遊具組,曲型單槓,搖搖樂,共融式旋轉碗碟,組合遊具,翹翹板,鞦韆,鞦韆,搖搖樂,組合遊具,組合遊具,探索年輪之環,板根網架,老松樹塔,組合遊具,組合遊具,鞦韆,原木擺盪攀爬遊具,旋轉擺盪座椅,擺盪船索,組合遊具,組合遊具,鞦韆,攀爬組,遊戲小屋,組合遊具,搖搖樂,翹翹板,組合遊具,旋轉木馬,搖搖樂,組合遊具,翹翹板,搖滾盤,攀爬組,組合遊具,組合遊具,組合遊具,無障礙旋轉盤\t,共融式恐龍造型遊具組,造型恐龍蛋休憩椅\t,磨石滑梯,鞦韆,磨石子溜滑梯,戲沙坑,組合遊具,翹翹板,跳樁,大坡面磨石溜滑梯,沙坑,鳥巢鞦韆,滑索(軌),組合遊具,鞦韆,組合遊具,組合遊具,磨石子滑梯,樹屋攀爬網,組合遊具,組合遊具,多元攀爬遊具,側向爬網,平衡獨木橋,磨石子滑梯,原木攀爬遊具,大轉轉椅,組合遊具,共融式綜合鞦韆組,曲型單槓,磨石滑梯,遊戲板,攀爬組,磨石滑梯,鞦韆", "ObjectId": 555}}, {"type": "Feature", "id": 556, "geometry": {"type": "Point", "coordinates": [121.51555634, 25.044139862]}, "properties": {"SeqNo": 613, "pm_name": "黎明公園", "pm_overview": "此公園為本區最小之鄰里公園，隱身於臺北車站補習街的巷弄內，附近多為商業大樓辦公室，是屬人口活動高密集度之區域，提供附近補習的莘莘學子休息的好去處，園內有寬敞空間，公園植栽以清新簡潔之水黃皮、木棉樹為主，並配合里民需求於周遭種植桂花及四季草花，提供周邊民眾、上班族及莘莘學子在繁忙及緊迫的都市中，一個抒發壓力緩和情緒的舒適綠蔭空間。", "pm_unit": "中正區公所", "pm_const_year": "1983", "pm_location": "南陽街38巷5號前", "pm_LandPublicArea": 465, "pm_opening_s": "00:00:00", "pm_opening_e": "24:00", "pm_libie": "黎明里", "pm_phone": "02-23416721#284", "pm_sports": null, "pm_recreation": null, "pm_service": null, "pm_other": null, "pm_transit": "捷運路線:搭淡水信義線至臺大醫院捷運站4號出口，公車路線搭0東、18、249、251、605、羅斯福路幹線至博物館(館前)", "pm_name_eng": "Liming Park", "pm_ecology": null, "pm_type": "公園", "pm_playtype": null, "pm_playarea": null, "pm_description": null, "pm_playeq": null, "ObjectId": 556}}, {"type": "Feature", "id": 558, "geometry": {"type": "Point", "coordinates": [121.51451111, 25.03783989]}, "properties": {"SeqNo": 470, "pm_name": "中正138號綠地", "pm_overview": "　　中正138號綠地坐落於中正區建國里、南門里及龍福里的愛國西路林園道，於民國70年開闢完成，綠地面積為20,180平方公尺，該綠地位於愛國西路本線上，早年栽植許多樟樹、茄冬、檬果樹等，如今已成齡成蔭，行經愛國西路彷彿進入綠色隧道一般，歡迎前來體驗！", "pm_unit": "園藝工程隊(西區分隊)", "pm_const_year": "1981", "pm_location": "愛國西路林園道", "pm_LandPublicArea": 20180, "pm_opening_s": "00:00:00", "pm_opening_e": "24:00", "pm_libie": "建國里,南門里,龍福里", "pm_phone": "02-23329386", "pm_sports": null, "pm_recreation": null, "pm_service": "石椅", "pm_other": null, "pm_transit": "604.660.2021公車站牌捷運小南門站", "pm_name_eng": "Jhongjheng   Green NO.138", "pm_ecology": null, "pm_type": "綠地", "pm_playtype": null, "pm_playarea": null, "pm_description": null, "pm_playeq": null, "ObjectId": 558}}, {"type": "Feature", "id": 559, "geometry": {"type": "Point", "coordinates": [121.5116831, 25.0480021]}, "properties": {"SeqNo": 795, "pm_name": "北門廣場", "pm_overview": "古蹟、景觀", "pm_unit": "園藝工程隊(西區分隊)", "pm_const_year": "2017", "pm_location": "忠孝西路與中華路一段東南側", "pm_LandPublicArea": 6865, "pm_opening_s": "00:00:00", "pm_opening_e": "24:00", "pm_libie": "光復里", "pm_phone": "02-23329386", "pm_sports": null, "pm_recreation": null, "pm_service": null, "pm_other": null, "pm_transit": "公車：臺北郵局站", "pm_name_eng": "Beimen Plaza", "pm_ecology": null, "pm_type": "廣場", "pm_playtype": null, "pm_playarea": null, "pm_description": null, "pm_playeq": null, "ObjectId": 559}}, {"type": "Feature", "id": 560, "geometry": {"type": "Point", "coordinates": [121.51676178, 25.046470642]}, "properties": {"SeqNo": 354, "pm_name": "交7廣場", "pm_overview": "　　交通7號廣場位於中正區黎明里忠孝西路與公園路口（臺北車站南1門、南2門、南3門前），於民國94年開闢完成，廣場面積為11,200平方公尺，廣場內有臺北市延平扶輪社捐贈公共藝術品「快樂頌」，材質為銅組成的雕塑藝術座椅，以不同長短造型的椅子組成，象徵全家人快樂相聚，傳達愛與歡樂氣息，讓往來行人輕鬆休憩並融入歡樂的氣氛中，座椅群組將椅子功能和雕塑藝術合而為一，強調生活藝術的親和力和感染力，讓往來旅客及民眾對臺北車站的印象更多元深刻！", "pm_unit": "園藝工程隊(西區分隊)", "pm_const_year": "2005", "pm_location": "中正區黎明里忠孝西路與公園路口（臺北車站南1門、南2門、南3門前）", "pm_LandPublicArea": 11200, "pm_opening_s": "00:00:00", "pm_opening_e": "24:00", "pm_libie": "黎明里", "pm_phone": "02-23329386", "pm_sports": null, "pm_recreation": null, "pm_service": null, "pm_other": null, "pm_transit": "253.265.205.221.262.212.310.604.202.246.307.232.299.14.39.218.652.257.214.539.605.49.260.276.527.15.", "pm_name_eng": "Jiaotong  Plaza  No.7", "pm_ecology": null, "pm_type": "廣場", "pm_playtype": null, "pm_playarea": null, "pm_description": null, "pm_playeq": null, "ObjectId": 560}}, {"type": "Feature", "id": 561, "geometry": {"type": "Point", "coordinates": [121.51880646, 25.047380447]}, "properties": {"SeqNo": 391, "pm_name": "交通4號廣場", "pm_overview": "　　交通4號廣場位於中正區黎明里市民大道旁、逸仙公園西側，於民國88年間開闢完成，廣場面積為4,825平方公尺，廣場緊鄰臺北車站重要交通樞紐，並串聯逸仙公園(國父史蹟館)，廣場內栽植數棵刺桐及鋪設草皮，為交通繁雜的都市叢林增添些許綠意。", "pm_unit": "園藝工程隊(西區分隊)", "pm_const_year": "1999", "pm_location": "中正區黎明里市民大道旁、逸仙公園西側", "pm_LandPublicArea": 4825, "pm_opening_s": "00:00:00", "pm_opening_e": "24:00", "pm_libie": "黎明里", "pm_phone": "02-23329386", "pm_sports": null, "pm_recreation": null, "pm_service": null, "pm_other": null, "pm_transit": "2.39.274.669.14.299.615.260.641.218.220.310.公車站牌臺北車站（鄭州）", "pm_name_eng": "Jiaotong  Plaza  No.4", "pm_ecology": null, "pm_type": "廣場", "pm_playtype": null, "pm_playarea": null, "pm_description": null, "pm_playeq": null, "ObjectId": 561}}, {"type": "Feature", "id": 562, "geometry": {"type": "Point", "coordinates": [121.51651001, 25.050319672]}, "properties": {"SeqNo": 618, "pm_name": "交通8號廣場", "pm_overview": "　　交通8號廣場位於中正區黎明里忠孝西路與重慶北路口西側，民國89年開闢面積為2,698平方公尺，未開闢面積為7,161平方公尺，廣場內栽植樟樹、南洋杉、鳳凰木、臺灣欒樹、春不老、宮粉仙丹及草花等，並設置座椅提供休憩，歡迎來往旅客及民眾來此駐足休憩。", "pm_unit": "園藝工程隊(西區分隊)", "pm_const_year": "89", "pm_location": "中正區黎明里忠孝西路與重慶北路口西側", "pm_LandPublicArea": 2698, "pm_opening_s": "00:00:00", "pm_opening_e": "24:00", "pm_libie": "黎明里", "pm_phone": "02-23329386", "pm_sports": null, "pm_recreation": null, "pm_service": null, "pm_other": null, "pm_transit": "253.265.205.221.262.212.310.604.202.246.307.232.299.14.39.218.652.257.214.539.605.49.260.276.527.15.", "pm_name_eng": "Jiaotong  Plaza  No.8", "pm_ecology": null, "pm_type": "廣場", "pm_playtype": null, "pm_playarea": null, "pm_description": null, "pm_playeq": null, "ObjectId": 562}}, {"type": "Feature", "id": 563, "geometry": {"type": "Point", "coordinates": [121.5132041, 25.0477977]}, "properties": {"SeqNo": 793, "pm_name": "行旅廣場", "pm_overview": "都會廣場", "pm_unit": "園藝工程隊(西區分隊)", "pm_const_year": "2000年2016年", "pm_location": "忠孝西路與重慶北路一段路口東北側", "pm_LandPublicArea": 39233, "pm_opening_s": "00:00:00", "pm_opening_e": "00:00", "pm_libie": "黎明里", "pm_phone": "02-23329386", "pm_sports": null, "pm_recreation": null, "pm_service": null, "pm_other": null, "pm_transit": "公車：臺北車站(忠孝)\n火車：台北火車站西3出口", "pm_name_eng": "Taipel  Travel  plaza", "pm_ecology": null, "pm_type": "廣場", "pm_playtype": null, "pm_playarea": null, "pm_description": null, "pm_playeq": null, "ObjectId": 563}}, {"type": "Feature", "id": 564, "geometry": {"type": "Point", "coordinates": [121.54572296, 25.042409897]}, "properties": {"SeqNo": 653, "pm_name": "瑠公公園", "pm_overview": "瑠公公園(Liugong Park)位於捷運忠孝復興站附近，為紀念郭錫瑠先生對民生水利的重要貢獻得名。因位處頂好商圈，公園造型佳，人潮眾多，使用率極高。", "pm_unit": "大安區公所", "pm_const_year": "1980", "pm_location": "復興南路1段135巷與大安路1段路口", "pm_LandPublicArea": 2939, "pm_opening_s": "00:00:00", "pm_opening_e": "24:00", "pm_libie": "光武里", "pm_phone": "02-23511711#9302", "pm_sports": "坐拉坐推練習器、肩關節康復器、 扭腰器、單槓、腿部康復器", "pm_recreation": "攀爬架、沙坑、跳樁組合、鞦韆、滑梯、爬繩", "pm_service": "洗手台、直飲台", "pm_other": null, "pm_transit": "捷運路線:搭文湖線或板南線至忠孝復興捷運站，公車路線搭204、212、 232快速公車、232紅至捷運忠孝復興站", "pm_name_eng": "Liugong Park", "pm_ecology": null, "pm_type": "公園", "pm_playtype": "特色", "pm_playarea": 152, "pm_description": "瑠公公園為社區中難得的綠地空間，公園內有小廣場，可以不定期舉辦小型里民活動，兒童遊戲場設置一座盤爬設施，設有攀岩、爬繩、、小砂坑、等多樣設施，讓小朋友在這裡透過不同活動體驗趣味，培養身心健康發展。", "pm_playeq": "彈跳床,搖滾盤,攀爬組,磨石滑梯,搖搖樂,翹翹板,搖搖樂,組合遊具,搖搖樂,組合遊具,鞦韆,攀爬組,磨石滑梯,翹翹板,組合遊具,翹翹板,木樁區,盪鞦韆,平衡木,彈跳床,搖搖樂,組合遊具,翹翹板,旋轉台,戲沙坑遊戲桌,搖搖樂,攀爬組,旋轉飛輪,組合遊具,翹翹板,磨石滑梯,攀爬組,磨石子滑梯,翹翹板,彈跳床,鳥巢鞦韆,戲沙坑,攀爬組,組合遊具,攀爬組,站立式搖動設備,組合遊具,翹翹板,小石搬運,搖搖馬,組合遊具,數字造型跳樁及水管隧道,搖滾盤,X型翹翹板,組合遊具,搖搖樂,組合遊具,旋轉桶椅,大旋轉組,組合遊具,搖搖樂,磨石滑梯,鳥巢鞦韆,旋轉桶椅,組合遊具,組合遊具,組合遊具,搖搖馬,組合遊具,翹翹板,搖搖樂,組合遊具,組合遊具,磨石滑梯,鞦韆及鳥巢鞦韆,彈跳床,攀爬組,木隧道,組合遊具,仿古代程沈船遊具,攀爬繩網組,攀爬組,鳥巢鞦韆,輪胎鞦韆,尿布鞦韆,沙坑,磨石子滑梯,旋轉台,彈跳床,雙滑軌溜索,搖搖馬,翹翹板,組合遊具,搖搖馬,組合遊具,攀爬組,組合遊具,組合遊具,攀爬組,搖搖馬,磨石子滑梯,旋轉杯,組合遊具,組合遊具,組合遊具,大轉轉杯,搖搖樂,組合遊具,翹翹板,滑梯,彈跳床,戲沙坑,擺盪船索,攀爬組,旋轉組,磨石滑梯,組合遊具,特色溜滑梯,攀爬組,旋轉棒,叢林攀爬組,4人旋轉器,搖搖樂,磨石滑梯,翹翹板,搖搖樂,組合遊具,組合遊具,組合遊具,爬繩,組合遊具(叢林攀爬組),獨木橋,組合遊具,遊戲板,組合遊具,攀爬組,盪鞦韆,搖搖樂,組合遊具,組合遊具,旋轉盤,鞦韆,攀爬組,旋轉盤,搖搖樂,組合遊具,特色溜滑梯,攀爬組,跳樁,鞦韆,搖搖馬,組合遊具,蹺蹺板,組合遊具,搖搖樂,組合遊具,組合遊具2,翹翹板及搖搖馬,組合遊具,天空樹溜滑梯,戲沙坑,搖搖樂,旋轉拉環,組合遊具, X型翹翹板,鞦韆,攀爬組,搖搖樂,組合遊具(村莊高塔),鞦韆,攀爬遊戲組,彈跳床,投籃機,擺盪船索,攀爬組,旋轉台,組合遊具,組合遊具,旋轉陀螺,旋轉台,組合遊具,攀爬組,搖搖樂,翹翹板,磨石滑梯,搖搖樂,跳樁,搖搖樂,攀爬組,組合遊具(滑梯小屋),旋轉盤,組合遊具,鳥巢盪鞦韆及一般坐式盪鞦韆,蝴蝶翹翹板,特色旋轉盤,金字塔滑梯組,機車搖搖樂,遊戲板,造型攀爬牆,攀爬網,組合遊具(環繞競技場遊具組),鞦韆,體能訓練平衡組,礫石坑,獨木樁,蜻蜓點水,木橋,平衡木,平衡木,跳樁,遊戲板,隧道,組合遊具(叢林攀爬組),搖晃板,組合遊具,遊戲板,隧道,組合遊具(遊戲城堡),旋轉座椅,競技攀爬遊具組,龍舟特色遊具組,滑梯,擊鼓,搖搖樂,組合遊具,翹翹板,組合遊具,翹翹板,木作組合遊具,搖搖樂,城堡遊戲組,大轉轉杯,搖搖樂,磨石滑梯,攀爬組,鞦韆,搖搖樂,組合遊具,組合遊具,搖滾盤,旋轉球椅,愛的搖籃,組合遊具,搖搖樂,旋轉杯,翹翹板,組合遊具,搖搖樂,組合遊具,搖搖樂,組合遊具,搖搖樂,組合遊具,攀爬組,搖搖樂,組合遊具,搖搖樂,組合遊具,組合遊具,彩虹琴,旋轉音樂盒,遊戲礫石坑,彈跳節拍,搖搖樂,組合遊具,翹翹板,組合遊具,組合遊具,搖搖樂,組合遊具,組合遊具,搖搖樂,組合遊具,攀爬組合滑梯,搖搖樂,組合遊具,組合遊具,翹翹板,組合遊具,搖搖樂,組合遊具,翹翹板,組合遊具,搖搖樂,翹翹板,旋轉杯,旋轉棒,搖搖樂,磨石滑梯,組合遊具,搖搖樂,攀爬組,旋轉台,磨石滑梯,組合遊具,跳樁,組合遊具,組合遊具,組合遊具,音樂球、叮噹管、歡樂鼓,無障礙旋轉盤,無障礙鞦韆,遊戲牆,滾輪滑梯,鳥巢鞦韆,旋轉杯,旋轉棒,鞦韆,小木屋,山丘滑梯,戲沙坑,搖搖樂,攀爬組,5人轉轉盤,彈跳床,戲沙坑,組合遊具,旋轉台,旋轉杯,旋轉棒, 磨石滑梯,翹翹板,遊戲板,鞦韆,組合遊具,攀爬組,磨石滑梯,磨石滑梯,組合遊具,火車特色滑梯,鞦韆,樹蛙籃球框,組合遊具,組合遊具,組合遊具,翹翹板,組合遊具,組合遊具,組合遊具,組合遊具,組合遊具,沙坑遊戲板,環型天梯無障礙上肢設施,旋轉杯,戲沙坑,攀爬組,磨石滑梯,跳樁,遊戲板,組合遊具,磨石滑梯,組合遊具,搖搖樂,組合遊具,組合遊具,組合遊具,磨石滑梯,翹翹板,搖搖樂,組合遊具,搖搖樂,組合遊具,組合遊具,搖搖樂,組合遊具-1,攀爬組,鞦韆,大港墘公園-沙坑,大港墘公園-磨石滑梯,大港墘公園-魔力飛盤鞦韆,大港墘公園-管型山丘,攀爬組,翹翹板,遊戲體能組,搖搖樂,組合遊具,搖搖樂,組合遊具,搖搖樂,組合遊具,搖搖樂,組合遊具,組合遊具,磨石滑梯,組合遊具,搖搖樂,組合遊具,搖搖樂,組合遊具,翹翹板,搖搖樂,搖搖樂,組合遊具,搖搖樂,組合遊具,搖搖樂,組合遊具,彈跳床,戲沙坑,攀爬組,磨石滑梯,組合遊具,鞦韆,搖搖樂,組合遊具,磨石滑梯,搖搖樂,磨石滑梯,鞦韆,組合遊具,鞦韆,戲沙坑,擺盪船索,組合遊具,搖搖樂,組合遊具,組合遊具,組合遊具,組合遊具,搖搖樂,組合遊具,戲沙坑,旋轉台,組合遊具,鞦韆,組合遊具,組合遊具,磨石滑梯,鞦韆,搖搖樂,組合遊具,攀爬架,搖搖樂,組合遊具,搖搖樂,搖搖樂,組合遊具,組合遊具,磨石滑梯,翹翹板,攀爬架,戲沙坑,船型遊具組,鞦韆,組合遊具,天旋地轉,組合遊具,組合遊具,搖搖樂,大轉轉杯,組合遊具,平衡木,搖搖樂,磨石滑梯,翹翹板,鞦韆,溜滑梯組合遊具,搖搖樂,翹翹板,木製攀爬架,搖搖樂,磨石滑梯,組合遊具,翹翹板,鞦韆,組合遊具,搖搖樂,組合遊具,組合遊具,組合遊具,擺盪螺旋跳跳樂,搖搖樂,攀爬組,磨石滑梯,鞦韆,組合遊具,鞦韆,組合遊具,搖搖樂,組合遊具,鞦韆,旋轉台,滾輪滑梯,組合遊具,翹翹板,遊戲板,搖搖樂,組合遊具,攀爬組,旋轉棒,磨石滑梯,搖搖樂,鞦韆,MONKEY BAR,宇宙穿梭機,時空訊息牆,景化小飛碟,黃金光束坡,搖搖樂,組合遊具,拉鍊響板,搖擺沙鈴,獅吼鼻頭,獅背攀爬網,獅眼滾珠迷宮,鈕扣獅,組合遊具,組合遊具,搖搖樂,組合遊具,搖搖樂,組合遊具,搖搖樂,組合遊具,鞦韆,翹翹板,組合遊具,搖搖樂,搖搖樂,組合遊具,組合遊具,戲沙坑,組合遊具,滑索(軌),鞦韆,搖搖馬,組合遊具,組合遊具,組合遊具,攀爬組,組合遊具,組合遊具,組合遊具,組合遊具,翹翹板,組合遊具, 磨石滑梯,組合遊具,攀爬組,磨石滑梯,搖搖樂,組合遊具,組合遊具,搖搖樂,戲沙坑,攀爬組,組合遊具,攀爬組,磨石滑梯,鞦韆,組合遊具,組合遊具,搖搖樂,磨石滑梯,組合遊具,搖搖樂,鞦韆,旋轉杯,組合遊具,翹翹板,組合遊具,搖搖樂,組合遊具,組合遊具,藤蔓綠森林組合遊具組,曲型單槓,搖搖樂,共融式旋轉碗碟,組合遊具,翹翹板,鞦韆,鞦韆,搖搖樂,組合遊具,組合遊具,探索年輪之環,板根網架,老松樹塔,組合遊具,組合遊具,鞦韆,原木擺盪攀爬遊具,旋轉擺盪座椅,擺盪船索,組合遊具,組合遊具,鞦韆,攀爬組,遊戲小屋,組合遊具,搖搖樂,翹翹板,組合遊具,旋轉木馬,搖搖樂,組合遊具,翹翹板,搖滾盤,攀爬組,組合遊具,組合遊具,組合遊具,無障礙旋轉盤\t,共融式恐龍造型遊具組,造型恐龍蛋休憩椅\t,磨石滑梯,鞦韆,磨石子溜滑梯,戲沙坑,組合遊具,翹翹板,跳樁,大坡面磨石溜滑梯,沙坑,鳥巢鞦韆,滑索(軌),組合遊具,鞦韆,組合遊具,組合遊具,磨石子滑梯,樹屋攀爬網,組合遊具,組合遊具,多元攀爬遊具,側向爬網,平衡獨木橋,磨石子滑梯,原木攀爬遊具,大轉轉椅,組合遊具,共融式綜合鞦韆組,曲型單槓,磨石滑梯,遊戲板,攀爬組,磨石滑梯,鞦韆,組合遊具,戲沙坑,攀爬組", "ObjectId": 564}}, {"type": "Feature", "id": 565, "geometry": {"type": "Point", "coordinates": [121.54312134, 25.043609619]}, "properties": {"SeqNo": 412, "pm_name": "瑠公圳公園 ", "pm_overview": "　　瑠公圳公園係於70年度開闢，面積約12,423 平方公尺，鄰市民大道旁，自建國南路至復興南路，為一狹長帶狀公園。\r\n　　瑠公圳公園位處於市中心，附近商機活絡，周邊緊鄰住家、商號及學校，本公園不僅提供當地居民休憩晨運，亦有上班人士就近於園內作短暫休憩。園內植有榔榆、第倫桃、黃脈莿桐等喬木，可供遮蔭，亦設有涼亭供遊客休息，另設有兒童遊戲場2處如：搖搖樂、鞦韆、蹺蹺板、組合遊具、等等，廣受家長及孩童歡迎，在此百貨商圈，商辦林立之市區中，實屬休憩功能完整，鬧中取靜之一隅。", "pm_unit": "青年公園管理所", "pm_const_year": "1981", "pm_location": "復興南路至建國南路", "pm_LandPublicArea": 12423, "pm_opening_s": "00:00:00", "pm_opening_e": "24:00", "pm_libie": "誠安里,昌隆里", "pm_phone": "02-2700-3830", "pm_sports": "平衡木、仰臥起坐、單槓、水平吊梯", "pm_recreation": "滑梯、翹翹板、鞦韆、組合遊具、搖搖樂、特色遊具", "pm_service": "涼亭", "pm_other": null, "pm_transit": "捷運路線:搭文湖線或板南線至忠孝復興捷運站，公車路線搭204、212、 232快速公車、232紅至捷運忠孝復興站", "pm_name_eng": "Liugongzun Park", "pm_ecology": null, "pm_type": "公園", "pm_playtype": "共融", "pm_playarea": 797, "pm_description": null, "pm_playeq": "彈跳床,搖滾盤,攀爬組,磨石滑梯,搖搖樂,翹翹板,搖搖樂,組合遊具,搖搖樂,組合遊具,鞦韆,攀爬組,磨石滑梯,翹翹板,組合遊具,翹翹板,木樁區,盪鞦韆,平衡木,彈跳床,搖搖樂,組合遊具,翹翹板,旋轉台,戲沙坑遊戲桌,搖搖樂,攀爬組,旋轉飛輪,組合遊具,翹翹板,磨石滑梯,攀爬組,磨石子滑梯,翹翹板,彈跳床,鳥巢鞦韆,戲沙坑,攀爬組,組合遊具,攀爬組,站立式搖動設備,組合遊具,翹翹板,小石搬運,搖搖馬,組合遊具,數字造型跳樁及水管隧道,搖滾盤,X型翹翹板,組合遊具,搖搖樂,組合遊具,旋轉桶椅,大旋轉組,組合遊具,搖搖樂,磨石滑梯,鳥巢鞦韆,旋轉桶椅,組合遊具,組合遊具,組合遊具,搖搖馬,組合遊具,翹翹板,搖搖樂,組合遊具,組合遊具,磨石滑梯,鞦韆及鳥巢鞦韆,彈跳床,攀爬組,木隧道,組合遊具,仿古代程沈船遊具,攀爬繩網組,攀爬組,鳥巢鞦韆,輪胎鞦韆,尿布鞦韆,沙坑,磨石子滑梯,旋轉台,彈跳床,雙滑軌溜索,搖搖馬,翹翹板,組合遊具,搖搖馬,組合遊具,攀爬組,組合遊具,組合遊具,攀爬組,搖搖馬,磨石子滑梯,旋轉杯,組合遊具,組合遊具,組合遊具,大轉轉杯,搖搖樂,組合遊具,翹翹板,滑梯,彈跳床,戲沙坑,擺盪船索,攀爬組,旋轉組,磨石滑梯,組合遊具,特色溜滑梯,攀爬組,旋轉棒,叢林攀爬組,4人旋轉器,搖搖樂,磨石滑梯,翹翹板,搖搖樂,組合遊具,組合遊具,組合遊具,爬繩,組合遊具(叢林攀爬組),獨木橋,組合遊具,遊戲板,組合遊具,攀爬組,盪鞦韆,搖搖樂,組合遊具,組合遊具,旋轉盤,鞦韆,攀爬組,旋轉盤,搖搖樂,組合遊具,特色溜滑梯,攀爬組,跳樁,鞦韆,搖搖馬,組合遊具,蹺蹺板,組合遊具,搖搖樂,組合遊具,組合遊具2,翹翹板及搖搖馬,組合遊具,天空樹溜滑梯,戲沙坑,搖搖樂,旋轉拉環,組合遊具, X型翹翹板,鞦韆,攀爬組,搖搖樂,組合遊具(村莊高塔),鞦韆,攀爬遊戲組,彈跳床,投籃機,擺盪船索,攀爬組,旋轉台,組合遊具,組合遊具,旋轉陀螺,旋轉台,組合遊具,攀爬組,搖搖樂,翹翹板,磨石滑梯,搖搖樂,跳樁,搖搖樂,攀爬組,組合遊具(滑梯小屋),旋轉盤,組合遊具,鳥巢盪鞦韆及一般坐式盪鞦韆,蝴蝶翹翹板,特色旋轉盤,金字塔滑梯組,機車搖搖樂,遊戲板,造型攀爬牆,攀爬網,組合遊具(環繞競技場遊具組),鞦韆,體能訓練平衡組,礫石坑,獨木樁,蜻蜓點水,木橋,平衡木,平衡木,跳樁,遊戲板,隧道,組合遊具(叢林攀爬組),搖晃板,組合遊具,遊戲板,隧道,組合遊具(遊戲城堡),旋轉座椅,競技攀爬遊具組,龍舟特色遊具組,滑梯,擊鼓,搖搖樂,組合遊具,翹翹板,組合遊具,翹翹板,木作組合遊具,搖搖樂,城堡遊戲組,大轉轉杯,搖搖樂,磨石滑梯,攀爬組,鞦韆,搖搖樂,組合遊具,組合遊具,搖滾盤,旋轉球椅,愛的搖籃,組合遊具,搖搖樂,旋轉杯,翹翹板,組合遊具,搖搖樂,組合遊具,搖搖樂,組合遊具,搖搖樂,組合遊具,攀爬組,搖搖樂,組合遊具,搖搖樂,組合遊具,組合遊具,彩虹琴,旋轉音樂盒,遊戲礫石坑,彈跳節拍,搖搖樂,組合遊具,翹翹板,組合遊具,組合遊具,搖搖樂,組合遊具,組合遊具,搖搖樂,組合遊具,攀爬組合滑梯,搖搖樂,組合遊具,組合遊具,翹翹板,組合遊具,搖搖樂,組合遊具,翹翹板,組合遊具,搖搖樂,翹翹板,旋轉杯,旋轉棒,搖搖樂,磨石滑梯,組合遊具,搖搖樂,攀爬組,旋轉台,磨石滑梯,組合遊具,跳樁,組合遊具,組合遊具,組合遊具,音樂球、叮噹管、歡樂鼓,無障礙旋轉盤,無障礙鞦韆,遊戲牆,滾輪滑梯,鳥巢鞦韆,旋轉杯,旋轉棒,鞦韆,小木屋,山丘滑梯,戲沙坑,搖搖樂,攀爬組,5人轉轉盤,彈跳床,戲沙坑,組合遊具,旋轉台,旋轉杯,旋轉棒, 磨石滑梯,翹翹板,遊戲板,鞦韆,組合遊具,攀爬組,磨石滑梯,磨石滑梯,組合遊具,火車特色滑梯,鞦韆,樹蛙籃球框,組合遊具,組合遊具,組合遊具,翹翹板,組合遊具,組合遊具,組合遊具,組合遊具,組合遊具,沙坑遊戲板,環型天梯無障礙上肢設施,旋轉杯,戲沙坑,攀爬組,磨石滑梯,跳樁,遊戲板,組合遊具,磨石滑梯,組合遊具,搖搖樂,組合遊具,組合遊具,組合遊具,磨石滑梯,翹翹板,搖搖樂,組合遊具,搖搖樂,組合遊具,組合遊具,搖搖樂,組合遊具-1,攀爬組,鞦韆,大港墘公園-沙坑,大港墘公園-磨石滑梯,大港墘公園-魔力飛盤鞦韆,大港墘公園-管型山丘,攀爬組,翹翹板,遊戲體能組,搖搖樂,組合遊具,搖搖樂,組合遊具,搖搖樂,組合遊具,搖搖樂,組合遊具,組合遊具,磨石滑梯,組合遊具,搖搖樂,組合遊具,搖搖樂,組合遊具,翹翹板,搖搖樂,搖搖樂,組合遊具,搖搖樂,組合遊具,搖搖樂,組合遊具,彈跳床,戲沙坑,攀爬組,磨石滑梯,組合遊具,鞦韆,搖搖樂,組合遊具,磨石滑梯,搖搖樂,磨石滑梯,鞦韆,組合遊具,鞦韆,戲沙坑,擺盪船索,組合遊具,搖搖樂,組合遊具,組合遊具,組合遊具,組合遊具,搖搖樂,組合遊具,戲沙坑,旋轉台,組合遊具,鞦韆,組合遊具,組合遊具,磨石滑梯,鞦韆,搖搖樂,組合遊具,攀爬架,搖搖樂,組合遊具,搖搖樂,搖搖樂,組合遊具,組合遊具,磨石滑梯,翹翹板,攀爬架,戲沙坑,船型遊具組,鞦韆,組合遊具,天旋地轉,組合遊具,組合遊具,搖搖樂,大轉轉杯,組合遊具,平衡木,搖搖樂,磨石滑梯,翹翹板,鞦韆,溜滑梯組合遊具,搖搖樂,翹翹板,木製攀爬架,搖搖樂,磨石滑梯,組合遊具,翹翹板,鞦韆,組合遊具,搖搖樂,組合遊具,組合遊具,組合遊具,擺盪螺旋跳跳樂,搖搖樂,攀爬組,磨石滑梯,鞦韆,組合遊具,鞦韆,組合遊具,搖搖樂,組合遊具,鞦韆,旋轉台,滾輪滑梯,組合遊具,翹翹板,遊戲板,搖搖樂,組合遊具,攀爬組,旋轉棒,磨石滑梯,搖搖樂,鞦韆,MONKEY BAR,宇宙穿梭機,時空訊息牆,景化小飛碟,黃金光束坡,搖搖樂,組合遊具,拉鍊響板,搖擺沙鈴,獅吼鼻頭,獅背攀爬網,獅眼滾珠迷宮,鈕扣獅,組合遊具,組合遊具,搖搖樂,組合遊具,搖搖樂,組合遊具,搖搖樂,組合遊具,鞦韆,翹翹板,組合遊具,搖搖樂,搖搖樂,組合遊具,組合遊具,戲沙坑,組合遊具,滑索(軌),鞦韆,搖搖馬,組合遊具,組合遊具,組合遊具,攀爬組,組合遊具,組合遊具,組合遊具,組合遊具,翹翹板,組合遊具, 磨石滑梯,組合遊具,攀爬組,磨石滑梯,搖搖樂,組合遊具,組合遊具,搖搖樂,戲沙坑,攀爬組,組合遊具,攀爬組,磨石滑梯,鞦韆,組合遊具,組合遊具,搖搖樂,磨石滑梯,組合遊具,搖搖樂,鞦韆,旋轉杯,組合遊具,翹翹板,組合遊具,搖搖樂,組合遊具,組合遊具,藤蔓綠森林組合遊具組,曲型單槓,搖搖樂,共融式旋轉碗碟,組合遊具,翹翹板,鞦韆,鞦韆,搖搖樂,組合遊具,組合遊具,探索年輪之環,板根網架,老松樹塔,組合遊具,組合遊具,鞦韆,原木擺盪攀爬遊具,旋轉擺盪座椅,擺盪船索,組合遊具,組合遊具,鞦韆,攀爬組,遊戲小屋,組合遊具,搖搖樂,翹翹板,組合遊具,旋轉木馬,搖搖樂,組合遊具,翹翹板,搖滾盤,攀爬組,組合遊具,組合遊具,組合遊具,無障礙旋轉盤\t,共融式恐龍造型遊具組,造型恐龍蛋休憩椅\t,磨石滑梯,鞦韆,磨石子溜滑梯,戲沙坑,組合遊具,翹翹板,跳樁,大坡面磨石溜滑梯,沙坑,鳥巢鞦韆,滑索(軌),組合遊具,鞦韆,組合遊具,組合遊具,磨石子滑梯,樹屋攀爬網,組合遊具,組合遊具,多元攀爬遊具,側向爬網,平衡獨木橋,磨石子滑梯,原木攀爬遊具,大轉轉椅,組合遊具,共融式綜合鞦韆組,曲型單槓,磨石滑梯,遊戲板,攀爬組,磨石滑梯,鞦韆,組合遊具,戲沙坑,攀爬組,鳥巢鞦韆,大海怪遊戲組,地面遊戲組,攀爬組", "ObjectId": 565}}, {"type": "Feature", "id": 566, "geometry": {"type": "Point", "coordinates": [121.54280853, 25.042760849]}, "properties": {"SeqNo": 614, "pm_name": "大安公園", "pm_overview": "大安公園(Daan Park)位於安東街，面積2,913平方公尺，花草茂密，綠意盎然。", "pm_unit": "大安區公所", "pm_const_year": "1983", "pm_location": "安東街.復興南路1段126巷內", "pm_LandPublicArea": 2913, "pm_opening_s": "00:00:00", "pm_opening_e": "24:00", "pm_libie": "誠安里", "pm_phone": "02-23511711#9302", "pm_sports": "單槓", "pm_recreation": "組合遊具", "pm_service": "運動場", "pm_other": null, "pm_transit": "捷運路線:搭文湖線或板南線至忠孝復興捷運站1號出口，公車路線搭41、211、212、232、262、600、605521、685、903、復興幹線、臺北觀光巴士紅線至捷運忠孝復興站", "pm_name_eng": "Daan Park", "pm_ecology": null, "pm_type": "公園", "pm_playtype": "一般", "pm_playarea": 55, "pm_description": null, "pm_playeq": "彈跳床,搖滾盤,攀爬組,磨石滑梯,搖搖樂,翹翹板,搖搖樂,組合遊具,搖搖樂,組合遊具,鞦韆,攀爬組,磨石滑梯,翹翹板,組合遊具,翹翹板,木樁區,盪鞦韆,平衡木,彈跳床,搖搖樂,組合遊具,翹翹板,旋轉台,戲沙坑遊戲桌,搖搖樂,攀爬組,旋轉飛輪,組合遊具,翹翹板,磨石滑梯,攀爬組,磨石子滑梯,翹翹板,彈跳床,鳥巢鞦韆,戲沙坑,攀爬組,組合遊具,攀爬組,站立式搖動設備,組合遊具,翹翹板,小石搬運,搖搖馬,組合遊具,數字造型跳樁及水管隧道,搖滾盤,X型翹翹板,組合遊具,搖搖樂,組合遊具,旋轉桶椅,大旋轉組,組合遊具,搖搖樂,磨石滑梯,鳥巢鞦韆,旋轉桶椅,組合遊具,組合遊具,組合遊具,搖搖馬,組合遊具,翹翹板,搖搖樂,組合遊具,組合遊具,磨石滑梯,鞦韆及鳥巢鞦韆,彈跳床,攀爬組,木隧道,組合遊具,仿古代程沈船遊具,攀爬繩網組,攀爬組,鳥巢鞦韆,輪胎鞦韆,尿布鞦韆,沙坑,磨石子滑梯,旋轉台,彈跳床,雙滑軌溜索,搖搖馬,翹翹板,組合遊具,搖搖馬,組合遊具,攀爬組,組合遊具,組合遊具,攀爬組,搖搖馬,磨石子滑梯,旋轉杯,組合遊具,組合遊具,組合遊具,大轉轉杯,搖搖樂,組合遊具,翹翹板,滑梯,彈跳床,戲沙坑,擺盪船索,攀爬組,旋轉組,磨石滑梯,組合遊具,特色溜滑梯,攀爬組,旋轉棒,叢林攀爬組,4人旋轉器,搖搖樂,磨石滑梯,翹翹板,搖搖樂,組合遊具,組合遊具,組合遊具,爬繩,組合遊具(叢林攀爬組),獨木橋,組合遊具,遊戲板,組合遊具,攀爬組,盪鞦韆,搖搖樂,組合遊具,組合遊具,旋轉盤,鞦韆,攀爬組,旋轉盤,搖搖樂,組合遊具,特色溜滑梯,攀爬組,跳樁,鞦韆,搖搖馬,組合遊具,蹺蹺板,組合遊具,搖搖樂,組合遊具,組合遊具2,翹翹板及搖搖馬,組合遊具,天空樹溜滑梯,戲沙坑,搖搖樂,旋轉拉環,組合遊具, X型翹翹板,鞦韆,攀爬組,搖搖樂,組合遊具(村莊高塔),鞦韆,攀爬遊戲組,彈跳床,投籃機,擺盪船索,攀爬組,旋轉台,組合遊具,組合遊具,旋轉陀螺,旋轉台,組合遊具,攀爬組,搖搖樂,翹翹板,磨石滑梯,搖搖樂,跳樁,搖搖樂,攀爬組,組合遊具(滑梯小屋),旋轉盤,組合遊具,鳥巢盪鞦韆及一般坐式盪鞦韆,蝴蝶翹翹板,特色旋轉盤,金字塔滑梯組,機車搖搖樂,遊戲板,造型攀爬牆,攀爬網,組合遊具(環繞競技場遊具組),鞦韆,體能訓練平衡組,礫石坑,獨木樁,蜻蜓點水,木橋,平衡木,平衡木,跳樁,遊戲板,隧道,組合遊具(叢林攀爬組),搖晃板,組合遊具,遊戲板,隧道,組合遊具(遊戲城堡),旋轉座椅,競技攀爬遊具組,龍舟特色遊具組,滑梯,擊鼓,搖搖樂,組合遊具,翹翹板,組合遊具,翹翹板,木作組合遊具,搖搖樂,城堡遊戲組,大轉轉杯,搖搖樂,磨石滑梯,攀爬組,鞦韆,搖搖樂,組合遊具,組合遊具,搖滾盤,旋轉球椅,愛的搖籃,組合遊具,搖搖樂,旋轉杯,翹翹板,組合遊具,搖搖樂,組合遊具,搖搖樂,組合遊具,搖搖樂,組合遊具,攀爬組,搖搖樂,組合遊具,搖搖樂,組合遊具,組合遊具,彩虹琴,旋轉音樂盒,遊戲礫石坑,彈跳節拍,搖搖樂,組合遊具,翹翹板,組合遊具,組合遊具,搖搖樂,組合遊具,組合遊具,搖搖樂,組合遊具,攀爬組合滑梯,搖搖樂,組合遊具,組合遊具,翹翹板,組合遊具,搖搖樂,組合遊具,翹翹板,組合遊具,搖搖樂,翹翹板,旋轉杯,旋轉棒,搖搖樂,磨石滑梯,組合遊具,搖搖樂,攀爬組,旋轉台,磨石滑梯,組合遊具,跳樁,組合遊具,組合遊具,組合遊具,音樂球、叮噹管、歡樂鼓,無障礙旋轉盤,無障礙鞦韆,遊戲牆,滾輪滑梯,鳥巢鞦韆,旋轉杯,旋轉棒,鞦韆,小木屋,山丘滑梯,戲沙坑,搖搖樂,攀爬組,5人轉轉盤,彈跳床,戲沙坑,組合遊具,旋轉台,旋轉杯,旋轉棒, 磨石滑梯,翹翹板,遊戲板,鞦韆,組合遊具,攀爬組,磨石滑梯,磨石滑梯,組合遊具,火車特色滑梯,鞦韆,樹蛙籃球框,組合遊具,組合遊具,組合遊具,翹翹板,組合遊具,組合遊具,組合遊具,組合遊具,組合遊具,沙坑遊戲板,環型天梯無障礙上肢設施,旋轉杯,戲沙坑,攀爬組,磨石滑梯,跳樁,遊戲板,組合遊具,磨石滑梯,組合遊具,搖搖樂,組合遊具,組合遊具,組合遊具,磨石滑梯,翹翹板,搖搖樂,組合遊具,搖搖樂,組合遊具,組合遊具,搖搖樂,組合遊具-1,攀爬組,鞦韆,大港墘公園-沙坑,大港墘公園-磨石滑梯,大港墘公園-魔力飛盤鞦韆,大港墘公園-管型山丘,攀爬組,翹翹板,遊戲體能組,搖搖樂,組合遊具,搖搖樂,組合遊具,搖搖樂,組合遊具,搖搖樂,組合遊具,組合遊具,磨石滑梯,組合遊具,搖搖樂,組合遊具,搖搖樂,組合遊具,翹翹板,搖搖樂,搖搖樂,組合遊具,搖搖樂,組合遊具,搖搖樂,組合遊具,彈跳床,戲沙坑,攀爬組,磨石滑梯,組合遊具,鞦韆,搖搖樂,組合遊具,磨石滑梯,搖搖樂,磨石滑梯,鞦韆,組合遊具,鞦韆,戲沙坑,擺盪船索,組合遊具,搖搖樂,組合遊具,組合遊具,組合遊具,組合遊具,搖搖樂,組合遊具,戲沙坑,旋轉台,組合遊具,鞦韆,組合遊具,組合遊具,磨石滑梯,鞦韆,搖搖樂,組合遊具,攀爬架,搖搖樂,組合遊具,搖搖樂,搖搖樂,組合遊具,組合遊具,磨石滑梯,翹翹板,攀爬架,戲沙坑,船型遊具組,鞦韆,組合遊具,天旋地轉,組合遊具,組合遊具,搖搖樂,大轉轉杯,組合遊具,平衡木,搖搖樂,磨石滑梯,翹翹板,鞦韆,溜滑梯組合遊具,搖搖樂,翹翹板,木製攀爬架,搖搖樂,磨石滑梯,組合遊具,翹翹板,鞦韆,組合遊具,搖搖樂,組合遊具,組合遊具,組合遊具,擺盪螺旋跳跳樂,搖搖樂,攀爬組,磨石滑梯,鞦韆,組合遊具,鞦韆,組合遊具,搖搖樂,組合遊具,鞦韆,旋轉台,滾輪滑梯,組合遊具,翹翹板,遊戲板,搖搖樂,組合遊具,攀爬組,旋轉棒,磨石滑梯,搖搖樂,鞦韆,MONKEY BAR,宇宙穿梭機,時空訊息牆,景化小飛碟,黃金光束坡,搖搖樂,組合遊具,拉鍊響板,搖擺沙鈴,獅吼鼻頭,獅背攀爬網,獅眼滾珠迷宮,鈕扣獅,組合遊具,組合遊具,搖搖樂,組合遊具,搖搖樂,組合遊具,搖搖樂,組合遊具,鞦韆,翹翹板,組合遊具,搖搖樂,搖搖樂,組合遊具,組合遊具,戲沙坑,組合遊具,滑索(軌),鞦韆,搖搖馬,組合遊具,組合遊具,組合遊具,攀爬組,組合遊具,組合遊具,組合遊具,組合遊具,翹翹板,組合遊具, 磨石滑梯,組合遊具,攀爬組,磨石滑梯,搖搖樂,組合遊具,組合遊具,搖搖樂,戲沙坑,攀爬組,組合遊具,攀爬組,磨石滑梯,鞦韆,組合遊具,組合遊具,搖搖樂,磨石滑梯,組合遊具,搖搖樂,鞦韆,旋轉杯,組合遊具,翹翹板,組合遊具,搖搖樂,組合遊具,組合遊具,藤蔓綠森林組合遊具組,曲型單槓,搖搖樂,共融式旋轉碗碟,組合遊具,翹翹板,鞦韆,鞦韆,搖搖樂,組合遊具,組合遊具,探索年輪之環,板根網架,老松樹塔,組合遊具,組合遊具,鞦韆,原木擺盪攀爬遊具,旋轉擺盪座椅,擺盪船索,組合遊具,組合遊具,鞦韆,攀爬組,遊戲小屋,組合遊具,搖搖樂,翹翹板,組合遊具,旋轉木馬,搖搖樂,組合遊具,翹翹板,搖滾盤,攀爬組,組合遊具,組合遊具,組合遊具,無障礙旋轉盤\t,共融式恐龍造型遊具組,造型恐龍蛋休憩椅\t,磨石滑梯,鞦韆,磨石子溜滑梯,戲沙坑,組合遊具,翹翹板,跳樁,大坡面磨石溜滑梯,沙坑,鳥巢鞦韆,滑索(軌),組合遊具,鞦韆,組合遊具,組合遊具,磨石子滑梯,樹屋攀爬網,組合遊具,組合遊具,多元攀爬遊具,側向爬網,平衡獨木橋,磨石子滑梯,原木攀爬遊具,大轉轉椅,組合遊具,共融式綜合鞦韆組,曲型單槓,磨石滑梯,遊戲板,攀爬組,磨石滑梯,鞦韆,組合遊具,戲沙坑,攀爬組,鳥巢鞦韆,大海怪遊戲組,地面遊戲組,攀爬組,組合遊具", "ObjectId": 566}}, {"type": "Feature", "id": 567, "geometry": {"type": "Point", "coordinates": [121.5358429, 25.0333004]}, "properties": {"SeqNo": 154, "pm_name": "大安森林公園", "pm_overview": "　　大安森林公園位於大安區，地處市中心，東臨建國南路，西臨新生南路，南側為和平東路，北側為信義路，面積25.9293公頃，民國74年為順應都市發展，公園處積極加緊闢建腳步，歷經各界努力，於民國83年3月29日開放。\r\n　　由於公園始於近年闢建，設施設備俱屬新穎，初跨園內，喬木蒼翠濃密，灌木層次井然，花壇、花卉鮮豔耀眼，予人有如置身美崙美奐森林公園之感，園內主出入口廣場（信義路、新生南路口），內花壇密植草花、觀葉植物，並結合佛像雕塑區及往南之竹林區（植有葫蘆竹、綠竹、金絲竹、桂竹及四方竹）連成具特色園景，公園西北側有自然水池乙座，面積達0.7公頃，水池周圍及水中小島植有金露華、紅葉鐵莧、美人蕉、軟枝黃蟬，並飾以薜荔懸攀島內石壁，池中錦鯉魚游嬉其間，常常吸引遊人駐足池邊欣賞良久，公園中央佈有音樂台乙座，具自然斜波式，可提供觀眾900餘人，為本市藝文表演的重鎮，音樂台四周栽植有誘鳥引蝶香花植物區，植有玉蘭、梔子花、七里香、樹蘭、含笑、桂花等香花植物，一臨其處，清香撲鼻，亦為園區內無障礙休閒區。公園東南邊，由建國南路望眼園區，可看到頗具南洋風味之棕櫚，植有大王椰子、亞歷山大椰子、華盛頓椰子、酒瓶椰子、孔雀椰子、美人蕉等植物，行走其間有如置身熱帶椰林一般。 　　\r\n       公園以2條主園路貫穿東西，1條主園路貫穿南北，沿途遍植喬灌木，其間並佈有花壇，以點飾園內景觀，公園以森林型態為建構主軸，入園休憩除有賞心悅目綠化植栽，並有涼亭、休憩亭12座及提供電話、飲水等服務設施，公廁六座兼具殘障設施及兒童尿布床、安全座椅，提供舒適、全功能服務。公園外人行道臨建國南路為盾柱木，和平東路為樟樹、新生南路為白千層、信義路為榕樹、人行道中央植有楓香樹，臨公園內緣以多層式綠籬區隔。以建國南路沿線植有馬纓丹，每逢花開彩色繽紛，似如彩帶牽繫，益盛公園美景。民國93年間於新生南路複層式大喬木下增設一條慢跑道，94年於和平東路建國南路增設慢跑道。\r\n        大安森林公園由於位處市中心區，每日遊人如織，尤以晨間及夕陽初照之際，吸引附近居民絡繹園內，無論運動、散步、跳舞、嬉戲自得其樂，公園東北角有兒童遊戲運動場，下方並建有地下停車場，分地下2層計可停放小型車1,452部，可以紓解遠來遊人停車之困。\r\n         在擁擠、嚴重污染及「熱島效應」帶來高溫的台北市，26公頃純休閒性「都市森林」型態的公園，無異是清新的「都市之肺」，可以滌塵淨化空氣、降低噪音、調節氣溫，來園休憩，有花看並可以欣賞音樂台演出，享受「森林浴」舒暢身心，漫步園內，處處美景，可將公園功能發揮盡致。", "pm_unit": "青年公園管理所", "pm_const_year": "1994", "pm_location": "新生南路以東,信義路三段以南", "pm_LandPublicArea": 259354, "pm_opening_s": "00:00:00", "pm_opening_e": "24:00", "pm_libie": "龍門里", "pm_phone": "02-2700-3830", "pm_sports": "支撐前進、直臂曲腿、翻山越嶺、伸展運動、仰臥舉腿、單槓、腰背按摩器、划船訓練器、三人扭腰器、雙人漫步機", "pm_recreation": "滑梯、翹翹板、鞦韆、組合遊具、搖搖樂、攀爬架、沙坑、活水飛輪", "pm_service": "廁所(含親子廁所、無障礙廁所)、洗手台、直飲台、音樂臺、哺乳室、運動場", "pm_other": null, "pm_transit": "捷運路線:搭淡水信義線至大安森林公園捷運站2、3、4、5號出口。\n公車路線:搭18、207、211、235、237、278、278區、284、295、295副、52、568、662、663、680、688、72、949、和平幹線、復興幹線至大安森林公園站；0東、1503、20、22、226、38、88、88區、信義幹線、臺北觀光巴士紅線至捷運大安森林公園站", "pm_name_eng": "Daan Park", "pm_ecology": 1, "pm_type": "公園", "pm_playtype": "共融", "pm_playarea": 1173, "pm_description": "大安森林公園被譽為臺北市的「都市之肺」，故此遊戲場的設計概念來自於森林的概念，以「森林狂想曲」為設計主軸，將在地環境元素與遊戲空間結合，同時符合感覺統合概念，想像孩子們化身為小動物，在森林中冒險、遊玩。 「森林之王遊戲場」區內設施包含有「森林之王」、「旋轉台」、「飛天鞦韆區」等。", "pm_playeq": "彈跳床,搖滾盤,攀爬組,磨石滑梯,搖搖樂,翹翹板,搖搖樂,組合遊具,搖搖樂,組合遊具,鞦韆,攀爬組,磨石滑梯,翹翹板,組合遊具,翹翹板,木樁區,盪鞦韆,平衡木,彈跳床,搖搖樂,組合遊具,翹翹板,旋轉台,戲沙坑遊戲桌,搖搖樂,攀爬組,旋轉飛輪,組合遊具,翹翹板,磨石滑梯,攀爬組,磨石子滑梯,翹翹板,彈跳床,鳥巢鞦韆,戲沙坑,攀爬組,組合遊具,攀爬組,站立式搖動設備,組合遊具,翹翹板,小石搬運,搖搖馬,組合遊具,數字造型跳樁及水管隧道,搖滾盤,X型翹翹板,組合遊具,搖搖樂,組合遊具,旋轉桶椅,大旋轉組,組合遊具,搖搖樂,磨石滑梯,鳥巢鞦韆,旋轉桶椅,組合遊具,組合遊具,組合遊具,搖搖馬,組合遊具,翹翹板,搖搖樂,組合遊具,組合遊具,磨石滑梯,鞦韆及鳥巢鞦韆,彈跳床,攀爬組,木隧道,組合遊具,仿古代程沈船遊具,攀爬繩網組,攀爬組,鳥巢鞦韆,輪胎鞦韆,尿布鞦韆,沙坑,磨石子滑梯,旋轉台,彈跳床,雙滑軌溜索,搖搖馬,翹翹板,組合遊具,搖搖馬,組合遊具,攀爬組,組合遊具,組合遊具,攀爬組,搖搖馬,磨石子滑梯,旋轉杯,組合遊具,組合遊具,組合遊具,大轉轉杯,搖搖樂,組合遊具,翹翹板,滑梯,彈跳床,戲沙坑,擺盪船索,攀爬組,旋轉組,磨石滑梯,組合遊具,特色溜滑梯,攀爬組,旋轉棒,叢林攀爬組,4人旋轉器,搖搖樂,磨石滑梯,翹翹板,搖搖樂,組合遊具,組合遊具,組合遊具,爬繩,組合遊具(叢林攀爬組),獨木橋,組合遊具,遊戲板,組合遊具,攀爬組,盪鞦韆,搖搖樂,組合遊具,組合遊具,旋轉盤,鞦韆,攀爬組,旋轉盤,搖搖樂,組合遊具,特色溜滑梯,攀爬組,跳樁,鞦韆,搖搖馬,組合遊具,蹺蹺板,組合遊具,搖搖樂,組合遊具,組合遊具2,翹翹板及搖搖馬,組合遊具,天空樹溜滑梯,戲沙坑,搖搖樂,旋轉拉環,組合遊具, X型翹翹板,鞦韆,攀爬組,搖搖樂,組合遊具(村莊高塔),鞦韆,攀爬遊戲組,彈跳床,投籃機,擺盪船索,攀爬組,旋轉台,組合遊具,組合遊具,旋轉陀螺,旋轉台,組合遊具,攀爬組,搖搖樂,翹翹板,磨石滑梯,搖搖樂,跳樁,搖搖樂,攀爬組,組合遊具(滑梯小屋),旋轉盤,組合遊具,鳥巢盪鞦韆及一般坐式盪鞦韆,蝴蝶翹翹板,特色旋轉盤,金字塔滑梯組,機車搖搖樂,遊戲板,造型攀爬牆,攀爬網,組合遊具(環繞競技場遊具組),鞦韆,體能訓練平衡組,礫石坑,獨木樁,蜻蜓點水,木橋,平衡木,平衡木,跳樁,遊戲板,隧道,組合遊具(叢林攀爬組),搖晃板,組合遊具,遊戲板,隧道,組合遊具(遊戲城堡),旋轉座椅,競技攀爬遊具組,龍舟特色遊具組,滑梯,擊鼓,搖搖樂,組合遊具,翹翹板,組合遊具,翹翹板,木作組合遊具,搖搖樂,城堡遊戲組,大轉轉杯,搖搖樂,磨石滑梯,攀爬組,鞦韆,搖搖樂,組合遊具,組合遊具,搖滾盤,旋轉球椅,愛的搖籃,組合遊具,搖搖樂,旋轉杯,翹翹板,組合遊具,搖搖樂,組合遊具,搖搖樂,組合遊具,搖搖樂,組合遊具,攀爬組,搖搖樂,組合遊具,搖搖樂,組合遊具,組合遊具,彩虹琴,旋轉音樂盒,遊戲礫石坑,彈跳節拍,搖搖樂,組合遊具,翹翹板,組合遊具,組合遊具,搖搖樂,組合遊具,組合遊具,搖搖樂,組合遊具,攀爬組合滑梯,搖搖樂,組合遊具,組合遊具,翹翹板,組合遊具,搖搖樂,組合遊具,翹翹板,組合遊具,搖搖樂,翹翹板,旋轉杯,旋轉棒,搖搖樂,磨石滑梯,組合遊具,搖搖樂,攀爬組,旋轉台,磨石滑梯,組合遊具,跳樁,組合遊具,組合遊具,組合遊具,音樂球、叮噹管、歡樂鼓,無障礙旋轉盤,無障礙鞦韆,遊戲牆,滾輪滑梯,鳥巢鞦韆,旋轉杯,旋轉棒,鞦韆,小木屋,山丘滑梯,戲沙坑,搖搖樂,攀爬組,5人轉轉盤,彈跳床,戲沙坑,組合遊具,旋轉台,旋轉杯,旋轉棒, 磨石滑梯,翹翹板,遊戲板,鞦韆,組合遊具,攀爬組,磨石滑梯,磨石滑梯,組合遊具,火車特色滑梯,鞦韆,樹蛙籃球框,組合遊具,組合遊具,組合遊具,翹翹板,組合遊具,組合遊具,組合遊具,組合遊具,組合遊具,沙坑遊戲板,環型天梯無障礙上肢設施,旋轉杯,戲沙坑,攀爬組,磨石滑梯,跳樁,遊戲板,組合遊具,磨石滑梯,組合遊具,搖搖樂,組合遊具,組合遊具,組合遊具,磨石滑梯,翹翹板,搖搖樂,組合遊具,搖搖樂,組合遊具,組合遊具,搖搖樂,組合遊具-1,攀爬組,鞦韆,大港墘公園-沙坑,大港墘公園-磨石滑梯,大港墘公園-魔力飛盤鞦韆,大港墘公園-管型山丘,攀爬組,翹翹板,遊戲體能組,搖搖樂,組合遊具,搖搖樂,組合遊具,搖搖樂,組合遊具,搖搖樂,組合遊具,組合遊具,磨石滑梯,組合遊具,搖搖樂,組合遊具,搖搖樂,組合遊具,翹翹板,搖搖樂,搖搖樂,組合遊具,搖搖樂,組合遊具,搖搖樂,組合遊具,彈跳床,戲沙坑,攀爬組,磨石滑梯,組合遊具,鞦韆,搖搖樂,組合遊具,磨石滑梯,搖搖樂,磨石滑梯,鞦韆,組合遊具,鞦韆,戲沙坑,擺盪船索,組合遊具,搖搖樂,組合遊具,組合遊具,組合遊具,組合遊具,搖搖樂,組合遊具,戲沙坑,旋轉台,組合遊具,鞦韆,組合遊具,組合遊具,磨石滑梯,鞦韆,搖搖樂,組合遊具,攀爬架,搖搖樂,組合遊具,搖搖樂,搖搖樂,組合遊具,組合遊具,磨石滑梯,翹翹板,攀爬架,戲沙坑,船型遊具組,鞦韆,組合遊具,天旋地轉,組合遊具,組合遊具,搖搖樂,大轉轉杯,組合遊具,平衡木,搖搖樂,磨石滑梯,翹翹板,鞦韆,溜滑梯組合遊具,搖搖樂,翹翹板,木製攀爬架,搖搖樂,磨石滑梯,組合遊具,翹翹板,鞦韆,組合遊具,搖搖樂,組合遊具,組合遊具,組合遊具,擺盪螺旋跳跳樂,搖搖樂,攀爬組,磨石滑梯,鞦韆,組合遊具,鞦韆,組合遊具,搖搖樂,組合遊具,鞦韆,旋轉台,滾輪滑梯,組合遊具,翹翹板,遊戲板,搖搖樂,組合遊具,攀爬組,旋轉棒,磨石滑梯,搖搖樂,鞦韆,MONKEY BAR,宇宙穿梭機,時空訊息牆,景化小飛碟,黃金光束坡,搖搖樂,組合遊具,拉鍊響板,搖擺沙鈴,獅吼鼻頭,獅背攀爬網,獅眼滾珠迷宮,鈕扣獅,組合遊具,組合遊具,搖搖樂,組合遊具,搖搖樂,組合遊具,搖搖樂,組合遊具,鞦韆,翹翹板,組合遊具,搖搖樂,搖搖樂,組合遊具,組合遊具,戲沙坑,組合遊具,滑索(軌),鞦韆,搖搖馬,組合遊具,組合遊具,組合遊具,攀爬組,組合遊具,組合遊具,組合遊具,組合遊具,翹翹板,組合遊具, 磨石滑梯,組合遊具,攀爬組,磨石滑梯,搖搖樂,組合遊具,組合遊具,搖搖樂,戲沙坑,攀爬組,組合遊具,攀爬組,磨石滑梯,鞦韆,組合遊具,組合遊具,搖搖樂,磨石滑梯,組合遊具,搖搖樂,鞦韆,旋轉杯,組合遊具,翹翹板,組合遊具,搖搖樂,組合遊具,組合遊具,藤蔓綠森林組合遊具組,曲型單槓,搖搖樂,共融式旋轉碗碟,組合遊具,翹翹板,鞦韆,鞦韆,搖搖樂,組合遊具,組合遊具,探索年輪之環,板根網架,老松樹塔,組合遊具,組合遊具,鞦韆,原木擺盪攀爬遊具,旋轉擺盪座椅,擺盪船索,組合遊具,組合遊具,鞦韆,攀爬組,遊戲小屋,組合遊具,搖搖樂,翹翹板,組合遊具,旋轉木馬,搖搖樂,組合遊具,翹翹板,搖滾盤,攀爬組,組合遊具,組合遊具,組合遊具,無障礙旋轉盤\t,共融式恐龍造型遊具組,造型恐龍蛋休憩椅\t,磨石滑梯,鞦韆,磨石子溜滑梯,戲沙坑,組合遊具,翹翹板,跳樁,大坡面磨石溜滑梯,沙坑,鳥巢鞦韆,滑索(軌),組合遊具,鞦韆,組合遊具,組合遊具,磨石子滑梯,樹屋攀爬網,組合遊具,組合遊具,多元攀爬遊具,側向爬網,平衡獨木橋,磨石子滑梯,原木攀爬遊具,大轉轉椅,組合遊具,共融式綜合鞦韆組,曲型單槓,磨石滑梯,遊戲板,攀爬組,磨石滑梯,鞦韆,組合遊具,戲沙坑,攀爬組,鳥巢鞦韆,大海怪遊戲組,地面遊戲組,攀爬組,組合遊具,鞦韆,戲沙坑,恐龍磨石子滑梯,旋轉台,磨石滑梯,組合遊具", "ObjectId": 567}}, {"type": "Feature", "id": 569, "geometry": {"type": "Point", "coordinates": [121.5457077, 25.034130096]}, "properties": {"SeqNo": 105, "pm_name": "仁慈公園", "pm_overview": "仁慈公園(Renci Park) 因本里為仁慈里因而命名，園內環境優美、遊憩設備齊全完備，深得本里里民喜愛。民國89年列入民政局「社區環境改造工程」。", "pm_unit": "大安區公所", "pm_const_year": "1982", "pm_location": "大安路1段224巷口", "pm_LandPublicArea": 1090, "pm_opening_s": "00:00:00", "pm_opening_e": "24:00", "pm_libie": "仁慈里", "pm_phone": "02-23511711#9302", "pm_sports": "單槓、雙人坐推器", "pm_recreation": "滑梯、組合遊具、搖搖樂", "pm_service": null, "pm_other": null, "pm_transit": "捷運路線:搭文湖線或淡水信義線至大安捷運站6號出口，公車路線搭0東、20、22、41、88、226、1503、信義幹線至信義大安路口", "pm_name_eng": "Renci Park", "pm_ecology": null, "pm_type": "公園", "pm_playtype": "一般", "pm_playarea": 177, "pm_description": null, "pm_playeq": "彈跳床,搖滾盤,攀爬組,磨石滑梯,搖搖樂,翹翹板,搖搖樂,組合遊具,搖搖樂,組合遊具,鞦韆,攀爬組,磨石滑梯,翹翹板,組合遊具,翹翹板,木樁區,盪鞦韆,平衡木,彈跳床,搖搖樂,組合遊具,翹翹板,旋轉台,戲沙坑遊戲桌,搖搖樂,攀爬組,旋轉飛輪,組合遊具,翹翹板,磨石滑梯,攀爬組,磨石子滑梯,翹翹板,彈跳床,鳥巢鞦韆,戲沙坑,攀爬組,組合遊具,攀爬組,站立式搖動設備,組合遊具,翹翹板,小石搬運,搖搖馬,組合遊具,數字造型跳樁及水管隧道,搖滾盤,X型翹翹板,組合遊具,搖搖樂,組合遊具,旋轉桶椅,大旋轉組,組合遊具,搖搖樂,磨石滑梯,鳥巢鞦韆,旋轉桶椅,組合遊具,組合遊具,組合遊具,搖搖馬,組合遊具,翹翹板,搖搖樂,組合遊具,組合遊具,磨石滑梯,鞦韆及鳥巢鞦韆,彈跳床,攀爬組,木隧道,組合遊具,仿古代程沈船遊具,攀爬繩網組,攀爬組,鳥巢鞦韆,輪胎鞦韆,尿布鞦韆,沙坑,磨石子滑梯,旋轉台,彈跳床,雙滑軌溜索,搖搖馬,翹翹板,組合遊具,搖搖馬,組合遊具,攀爬組,組合遊具,組合遊具,攀爬組,搖搖馬,磨石子滑梯,旋轉杯,組合遊具,組合遊具,組合遊具,大轉轉杯,搖搖樂,組合遊具,翹翹板,滑梯,彈跳床,戲沙坑,擺盪船索,攀爬組,旋轉組,磨石滑梯,組合遊具,特色溜滑梯,攀爬組,旋轉棒,叢林攀爬組,4人旋轉器,搖搖樂,磨石滑梯,翹翹板,搖搖樂,組合遊具,組合遊具,組合遊具,爬繩,組合遊具(叢林攀爬組),獨木橋,組合遊具,遊戲板,組合遊具,攀爬組,盪鞦韆,搖搖樂,組合遊具,組合遊具,旋轉盤,鞦韆,攀爬組,旋轉盤,搖搖樂,組合遊具,特色溜滑梯,攀爬組,跳樁,鞦韆,搖搖馬,組合遊具,蹺蹺板,組合遊具,搖搖樂,組合遊具,組合遊具2,翹翹板及搖搖馬,組合遊具,天空樹溜滑梯,戲沙坑,搖搖樂,旋轉拉環,組合遊具, X型翹翹板,鞦韆,攀爬組,搖搖樂,組合遊具(村莊高塔),鞦韆,攀爬遊戲組,彈跳床,投籃機,擺盪船索,攀爬組,旋轉台,組合遊具,組合遊具,旋轉陀螺,旋轉台,組合遊具,攀爬組,搖搖樂,翹翹板,磨石滑梯,搖搖樂,跳樁,搖搖樂,攀爬組,組合遊具(滑梯小屋),旋轉盤,組合遊具,鳥巢盪鞦韆及一般坐式盪鞦韆,蝴蝶翹翹板,特色旋轉盤,金字塔滑梯組,機車搖搖樂,遊戲板,造型攀爬牆,攀爬網,組合遊具(環繞競技場遊具組),鞦韆,體能訓練平衡組,礫石坑,獨木樁,蜻蜓點水,木橋,平衡木,平衡木,跳樁,遊戲板,隧道,組合遊具(叢林攀爬組),搖晃板,組合遊具,遊戲板,隧道,組合遊具(遊戲城堡),旋轉座椅,競技攀爬遊具組,龍舟特色遊具組,滑梯,擊鼓,搖搖樂,組合遊具,翹翹板,組合遊具,翹翹板,木作組合遊具,搖搖樂,城堡遊戲組,大轉轉杯,搖搖樂,磨石滑梯,攀爬組,鞦韆,搖搖樂,組合遊具,組合遊具,搖滾盤,旋轉球椅,愛的搖籃,組合遊具,搖搖樂,旋轉杯,翹翹板,組合遊具,搖搖樂,組合遊具,搖搖樂,組合遊具,搖搖樂,組合遊具,攀爬組,搖搖樂,組合遊具,搖搖樂,組合遊具,組合遊具,彩虹琴,旋轉音樂盒,遊戲礫石坑,彈跳節拍,搖搖樂,組合遊具,翹翹板,組合遊具,組合遊具,搖搖樂,組合遊具,組合遊具,搖搖樂,組合遊具,攀爬組合滑梯,搖搖樂,組合遊具,組合遊具,翹翹板,組合遊具,搖搖樂,組合遊具,翹翹板,組合遊具,搖搖樂,翹翹板,旋轉杯,旋轉棒,搖搖樂,磨石滑梯,組合遊具,搖搖樂,攀爬組,旋轉台,磨石滑梯,組合遊具,跳樁,組合遊具,組合遊具,組合遊具,音樂球、叮噹管、歡樂鼓,無障礙旋轉盤,無障礙鞦韆,遊戲牆,滾輪滑梯,鳥巢鞦韆,旋轉杯,旋轉棒,鞦韆,小木屋,山丘滑梯,戲沙坑,搖搖樂,攀爬組,5人轉轉盤,彈跳床,戲沙坑,組合遊具,旋轉台,旋轉杯,旋轉棒, 磨石滑梯,翹翹板,遊戲板,鞦韆,組合遊具,攀爬組,磨石滑梯,磨石滑梯,組合遊具,火車特色滑梯,鞦韆,樹蛙籃球框,組合遊具,組合遊具,組合遊具,翹翹板,組合遊具,組合遊具,組合遊具,組合遊具,組合遊具,沙坑遊戲板,環型天梯無障礙上肢設施,旋轉杯,戲沙坑,攀爬組,磨石滑梯,跳樁,遊戲板,組合遊具,磨石滑梯,組合遊具,搖搖樂,組合遊具,組合遊具,組合遊具,磨石滑梯,翹翹板,搖搖樂,組合遊具,搖搖樂,組合遊具,組合遊具,搖搖樂,組合遊具-1,攀爬組,鞦韆,大港墘公園-沙坑,大港墘公園-磨石滑梯,大港墘公園-魔力飛盤鞦韆,大港墘公園-管型山丘,攀爬組,翹翹板,遊戲體能組,搖搖樂,組合遊具,搖搖樂,組合遊具,搖搖樂,組合遊具,搖搖樂,組合遊具,組合遊具,磨石滑梯,組合遊具,搖搖樂,組合遊具,搖搖樂,組合遊具,翹翹板,搖搖樂,搖搖樂,組合遊具,搖搖樂,組合遊具,搖搖樂,組合遊具,彈跳床,戲沙坑,攀爬組,磨石滑梯,組合遊具,鞦韆,搖搖樂,組合遊具,磨石滑梯,搖搖樂,磨石滑梯,鞦韆,組合遊具,鞦韆,戲沙坑,擺盪船索,組合遊具,搖搖樂,組合遊具,組合遊具,組合遊具,組合遊具,搖搖樂,組合遊具,戲沙坑,旋轉台,組合遊具,鞦韆,組合遊具,組合遊具,磨石滑梯,鞦韆,搖搖樂,組合遊具,攀爬架,搖搖樂,組合遊具,搖搖樂,搖搖樂,組合遊具,組合遊具,磨石滑梯,翹翹板,攀爬架,戲沙坑,船型遊具組,鞦韆,組合遊具,天旋地轉,組合遊具,組合遊具,搖搖樂,大轉轉杯,組合遊具,平衡木,搖搖樂,磨石滑梯,翹翹板,鞦韆,溜滑梯組合遊具,搖搖樂,翹翹板,木製攀爬架,搖搖樂,磨石滑梯,組合遊具,翹翹板,鞦韆,組合遊具,搖搖樂,組合遊具,組合遊具,組合遊具,擺盪螺旋跳跳樂,搖搖樂,攀爬組,磨石滑梯,鞦韆,組合遊具,鞦韆,組合遊具,搖搖樂,組合遊具,鞦韆,旋轉台,滾輪滑梯,組合遊具,翹翹板,遊戲板,搖搖樂,組合遊具,攀爬組,旋轉棒,磨石滑梯,搖搖樂,鞦韆,MONKEY BAR,宇宙穿梭機,時空訊息牆,景化小飛碟,黃金光束坡,搖搖樂,組合遊具,拉鍊響板,搖擺沙鈴,獅吼鼻頭,獅背攀爬網,獅眼滾珠迷宮,鈕扣獅,組合遊具,組合遊具,搖搖樂,組合遊具,搖搖樂,組合遊具,搖搖樂,組合遊具,鞦韆,翹翹板,組合遊具,搖搖樂,搖搖樂,組合遊具,組合遊具,戲沙坑,組合遊具,滑索(軌),鞦韆,搖搖馬,組合遊具,組合遊具,組合遊具,攀爬組,組合遊具,組合遊具,組合遊具,組合遊具,翹翹板,組合遊具, 磨石滑梯,組合遊具,攀爬組,磨石滑梯,搖搖樂,組合遊具,組合遊具,搖搖樂,戲沙坑,攀爬組,組合遊具,攀爬組,磨石滑梯,鞦韆,組合遊具,組合遊具,搖搖樂,磨石滑梯,組合遊具,搖搖樂,鞦韆,旋轉杯,組合遊具,翹翹板,組合遊具,搖搖樂,組合遊具,組合遊具,藤蔓綠森林組合遊具組,曲型單槓,搖搖樂,共融式旋轉碗碟,組合遊具,翹翹板,鞦韆,鞦韆,搖搖樂,組合遊具,組合遊具,探索年輪之環,板根網架,老松樹塔,組合遊具,組合遊具,鞦韆,原木擺盪攀爬遊具,旋轉擺盪座椅,擺盪船索,組合遊具,組合遊具,鞦韆,攀爬組,遊戲小屋,組合遊具,搖搖樂,翹翹板,組合遊具,旋轉木馬,搖搖樂,組合遊具,翹翹板,搖滾盤,攀爬組,組合遊具,組合遊具,組合遊具,無障礙旋轉盤\t,共融式恐龍造型遊具組,造型恐龍蛋休憩椅\t,磨石滑梯,鞦韆,磨石子溜滑梯,戲沙坑,組合遊具,翹翹板,跳樁,大坡面磨石溜滑梯,沙坑,鳥巢鞦韆,滑索(軌),組合遊具,鞦韆,組合遊具,組合遊具,磨石子滑梯,樹屋攀爬網,組合遊具,組合遊具,多元攀爬遊具,側向爬網,平衡獨木橋,磨石子滑梯,原木攀爬遊具,大轉轉椅,組合遊具,共融式綜合鞦韆組,曲型單槓,磨石滑梯,遊戲板,攀爬組,磨石滑梯,鞦韆,組合遊具,戲沙坑,攀爬組,鳥巢鞦韆,大海怪遊戲組,地面遊戲組,攀爬組,組合遊具,鞦韆,戲沙坑,恐龍磨石子滑梯,旋轉台,磨石滑梯,組合遊具,組合遊具,磨石滑梯", "ObjectId": 569}}, {"type": "Feature", "id": 570, "geometry": {"type": "Point", "coordinates": [121.54624176, 25.036619186]}, "properties": {"SeqNo": 19, "pm_name": "仁愛公園", "pm_overview": "仁愛公園(Renai Park)因臨近聯合醫院仁愛院區而得名。藉由居民參與及社區人口結構及區位特色，塑造成增進社區倫理親情及求診民眾舒展心靈之優質空間。", "pm_unit": "大安區公所", "pm_const_year": "1979", "pm_location": "大安路1段169巷", "pm_LandPublicArea": 1390, "pm_opening_s": "00:00:00", "pm_opening_e": "24:00", "pm_libie": "德安里", "pm_phone": "02-23511711#9302", "pm_sports": "單槓", "pm_recreation": "組合遊具", "pm_service": null, "pm_other": null, "pm_transit": "捷運路線:搭文湖線或淡水信義線至大安捷運站6號出口，公車路線搭37、261、270、311、630、651、1728、仁愛幹線至仁愛大安路口", "pm_name_eng": "Renai Park", "pm_ecology": null, "pm_type": "公園", "pm_playtype": "一般", "pm_playarea": 100, "pm_description": null, "pm_playeq": "彈跳床,搖滾盤,攀爬組,磨石滑梯,搖搖樂,翹翹板,搖搖樂,組合遊具,搖搖樂,組合遊具,鞦韆,攀爬組,磨石滑梯,翹翹板,組合遊具,翹翹板,木樁區,盪鞦韆,平衡木,彈跳床,搖搖樂,組合遊具,翹翹板,旋轉台,戲沙坑遊戲桌,搖搖樂,攀爬組,旋轉飛輪,組合遊具,翹翹板,磨石滑梯,攀爬組,磨石子滑梯,翹翹板,彈跳床,鳥巢鞦韆,戲沙坑,攀爬組,組合遊具,攀爬組,站立式搖動設備,組合遊具,翹翹板,小石搬運,搖搖馬,組合遊具,數字造型跳樁及水管隧道,搖滾盤,X型翹翹板,組合遊具,搖搖樂,組合遊具,旋轉桶椅,大旋轉組,組合遊具,搖搖樂,磨石滑梯,鳥巢鞦韆,旋轉桶椅,組合遊具,組合遊具,組合遊具,搖搖馬,組合遊具,翹翹板,搖搖樂,組合遊具,組合遊具,磨石滑梯,鞦韆及鳥巢鞦韆,彈跳床,攀爬組,木隧道,組合遊具,仿古代程沈船遊具,攀爬繩網組,攀爬組,鳥巢鞦韆,輪胎鞦韆,尿布鞦韆,沙坑,磨石子滑梯,旋轉台,彈跳床,雙滑軌溜索,搖搖馬,翹翹板,組合遊具,搖搖馬,組合遊具,攀爬組,組合遊具,組合遊具,攀爬組,搖搖馬,磨石子滑梯,旋轉杯,組合遊具,組合遊具,組合遊具,大轉轉杯,搖搖樂,組合遊具,翹翹板,滑梯,彈跳床,戲沙坑,擺盪船索,攀爬組,旋轉組,磨石滑梯,組合遊具,特色溜滑梯,攀爬組,旋轉棒,叢林攀爬組,4人旋轉器,搖搖樂,磨石滑梯,翹翹板,搖搖樂,組合遊具,組合遊具,組合遊具,爬繩,組合遊具(叢林攀爬組),獨木橋,組合遊具,遊戲板,組合遊具,攀爬組,盪鞦韆,搖搖樂,組合遊具,組合遊具,旋轉盤,鞦韆,攀爬組,旋轉盤,搖搖樂,組合遊具,特色溜滑梯,攀爬組,跳樁,鞦韆,搖搖馬,組合遊具,蹺蹺板,組合遊具,搖搖樂,組合遊具,組合遊具2,翹翹板及搖搖馬,組合遊具,天空樹溜滑梯,戲沙坑,搖搖樂,旋轉拉環,組合遊具, X型翹翹板,鞦韆,攀爬組,搖搖樂,組合遊具(村莊高塔),鞦韆,攀爬遊戲組,彈跳床,投籃機,擺盪船索,攀爬組,旋轉台,組合遊具,組合遊具,旋轉陀螺,旋轉台,組合遊具,攀爬組,搖搖樂,翹翹板,磨石滑梯,搖搖樂,跳樁,搖搖樂,攀爬組,組合遊具(滑梯小屋),旋轉盤,組合遊具,鳥巢盪鞦韆及一般坐式盪鞦韆,蝴蝶翹翹板,特色旋轉盤,金字塔滑梯組,機車搖搖樂,遊戲板,造型攀爬牆,攀爬網,組合遊具(環繞競技場遊具組),鞦韆,體能訓練平衡組,礫石坑,獨木樁,蜻蜓點水,木橋,平衡木,平衡木,跳樁,遊戲板,隧道,組合遊具(叢林攀爬組),搖晃板,組合遊具,遊戲板,隧道,組合遊具(遊戲城堡),旋轉座椅,競技攀爬遊具組,龍舟特色遊具組,滑梯,擊鼓,搖搖樂,組合遊具,翹翹板,組合遊具,翹翹板,木作組合遊具,搖搖樂,城堡遊戲組,大轉轉杯,搖搖樂,磨石滑梯,攀爬組,鞦韆,搖搖樂,組合遊具,組合遊具,搖滾盤,旋轉球椅,愛的搖籃,組合遊具,搖搖樂,旋轉杯,翹翹板,組合遊具,搖搖樂,組合遊具,搖搖樂,組合遊具,搖搖樂,組合遊具,攀爬組,搖搖樂,組合遊具,搖搖樂,組合遊具,組合遊具,彩虹琴,旋轉音樂盒,遊戲礫石坑,彈跳節拍,搖搖樂,組合遊具,翹翹板,組合遊具,組合遊具,搖搖樂,組合遊具,組合遊具,搖搖樂,組合遊具,攀爬組合滑梯,搖搖樂,組合遊具,組合遊具,翹翹板,組合遊具,搖搖樂,組合遊具,翹翹板,組合遊具,搖搖樂,翹翹板,旋轉杯,旋轉棒,搖搖樂,磨石滑梯,組合遊具,搖搖樂,攀爬組,旋轉台,磨石滑梯,組合遊具,跳樁,組合遊具,組合遊具,組合遊具,音樂球、叮噹管、歡樂鼓,無障礙旋轉盤,無障礙鞦韆,遊戲牆,滾輪滑梯,鳥巢鞦韆,旋轉杯,旋轉棒,鞦韆,小木屋,山丘滑梯,戲沙坑,搖搖樂,攀爬組,5人轉轉盤,彈跳床,戲沙坑,組合遊具,旋轉台,旋轉杯,旋轉棒, 磨石滑梯,翹翹板,遊戲板,鞦韆,組合遊具,攀爬組,磨石滑梯,磨石滑梯,組合遊具,火車特色滑梯,鞦韆,樹蛙籃球框,組合遊具,組合遊具,組合遊具,翹翹板,組合遊具,組合遊具,組合遊具,組合遊具,組合遊具,沙坑遊戲板,環型天梯無障礙上肢設施,旋轉杯,戲沙坑,攀爬組,磨石滑梯,跳樁,遊戲板,組合遊具,磨石滑梯,組合遊具,搖搖樂,組合遊具,組合遊具,組合遊具,磨石滑梯,翹翹板,搖搖樂,組合遊具,搖搖樂,組合遊具,組合遊具,搖搖樂,組合遊具-1,攀爬組,鞦韆,大港墘公園-沙坑,大港墘公園-磨石滑梯,大港墘公園-魔力飛盤鞦韆,大港墘公園-管型山丘,攀爬組,翹翹板,遊戲體能組,搖搖樂,組合遊具,搖搖樂,組合遊具,搖搖樂,組合遊具,搖搖樂,組合遊具,組合遊具,磨石滑梯,組合遊具,搖搖樂,組合遊具,搖搖樂,組合遊具,翹翹板,搖搖樂,搖搖樂,組合遊具,搖搖樂,組合遊具,搖搖樂,組合遊具,彈跳床,戲沙坑,攀爬組,磨石滑梯,組合遊具,鞦韆,搖搖樂,組合遊具,磨石滑梯,搖搖樂,磨石滑梯,鞦韆,組合遊具,鞦韆,戲沙坑,擺盪船索,組合遊具,搖搖樂,組合遊具,組合遊具,組合遊具,組合遊具,搖搖樂,組合遊具,戲沙坑,旋轉台,組合遊具,鞦韆,組合遊具,組合遊具,磨石滑梯,鞦韆,搖搖樂,組合遊具,攀爬架,搖搖樂,組合遊具,搖搖樂,搖搖樂,組合遊具,組合遊具,磨石滑梯,翹翹板,攀爬架,戲沙坑,船型遊具組,鞦韆,組合遊具,天旋地轉,組合遊具,組合遊具,搖搖樂,大轉轉杯,組合遊具,平衡木,搖搖樂,磨石滑梯,翹翹板,鞦韆,溜滑梯組合遊具,搖搖樂,翹翹板,木製攀爬架,搖搖樂,磨石滑梯,組合遊具,翹翹板,鞦韆,組合遊具,搖搖樂,組合遊具,組合遊具,組合遊具,擺盪螺旋跳跳樂,搖搖樂,攀爬組,磨石滑梯,鞦韆,組合遊具,鞦韆,組合遊具,搖搖樂,組合遊具,鞦韆,旋轉台,滾輪滑梯,組合遊具,翹翹板,遊戲板,搖搖樂,組合遊具,攀爬組,旋轉棒,磨石滑梯,搖搖樂,鞦韆,MONKEY BAR,宇宙穿梭機,時空訊息牆,景化小飛碟,黃金光束坡,搖搖樂,組合遊具,拉鍊響板,搖擺沙鈴,獅吼鼻頭,獅背攀爬網,獅眼滾珠迷宮,鈕扣獅,組合遊具,組合遊具,搖搖樂,組合遊具,搖搖樂,組合遊具,搖搖樂,組合遊具,鞦韆,翹翹板,組合遊具,搖搖樂,搖搖樂,組合遊具,組合遊具,戲沙坑,組合遊具,滑索(軌),鞦韆,搖搖馬,組合遊具,組合遊具,組合遊具,攀爬組,組合遊具,組合遊具,組合遊具,組合遊具,翹翹板,組合遊具, 磨石滑梯,組合遊具,攀爬組,磨石滑梯,搖搖樂,組合遊具,組合遊具,搖搖樂,戲沙坑,攀爬組,組合遊具,攀爬組,磨石滑梯,鞦韆,組合遊具,組合遊具,搖搖樂,磨石滑梯,組合遊具,搖搖樂,鞦韆,旋轉杯,組合遊具,翹翹板,組合遊具,搖搖樂,組合遊具,組合遊具,藤蔓綠森林組合遊具組,曲型單槓,搖搖樂,共融式旋轉碗碟,組合遊具,翹翹板,鞦韆,鞦韆,搖搖樂,組合遊具,組合遊具,探索年輪之環,板根網架,老松樹塔,組合遊具,組合遊具,鞦韆,原木擺盪攀爬遊具,旋轉擺盪座椅,擺盪船索,組合遊具,組合遊具,鞦韆,攀爬組,遊戲小屋,組合遊具,搖搖樂,翹翹板,組合遊具,旋轉木馬,搖搖樂,組合遊具,翹翹板,搖滾盤,攀爬組,組合遊具,組合遊具,組合遊具,無障礙旋轉盤\t,共融式恐龍造型遊具組,造型恐龍蛋休憩椅\t,磨石滑梯,鞦韆,磨石子溜滑梯,戲沙坑,組合遊具,翹翹板,跳樁,大坡面磨石溜滑梯,沙坑,鳥巢鞦韆,滑索(軌),組合遊具,鞦韆,組合遊具,組合遊具,磨石子滑梯,樹屋攀爬網,組合遊具,組合遊具,多元攀爬遊具,側向爬網,平衡獨木橋,磨石子滑梯,原木攀爬遊具,大轉轉椅,組合遊具,共融式綜合鞦韆組,曲型單槓,磨石滑梯,遊戲板,攀爬組,磨石滑梯,鞦韆,組合遊具,戲沙坑,攀爬組,鳥巢鞦韆,大海怪遊戲組,地面遊戲組,攀爬組,組合遊具,鞦韆,戲沙坑,恐龍磨石子滑梯,旋轉台,磨石滑梯,組合遊具,組合遊具,磨石滑梯,組合遊具", "ObjectId": 570}}, {"type": "Feature", "id": 571, "geometry": {"type": "Point", "coordinates": [121.54968262, 25.037630081]}, "properties": {"SeqNo": 122, "pm_name": "仁愛圓環", "pm_overview": "　仁愛路為臺北市的重要幹道之一，仁愛路為東西向道路，仁愛路東抵臺北市政府府前廣場，西抵臺北府城東門（景福門）；仁愛路與敦化南路交會處之圓環，常做為臺北燈會活動之主燈區，仁愛路亦為臺北市著名的林蔭大道之一。\r\n仁愛路為臺北市的重要幹道之一，仁愛路為東西向道路，仁愛路東抵臺北市政府府前廣場，西抵臺北府城東門（景福門）；仁愛路與敦化南路交會處之圓環，常做為臺北燈會活動之主燈區，仁愛路亦為臺北市著名的林蔭大道之一。 　　圓環會出現在都市道路的規劃上，是起源於一種改善交通的想法，因為在道路交叉口的地方如果沒有適當的管理措施，不同方向車流必然糾結在一起。所以有人就想出以圓環設置在交叉口的方式來管理車流，因為不管任何方向出來的車子，一出路口就得隨同一個方向繞圓環，最多一圈，都會到達自己想要行進的車道，因此圓環的本意，一來解決交通問題；二來塑造形象。台北市眾多圓環中，氣勢景觀最佳的應非仁愛圓環莫屬，畢竟它原來設置的目的，就是為襯托國家門面。外國貴賓在松山機場下飛機之後，由禮賓車接送，一路從敦化北路經圓環右轉仁愛路直通總統府。往敦化仁愛圓環走，一出路口，乍見圓環開闊的氣勢，那種壑然開朗的感覺，是足以讓人在心裡回味再三的。 仁愛路闢於日據時期，在1932年的都市計畫中即已被預定闢為林蔭道路。戰後將路終點由新生南路累次向東延伸。1958年政府將松山機場至總統府必經之敦化路與仁愛路（安東街至敦化南路段）拓為60公尺寬，以作為國際迎賓大道。1967年臺北升格直轄市之後，臺北市政府又將仁愛路全線拓為40公尺，且東延至基隆路，其中仁愛路三段更闢為100公尺寬的林園大道，為目前臺北市最寬敞的道路。 　　仁愛圓環目前植栽由本處進行設計，區塊分為中央大員還與四周槽化島，喬木主要種植於中央大圓環中心，垂榕等灌木部分則設計造型並固定時間修剪，其中以圓柱狀高大榮最具代表之意象設計，鄰路草花地被植物則由水源苗圃依季節更換，其中外側4個槽化島上分別種植一株台灣相當稀少的加羅林魚木，在每年4月時黃白色花朵會布滿樹冠，行程相當美麗之景致。", "pm_unit": "園藝工程隊(南區分隊)", "pm_const_year": "57", "pm_location": "仁愛路與敦化南路交會處之圓環", "pm_LandPublicArea": 5060, "pm_opening_s": "00:00:00", "pm_opening_e": "24:00", "pm_libie": "德安里", "pm_phone": "02-27262075", "pm_sports": null, "pm_recreation": null, "pm_service": null, "pm_other": null, "pm_transit": "(巴士)292, 311, 905, 仁愛幹線(原263), 敦化幹線(原285)\n(地鐵)板南線 BANNAN LINE, 淡水信義線 TAMSUI -XINYI LINE", "pm_name_eng": "Renai Roundabout", "pm_ecology": null, "pm_type": "公園", "pm_playtype": null, "pm_playarea": null, "pm_description": null, "pm_playeq": null, "ObjectId": 571}}, {"type": "Feature", "id": 575, "geometry": {"type": "Point", "coordinates": [121.54532623, 25.030630112]}, "properties": {"SeqNo": 300, "pm_name": "四維公園", "pm_overview": "四維公園(Siwei Park)景觀美麗，充滿綠意，整齊清潔的公園。", "pm_unit": "大安區公所", "pm_const_year": "1980", "pm_location": "瑞安街23巷24弄", "pm_LandPublicArea": 3097, "pm_opening_s": "00:00:00", "pm_opening_e": "24:00", "pm_libie": "龍雲里", "pm_phone": "02-23511711#9302", "pm_sports": "肩關節康復器、太空漫步機、單槓", "pm_recreation": "翹翹板、組合遊具、搖搖樂", "pm_service": "運動場", "pm_other": null, "pm_transit": "捷運路線:搭松山新店線或中和新蘆線至古亭捷運站5號出口，公車路線搭685、復興幹線、S33至大安高工", "pm_name_eng": "Siwei Park", "pm_ecology": null, "pm_type": "公園", "pm_playtype": "一般", "pm_playarea": 150, "pm_description": null, "pm_playeq": "彈跳床,搖滾盤,攀爬組,磨石滑梯,搖搖樂,翹翹板,搖搖樂,組合遊具,搖搖樂,組合遊具,鞦韆,攀爬組,磨石滑梯,翹翹板,組合遊具,翹翹板,木樁區,盪鞦韆,平衡木,彈跳床,搖搖樂,組合遊具,翹翹板,旋轉台,戲沙坑遊戲桌,搖搖樂,攀爬組,旋轉飛輪,組合遊具,翹翹板,磨石滑梯,攀爬組,磨石子滑梯,翹翹板,彈跳床,鳥巢鞦韆,戲沙坑,攀爬組,組合遊具,攀爬組,站立式搖動設備,組合遊具,翹翹板,小石搬運,搖搖馬,組合遊具,數字造型跳樁及水管隧道,搖滾盤,X型翹翹板,組合遊具,搖搖樂,組合遊具,旋轉桶椅,大旋轉組,組合遊具,搖搖樂,磨石滑梯,鳥巢鞦韆,旋轉桶椅,組合遊具,組合遊具,組合遊具,搖搖馬,組合遊具,翹翹板,搖搖樂,組合遊具,組合遊具,磨石滑梯,鞦韆及鳥巢鞦韆,彈跳床,攀爬組,木隧道,組合遊具,仿古代程沈船遊具,攀爬繩網組,攀爬組,鳥巢鞦韆,輪胎鞦韆,尿布鞦韆,沙坑,磨石子滑梯,旋轉台,彈跳床,雙滑軌溜索,搖搖馬,翹翹板,組合遊具,搖搖馬,組合遊具,攀爬組,組合遊具,組合遊具,攀爬組,搖搖馬,磨石子滑梯,旋轉杯,組合遊具,組合遊具,組合遊具,大轉轉杯,搖搖樂,組合遊具,翹翹板,滑梯,彈跳床,戲沙坑,擺盪船索,攀爬組,旋轉組,磨石滑梯,組合遊具,特色溜滑梯,攀爬組,旋轉棒,叢林攀爬組,4人旋轉器,搖搖樂,磨石滑梯,翹翹板,搖搖樂,組合遊具,組合遊具,組合遊具,爬繩,組合遊具(叢林攀爬組),獨木橋,組合遊具,遊戲板,組合遊具,攀爬組,盪鞦韆,搖搖樂,組合遊具,組合遊具,旋轉盤,鞦韆,攀爬組,旋轉盤,搖搖樂,組合遊具,特色溜滑梯,攀爬組,跳樁,鞦韆,搖搖馬,組合遊具,蹺蹺板,組合遊具,搖搖樂,組合遊具,組合遊具2,翹翹板及搖搖馬,組合遊具,天空樹溜滑梯,戲沙坑,搖搖樂,旋轉拉環,組合遊具, X型翹翹板,鞦韆,攀爬組,搖搖樂,組合遊具(村莊高塔),鞦韆,攀爬遊戲組,彈跳床,投籃機,擺盪船索,攀爬組,旋轉台,組合遊具,組合遊具,旋轉陀螺,旋轉台,組合遊具,攀爬組,搖搖樂,翹翹板,磨石滑梯,搖搖樂,跳樁,搖搖樂,攀爬組,組合遊具(滑梯小屋),旋轉盤,組合遊具,鳥巢盪鞦韆及一般坐式盪鞦韆,蝴蝶翹翹板,特色旋轉盤,金字塔滑梯組,機車搖搖樂,遊戲板,造型攀爬牆,攀爬網,組合遊具(環繞競技場遊具組),鞦韆,體能訓練平衡組,礫石坑,獨木樁,蜻蜓點水,木橋,平衡木,平衡木,跳樁,遊戲板,隧道,組合遊具(叢林攀爬組),搖晃板,組合遊具,遊戲板,隧道,組合遊具(遊戲城堡),旋轉座椅,競技攀爬遊具組,龍舟特色遊具組,滑梯,擊鼓,搖搖樂,組合遊具,翹翹板,組合遊具,翹翹板,木作組合遊具,搖搖樂,城堡遊戲組,大轉轉杯,搖搖樂,磨石滑梯,攀爬組,鞦韆,搖搖樂,組合遊具,組合遊具,搖滾盤,旋轉球椅,愛的搖籃,組合遊具,搖搖樂,旋轉杯,翹翹板,組合遊具,搖搖樂,組合遊具,搖搖樂,組合遊具,搖搖樂,組合遊具,攀爬組,搖搖樂,組合遊具,搖搖樂,組合遊具,組合遊具,彩虹琴,旋轉音樂盒,遊戲礫石坑,彈跳節拍,搖搖樂,組合遊具,翹翹板,組合遊具,組合遊具,搖搖樂,組合遊具,組合遊具,搖搖樂,組合遊具,攀爬組合滑梯,搖搖樂,組合遊具,組合遊具,翹翹板,組合遊具,搖搖樂,組合遊具,翹翹板,組合遊具,搖搖樂,翹翹板,旋轉杯,旋轉棒,搖搖樂,磨石滑梯,組合遊具,搖搖樂,攀爬組,旋轉台,磨石滑梯,組合遊具,跳樁,組合遊具,組合遊具,組合遊具,音樂球、叮噹管、歡樂鼓,無障礙旋轉盤,無障礙鞦韆,遊戲牆,滾輪滑梯,鳥巢鞦韆,旋轉杯,旋轉棒,鞦韆,小木屋,山丘滑梯,戲沙坑,搖搖樂,攀爬組,5人轉轉盤,彈跳床,戲沙坑,組合遊具,旋轉台,旋轉杯,旋轉棒, 磨石滑梯,翹翹板,遊戲板,鞦韆,組合遊具,攀爬組,磨石滑梯,磨石滑梯,組合遊具,火車特色滑梯,鞦韆,樹蛙籃球框,組合遊具,組合遊具,組合遊具,翹翹板,組合遊具,組合遊具,組合遊具,組合遊具,組合遊具,沙坑遊戲板,環型天梯無障礙上肢設施,旋轉杯,戲沙坑,攀爬組,磨石滑梯,跳樁,遊戲板,組合遊具,磨石滑梯,組合遊具,搖搖樂,組合遊具,組合遊具,組合遊具,磨石滑梯,翹翹板,搖搖樂,組合遊具,搖搖樂,組合遊具,組合遊具,搖搖樂,組合遊具-1,攀爬組,鞦韆,大港墘公園-沙坑,大港墘公園-磨石滑梯,大港墘公園-魔力飛盤鞦韆,大港墘公園-管型山丘,攀爬組,翹翹板,遊戲體能組,搖搖樂,組合遊具,搖搖樂,組合遊具,搖搖樂,組合遊具,搖搖樂,組合遊具,組合遊具,磨石滑梯,組合遊具,搖搖樂,組合遊具,搖搖樂,組合遊具,翹翹板,搖搖樂,搖搖樂,組合遊具,搖搖樂,組合遊具,搖搖樂,組合遊具,彈跳床,戲沙坑,攀爬組,磨石滑梯,組合遊具,鞦韆,搖搖樂,組合遊具,磨石滑梯,搖搖樂,磨石滑梯,鞦韆,組合遊具,鞦韆,戲沙坑,擺盪船索,組合遊具,搖搖樂,組合遊具,組合遊具,組合遊具,組合遊具,搖搖樂,組合遊具,戲沙坑,旋轉台,組合遊具,鞦韆,組合遊具,組合遊具,磨石滑梯,鞦韆,搖搖樂,組合遊具,攀爬架,搖搖樂,組合遊具,搖搖樂,搖搖樂,組合遊具,組合遊具,磨石滑梯,翹翹板,攀爬架,戲沙坑,船型遊具組,鞦韆,組合遊具,天旋地轉,組合遊具,組合遊具,搖搖樂,大轉轉杯,組合遊具,平衡木,搖搖樂,磨石滑梯,翹翹板,鞦韆,溜滑梯組合遊具,搖搖樂,翹翹板,木製攀爬架,搖搖樂,磨石滑梯,組合遊具,翹翹板,鞦韆,組合遊具,搖搖樂,組合遊具,組合遊具,組合遊具,擺盪螺旋跳跳樂,搖搖樂,攀爬組,磨石滑梯,鞦韆,組合遊具,鞦韆,組合遊具,搖搖樂,組合遊具,鞦韆,旋轉台,滾輪滑梯,組合遊具,翹翹板,遊戲板,搖搖樂,組合遊具,攀爬組,旋轉棒,磨石滑梯,搖搖樂,鞦韆,MONKEY BAR,宇宙穿梭機,時空訊息牆,景化小飛碟,黃金光束坡,搖搖樂,組合遊具,拉鍊響板,搖擺沙鈴,獅吼鼻頭,獅背攀爬網,獅眼滾珠迷宮,鈕扣獅,組合遊具,組合遊具,搖搖樂,組合遊具,搖搖樂,組合遊具,搖搖樂,組合遊具,鞦韆,翹翹板,組合遊具,搖搖樂,搖搖樂,組合遊具,組合遊具,戲沙坑,組合遊具,滑索(軌),鞦韆,搖搖馬,組合遊具,組合遊具,組合遊具,攀爬組,組合遊具,組合遊具,組合遊具,組合遊具,翹翹板,組合遊具, 磨石滑梯,組合遊具,攀爬組,磨石滑梯,搖搖樂,組合遊具,組合遊具,搖搖樂,戲沙坑,攀爬組,組合遊具,攀爬組,磨石滑梯,鞦韆,組合遊具,組合遊具,搖搖樂,磨石滑梯,組合遊具,搖搖樂,鞦韆,旋轉杯,組合遊具,翹翹板,組合遊具,搖搖樂,組合遊具,組合遊具,藤蔓綠森林組合遊具組,曲型單槓,搖搖樂,共融式旋轉碗碟,組合遊具,翹翹板,鞦韆,鞦韆,搖搖樂,組合遊具,組合遊具,探索年輪之環,板根網架,老松樹塔,組合遊具,組合遊具,鞦韆,原木擺盪攀爬遊具,旋轉擺盪座椅,擺盪船索,組合遊具,組合遊具,鞦韆,攀爬組,遊戲小屋,組合遊具,搖搖樂,翹翹板,組合遊具,旋轉木馬,搖搖樂,組合遊具,翹翹板,搖滾盤,攀爬組,組合遊具,組合遊具,組合遊具,無障礙旋轉盤\t,共融式恐龍造型遊具組,造型恐龍蛋休憩椅\t,磨石滑梯,鞦韆,磨石子溜滑梯,戲沙坑,組合遊具,翹翹板,跳樁,大坡面磨石溜滑梯,沙坑,鳥巢鞦韆,滑索(軌),組合遊具,鞦韆,組合遊具,組合遊具,磨石子滑梯,樹屋攀爬網,組合遊具,組合遊具,多元攀爬遊具,側向爬網,平衡獨木橋,磨石子滑梯,原木攀爬遊具,大轉轉椅,組合遊具,共融式綜合鞦韆組,曲型單槓,磨石滑梯,遊戲板,攀爬組,磨石滑梯,鞦韆,組合遊具,戲沙坑,攀爬組,鳥巢鞦韆,大海怪遊戲組,地面遊戲組,攀爬組,組合遊具,鞦韆,戲沙坑,恐龍磨石子滑梯,旋轉台,磨石滑梯,組合遊具,組合遊具,磨石滑梯,組合遊具,搖搖樂,組合遊具,搖搖樂,組合遊具,翹翹板", "ObjectId": 575}}, {"type": "Feature", "id": 576, "geometry": {"type": "Point", "coordinates": [121.54931641, 25.031959534]}, "properties": {"SeqNo": 201, "pm_name": "平安公園", "pm_overview": "平安公園(Pingan Park)原稱義安公園，在民國81年改名為平安公園，園中有國際獅子會長許晉昇暨全體獅友建贈之涼亭，其建地很高在市區鄰里公園少有。", "pm_unit": "大安區公所", "pm_const_year": "1990", "pm_location": "敦化南路2段37巷旁", "pm_LandPublicArea": 1614, "pm_opening_s": "00:00:00", "pm_opening_e": "24:00", "pm_libie": "義安里", "pm_phone": "02-23511711#9302", "pm_sports": "單槓、肩關節康復器", "pm_recreation": null, "pm_service": null, "pm_other": null, "pm_transit": "捷運路線:搭淡水信義線至信義安和捷運站2號出口，公車52、278、294、556、688、902、905、敦化幹線至信義敦化路口", "pm_name_eng": "Pingan Park", "pm_ecology": null, "pm_type": "公園", "pm_playtype": null, "pm_playarea": null, "pm_description": null, "pm_playeq": null, "ObjectId": 576}}, {"type": "Feature", "id": 577, "geometry": {"type": "Point", "coordinates": [121.53569794, 25.035400391]}, "properties": {"SeqNo": 336, "pm_name": "民榮公園", "pm_overview": "民榮公園(Minrong Park)位於新生南路1段157巷16號前，民國73年規劃成立，面積為2,896平方公尺。園內四時景緻優美，是鄰里藝文活動豐富的地方。", "pm_unit": "大安區公所", "pm_const_year": "1984", "pm_location": "新生南路1段157巷19號", "pm_LandPublicArea": 2896, "pm_opening_s": "00:00:00", "pm_opening_e": "24:00", "pm_libie": "民炤里", "pm_phone": "02-23511711#9302", "pm_sports": "雙人浪板、腹肌板、大轉輪、肩關節訓練器、雙人健步器、單槓、推拉復健器、三人扭腰器", "pm_recreation": "組合遊具、搖搖樂", "pm_service": null, "pm_other": null, "pm_transit": "捷運路線:搭淡水信義線至大安森林公園捷運站1號出口，公車路線搭0東、20、22、38、88、204、588、1503臺北觀光巴士紅線至捷運大安森林公園站", "pm_name_eng": "Minrong Park", "pm_ecology": null, "pm_type": "公園", "pm_playtype": "一般", "pm_playarea": 93, "pm_description": null, "pm_playeq": "彈跳床,搖滾盤,攀爬組,磨石滑梯,搖搖樂,翹翹板,搖搖樂,組合遊具,搖搖樂,組合遊具,鞦韆,攀爬組,磨石滑梯,翹翹板,組合遊具,翹翹板,木樁區,盪鞦韆,平衡木,彈跳床,搖搖樂,組合遊具,翹翹板,旋轉台,戲沙坑遊戲桌,搖搖樂,攀爬組,旋轉飛輪,組合遊具,翹翹板,磨石滑梯,攀爬組,磨石子滑梯,翹翹板,彈跳床,鳥巢鞦韆,戲沙坑,攀爬組,組合遊具,攀爬組,站立式搖動設備,組合遊具,翹翹板,小石搬運,搖搖馬,組合遊具,數字造型跳樁及水管隧道,搖滾盤,X型翹翹板,組合遊具,搖搖樂,組合遊具,旋轉桶椅,大旋轉組,組合遊具,搖搖樂,磨石滑梯,鳥巢鞦韆,旋轉桶椅,組合遊具,組合遊具,組合遊具,搖搖馬,組合遊具,翹翹板,搖搖樂,組合遊具,組合遊具,磨石滑梯,鞦韆及鳥巢鞦韆,彈跳床,攀爬組,木隧道,組合遊具,仿古代程沈船遊具,攀爬繩網組,攀爬組,鳥巢鞦韆,輪胎鞦韆,尿布鞦韆,沙坑,磨石子滑梯,旋轉台,彈跳床,雙滑軌溜索,搖搖馬,翹翹板,組合遊具,搖搖馬,組合遊具,攀爬組,組合遊具,組合遊具,攀爬組,搖搖馬,磨石子滑梯,旋轉杯,組合遊具,組合遊具,組合遊具,大轉轉杯,搖搖樂,組合遊具,翹翹板,滑梯,彈跳床,戲沙坑,擺盪船索,攀爬組,旋轉組,磨石滑梯,組合遊具,特色溜滑梯,攀爬組,旋轉棒,叢林攀爬組,4人旋轉器,搖搖樂,磨石滑梯,翹翹板,搖搖樂,組合遊具,組合遊具,組合遊具,爬繩,組合遊具(叢林攀爬組),獨木橋,組合遊具,遊戲板,組合遊具,攀爬組,盪鞦韆,搖搖樂,組合遊具,組合遊具,旋轉盤,鞦韆,攀爬組,旋轉盤,搖搖樂,組合遊具,特色溜滑梯,攀爬組,跳樁,鞦韆,搖搖馬,組合遊具,蹺蹺板,組合遊具,搖搖樂,組合遊具,組合遊具2,翹翹板及搖搖馬,組合遊具,天空樹溜滑梯,戲沙坑,搖搖樂,旋轉拉環,組合遊具, X型翹翹板,鞦韆,攀爬組,搖搖樂,組合遊具(村莊高塔),鞦韆,攀爬遊戲組,彈跳床,投籃機,擺盪船索,攀爬組,旋轉台,組合遊具,組合遊具,旋轉陀螺,旋轉台,組合遊具,攀爬組,搖搖樂,翹翹板,磨石滑梯,搖搖樂,跳樁,搖搖樂,攀爬組,組合遊具(滑梯小屋),旋轉盤,組合遊具,鳥巢盪鞦韆及一般坐式盪鞦韆,蝴蝶翹翹板,特色旋轉盤,金字塔滑梯組,機車搖搖樂,遊戲板,造型攀爬牆,攀爬網,組合遊具(環繞競技場遊具組),鞦韆,體能訓練平衡組,礫石坑,獨木樁,蜻蜓點水,木橋,平衡木,平衡木,跳樁,遊戲板,隧道,組合遊具(叢林攀爬組),搖晃板,組合遊具,遊戲板,隧道,組合遊具(遊戲城堡),旋轉座椅,競技攀爬遊具組,龍舟特色遊具組,滑梯,擊鼓,搖搖樂,組合遊具,翹翹板,組合遊具,翹翹板,木作組合遊具,搖搖樂,城堡遊戲組,大轉轉杯,搖搖樂,磨石滑梯,攀爬組,鞦韆,搖搖樂,組合遊具,組合遊具,搖滾盤,旋轉球椅,愛的搖籃,組合遊具,搖搖樂,旋轉杯,翹翹板,組合遊具,搖搖樂,組合遊具,搖搖樂,組合遊具,搖搖樂,組合遊具,攀爬組,搖搖樂,組合遊具,搖搖樂,組合遊具,組合遊具,彩虹琴,旋轉音樂盒,遊戲礫石坑,彈跳節拍,搖搖樂,組合遊具,翹翹板,組合遊具,組合遊具,搖搖樂,組合遊具,組合遊具,搖搖樂,組合遊具,攀爬組合滑梯,搖搖樂,組合遊具,組合遊具,翹翹板,組合遊具,搖搖樂,組合遊具,翹翹板,組合遊具,搖搖樂,翹翹板,旋轉杯,旋轉棒,搖搖樂,磨石滑梯,組合遊具,搖搖樂,攀爬組,旋轉台,磨石滑梯,組合遊具,跳樁,組合遊具,組合遊具,組合遊具,音樂球、叮噹管、歡樂鼓,無障礙旋轉盤,無障礙鞦韆,遊戲牆,滾輪滑梯,鳥巢鞦韆,旋轉杯,旋轉棒,鞦韆,小木屋,山丘滑梯,戲沙坑,搖搖樂,攀爬組,5人轉轉盤,彈跳床,戲沙坑,組合遊具,旋轉台,旋轉杯,旋轉棒, 磨石滑梯,翹翹板,遊戲板,鞦韆,組合遊具,攀爬組,磨石滑梯,磨石滑梯,組合遊具,火車特色滑梯,鞦韆,樹蛙籃球框,組合遊具,組合遊具,組合遊具,翹翹板,組合遊具,組合遊具,組合遊具,組合遊具,組合遊具,沙坑遊戲板,環型天梯無障礙上肢設施,旋轉杯,戲沙坑,攀爬組,磨石滑梯,跳樁,遊戲板,組合遊具,磨石滑梯,組合遊具,搖搖樂,組合遊具,組合遊具,組合遊具,磨石滑梯,翹翹板,搖搖樂,組合遊具,搖搖樂,組合遊具,組合遊具,搖搖樂,組合遊具-1,攀爬組,鞦韆,大港墘公園-沙坑,大港墘公園-磨石滑梯,大港墘公園-魔力飛盤鞦韆,大港墘公園-管型山丘,攀爬組,翹翹板,遊戲體能組,搖搖樂,組合遊具,搖搖樂,組合遊具,搖搖樂,組合遊具,搖搖樂,組合遊具,組合遊具,磨石滑梯,組合遊具,搖搖樂,組合遊具,搖搖樂,組合遊具,翹翹板,搖搖樂,搖搖樂,組合遊具,搖搖樂,組合遊具,搖搖樂,組合遊具,彈跳床,戲沙坑,攀爬組,磨石滑梯,組合遊具,鞦韆,搖搖樂,組合遊具,磨石滑梯,搖搖樂,磨石滑梯,鞦韆,組合遊具,鞦韆,戲沙坑,擺盪船索,組合遊具,搖搖樂,組合遊具,組合遊具,組合遊具,組合遊具,搖搖樂,組合遊具,戲沙坑,旋轉台,組合遊具,鞦韆,組合遊具,組合遊具,磨石滑梯,鞦韆,搖搖樂,組合遊具,攀爬架,搖搖樂,組合遊具,搖搖樂,搖搖樂,組合遊具,組合遊具,磨石滑梯,翹翹板,攀爬架,戲沙坑,船型遊具組,鞦韆,組合遊具,天旋地轉,組合遊具,組合遊具,搖搖樂,大轉轉杯,組合遊具,平衡木,搖搖樂,磨石滑梯,翹翹板,鞦韆,溜滑梯組合遊具,搖搖樂,翹翹板,木製攀爬架,搖搖樂,磨石滑梯,組合遊具,翹翹板,鞦韆,組合遊具,搖搖樂,組合遊具,組合遊具,組合遊具,擺盪螺旋跳跳樂,搖搖樂,攀爬組,磨石滑梯,鞦韆,組合遊具,鞦韆,組合遊具,搖搖樂,組合遊具,鞦韆,旋轉台,滾輪滑梯,組合遊具,翹翹板,遊戲板,搖搖樂,組合遊具,攀爬組,旋轉棒,磨石滑梯,搖搖樂,鞦韆,MONKEY BAR,宇宙穿梭機,時空訊息牆,景化小飛碟,黃金光束坡,搖搖樂,組合遊具,拉鍊響板,搖擺沙鈴,獅吼鼻頭,獅背攀爬網,獅眼滾珠迷宮,鈕扣獅,組合遊具,組合遊具,搖搖樂,組合遊具,搖搖樂,組合遊具,搖搖樂,組合遊具,鞦韆,翹翹板,組合遊具,搖搖樂,搖搖樂,組合遊具,組合遊具,戲沙坑,組合遊具,滑索(軌),鞦韆,搖搖馬,組合遊具,組合遊具,組合遊具,攀爬組,組合遊具,組合遊具,組合遊具,組合遊具,翹翹板,組合遊具, 磨石滑梯,組合遊具,攀爬組,磨石滑梯,搖搖樂,組合遊具,組合遊具,搖搖樂,戲沙坑,攀爬組,組合遊具,攀爬組,磨石滑梯,鞦韆,組合遊具,組合遊具,搖搖樂,磨石滑梯,組合遊具,搖搖樂,鞦韆,旋轉杯,組合遊具,翹翹板,組合遊具,搖搖樂,組合遊具,組合遊具,藤蔓綠森林組合遊具組,曲型單槓,搖搖樂,共融式旋轉碗碟,組合遊具,翹翹板,鞦韆,鞦韆,搖搖樂,組合遊具,組合遊具,探索年輪之環,板根網架,老松樹塔,組合遊具,組合遊具,鞦韆,原木擺盪攀爬遊具,旋轉擺盪座椅,擺盪船索,組合遊具,組合遊具,鞦韆,攀爬組,遊戲小屋,組合遊具,搖搖樂,翹翹板,組合遊具,旋轉木馬,搖搖樂,組合遊具,翹翹板,搖滾盤,攀爬組,組合遊具,組合遊具,組合遊具,無障礙旋轉盤\t,共融式恐龍造型遊具組,造型恐龍蛋休憩椅\t,磨石滑梯,鞦韆,磨石子溜滑梯,戲沙坑,組合遊具,翹翹板,跳樁,大坡面磨石溜滑梯,沙坑,鳥巢鞦韆,滑索(軌),組合遊具,鞦韆,組合遊具,組合遊具,磨石子滑梯,樹屋攀爬網,組合遊具,組合遊具,多元攀爬遊具,側向爬網,平衡獨木橋,磨石子滑梯,原木攀爬遊具,大轉轉椅,組合遊具,共融式綜合鞦韆組,曲型單槓,磨石滑梯,遊戲板,攀爬組,磨石滑梯,鞦韆,組合遊具,戲沙坑,攀爬組,鳥巢鞦韆,大海怪遊戲組,地面遊戲組,攀爬組,組合遊具,鞦韆,戲沙坑,恐龍磨石子滑梯,旋轉台,磨石滑梯,組合遊具,組合遊具,磨石滑梯,組合遊具,搖搖樂,組合遊具,搖搖樂,組合遊具,翹翹板,搖搖樂,吊床,組合遊具", "ObjectId": 577}}, {"type": "Feature", "id": 578, "geometry": {"type": "Point", "coordinates": [121.53505707, 25.039510727]}, "properties": {"SeqNo": 252, "pm_name": "民輝公園", "pm_overview": "民輝公園(Minhui Park)為違章聚落遷置後改建，現草木花卉豐富，為附近居民最佳休閒、聯誼的場所。現為無菸公園。", "pm_unit": "大安區公所", "pm_const_year": "1984", "pm_location": "仁愛路3段5巷3弄18號", "pm_LandPublicArea": 1397, "pm_opening_s": "00:00:00", "pm_opening_e": "24:00", "pm_libie": "民輝里", "pm_phone": "02-23511711#9302", "pm_sports": "肩關節訓練器、雙人浪板、漫步機、推拉復健器、雙人伸腰健身器", "pm_recreation": "組合遊具", "pm_service": "洗手台", "pm_other": null, "pm_transit": "捷運路線:搭中和新蘆線或板南線至忠孝新生捷運站6號出口，公車路線搭226至捷運仁愛新生路口", "pm_name_eng": "Minhui Park", "pm_ecology": null, "pm_type": "公園", "pm_playtype": "一般", "pm_playarea": 65, "pm_description": null, "pm_playeq": "彈跳床,搖滾盤,攀爬組,磨石滑梯,搖搖樂,翹翹板,搖搖樂,組合遊具,搖搖樂,組合遊具,鞦韆,攀爬組,磨石滑梯,翹翹板,組合遊具,翹翹板,木樁區,盪鞦韆,平衡木,彈跳床,搖搖樂,組合遊具,翹翹板,旋轉台,戲沙坑遊戲桌,搖搖樂,攀爬組,旋轉飛輪,組合遊具,翹翹板,磨石滑梯,攀爬組,磨石子滑梯,翹翹板,彈跳床,鳥巢鞦韆,戲沙坑,攀爬組,組合遊具,攀爬組,站立式搖動設備,組合遊具,翹翹板,小石搬運,搖搖馬,組合遊具,數字造型跳樁及水管隧道,搖滾盤,X型翹翹板,組合遊具,搖搖樂,組合遊具,旋轉桶椅,大旋轉組,組合遊具,搖搖樂,磨石滑梯,鳥巢鞦韆,旋轉桶椅,組合遊具,組合遊具,組合遊具,搖搖馬,組合遊具,翹翹板,搖搖樂,組合遊具,組合遊具,磨石滑梯,鞦韆及鳥巢鞦韆,彈跳床,攀爬組,木隧道,組合遊具,仿古代程沈船遊具,攀爬繩網組,攀爬組,鳥巢鞦韆,輪胎鞦韆,尿布鞦韆,沙坑,磨石子滑梯,旋轉台,彈跳床,雙滑軌溜索,搖搖馬,翹翹板,組合遊具,搖搖馬,組合遊具,攀爬組,組合遊具,組合遊具,攀爬組,搖搖馬,磨石子滑梯,旋轉杯,組合遊具,組合遊具,組合遊具,大轉轉杯,搖搖樂,組合遊具,翹翹板,滑梯,彈跳床,戲沙坑,擺盪船索,攀爬組,旋轉組,磨石滑梯,組合遊具,特色溜滑梯,攀爬組,旋轉棒,叢林攀爬組,4人旋轉器,搖搖樂,磨石滑梯,翹翹板,搖搖樂,組合遊具,組合遊具,組合遊具,爬繩,組合遊具(叢林攀爬組),獨木橋,組合遊具,遊戲板,組合遊具,攀爬組,盪鞦韆,搖搖樂,組合遊具,組合遊具,旋轉盤,鞦韆,攀爬組,旋轉盤,搖搖樂,組合遊具,特色溜滑梯,攀爬組,跳樁,鞦韆,搖搖馬,組合遊具,蹺蹺板,組合遊具,搖搖樂,組合遊具,組合遊具2,翹翹板及搖搖馬,組合遊具,天空樹溜滑梯,戲沙坑,搖搖樂,旋轉拉環,組合遊具, X型翹翹板,鞦韆,攀爬組,搖搖樂,組合遊具(村莊高塔),鞦韆,攀爬遊戲組,彈跳床,投籃機,擺盪船索,攀爬組,旋轉台,組合遊具,組合遊具,旋轉陀螺,旋轉台,組合遊具,攀爬組,搖搖樂,翹翹板,磨石滑梯,搖搖樂,跳樁,搖搖樂,攀爬組,組合遊具(滑梯小屋),旋轉盤,組合遊具,鳥巢盪鞦韆及一般坐式盪鞦韆,蝴蝶翹翹板,特色旋轉盤,金字塔滑梯組,機車搖搖樂,遊戲板,造型攀爬牆,攀爬網,組合遊具(環繞競技場遊具組),鞦韆,體能訓練平衡組,礫石坑,獨木樁,蜻蜓點水,木橋,平衡木,平衡木,跳樁,遊戲板,隧道,組合遊具(叢林攀爬組),搖晃板,組合遊具,遊戲板,隧道,組合遊具(遊戲城堡),旋轉座椅,競技攀爬遊具組,龍舟特色遊具組,滑梯,擊鼓,搖搖樂,組合遊具,翹翹板,組合遊具,翹翹板,木作組合遊具,搖搖樂,城堡遊戲組,大轉轉杯,搖搖樂,磨石滑梯,攀爬組,鞦韆,搖搖樂,組合遊具,組合遊具,搖滾盤,旋轉球椅,愛的搖籃,組合遊具,搖搖樂,旋轉杯,翹翹板,組合遊具,搖搖樂,組合遊具,搖搖樂,組合遊具,搖搖樂,組合遊具,攀爬組,搖搖樂,組合遊具,搖搖樂,組合遊具,組合遊具,彩虹琴,旋轉音樂盒,遊戲礫石坑,彈跳節拍,搖搖樂,組合遊具,翹翹板,組合遊具,組合遊具,搖搖樂,組合遊具,組合遊具,搖搖樂,組合遊具,攀爬組合滑梯,搖搖樂,組合遊具,組合遊具,翹翹板,組合遊具,搖搖樂,組合遊具,翹翹板,組合遊具,搖搖樂,翹翹板,旋轉杯,旋轉棒,搖搖樂,磨石滑梯,組合遊具,搖搖樂,攀爬組,旋轉台,磨石滑梯,組合遊具,跳樁,組合遊具,組合遊具,組合遊具,音樂球、叮噹管、歡樂鼓,無障礙旋轉盤,無障礙鞦韆,遊戲牆,滾輪滑梯,鳥巢鞦韆,旋轉杯,旋轉棒,鞦韆,小木屋,山丘滑梯,戲沙坑,搖搖樂,攀爬組,5人轉轉盤,彈跳床,戲沙坑,組合遊具,旋轉台,旋轉杯,旋轉棒, 磨石滑梯,翹翹板,遊戲板,鞦韆,組合遊具,攀爬組,磨石滑梯,磨石滑梯,組合遊具,火車特色滑梯,鞦韆,樹蛙籃球框,組合遊具,組合遊具,組合遊具,翹翹板,組合遊具,組合遊具,組合遊具,組合遊具,組合遊具,沙坑遊戲板,環型天梯無障礙上肢設施,旋轉杯,戲沙坑,攀爬組,磨石滑梯,跳樁,遊戲板,組合遊具,磨石滑梯,組合遊具,搖搖樂,組合遊具,組合遊具,組合遊具,磨石滑梯,翹翹板,搖搖樂,組合遊具,搖搖樂,組合遊具,組合遊具,搖搖樂,組合遊具-1,攀爬組,鞦韆,大港墘公園-沙坑,大港墘公園-磨石滑梯,大港墘公園-魔力飛盤鞦韆,大港墘公園-管型山丘,攀爬組,翹翹板,遊戲體能組,搖搖樂,組合遊具,搖搖樂,組合遊具,搖搖樂,組合遊具,搖搖樂,組合遊具,組合遊具,磨石滑梯,組合遊具,搖搖樂,組合遊具,搖搖樂,組合遊具,翹翹板,搖搖樂,搖搖樂,組合遊具,搖搖樂,組合遊具,搖搖樂,組合遊具,彈跳床,戲沙坑,攀爬組,磨石滑梯,組合遊具,鞦韆,搖搖樂,組合遊具,磨石滑梯,搖搖樂,磨石滑梯,鞦韆,組合遊具,鞦韆,戲沙坑,擺盪船索,組合遊具,搖搖樂,組合遊具,組合遊具,組合遊具,組合遊具,搖搖樂,組合遊具,戲沙坑,旋轉台,組合遊具,鞦韆,組合遊具,組合遊具,磨石滑梯,鞦韆,搖搖樂,組合遊具,攀爬架,搖搖樂,組合遊具,搖搖樂,搖搖樂,組合遊具,組合遊具,磨石滑梯,翹翹板,攀爬架,戲沙坑,船型遊具組,鞦韆,組合遊具,天旋地轉,組合遊具,組合遊具,搖搖樂,大轉轉杯,組合遊具,平衡木,搖搖樂,磨石滑梯,翹翹板,鞦韆,溜滑梯組合遊具,搖搖樂,翹翹板,木製攀爬架,搖搖樂,磨石滑梯,組合遊具,翹翹板,鞦韆,組合遊具,搖搖樂,組合遊具,組合遊具,組合遊具,擺盪螺旋跳跳樂,搖搖樂,攀爬組,磨石滑梯,鞦韆,組合遊具,鞦韆,組合遊具,搖搖樂,組合遊具,鞦韆,旋轉台,滾輪滑梯,組合遊具,翹翹板,遊戲板,搖搖樂,組合遊具,攀爬組,旋轉棒,磨石滑梯,搖搖樂,鞦韆,MONKEY BAR,宇宙穿梭機,時空訊息牆,景化小飛碟,黃金光束坡,搖搖樂,組合遊具,拉鍊響板,搖擺沙鈴,獅吼鼻頭,獅背攀爬網,獅眼滾珠迷宮,鈕扣獅,組合遊具,組合遊具,搖搖樂,組合遊具,搖搖樂,組合遊具,搖搖樂,組合遊具,鞦韆,翹翹板,組合遊具,搖搖樂,搖搖樂,組合遊具,組合遊具,戲沙坑,組合遊具,滑索(軌),鞦韆,搖搖馬,組合遊具,組合遊具,組合遊具,攀爬組,組合遊具,組合遊具,組合遊具,組合遊具,翹翹板,組合遊具, 磨石滑梯,組合遊具,攀爬組,磨石滑梯,搖搖樂,組合遊具,組合遊具,搖搖樂,戲沙坑,攀爬組,組合遊具,攀爬組,磨石滑梯,鞦韆,組合遊具,組合遊具,搖搖樂,磨石滑梯,組合遊具,搖搖樂,鞦韆,旋轉杯,組合遊具,翹翹板,組合遊具,搖搖樂,組合遊具,組合遊具,藤蔓綠森林組合遊具組,曲型單槓,搖搖樂,共融式旋轉碗碟,組合遊具,翹翹板,鞦韆,鞦韆,搖搖樂,組合遊具,組合遊具,探索年輪之環,板根網架,老松樹塔,組合遊具,組合遊具,鞦韆,原木擺盪攀爬遊具,旋轉擺盪座椅,擺盪船索,組合遊具,組合遊具,鞦韆,攀爬組,遊戲小屋,組合遊具,搖搖樂,翹翹板,組合遊具,旋轉木馬,搖搖樂,組合遊具,翹翹板,搖滾盤,攀爬組,組合遊具,組合遊具,組合遊具,無障礙旋轉盤\t,共融式恐龍造型遊具組,造型恐龍蛋休憩椅\t,磨石滑梯,鞦韆,磨石子溜滑梯,戲沙坑,組合遊具,翹翹板,跳樁,大坡面磨石溜滑梯,沙坑,鳥巢鞦韆,滑索(軌),組合遊具,鞦韆,組合遊具,組合遊具,磨石子滑梯,樹屋攀爬網,組合遊具,組合遊具,多元攀爬遊具,側向爬網,平衡獨木橋,磨石子滑梯,原木攀爬遊具,大轉轉椅,組合遊具,共融式綜合鞦韆組,曲型單槓,磨石滑梯,遊戲板,攀爬組,磨石滑梯,鞦韆,組合遊具,戲沙坑,攀爬組,鳥巢鞦韆,大海怪遊戲組,地面遊戲組,攀爬組,組合遊具,鞦韆,戲沙坑,恐龍磨石子滑梯,旋轉台,磨石滑梯,組合遊具,組合遊具,磨石滑梯,組合遊具,搖搖樂,組合遊具,搖搖樂,組合遊具,翹翹板,搖搖樂,吊床,組合遊具,組合遊具", "ObjectId": 578}}, {"type": "Feature", "id": 579, "geometry": {"type": "Point", "coordinates": [121.52971649, 25.031620026]}, "properties": {"SeqNo": 188, "pm_name": "永康公園", "pm_overview": "永康公園(Yongkang Park)位於永康街東側，因臨永康街而命名為永康公園。公園位處永康商圈，除植栽外，入口處臺灣意象及花台拼貼圖騰最為吸睛。", "pm_unit": "大安區公所", "pm_const_year": "1971", "pm_location": "永康街17巷口", "pm_LandPublicArea": 1800, "pm_opening_s": "00:00:00", "pm_opening_e": "24:00", "pm_libie": "福住里", "pm_phone": "02-23511711#9302", "pm_sports": "仰臥板、單槓、水平吊梯", "pm_recreation": "滑梯、搖搖樂", "pm_service": "廁所(含親子廁所、無障礙廁所)、直飲台", "pm_other": null, "pm_transit": "捷運路線:搭中和新蘆線或淡水信義線至東門站5號出口，公車路線搭0東、0南、20、22、38、88、204、588、1503至信義永康街口(捷運東門站)", "pm_name_eng": "Yongkang Park", "pm_ecology": null, "pm_type": "公園", "pm_playtype": "一般", "pm_playarea": 105, "pm_description": null, "pm_playeq": "彈跳床,搖滾盤,攀爬組,磨石滑梯,搖搖樂,翹翹板,搖搖樂,組合遊具,搖搖樂,組合遊具,鞦韆,攀爬組,磨石滑梯,翹翹板,組合遊具,翹翹板,木樁區,盪鞦韆,平衡木,彈跳床,搖搖樂,組合遊具,翹翹板,旋轉台,戲沙坑遊戲桌,搖搖樂,攀爬組,旋轉飛輪,組合遊具,翹翹板,磨石滑梯,攀爬組,磨石子滑梯,翹翹板,彈跳床,鳥巢鞦韆,戲沙坑,攀爬組,組合遊具,攀爬組,站立式搖動設備,組合遊具,翹翹板,小石搬運,搖搖馬,組合遊具,數字造型跳樁及水管隧道,搖滾盤,X型翹翹板,組合遊具,搖搖樂,組合遊具,旋轉桶椅,大旋轉組,組合遊具,搖搖樂,磨石滑梯,鳥巢鞦韆,旋轉桶椅,組合遊具,組合遊具,組合遊具,搖搖馬,組合遊具,翹翹板,搖搖樂,組合遊具,組合遊具,磨石滑梯,鞦韆及鳥巢鞦韆,彈跳床,攀爬組,木隧道,組合遊具,仿古代程沈船遊具,攀爬繩網組,攀爬組,鳥巢鞦韆,輪胎鞦韆,尿布鞦韆,沙坑,磨石子滑梯,旋轉台,彈跳床,雙滑軌溜索,搖搖馬,翹翹板,組合遊具,搖搖馬,組合遊具,攀爬組,組合遊具,組合遊具,攀爬組,搖搖馬,磨石子滑梯,旋轉杯,組合遊具,組合遊具,組合遊具,大轉轉杯,搖搖樂,組合遊具,翹翹板,滑梯,彈跳床,戲沙坑,擺盪船索,攀爬組,旋轉組,磨石滑梯,組合遊具,特色溜滑梯,攀爬組,旋轉棒,叢林攀爬組,4人旋轉器,搖搖樂,磨石滑梯,翹翹板,搖搖樂,組合遊具,組合遊具,組合遊具,爬繩,組合遊具(叢林攀爬組),獨木橋,組合遊具,遊戲板,組合遊具,攀爬組,盪鞦韆,搖搖樂,組合遊具,組合遊具,旋轉盤,鞦韆,攀爬組,旋轉盤,搖搖樂,組合遊具,特色溜滑梯,攀爬組,跳樁,鞦韆,搖搖馬,組合遊具,蹺蹺板,組合遊具,搖搖樂,組合遊具,組合遊具2,翹翹板及搖搖馬,組合遊具,天空樹溜滑梯,戲沙坑,搖搖樂,旋轉拉環,組合遊具, X型翹翹板,鞦韆,攀爬組,搖搖樂,組合遊具(村莊高塔),鞦韆,攀爬遊戲組,彈跳床,投籃機,擺盪船索,攀爬組,旋轉台,組合遊具,組合遊具,旋轉陀螺,旋轉台,組合遊具,攀爬組,搖搖樂,翹翹板,磨石滑梯,搖搖樂,跳樁,搖搖樂,攀爬組,組合遊具(滑梯小屋),旋轉盤,組合遊具,鳥巢盪鞦韆及一般坐式盪鞦韆,蝴蝶翹翹板,特色旋轉盤,金字塔滑梯組,機車搖搖樂,遊戲板,造型攀爬牆,攀爬網,組合遊具(環繞競技場遊具組),鞦韆,體能訓練平衡組,礫石坑,獨木樁,蜻蜓點水,木橋,平衡木,平衡木,跳樁,遊戲板,隧道,組合遊具(叢林攀爬組),搖晃板,組合遊具,遊戲板,隧道,組合遊具(遊戲城堡),旋轉座椅,競技攀爬遊具組,龍舟特色遊具組,滑梯,擊鼓,搖搖樂,組合遊具,翹翹板,組合遊具,翹翹板,木作組合遊具,搖搖樂,城堡遊戲組,大轉轉杯,搖搖樂,磨石滑梯,攀爬組,鞦韆,搖搖樂,組合遊具,組合遊具,搖滾盤,旋轉球椅,愛的搖籃,組合遊具,搖搖樂,旋轉杯,翹翹板,組合遊具,搖搖樂,組合遊具,搖搖樂,組合遊具,搖搖樂,組合遊具,攀爬組,搖搖樂,組合遊具,搖搖樂,組合遊具,組合遊具,彩虹琴,旋轉音樂盒,遊戲礫石坑,彈跳節拍,搖搖樂,組合遊具,翹翹板,組合遊具,組合遊具,搖搖樂,組合遊具,組合遊具,搖搖樂,組合遊具,攀爬組合滑梯,搖搖樂,組合遊具,組合遊具,翹翹板,組合遊具,搖搖樂,組合遊具,翹翹板,組合遊具,搖搖樂,翹翹板,旋轉杯,旋轉棒,搖搖樂,磨石滑梯,組合遊具,搖搖樂,攀爬組,旋轉台,磨石滑梯,組合遊具,跳樁,組合遊具,組合遊具,組合遊具,音樂球、叮噹管、歡樂鼓,無障礙旋轉盤,無障礙鞦韆,遊戲牆,滾輪滑梯,鳥巢鞦韆,旋轉杯,旋轉棒,鞦韆,小木屋,山丘滑梯,戲沙坑,搖搖樂,攀爬組,5人轉轉盤,彈跳床,戲沙坑,組合遊具,旋轉台,旋轉杯,旋轉棒, 磨石滑梯,翹翹板,遊戲板,鞦韆,組合遊具,攀爬組,磨石滑梯,磨石滑梯,組合遊具,火車特色滑梯,鞦韆,樹蛙籃球框,組合遊具,組合遊具,組合遊具,翹翹板,組合遊具,組合遊具,組合遊具,組合遊具,組合遊具,沙坑遊戲板,環型天梯無障礙上肢設施,旋轉杯,戲沙坑,攀爬組,磨石滑梯,跳樁,遊戲板,組合遊具,磨石滑梯,組合遊具,搖搖樂,組合遊具,組合遊具,組合遊具,磨石滑梯,翹翹板,搖搖樂,組合遊具,搖搖樂,組合遊具,組合遊具,搖搖樂,組合遊具-1,攀爬組,鞦韆,大港墘公園-沙坑,大港墘公園-磨石滑梯,大港墘公園-魔力飛盤鞦韆,大港墘公園-管型山丘,攀爬組,翹翹板,遊戲體能組,搖搖樂,組合遊具,搖搖樂,組合遊具,搖搖樂,組合遊具,搖搖樂,組合遊具,組合遊具,磨石滑梯,組合遊具,搖搖樂,組合遊具,搖搖樂,組合遊具,翹翹板,搖搖樂,搖搖樂,組合遊具,搖搖樂,組合遊具,搖搖樂,組合遊具,彈跳床,戲沙坑,攀爬組,磨石滑梯,組合遊具,鞦韆,搖搖樂,組合遊具,磨石滑梯,搖搖樂,磨石滑梯,鞦韆,組合遊具,鞦韆,戲沙坑,擺盪船索,組合遊具,搖搖樂,組合遊具,組合遊具,組合遊具,組合遊具,搖搖樂,組合遊具,戲沙坑,旋轉台,組合遊具,鞦韆,組合遊具,組合遊具,磨石滑梯,鞦韆,搖搖樂,組合遊具,攀爬架,搖搖樂,組合遊具,搖搖樂,搖搖樂,組合遊具,組合遊具,磨石滑梯,翹翹板,攀爬架,戲沙坑,船型遊具組,鞦韆,組合遊具,天旋地轉,組合遊具,組合遊具,搖搖樂,大轉轉杯,組合遊具,平衡木,搖搖樂,磨石滑梯,翹翹板,鞦韆,溜滑梯組合遊具,搖搖樂,翹翹板,木製攀爬架,搖搖樂,磨石滑梯,組合遊具,翹翹板,鞦韆,組合遊具,搖搖樂,組合遊具,組合遊具,組合遊具,擺盪螺旋跳跳樂,搖搖樂,攀爬組,磨石滑梯,鞦韆,組合遊具,鞦韆,組合遊具,搖搖樂,組合遊具,鞦韆,旋轉台,滾輪滑梯,組合遊具,翹翹板,遊戲板,搖搖樂,組合遊具,攀爬組,旋轉棒,磨石滑梯,搖搖樂,鞦韆,MONKEY BAR,宇宙穿梭機,時空訊息牆,景化小飛碟,黃金光束坡,搖搖樂,組合遊具,拉鍊響板,搖擺沙鈴,獅吼鼻頭,獅背攀爬網,獅眼滾珠迷宮,鈕扣獅,組合遊具,組合遊具,搖搖樂,組合遊具,搖搖樂,組合遊具,搖搖樂,組合遊具,鞦韆,翹翹板,組合遊具,搖搖樂,搖搖樂,組合遊具,組合遊具,戲沙坑,組合遊具,滑索(軌),鞦韆,搖搖馬,組合遊具,組合遊具,組合遊具,攀爬組,組合遊具,組合遊具,組合遊具,組合遊具,翹翹板,組合遊具, 磨石滑梯,組合遊具,攀爬組,磨石滑梯,搖搖樂,組合遊具,組合遊具,搖搖樂,戲沙坑,攀爬組,組合遊具,攀爬組,磨石滑梯,鞦韆,組合遊具,組合遊具,搖搖樂,磨石滑梯,組合遊具,搖搖樂,鞦韆,旋轉杯,組合遊具,翹翹板,組合遊具,搖搖樂,組合遊具,組合遊具,藤蔓綠森林組合遊具組,曲型單槓,搖搖樂,共融式旋轉碗碟,組合遊具,翹翹板,鞦韆,鞦韆,搖搖樂,組合遊具,組合遊具,探索年輪之環,板根網架,老松樹塔,組合遊具,組合遊具,鞦韆,原木擺盪攀爬遊具,旋轉擺盪座椅,擺盪船索,組合遊具,組合遊具,鞦韆,攀爬組,遊戲小屋,組合遊具,搖搖樂,翹翹板,組合遊具,旋轉木馬,搖搖樂,組合遊具,翹翹板,搖滾盤,攀爬組,組合遊具,組合遊具,組合遊具,無障礙旋轉盤\t,共融式恐龍造型遊具組,造型恐龍蛋休憩椅\t,磨石滑梯,鞦韆,磨石子溜滑梯,戲沙坑,組合遊具,翹翹板,跳樁,大坡面磨石溜滑梯,沙坑,鳥巢鞦韆,滑索(軌),組合遊具,鞦韆,組合遊具,組合遊具,磨石子滑梯,樹屋攀爬網,組合遊具,組合遊具,多元攀爬遊具,側向爬網,平衡獨木橋,磨石子滑梯,原木攀爬遊具,大轉轉椅,組合遊具,共融式綜合鞦韆組,曲型單槓,磨石滑梯,遊戲板,攀爬組,磨石滑梯,鞦韆,組合遊具,戲沙坑,攀爬組,鳥巢鞦韆,大海怪遊戲組,地面遊戲組,攀爬組,組合遊具,鞦韆,戲沙坑,恐龍磨石子滑梯,旋轉台,磨石滑梯,組合遊具,組合遊具,磨石滑梯,組合遊具,搖搖樂,組合遊具,搖搖樂,組合遊具,翹翹板,搖搖樂,吊床,組合遊具,組合遊具,搖搖樂,磨石滑梯", "ObjectId": 579}}, {"type": "Feature", "id": 580, "geometry": {"type": "Point", "coordinates": [121.55580139, 25.035560608]}, "properties": {"SeqNo": 549, "pm_name": "光信公園", "pm_overview": "光信公園(Guangxin Park)位於延吉街241巷旁，因臨里內中心點而命名為光信公園，環境幽雅，活動休憩設施，深得里民喜愛。", "pm_unit": "大安區公所", "pm_const_year": "1983", "pm_location": "延吉街241號", "pm_LandPublicArea": 1211, "pm_opening_s": "00:00:00", "pm_opening_e": "24:00", "pm_libie": "光信里", "pm_phone": "02-23511711#9302", "pm_sports": "大轉輪、單人漫步機、雙人扭腰器、肩關節康復器", "pm_recreation": "組合遊具、搖搖樂、翹翹板", "pm_service": null, "pm_other": null, "pm_transit": "捷運路線:搭淡水信義線至信義安和捷運站5號出口，公車路線搭261、270、311、651、939、1211、仁愛幹線至仁愛延吉街口", "pm_name_eng": "Guangxin Park", "pm_ecology": null, "pm_type": "公園", "pm_playtype": "一般", "pm_playarea": 150, "pm_description": null, "pm_playeq": "彈跳床,搖滾盤,攀爬組,磨石滑梯,搖搖樂,翹翹板,搖搖樂,組合遊具,搖搖樂,組合遊具,鞦韆,攀爬組,磨石滑梯,翹翹板,組合遊具,翹翹板,木樁區,盪鞦韆,平衡木,彈跳床,搖搖樂,組合遊具,翹翹板,旋轉台,戲沙坑遊戲桌,搖搖樂,攀爬組,旋轉飛輪,組合遊具,翹翹板,磨石滑梯,攀爬組,磨石子滑梯,翹翹板,彈跳床,鳥巢鞦韆,戲沙坑,攀爬組,組合遊具,攀爬組,站立式搖動設備,組合遊具,翹翹板,小石搬運,搖搖馬,組合遊具,數字造型跳樁及水管隧道,搖滾盤,X型翹翹板,組合遊具,搖搖樂,組合遊具,旋轉桶椅,大旋轉組,組合遊具,搖搖樂,磨石滑梯,鳥巢鞦韆,旋轉桶椅,組合遊具,組合遊具,組合遊具,搖搖馬,組合遊具,翹翹板,搖搖樂,組合遊具,組合遊具,磨石滑梯,鞦韆及鳥巢鞦韆,彈跳床,攀爬組,木隧道,組合遊具,仿古代程沈船遊具,攀爬繩網組,攀爬組,鳥巢鞦韆,輪胎鞦韆,尿布鞦韆,沙坑,磨石子滑梯,旋轉台,彈跳床,雙滑軌溜索,搖搖馬,翹翹板,組合遊具,搖搖馬,組合遊具,攀爬組,組合遊具,組合遊具,攀爬組,搖搖馬,磨石子滑梯,旋轉杯,組合遊具,組合遊具,組合遊具,大轉轉杯,搖搖樂,組合遊具,翹翹板,滑梯,彈跳床,戲沙坑,擺盪船索,攀爬組,旋轉組,磨石滑梯,組合遊具,特色溜滑梯,攀爬組,旋轉棒,叢林攀爬組,4人旋轉器,搖搖樂,磨石滑梯,翹翹板,搖搖樂,組合遊具,組合遊具,組合遊具,爬繩,組合遊具(叢林攀爬組),獨木橋,組合遊具,遊戲板,組合遊具,攀爬組,盪鞦韆,搖搖樂,組合遊具,組合遊具,旋轉盤,鞦韆,攀爬組,旋轉盤,搖搖樂,組合遊具,特色溜滑梯,攀爬組,跳樁,鞦韆,搖搖馬,組合遊具,蹺蹺板,組合遊具,搖搖樂,組合遊具,組合遊具2,翹翹板及搖搖馬,組合遊具,天空樹溜滑梯,戲沙坑,搖搖樂,旋轉拉環,組合遊具, X型翹翹板,鞦韆,攀爬組,搖搖樂,組合遊具(村莊高塔),鞦韆,攀爬遊戲組,彈跳床,投籃機,擺盪船索,攀爬組,旋轉台,組合遊具,組合遊具,旋轉陀螺,旋轉台,組合遊具,攀爬組,搖搖樂,翹翹板,磨石滑梯,搖搖樂,跳樁,搖搖樂,攀爬組,組合遊具(滑梯小屋),旋轉盤,組合遊具,鳥巢盪鞦韆及一般坐式盪鞦韆,蝴蝶翹翹板,特色旋轉盤,金字塔滑梯組,機車搖搖樂,遊戲板,造型攀爬牆,攀爬網,組合遊具(環繞競技場遊具組),鞦韆,體能訓練平衡組,礫石坑,獨木樁,蜻蜓點水,木橋,平衡木,平衡木,跳樁,遊戲板,隧道,組合遊具(叢林攀爬組),搖晃板,組合遊具,遊戲板,隧道,組合遊具(遊戲城堡),旋轉座椅,競技攀爬遊具組,龍舟特色遊具組,滑梯,擊鼓,搖搖樂,組合遊具,翹翹板,組合遊具,翹翹板,木作組合遊具,搖搖樂,城堡遊戲組,大轉轉杯,搖搖樂,磨石滑梯,攀爬組,鞦韆,搖搖樂,組合遊具,組合遊具,搖滾盤,旋轉球椅,愛的搖籃,組合遊具,搖搖樂,旋轉杯,翹翹板,組合遊具,搖搖樂,組合遊具,搖搖樂,組合遊具,搖搖樂,組合遊具,攀爬組,搖搖樂,組合遊具,搖搖樂,組合遊具,組合遊具,彩虹琴,旋轉音樂盒,遊戲礫石坑,彈跳節拍,搖搖樂,組合遊具,翹翹板,組合遊具,組合遊具,搖搖樂,組合遊具,組合遊具,搖搖樂,組合遊具,攀爬組合滑梯,搖搖樂,組合遊具,組合遊具,翹翹板,組合遊具,搖搖樂,組合遊具,翹翹板,組合遊具,搖搖樂,翹翹板,旋轉杯,旋轉棒,搖搖樂,磨石滑梯,組合遊具,搖搖樂,攀爬組,旋轉台,磨石滑梯,組合遊具,跳樁,組合遊具,組合遊具,組合遊具,音樂球、叮噹管、歡樂鼓,無障礙旋轉盤,無障礙鞦韆,遊戲牆,滾輪滑梯,鳥巢鞦韆,旋轉杯,旋轉棒,鞦韆,小木屋,山丘滑梯,戲沙坑,搖搖樂,攀爬組,5人轉轉盤,彈跳床,戲沙坑,組合遊具,旋轉台,旋轉杯,旋轉棒, 磨石滑梯,翹翹板,遊戲板,鞦韆,組合遊具,攀爬組,磨石滑梯,磨石滑梯,組合遊具,火車特色滑梯,鞦韆,樹蛙籃球框,組合遊具,組合遊具,組合遊具,翹翹板,組合遊具,組合遊具,組合遊具,組合遊具,組合遊具,沙坑遊戲板,環型天梯無障礙上肢設施,旋轉杯,戲沙坑,攀爬組,磨石滑梯,跳樁,遊戲板,組合遊具,磨石滑梯,組合遊具,搖搖樂,組合遊具,組合遊具,組合遊具,磨石滑梯,翹翹板,搖搖樂,組合遊具,搖搖樂,組合遊具,組合遊具,搖搖樂,組合遊具-1,攀爬組,鞦韆,大港墘公園-沙坑,大港墘公園-磨石滑梯,大港墘公園-魔力飛盤鞦韆,大港墘公園-管型山丘,攀爬組,翹翹板,遊戲體能組,搖搖樂,組合遊具,搖搖樂,組合遊具,搖搖樂,組合遊具,搖搖樂,組合遊具,組合遊具,磨石滑梯,組合遊具,搖搖樂,組合遊具,搖搖樂,組合遊具,翹翹板,搖搖樂,搖搖樂,組合遊具,搖搖樂,組合遊具,搖搖樂,組合遊具,彈跳床,戲沙坑,攀爬組,磨石滑梯,組合遊具,鞦韆,搖搖樂,組合遊具,磨石滑梯,搖搖樂,磨石滑梯,鞦韆,組合遊具,鞦韆,戲沙坑,擺盪船索,組合遊具,搖搖樂,組合遊具,組合遊具,組合遊具,組合遊具,搖搖樂,組合遊具,戲沙坑,旋轉台,組合遊具,鞦韆,組合遊具,組合遊具,磨石滑梯,鞦韆,搖搖樂,組合遊具,攀爬架,搖搖樂,組合遊具,搖搖樂,搖搖樂,組合遊具,組合遊具,磨石滑梯,翹翹板,攀爬架,戲沙坑,船型遊具組,鞦韆,組合遊具,天旋地轉,組合遊具,組合遊具,搖搖樂,大轉轉杯,組合遊具,平衡木,搖搖樂,磨石滑梯,翹翹板,鞦韆,溜滑梯組合遊具,搖搖樂,翹翹板,木製攀爬架,搖搖樂,磨石滑梯,組合遊具,翹翹板,鞦韆,組合遊具,搖搖樂,組合遊具,組合遊具,組合遊具,擺盪螺旋跳跳樂,搖搖樂,攀爬組,磨石滑梯,鞦韆,組合遊具,鞦韆,組合遊具,搖搖樂,組合遊具,鞦韆,旋轉台,滾輪滑梯,組合遊具,翹翹板,遊戲板,搖搖樂,組合遊具,攀爬組,旋轉棒,磨石滑梯,搖搖樂,鞦韆,MONKEY BAR,宇宙穿梭機,時空訊息牆,景化小飛碟,黃金光束坡,搖搖樂,組合遊具,拉鍊響板,搖擺沙鈴,獅吼鼻頭,獅背攀爬網,獅眼滾珠迷宮,鈕扣獅,組合遊具,組合遊具,搖搖樂,組合遊具,搖搖樂,組合遊具,搖搖樂,組合遊具,鞦韆,翹翹板,組合遊具,搖搖樂,搖搖樂,組合遊具,組合遊具,戲沙坑,組合遊具,滑索(軌),鞦韆,搖搖馬,組合遊具,組合遊具,組合遊具,攀爬組,組合遊具,組合遊具,組合遊具,組合遊具,翹翹板,組合遊具, 磨石滑梯,組合遊具,攀爬組,磨石滑梯,搖搖樂,組合遊具,組合遊具,搖搖樂,戲沙坑,攀爬組,組合遊具,攀爬組,磨石滑梯,鞦韆,組合遊具,組合遊具,搖搖樂,磨石滑梯,組合遊具,搖搖樂,鞦韆,旋轉杯,組合遊具,翹翹板,組合遊具,搖搖樂,組合遊具,組合遊具,藤蔓綠森林組合遊具組,曲型單槓,搖搖樂,共融式旋轉碗碟,組合遊具,翹翹板,鞦韆,鞦韆,搖搖樂,組合遊具,組合遊具,探索年輪之環,板根網架,老松樹塔,組合遊具,組合遊具,鞦韆,原木擺盪攀爬遊具,旋轉擺盪座椅,擺盪船索,組合遊具,組合遊具,鞦韆,攀爬組,遊戲小屋,組合遊具,搖搖樂,翹翹板,組合遊具,旋轉木馬,搖搖樂,組合遊具,翹翹板,搖滾盤,攀爬組,組合遊具,組合遊具,組合遊具,無障礙旋轉盤\t,共融式恐龍造型遊具組,造型恐龍蛋休憩椅\t,磨石滑梯,鞦韆,磨石子溜滑梯,戲沙坑,組合遊具,翹翹板,跳樁,大坡面磨石溜滑梯,沙坑,鳥巢鞦韆,滑索(軌),組合遊具,鞦韆,組合遊具,組合遊具,磨石子滑梯,樹屋攀爬網,組合遊具,組合遊具,多元攀爬遊具,側向爬網,平衡獨木橋,磨石子滑梯,原木攀爬遊具,大轉轉椅,組合遊具,共融式綜合鞦韆組,曲型單槓,磨石滑梯,遊戲板,攀爬組,磨石滑梯,鞦韆,組合遊具,戲沙坑,攀爬組,鳥巢鞦韆,大海怪遊戲組,地面遊戲組,攀爬組,組合遊具,鞦韆,戲沙坑,恐龍磨石子滑梯,旋轉台,磨石滑梯,組合遊具,組合遊具,磨石滑梯,組合遊具,搖搖樂,組合遊具,搖搖樂,組合遊具,翹翹板,搖搖樂,吊床,組合遊具,組合遊具,搖搖樂,磨石滑梯,攀爬遊具,搖搖樂", "ObjectId": 580}}, {"type": "Feature", "id": 582, "geometry": {"type": "Point", "coordinates": [121.54482269, 25.028930664]}, "properties": {"SeqNo": 548, "pm_name": "安東公園", "pm_overview": "安東公園(Andong Park)為處於老少人口及民間教育機構密度極高之環境，因此公園內規劃有綠地休閒區、親子活動區及社區耆老交誼區，拉近倫理親情交流。", "pm_unit": "大安區公所", "pm_const_year": "1973", "pm_location": "復興南路2段125巷20弄", "pm_LandPublicArea": 1630, "pm_opening_s": "00:00:00", "pm_opening_e": "24:00", "pm_libie": "龍雲里", "pm_phone": "02-23511711#9302", "pm_sports": "肩關節訓練器、雙人扭腰機、單槓", "pm_recreation": "翹翹板、組合遊具、搖搖樂", "pm_service": null, "pm_other": null, "pm_transit": "捷運路線:搭文湖線至科技大樓捷運站，公車路線搭685、復興幹線至開平餐飲學校", "pm_name_eng": "Andong Park", "pm_ecology": null, "pm_type": "公園", "pm_playtype": "一般", "pm_playarea": 50, "pm_description": null, "pm_playeq": "彈跳床,搖滾盤,攀爬組,磨石滑梯,搖搖樂,翹翹板,搖搖樂,組合遊具,搖搖樂,組合遊具,鞦韆,攀爬組,磨石滑梯,翹翹板,組合遊具,翹翹板,木樁區,盪鞦韆,平衡木,彈跳床,搖搖樂,組合遊具,翹翹板,旋轉台,戲沙坑遊戲桌,搖搖樂,攀爬組,旋轉飛輪,組合遊具,翹翹板,磨石滑梯,攀爬組,磨石子滑梯,翹翹板,彈跳床,鳥巢鞦韆,戲沙坑,攀爬組,組合遊具,攀爬組,站立式搖動設備,組合遊具,翹翹板,小石搬運,搖搖馬,組合遊具,數字造型跳樁及水管隧道,搖滾盤,X型翹翹板,組合遊具,搖搖樂,組合遊具,旋轉桶椅,大旋轉組,組合遊具,搖搖樂,磨石滑梯,鳥巢鞦韆,旋轉桶椅,組合遊具,組合遊具,組合遊具,搖搖馬,組合遊具,翹翹板,搖搖樂,組合遊具,組合遊具,磨石滑梯,鞦韆及鳥巢鞦韆,彈跳床,攀爬組,木隧道,組合遊具,仿古代程沈船遊具,攀爬繩網組,攀爬組,鳥巢鞦韆,輪胎鞦韆,尿布鞦韆,沙坑,磨石子滑梯,旋轉台,彈跳床,雙滑軌溜索,搖搖馬,翹翹板,組合遊具,搖搖馬,組合遊具,攀爬組,組合遊具,組合遊具,攀爬組,搖搖馬,磨石子滑梯,旋轉杯,組合遊具,組合遊具,組合遊具,大轉轉杯,搖搖樂,組合遊具,翹翹板,滑梯,彈跳床,戲沙坑,擺盪船索,攀爬組,旋轉組,磨石滑梯,組合遊具,特色溜滑梯,攀爬組,旋轉棒,叢林攀爬組,4人旋轉器,搖搖樂,磨石滑梯,翹翹板,搖搖樂,組合遊具,組合遊具,組合遊具,爬繩,組合遊具(叢林攀爬組),獨木橋,組合遊具,遊戲板,組合遊具,攀爬組,盪鞦韆,搖搖樂,組合遊具,組合遊具,旋轉盤,鞦韆,攀爬組,旋轉盤,搖搖樂,組合遊具,特色溜滑梯,攀爬組,跳樁,鞦韆,搖搖馬,組合遊具,蹺蹺板,組合遊具,搖搖樂,組合遊具,組合遊具2,翹翹板及搖搖馬,組合遊具,天空樹溜滑梯,戲沙坑,搖搖樂,旋轉拉環,組合遊具, X型翹翹板,鞦韆,攀爬組,搖搖樂,組合遊具(村莊高塔),鞦韆,攀爬遊戲組,彈跳床,投籃機,擺盪船索,攀爬組,旋轉台,組合遊具,組合遊具,旋轉陀螺,旋轉台,組合遊具,攀爬組,搖搖樂,翹翹板,磨石滑梯,搖搖樂,跳樁,搖搖樂,攀爬組,組合遊具(滑梯小屋),旋轉盤,組合遊具,鳥巢盪鞦韆及一般坐式盪鞦韆,蝴蝶翹翹板,特色旋轉盤,金字塔滑梯組,機車搖搖樂,遊戲板,造型攀爬牆,攀爬網,組合遊具(環繞競技場遊具組),鞦韆,體能訓練平衡組,礫石坑,獨木樁,蜻蜓點水,木橋,平衡木,平衡木,跳樁,遊戲板,隧道,組合遊具(叢林攀爬組),搖晃板,組合遊具,遊戲板,隧道,組合遊具(遊戲城堡),旋轉座椅,競技攀爬遊具組,龍舟特色遊具組,滑梯,擊鼓,搖搖樂,組合遊具,翹翹板,組合遊具,翹翹板,木作組合遊具,搖搖樂,城堡遊戲組,大轉轉杯,搖搖樂,磨石滑梯,攀爬組,鞦韆,搖搖樂,組合遊具,組合遊具,搖滾盤,旋轉球椅,愛的搖籃,組合遊具,搖搖樂,旋轉杯,翹翹板,組合遊具,搖搖樂,組合遊具,搖搖樂,組合遊具,搖搖樂,組合遊具,攀爬組,搖搖樂,組合遊具,搖搖樂,組合遊具,組合遊具,彩虹琴,旋轉音樂盒,遊戲礫石坑,彈跳節拍,搖搖樂,組合遊具,翹翹板,組合遊具,組合遊具,搖搖樂,組合遊具,組合遊具,搖搖樂,組合遊具,攀爬組合滑梯,搖搖樂,組合遊具,組合遊具,翹翹板,組合遊具,搖搖樂,組合遊具,翹翹板,組合遊具,搖搖樂,翹翹板,旋轉杯,旋轉棒,搖搖樂,磨石滑梯,組合遊具,搖搖樂,攀爬組,旋轉台,磨石滑梯,組合遊具,跳樁,組合遊具,組合遊具,組合遊具,音樂球、叮噹管、歡樂鼓,無障礙旋轉盤,無障礙鞦韆,遊戲牆,滾輪滑梯,鳥巢鞦韆,旋轉杯,旋轉棒,鞦韆,小木屋,山丘滑梯,戲沙坑,搖搖樂,攀爬組,5人轉轉盤,彈跳床,戲沙坑,組合遊具,旋轉台,旋轉杯,旋轉棒, 磨石滑梯,翹翹板,遊戲板,鞦韆,組合遊具,攀爬組,磨石滑梯,磨石滑梯,組合遊具,火車特色滑梯,鞦韆,樹蛙籃球框,組合遊具,組合遊具,組合遊具,翹翹板,組合遊具,組合遊具,組合遊具,組合遊具,組合遊具,沙坑遊戲板,環型天梯無障礙上肢設施,旋轉杯,戲沙坑,攀爬組,磨石滑梯,跳樁,遊戲板,組合遊具,磨石滑梯,組合遊具,搖搖樂,組合遊具,組合遊具,組合遊具,磨石滑梯,翹翹板,搖搖樂,組合遊具,搖搖樂,組合遊具,組合遊具,搖搖樂,組合遊具-1,攀爬組,鞦韆,大港墘公園-沙坑,大港墘公園-磨石滑梯,大港墘公園-魔力飛盤鞦韆,大港墘公園-管型山丘,攀爬組,翹翹板,遊戲體能組,搖搖樂,組合遊具,搖搖樂,組合遊具,搖搖樂,組合遊具,搖搖樂,組合遊具,組合遊具,磨石滑梯,組合遊具,搖搖樂,組合遊具,搖搖樂,組合遊具,翹翹板,搖搖樂,搖搖樂,組合遊具,搖搖樂,組合遊具,搖搖樂,組合遊具,彈跳床,戲沙坑,攀爬組,磨石滑梯,組合遊具,鞦韆,搖搖樂,組合遊具,磨石滑梯,搖搖樂,磨石滑梯,鞦韆,組合遊具,鞦韆,戲沙坑,擺盪船索,組合遊具,搖搖樂,組合遊具,組合遊具,組合遊具,組合遊具,搖搖樂,組合遊具,戲沙坑,旋轉台,組合遊具,鞦韆,組合遊具,組合遊具,磨石滑梯,鞦韆,搖搖樂,組合遊具,攀爬架,搖搖樂,組合遊具,搖搖樂,搖搖樂,組合遊具,組合遊具,磨石滑梯,翹翹板,攀爬架,戲沙坑,船型遊具組,鞦韆,組合遊具,天旋地轉,組合遊具,組合遊具,搖搖樂,大轉轉杯,組合遊具,平衡木,搖搖樂,磨石滑梯,翹翹板,鞦韆,溜滑梯組合遊具,搖搖樂,翹翹板,木製攀爬架,搖搖樂,磨石滑梯,組合遊具,翹翹板,鞦韆,組合遊具,搖搖樂,組合遊具,組合遊具,組合遊具,擺盪螺旋跳跳樂,搖搖樂,攀爬組,磨石滑梯,鞦韆,組合遊具,鞦韆,組合遊具,搖搖樂,組合遊具,鞦韆,旋轉台,滾輪滑梯,組合遊具,翹翹板,遊戲板,搖搖樂,組合遊具,攀爬組,旋轉棒,磨石滑梯,搖搖樂,鞦韆,MONKEY BAR,宇宙穿梭機,時空訊息牆,景化小飛碟,黃金光束坡,搖搖樂,組合遊具,拉鍊響板,搖擺沙鈴,獅吼鼻頭,獅背攀爬網,獅眼滾珠迷宮,鈕扣獅,組合遊具,組合遊具,搖搖樂,組合遊具,搖搖樂,組合遊具,搖搖樂,組合遊具,鞦韆,翹翹板,組合遊具,搖搖樂,搖搖樂,組合遊具,組合遊具,戲沙坑,組合遊具,滑索(軌),鞦韆,搖搖馬,組合遊具,組合遊具,組合遊具,攀爬組,組合遊具,組合遊具,組合遊具,組合遊具,翹翹板,組合遊具, 磨石滑梯,組合遊具,攀爬組,磨石滑梯,搖搖樂,組合遊具,組合遊具,搖搖樂,戲沙坑,攀爬組,組合遊具,攀爬組,磨石滑梯,鞦韆,組合遊具,組合遊具,搖搖樂,磨石滑梯,組合遊具,搖搖樂,鞦韆,旋轉杯,組合遊具,翹翹板,組合遊具,搖搖樂,組合遊具,組合遊具,藤蔓綠森林組合遊具組,曲型單槓,搖搖樂,共融式旋轉碗碟,組合遊具,翹翹板,鞦韆,鞦韆,搖搖樂,組合遊具,組合遊具,探索年輪之環,板根網架,老松樹塔,組合遊具,組合遊具,鞦韆,原木擺盪攀爬遊具,旋轉擺盪座椅,擺盪船索,組合遊具,組合遊具,鞦韆,攀爬組,遊戲小屋,組合遊具,搖搖樂,翹翹板,組合遊具,旋轉木馬,搖搖樂,組合遊具,翹翹板,搖滾盤,攀爬組,組合遊具,組合遊具,組合遊具,無障礙旋轉盤\t,共融式恐龍造型遊具組,造型恐龍蛋休憩椅\t,磨石滑梯,鞦韆,磨石子溜滑梯,戲沙坑,組合遊具,翹翹板,跳樁,大坡面磨石溜滑梯,沙坑,鳥巢鞦韆,滑索(軌),組合遊具,鞦韆,組合遊具,組合遊具,磨石子滑梯,樹屋攀爬網,組合遊具,組合遊具,多元攀爬遊具,側向爬網,平衡獨木橋,磨石子滑梯,原木攀爬遊具,大轉轉椅,組合遊具,共融式綜合鞦韆組,曲型單槓,磨石滑梯,遊戲板,攀爬組,磨石滑梯,鞦韆,組合遊具,戲沙坑,攀爬組,鳥巢鞦韆,大海怪遊戲組,地面遊戲組,攀爬組,組合遊具,鞦韆,戲沙坑,恐龍磨石子滑梯,旋轉台,磨石滑梯,組合遊具,組合遊具,磨石滑梯,組合遊具,搖搖樂,組合遊具,搖搖樂,組合遊具,翹翹板,搖搖樂,吊床,組合遊具,組合遊具,搖搖樂,磨石滑梯,攀爬遊具,搖搖樂,搖搖樂,組合遊具,搖搖樂,組合遊具,翹翹板", "ObjectId": 582}}, {"type": "Feature", "id": 583, "geometry": {"type": "Point", "coordinates": [121.54273224, 25.034540176]}, "properties": {"SeqNo": 109, "pm_name": "安祥公園", "pm_overview": "安祥公園(Anxiang Park)取其平安、祥和之意故命名為安祥公園。位於信義路3段157巷，相臨客家文化會館。綠意盎然，是和安里之肺。", "pm_unit": "大安區公所", "pm_const_year": "1987", "pm_location": "信義路3段157巷10弄", "pm_LandPublicArea": 1598, "pm_opening_s": "00:00:00", "pm_opening_e": "24:00", "pm_libie": "和安里", "pm_phone": "02-23511711#9302", "pm_sports": "健康步道", "pm_recreation": "組合遊具、搖搖樂", "pm_service": null, "pm_other": null, "pm_transit": "捷運路線:搭文湖線或淡水信義線至大安捷運站1號出口，公車路線搭0東、20、22、88、204、1503、信義幹線至師大附中", "pm_name_eng": "Anxiang Park", "pm_ecology": null, "pm_type": "公園", "pm_playtype": "一般", "pm_playarea": 65, "pm_description": null, "pm_playeq": "彈跳床,搖滾盤,攀爬組,磨石滑梯,搖搖樂,翹翹板,搖搖樂,組合遊具,搖搖樂,組合遊具,鞦韆,攀爬組,磨石滑梯,翹翹板,組合遊具,翹翹板,木樁區,盪鞦韆,平衡木,彈跳床,搖搖樂,組合遊具,翹翹板,旋轉台,戲沙坑遊戲桌,搖搖樂,攀爬組,旋轉飛輪,組合遊具,翹翹板,磨石滑梯,攀爬組,磨石子滑梯,翹翹板,彈跳床,鳥巢鞦韆,戲沙坑,攀爬組,組合遊具,攀爬組,站立式搖動設備,組合遊具,翹翹板,小石搬運,搖搖馬,組合遊具,數字造型跳樁及水管隧道,搖滾盤,X型翹翹板,組合遊具,搖搖樂,組合遊具,旋轉桶椅,大旋轉組,組合遊具,搖搖樂,磨石滑梯,鳥巢鞦韆,旋轉桶椅,組合遊具,組合遊具,組合遊具,搖搖馬,組合遊具,翹翹板,搖搖樂,組合遊具,組合遊具,磨石滑梯,鞦韆及鳥巢鞦韆,彈跳床,攀爬組,木隧道,組合遊具,仿古代程沈船遊具,攀爬繩網組,攀爬組,鳥巢鞦韆,輪胎鞦韆,尿布鞦韆,沙坑,磨石子滑梯,旋轉台,彈跳床,雙滑軌溜索,搖搖馬,翹翹板,組合遊具,搖搖馬,組合遊具,攀爬組,組合遊具,組合遊具,攀爬組,搖搖馬,磨石子滑梯,旋轉杯,組合遊具,組合遊具,組合遊具,大轉轉杯,搖搖樂,組合遊具,翹翹板,滑梯,彈跳床,戲沙坑,擺盪船索,攀爬組,旋轉組,磨石滑梯,組合遊具,特色溜滑梯,攀爬組,旋轉棒,叢林攀爬組,4人旋轉器,搖搖樂,磨石滑梯,翹翹板,搖搖樂,組合遊具,組合遊具,組合遊具,爬繩,組合遊具(叢林攀爬組),獨木橋,組合遊具,遊戲板,組合遊具,攀爬組,盪鞦韆,搖搖樂,組合遊具,組合遊具,旋轉盤,鞦韆,攀爬組,旋轉盤,搖搖樂,組合遊具,特色溜滑梯,攀爬組,跳樁,鞦韆,搖搖馬,組合遊具,蹺蹺板,組合遊具,搖搖樂,組合遊具,組合遊具2,翹翹板及搖搖馬,組合遊具,天空樹溜滑梯,戲沙坑,搖搖樂,旋轉拉環,組合遊具, X型翹翹板,鞦韆,攀爬組,搖搖樂,組合遊具(村莊高塔),鞦韆,攀爬遊戲組,彈跳床,投籃機,擺盪船索,攀爬組,旋轉台,組合遊具,組合遊具,旋轉陀螺,旋轉台,組合遊具,攀爬組,搖搖樂,翹翹板,磨石滑梯,搖搖樂,跳樁,搖搖樂,攀爬組,組合遊具(滑梯小屋),旋轉盤,組合遊具,鳥巢盪鞦韆及一般坐式盪鞦韆,蝴蝶翹翹板,特色旋轉盤,金字塔滑梯組,機車搖搖樂,遊戲板,造型攀爬牆,攀爬網,組合遊具(環繞競技場遊具組),鞦韆,體能訓練平衡組,礫石坑,獨木樁,蜻蜓點水,木橋,平衡木,平衡木,跳樁,遊戲板,隧道,組合遊具(叢林攀爬組),搖晃板,組合遊具,遊戲板,隧道,組合遊具(遊戲城堡),旋轉座椅,競技攀爬遊具組,龍舟特色遊具組,滑梯,擊鼓,搖搖樂,組合遊具,翹翹板,組合遊具,翹翹板,木作組合遊具,搖搖樂,城堡遊戲組,大轉轉杯,搖搖樂,磨石滑梯,攀爬組,鞦韆,搖搖樂,組合遊具,組合遊具,搖滾盤,旋轉球椅,愛的搖籃,組合遊具,搖搖樂,旋轉杯,翹翹板,組合遊具,搖搖樂,組合遊具,搖搖樂,組合遊具,搖搖樂,組合遊具,攀爬組,搖搖樂,組合遊具,搖搖樂,組合遊具,組合遊具,彩虹琴,旋轉音樂盒,遊戲礫石坑,彈跳節拍,搖搖樂,組合遊具,翹翹板,組合遊具,組合遊具,搖搖樂,組合遊具,組合遊具,搖搖樂,組合遊具,攀爬組合滑梯,搖搖樂,組合遊具,組合遊具,翹翹板,組合遊具,搖搖樂,組合遊具,翹翹板,組合遊具,搖搖樂,翹翹板,旋轉杯,旋轉棒,搖搖樂,磨石滑梯,組合遊具,搖搖樂,攀爬組,旋轉台,磨石滑梯,組合遊具,跳樁,組合遊具,組合遊具,組合遊具,音樂球、叮噹管、歡樂鼓,無障礙旋轉盤,無障礙鞦韆,遊戲牆,滾輪滑梯,鳥巢鞦韆,旋轉杯,旋轉棒,鞦韆,小木屋,山丘滑梯,戲沙坑,搖搖樂,攀爬組,5人轉轉盤,彈跳床,戲沙坑,組合遊具,旋轉台,旋轉杯,旋轉棒, 磨石滑梯,翹翹板,遊戲板,鞦韆,組合遊具,攀爬組,磨石滑梯,磨石滑梯,組合遊具,火車特色滑梯,鞦韆,樹蛙籃球框,組合遊具,組合遊具,組合遊具,翹翹板,組合遊具,組合遊具,組合遊具,組合遊具,組合遊具,沙坑遊戲板,環型天梯無障礙上肢設施,旋轉杯,戲沙坑,攀爬組,磨石滑梯,跳樁,遊戲板,組合遊具,磨石滑梯,組合遊具,搖搖樂,組合遊具,組合遊具,組合遊具,磨石滑梯,翹翹板,搖搖樂,組合遊具,搖搖樂,組合遊具,組合遊具,搖搖樂,組合遊具-1,攀爬組,鞦韆,大港墘公園-沙坑,大港墘公園-磨石滑梯,大港墘公園-魔力飛盤鞦韆,大港墘公園-管型山丘,攀爬組,翹翹板,遊戲體能組,搖搖樂,組合遊具,搖搖樂,組合遊具,搖搖樂,組合遊具,搖搖樂,組合遊具,組合遊具,磨石滑梯,組合遊具,搖搖樂,組合遊具,搖搖樂,組合遊具,翹翹板,搖搖樂,搖搖樂,組合遊具,搖搖樂,組合遊具,搖搖樂,組合遊具,彈跳床,戲沙坑,攀爬組,磨石滑梯,組合遊具,鞦韆,搖搖樂,組合遊具,磨石滑梯,搖搖樂,磨石滑梯,鞦韆,組合遊具,鞦韆,戲沙坑,擺盪船索,組合遊具,搖搖樂,組合遊具,組合遊具,組合遊具,組合遊具,搖搖樂,組合遊具,戲沙坑,旋轉台,組合遊具,鞦韆,組合遊具,組合遊具,磨石滑梯,鞦韆,搖搖樂,組合遊具,攀爬架,搖搖樂,組合遊具,搖搖樂,搖搖樂,組合遊具,組合遊具,磨石滑梯,翹翹板,攀爬架,戲沙坑,船型遊具組,鞦韆,組合遊具,天旋地轉,組合遊具,組合遊具,搖搖樂,大轉轉杯,組合遊具,平衡木,搖搖樂,磨石滑梯,翹翹板,鞦韆,溜滑梯組合遊具,搖搖樂,翹翹板,木製攀爬架,搖搖樂,磨石滑梯,組合遊具,翹翹板,鞦韆,組合遊具,搖搖樂,組合遊具,組合遊具,組合遊具,擺盪螺旋跳跳樂,搖搖樂,攀爬組,磨石滑梯,鞦韆,組合遊具,鞦韆,組合遊具,搖搖樂,組合遊具,鞦韆,旋轉台,滾輪滑梯,組合遊具,翹翹板,遊戲板,搖搖樂,組合遊具,攀爬組,旋轉棒,磨石滑梯,搖搖樂,鞦韆,MONKEY BAR,宇宙穿梭機,時空訊息牆,景化小飛碟,黃金光束坡,搖搖樂,組合遊具,拉鍊響板,搖擺沙鈴,獅吼鼻頭,獅背攀爬網,獅眼滾珠迷宮,鈕扣獅,組合遊具,組合遊具,搖搖樂,組合遊具,搖搖樂,組合遊具,搖搖樂,組合遊具,鞦韆,翹翹板,組合遊具,搖搖樂,搖搖樂,組合遊具,組合遊具,戲沙坑,組合遊具,滑索(軌),鞦韆,搖搖馬,組合遊具,組合遊具,組合遊具,攀爬組,組合遊具,組合遊具,組合遊具,組合遊具,翹翹板,組合遊具, 磨石滑梯,組合遊具,攀爬組,磨石滑梯,搖搖樂,組合遊具,組合遊具,搖搖樂,戲沙坑,攀爬組,組合遊具,攀爬組,磨石滑梯,鞦韆,組合遊具,組合遊具,搖搖樂,磨石滑梯,組合遊具,搖搖樂,鞦韆,旋轉杯,組合遊具,翹翹板,組合遊具,搖搖樂,組合遊具,組合遊具,藤蔓綠森林組合遊具組,曲型單槓,搖搖樂,共融式旋轉碗碟,組合遊具,翹翹板,鞦韆,鞦韆,搖搖樂,組合遊具,組合遊具,探索年輪之環,板根網架,老松樹塔,組合遊具,組合遊具,鞦韆,原木擺盪攀爬遊具,旋轉擺盪座椅,擺盪船索,組合遊具,組合遊具,鞦韆,攀爬組,遊戲小屋,組合遊具,搖搖樂,翹翹板,組合遊具,旋轉木馬,搖搖樂,組合遊具,翹翹板,搖滾盤,攀爬組,組合遊具,組合遊具,組合遊具,無障礙旋轉盤\t,共融式恐龍造型遊具組,造型恐龍蛋休憩椅\t,磨石滑梯,鞦韆,磨石子溜滑梯,戲沙坑,組合遊具,翹翹板,跳樁,大坡面磨石溜滑梯,沙坑,鳥巢鞦韆,滑索(軌),組合遊具,鞦韆,組合遊具,組合遊具,磨石子滑梯,樹屋攀爬網,組合遊具,組合遊具,多元攀爬遊具,側向爬網,平衡獨木橋,磨石子滑梯,原木攀爬遊具,大轉轉椅,組合遊具,共融式綜合鞦韆組,曲型單槓,磨石滑梯,遊戲板,攀爬組,磨石滑梯,鞦韆,組合遊具,戲沙坑,攀爬組,鳥巢鞦韆,大海怪遊戲組,地面遊戲組,攀爬組,組合遊具,鞦韆,戲沙坑,恐龍磨石子滑梯,旋轉台,磨石滑梯,組合遊具,組合遊具,磨石滑梯,組合遊具,搖搖樂,組合遊具,搖搖樂,組合遊具,翹翹板,搖搖樂,吊床,組合遊具,組合遊具,搖搖樂,磨石滑梯,攀爬遊具,搖搖樂,搖搖樂,組合遊具,搖搖樂,組合遊具,翹翹板,組合遊具", "ObjectId": 583}}, {"type": "Feature", "id": 586, "geometry": {"type": "Point", "coordinates": [121.54447937, 25.034509659]}, "properties": {"SeqNo": 476, "pm_name": "和安公園", "pm_overview": "和安公園(Hean Park)民國69年成立，面積1,541平方公尺，公園取意人和平安而命名為和安公園，園內環境優雅、遊憩設備齊全完備。", "pm_unit": "大安區公所", "pm_const_year": "1980", "pm_location": "復興南路1段313巷", "pm_LandPublicArea": 1541, "pm_opening_s": "00:00:00", "pm_opening_e": "24:00", "pm_libie": "仁慈里", "pm_phone": "02-23511711#9302", "pm_sports": "單槓、划船器、漫步機", "pm_recreation": "組合遊具", "pm_service": null, "pm_other": null, "pm_transit": "捷運路線:搭文湖線或淡水信義線至大安捷運站6號出口，公車路線搭41、226、685、復興幹線至捷運大安站(復興)", "pm_name_eng": "Hean Park", "pm_ecology": null, "pm_type": "公園", "pm_playtype": "共融", "pm_playarea": 120, "pm_description": "和安公園遊戲場", "pm_playeq": "彈跳床,搖滾盤,攀爬組,磨石滑梯,搖搖樂,翹翹板,搖搖樂,組合遊具,搖搖樂,組合遊具,鞦韆,攀爬組,磨石滑梯,翹翹板,組合遊具,翹翹板,木樁區,盪鞦韆,平衡木,彈跳床,搖搖樂,組合遊具,翹翹板,旋轉台,戲沙坑遊戲桌,搖搖樂,攀爬組,旋轉飛輪,組合遊具,翹翹板,磨石滑梯,攀爬組,磨石子滑梯,翹翹板,彈跳床,鳥巢鞦韆,戲沙坑,攀爬組,組合遊具,攀爬組,站立式搖動設備,組合遊具,翹翹板,小石搬運,搖搖馬,組合遊具,數字造型跳樁及水管隧道,搖滾盤,X型翹翹板,組合遊具,搖搖樂,組合遊具,旋轉桶椅,大旋轉組,組合遊具,搖搖樂,磨石滑梯,鳥巢鞦韆,旋轉桶椅,組合遊具,組合遊具,組合遊具,搖搖馬,組合遊具,翹翹板,搖搖樂,組合遊具,組合遊具,磨石滑梯,鞦韆及鳥巢鞦韆,彈跳床,攀爬組,木隧道,組合遊具,仿古代程沈船遊具,攀爬繩網組,攀爬組,鳥巢鞦韆,輪胎鞦韆,尿布鞦韆,沙坑,磨石子滑梯,旋轉台,彈跳床,雙滑軌溜索,搖搖馬,翹翹板,組合遊具,搖搖馬,組合遊具,攀爬組,組合遊具,組合遊具,攀爬組,搖搖馬,磨石子滑梯,旋轉杯,組合遊具,組合遊具,組合遊具,大轉轉杯,搖搖樂,組合遊具,翹翹板,滑梯,彈跳床,戲沙坑,擺盪船索,攀爬組,旋轉組,磨石滑梯,組合遊具,特色溜滑梯,攀爬組,旋轉棒,叢林攀爬組,4人旋轉器,搖搖樂,磨石滑梯,翹翹板,搖搖樂,組合遊具,組合遊具,組合遊具,爬繩,組合遊具(叢林攀爬組),獨木橋,組合遊具,遊戲板,組合遊具,攀爬組,盪鞦韆,搖搖樂,組合遊具,組合遊具,旋轉盤,鞦韆,攀爬組,旋轉盤,搖搖樂,組合遊具,特色溜滑梯,攀爬組,跳樁,鞦韆,搖搖馬,組合遊具,蹺蹺板,組合遊具,搖搖樂,組合遊具,組合遊具2,翹翹板及搖搖馬,組合遊具,天空樹溜滑梯,戲沙坑,搖搖樂,旋轉拉環,組合遊具, X型翹翹板,鞦韆,攀爬組,搖搖樂,組合遊具(村莊高塔),鞦韆,攀爬遊戲組,彈跳床,投籃機,擺盪船索,攀爬組,旋轉台,組合遊具,組合遊具,旋轉陀螺,旋轉台,組合遊具,攀爬組,搖搖樂,翹翹板,磨石滑梯,搖搖樂,跳樁,搖搖樂,攀爬組,組合遊具(滑梯小屋),旋轉盤,組合遊具,鳥巢盪鞦韆及一般坐式盪鞦韆,蝴蝶翹翹板,特色旋轉盤,金字塔滑梯組,機車搖搖樂,遊戲板,造型攀爬牆,攀爬網,組合遊具(環繞競技場遊具組),鞦韆,體能訓練平衡組,礫石坑,獨木樁,蜻蜓點水,木橋,平衡木,平衡木,跳樁,遊戲板,隧道,組合遊具(叢林攀爬組),搖晃板,組合遊具,遊戲板,隧道,組合遊具(遊戲城堡),旋轉座椅,競技攀爬遊具組,龍舟特色遊具組,滑梯,擊鼓,搖搖樂,組合遊具,翹翹板,組合遊具,翹翹板,木作組合遊具,搖搖樂,城堡遊戲組,大轉轉杯,搖搖樂,磨石滑梯,攀爬組,鞦韆,搖搖樂,組合遊具,組合遊具,搖滾盤,旋轉球椅,愛的搖籃,組合遊具,搖搖樂,旋轉杯,翹翹板,組合遊具,搖搖樂,組合遊具,搖搖樂,組合遊具,搖搖樂,組合遊具,攀爬組,搖搖樂,組合遊具,搖搖樂,組合遊具,組合遊具,彩虹琴,旋轉音樂盒,遊戲礫石坑,彈跳節拍,搖搖樂,組合遊具,翹翹板,組合遊具,組合遊具,搖搖樂,組合遊具,組合遊具,搖搖樂,組合遊具,攀爬組合滑梯,搖搖樂,組合遊具,組合遊具,翹翹板,組合遊具,搖搖樂,組合遊具,翹翹板,組合遊具,搖搖樂,翹翹板,旋轉杯,旋轉棒,搖搖樂,磨石滑梯,組合遊具,搖搖樂,攀爬組,旋轉台,磨石滑梯,組合遊具,跳樁,組合遊具,組合遊具,組合遊具,音樂球、叮噹管、歡樂鼓,無障礙旋轉盤,無障礙鞦韆,遊戲牆,滾輪滑梯,鳥巢鞦韆,旋轉杯,旋轉棒,鞦韆,小木屋,山丘滑梯,戲沙坑,搖搖樂,攀爬組,5人轉轉盤,彈跳床,戲沙坑,組合遊具,旋轉台,旋轉杯,旋轉棒, 磨石滑梯,翹翹板,遊戲板,鞦韆,組合遊具,攀爬組,磨石滑梯,磨石滑梯,組合遊具,火車特色滑梯,鞦韆,樹蛙籃球框,組合遊具,組合遊具,組合遊具,翹翹板,組合遊具,組合遊具,組合遊具,組合遊具,組合遊具,沙坑遊戲板,環型天梯無障礙上肢設施,旋轉杯,戲沙坑,攀爬組,磨石滑梯,跳樁,遊戲板,組合遊具,磨石滑梯,組合遊具,搖搖樂,組合遊具,組合遊具,組合遊具,磨石滑梯,翹翹板,搖搖樂,組合遊具,搖搖樂,組合遊具,組合遊具,搖搖樂,組合遊具-1,攀爬組,鞦韆,大港墘公園-沙坑,大港墘公園-磨石滑梯,大港墘公園-魔力飛盤鞦韆,大港墘公園-管型山丘,攀爬組,翹翹板,遊戲體能組,搖搖樂,組合遊具,搖搖樂,組合遊具,搖搖樂,組合遊具,搖搖樂,組合遊具,組合遊具,磨石滑梯,組合遊具,搖搖樂,組合遊具,搖搖樂,組合遊具,翹翹板,搖搖樂,搖搖樂,組合遊具,搖搖樂,組合遊具,搖搖樂,組合遊具,彈跳床,戲沙坑,攀爬組,磨石滑梯,組合遊具,鞦韆,搖搖樂,組合遊具,磨石滑梯,搖搖樂,磨石滑梯,鞦韆,組合遊具,鞦韆,戲沙坑,擺盪船索,組合遊具,搖搖樂,組合遊具,組合遊具,組合遊具,組合遊具,搖搖樂,組合遊具,戲沙坑,旋轉台,組合遊具,鞦韆,組合遊具,組合遊具,磨石滑梯,鞦韆,搖搖樂,組合遊具,攀爬架,搖搖樂,組合遊具,搖搖樂,搖搖樂,組合遊具,組合遊具,磨石滑梯,翹翹板,攀爬架,戲沙坑,船型遊具組,鞦韆,組合遊具,天旋地轉,組合遊具,組合遊具,搖搖樂,大轉轉杯,組合遊具,平衡木,搖搖樂,磨石滑梯,翹翹板,鞦韆,溜滑梯組合遊具,搖搖樂,翹翹板,木製攀爬架,搖搖樂,磨石滑梯,組合遊具,翹翹板,鞦韆,組合遊具,搖搖樂,組合遊具,組合遊具,組合遊具,擺盪螺旋跳跳樂,搖搖樂,攀爬組,磨石滑梯,鞦韆,組合遊具,鞦韆,組合遊具,搖搖樂,組合遊具,鞦韆,旋轉台,滾輪滑梯,組合遊具,翹翹板,遊戲板,搖搖樂,組合遊具,攀爬組,旋轉棒,磨石滑梯,搖搖樂,鞦韆,MONKEY BAR,宇宙穿梭機,時空訊息牆,景化小飛碟,黃金光束坡,搖搖樂,組合遊具,拉鍊響板,搖擺沙鈴,獅吼鼻頭,獅背攀爬網,獅眼滾珠迷宮,鈕扣獅,組合遊具,組合遊具,搖搖樂,組合遊具,搖搖樂,組合遊具,搖搖樂,組合遊具,鞦韆,翹翹板,組合遊具,搖搖樂,搖搖樂,組合遊具,組合遊具,戲沙坑,組合遊具,滑索(軌),鞦韆,搖搖馬,組合遊具,組合遊具,組合遊具,攀爬組,組合遊具,組合遊具,組合遊具,組合遊具,翹翹板,組合遊具, 磨石滑梯,組合遊具,攀爬組,磨石滑梯,搖搖樂,組合遊具,組合遊具,搖搖樂,戲沙坑,攀爬組,組合遊具,攀爬組,磨石滑梯,鞦韆,組合遊具,組合遊具,搖搖樂,磨石滑梯,組合遊具,搖搖樂,鞦韆,旋轉杯,組合遊具,翹翹板,組合遊具,搖搖樂,組合遊具,組合遊具,藤蔓綠森林組合遊具組,曲型單槓,搖搖樂,共融式旋轉碗碟,組合遊具,翹翹板,鞦韆,鞦韆,搖搖樂,組合遊具,組合遊具,探索年輪之環,板根網架,老松樹塔,組合遊具,組合遊具,鞦韆,原木擺盪攀爬遊具,旋轉擺盪座椅,擺盪船索,組合遊具,組合遊具,鞦韆,攀爬組,遊戲小屋,組合遊具,搖搖樂,翹翹板,組合遊具,旋轉木馬,搖搖樂,組合遊具,翹翹板,搖滾盤,攀爬組,組合遊具,組合遊具,組合遊具,無障礙旋轉盤\t,共融式恐龍造型遊具組,造型恐龍蛋休憩椅\t,磨石滑梯,鞦韆,磨石子溜滑梯,戲沙坑,組合遊具,翹翹板,跳樁,大坡面磨石溜滑梯,沙坑,鳥巢鞦韆,滑索(軌),組合遊具,鞦韆,組合遊具,組合遊具,磨石子滑梯,樹屋攀爬網,組合遊具,組合遊具,多元攀爬遊具,側向爬網,平衡獨木橋,磨石子滑梯,原木攀爬遊具,大轉轉椅,組合遊具,共融式綜合鞦韆組,曲型單槓,磨石滑梯,遊戲板,攀爬組,磨石滑梯,鞦韆,組合遊具,戲沙坑,攀爬組,鳥巢鞦韆,大海怪遊戲組,地面遊戲組,攀爬組,組合遊具,鞦韆,戲沙坑,恐龍磨石子滑梯,旋轉台,磨石滑梯,組合遊具,組合遊具,磨石滑梯,組合遊具,搖搖樂,組合遊具,搖搖樂,組合遊具,翹翹板,搖搖樂,吊床,組合遊具,組合遊具,搖搖樂,磨石滑梯,攀爬遊具,搖搖樂,搖搖樂,組合遊具,搖搖樂,組合遊具,翹翹板,組合遊具,搖搖樂,組合遊具,搖搖樂,組合遊具,組合遊具", "ObjectId": 586}}, {"type": "Feature", "id": 587, "geometry": {"type": "Point", "coordinates": [121.54933167, 25.029680252]}, "properties": {"SeqNo": 322, "pm_name": "居安公園", "pm_overview": "居安公園(Juan Park)為大安區首座民間出資重建的公園，原有的居安公園於74年興建，後由大陸工程公司認養並以「川」字為主題規劃重建，始有今日景象。", "pm_unit": "大安區公所", "pm_const_year": "1985", "pm_location": "敦化南路2段81巷口右側", "pm_LandPublicArea": 2089, "pm_opening_s": "00:00:00", "pm_opening_e": "24:00", "pm_libie": "義安里", "pm_phone": "02-23511711#9302", "pm_sports": null, "pm_recreation": "鞦韆", "pm_service": null, "pm_other": null, "pm_transit": "捷運路線:搭淡水信義線至信義安和捷運站2號出口，公車路線搭52、275、275副、278、278區、294、556、688、902、905、906、909、913、939、敦化幹線至大安國中", "pm_name_eng": "Juan Park", "pm_ecology": null, "pm_type": "公園", "pm_playtype": "一般", "pm_playarea": 130, "pm_description": null, "pm_playeq": "彈跳床,搖滾盤,攀爬組,磨石滑梯,搖搖樂,翹翹板,搖搖樂,組合遊具,搖搖樂,組合遊具,鞦韆,攀爬組,磨石滑梯,翹翹板,組合遊具,翹翹板,木樁區,盪鞦韆,平衡木,彈跳床,搖搖樂,組合遊具,翹翹板,旋轉台,戲沙坑遊戲桌,搖搖樂,攀爬組,旋轉飛輪,組合遊具,翹翹板,磨石滑梯,攀爬組,磨石子滑梯,翹翹板,彈跳床,鳥巢鞦韆,戲沙坑,攀爬組,組合遊具,攀爬組,站立式搖動設備,組合遊具,翹翹板,小石搬運,搖搖馬,組合遊具,數字造型跳樁及水管隧道,搖滾盤,X型翹翹板,組合遊具,搖搖樂,組合遊具,旋轉桶椅,大旋轉組,組合遊具,搖搖樂,磨石滑梯,鳥巢鞦韆,旋轉桶椅,組合遊具,組合遊具,組合遊具,搖搖馬,組合遊具,翹翹板,搖搖樂,組合遊具,組合遊具,磨石滑梯,鞦韆及鳥巢鞦韆,彈跳床,攀爬組,木隧道,組合遊具,仿古代程沈船遊具,攀爬繩網組,攀爬組,鳥巢鞦韆,輪胎鞦韆,尿布鞦韆,沙坑,磨石子滑梯,旋轉台,彈跳床,雙滑軌溜索,搖搖馬,翹翹板,組合遊具,搖搖馬,組合遊具,攀爬組,組合遊具,組合遊具,攀爬組,搖搖馬,磨石子滑梯,旋轉杯,組合遊具,組合遊具,組合遊具,大轉轉杯,搖搖樂,組合遊具,翹翹板,滑梯,彈跳床,戲沙坑,擺盪船索,攀爬組,旋轉組,磨石滑梯,組合遊具,特色溜滑梯,攀爬組,旋轉棒,叢林攀爬組,4人旋轉器,搖搖樂,磨石滑梯,翹翹板,搖搖樂,組合遊具,組合遊具,組合遊具,爬繩,組合遊具(叢林攀爬組),獨木橋,組合遊具,遊戲板,組合遊具,攀爬組,盪鞦韆,搖搖樂,組合遊具,組合遊具,旋轉盤,鞦韆,攀爬組,旋轉盤,搖搖樂,組合遊具,特色溜滑梯,攀爬組,跳樁,鞦韆,搖搖馬,組合遊具,蹺蹺板,組合遊具,搖搖樂,組合遊具,組合遊具2,翹翹板及搖搖馬,組合遊具,天空樹溜滑梯,戲沙坑,搖搖樂,旋轉拉環,組合遊具, X型翹翹板,鞦韆,攀爬組,搖搖樂,組合遊具(村莊高塔),鞦韆,攀爬遊戲組,彈跳床,投籃機,擺盪船索,攀爬組,旋轉台,組合遊具,組合遊具,旋轉陀螺,旋轉台,組合遊具,攀爬組,搖搖樂,翹翹板,磨石滑梯,搖搖樂,跳樁,搖搖樂,攀爬組,組合遊具(滑梯小屋),旋轉盤,組合遊具,鳥巢盪鞦韆及一般坐式盪鞦韆,蝴蝶翹翹板,特色旋轉盤,金字塔滑梯組,機車搖搖樂,遊戲板,造型攀爬牆,攀爬網,組合遊具(環繞競技場遊具組),鞦韆,體能訓練平衡組,礫石坑,獨木樁,蜻蜓點水,木橋,平衡木,平衡木,跳樁,遊戲板,隧道,組合遊具(叢林攀爬組),搖晃板,組合遊具,遊戲板,隧道,組合遊具(遊戲城堡),旋轉座椅,競技攀爬遊具組,龍舟特色遊具組,滑梯,擊鼓,搖搖樂,組合遊具,翹翹板,組合遊具,翹翹板,木作組合遊具,搖搖樂,城堡遊戲組,大轉轉杯,搖搖樂,磨石滑梯,攀爬組,鞦韆,搖搖樂,組合遊具,組合遊具,搖滾盤,旋轉球椅,愛的搖籃,組合遊具,搖搖樂,旋轉杯,翹翹板,組合遊具,搖搖樂,組合遊具,搖搖樂,組合遊具,搖搖樂,組合遊具,攀爬組,搖搖樂,組合遊具,搖搖樂,組合遊具,組合遊具,彩虹琴,旋轉音樂盒,遊戲礫石坑,彈跳節拍,搖搖樂,組合遊具,翹翹板,組合遊具,組合遊具,搖搖樂,組合遊具,組合遊具,搖搖樂,組合遊具,攀爬組合滑梯,搖搖樂,組合遊具,組合遊具,翹翹板,組合遊具,搖搖樂,組合遊具,翹翹板,組合遊具,搖搖樂,翹翹板,旋轉杯,旋轉棒,搖搖樂,磨石滑梯,組合遊具,搖搖樂,攀爬組,旋轉台,磨石滑梯,組合遊具,跳樁,組合遊具,組合遊具,組合遊具,音樂球、叮噹管、歡樂鼓,無障礙旋轉盤,無障礙鞦韆,遊戲牆,滾輪滑梯,鳥巢鞦韆,旋轉杯,旋轉棒,鞦韆,小木屋,山丘滑梯,戲沙坑,搖搖樂,攀爬組,5人轉轉盤,彈跳床,戲沙坑,組合遊具,旋轉台,旋轉杯,旋轉棒, 磨石滑梯,翹翹板,遊戲板,鞦韆,組合遊具,攀爬組,磨石滑梯,磨石滑梯,組合遊具,火車特色滑梯,鞦韆,樹蛙籃球框,組合遊具,組合遊具,組合遊具,翹翹板,組合遊具,組合遊具,組合遊具,組合遊具,組合遊具,沙坑遊戲板,環型天梯無障礙上肢設施,旋轉杯,戲沙坑,攀爬組,磨石滑梯,跳樁,遊戲板,組合遊具,磨石滑梯,組合遊具,搖搖樂,組合遊具,組合遊具,組合遊具,磨石滑梯,翹翹板,搖搖樂,組合遊具,搖搖樂,組合遊具,組合遊具,搖搖樂,組合遊具-1,攀爬組,鞦韆,大港墘公園-沙坑,大港墘公園-磨石滑梯,大港墘公園-魔力飛盤鞦韆,大港墘公園-管型山丘,攀爬組,翹翹板,遊戲體能組,搖搖樂,組合遊具,搖搖樂,組合遊具,搖搖樂,組合遊具,搖搖樂,組合遊具,組合遊具,磨石滑梯,組合遊具,搖搖樂,組合遊具,搖搖樂,組合遊具,翹翹板,搖搖樂,搖搖樂,組合遊具,搖搖樂,組合遊具,搖搖樂,組合遊具,彈跳床,戲沙坑,攀爬組,磨石滑梯,組合遊具,鞦韆,搖搖樂,組合遊具,磨石滑梯,搖搖樂,磨石滑梯,鞦韆,組合遊具,鞦韆,戲沙坑,擺盪船索,組合遊具,搖搖樂,組合遊具,組合遊具,組合遊具,組合遊具,搖搖樂,組合遊具,戲沙坑,旋轉台,組合遊具,鞦韆,組合遊具,組合遊具,磨石滑梯,鞦韆,搖搖樂,組合遊具,攀爬架,搖搖樂,組合遊具,搖搖樂,搖搖樂,組合遊具,組合遊具,磨石滑梯,翹翹板,攀爬架,戲沙坑,船型遊具組,鞦韆,組合遊具,天旋地轉,組合遊具,組合遊具,搖搖樂,大轉轉杯,組合遊具,平衡木,搖搖樂,磨石滑梯,翹翹板,鞦韆,溜滑梯組合遊具,搖搖樂,翹翹板,木製攀爬架,搖搖樂,磨石滑梯,組合遊具,翹翹板,鞦韆,組合遊具,搖搖樂,組合遊具,組合遊具,組合遊具,擺盪螺旋跳跳樂,搖搖樂,攀爬組,磨石滑梯,鞦韆,組合遊具,鞦韆,組合遊具,搖搖樂,組合遊具,鞦韆,旋轉台,滾輪滑梯,組合遊具,翹翹板,遊戲板,搖搖樂,組合遊具,攀爬組,旋轉棒,磨石滑梯,搖搖樂,鞦韆,MONKEY BAR,宇宙穿梭機,時空訊息牆,景化小飛碟,黃金光束坡,搖搖樂,組合遊具,拉鍊響板,搖擺沙鈴,獅吼鼻頭,獅背攀爬網,獅眼滾珠迷宮,鈕扣獅,組合遊具,組合遊具,搖搖樂,組合遊具,搖搖樂,組合遊具,搖搖樂,組合遊具,鞦韆,翹翹板,組合遊具,搖搖樂,搖搖樂,組合遊具,組合遊具,戲沙坑,組合遊具,滑索(軌),鞦韆,搖搖馬,組合遊具,組合遊具,組合遊具,攀爬組,組合遊具,組合遊具,組合遊具,組合遊具,翹翹板,組合遊具, 磨石滑梯,組合遊具,攀爬組,磨石滑梯,搖搖樂,組合遊具,組合遊具,搖搖樂,戲沙坑,攀爬組,組合遊具,攀爬組,磨石滑梯,鞦韆,組合遊具,組合遊具,搖搖樂,磨石滑梯,組合遊具,搖搖樂,鞦韆,旋轉杯,組合遊具,翹翹板,組合遊具,搖搖樂,組合遊具,組合遊具,藤蔓綠森林組合遊具組,曲型單槓,搖搖樂,共融式旋轉碗碟,組合遊具,翹翹板,鞦韆,鞦韆,搖搖樂,組合遊具,組合遊具,探索年輪之環,板根網架,老松樹塔,組合遊具,組合遊具,鞦韆,原木擺盪攀爬遊具,旋轉擺盪座椅,擺盪船索,組合遊具,組合遊具,鞦韆,攀爬組,遊戲小屋,組合遊具,搖搖樂,翹翹板,組合遊具,旋轉木馬,搖搖樂,組合遊具,翹翹板,搖滾盤,攀爬組,組合遊具,組合遊具,組合遊具,無障礙旋轉盤\t,共融式恐龍造型遊具組,造型恐龍蛋休憩椅\t,磨石滑梯,鞦韆,磨石子溜滑梯,戲沙坑,組合遊具,翹翹板,跳樁,大坡面磨石溜滑梯,沙坑,鳥巢鞦韆,滑索(軌),組合遊具,鞦韆,組合遊具,組合遊具,磨石子滑梯,樹屋攀爬網,組合遊具,組合遊具,多元攀爬遊具,側向爬網,平衡獨木橋,磨石子滑梯,原木攀爬遊具,大轉轉椅,組合遊具,共融式綜合鞦韆組,曲型單槓,磨石滑梯,遊戲板,攀爬組,磨石滑梯,鞦韆,組合遊具,戲沙坑,攀爬組,鳥巢鞦韆,大海怪遊戲組,地面遊戲組,攀爬組,組合遊具,鞦韆,戲沙坑,恐龍磨石子滑梯,旋轉台,磨石滑梯,組合遊具,組合遊具,磨石滑梯,組合遊具,搖搖樂,組合遊具,搖搖樂,組合遊具,翹翹板,搖搖樂,吊床,組合遊具,組合遊具,搖搖樂,磨石滑梯,攀爬遊具,搖搖樂,搖搖樂,組合遊具,搖搖樂,組合遊具,翹翹板,組合遊具,搖搖樂,組合遊具,搖搖樂,組合遊具,組合遊具,鞦韆", "ObjectId": 587}}, {"type": "Feature", "id": 588, "geometry": {"type": "Point", "coordinates": [121.55577087, 25.042570114]}, "properties": {"SeqNo": 752, "pm_name": "延吉公園", "pm_overview": "延吉公園(Yanji Park)成立於民國71年，面積2,284平方公尺。林木蒼蒼，曲徑通幽，常常是電視偶像劇取景的地方。", "pm_unit": "大安區公所", "pm_const_year": "1982", "pm_location": "延吉街131巷", "pm_LandPublicArea": 2284, "pm_opening_s": "00:00:00", "pm_opening_e": "24:00", "pm_libie": "華聲里", "pm_phone": "02-23511711#9302", "pm_sports": "肩關節訓練器、雙人漫步機、扭腰器", "pm_recreation": "組合遊具、搖搖樂", "pm_service": "直飲台", "pm_other": null, "pm_transit": "捷運路線:搭板南線至國父紀念館捷運站1號出口，公車路線搭204、212、232、278、278區、299、680、919、1800、1813、1815、忠孝幹線至觀光局", "pm_name_eng": "Yanji Park", "pm_ecology": null, "pm_type": "公園", "pm_playtype": "一般", "pm_playarea": 130, "pm_description": null, "pm_playeq": "彈跳床,搖滾盤,攀爬組,磨石滑梯,搖搖樂,翹翹板,搖搖樂,組合遊具,搖搖樂,組合遊具,鞦韆,攀爬組,磨石滑梯,翹翹板,組合遊具,翹翹板,木樁區,盪鞦韆,平衡木,彈跳床,搖搖樂,組合遊具,翹翹板,旋轉台,戲沙坑遊戲桌,搖搖樂,攀爬組,旋轉飛輪,組合遊具,翹翹板,磨石滑梯,攀爬組,磨石子滑梯,翹翹板,彈跳床,鳥巢鞦韆,戲沙坑,攀爬組,組合遊具,攀爬組,站立式搖動設備,組合遊具,翹翹板,小石搬運,搖搖馬,組合遊具,數字造型跳樁及水管隧道,搖滾盤,X型翹翹板,組合遊具,搖搖樂,組合遊具,旋轉桶椅,大旋轉組,組合遊具,搖搖樂,磨石滑梯,鳥巢鞦韆,旋轉桶椅,組合遊具,組合遊具,組合遊具,搖搖馬,組合遊具,翹翹板,搖搖樂,組合遊具,組合遊具,磨石滑梯,鞦韆及鳥巢鞦韆,彈跳床,攀爬組,木隧道,組合遊具,仿古代程沈船遊具,攀爬繩網組,攀爬組,鳥巢鞦韆,輪胎鞦韆,尿布鞦韆,沙坑,磨石子滑梯,旋轉台,彈跳床,雙滑軌溜索,搖搖馬,翹翹板,組合遊具,搖搖馬,組合遊具,攀爬組,組合遊具,組合遊具,攀爬組,搖搖馬,磨石子滑梯,旋轉杯,組合遊具,組合遊具,組合遊具,大轉轉杯,搖搖樂,組合遊具,翹翹板,滑梯,彈跳床,戲沙坑,擺盪船索,攀爬組,旋轉組,磨石滑梯,組合遊具,特色溜滑梯,攀爬組,旋轉棒,叢林攀爬組,4人旋轉器,搖搖樂,磨石滑梯,翹翹板,搖搖樂,組合遊具,組合遊具,組合遊具,爬繩,組合遊具(叢林攀爬組),獨木橋,組合遊具,遊戲板,組合遊具,攀爬組,盪鞦韆,搖搖樂,組合遊具,組合遊具,旋轉盤,鞦韆,攀爬組,旋轉盤,搖搖樂,組合遊具,特色溜滑梯,攀爬組,跳樁,鞦韆,搖搖馬,組合遊具,蹺蹺板,組合遊具,搖搖樂,組合遊具,組合遊具2,翹翹板及搖搖馬,組合遊具,天空樹溜滑梯,戲沙坑,搖搖樂,旋轉拉環,組合遊具, X型翹翹板,鞦韆,攀爬組,搖搖樂,組合遊具(村莊高塔),鞦韆,攀爬遊戲組,彈跳床,投籃機,擺盪船索,攀爬組,旋轉台,組合遊具,組合遊具,旋轉陀螺,旋轉台,組合遊具,攀爬組,搖搖樂,翹翹板,磨石滑梯,搖搖樂,跳樁,搖搖樂,攀爬組,組合遊具(滑梯小屋),旋轉盤,組合遊具,鳥巢盪鞦韆及一般坐式盪鞦韆,蝴蝶翹翹板,特色旋轉盤,金字塔滑梯組,機車搖搖樂,遊戲板,造型攀爬牆,攀爬網,組合遊具(環繞競技場遊具組),鞦韆,體能訓練平衡組,礫石坑,獨木樁,蜻蜓點水,木橋,平衡木,平衡木,跳樁,遊戲板,隧道,組合遊具(叢林攀爬組),搖晃板,組合遊具,遊戲板,隧道,組合遊具(遊戲城堡),旋轉座椅,競技攀爬遊具組,龍舟特色遊具組,滑梯,擊鼓,搖搖樂,組合遊具,翹翹板,組合遊具,翹翹板,木作組合遊具,搖搖樂,城堡遊戲組,大轉轉杯,搖搖樂,磨石滑梯,攀爬組,鞦韆,搖搖樂,組合遊具,組合遊具,搖滾盤,旋轉球椅,愛的搖籃,組合遊具,搖搖樂,旋轉杯,翹翹板,組合遊具,搖搖樂,組合遊具,搖搖樂,組合遊具,搖搖樂,組合遊具,攀爬組,搖搖樂,組合遊具,搖搖樂,組合遊具,組合遊具,彩虹琴,旋轉音樂盒,遊戲礫石坑,彈跳節拍,搖搖樂,組合遊具,翹翹板,組合遊具,組合遊具,搖搖樂,組合遊具,組合遊具,搖搖樂,組合遊具,攀爬組合滑梯,搖搖樂,組合遊具,組合遊具,翹翹板,組合遊具,搖搖樂,組合遊具,翹翹板,組合遊具,搖搖樂,翹翹板,旋轉杯,旋轉棒,搖搖樂,磨石滑梯,組合遊具,搖搖樂,攀爬組,旋轉台,磨石滑梯,組合遊具,跳樁,組合遊具,組合遊具,組合遊具,音樂球、叮噹管、歡樂鼓,無障礙旋轉盤,無障礙鞦韆,遊戲牆,滾輪滑梯,鳥巢鞦韆,旋轉杯,旋轉棒,鞦韆,小木屋,山丘滑梯,戲沙坑,搖搖樂,攀爬組,5人轉轉盤,彈跳床,戲沙坑,組合遊具,旋轉台,旋轉杯,旋轉棒, 磨石滑梯,翹翹板,遊戲板,鞦韆,組合遊具,攀爬組,磨石滑梯,磨石滑梯,組合遊具,火車特色滑梯,鞦韆,樹蛙籃球框,組合遊具,組合遊具,組合遊具,翹翹板,組合遊具,組合遊具,組合遊具,組合遊具,組合遊具,沙坑遊戲板,環型天梯無障礙上肢設施,旋轉杯,戲沙坑,攀爬組,磨石滑梯,跳樁,遊戲板,組合遊具,磨石滑梯,組合遊具,搖搖樂,組合遊具,組合遊具,組合遊具,磨石滑梯,翹翹板,搖搖樂,組合遊具,搖搖樂,組合遊具,組合遊具,搖搖樂,組合遊具-1,攀爬組,鞦韆,大港墘公園-沙坑,大港墘公園-磨石滑梯,大港墘公園-魔力飛盤鞦韆,大港墘公園-管型山丘,攀爬組,翹翹板,遊戲體能組,搖搖樂,組合遊具,搖搖樂,組合遊具,搖搖樂,組合遊具,搖搖樂,組合遊具,組合遊具,磨石滑梯,組合遊具,搖搖樂,組合遊具,搖搖樂,組合遊具,翹翹板,搖搖樂,搖搖樂,組合遊具,搖搖樂,組合遊具,搖搖樂,組合遊具,彈跳床,戲沙坑,攀爬組,磨石滑梯,組合遊具,鞦韆,搖搖樂,組合遊具,磨石滑梯,搖搖樂,磨石滑梯,鞦韆,組合遊具,鞦韆,戲沙坑,擺盪船索,組合遊具,搖搖樂,組合遊具,組合遊具,組合遊具,組合遊具,搖搖樂,組合遊具,戲沙坑,旋轉台,組合遊具,鞦韆,組合遊具,組合遊具,磨石滑梯,鞦韆,搖搖樂,組合遊具,攀爬架,搖搖樂,組合遊具,搖搖樂,搖搖樂,組合遊具,組合遊具,磨石滑梯,翹翹板,攀爬架,戲沙坑,船型遊具組,鞦韆,組合遊具,天旋地轉,組合遊具,組合遊具,搖搖樂,大轉轉杯,組合遊具,平衡木,搖搖樂,磨石滑梯,翹翹板,鞦韆,溜滑梯組合遊具,搖搖樂,翹翹板,木製攀爬架,搖搖樂,磨石滑梯,組合遊具,翹翹板,鞦韆,組合遊具,搖搖樂,組合遊具,組合遊具,組合遊具,擺盪螺旋跳跳樂,搖搖樂,攀爬組,磨石滑梯,鞦韆,組合遊具,鞦韆,組合遊具,搖搖樂,組合遊具,鞦韆,旋轉台,滾輪滑梯,組合遊具,翹翹板,遊戲板,搖搖樂,組合遊具,攀爬組,旋轉棒,磨石滑梯,搖搖樂,鞦韆,MONKEY BAR,宇宙穿梭機,時空訊息牆,景化小飛碟,黃金光束坡,搖搖樂,組合遊具,拉鍊響板,搖擺沙鈴,獅吼鼻頭,獅背攀爬網,獅眼滾珠迷宮,鈕扣獅,組合遊具,組合遊具,搖搖樂,組合遊具,搖搖樂,組合遊具,搖搖樂,組合遊具,鞦韆,翹翹板,組合遊具,搖搖樂,搖搖樂,組合遊具,組合遊具,戲沙坑,組合遊具,滑索(軌),鞦韆,搖搖馬,組合遊具,組合遊具,組合遊具,攀爬組,組合遊具,組合遊具,組合遊具,組合遊具,翹翹板,組合遊具, 磨石滑梯,組合遊具,攀爬組,磨石滑梯,搖搖樂,組合遊具,組合遊具,搖搖樂,戲沙坑,攀爬組,組合遊具,攀爬組,磨石滑梯,鞦韆,組合遊具,組合遊具,搖搖樂,磨石滑梯,組合遊具,搖搖樂,鞦韆,旋轉杯,組合遊具,翹翹板,組合遊具,搖搖樂,組合遊具,組合遊具,藤蔓綠森林組合遊具組,曲型單槓,搖搖樂,共融式旋轉碗碟,組合遊具,翹翹板,鞦韆,鞦韆,搖搖樂,組合遊具,組合遊具,探索年輪之環,板根網架,老松樹塔,組合遊具,組合遊具,鞦韆,原木擺盪攀爬遊具,旋轉擺盪座椅,擺盪船索,組合遊具,組合遊具,鞦韆,攀爬組,遊戲小屋,組合遊具,搖搖樂,翹翹板,組合遊具,旋轉木馬,搖搖樂,組合遊具,翹翹板,搖滾盤,攀爬組,組合遊具,組合遊具,組合遊具,無障礙旋轉盤\t,共融式恐龍造型遊具組,造型恐龍蛋休憩椅\t,磨石滑梯,鞦韆,磨石子溜滑梯,戲沙坑,組合遊具,翹翹板,跳樁,大坡面磨石溜滑梯,沙坑,鳥巢鞦韆,滑索(軌),組合遊具,鞦韆,組合遊具,組合遊具,磨石子滑梯,樹屋攀爬網,組合遊具,組合遊具,多元攀爬遊具,側向爬網,平衡獨木橋,磨石子滑梯,原木攀爬遊具,大轉轉椅,組合遊具,共融式綜合鞦韆組,曲型單槓,磨石滑梯,遊戲板,攀爬組,磨石滑梯,鞦韆,組合遊具,戲沙坑,攀爬組,鳥巢鞦韆,大海怪遊戲組,地面遊戲組,攀爬組,組合遊具,鞦韆,戲沙坑,恐龍磨石子滑梯,旋轉台,磨石滑梯,組合遊具,組合遊具,磨石滑梯,組合遊具,搖搖樂,組合遊具,搖搖樂,組合遊具,翹翹板,搖搖樂,吊床,組合遊具,組合遊具,搖搖樂,磨石滑梯,攀爬遊具,搖搖樂,搖搖樂,組合遊具,搖搖樂,組合遊具,翹翹板,組合遊具,搖搖樂,組合遊具,搖搖樂,組合遊具,組合遊具,鞦韆,組合遊具", "ObjectId": 588}}, {"type": "Feature", "id": 589, "geometry": {"type": "Point", "coordinates": [121.5357132, 25.0437603]}, "properties": {"SeqNo": 64, "pm_name": "昌隆198公園", "pm_overview": "昌隆198公園(Changlong 198 Park)位於建國南路與市民大道交叉口，面積3,807平方公尺。每當大花紫薇及阿勃勒盛開季節，搖曳生姿，美不勝收。", "pm_unit": "大安區公所", "pm_const_year": "2006", "pm_location": "市民大道與建國南路交叉口", "pm_LandPublicArea": 3807, "pm_opening_s": "00:00:00", "pm_opening_e": "24:00", "pm_libie": "昌隆里", "pm_phone": "02-23511711#9302", "pm_sports": null, "pm_recreation": null, "pm_service": null, "pm_other": null, "pm_transit": "捷運路線:搭板南線或中和新蘆線至忠孝新生捷運站4號出口，公車路線搭669、919至忠泰美術館", "pm_name_eng": "Changlong 198 Park", "pm_ecology": null, "pm_type": "公園", "pm_playtype": null, "pm_playarea": null, "pm_description": null, "pm_playeq": null, "ObjectId": 589}}, {"type": "Feature", "id": 590, "geometry": {"type": "Point", "coordinates": [121.54486084, 25.035779953]}, "properties": {"SeqNo": 451, "pm_name": "東豐公園", "pm_overview": "東豐公園(Dongfeng Park)民國77年成立，面積1,421平方公尺因臨東豐街，故命名為東豐公園。", "pm_unit": "大安區公所", "pm_const_year": "1988", "pm_location": "復興南路1段279巷", "pm_LandPublicArea": 1421, "pm_opening_s": "00:00:00", "pm_opening_e": "24:00", "pm_libie": "仁慈里", "pm_phone": "02-23511711#9302", "pm_sports": "肩關節訓練器、吊槓、雙槓、扭腰器", "pm_recreation": "組合遊具", "pm_service": null, "pm_other": null, "pm_transit": "捷運路線:搭文湖線或淡水信義線至大安捷運站6號出口，公車路線搭41、226、685、復興幹線至和安里", "pm_name_eng": "Dongfeng Park", "pm_ecology": null, "pm_type": "公園", "pm_playtype": "一般", "pm_playarea": 70, "pm_description": null, "pm_playeq": "彈跳床,搖滾盤,攀爬組,磨石滑梯,搖搖樂,翹翹板,搖搖樂,組合遊具,搖搖樂,組合遊具,鞦韆,攀爬組,磨石滑梯,翹翹板,組合遊具,翹翹板,木樁區,盪鞦韆,平衡木,彈跳床,搖搖樂,組合遊具,翹翹板,旋轉台,戲沙坑遊戲桌,搖搖樂,攀爬組,旋轉飛輪,組合遊具,翹翹板,磨石滑梯,攀爬組,磨石子滑梯,翹翹板,彈跳床,鳥巢鞦韆,戲沙坑,攀爬組,組合遊具,攀爬組,站立式搖動設備,組合遊具,翹翹板,小石搬運,搖搖馬,組合遊具,數字造型跳樁及水管隧道,搖滾盤,X型翹翹板,組合遊具,搖搖樂,組合遊具,旋轉桶椅,大旋轉組,組合遊具,搖搖樂,磨石滑梯,鳥巢鞦韆,旋轉桶椅,組合遊具,組合遊具,組合遊具,搖搖馬,組合遊具,翹翹板,搖搖樂,組合遊具,組合遊具,磨石滑梯,鞦韆及鳥巢鞦韆,彈跳床,攀爬組,木隧道,組合遊具,仿古代程沈船遊具,攀爬繩網組,攀爬組,鳥巢鞦韆,輪胎鞦韆,尿布鞦韆,沙坑,磨石子滑梯,旋轉台,彈跳床,雙滑軌溜索,搖搖馬,翹翹板,組合遊具,搖搖馬,組合遊具,攀爬組,組合遊具,組合遊具,攀爬組,搖搖馬,磨石子滑梯,旋轉杯,組合遊具,組合遊具,組合遊具,大轉轉杯,搖搖樂,組合遊具,翹翹板,滑梯,彈跳床,戲沙坑,擺盪船索,攀爬組,旋轉組,磨石滑梯,組合遊具,特色溜滑梯,攀爬組,旋轉棒,叢林攀爬組,4人旋轉器,搖搖樂,磨石滑梯,翹翹板,搖搖樂,組合遊具,組合遊具,組合遊具,爬繩,組合遊具(叢林攀爬組),獨木橋,組合遊具,遊戲板,組合遊具,攀爬組,盪鞦韆,搖搖樂,組合遊具,組合遊具,旋轉盤,鞦韆,攀爬組,旋轉盤,搖搖樂,組合遊具,特色溜滑梯,攀爬組,跳樁,鞦韆,搖搖馬,組合遊具,蹺蹺板,組合遊具,搖搖樂,組合遊具,組合遊具2,翹翹板及搖搖馬,組合遊具,天空樹溜滑梯,戲沙坑,搖搖樂,旋轉拉環,組合遊具, X型翹翹板,鞦韆,攀爬組,搖搖樂,組合遊具(村莊高塔),鞦韆,攀爬遊戲組,彈跳床,投籃機,擺盪船索,攀爬組,旋轉台,組合遊具,組合遊具,旋轉陀螺,旋轉台,組合遊具,攀爬組,搖搖樂,翹翹板,磨石滑梯,搖搖樂,跳樁,搖搖樂,攀爬組,組合遊具(滑梯小屋),旋轉盤,組合遊具,鳥巢盪鞦韆及一般坐式盪鞦韆,蝴蝶翹翹板,特色旋轉盤,金字塔滑梯組,機車搖搖樂,遊戲板,造型攀爬牆,攀爬網,組合遊具(環繞競技場遊具組),鞦韆,體能訓練平衡組,礫石坑,獨木樁,蜻蜓點水,木橋,平衡木,平衡木,跳樁,遊戲板,隧道,組合遊具(叢林攀爬組),搖晃板,組合遊具,遊戲板,隧道,組合遊具(遊戲城堡),旋轉座椅,競技攀爬遊具組,龍舟特色遊具組,滑梯,擊鼓,搖搖樂,組合遊具,翹翹板,組合遊具,翹翹板,木作組合遊具,搖搖樂,城堡遊戲組,大轉轉杯,搖搖樂,磨石滑梯,攀爬組,鞦韆,搖搖樂,組合遊具,組合遊具,搖滾盤,旋轉球椅,愛的搖籃,組合遊具,搖搖樂,旋轉杯,翹翹板,組合遊具,搖搖樂,組合遊具,搖搖樂,組合遊具,搖搖樂,組合遊具,攀爬組,搖搖樂,組合遊具,搖搖樂,組合遊具,組合遊具,彩虹琴,旋轉音樂盒,遊戲礫石坑,彈跳節拍,搖搖樂,組合遊具,翹翹板,組合遊具,組合遊具,搖搖樂,組合遊具,組合遊具,搖搖樂,組合遊具,攀爬組合滑梯,搖搖樂,組合遊具,組合遊具,翹翹板,組合遊具,搖搖樂,組合遊具,翹翹板,組合遊具,搖搖樂,翹翹板,旋轉杯,旋轉棒,搖搖樂,磨石滑梯,組合遊具,搖搖樂,攀爬組,旋轉台,磨石滑梯,組合遊具,跳樁,組合遊具,組合遊具,組合遊具,音樂球、叮噹管、歡樂鼓,無障礙旋轉盤,無障礙鞦韆,遊戲牆,滾輪滑梯,鳥巢鞦韆,旋轉杯,旋轉棒,鞦韆,小木屋,山丘滑梯,戲沙坑,搖搖樂,攀爬組,5人轉轉盤,彈跳床,戲沙坑,組合遊具,旋轉台,旋轉杯,旋轉棒, 磨石滑梯,翹翹板,遊戲板,鞦韆,組合遊具,攀爬組,磨石滑梯,磨石滑梯,組合遊具,火車特色滑梯,鞦韆,樹蛙籃球框,組合遊具,組合遊具,組合遊具,翹翹板,組合遊具,組合遊具,組合遊具,組合遊具,組合遊具,沙坑遊戲板,環型天梯無障礙上肢設施,旋轉杯,戲沙坑,攀爬組,磨石滑梯,跳樁,遊戲板,組合遊具,磨石滑梯,組合遊具,搖搖樂,組合遊具,組合遊具,組合遊具,磨石滑梯,翹翹板,搖搖樂,組合遊具,搖搖樂,組合遊具,組合遊具,搖搖樂,組合遊具-1,攀爬組,鞦韆,大港墘公園-沙坑,大港墘公園-磨石滑梯,大港墘公園-魔力飛盤鞦韆,大港墘公園-管型山丘,攀爬組,翹翹板,遊戲體能組,搖搖樂,組合遊具,搖搖樂,組合遊具,搖搖樂,組合遊具,搖搖樂,組合遊具,組合遊具,磨石滑梯,組合遊具,搖搖樂,組合遊具,搖搖樂,組合遊具,翹翹板,搖搖樂,搖搖樂,組合遊具,搖搖樂,組合遊具,搖搖樂,組合遊具,彈跳床,戲沙坑,攀爬組,磨石滑梯,組合遊具,鞦韆,搖搖樂,組合遊具,磨石滑梯,搖搖樂,磨石滑梯,鞦韆,組合遊具,鞦韆,戲沙坑,擺盪船索,組合遊具,搖搖樂,組合遊具,組合遊具,組合遊具,組合遊具,搖搖樂,組合遊具,戲沙坑,旋轉台,組合遊具,鞦韆,組合遊具,組合遊具,磨石滑梯,鞦韆,搖搖樂,組合遊具,攀爬架,搖搖樂,組合遊具,搖搖樂,搖搖樂,組合遊具,組合遊具,磨石滑梯,翹翹板,攀爬架,戲沙坑,船型遊具組,鞦韆,組合遊具,天旋地轉,組合遊具,組合遊具,搖搖樂,大轉轉杯,組合遊具,平衡木,搖搖樂,磨石滑梯,翹翹板,鞦韆,溜滑梯組合遊具,搖搖樂,翹翹板,木製攀爬架,搖搖樂,磨石滑梯,組合遊具,翹翹板,鞦韆,組合遊具,搖搖樂,組合遊具,組合遊具,組合遊具,擺盪螺旋跳跳樂,搖搖樂,攀爬組,磨石滑梯,鞦韆,組合遊具,鞦韆,組合遊具,搖搖樂,組合遊具,鞦韆,旋轉台,滾輪滑梯,組合遊具,翹翹板,遊戲板,搖搖樂,組合遊具,攀爬組,旋轉棒,磨石滑梯,搖搖樂,鞦韆,MONKEY BAR,宇宙穿梭機,時空訊息牆,景化小飛碟,黃金光束坡,搖搖樂,組合遊具,拉鍊響板,搖擺沙鈴,獅吼鼻頭,獅背攀爬網,獅眼滾珠迷宮,鈕扣獅,組合遊具,組合遊具,搖搖樂,組合遊具,搖搖樂,組合遊具,搖搖樂,組合遊具,鞦韆,翹翹板,組合遊具,搖搖樂,搖搖樂,組合遊具,組合遊具,戲沙坑,組合遊具,滑索(軌),鞦韆,搖搖馬,組合遊具,組合遊具,組合遊具,攀爬組,組合遊具,組合遊具,組合遊具,組合遊具,翹翹板,組合遊具, 磨石滑梯,組合遊具,攀爬組,磨石滑梯,搖搖樂,組合遊具,組合遊具,搖搖樂,戲沙坑,攀爬組,組合遊具,攀爬組,磨石滑梯,鞦韆,組合遊具,組合遊具,搖搖樂,磨石滑梯,組合遊具,搖搖樂,鞦韆,旋轉杯,組合遊具,翹翹板,組合遊具,搖搖樂,組合遊具,組合遊具,藤蔓綠森林組合遊具組,曲型單槓,搖搖樂,共融式旋轉碗碟,組合遊具,翹翹板,鞦韆,鞦韆,搖搖樂,組合遊具,組合遊具,探索年輪之環,板根網架,老松樹塔,組合遊具,組合遊具,鞦韆,原木擺盪攀爬遊具,旋轉擺盪座椅,擺盪船索,組合遊具,組合遊具,鞦韆,攀爬組,遊戲小屋,組合遊具,搖搖樂,翹翹板,組合遊具,旋轉木馬,搖搖樂,組合遊具,翹翹板,搖滾盤,攀爬組,組合遊具,組合遊具,組合遊具,無障礙旋轉盤\t,共融式恐龍造型遊具組,造型恐龍蛋休憩椅\t,磨石滑梯,鞦韆,磨石子溜滑梯,戲沙坑,組合遊具,翹翹板,跳樁,大坡面磨石溜滑梯,沙坑,鳥巢鞦韆,滑索(軌),組合遊具,鞦韆,組合遊具,組合遊具,磨石子滑梯,樹屋攀爬網,組合遊具,組合遊具,多元攀爬遊具,側向爬網,平衡獨木橋,磨石子滑梯,原木攀爬遊具,大轉轉椅,組合遊具,共融式綜合鞦韆組,曲型單槓,磨石滑梯,遊戲板,攀爬組,磨石滑梯,鞦韆,組合遊具,戲沙坑,攀爬組,鳥巢鞦韆,大海怪遊戲組,地面遊戲組,攀爬組,組合遊具,鞦韆,戲沙坑,恐龍磨石子滑梯,旋轉台,磨石滑梯,組合遊具,組合遊具,磨石滑梯,組合遊具,搖搖樂,組合遊具,搖搖樂,組合遊具,翹翹板,搖搖樂,吊床,組合遊具,組合遊具,搖搖樂,磨石滑梯,攀爬遊具,搖搖樂,搖搖樂,組合遊具,搖搖樂,組合遊具,翹翹板,組合遊具,搖搖樂,組合遊具,搖搖樂,組合遊具,組合遊具,鞦韆,組合遊具,組合遊具", "ObjectId": 590}}, {"type": "Feature", "id": 594, "geometry": {"type": "Point", "coordinates": [121.5247560551, 25.0309597984]}, "properties": {"SeqNo": 837, "pm_name": "金山公園", "pm_overview": "民國76年由郵政總局捐贈，107年規劃新建，已於108年12月18日正式開放。", "pm_unit": "大安區公所", "pm_const_year": "1987", "pm_location": "金山南路二段92巷底", "pm_LandPublicArea": 2286, "pm_opening_s": "00:00:00", "pm_opening_e": "24:00", "pm_libie": "錦泰里", "pm_phone": "02-23511711#9302", "pm_sports": "圓環滑動、上半身伸展、踏板伸展、懸吊伸展", "pm_recreation": "幸運餅乾溜滑梯、吊床、攀爬網", "pm_service": null, "pm_other": null, "pm_transit": "捷運路線：搭松山新店線或中和新蘆線至古亭捷運站6號出口，公車路線搭214、237、606、670至公企中心", "pm_name_eng": "Jinshan Park", "pm_ecology": null, "pm_type": "公園", "pm_playtype": "特色", "pm_playarea": 561, "pm_description": null, "pm_playeq": "彈跳床,搖滾盤,攀爬組,磨石滑梯,搖搖樂,翹翹板,搖搖樂,組合遊具,搖搖樂,組合遊具,鞦韆,攀爬組,磨石滑梯,翹翹板,組合遊具,翹翹板,木樁區,盪鞦韆,平衡木,彈跳床,搖搖樂,組合遊具,翹翹板,旋轉台,戲沙坑遊戲桌,搖搖樂,攀爬組,旋轉飛輪,組合遊具,翹翹板,磨石滑梯,攀爬組,磨石子滑梯,翹翹板,彈跳床,鳥巢鞦韆,戲沙坑,攀爬組,組合遊具,攀爬組,站立式搖動設備,組合遊具,翹翹板,小石搬運,搖搖馬,組合遊具,數字造型跳樁及水管隧道,搖滾盤,X型翹翹板,組合遊具,搖搖樂,組合遊具,旋轉桶椅,大旋轉組,組合遊具,搖搖樂,磨石滑梯,鳥巢鞦韆,旋轉桶椅,組合遊具,組合遊具,組合遊具,搖搖馬,組合遊具,翹翹板,搖搖樂,組合遊具,組合遊具,磨石滑梯,鞦韆及鳥巢鞦韆,彈跳床,攀爬組,木隧道,組合遊具,仿古代程沈船遊具,攀爬繩網組,攀爬組,鳥巢鞦韆,輪胎鞦韆,尿布鞦韆,沙坑,磨石子滑梯,旋轉台,彈跳床,雙滑軌溜索,搖搖馬,翹翹板,組合遊具,搖搖馬,組合遊具,攀爬組,組合遊具,組合遊具,攀爬組,搖搖馬,磨石子滑梯,旋轉杯,組合遊具,組合遊具,組合遊具,大轉轉杯,搖搖樂,組合遊具,翹翹板,滑梯,彈跳床,戲沙坑,擺盪船索,攀爬組,旋轉組,磨石滑梯,組合遊具,特色溜滑梯,攀爬組,旋轉棒,叢林攀爬組,4人旋轉器,搖搖樂,磨石滑梯,翹翹板,搖搖樂,組合遊具,組合遊具,組合遊具,爬繩,組合遊具(叢林攀爬組),獨木橋,組合遊具,遊戲板,組合遊具,攀爬組,盪鞦韆,搖搖樂,組合遊具,組合遊具,旋轉盤,鞦韆,攀爬組,旋轉盤,搖搖樂,組合遊具,特色溜滑梯,攀爬組,跳樁,鞦韆,搖搖馬,組合遊具,蹺蹺板,組合遊具,搖搖樂,組合遊具,組合遊具2,翹翹板及搖搖馬,組合遊具,天空樹溜滑梯,戲沙坑,搖搖樂,旋轉拉環,組合遊具, X型翹翹板,鞦韆,攀爬組,搖搖樂,組合遊具(村莊高塔),鞦韆,攀爬遊戲組,彈跳床,投籃機,擺盪船索,攀爬組,旋轉台,組合遊具,組合遊具,旋轉陀螺,旋轉台,組合遊具,攀爬組,搖搖樂,翹翹板,磨石滑梯,搖搖樂,跳樁,搖搖樂,攀爬組,組合遊具(滑梯小屋),旋轉盤,組合遊具,鳥巢盪鞦韆及一般坐式盪鞦韆,蝴蝶翹翹板,特色旋轉盤,金字塔滑梯組,機車搖搖樂,遊戲板,造型攀爬牆,攀爬網,組合遊具(環繞競技場遊具組),鞦韆,體能訓練平衡組,礫石坑,獨木樁,蜻蜓點水,木橋,平衡木,平衡木,跳樁,遊戲板,隧道,組合遊具(叢林攀爬組),搖晃板,組合遊具,遊戲板,隧道,組合遊具(遊戲城堡),旋轉座椅,競技攀爬遊具組,龍舟特色遊具組,滑梯,擊鼓,搖搖樂,組合遊具,翹翹板,組合遊具,翹翹板,木作組合遊具,搖搖樂,城堡遊戲組,大轉轉杯,搖搖樂,磨石滑梯,攀爬組,鞦韆,搖搖樂,組合遊具,組合遊具,搖滾盤,旋轉球椅,愛的搖籃,組合遊具,搖搖樂,旋轉杯,翹翹板,組合遊具,搖搖樂,組合遊具,搖搖樂,組合遊具,搖搖樂,組合遊具,攀爬組,搖搖樂,組合遊具,搖搖樂,組合遊具,組合遊具,彩虹琴,旋轉音樂盒,遊戲礫石坑,彈跳節拍,搖搖樂,組合遊具,翹翹板,組合遊具,組合遊具,搖搖樂,組合遊具,組合遊具,搖搖樂,組合遊具,攀爬組合滑梯,搖搖樂,組合遊具,組合遊具,翹翹板,組合遊具,搖搖樂,組合遊具,翹翹板,組合遊具,搖搖樂,翹翹板,旋轉杯,旋轉棒,搖搖樂,磨石滑梯,組合遊具,搖搖樂,攀爬組,旋轉台,磨石滑梯,組合遊具,跳樁,組合遊具,組合遊具,組合遊具,音樂球、叮噹管、歡樂鼓,無障礙旋轉盤,無障礙鞦韆,遊戲牆,滾輪滑梯,鳥巢鞦韆,旋轉杯,旋轉棒,鞦韆,小木屋,山丘滑梯,戲沙坑,搖搖樂,攀爬組,5人轉轉盤,彈跳床,戲沙坑,組合遊具,旋轉台,旋轉杯,旋轉棒, 磨石滑梯,翹翹板,遊戲板,鞦韆,組合遊具,攀爬組,磨石滑梯,磨石滑梯,組合遊具,火車特色滑梯,鞦韆,樹蛙籃球框,組合遊具,組合遊具,組合遊具,翹翹板,組合遊具,組合遊具,組合遊具,組合遊具,組合遊具,沙坑遊戲板,環型天梯無障礙上肢設施,旋轉杯,戲沙坑,攀爬組,磨石滑梯,跳樁,遊戲板,組合遊具,磨石滑梯,組合遊具,搖搖樂,組合遊具,組合遊具,組合遊具,磨石滑梯,翹翹板,搖搖樂,組合遊具,搖搖樂,組合遊具,組合遊具,搖搖樂,組合遊具-1,攀爬組,鞦韆,大港墘公園-沙坑,大港墘公園-磨石滑梯,大港墘公園-魔力飛盤鞦韆,大港墘公園-管型山丘,攀爬組,翹翹板,遊戲體能組,搖搖樂,組合遊具,搖搖樂,組合遊具,搖搖樂,組合遊具,搖搖樂,組合遊具,組合遊具,磨石滑梯,組合遊具,搖搖樂,組合遊具,搖搖樂,組合遊具,翹翹板,搖搖樂,搖搖樂,組合遊具,搖搖樂,組合遊具,搖搖樂,組合遊具,彈跳床,戲沙坑,攀爬組,磨石滑梯,組合遊具,鞦韆,搖搖樂,組合遊具,磨石滑梯,搖搖樂,磨石滑梯,鞦韆,組合遊具,鞦韆,戲沙坑,擺盪船索,組合遊具,搖搖樂,組合遊具,組合遊具,組合遊具,組合遊具,搖搖樂,組合遊具,戲沙坑,旋轉台,組合遊具,鞦韆,組合遊具,組合遊具,磨石滑梯,鞦韆,搖搖樂,組合遊具,攀爬架,搖搖樂,組合遊具,搖搖樂,搖搖樂,組合遊具,組合遊具,磨石滑梯,翹翹板,攀爬架,戲沙坑,船型遊具組,鞦韆,組合遊具,天旋地轉,組合遊具,組合遊具,搖搖樂,大轉轉杯,組合遊具,平衡木,搖搖樂,磨石滑梯,翹翹板,鞦韆,溜滑梯組合遊具,搖搖樂,翹翹板,木製攀爬架,搖搖樂,磨石滑梯,組合遊具,翹翹板,鞦韆,組合遊具,搖搖樂,組合遊具,組合遊具,組合遊具,擺盪螺旋跳跳樂,搖搖樂,攀爬組,磨石滑梯,鞦韆,組合遊具,鞦韆,組合遊具,搖搖樂,組合遊具,鞦韆,旋轉台,滾輪滑梯,組合遊具,翹翹板,遊戲板,搖搖樂,組合遊具,攀爬組,旋轉棒,磨石滑梯,搖搖樂,鞦韆,MONKEY BAR,宇宙穿梭機,時空訊息牆,景化小飛碟,黃金光束坡,搖搖樂,組合遊具,拉鍊響板,搖擺沙鈴,獅吼鼻頭,獅背攀爬網,獅眼滾珠迷宮,鈕扣獅,組合遊具,組合遊具,搖搖樂,組合遊具,搖搖樂,組合遊具,搖搖樂,組合遊具,鞦韆,翹翹板,組合遊具,搖搖樂,搖搖樂,組合遊具,組合遊具,戲沙坑,組合遊具,滑索(軌),鞦韆,搖搖馬,組合遊具,組合遊具,組合遊具,攀爬組,組合遊具,組合遊具,組合遊具,組合遊具,翹翹板,組合遊具, 磨石滑梯,組合遊具,攀爬組,磨石滑梯,搖搖樂,組合遊具,組合遊具,搖搖樂,戲沙坑,攀爬組,組合遊具,攀爬組,磨石滑梯,鞦韆,組合遊具,組合遊具,搖搖樂,磨石滑梯,組合遊具,搖搖樂,鞦韆,旋轉杯,組合遊具,翹翹板,組合遊具,搖搖樂,組合遊具,組合遊具,藤蔓綠森林組合遊具組,曲型單槓,搖搖樂,共融式旋轉碗碟,組合遊具,翹翹板,鞦韆,鞦韆,搖搖樂,組合遊具,組合遊具,探索年輪之環,板根網架,老松樹塔,組合遊具,組合遊具,鞦韆,原木擺盪攀爬遊具,旋轉擺盪座椅,擺盪船索,組合遊具,組合遊具,鞦韆,攀爬組,遊戲小屋,組合遊具,搖搖樂,翹翹板,組合遊具,旋轉木馬,搖搖樂,組合遊具,翹翹板,搖滾盤,攀爬組,組合遊具,組合遊具,組合遊具,無障礙旋轉盤\t,共融式恐龍造型遊具組,造型恐龍蛋休憩椅\t,磨石滑梯,鞦韆,磨石子溜滑梯,戲沙坑,組合遊具,翹翹板,跳樁,大坡面磨石溜滑梯,沙坑,鳥巢鞦韆,滑索(軌),組合遊具,鞦韆,組合遊具,組合遊具,磨石子滑梯,樹屋攀爬網,組合遊具,組合遊具,多元攀爬遊具,側向爬網,平衡獨木橋,磨石子滑梯,原木攀爬遊具,大轉轉椅,組合遊具,共融式綜合鞦韆組,曲型單槓,磨石滑梯,遊戲板,攀爬組,磨石滑梯,鞦韆,組合遊具,戲沙坑,攀爬組,鳥巢鞦韆,大海怪遊戲組,地面遊戲組,攀爬組,組合遊具,鞦韆,戲沙坑,恐龍磨石子滑梯,旋轉台,磨石滑梯,組合遊具,組合遊具,磨石滑梯,組合遊具,搖搖樂,組合遊具,搖搖樂,組合遊具,翹翹板,搖搖樂,吊床,組合遊具,組合遊具,搖搖樂,磨石滑梯,攀爬遊具,搖搖樂,搖搖樂,組合遊具,搖搖樂,組合遊具,翹翹板,組合遊具,搖搖樂,組合遊具,搖搖樂,組合遊具,組合遊具,鞦韆,組合遊具,組合遊具,5人轉轉椅,組合遊具,搖搖樂,磨石滑梯,攀爬網,幸運餅乾滑梯及吊床", "ObjectId": 594}}, {"type": "Feature", "id": 595, "geometry": {"type": "Point", "coordinates": [121.5268770542, 25.0329003787]}, "properties": {"SeqNo": 843, "pm_name": "金杭公園", "pm_overview": "金杭公園位於金山南路2段30巷，前身是荒廢已久的法務部臺北刑務所宿舍群，保留有市定古蹟臺北監獄北側圍牆遺址，整體公園改造依循著過去宿舍群紋理框架為配置，並將基地內對於獄政史具有深遠保存價值的監獄圍牆遺址，以及優質大樹資源予以妥善保留。", "pm_unit": "大安區公所", "pm_const_year": "2017", "pm_location": "金山南路二段30巷", "pm_LandPublicArea": 4271, "pm_opening_s": "00:00:00", "pm_opening_e": "24:00", "pm_libie": "光明里", "pm_phone": "02-23511711#9302", "pm_sports": "圓環滑動、踏板伸展、懸吊伸展、腿部伸展", "pm_recreation": "滑梯、搖搖樂", "pm_service": null, "pm_other": null, "pm_transit": "捷運東門站步行400公尺", "pm_name_eng": "Jinhang Park", "pm_ecology": null, "pm_type": "公園", "pm_playtype": "特色", "pm_playarea": 242, "pm_description": "金杭公園位在金山南路2段，2019/12/18完工啟用，占地近700坪。這裡早期為日據時期興建的公共浴池，與市定古蹟台北監獄南側圍牆，故以歷史與綠意為主題，打造具有歷史特色的公園。 公園內也有設置特色遊具，有一座鳥巢鞦韆、旋轉遊具、滑梯等。", "pm_playeq": "彈跳床,搖滾盤,攀爬組,磨石滑梯,搖搖樂,翹翹板,搖搖樂,組合遊具,搖搖樂,組合遊具,鞦韆,攀爬組,磨石滑梯,翹翹板,組合遊具,翹翹板,木樁區,盪鞦韆,平衡木,彈跳床,搖搖樂,組合遊具,翹翹板,旋轉台,戲沙坑遊戲桌,搖搖樂,攀爬組,旋轉飛輪,組合遊具,翹翹板,磨石滑梯,攀爬組,磨石子滑梯,翹翹板,彈跳床,鳥巢鞦韆,戲沙坑,攀爬組,組合遊具,攀爬組,站立式搖動設備,組合遊具,翹翹板,小石搬運,搖搖馬,組合遊具,數字造型跳樁及水管隧道,搖滾盤,X型翹翹板,組合遊具,搖搖樂,組合遊具,旋轉桶椅,大旋轉組,組合遊具,搖搖樂,磨石滑梯,鳥巢鞦韆,旋轉桶椅,組合遊具,組合遊具,組合遊具,搖搖馬,組合遊具,翹翹板,搖搖樂,組合遊具,組合遊具,磨石滑梯,鞦韆及鳥巢鞦韆,彈跳床,攀爬組,木隧道,組合遊具,仿古代程沈船遊具,攀爬繩網組,攀爬組,鳥巢鞦韆,輪胎鞦韆,尿布鞦韆,沙坑,磨石子滑梯,旋轉台,彈跳床,雙滑軌溜索,搖搖馬,翹翹板,組合遊具,搖搖馬,組合遊具,攀爬組,組合遊具,組合遊具,攀爬組,搖搖馬,磨石子滑梯,旋轉杯,組合遊具,組合遊具,組合遊具,大轉轉杯,搖搖樂,組合遊具,翹翹板,滑梯,彈跳床,戲沙坑,擺盪船索,攀爬組,旋轉組,磨石滑梯,組合遊具,特色溜滑梯,攀爬組,旋轉棒,叢林攀爬組,4人旋轉器,搖搖樂,磨石滑梯,翹翹板,搖搖樂,組合遊具,組合遊具,組合遊具,爬繩,組合遊具(叢林攀爬組),獨木橋,組合遊具,遊戲板,組合遊具,攀爬組,盪鞦韆,搖搖樂,組合遊具,組合遊具,旋轉盤,鞦韆,攀爬組,旋轉盤,搖搖樂,組合遊具,特色溜滑梯,攀爬組,跳樁,鞦韆,搖搖馬,組合遊具,蹺蹺板,組合遊具,搖搖樂,組合遊具,組合遊具2,翹翹板及搖搖馬,組合遊具,天空樹溜滑梯,戲沙坑,搖搖樂,旋轉拉環,組合遊具, X型翹翹板,鞦韆,攀爬組,搖搖樂,組合遊具(村莊高塔),鞦韆,攀爬遊戲組,彈跳床,投籃機,擺盪船索,攀爬組,旋轉台,組合遊具,組合遊具,旋轉陀螺,旋轉台,組合遊具,攀爬組,搖搖樂,翹翹板,磨石滑梯,搖搖樂,跳樁,搖搖樂,攀爬組,組合遊具(滑梯小屋),旋轉盤,組合遊具,鳥巢盪鞦韆及一般坐式盪鞦韆,蝴蝶翹翹板,特色旋轉盤,金字塔滑梯組,機車搖搖樂,遊戲板,造型攀爬牆,攀爬網,組合遊具(環繞競技場遊具組),鞦韆,體能訓練平衡組,礫石坑,獨木樁,蜻蜓點水,木橋,平衡木,平衡木,跳樁,遊戲板,隧道,組合遊具(叢林攀爬組),搖晃板,組合遊具,遊戲板,隧道,組合遊具(遊戲城堡),旋轉座椅,競技攀爬遊具組,龍舟特色遊具組,滑梯,擊鼓,搖搖樂,組合遊具,翹翹板,組合遊具,翹翹板,木作組合遊具,搖搖樂,城堡遊戲組,大轉轉杯,搖搖樂,磨石滑梯,攀爬組,鞦韆,搖搖樂,組合遊具,組合遊具,搖滾盤,旋轉球椅,愛的搖籃,組合遊具,搖搖樂,旋轉杯,翹翹板,組合遊具,搖搖樂,組合遊具,搖搖樂,組合遊具,搖搖樂,組合遊具,攀爬組,搖搖樂,組合遊具,搖搖樂,組合遊具,組合遊具,彩虹琴,旋轉音樂盒,遊戲礫石坑,彈跳節拍,搖搖樂,組合遊具,翹翹板,組合遊具,組合遊具,搖搖樂,組合遊具,組合遊具,搖搖樂,組合遊具,攀爬組合滑梯,搖搖樂,組合遊具,組合遊具,翹翹板,組合遊具,搖搖樂,組合遊具,翹翹板,組合遊具,搖搖樂,翹翹板,旋轉杯,旋轉棒,搖搖樂,磨石滑梯,組合遊具,搖搖樂,攀爬組,旋轉台,磨石滑梯,組合遊具,跳樁,組合遊具,組合遊具,組合遊具,音樂球、叮噹管、歡樂鼓,無障礙旋轉盤,無障礙鞦韆,遊戲牆,滾輪滑梯,鳥巢鞦韆,旋轉杯,旋轉棒,鞦韆,小木屋,山丘滑梯,戲沙坑,搖搖樂,攀爬組,5人轉轉盤,彈跳床,戲沙坑,組合遊具,旋轉台,旋轉杯,旋轉棒, 磨石滑梯,翹翹板,遊戲板,鞦韆,組合遊具,攀爬組,磨石滑梯,磨石滑梯,組合遊具,火車特色滑梯,鞦韆,樹蛙籃球框,組合遊具,組合遊具,組合遊具,翹翹板,組合遊具,組合遊具,組合遊具,組合遊具,組合遊具,沙坑遊戲板,環型天梯無障礙上肢設施,旋轉杯,戲沙坑,攀爬組,磨石滑梯,跳樁,遊戲板,組合遊具,磨石滑梯,組合遊具,搖搖樂,組合遊具,組合遊具,組合遊具,磨石滑梯,翹翹板,搖搖樂,組合遊具,搖搖樂,組合遊具,組合遊具,搖搖樂,組合遊具-1,攀爬組,鞦韆,大港墘公園-沙坑,大港墘公園-磨石滑梯,大港墘公園-魔力飛盤鞦韆,大港墘公園-管型山丘,攀爬組,翹翹板,遊戲體能組,搖搖樂,組合遊具,搖搖樂,組合遊具,搖搖樂,組合遊具,搖搖樂,組合遊具,組合遊具,磨石滑梯,組合遊具,搖搖樂,組合遊具,搖搖樂,組合遊具,翹翹板,搖搖樂,搖搖樂,組合遊具,搖搖樂,組合遊具,搖搖樂,組合遊具,彈跳床,戲沙坑,攀爬組,磨石滑梯,組合遊具,鞦韆,搖搖樂,組合遊具,磨石滑梯,搖搖樂,磨石滑梯,鞦韆,組合遊具,鞦韆,戲沙坑,擺盪船索,組合遊具,搖搖樂,組合遊具,組合遊具,組合遊具,組合遊具,搖搖樂,組合遊具,戲沙坑,旋轉台,組合遊具,鞦韆,組合遊具,組合遊具,磨石滑梯,鞦韆,搖搖樂,組合遊具,攀爬架,搖搖樂,組合遊具,搖搖樂,搖搖樂,組合遊具,組合遊具,磨石滑梯,翹翹板,攀爬架,戲沙坑,船型遊具組,鞦韆,組合遊具,天旋地轉,組合遊具,組合遊具,搖搖樂,大轉轉杯,組合遊具,平衡木,搖搖樂,磨石滑梯,翹翹板,鞦韆,溜滑梯組合遊具,搖搖樂,翹翹板,木製攀爬架,搖搖樂,磨石滑梯,組合遊具,翹翹板,鞦韆,組合遊具,搖搖樂,組合遊具,組合遊具,組合遊具,擺盪螺旋跳跳樂,搖搖樂,攀爬組,磨石滑梯,鞦韆,組合遊具,鞦韆,組合遊具,搖搖樂,組合遊具,鞦韆,旋轉台,滾輪滑梯,組合遊具,翹翹板,遊戲板,搖搖樂,組合遊具,攀爬組,旋轉棒,磨石滑梯,搖搖樂,鞦韆,MONKEY BAR,宇宙穿梭機,時空訊息牆,景化小飛碟,黃金光束坡,搖搖樂,組合遊具,拉鍊響板,搖擺沙鈴,獅吼鼻頭,獅背攀爬網,獅眼滾珠迷宮,鈕扣獅,組合遊具,組合遊具,搖搖樂,組合遊具,搖搖樂,組合遊具,搖搖樂,組合遊具,鞦韆,翹翹板,組合遊具,搖搖樂,搖搖樂,組合遊具,組合遊具,戲沙坑,組合遊具,滑索(軌),鞦韆,搖搖馬,組合遊具,組合遊具,組合遊具,攀爬組,組合遊具,組合遊具,組合遊具,組合遊具,翹翹板,組合遊具, 磨石滑梯,組合遊具,攀爬組,磨石滑梯,搖搖樂,組合遊具,組合遊具,搖搖樂,戲沙坑,攀爬組,組合遊具,攀爬組,磨石滑梯,鞦韆,組合遊具,組合遊具,搖搖樂,磨石滑梯,組合遊具,搖搖樂,鞦韆,旋轉杯,組合遊具,翹翹板,組合遊具,搖搖樂,組合遊具,組合遊具,藤蔓綠森林組合遊具組,曲型單槓,搖搖樂,共融式旋轉碗碟,組合遊具,翹翹板,鞦韆,鞦韆,搖搖樂,組合遊具,組合遊具,探索年輪之環,板根網架,老松樹塔,組合遊具,組合遊具,鞦韆,原木擺盪攀爬遊具,旋轉擺盪座椅,擺盪船索,組合遊具,組合遊具,鞦韆,攀爬組,遊戲小屋,組合遊具,搖搖樂,翹翹板,組合遊具,旋轉木馬,搖搖樂,組合遊具,翹翹板,搖滾盤,攀爬組,組合遊具,組合遊具,組合遊具,無障礙旋轉盤\t,共融式恐龍造型遊具組,造型恐龍蛋休憩椅\t,磨石滑梯,鞦韆,磨石子溜滑梯,戲沙坑,組合遊具,翹翹板,跳樁,大坡面磨石溜滑梯,沙坑,鳥巢鞦韆,滑索(軌),組合遊具,鞦韆,組合遊具,組合遊具,磨石子滑梯,樹屋攀爬網,組合遊具,組合遊具,多元攀爬遊具,側向爬網,平衡獨木橋,磨石子滑梯,原木攀爬遊具,大轉轉椅,組合遊具,共融式綜合鞦韆組,曲型單槓,磨石滑梯,遊戲板,攀爬組,磨石滑梯,鞦韆,組合遊具,戲沙坑,攀爬組,鳥巢鞦韆,大海怪遊戲組,地面遊戲組,攀爬組,組合遊具,鞦韆,戲沙坑,恐龍磨石子滑梯,旋轉台,磨石滑梯,組合遊具,組合遊具,磨石滑梯,組合遊具,搖搖樂,組合遊具,搖搖樂,組合遊具,翹翹板,搖搖樂,吊床,組合遊具,組合遊具,搖搖樂,磨石滑梯,攀爬遊具,搖搖樂,搖搖樂,組合遊具,搖搖樂,組合遊具,翹翹板,組合遊具,搖搖樂,組合遊具,搖搖樂,組合遊具,組合遊具,鞦韆,組合遊具,組合遊具,5人轉轉椅,組合遊具,搖搖樂,磨石滑梯,攀爬網,幸運餅乾滑梯及吊床,鳥巢鞦韆,旋轉設施,組合遊具", "ObjectId": 595}}, {"type": "Feature", "id": 596, "geometry": {"type": "Point", "coordinates": [121.53117371, 25.029590607]}, "properties": {"SeqNo": 46, "pm_name": "金華公園", "pm_overview": "金華公園(Jinhua Park)位於新生國小旁，面積4,390平方公尺，民國87年成立，另金華公園附設有地下停車場，為臺北市停車管理工程處管理。", "pm_unit": "大安區公所", "pm_const_year": "1998", "pm_location": "金華街164巷1弄3號", "pm_LandPublicArea": 4390, "pm_opening_s": "00:00:00", "pm_opening_e": "24:00", "pm_libie": "龍安里", "pm_phone": "02-23511711#9302", "pm_sports": "雙人浪板、太空漫步機、單槓", "pm_recreation": "翹翹板、組合遊具、搖搖樂", "pm_service": null, "pm_other": null, "pm_transit": "捷運路線:搭中和新蘆線或淡水信義線至東門站5號出口，公車路線搭253至金華國中", "pm_name_eng": "Jinhua Park", "pm_ecology": null, "pm_type": "公園", "pm_playtype": "一般", "pm_playarea": 65, "pm_description": null, "pm_playeq": "彈跳床,搖滾盤,攀爬組,磨石滑梯,搖搖樂,翹翹板,搖搖樂,組合遊具,搖搖樂,組合遊具,鞦韆,攀爬組,磨石滑梯,翹翹板,組合遊具,翹翹板,木樁區,盪鞦韆,平衡木,彈跳床,搖搖樂,組合遊具,翹翹板,旋轉台,戲沙坑遊戲桌,搖搖樂,攀爬組,旋轉飛輪,組合遊具,翹翹板,磨石滑梯,攀爬組,磨石子滑梯,翹翹板,彈跳床,鳥巢鞦韆,戲沙坑,攀爬組,組合遊具,攀爬組,站立式搖動設備,組合遊具,翹翹板,小石搬運,搖搖馬,組合遊具,數字造型跳樁及水管隧道,搖滾盤,X型翹翹板,組合遊具,搖搖樂,組合遊具,旋轉桶椅,大旋轉組,組合遊具,搖搖樂,磨石滑梯,鳥巢鞦韆,旋轉桶椅,組合遊具,組合遊具,組合遊具,搖搖馬,組合遊具,翹翹板,搖搖樂,組合遊具,組合遊具,磨石滑梯,鞦韆及鳥巢鞦韆,彈跳床,攀爬組,木隧道,組合遊具,仿古代程沈船遊具,攀爬繩網組,攀爬組,鳥巢鞦韆,輪胎鞦韆,尿布鞦韆,沙坑,磨石子滑梯,旋轉台,彈跳床,雙滑軌溜索,搖搖馬,翹翹板,組合遊具,搖搖馬,組合遊具,攀爬組,組合遊具,組合遊具,攀爬組,搖搖馬,磨石子滑梯,旋轉杯,組合遊具,組合遊具,組合遊具,大轉轉杯,搖搖樂,組合遊具,翹翹板,滑梯,彈跳床,戲沙坑,擺盪船索,攀爬組,旋轉組,磨石滑梯,組合遊具,特色溜滑梯,攀爬組,旋轉棒,叢林攀爬組,4人旋轉器,搖搖樂,磨石滑梯,翹翹板,搖搖樂,組合遊具,組合遊具,組合遊具,爬繩,組合遊具(叢林攀爬組),獨木橋,組合遊具,遊戲板,組合遊具,攀爬組,盪鞦韆,搖搖樂,組合遊具,組合遊具,旋轉盤,鞦韆,攀爬組,旋轉盤,搖搖樂,組合遊具,特色溜滑梯,攀爬組,跳樁,鞦韆,搖搖馬,組合遊具,蹺蹺板,組合遊具,搖搖樂,組合遊具,組合遊具2,翹翹板及搖搖馬,組合遊具,天空樹溜滑梯,戲沙坑,搖搖樂,旋轉拉環,組合遊具, X型翹翹板,鞦韆,攀爬組,搖搖樂,組合遊具(村莊高塔),鞦韆,攀爬遊戲組,彈跳床,投籃機,擺盪船索,攀爬組,旋轉台,組合遊具,組合遊具,旋轉陀螺,旋轉台,組合遊具,攀爬組,搖搖樂,翹翹板,磨石滑梯,搖搖樂,跳樁,搖搖樂,攀爬組,組合遊具(滑梯小屋),旋轉盤,組合遊具,鳥巢盪鞦韆及一般坐式盪鞦韆,蝴蝶翹翹板,特色旋轉盤,金字塔滑梯組,機車搖搖樂,遊戲板,造型攀爬牆,攀爬網,組合遊具(環繞競技場遊具組),鞦韆,體能訓練平衡組,礫石坑,獨木樁,蜻蜓點水,木橋,平衡木,平衡木,跳樁,遊戲板,隧道,組合遊具(叢林攀爬組),搖晃板,組合遊具,遊戲板,隧道,組合遊具(遊戲城堡),旋轉座椅,競技攀爬遊具組,龍舟特色遊具組,滑梯,擊鼓,搖搖樂,組合遊具,翹翹板,組合遊具,翹翹板,木作組合遊具,搖搖樂,城堡遊戲組,大轉轉杯,搖搖樂,磨石滑梯,攀爬組,鞦韆,搖搖樂,組合遊具,組合遊具,搖滾盤,旋轉球椅,愛的搖籃,組合遊具,搖搖樂,旋轉杯,翹翹板,組合遊具,搖搖樂,組合遊具,搖搖樂,組合遊具,搖搖樂,組合遊具,攀爬組,搖搖樂,組合遊具,搖搖樂,組合遊具,組合遊具,彩虹琴,旋轉音樂盒,遊戲礫石坑,彈跳節拍,搖搖樂,組合遊具,翹翹板,組合遊具,組合遊具,搖搖樂,組合遊具,組合遊具,搖搖樂,組合遊具,攀爬組合滑梯,搖搖樂,組合遊具,組合遊具,翹翹板,組合遊具,搖搖樂,組合遊具,翹翹板,組合遊具,搖搖樂,翹翹板,旋轉杯,旋轉棒,搖搖樂,磨石滑梯,組合遊具,搖搖樂,攀爬組,旋轉台,磨石滑梯,組合遊具,跳樁,組合遊具,組合遊具,組合遊具,音樂球、叮噹管、歡樂鼓,無障礙旋轉盤,無障礙鞦韆,遊戲牆,滾輪滑梯,鳥巢鞦韆,旋轉杯,旋轉棒,鞦韆,小木屋,山丘滑梯,戲沙坑,搖搖樂,攀爬組,5人轉轉盤,彈跳床,戲沙坑,組合遊具,旋轉台,旋轉杯,旋轉棒, 磨石滑梯,翹翹板,遊戲板,鞦韆,組合遊具,攀爬組,磨石滑梯,磨石滑梯,組合遊具,火車特色滑梯,鞦韆,樹蛙籃球框,組合遊具,組合遊具,組合遊具,翹翹板,組合遊具,組合遊具,組合遊具,組合遊具,組合遊具,沙坑遊戲板,環型天梯無障礙上肢設施,旋轉杯,戲沙坑,攀爬組,磨石滑梯,跳樁,遊戲板,組合遊具,磨石滑梯,組合遊具,搖搖樂,組合遊具,組合遊具,組合遊具,磨石滑梯,翹翹板,搖搖樂,組合遊具,搖搖樂,組合遊具,組合遊具,搖搖樂,組合遊具-1,攀爬組,鞦韆,大港墘公園-沙坑,大港墘公園-磨石滑梯,大港墘公園-魔力飛盤鞦韆,大港墘公園-管型山丘,攀爬組,翹翹板,遊戲體能組,搖搖樂,組合遊具,搖搖樂,組合遊具,搖搖樂,組合遊具,搖搖樂,組合遊具,組合遊具,磨石滑梯,組合遊具,搖搖樂,組合遊具,搖搖樂,組合遊具,翹翹板,搖搖樂,搖搖樂,組合遊具,搖搖樂,組合遊具,搖搖樂,組合遊具,彈跳床,戲沙坑,攀爬組,磨石滑梯,組合遊具,鞦韆,搖搖樂,組合遊具,磨石滑梯,搖搖樂,磨石滑梯,鞦韆,組合遊具,鞦韆,戲沙坑,擺盪船索,組合遊具,搖搖樂,組合遊具,組合遊具,組合遊具,組合遊具,搖搖樂,組合遊具,戲沙坑,旋轉台,組合遊具,鞦韆,組合遊具,組合遊具,磨石滑梯,鞦韆,搖搖樂,組合遊具,攀爬架,搖搖樂,組合遊具,搖搖樂,搖搖樂,組合遊具,組合遊具,磨石滑梯,翹翹板,攀爬架,戲沙坑,船型遊具組,鞦韆,組合遊具,天旋地轉,組合遊具,組合遊具,搖搖樂,大轉轉杯,組合遊具,平衡木,搖搖樂,磨石滑梯,翹翹板,鞦韆,溜滑梯組合遊具,搖搖樂,翹翹板,木製攀爬架,搖搖樂,磨石滑梯,組合遊具,翹翹板,鞦韆,組合遊具,搖搖樂,組合遊具,組合遊具,組合遊具,擺盪螺旋跳跳樂,搖搖樂,攀爬組,磨石滑梯,鞦韆,組合遊具,鞦韆,組合遊具,搖搖樂,組合遊具,鞦韆,旋轉台,滾輪滑梯,組合遊具,翹翹板,遊戲板,搖搖樂,組合遊具,攀爬組,旋轉棒,磨石滑梯,搖搖樂,鞦韆,MONKEY BAR,宇宙穿梭機,時空訊息牆,景化小飛碟,黃金光束坡,搖搖樂,組合遊具,拉鍊響板,搖擺沙鈴,獅吼鼻頭,獅背攀爬網,獅眼滾珠迷宮,鈕扣獅,組合遊具,組合遊具,搖搖樂,組合遊具,搖搖樂,組合遊具,搖搖樂,組合遊具,鞦韆,翹翹板,組合遊具,搖搖樂,搖搖樂,組合遊具,組合遊具,戲沙坑,組合遊具,滑索(軌),鞦韆,搖搖馬,組合遊具,組合遊具,組合遊具,攀爬組,組合遊具,組合遊具,組合遊具,組合遊具,翹翹板,組合遊具, 磨石滑梯,組合遊具,攀爬組,磨石滑梯,搖搖樂,組合遊具,組合遊具,搖搖樂,戲沙坑,攀爬組,組合遊具,攀爬組,磨石滑梯,鞦韆,組合遊具,組合遊具,搖搖樂,磨石滑梯,組合遊具,搖搖樂,鞦韆,旋轉杯,組合遊具,翹翹板,組合遊具,搖搖樂,組合遊具,組合遊具,藤蔓綠森林組合遊具組,曲型單槓,搖搖樂,共融式旋轉碗碟,組合遊具,翹翹板,鞦韆,鞦韆,搖搖樂,組合遊具,組合遊具,探索年輪之環,板根網架,老松樹塔,組合遊具,組合遊具,鞦韆,原木擺盪攀爬遊具,旋轉擺盪座椅,擺盪船索,組合遊具,組合遊具,鞦韆,攀爬組,遊戲小屋,組合遊具,搖搖樂,翹翹板,組合遊具,旋轉木馬,搖搖樂,組合遊具,翹翹板,搖滾盤,攀爬組,組合遊具,組合遊具,組合遊具,無障礙旋轉盤\t,共融式恐龍造型遊具組,造型恐龍蛋休憩椅\t,磨石滑梯,鞦韆,磨石子溜滑梯,戲沙坑,組合遊具,翹翹板,跳樁,大坡面磨石溜滑梯,沙坑,鳥巢鞦韆,滑索(軌),組合遊具,鞦韆,組合遊具,組合遊具,磨石子滑梯,樹屋攀爬網,組合遊具,組合遊具,多元攀爬遊具,側向爬網,平衡獨木橋,磨石子滑梯,原木攀爬遊具,大轉轉椅,組合遊具,共融式綜合鞦韆組,曲型單槓,磨石滑梯,遊戲板,攀爬組,磨石滑梯,鞦韆,組合遊具,戲沙坑,攀爬組,鳥巢鞦韆,大海怪遊戲組,地面遊戲組,攀爬組,組合遊具,鞦韆,戲沙坑,恐龍磨石子滑梯,旋轉台,磨石滑梯,組合遊具,組合遊具,磨石滑梯,組合遊具,搖搖樂,組合遊具,搖搖樂,組合遊具,翹翹板,搖搖樂,吊床,組合遊具,組合遊具,搖搖樂,磨石滑梯,攀爬遊具,搖搖樂,搖搖樂,組合遊具,搖搖樂,組合遊具,翹翹板,組合遊具,搖搖樂,組合遊具,搖搖樂,組合遊具,組合遊具,鞦韆,組合遊具,組合遊具,5人轉轉椅,組合遊具,搖搖樂,磨石滑梯,攀爬網,幸運餅乾滑梯及吊床,鳥巢鞦韆,旋轉設施,組合遊具,搖搖樂,翹翹板", "ObjectId": 596}}, {"type": "Feature", "id": 597, "geometry": {"type": "Point", "coordinates": [121.54225922, 25.036340714]}, "properties": {"SeqNo": 644, "pm_name": "附中公園", "pm_overview": "附中公園(Fujong Park)因緊鄰師大附中故而為名，綠草如茵的空間及扶疏花木營造出都市中一片綠意。灰白相間石子地坪、亭柱相映成趣。", "pm_unit": "大安區公所", "pm_const_year": "1998", "pm_location": "信義路3段147巷內", "pm_LandPublicArea": 2369, "pm_opening_s": "00:00:00", "pm_opening_e": "24:00", "pm_libie": "和安里", "pm_phone": "02-23511711#9302", "pm_sports": null, "pm_recreation": "組合遊具、搖搖樂", "pm_service": null, "pm_other": null, "pm_transit": "捷運路線:搭文湖線或淡水信義線至大安捷運站6號出口，公車路線搭204、278、278區、685、復興幹線至和安里", "pm_name_eng": "Fujong Park", "pm_ecology": null, "pm_type": "公園", "pm_playtype": "一般", "pm_playarea": 70, "pm_description": null, "pm_playeq": "彈跳床,搖滾盤,攀爬組,磨石滑梯,搖搖樂,翹翹板,搖搖樂,組合遊具,搖搖樂,組合遊具,鞦韆,攀爬組,磨石滑梯,翹翹板,組合遊具,翹翹板,木樁區,盪鞦韆,平衡木,彈跳床,搖搖樂,組合遊具,翹翹板,旋轉台,戲沙坑遊戲桌,搖搖樂,攀爬組,旋轉飛輪,組合遊具,翹翹板,磨石滑梯,攀爬組,磨石子滑梯,翹翹板,彈跳床,鳥巢鞦韆,戲沙坑,攀爬組,組合遊具,攀爬組,站立式搖動設備,組合遊具,翹翹板,小石搬運,搖搖馬,組合遊具,數字造型跳樁及水管隧道,搖滾盤,X型翹翹板,組合遊具,搖搖樂,組合遊具,旋轉桶椅,大旋轉組,組合遊具,搖搖樂,磨石滑梯,鳥巢鞦韆,旋轉桶椅,組合遊具,組合遊具,組合遊具,搖搖馬,組合遊具,翹翹板,搖搖樂,組合遊具,組合遊具,磨石滑梯,鞦韆及鳥巢鞦韆,彈跳床,攀爬組,木隧道,組合遊具,仿古代程沈船遊具,攀爬繩網組,攀爬組,鳥巢鞦韆,輪胎鞦韆,尿布鞦韆,沙坑,磨石子滑梯,旋轉台,彈跳床,雙滑軌溜索,搖搖馬,翹翹板,組合遊具,搖搖馬,組合遊具,攀爬組,組合遊具,組合遊具,攀爬組,搖搖馬,磨石子滑梯,旋轉杯,組合遊具,組合遊具,組合遊具,大轉轉杯,搖搖樂,組合遊具,翹翹板,滑梯,彈跳床,戲沙坑,擺盪船索,攀爬組,旋轉組,磨石滑梯,組合遊具,特色溜滑梯,攀爬組,旋轉棒,叢林攀爬組,4人旋轉器,搖搖樂,磨石滑梯,翹翹板,搖搖樂,組合遊具,組合遊具,組合遊具,爬繩,組合遊具(叢林攀爬組),獨木橋,組合遊具,遊戲板,組合遊具,攀爬組,盪鞦韆,搖搖樂,組合遊具,組合遊具,旋轉盤,鞦韆,攀爬組,旋轉盤,搖搖樂,組合遊具,特色溜滑梯,攀爬組,跳樁,鞦韆,搖搖馬,組合遊具,蹺蹺板,組合遊具,搖搖樂,組合遊具,組合遊具2,翹翹板及搖搖馬,組合遊具,天空樹溜滑梯,戲沙坑,搖搖樂,旋轉拉環,組合遊具, X型翹翹板,鞦韆,攀爬組,搖搖樂,組合遊具(村莊高塔),鞦韆,攀爬遊戲組,彈跳床,投籃機,擺盪船索,攀爬組,旋轉台,組合遊具,組合遊具,旋轉陀螺,旋轉台,組合遊具,攀爬組,搖搖樂,翹翹板,磨石滑梯,搖搖樂,跳樁,搖搖樂,攀爬組,組合遊具(滑梯小屋),旋轉盤,組合遊具,鳥巢盪鞦韆及一般坐式盪鞦韆,蝴蝶翹翹板,特色旋轉盤,金字塔滑梯組,機車搖搖樂,遊戲板,造型攀爬牆,攀爬網,組合遊具(環繞競技場遊具組),鞦韆,體能訓練平衡組,礫石坑,獨木樁,蜻蜓點水,木橋,平衡木,平衡木,跳樁,遊戲板,隧道,組合遊具(叢林攀爬組),搖晃板,組合遊具,遊戲板,隧道,組合遊具(遊戲城堡),旋轉座椅,競技攀爬遊具組,龍舟特色遊具組,滑梯,擊鼓,搖搖樂,組合遊具,翹翹板,組合遊具,翹翹板,木作組合遊具,搖搖樂,城堡遊戲組,大轉轉杯,搖搖樂,磨石滑梯,攀爬組,鞦韆,搖搖樂,組合遊具,組合遊具,搖滾盤,旋轉球椅,愛的搖籃,組合遊具,搖搖樂,旋轉杯,翹翹板,組合遊具,搖搖樂,組合遊具,搖搖樂,組合遊具,搖搖樂,組合遊具,攀爬組,搖搖樂,組合遊具,搖搖樂,組合遊具,組合遊具,彩虹琴,旋轉音樂盒,遊戲礫石坑,彈跳節拍,搖搖樂,組合遊具,翹翹板,組合遊具,組合遊具,搖搖樂,組合遊具,組合遊具,搖搖樂,組合遊具,攀爬組合滑梯,搖搖樂,組合遊具,組合遊具,翹翹板,組合遊具,搖搖樂,組合遊具,翹翹板,組合遊具,搖搖樂,翹翹板,旋轉杯,旋轉棒,搖搖樂,磨石滑梯,組合遊具,搖搖樂,攀爬組,旋轉台,磨石滑梯,組合遊具,跳樁,組合遊具,組合遊具,組合遊具,音樂球、叮噹管、歡樂鼓,無障礙旋轉盤,無障礙鞦韆,遊戲牆,滾輪滑梯,鳥巢鞦韆,旋轉杯,旋轉棒,鞦韆,小木屋,山丘滑梯,戲沙坑,搖搖樂,攀爬組,5人轉轉盤,彈跳床,戲沙坑,組合遊具,旋轉台,旋轉杯,旋轉棒, 磨石滑梯,翹翹板,遊戲板,鞦韆,組合遊具,攀爬組,磨石滑梯,磨石滑梯,組合遊具,火車特色滑梯,鞦韆,樹蛙籃球框,組合遊具,組合遊具,組合遊具,翹翹板,組合遊具,組合遊具,組合遊具,組合遊具,組合遊具,沙坑遊戲板,環型天梯無障礙上肢設施,旋轉杯,戲沙坑,攀爬組,磨石滑梯,跳樁,遊戲板,組合遊具,磨石滑梯,組合遊具,搖搖樂,組合遊具,組合遊具,組合遊具,磨石滑梯,翹翹板,搖搖樂,組合遊具,搖搖樂,組合遊具,組合遊具,搖搖樂,組合遊具-1,攀爬組,鞦韆,大港墘公園-沙坑,大港墘公園-磨石滑梯,大港墘公園-魔力飛盤鞦韆,大港墘公園-管型山丘,攀爬組,翹翹板,遊戲體能組,搖搖樂,組合遊具,搖搖樂,組合遊具,搖搖樂,組合遊具,搖搖樂,組合遊具,組合遊具,磨石滑梯,組合遊具,搖搖樂,組合遊具,搖搖樂,組合遊具,翹翹板,搖搖樂,搖搖樂,組合遊具,搖搖樂,組合遊具,搖搖樂,組合遊具,彈跳床,戲沙坑,攀爬組,磨石滑梯,組合遊具,鞦韆,搖搖樂,組合遊具,磨石滑梯,搖搖樂,磨石滑梯,鞦韆,組合遊具,鞦韆,戲沙坑,擺盪船索,組合遊具,搖搖樂,組合遊具,組合遊具,組合遊具,組合遊具,搖搖樂,組合遊具,戲沙坑,旋轉台,組合遊具,鞦韆,組合遊具,組合遊具,磨石滑梯,鞦韆,搖搖樂,組合遊具,攀爬架,搖搖樂,組合遊具,搖搖樂,搖搖樂,組合遊具,組合遊具,磨石滑梯,翹翹板,攀爬架,戲沙坑,船型遊具組,鞦韆,組合遊具,天旋地轉,組合遊具,組合遊具,搖搖樂,大轉轉杯,組合遊具,平衡木,搖搖樂,磨石滑梯,翹翹板,鞦韆,溜滑梯組合遊具,搖搖樂,翹翹板,木製攀爬架,搖搖樂,磨石滑梯,組合遊具,翹翹板,鞦韆,組合遊具,搖搖樂,組合遊具,組合遊具,組合遊具,擺盪螺旋跳跳樂,搖搖樂,攀爬組,磨石滑梯,鞦韆,組合遊具,鞦韆,組合遊具,搖搖樂,組合遊具,鞦韆,旋轉台,滾輪滑梯,組合遊具,翹翹板,遊戲板,搖搖樂,組合遊具,攀爬組,旋轉棒,磨石滑梯,搖搖樂,鞦韆,MONKEY BAR,宇宙穿梭機,時空訊息牆,景化小飛碟,黃金光束坡,搖搖樂,組合遊具,拉鍊響板,搖擺沙鈴,獅吼鼻頭,獅背攀爬網,獅眼滾珠迷宮,鈕扣獅,組合遊具,組合遊具,搖搖樂,組合遊具,搖搖樂,組合遊具,搖搖樂,組合遊具,鞦韆,翹翹板,組合遊具,搖搖樂,搖搖樂,組合遊具,組合遊具,戲沙坑,組合遊具,滑索(軌),鞦韆,搖搖馬,組合遊具,組合遊具,組合遊具,攀爬組,組合遊具,組合遊具,組合遊具,組合遊具,翹翹板,組合遊具, 磨石滑梯,組合遊具,攀爬組,磨石滑梯,搖搖樂,組合遊具,組合遊具,搖搖樂,戲沙坑,攀爬組,組合遊具,攀爬組,磨石滑梯,鞦韆,組合遊具,組合遊具,搖搖樂,磨石滑梯,組合遊具,搖搖樂,鞦韆,旋轉杯,組合遊具,翹翹板,組合遊具,搖搖樂,組合遊具,組合遊具,藤蔓綠森林組合遊具組,曲型單槓,搖搖樂,共融式旋轉碗碟,組合遊具,翹翹板,鞦韆,鞦韆,搖搖樂,組合遊具,組合遊具,探索年輪之環,板根網架,老松樹塔,組合遊具,組合遊具,鞦韆,原木擺盪攀爬遊具,旋轉擺盪座椅,擺盪船索,組合遊具,組合遊具,鞦韆,攀爬組,遊戲小屋,組合遊具,搖搖樂,翹翹板,組合遊具,旋轉木馬,搖搖樂,組合遊具,翹翹板,搖滾盤,攀爬組,組合遊具,組合遊具,組合遊具,無障礙旋轉盤\t,共融式恐龍造型遊具組,造型恐龍蛋休憩椅\t,磨石滑梯,鞦韆,磨石子溜滑梯,戲沙坑,組合遊具,翹翹板,跳樁,大坡面磨石溜滑梯,沙坑,鳥巢鞦韆,滑索(軌),組合遊具,鞦韆,組合遊具,組合遊具,磨石子滑梯,樹屋攀爬網,組合遊具,組合遊具,多元攀爬遊具,側向爬網,平衡獨木橋,磨石子滑梯,原木攀爬遊具,大轉轉椅,組合遊具,共融式綜合鞦韆組,曲型單槓,磨石滑梯,遊戲板,攀爬組,磨石滑梯,鞦韆,組合遊具,戲沙坑,攀爬組,鳥巢鞦韆,大海怪遊戲組,地面遊戲組,攀爬組,組合遊具,鞦韆,戲沙坑,恐龍磨石子滑梯,旋轉台,磨石滑梯,組合遊具,組合遊具,磨石滑梯,組合遊具,搖搖樂,組合遊具,搖搖樂,組合遊具,翹翹板,搖搖樂,吊床,組合遊具,組合遊具,搖搖樂,磨石滑梯,攀爬遊具,搖搖樂,搖搖樂,組合遊具,搖搖樂,組合遊具,翹翹板,組合遊具,搖搖樂,組合遊具,搖搖樂,組合遊具,組合遊具,鞦韆,組合遊具,組合遊具,5人轉轉椅,組合遊具,搖搖樂,磨石滑梯,攀爬網,幸運餅乾滑梯及吊床,鳥巢鞦韆,旋轉設施,組合遊具,搖搖樂,翹翹板,組合遊具", "ObjectId": 597}}, {"type": "Feature", "id": 601, "geometry": {"type": "Point", "coordinates": [121.5545578, 25.032159805]}, "properties": {"SeqNo": 227, "pm_name": "通化公園", "pm_overview": "通化公園(Tonghua Park)位於文昌街與通化街口，原名文通公園，周邊文昌街為臺北市著名家具街，附近又有臨江夜市，遊客絡繹不絕。", "pm_unit": "大安區公所", "pm_const_year": "1987", "pm_location": "文昌街與通化街口", "pm_LandPublicArea": 1180, "pm_opening_s": "00:00:00", "pm_opening_e": "24:00", "pm_libie": "通化里", "pm_phone": "02-23511711#9302", "pm_sports": "單槓", "pm_recreation": "組合遊具", "pm_service": null, "pm_other": null, "pm_transit": "捷運路線:搭淡水信義線至信義安和捷運站4號出口，公車路線搭20、22、33、37、88、88區、226、292、1503、紅線、信義幹線至信義通化街口", "pm_name_eng": "Tonghua Park", "pm_ecology": null, "pm_type": "公園", "pm_playtype": "一般", "pm_playarea": 55, "pm_description": null, "pm_playeq": "彈跳床,搖滾盤,攀爬組,磨石滑梯,搖搖樂,翹翹板,搖搖樂,組合遊具,搖搖樂,組合遊具,鞦韆,攀爬組,磨石滑梯,翹翹板,組合遊具,翹翹板,木樁區,盪鞦韆,平衡木,彈跳床,搖搖樂,組合遊具,翹翹板,旋轉台,戲沙坑遊戲桌,搖搖樂,攀爬組,旋轉飛輪,組合遊具,翹翹板,磨石滑梯,攀爬組,磨石子滑梯,翹翹板,彈跳床,鳥巢鞦韆,戲沙坑,攀爬組,組合遊具,攀爬組,站立式搖動設備,組合遊具,翹翹板,小石搬運,搖搖馬,組合遊具,數字造型跳樁及水管隧道,搖滾盤,X型翹翹板,組合遊具,搖搖樂,組合遊具,旋轉桶椅,大旋轉組,組合遊具,搖搖樂,磨石滑梯,鳥巢鞦韆,旋轉桶椅,組合遊具,組合遊具,組合遊具,搖搖馬,組合遊具,翹翹板,搖搖樂,組合遊具,組合遊具,磨石滑梯,鞦韆及鳥巢鞦韆,彈跳床,攀爬組,木隧道,組合遊具,仿古代程沈船遊具,攀爬繩網組,攀爬組,鳥巢鞦韆,輪胎鞦韆,尿布鞦韆,沙坑,磨石子滑梯,旋轉台,彈跳床,雙滑軌溜索,搖搖馬,翹翹板,組合遊具,搖搖馬,組合遊具,攀爬組,組合遊具,組合遊具,攀爬組,搖搖馬,磨石子滑梯,旋轉杯,組合遊具,組合遊具,組合遊具,大轉轉杯,搖搖樂,組合遊具,翹翹板,滑梯,彈跳床,戲沙坑,擺盪船索,攀爬組,旋轉組,磨石滑梯,組合遊具,特色溜滑梯,攀爬組,旋轉棒,叢林攀爬組,4人旋轉器,搖搖樂,磨石滑梯,翹翹板,搖搖樂,組合遊具,組合遊具,組合遊具,爬繩,組合遊具(叢林攀爬組),獨木橋,組合遊具,遊戲板,組合遊具,攀爬組,盪鞦韆,搖搖樂,組合遊具,組合遊具,旋轉盤,鞦韆,攀爬組,旋轉盤,搖搖樂,組合遊具,特色溜滑梯,攀爬組,跳樁,鞦韆,搖搖馬,組合遊具,蹺蹺板,組合遊具,搖搖樂,組合遊具,組合遊具2,翹翹板及搖搖馬,組合遊具,天空樹溜滑梯,戲沙坑,搖搖樂,旋轉拉環,組合遊具, X型翹翹板,鞦韆,攀爬組,搖搖樂,組合遊具(村莊高塔),鞦韆,攀爬遊戲組,彈跳床,投籃機,擺盪船索,攀爬組,旋轉台,組合遊具,組合遊具,旋轉陀螺,旋轉台,組合遊具,攀爬組,搖搖樂,翹翹板,磨石滑梯,搖搖樂,跳樁,搖搖樂,攀爬組,組合遊具(滑梯小屋),旋轉盤,組合遊具,鳥巢盪鞦韆及一般坐式盪鞦韆,蝴蝶翹翹板,特色旋轉盤,金字塔滑梯組,機車搖搖樂,遊戲板,造型攀爬牆,攀爬網,組合遊具(環繞競技場遊具組),鞦韆,體能訓練平衡組,礫石坑,獨木樁,蜻蜓點水,木橋,平衡木,平衡木,跳樁,遊戲板,隧道,組合遊具(叢林攀爬組),搖晃板,組合遊具,遊戲板,隧道,組合遊具(遊戲城堡),旋轉座椅,競技攀爬遊具組,龍舟特色遊具組,滑梯,擊鼓,搖搖樂,組合遊具,翹翹板,組合遊具,翹翹板,木作組合遊具,搖搖樂,城堡遊戲組,大轉轉杯,搖搖樂,磨石滑梯,攀爬組,鞦韆,搖搖樂,組合遊具,組合遊具,搖滾盤,旋轉球椅,愛的搖籃,組合遊具,搖搖樂,旋轉杯,翹翹板,組合遊具,搖搖樂,組合遊具,搖搖樂,組合遊具,搖搖樂,組合遊具,攀爬組,搖搖樂,組合遊具,搖搖樂,組合遊具,組合遊具,彩虹琴,旋轉音樂盒,遊戲礫石坑,彈跳節拍,搖搖樂,組合遊具,翹翹板,組合遊具,組合遊具,搖搖樂,組合遊具,組合遊具,搖搖樂,組合遊具,攀爬組合滑梯,搖搖樂,組合遊具,組合遊具,翹翹板,組合遊具,搖搖樂,組合遊具,翹翹板,組合遊具,搖搖樂,翹翹板,旋轉杯,旋轉棒,搖搖樂,磨石滑梯,組合遊具,搖搖樂,攀爬組,旋轉台,磨石滑梯,組合遊具,跳樁,組合遊具,組合遊具,組合遊具,音樂球、叮噹管、歡樂鼓,無障礙旋轉盤,無障礙鞦韆,遊戲牆,滾輪滑梯,鳥巢鞦韆,旋轉杯,旋轉棒,鞦韆,小木屋,山丘滑梯,戲沙坑,搖搖樂,攀爬組,5人轉轉盤,彈跳床,戲沙坑,組合遊具,旋轉台,旋轉杯,旋轉棒, 磨石滑梯,翹翹板,遊戲板,鞦韆,組合遊具,攀爬組,磨石滑梯,磨石滑梯,組合遊具,火車特色滑梯,鞦韆,樹蛙籃球框,組合遊具,組合遊具,組合遊具,翹翹板,組合遊具,組合遊具,組合遊具,組合遊具,組合遊具,沙坑遊戲板,環型天梯無障礙上肢設施,旋轉杯,戲沙坑,攀爬組,磨石滑梯,跳樁,遊戲板,組合遊具,磨石滑梯,組合遊具,搖搖樂,組合遊具,組合遊具,組合遊具,磨石滑梯,翹翹板,搖搖樂,組合遊具,搖搖樂,組合遊具,組合遊具,搖搖樂,組合遊具-1,攀爬組,鞦韆,大港墘公園-沙坑,大港墘公園-磨石滑梯,大港墘公園-魔力飛盤鞦韆,大港墘公園-管型山丘,攀爬組,翹翹板,遊戲體能組,搖搖樂,組合遊具,搖搖樂,組合遊具,搖搖樂,組合遊具,搖搖樂,組合遊具,組合遊具,磨石滑梯,組合遊具,搖搖樂,組合遊具,搖搖樂,組合遊具,翹翹板,搖搖樂,搖搖樂,組合遊具,搖搖樂,組合遊具,搖搖樂,組合遊具,彈跳床,戲沙坑,攀爬組,磨石滑梯,組合遊具,鞦韆,搖搖樂,組合遊具,磨石滑梯,搖搖樂,磨石滑梯,鞦韆,組合遊具,鞦韆,戲沙坑,擺盪船索,組合遊具,搖搖樂,組合遊具,組合遊具,組合遊具,組合遊具,搖搖樂,組合遊具,戲沙坑,旋轉台,組合遊具,鞦韆,組合遊具,組合遊具,磨石滑梯,鞦韆,搖搖樂,組合遊具,攀爬架,搖搖樂,組合遊具,搖搖樂,搖搖樂,組合遊具,組合遊具,磨石滑梯,翹翹板,攀爬架,戲沙坑,船型遊具組,鞦韆,組合遊具,天旋地轉,組合遊具,組合遊具,搖搖樂,大轉轉杯,組合遊具,平衡木,搖搖樂,磨石滑梯,翹翹板,鞦韆,溜滑梯組合遊具,搖搖樂,翹翹板,木製攀爬架,搖搖樂,磨石滑梯,組合遊具,翹翹板,鞦韆,組合遊具,搖搖樂,組合遊具,組合遊具,組合遊具,擺盪螺旋跳跳樂,搖搖樂,攀爬組,磨石滑梯,鞦韆,組合遊具,鞦韆,組合遊具,搖搖樂,組合遊具,鞦韆,旋轉台,滾輪滑梯,組合遊具,翹翹板,遊戲板,搖搖樂,組合遊具,攀爬組,旋轉棒,磨石滑梯,搖搖樂,鞦韆,MONKEY BAR,宇宙穿梭機,時空訊息牆,景化小飛碟,黃金光束坡,搖搖樂,組合遊具,拉鍊響板,搖擺沙鈴,獅吼鼻頭,獅背攀爬網,獅眼滾珠迷宮,鈕扣獅,組合遊具,組合遊具,搖搖樂,組合遊具,搖搖樂,組合遊具,搖搖樂,組合遊具,鞦韆,翹翹板,組合遊具,搖搖樂,搖搖樂,組合遊具,組合遊具,戲沙坑,組合遊具,滑索(軌),鞦韆,搖搖馬,組合遊具,組合遊具,組合遊具,攀爬組,組合遊具,組合遊具,組合遊具,組合遊具,翹翹板,組合遊具, 磨石滑梯,組合遊具,攀爬組,磨石滑梯,搖搖樂,組合遊具,組合遊具,搖搖樂,戲沙坑,攀爬組,組合遊具,攀爬組,磨石滑梯,鞦韆,組合遊具,組合遊具,搖搖樂,磨石滑梯,組合遊具,搖搖樂,鞦韆,旋轉杯,組合遊具,翹翹板,組合遊具,搖搖樂,組合遊具,組合遊具,藤蔓綠森林組合遊具組,曲型單槓,搖搖樂,共融式旋轉碗碟,組合遊具,翹翹板,鞦韆,鞦韆,搖搖樂,組合遊具,組合遊具,探索年輪之環,板根網架,老松樹塔,組合遊具,組合遊具,鞦韆,原木擺盪攀爬遊具,旋轉擺盪座椅,擺盪船索,組合遊具,組合遊具,鞦韆,攀爬組,遊戲小屋,組合遊具,搖搖樂,翹翹板,組合遊具,旋轉木馬,搖搖樂,組合遊具,翹翹板,搖滾盤,攀爬組,組合遊具,組合遊具,組合遊具,無障礙旋轉盤\t,共融式恐龍造型遊具組,造型恐龍蛋休憩椅\t,磨石滑梯,鞦韆,磨石子溜滑梯,戲沙坑,組合遊具,翹翹板,跳樁,大坡面磨石溜滑梯,沙坑,鳥巢鞦韆,滑索(軌),組合遊具,鞦韆,組合遊具,組合遊具,磨石子滑梯,樹屋攀爬網,組合遊具,組合遊具,多元攀爬遊具,側向爬網,平衡獨木橋,磨石子滑梯,原木攀爬遊具,大轉轉椅,組合遊具,共融式綜合鞦韆組,曲型單槓,磨石滑梯,遊戲板,攀爬組,磨石滑梯,鞦韆,組合遊具,戲沙坑,攀爬組,鳥巢鞦韆,大海怪遊戲組,地面遊戲組,攀爬組,組合遊具,鞦韆,戲沙坑,恐龍磨石子滑梯,旋轉台,磨石滑梯,組合遊具,組合遊具,磨石滑梯,組合遊具,搖搖樂,組合遊具,搖搖樂,組合遊具,翹翹板,搖搖樂,吊床,組合遊具,組合遊具,搖搖樂,磨石滑梯,攀爬遊具,搖搖樂,搖搖樂,組合遊具,搖搖樂,組合遊具,翹翹板,組合遊具,搖搖樂,組合遊具,搖搖樂,組合遊具,組合遊具,鞦韆,組合遊具,組合遊具,5人轉轉椅,組合遊具,搖搖樂,磨石滑梯,攀爬網,幸運餅乾滑梯及吊床,鳥巢鞦韆,旋轉設施,組合遊具,搖搖樂,翹翹板,組合遊具,組合遊具,組合遊具,組合遊具", "ObjectId": 601}}, {"type": "Feature", "id": 603, "geometry": {"type": "Point", "coordinates": [121.5469086971, 25.0404019091]}, "properties": {"SeqNo": 376, "pm_name": "敦仁公園", "pm_overview": "本公園(含地下建物)於58年間由建設局簽報核准興建，屋頂公園及地下結構體於60年完工並由養工處申請使用執照，大安分局敦化南路派出所於62年進駐該址至今，目前已搬遷，106年規劃闢設為公園。\r\n", "pm_unit": "大安區公所", "pm_const_year": "2017", "pm_location": "敦化南路1段236巷與仁愛路4段71巷交口", "pm_LandPublicArea": 1757, "pm_opening_s": "00:00:00", "pm_opening_e": "24:00", "pm_libie": "仁愛里", "pm_phone": "02-23511711#9302", "pm_sports": "單槓、接力環、腰背按摩器", "pm_recreation": "攀爬架、沙坑、跳樁組合、鞦韆、滑梯、爬繩", "pm_service": null, "pm_other": null, "pm_transit": "捷運路線:搭文湖線或板南線至忠孝復興捷運站2號出口，公車路線搭204、212、232、262、278、299、521、600、605、903、919、忠孝幹線至頂好市場", "pm_name_eng": "Dunren Park", "pm_ecology": null, "pm_type": "公園", "pm_playtype": "特色", "pm_playarea": 178, "pm_description": "以「警察意象」為主題的兒童遊戲場，敦仁公園為社區中難得的綠地空間，公園內有小廣場，可以不定期舉辦小型里民活動，兒童遊戲場設置一座地景山丘，設有攀岩、爬繩、溜滑梯、階梯、小砂坑、跳樁、寬版魔石子滑梯等多樣設施，亦有提供大小孩遊玩的攀爬組、盪鞦韆，讓小朋友在這裡透過不同活動體驗趣味，培養身心健康發展。。\r\n\r\n", "pm_playeq": "彈跳床,搖滾盤,攀爬組,磨石滑梯,搖搖樂,翹翹板,搖搖樂,組合遊具,搖搖樂,組合遊具,鞦韆,攀爬組,磨石滑梯,翹翹板,組合遊具,翹翹板,木樁區,盪鞦韆,平衡木,彈跳床,搖搖樂,組合遊具,翹翹板,旋轉台,戲沙坑遊戲桌,搖搖樂,攀爬組,旋轉飛輪,組合遊具,翹翹板,磨石滑梯,攀爬組,磨石子滑梯,翹翹板,彈跳床,鳥巢鞦韆,戲沙坑,攀爬組,組合遊具,攀爬組,站立式搖動設備,組合遊具,翹翹板,小石搬運,搖搖馬,組合遊具,數字造型跳樁及水管隧道,搖滾盤,X型翹翹板,組合遊具,搖搖樂,組合遊具,旋轉桶椅,大旋轉組,組合遊具,搖搖樂,磨石滑梯,鳥巢鞦韆,旋轉桶椅,組合遊具,組合遊具,組合遊具,搖搖馬,組合遊具,翹翹板,搖搖樂,組合遊具,組合遊具,磨石滑梯,鞦韆及鳥巢鞦韆,彈跳床,攀爬組,木隧道,組合遊具,仿古代程沈船遊具,攀爬繩網組,攀爬組,鳥巢鞦韆,輪胎鞦韆,尿布鞦韆,沙坑,磨石子滑梯,旋轉台,彈跳床,雙滑軌溜索,搖搖馬,翹翹板,組合遊具,搖搖馬,組合遊具,攀爬組,組合遊具,組合遊具,攀爬組,搖搖馬,磨石子滑梯,旋轉杯,組合遊具,組合遊具,組合遊具,大轉轉杯,搖搖樂,組合遊具,翹翹板,滑梯,彈跳床,戲沙坑,擺盪船索,攀爬組,旋轉組,磨石滑梯,組合遊具,特色溜滑梯,攀爬組,旋轉棒,叢林攀爬組,4人旋轉器,搖搖樂,磨石滑梯,翹翹板,搖搖樂,組合遊具,組合遊具,組合遊具,爬繩,組合遊具(叢林攀爬組),獨木橋,組合遊具,遊戲板,組合遊具,攀爬組,盪鞦韆,搖搖樂,組合遊具,組合遊具,旋轉盤,鞦韆,攀爬組,旋轉盤,搖搖樂,組合遊具,特色溜滑梯,攀爬組,跳樁,鞦韆,搖搖馬,組合遊具,蹺蹺板,組合遊具,搖搖樂,組合遊具,組合遊具2,翹翹板及搖搖馬,組合遊具,天空樹溜滑梯,戲沙坑,搖搖樂,旋轉拉環,組合遊具, X型翹翹板,鞦韆,攀爬組,搖搖樂,組合遊具(村莊高塔),鞦韆,攀爬遊戲組,彈跳床,投籃機,擺盪船索,攀爬組,旋轉台,組合遊具,組合遊具,旋轉陀螺,旋轉台,組合遊具,攀爬組,搖搖樂,翹翹板,磨石滑梯,搖搖樂,跳樁,搖搖樂,攀爬組,組合遊具(滑梯小屋),旋轉盤,組合遊具,鳥巢盪鞦韆及一般坐式盪鞦韆,蝴蝶翹翹板,特色旋轉盤,金字塔滑梯組,機車搖搖樂,遊戲板,造型攀爬牆,攀爬網,組合遊具(環繞競技場遊具組),鞦韆,體能訓練平衡組,礫石坑,獨木樁,蜻蜓點水,木橋,平衡木,平衡木,跳樁,遊戲板,隧道,組合遊具(叢林攀爬組),搖晃板,組合遊具,遊戲板,隧道,組合遊具(遊戲城堡),旋轉座椅,競技攀爬遊具組,龍舟特色遊具組,滑梯,擊鼓,搖搖樂,組合遊具,翹翹板,組合遊具,翹翹板,木作組合遊具,搖搖樂,城堡遊戲組,大轉轉杯,搖搖樂,磨石滑梯,攀爬組,鞦韆,搖搖樂,組合遊具,組合遊具,搖滾盤,旋轉球椅,愛的搖籃,組合遊具,搖搖樂,旋轉杯,翹翹板,組合遊具,搖搖樂,組合遊具,搖搖樂,組合遊具,搖搖樂,組合遊具,攀爬組,搖搖樂,組合遊具,搖搖樂,組合遊具,組合遊具,彩虹琴,旋轉音樂盒,遊戲礫石坑,彈跳節拍,搖搖樂,組合遊具,翹翹板,組合遊具,組合遊具,搖搖樂,組合遊具,組合遊具,搖搖樂,組合遊具,攀爬組合滑梯,搖搖樂,組合遊具,組合遊具,翹翹板,組合遊具,搖搖樂,組合遊具,翹翹板,組合遊具,搖搖樂,翹翹板,旋轉杯,旋轉棒,搖搖樂,磨石滑梯,組合遊具,搖搖樂,攀爬組,旋轉台,磨石滑梯,組合遊具,跳樁,組合遊具,組合遊具,組合遊具,音樂球、叮噹管、歡樂鼓,無障礙旋轉盤,無障礙鞦韆,遊戲牆,滾輪滑梯,鳥巢鞦韆,旋轉杯,旋轉棒,鞦韆,小木屋,山丘滑梯,戲沙坑,搖搖樂,攀爬組,5人轉轉盤,彈跳床,戲沙坑,組合遊具,旋轉台,旋轉杯,旋轉棒, 磨石滑梯,翹翹板,遊戲板,鞦韆,組合遊具,攀爬組,磨石滑梯,磨石滑梯,組合遊具,火車特色滑梯,鞦韆,樹蛙籃球框,組合遊具,組合遊具,組合遊具,翹翹板,組合遊具,組合遊具,組合遊具,組合遊具,組合遊具,沙坑遊戲板,環型天梯無障礙上肢設施,旋轉杯,戲沙坑,攀爬組,磨石滑梯,跳樁,遊戲板,組合遊具,磨石滑梯,組合遊具,搖搖樂,組合遊具,組合遊具,組合遊具,磨石滑梯,翹翹板,搖搖樂,組合遊具,搖搖樂,組合遊具,組合遊具,搖搖樂,組合遊具-1,攀爬組,鞦韆,大港墘公園-沙坑,大港墘公園-磨石滑梯,大港墘公園-魔力飛盤鞦韆,大港墘公園-管型山丘,攀爬組,翹翹板,遊戲體能組,搖搖樂,組合遊具,搖搖樂,組合遊具,搖搖樂,組合遊具,搖搖樂,組合遊具,組合遊具,磨石滑梯,組合遊具,搖搖樂,組合遊具,搖搖樂,組合遊具,翹翹板,搖搖樂,搖搖樂,組合遊具,搖搖樂,組合遊具,搖搖樂,組合遊具,彈跳床,戲沙坑,攀爬組,磨石滑梯,組合遊具,鞦韆,搖搖樂,組合遊具,磨石滑梯,搖搖樂,磨石滑梯,鞦韆,組合遊具,鞦韆,戲沙坑,擺盪船索,組合遊具,搖搖樂,組合遊具,組合遊具,組合遊具,組合遊具,搖搖樂,組合遊具,戲沙坑,旋轉台,組合遊具,鞦韆,組合遊具,組合遊具,磨石滑梯,鞦韆,搖搖樂,組合遊具,攀爬架,搖搖樂,組合遊具,搖搖樂,搖搖樂,組合遊具,組合遊具,磨石滑梯,翹翹板,攀爬架,戲沙坑,船型遊具組,鞦韆,組合遊具,天旋地轉,組合遊具,組合遊具,搖搖樂,大轉轉杯,組合遊具,平衡木,搖搖樂,磨石滑梯,翹翹板,鞦韆,溜滑梯組合遊具,搖搖樂,翹翹板,木製攀爬架,搖搖樂,磨石滑梯,組合遊具,翹翹板,鞦韆,組合遊具,搖搖樂,組合遊具,組合遊具,組合遊具,擺盪螺旋跳跳樂,搖搖樂,攀爬組,磨石滑梯,鞦韆,組合遊具,鞦韆,組合遊具,搖搖樂,組合遊具,鞦韆,旋轉台,滾輪滑梯,組合遊具,翹翹板,遊戲板,搖搖樂,組合遊具,攀爬組,旋轉棒,磨石滑梯,搖搖樂,鞦韆,MONKEY BAR,宇宙穿梭機,時空訊息牆,景化小飛碟,黃金光束坡,搖搖樂,組合遊具,拉鍊響板,搖擺沙鈴,獅吼鼻頭,獅背攀爬網,獅眼滾珠迷宮,鈕扣獅,組合遊具,組合遊具,搖搖樂,組合遊具,搖搖樂,組合遊具,搖搖樂,組合遊具,鞦韆,翹翹板,組合遊具,搖搖樂,搖搖樂,組合遊具,組合遊具,戲沙坑,組合遊具,滑索(軌),鞦韆,搖搖馬,組合遊具,組合遊具,組合遊具,攀爬組,組合遊具,組合遊具,組合遊具,組合遊具,翹翹板,組合遊具, 磨石滑梯,組合遊具,攀爬組,磨石滑梯,搖搖樂,組合遊具,組合遊具,搖搖樂,戲沙坑,攀爬組,組合遊具,攀爬組,磨石滑梯,鞦韆,組合遊具,組合遊具,搖搖樂,磨石滑梯,組合遊具,搖搖樂,鞦韆,旋轉杯,組合遊具,翹翹板,組合遊具,搖搖樂,組合遊具,組合遊具,藤蔓綠森林組合遊具組,曲型單槓,搖搖樂,共融式旋轉碗碟,組合遊具,翹翹板,鞦韆,鞦韆,搖搖樂,組合遊具,組合遊具,探索年輪之環,板根網架,老松樹塔,組合遊具,組合遊具,鞦韆,原木擺盪攀爬遊具,旋轉擺盪座椅,擺盪船索,組合遊具,組合遊具,鞦韆,攀爬組,遊戲小屋,組合遊具,搖搖樂,翹翹板,組合遊具,旋轉木馬,搖搖樂,組合遊具,翹翹板,搖滾盤,攀爬組,組合遊具,組合遊具,組合遊具,無障礙旋轉盤\t,共融式恐龍造型遊具組,造型恐龍蛋休憩椅\t,磨石滑梯,鞦韆,磨石子溜滑梯,戲沙坑,組合遊具,翹翹板,跳樁,大坡面磨石溜滑梯,沙坑,鳥巢鞦韆,滑索(軌),組合遊具,鞦韆,組合遊具,組合遊具,磨石子滑梯,樹屋攀爬網,組合遊具,組合遊具,多元攀爬遊具,側向爬網,平衡獨木橋,磨石子滑梯,原木攀爬遊具,大轉轉椅,組合遊具,共融式綜合鞦韆組,曲型單槓,磨石滑梯,遊戲板,攀爬組,磨石滑梯,鞦韆,組合遊具,戲沙坑,攀爬組,鳥巢鞦韆,大海怪遊戲組,地面遊戲組,攀爬組,組合遊具,鞦韆,戲沙坑,恐龍磨石子滑梯,旋轉台,磨石滑梯,組合遊具,組合遊具,磨石滑梯,組合遊具,搖搖樂,組合遊具,搖搖樂,組合遊具,翹翹板,搖搖樂,吊床,組合遊具,組合遊具,搖搖樂,磨石滑梯,攀爬遊具,搖搖樂,搖搖樂,組合遊具,搖搖樂,組合遊具,翹翹板,組合遊具,搖搖樂,組合遊具,搖搖樂,組合遊具,組合遊具,鞦韆,組合遊具,組合遊具,5人轉轉椅,組合遊具,搖搖樂,磨石滑梯,攀爬網,幸運餅乾滑梯及吊床,鳥巢鞦韆,旋轉設施,組合遊具,搖搖樂,翹翹板,組合遊具,組合遊具,組合遊具,組合遊具,鞦韆,攀爬組,磨石滑梯", "ObjectId": 603}}, {"type": "Feature", "id": 604, "geometry": {"type": "Point", "coordinates": [121.55370331, 25.034460068]}, "properties": {"SeqNo": 248, "pm_name": "敦安公園", "pm_overview": "敦安公園(Dunan Park）座落於信義路4段265巷12弄於民國70年成立，佔地為2,820平方公尺。", "pm_unit": "大安區公所", "pm_const_year": "1981", "pm_location": "信義路四段265巷12弄", "pm_LandPublicArea": 2820, "pm_opening_s": "00:00:00", "pm_opening_e": "24:00", "pm_libie": "敦煌里", "pm_phone": "02-23511711#9302", "pm_sports": "單槓、雙人肩關節訓練器、雙人漫步器", "pm_recreation": "鞦韆、組合遊具、搖搖樂、攀爬架", "pm_service": "運動場、涼亭", "pm_other": null, "pm_transit": "捷運路線:搭淡水信義線至信義安和捷運站5號出口，公車路線搭235、662、663至捷運信義安和站(安和)", "pm_name_eng": "Dunan Park", "pm_ecology": null, "pm_type": "公園", "pm_playtype": "特色", "pm_playarea": 225, "pm_description": "都會中心的秘密基地。在幽靜的敦安公園裡有著一隻每天等候著小朋友們來跟他們玩樂的貓頭鷹，孩子們可以在貓頭鷹身上攀爬、滑下、躲藏，也可以在跳樁上讓多位小朋友共玩同時符合感覺統合概念，想像孩子們化身為小動物，在森林中冒險、遊玩，在樹蔭下享受著奇妙的時光。\r\n\r\n", "pm_playeq": "彈跳床,搖滾盤,攀爬組,磨石滑梯,搖搖樂,翹翹板,搖搖樂,組合遊具,搖搖樂,組合遊具,鞦韆,攀爬組,磨石滑梯,翹翹板,組合遊具,翹翹板,木樁區,盪鞦韆,平衡木,彈跳床,搖搖樂,組合遊具,翹翹板,旋轉台,戲沙坑遊戲桌,搖搖樂,攀爬組,旋轉飛輪,組合遊具,翹翹板,磨石滑梯,攀爬組,磨石子滑梯,翹翹板,彈跳床,鳥巢鞦韆,戲沙坑,攀爬組,組合遊具,攀爬組,站立式搖動設備,組合遊具,翹翹板,小石搬運,搖搖馬,組合遊具,數字造型跳樁及水管隧道,搖滾盤,X型翹翹板,組合遊具,搖搖樂,組合遊具,旋轉桶椅,大旋轉組,組合遊具,搖搖樂,磨石滑梯,鳥巢鞦韆,旋轉桶椅,組合遊具,組合遊具,組合遊具,搖搖馬,組合遊具,翹翹板,搖搖樂,組合遊具,組合遊具,磨石滑梯,鞦韆及鳥巢鞦韆,彈跳床,攀爬組,木隧道,組合遊具,仿古代程沈船遊具,攀爬繩網組,攀爬組,鳥巢鞦韆,輪胎鞦韆,尿布鞦韆,沙坑,磨石子滑梯,旋轉台,彈跳床,雙滑軌溜索,搖搖馬,翹翹板,組合遊具,搖搖馬,組合遊具,攀爬組,組合遊具,組合遊具,攀爬組,搖搖馬,磨石子滑梯,旋轉杯,組合遊具,組合遊具,組合遊具,大轉轉杯,搖搖樂,組合遊具,翹翹板,滑梯,彈跳床,戲沙坑,擺盪船索,攀爬組,旋轉組,磨石滑梯,組合遊具,特色溜滑梯,攀爬組,旋轉棒,叢林攀爬組,4人旋轉器,搖搖樂,磨石滑梯,翹翹板,搖搖樂,組合遊具,組合遊具,組合遊具,爬繩,組合遊具(叢林攀爬組),獨木橋,組合遊具,遊戲板,組合遊具,攀爬組,盪鞦韆,搖搖樂,組合遊具,組合遊具,旋轉盤,鞦韆,攀爬組,旋轉盤,搖搖樂,組合遊具,特色溜滑梯,攀爬組,跳樁,鞦韆,搖搖馬,組合遊具,蹺蹺板,組合遊具,搖搖樂,組合遊具,組合遊具2,翹翹板及搖搖馬,組合遊具,天空樹溜滑梯,戲沙坑,搖搖樂,旋轉拉環,組合遊具, X型翹翹板,鞦韆,攀爬組,搖搖樂,組合遊具(村莊高塔),鞦韆,攀爬遊戲組,彈跳床,投籃機,擺盪船索,攀爬組,旋轉台,組合遊具,組合遊具,旋轉陀螺,旋轉台,組合遊具,攀爬組,搖搖樂,翹翹板,磨石滑梯,搖搖樂,跳樁,搖搖樂,攀爬組,組合遊具(滑梯小屋),旋轉盤,組合遊具,鳥巢盪鞦韆及一般坐式盪鞦韆,蝴蝶翹翹板,特色旋轉盤,金字塔滑梯組,機車搖搖樂,遊戲板,造型攀爬牆,攀爬網,組合遊具(環繞競技場遊具組),鞦韆,體能訓練平衡組,礫石坑,獨木樁,蜻蜓點水,木橋,平衡木,平衡木,跳樁,遊戲板,隧道,組合遊具(叢林攀爬組),搖晃板,組合遊具,遊戲板,隧道,組合遊具(遊戲城堡),旋轉座椅,競技攀爬遊具組,龍舟特色遊具組,滑梯,擊鼓,搖搖樂,組合遊具,翹翹板,組合遊具,翹翹板,木作組合遊具,搖搖樂,城堡遊戲組,大轉轉杯,搖搖樂,磨石滑梯,攀爬組,鞦韆,搖搖樂,組合遊具,組合遊具,搖滾盤,旋轉球椅,愛的搖籃,組合遊具,搖搖樂,旋轉杯,翹翹板,組合遊具,搖搖樂,組合遊具,搖搖樂,組合遊具,搖搖樂,組合遊具,攀爬組,搖搖樂,組合遊具,搖搖樂,組合遊具,組合遊具,彩虹琴,旋轉音樂盒,遊戲礫石坑,彈跳節拍,搖搖樂,組合遊具,翹翹板,組合遊具,組合遊具,搖搖樂,組合遊具,組合遊具,搖搖樂,組合遊具,攀爬組合滑梯,搖搖樂,組合遊具,組合遊具,翹翹板,組合遊具,搖搖樂,組合遊具,翹翹板,組合遊具,搖搖樂,翹翹板,旋轉杯,旋轉棒,搖搖樂,磨石滑梯,組合遊具,搖搖樂,攀爬組,旋轉台,磨石滑梯,組合遊具,跳樁,組合遊具,組合遊具,組合遊具,音樂球、叮噹管、歡樂鼓,無障礙旋轉盤,無障礙鞦韆,遊戲牆,滾輪滑梯,鳥巢鞦韆,旋轉杯,旋轉棒,鞦韆,小木屋,山丘滑梯,戲沙坑,搖搖樂,攀爬組,5人轉轉盤,彈跳床,戲沙坑,組合遊具,旋轉台,旋轉杯,旋轉棒, 磨石滑梯,翹翹板,遊戲板,鞦韆,組合遊具,攀爬組,磨石滑梯,磨石滑梯,組合遊具,火車特色滑梯,鞦韆,樹蛙籃球框,組合遊具,組合遊具,組合遊具,翹翹板,組合遊具,組合遊具,組合遊具,組合遊具,組合遊具,沙坑遊戲板,環型天梯無障礙上肢設施,旋轉杯,戲沙坑,攀爬組,磨石滑梯,跳樁,遊戲板,組合遊具,磨石滑梯,組合遊具,搖搖樂,組合遊具,組合遊具,組合遊具,磨石滑梯,翹翹板,搖搖樂,組合遊具,搖搖樂,組合遊具,組合遊具,搖搖樂,組合遊具-1,攀爬組,鞦韆,大港墘公園-沙坑,大港墘公園-磨石滑梯,大港墘公園-魔力飛盤鞦韆,大港墘公園-管型山丘,攀爬組,翹翹板,遊戲體能組,搖搖樂,組合遊具,搖搖樂,組合遊具,搖搖樂,組合遊具,搖搖樂,組合遊具,組合遊具,磨石滑梯,組合遊具,搖搖樂,組合遊具,搖搖樂,組合遊具,翹翹板,搖搖樂,搖搖樂,組合遊具,搖搖樂,組合遊具,搖搖樂,組合遊具,彈跳床,戲沙坑,攀爬組,磨石滑梯,組合遊具,鞦韆,搖搖樂,組合遊具,磨石滑梯,搖搖樂,磨石滑梯,鞦韆,組合遊具,鞦韆,戲沙坑,擺盪船索,組合遊具,搖搖樂,組合遊具,組合遊具,組合遊具,組合遊具,搖搖樂,組合遊具,戲沙坑,旋轉台,組合遊具,鞦韆,組合遊具,組合遊具,磨石滑梯,鞦韆,搖搖樂,組合遊具,攀爬架,搖搖樂,組合遊具,搖搖樂,搖搖樂,組合遊具,組合遊具,磨石滑梯,翹翹板,攀爬架,戲沙坑,船型遊具組,鞦韆,組合遊具,天旋地轉,組合遊具,組合遊具,搖搖樂,大轉轉杯,組合遊具,平衡木,搖搖樂,磨石滑梯,翹翹板,鞦韆,溜滑梯組合遊具,搖搖樂,翹翹板,木製攀爬架,搖搖樂,磨石滑梯,組合遊具,翹翹板,鞦韆,組合遊具,搖搖樂,組合遊具,組合遊具,組合遊具,擺盪螺旋跳跳樂,搖搖樂,攀爬組,磨石滑梯,鞦韆,組合遊具,鞦韆,組合遊具,搖搖樂,組合遊具,鞦韆,旋轉台,滾輪滑梯,組合遊具,翹翹板,遊戲板,搖搖樂,組合遊具,攀爬組,旋轉棒,磨石滑梯,搖搖樂,鞦韆,MONKEY BAR,宇宙穿梭機,時空訊息牆,景化小飛碟,黃金光束坡,搖搖樂,組合遊具,拉鍊響板,搖擺沙鈴,獅吼鼻頭,獅背攀爬網,獅眼滾珠迷宮,鈕扣獅,組合遊具,組合遊具,搖搖樂,組合遊具,搖搖樂,組合遊具,搖搖樂,組合遊具,鞦韆,翹翹板,組合遊具,搖搖樂,搖搖樂,組合遊具,組合遊具,戲沙坑,組合遊具,滑索(軌),鞦韆,搖搖馬,組合遊具,組合遊具,組合遊具,攀爬組,組合遊具,組合遊具,組合遊具,組合遊具,翹翹板,組合遊具, 磨石滑梯,組合遊具,攀爬組,磨石滑梯,搖搖樂,組合遊具,組合遊具,搖搖樂,戲沙坑,攀爬組,組合遊具,攀爬組,磨石滑梯,鞦韆,組合遊具,組合遊具,搖搖樂,磨石滑梯,組合遊具,搖搖樂,鞦韆,旋轉杯,組合遊具,翹翹板,組合遊具,搖搖樂,組合遊具,組合遊具,藤蔓綠森林組合遊具組,曲型單槓,搖搖樂,共融式旋轉碗碟,組合遊具,翹翹板,鞦韆,鞦韆,搖搖樂,組合遊具,組合遊具,探索年輪之環,板根網架,老松樹塔,組合遊具,組合遊具,鞦韆,原木擺盪攀爬遊具,旋轉擺盪座椅,擺盪船索,組合遊具,組合遊具,鞦韆,攀爬組,遊戲小屋,組合遊具,搖搖樂,翹翹板,組合遊具,旋轉木馬,搖搖樂,組合遊具,翹翹板,搖滾盤,攀爬組,組合遊具,組合遊具,組合遊具,無障礙旋轉盤\t,共融式恐龍造型遊具組,造型恐龍蛋休憩椅\t,磨石滑梯,鞦韆,磨石子溜滑梯,戲沙坑,組合遊具,翹翹板,跳樁,大坡面磨石溜滑梯,沙坑,鳥巢鞦韆,滑索(軌),組合遊具,鞦韆,組合遊具,組合遊具,磨石子滑梯,樹屋攀爬網,組合遊具,組合遊具,多元攀爬遊具,側向爬網,平衡獨木橋,磨石子滑梯,原木攀爬遊具,大轉轉椅,組合遊具,共融式綜合鞦韆組,曲型單槓,磨石滑梯,遊戲板,攀爬組,磨石滑梯,鞦韆,組合遊具,戲沙坑,攀爬組,鳥巢鞦韆,大海怪遊戲組,地面遊戲組,攀爬組,組合遊具,鞦韆,戲沙坑,恐龍磨石子滑梯,旋轉台,磨石滑梯,組合遊具,組合遊具,磨石滑梯,組合遊具,搖搖樂,組合遊具,搖搖樂,組合遊具,翹翹板,搖搖樂,吊床,組合遊具,組合遊具,搖搖樂,磨石滑梯,攀爬遊具,搖搖樂,搖搖樂,組合遊具,搖搖樂,組合遊具,翹翹板,組合遊具,搖搖樂,組合遊具,搖搖樂,組合遊具,組合遊具,鞦韆,組合遊具,組合遊具,5人轉轉椅,組合遊具,搖搖樂,磨石滑梯,攀爬網,幸運餅乾滑梯及吊床,鳥巢鞦韆,旋轉設施,組合遊具,搖搖樂,翹翹板,組合遊具,組合遊具,組合遊具,組合遊具,鞦韆,攀爬組,磨石滑梯,攀爬組,組合遊具,鞦韆", "ObjectId": 604}}, {"type": "Feature", "id": 606, "geometry": {"type": "Point", "coordinates": [121.54016113, 25.027650833]}, "properties": {"SeqNo": 345, "pm_name": "新龍公園", "pm_overview": "新龍公園(Xinlong Park)本座公園位於瑞安街222巷、214巷、208巷交叉口，因本公園位於新龍、龍生、龍陣3里交界處，成為3里里民共同資產。", "pm_unit": "大安區公所", "pm_const_year": "1986", "pm_location": "台北市大安區瑞安街214巷", "pm_LandPublicArea": 2255, "pm_opening_s": "00:00:00", "pm_opening_e": "24:00", "pm_libie": "新龍里", "pm_phone": "02-23511711#9302", "pm_sports": "單槓、太空漫步機、大轉輪、腰背按摩器、坐推坐拉訓練器", "pm_recreation": "滑梯、翹翹板、搖搖樂", "pm_service": "洗手台", "pm_other": null, "pm_transit": "捷運路線:搭文湖線至科技大樓捷運站，公車路線搭298、298區、紅57至龍門國中(建國)", "pm_name_eng": "Xinlong Park", "pm_ecology": null, "pm_type": "公園", "pm_playtype": "一般", "pm_playarea": 75, "pm_description": null, "pm_playeq": "彈跳床,搖滾盤,攀爬組,磨石滑梯,搖搖樂,翹翹板,搖搖樂,組合遊具,搖搖樂,組合遊具,鞦韆,攀爬組,磨石滑梯,翹翹板,組合遊具,翹翹板,木樁區,盪鞦韆,平衡木,彈跳床,搖搖樂,組合遊具,翹翹板,旋轉台,戲沙坑遊戲桌,搖搖樂,攀爬組,旋轉飛輪,組合遊具,翹翹板,磨石滑梯,攀爬組,磨石子滑梯,翹翹板,彈跳床,鳥巢鞦韆,戲沙坑,攀爬組,組合遊具,攀爬組,站立式搖動設備,組合遊具,翹翹板,小石搬運,搖搖馬,組合遊具,數字造型跳樁及水管隧道,搖滾盤,X型翹翹板,組合遊具,搖搖樂,組合遊具,旋轉桶椅,大旋轉組,組合遊具,搖搖樂,磨石滑梯,鳥巢鞦韆,旋轉桶椅,組合遊具,組合遊具,組合遊具,搖搖馬,組合遊具,翹翹板,搖搖樂,組合遊具,組合遊具,磨石滑梯,鞦韆及鳥巢鞦韆,彈跳床,攀爬組,木隧道,組合遊具,仿古代程沈船遊具,攀爬繩網組,攀爬組,鳥巢鞦韆,輪胎鞦韆,尿布鞦韆,沙坑,磨石子滑梯,旋轉台,彈跳床,雙滑軌溜索,搖搖馬,翹翹板,組合遊具,搖搖馬,組合遊具,攀爬組,組合遊具,組合遊具,攀爬組,搖搖馬,磨石子滑梯,旋轉杯,組合遊具,組合遊具,組合遊具,大轉轉杯,搖搖樂,組合遊具,翹翹板,滑梯,彈跳床,戲沙坑,擺盪船索,攀爬組,旋轉組,磨石滑梯,組合遊具,特色溜滑梯,攀爬組,旋轉棒,叢林攀爬組,4人旋轉器,搖搖樂,磨石滑梯,翹翹板,搖搖樂,組合遊具,組合遊具,組合遊具,爬繩,組合遊具(叢林攀爬組),獨木橋,組合遊具,遊戲板,組合遊具,攀爬組,盪鞦韆,搖搖樂,組合遊具,組合遊具,旋轉盤,鞦韆,攀爬組,旋轉盤,搖搖樂,組合遊具,特色溜滑梯,攀爬組,跳樁,鞦韆,搖搖馬,組合遊具,蹺蹺板,組合遊具,搖搖樂,組合遊具,組合遊具2,翹翹板及搖搖馬,組合遊具,天空樹溜滑梯,戲沙坑,搖搖樂,旋轉拉環,組合遊具, X型翹翹板,鞦韆,攀爬組,搖搖樂,組合遊具(村莊高塔),鞦韆,攀爬遊戲組,彈跳床,投籃機,擺盪船索,攀爬組,旋轉台,組合遊具,組合遊具,旋轉陀螺,旋轉台,組合遊具,攀爬組,搖搖樂,翹翹板,磨石滑梯,搖搖樂,跳樁,搖搖樂,攀爬組,組合遊具(滑梯小屋),旋轉盤,組合遊具,鳥巢盪鞦韆及一般坐式盪鞦韆,蝴蝶翹翹板,特色旋轉盤,金字塔滑梯組,機車搖搖樂,遊戲板,造型攀爬牆,攀爬網,組合遊具(環繞競技場遊具組),鞦韆,體能訓練平衡組,礫石坑,獨木樁,蜻蜓點水,木橋,平衡木,平衡木,跳樁,遊戲板,隧道,組合遊具(叢林攀爬組),搖晃板,組合遊具,遊戲板,隧道,組合遊具(遊戲城堡),旋轉座椅,競技攀爬遊具組,龍舟特色遊具組,滑梯,擊鼓,搖搖樂,組合遊具,翹翹板,組合遊具,翹翹板,木作組合遊具,搖搖樂,城堡遊戲組,大轉轉杯,搖搖樂,磨石滑梯,攀爬組,鞦韆,搖搖樂,組合遊具,組合遊具,搖滾盤,旋轉球椅,愛的搖籃,組合遊具,搖搖樂,旋轉杯,翹翹板,組合遊具,搖搖樂,組合遊具,搖搖樂,組合遊具,搖搖樂,組合遊具,攀爬組,搖搖樂,組合遊具,搖搖樂,組合遊具,組合遊具,彩虹琴,旋轉音樂盒,遊戲礫石坑,彈跳節拍,搖搖樂,組合遊具,翹翹板,組合遊具,組合遊具,搖搖樂,組合遊具,組合遊具,搖搖樂,組合遊具,攀爬組合滑梯,搖搖樂,組合遊具,組合遊具,翹翹板,組合遊具,搖搖樂,組合遊具,翹翹板,組合遊具,搖搖樂,翹翹板,旋轉杯,旋轉棒,搖搖樂,磨石滑梯,組合遊具,搖搖樂,攀爬組,旋轉台,磨石滑梯,組合遊具,跳樁,組合遊具,組合遊具,組合遊具,音樂球、叮噹管、歡樂鼓,無障礙旋轉盤,無障礙鞦韆,遊戲牆,滾輪滑梯,鳥巢鞦韆,旋轉杯,旋轉棒,鞦韆,小木屋,山丘滑梯,戲沙坑,搖搖樂,攀爬組,5人轉轉盤,彈跳床,戲沙坑,組合遊具,旋轉台,旋轉杯,旋轉棒, 磨石滑梯,翹翹板,遊戲板,鞦韆,組合遊具,攀爬組,磨石滑梯,磨石滑梯,組合遊具,火車特色滑梯,鞦韆,樹蛙籃球框,組合遊具,組合遊具,組合遊具,翹翹板,組合遊具,組合遊具,組合遊具,組合遊具,組合遊具,沙坑遊戲板,環型天梯無障礙上肢設施,旋轉杯,戲沙坑,攀爬組,磨石滑梯,跳樁,遊戲板,組合遊具,磨石滑梯,組合遊具,搖搖樂,組合遊具,組合遊具,組合遊具,磨石滑梯,翹翹板,搖搖樂,組合遊具,搖搖樂,組合遊具,組合遊具,搖搖樂,組合遊具-1,攀爬組,鞦韆,大港墘公園-沙坑,大港墘公園-磨石滑梯,大港墘公園-魔力飛盤鞦韆,大港墘公園-管型山丘,攀爬組,翹翹板,遊戲體能組,搖搖樂,組合遊具,搖搖樂,組合遊具,搖搖樂,組合遊具,搖搖樂,組合遊具,組合遊具,磨石滑梯,組合遊具,搖搖樂,組合遊具,搖搖樂,組合遊具,翹翹板,搖搖樂,搖搖樂,組合遊具,搖搖樂,組合遊具,搖搖樂,組合遊具,彈跳床,戲沙坑,攀爬組,磨石滑梯,組合遊具,鞦韆,搖搖樂,組合遊具,磨石滑梯,搖搖樂,磨石滑梯,鞦韆,組合遊具,鞦韆,戲沙坑,擺盪船索,組合遊具,搖搖樂,組合遊具,組合遊具,組合遊具,組合遊具,搖搖樂,組合遊具,戲沙坑,旋轉台,組合遊具,鞦韆,組合遊具,組合遊具,磨石滑梯,鞦韆,搖搖樂,組合遊具,攀爬架,搖搖樂,組合遊具,搖搖樂,搖搖樂,組合遊具,組合遊具,磨石滑梯,翹翹板,攀爬架,戲沙坑,船型遊具組,鞦韆,組合遊具,天旋地轉,組合遊具,組合遊具,搖搖樂,大轉轉杯,組合遊具,平衡木,搖搖樂,磨石滑梯,翹翹板,鞦韆,溜滑梯組合遊具,搖搖樂,翹翹板,木製攀爬架,搖搖樂,磨石滑梯,組合遊具,翹翹板,鞦韆,組合遊具,搖搖樂,組合遊具,組合遊具,組合遊具,擺盪螺旋跳跳樂,搖搖樂,攀爬組,磨石滑梯,鞦韆,組合遊具,鞦韆,組合遊具,搖搖樂,組合遊具,鞦韆,旋轉台,滾輪滑梯,組合遊具,翹翹板,遊戲板,搖搖樂,組合遊具,攀爬組,旋轉棒,磨石滑梯,搖搖樂,鞦韆,MONKEY BAR,宇宙穿梭機,時空訊息牆,景化小飛碟,黃金光束坡,搖搖樂,組合遊具,拉鍊響板,搖擺沙鈴,獅吼鼻頭,獅背攀爬網,獅眼滾珠迷宮,鈕扣獅,組合遊具,組合遊具,搖搖樂,組合遊具,搖搖樂,組合遊具,搖搖樂,組合遊具,鞦韆,翹翹板,組合遊具,搖搖樂,搖搖樂,組合遊具,組合遊具,戲沙坑,組合遊具,滑索(軌),鞦韆,搖搖馬,組合遊具,組合遊具,組合遊具,攀爬組,組合遊具,組合遊具,組合遊具,組合遊具,翹翹板,組合遊具, 磨石滑梯,組合遊具,攀爬組,磨石滑梯,搖搖樂,組合遊具,組合遊具,搖搖樂,戲沙坑,攀爬組,組合遊具,攀爬組,磨石滑梯,鞦韆,組合遊具,組合遊具,搖搖樂,磨石滑梯,組合遊具,搖搖樂,鞦韆,旋轉杯,組合遊具,翹翹板,組合遊具,搖搖樂,組合遊具,組合遊具,藤蔓綠森林組合遊具組,曲型單槓,搖搖樂,共融式旋轉碗碟,組合遊具,翹翹板,鞦韆,鞦韆,搖搖樂,組合遊具,組合遊具,探索年輪之環,板根網架,老松樹塔,組合遊具,組合遊具,鞦韆,原木擺盪攀爬遊具,旋轉擺盪座椅,擺盪船索,組合遊具,組合遊具,鞦韆,攀爬組,遊戲小屋,組合遊具,搖搖樂,翹翹板,組合遊具,旋轉木馬,搖搖樂,組合遊具,翹翹板,搖滾盤,攀爬組,組合遊具,組合遊具,組合遊具,無障礙旋轉盤\t,共融式恐龍造型遊具組,造型恐龍蛋休憩椅\t,磨石滑梯,鞦韆,磨石子溜滑梯,戲沙坑,組合遊具,翹翹板,跳樁,大坡面磨石溜滑梯,沙坑,鳥巢鞦韆,滑索(軌),組合遊具,鞦韆,組合遊具,組合遊具,磨石子滑梯,樹屋攀爬網,組合遊具,組合遊具,多元攀爬遊具,側向爬網,平衡獨木橋,磨石子滑梯,原木攀爬遊具,大轉轉椅,組合遊具,共融式綜合鞦韆組,曲型單槓,磨石滑梯,遊戲板,攀爬組,磨石滑梯,鞦韆,組合遊具,戲沙坑,攀爬組,鳥巢鞦韆,大海怪遊戲組,地面遊戲組,攀爬組,組合遊具,鞦韆,戲沙坑,恐龍磨石子滑梯,旋轉台,磨石滑梯,組合遊具,組合遊具,磨石滑梯,組合遊具,搖搖樂,組合遊具,搖搖樂,組合遊具,翹翹板,搖搖樂,吊床,組合遊具,組合遊具,搖搖樂,磨石滑梯,攀爬遊具,搖搖樂,搖搖樂,組合遊具,搖搖樂,組合遊具,翹翹板,組合遊具,搖搖樂,組合遊具,搖搖樂,組合遊具,組合遊具,鞦韆,組合遊具,組合遊具,5人轉轉椅,組合遊具,搖搖樂,磨石滑梯,攀爬網,幸運餅乾滑梯及吊床,鳥巢鞦韆,旋轉設施,組合遊具,搖搖樂,翹翹板,組合遊具,組合遊具,組合遊具,組合遊具,鞦韆,攀爬組,磨石滑梯,攀爬組,組合遊具,鞦韆,磨石滑梯,蹺蹺板,攀爬設施,搖搖樂,磨石滑梯", "ObjectId": 606}}, {"type": "Feature", "id": 610, "geometry": {"type": "Point", "coordinates": [121.54090881, 25.042490005]}, "properties": {"SeqNo": 642, "pm_name": "誠安公園", "pm_overview": "誠安公園(Chengan Park)位於忠孝東路3段237巷內，毗鄰昌隆里，面積1,816平方公尺，園內樹木茂盛，環境優美。", "pm_unit": "大安區公所", "pm_const_year": "1986", "pm_location": "忠孝東路3段237巷", "pm_LandPublicArea": 1816, "pm_opening_s": "00:00:00", "pm_opening_e": "24:00", "pm_libie": "誠安里", "pm_phone": "02-23511711#9302", "pm_sports": "雙人浪板、漫步機、划船器、腹肌板、腰背按摩器、三人扭腰器、大轉輪", "pm_recreation": "組合遊具、搖搖樂、翹翹板", "pm_service": "運動場", "pm_other": null, "pm_transit": "捷運路線:搭文湖線或板南線至忠孝復興捷運站1號出口，公車路線搭212、232、262、299、600、605、919、1813、1815、5201、5203、5500、忠孝幹線至捷運忠孝復興站", "pm_name_eng": "Chengan Park", "pm_ecology": null, "pm_type": "公園", "pm_playtype": "一般", "pm_playarea": 150, "pm_description": null, "pm_playeq": "彈跳床,搖滾盤,攀爬組,磨石滑梯,搖搖樂,翹翹板,搖搖樂,組合遊具,搖搖樂,組合遊具,鞦韆,攀爬組,磨石滑梯,翹翹板,組合遊具,翹翹板,木樁區,盪鞦韆,平衡木,彈跳床,搖搖樂,組合遊具,翹翹板,旋轉台,戲沙坑遊戲桌,搖搖樂,攀爬組,旋轉飛輪,組合遊具,翹翹板,磨石滑梯,攀爬組,磨石子滑梯,翹翹板,彈跳床,鳥巢鞦韆,戲沙坑,攀爬組,組合遊具,攀爬組,站立式搖動設備,組合遊具,翹翹板,小石搬運,搖搖馬,組合遊具,數字造型跳樁及水管隧道,搖滾盤,X型翹翹板,組合遊具,搖搖樂,組合遊具,旋轉桶椅,大旋轉組,組合遊具,搖搖樂,磨石滑梯,鳥巢鞦韆,旋轉桶椅,組合遊具,組合遊具,組合遊具,搖搖馬,組合遊具,翹翹板,搖搖樂,組合遊具,組合遊具,磨石滑梯,鞦韆及鳥巢鞦韆,彈跳床,攀爬組,木隧道,組合遊具,仿古代程沈船遊具,攀爬繩網組,攀爬組,鳥巢鞦韆,輪胎鞦韆,尿布鞦韆,沙坑,磨石子滑梯,旋轉台,彈跳床,雙滑軌溜索,搖搖馬,翹翹板,組合遊具,搖搖馬,組合遊具,攀爬組,組合遊具,組合遊具,攀爬組,搖搖馬,磨石子滑梯,旋轉杯,組合遊具,組合遊具,組合遊具,大轉轉杯,搖搖樂,組合遊具,翹翹板,滑梯,彈跳床,戲沙坑,擺盪船索,攀爬組,旋轉組,磨石滑梯,組合遊具,特色溜滑梯,攀爬組,旋轉棒,叢林攀爬組,4人旋轉器,搖搖樂,磨石滑梯,翹翹板,搖搖樂,組合遊具,組合遊具,組合遊具,爬繩,組合遊具(叢林攀爬組),獨木橋,組合遊具,遊戲板,組合遊具,攀爬組,盪鞦韆,搖搖樂,組合遊具,組合遊具,旋轉盤,鞦韆,攀爬組,旋轉盤,搖搖樂,組合遊具,特色溜滑梯,攀爬組,跳樁,鞦韆,搖搖馬,組合遊具,蹺蹺板,組合遊具,搖搖樂,組合遊具,組合遊具2,翹翹板及搖搖馬,組合遊具,天空樹溜滑梯,戲沙坑,搖搖樂,旋轉拉環,組合遊具, X型翹翹板,鞦韆,攀爬組,搖搖樂,組合遊具(村莊高塔),鞦韆,攀爬遊戲組,彈跳床,投籃機,擺盪船索,攀爬組,旋轉台,組合遊具,組合遊具,旋轉陀螺,旋轉台,組合遊具,攀爬組,搖搖樂,翹翹板,磨石滑梯,搖搖樂,跳樁,搖搖樂,攀爬組,組合遊具(滑梯小屋),旋轉盤,組合遊具,鳥巢盪鞦韆及一般坐式盪鞦韆,蝴蝶翹翹板,特色旋轉盤,金字塔滑梯組,機車搖搖樂,遊戲板,造型攀爬牆,攀爬網,組合遊具(環繞競技場遊具組),鞦韆,體能訓練平衡組,礫石坑,獨木樁,蜻蜓點水,木橋,平衡木,平衡木,跳樁,遊戲板,隧道,組合遊具(叢林攀爬組),搖晃板,組合遊具,遊戲板,隧道,組合遊具(遊戲城堡),旋轉座椅,競技攀爬遊具組,龍舟特色遊具組,滑梯,擊鼓,搖搖樂,組合遊具,翹翹板,組合遊具,翹翹板,木作組合遊具,搖搖樂,城堡遊戲組,大轉轉杯,搖搖樂,磨石滑梯,攀爬組,鞦韆,搖搖樂,組合遊具,組合遊具,搖滾盤,旋轉球椅,愛的搖籃,組合遊具,搖搖樂,旋轉杯,翹翹板,組合遊具,搖搖樂,組合遊具,搖搖樂,組合遊具,搖搖樂,組合遊具,攀爬組,搖搖樂,組合遊具,搖搖樂,組合遊具,組合遊具,彩虹琴,旋轉音樂盒,遊戲礫石坑,彈跳節拍,搖搖樂,組合遊具,翹翹板,組合遊具,組合遊具,搖搖樂,組合遊具,組合遊具,搖搖樂,組合遊具,攀爬組合滑梯,搖搖樂,組合遊具,組合遊具,翹翹板,組合遊具,搖搖樂,組合遊具,翹翹板,組合遊具,搖搖樂,翹翹板,旋轉杯,旋轉棒,搖搖樂,磨石滑梯,組合遊具,搖搖樂,攀爬組,旋轉台,磨石滑梯,組合遊具,跳樁,組合遊具,組合遊具,組合遊具,音樂球、叮噹管、歡樂鼓,無障礙旋轉盤,無障礙鞦韆,遊戲牆,滾輪滑梯,鳥巢鞦韆,旋轉杯,旋轉棒,鞦韆,小木屋,山丘滑梯,戲沙坑,搖搖樂,攀爬組,5人轉轉盤,彈跳床,戲沙坑,組合遊具,旋轉台,旋轉杯,旋轉棒, 磨石滑梯,翹翹板,遊戲板,鞦韆,組合遊具,攀爬組,磨石滑梯,磨石滑梯,組合遊具,火車特色滑梯,鞦韆,樹蛙籃球框,組合遊具,組合遊具,組合遊具,翹翹板,組合遊具,組合遊具,組合遊具,組合遊具,組合遊具,沙坑遊戲板,環型天梯無障礙上肢設施,旋轉杯,戲沙坑,攀爬組,磨石滑梯,跳樁,遊戲板,組合遊具,磨石滑梯,組合遊具,搖搖樂,組合遊具,組合遊具,組合遊具,磨石滑梯,翹翹板,搖搖樂,組合遊具,搖搖樂,組合遊具,組合遊具,搖搖樂,組合遊具-1,攀爬組,鞦韆,大港墘公園-沙坑,大港墘公園-磨石滑梯,大港墘公園-魔力飛盤鞦韆,大港墘公園-管型山丘,攀爬組,翹翹板,遊戲體能組,搖搖樂,組合遊具,搖搖樂,組合遊具,搖搖樂,組合遊具,搖搖樂,組合遊具,組合遊具,磨石滑梯,組合遊具,搖搖樂,組合遊具,搖搖樂,組合遊具,翹翹板,搖搖樂,搖搖樂,組合遊具,搖搖樂,組合遊具,搖搖樂,組合遊具,彈跳床,戲沙坑,攀爬組,磨石滑梯,組合遊具,鞦韆,搖搖樂,組合遊具,磨石滑梯,搖搖樂,磨石滑梯,鞦韆,組合遊具,鞦韆,戲沙坑,擺盪船索,組合遊具,搖搖樂,組合遊具,組合遊具,組合遊具,組合遊具,搖搖樂,組合遊具,戲沙坑,旋轉台,組合遊具,鞦韆,組合遊具,組合遊具,磨石滑梯,鞦韆,搖搖樂,組合遊具,攀爬架,搖搖樂,組合遊具,搖搖樂,搖搖樂,組合遊具,組合遊具,磨石滑梯,翹翹板,攀爬架,戲沙坑,船型遊具組,鞦韆,組合遊具,天旋地轉,組合遊具,組合遊具,搖搖樂,大轉轉杯,組合遊具,平衡木,搖搖樂,磨石滑梯,翹翹板,鞦韆,溜滑梯組合遊具,搖搖樂,翹翹板,木製攀爬架,搖搖樂,磨石滑梯,組合遊具,翹翹板,鞦韆,組合遊具,搖搖樂,組合遊具,組合遊具,組合遊具,擺盪螺旋跳跳樂,搖搖樂,攀爬組,磨石滑梯,鞦韆,組合遊具,鞦韆,組合遊具,搖搖樂,組合遊具,鞦韆,旋轉台,滾輪滑梯,組合遊具,翹翹板,遊戲板,搖搖樂,組合遊具,攀爬組,旋轉棒,磨石滑梯,搖搖樂,鞦韆,MONKEY BAR,宇宙穿梭機,時空訊息牆,景化小飛碟,黃金光束坡,搖搖樂,組合遊具,拉鍊響板,搖擺沙鈴,獅吼鼻頭,獅背攀爬網,獅眼滾珠迷宮,鈕扣獅,組合遊具,組合遊具,搖搖樂,組合遊具,搖搖樂,組合遊具,搖搖樂,組合遊具,鞦韆,翹翹板,組合遊具,搖搖樂,搖搖樂,組合遊具,組合遊具,戲沙坑,組合遊具,滑索(軌),鞦韆,搖搖馬,組合遊具,組合遊具,組合遊具,攀爬組,組合遊具,組合遊具,組合遊具,組合遊具,翹翹板,組合遊具, 磨石滑梯,組合遊具,攀爬組,磨石滑梯,搖搖樂,組合遊具,組合遊具,搖搖樂,戲沙坑,攀爬組,組合遊具,攀爬組,磨石滑梯,鞦韆,組合遊具,組合遊具,搖搖樂,磨石滑梯,組合遊具,搖搖樂,鞦韆,旋轉杯,組合遊具,翹翹板,組合遊具,搖搖樂,組合遊具,組合遊具,藤蔓綠森林組合遊具組,曲型單槓,搖搖樂,共融式旋轉碗碟,組合遊具,翹翹板,鞦韆,鞦韆,搖搖樂,組合遊具,組合遊具,探索年輪之環,板根網架,老松樹塔,組合遊具,組合遊具,鞦韆,原木擺盪攀爬遊具,旋轉擺盪座椅,擺盪船索,組合遊具,組合遊具,鞦韆,攀爬組,遊戲小屋,組合遊具,搖搖樂,翹翹板,組合遊具,旋轉木馬,搖搖樂,組合遊具,翹翹板,搖滾盤,攀爬組,組合遊具,組合遊具,組合遊具,無障礙旋轉盤\t,共融式恐龍造型遊具組,造型恐龍蛋休憩椅\t,磨石滑梯,鞦韆,磨石子溜滑梯,戲沙坑,組合遊具,翹翹板,跳樁,大坡面磨石溜滑梯,沙坑,鳥巢鞦韆,滑索(軌),組合遊具,鞦韆,組合遊具,組合遊具,磨石子滑梯,樹屋攀爬網,組合遊具,組合遊具,多元攀爬遊具,側向爬網,平衡獨木橋,磨石子滑梯,原木攀爬遊具,大轉轉椅,組合遊具,共融式綜合鞦韆組,曲型單槓,磨石滑梯,遊戲板,攀爬組,磨石滑梯,鞦韆,組合遊具,戲沙坑,攀爬組,鳥巢鞦韆,大海怪遊戲組,地面遊戲組,攀爬組,組合遊具,鞦韆,戲沙坑,恐龍磨石子滑梯,旋轉台,磨石滑梯,組合遊具,組合遊具,磨石滑梯,組合遊具,搖搖樂,組合遊具,搖搖樂,組合遊具,翹翹板,搖搖樂,吊床,組合遊具,組合遊具,搖搖樂,磨石滑梯,攀爬遊具,搖搖樂,搖搖樂,組合遊具,搖搖樂,組合遊具,翹翹板,組合遊具,搖搖樂,組合遊具,搖搖樂,組合遊具,組合遊具,鞦韆,組合遊具,組合遊具,5人轉轉椅,組合遊具,搖搖樂,磨石滑梯,攀爬網,幸運餅乾滑梯及吊床,鳥巢鞦韆,旋轉設施,組合遊具,搖搖樂,翹翹板,組合遊具,組合遊具,組合遊具,組合遊具,鞦韆,攀爬組,磨石滑梯,攀爬組,組合遊具,鞦韆,磨石滑梯,蹺蹺板,攀爬設施,搖搖樂,磨石滑梯,磨石滑梯,蹺蹺板,搖搖樂,組合遊具,搖搖樂,組合遊具,翹翹板", "ObjectId": 610}}, {"type": "Feature", "id": 612, "geometry": {"type": "Point", "coordinates": [121.53349304, 25.04434967]}, "properties": {"SeqNo": 286, "pm_name": "寧馨公園A", "pm_overview": "寧馨公園(Ningxin Park)是配合瑠公圳加蓋工程所闢建之鄰里公園，園內設施色調明朗，為附近居民最佳休閒、聯誼的場所，目前為本區無菸公園。", "pm_unit": "大安區公所", "pm_const_year": "1988", "pm_location": "八德路2段台北科大北側", "pm_LandPublicArea": 2080, "pm_opening_s": "00:00:00", "pm_opening_e": "24:00", "pm_libie": "民輝里", "pm_phone": "02-23511711#9302", "pm_sports": "漫步機、雙人肩關節訓練器、坐推坐拉訓練器", "pm_recreation": "鞦韆、組合遊具、搖搖樂", "pm_service": "洗手台", "pm_other": null, "pm_transit": "捷運路線:搭文湖線至六張犁捷運站，公車路線搭41、72、109、203、214、222、226、至捷運六張犁站(基隆路)", "pm_name_eng": "Ningxing Park", "pm_ecology": null, "pm_type": "公園", "pm_playtype": "一般", "pm_playarea": 104, "pm_description": null, "pm_playeq": "彈跳床,搖滾盤,攀爬組,磨石滑梯,搖搖樂,翹翹板,搖搖樂,組合遊具,搖搖樂,組合遊具,鞦韆,攀爬組,磨石滑梯,翹翹板,組合遊具,翹翹板,木樁區,盪鞦韆,平衡木,彈跳床,搖搖樂,組合遊具,翹翹板,旋轉台,戲沙坑遊戲桌,搖搖樂,攀爬組,旋轉飛輪,組合遊具,翹翹板,磨石滑梯,攀爬組,磨石子滑梯,翹翹板,彈跳床,鳥巢鞦韆,戲沙坑,攀爬組,組合遊具,攀爬組,站立式搖動設備,組合遊具,翹翹板,小石搬運,搖搖馬,組合遊具,數字造型跳樁及水管隧道,搖滾盤,X型翹翹板,組合遊具,搖搖樂,組合遊具,旋轉桶椅,大旋轉組,組合遊具,搖搖樂,磨石滑梯,鳥巢鞦韆,旋轉桶椅,組合遊具,組合遊具,組合遊具,搖搖馬,組合遊具,翹翹板,搖搖樂,組合遊具,組合遊具,磨石滑梯,鞦韆及鳥巢鞦韆,彈跳床,攀爬組,木隧道,組合遊具,仿古代程沈船遊具,攀爬繩網組,攀爬組,鳥巢鞦韆,輪胎鞦韆,尿布鞦韆,沙坑,磨石子滑梯,旋轉台,彈跳床,雙滑軌溜索,搖搖馬,翹翹板,組合遊具,搖搖馬,組合遊具,攀爬組,組合遊具,組合遊具,攀爬組,搖搖馬,磨石子滑梯,旋轉杯,組合遊具,組合遊具,組合遊具,大轉轉杯,搖搖樂,組合遊具,翹翹板,滑梯,彈跳床,戲沙坑,擺盪船索,攀爬組,旋轉組,磨石滑梯,組合遊具,特色溜滑梯,攀爬組,旋轉棒,叢林攀爬組,4人旋轉器,搖搖樂,磨石滑梯,翹翹板,搖搖樂,組合遊具,組合遊具,組合遊具,爬繩,組合遊具(叢林攀爬組),獨木橋,組合遊具,遊戲板,組合遊具,攀爬組,盪鞦韆,搖搖樂,組合遊具,組合遊具,旋轉盤,鞦韆,攀爬組,旋轉盤,搖搖樂,組合遊具,特色溜滑梯,攀爬組,跳樁,鞦韆,搖搖馬,組合遊具,蹺蹺板,組合遊具,搖搖樂,組合遊具,組合遊具2,翹翹板及搖搖馬,組合遊具,天空樹溜滑梯,戲沙坑,搖搖樂,旋轉拉環,組合遊具, X型翹翹板,鞦韆,攀爬組,搖搖樂,組合遊具(村莊高塔),鞦韆,攀爬遊戲組,彈跳床,投籃機,擺盪船索,攀爬組,旋轉台,組合遊具,組合遊具,旋轉陀螺,旋轉台,組合遊具,攀爬組,搖搖樂,翹翹板,磨石滑梯,搖搖樂,跳樁,搖搖樂,攀爬組,組合遊具(滑梯小屋),旋轉盤,組合遊具,鳥巢盪鞦韆及一般坐式盪鞦韆,蝴蝶翹翹板,特色旋轉盤,金字塔滑梯組,機車搖搖樂,遊戲板,造型攀爬牆,攀爬網,組合遊具(環繞競技場遊具組),鞦韆,體能訓練平衡組,礫石坑,獨木樁,蜻蜓點水,木橋,平衡木,平衡木,跳樁,遊戲板,隧道,組合遊具(叢林攀爬組),搖晃板,組合遊具,遊戲板,隧道,組合遊具(遊戲城堡),旋轉座椅,競技攀爬遊具組,龍舟特色遊具組,滑梯,擊鼓,搖搖樂,組合遊具,翹翹板,組合遊具,翹翹板,木作組合遊具,搖搖樂,城堡遊戲組,大轉轉杯,搖搖樂,磨石滑梯,攀爬組,鞦韆,搖搖樂,組合遊具,組合遊具,搖滾盤,旋轉球椅,愛的搖籃,組合遊具,搖搖樂,旋轉杯,翹翹板,組合遊具,搖搖樂,組合遊具,搖搖樂,組合遊具,搖搖樂,組合遊具,攀爬組,搖搖樂,組合遊具,搖搖樂,組合遊具,組合遊具,彩虹琴,旋轉音樂盒,遊戲礫石坑,彈跳節拍,搖搖樂,組合遊具,翹翹板,組合遊具,組合遊具,搖搖樂,組合遊具,組合遊具,搖搖樂,組合遊具,攀爬組合滑梯,搖搖樂,組合遊具,組合遊具,翹翹板,組合遊具,搖搖樂,組合遊具,翹翹板,組合遊具,搖搖樂,翹翹板,旋轉杯,旋轉棒,搖搖樂,磨石滑梯,組合遊具,搖搖樂,攀爬組,旋轉台,磨石滑梯,組合遊具,跳樁,組合遊具,組合遊具,組合遊具,音樂球、叮噹管、歡樂鼓,無障礙旋轉盤,無障礙鞦韆,遊戲牆,滾輪滑梯,鳥巢鞦韆,旋轉杯,旋轉棒,鞦韆,小木屋,山丘滑梯,戲沙坑,搖搖樂,攀爬組,5人轉轉盤,彈跳床,戲沙坑,組合遊具,旋轉台,旋轉杯,旋轉棒, 磨石滑梯,翹翹板,遊戲板,鞦韆,組合遊具,攀爬組,磨石滑梯,磨石滑梯,組合遊具,火車特色滑梯,鞦韆,樹蛙籃球框,組合遊具,組合遊具,組合遊具,翹翹板,組合遊具,組合遊具,組合遊具,組合遊具,組合遊具,沙坑遊戲板,環型天梯無障礙上肢設施,旋轉杯,戲沙坑,攀爬組,磨石滑梯,跳樁,遊戲板,組合遊具,磨石滑梯,組合遊具,搖搖樂,組合遊具,組合遊具,組合遊具,磨石滑梯,翹翹板,搖搖樂,組合遊具,搖搖樂,組合遊具,組合遊具,搖搖樂,組合遊具-1,攀爬組,鞦韆,大港墘公園-沙坑,大港墘公園-磨石滑梯,大港墘公園-魔力飛盤鞦韆,大港墘公園-管型山丘,攀爬組,翹翹板,遊戲體能組,搖搖樂,組合遊具,搖搖樂,組合遊具,搖搖樂,組合遊具,搖搖樂,組合遊具,組合遊具,磨石滑梯,組合遊具,搖搖樂,組合遊具,搖搖樂,組合遊具,翹翹板,搖搖樂,搖搖樂,組合遊具,搖搖樂,組合遊具,搖搖樂,組合遊具,彈跳床,戲沙坑,攀爬組,磨石滑梯,組合遊具,鞦韆,搖搖樂,組合遊具,磨石滑梯,搖搖樂,磨石滑梯,鞦韆,組合遊具,鞦韆,戲沙坑,擺盪船索,組合遊具,搖搖樂,組合遊具,組合遊具,組合遊具,組合遊具,搖搖樂,組合遊具,戲沙坑,旋轉台,組合遊具,鞦韆,組合遊具,組合遊具,磨石滑梯,鞦韆,搖搖樂,組合遊具,攀爬架,搖搖樂,組合遊具,搖搖樂,搖搖樂,組合遊具,組合遊具,磨石滑梯,翹翹板,攀爬架,戲沙坑,船型遊具組,鞦韆,組合遊具,天旋地轉,組合遊具,組合遊具,搖搖樂,大轉轉杯,組合遊具,平衡木,搖搖樂,磨石滑梯,翹翹板,鞦韆,溜滑梯組合遊具,搖搖樂,翹翹板,木製攀爬架,搖搖樂,磨石滑梯,組合遊具,翹翹板,鞦韆,組合遊具,搖搖樂,組合遊具,組合遊具,組合遊具,擺盪螺旋跳跳樂,搖搖樂,攀爬組,磨石滑梯,鞦韆,組合遊具,鞦韆,組合遊具,搖搖樂,組合遊具,鞦韆,旋轉台,滾輪滑梯,組合遊具,翹翹板,遊戲板,搖搖樂,組合遊具,攀爬組,旋轉棒,磨石滑梯,搖搖樂,鞦韆,MONKEY BAR,宇宙穿梭機,時空訊息牆,景化小飛碟,黃金光束坡,搖搖樂,組合遊具,拉鍊響板,搖擺沙鈴,獅吼鼻頭,獅背攀爬網,獅眼滾珠迷宮,鈕扣獅,組合遊具,組合遊具,搖搖樂,組合遊具,搖搖樂,組合遊具,搖搖樂,組合遊具,鞦韆,翹翹板,組合遊具,搖搖樂,搖搖樂,組合遊具,組合遊具,戲沙坑,組合遊具,滑索(軌),鞦韆,搖搖馬,組合遊具,組合遊具,組合遊具,攀爬組,組合遊具,組合遊具,組合遊具,組合遊具,翹翹板,組合遊具, 磨石滑梯,組合遊具,攀爬組,磨石滑梯,搖搖樂,組合遊具,組合遊具,搖搖樂,戲沙坑,攀爬組,組合遊具,攀爬組,磨石滑梯,鞦韆,組合遊具,組合遊具,搖搖樂,磨石滑梯,組合遊具,搖搖樂,鞦韆,旋轉杯,組合遊具,翹翹板,組合遊具,搖搖樂,組合遊具,組合遊具,藤蔓綠森林組合遊具組,曲型單槓,搖搖樂,共融式旋轉碗碟,組合遊具,翹翹板,鞦韆,鞦韆,搖搖樂,組合遊具,組合遊具,探索年輪之環,板根網架,老松樹塔,組合遊具,組合遊具,鞦韆,原木擺盪攀爬遊具,旋轉擺盪座椅,擺盪船索,組合遊具,組合遊具,鞦韆,攀爬組,遊戲小屋,組合遊具,搖搖樂,翹翹板,組合遊具,旋轉木馬,搖搖樂,組合遊具,翹翹板,搖滾盤,攀爬組,組合遊具,組合遊具,組合遊具,無障礙旋轉盤\t,共融式恐龍造型遊具組,造型恐龍蛋休憩椅\t,磨石滑梯,鞦韆,磨石子溜滑梯,戲沙坑,組合遊具,翹翹板,跳樁,大坡面磨石溜滑梯,沙坑,鳥巢鞦韆,滑索(軌),組合遊具,鞦韆,組合遊具,組合遊具,磨石子滑梯,樹屋攀爬網,組合遊具,組合遊具,多元攀爬遊具,側向爬網,平衡獨木橋,磨石子滑梯,原木攀爬遊具,大轉轉椅,組合遊具,共融式綜合鞦韆組,曲型單槓,磨石滑梯,遊戲板,攀爬組,磨石滑梯,鞦韆,組合遊具,戲沙坑,攀爬組,鳥巢鞦韆,大海怪遊戲組,地面遊戲組,攀爬組,組合遊具,鞦韆,戲沙坑,恐龍磨石子滑梯,旋轉台,磨石滑梯,組合遊具,組合遊具,磨石滑梯,組合遊具,搖搖樂,組合遊具,搖搖樂,組合遊具,翹翹板,搖搖樂,吊床,組合遊具,組合遊具,搖搖樂,磨石滑梯,攀爬遊具,搖搖樂,搖搖樂,組合遊具,搖搖樂,組合遊具,翹翹板,組合遊具,搖搖樂,組合遊具,搖搖樂,組合遊具,組合遊具,鞦韆,組合遊具,組合遊具,5人轉轉椅,組合遊具,搖搖樂,磨石滑梯,攀爬網,幸運餅乾滑梯及吊床,鳥巢鞦韆,旋轉設施,組合遊具,搖搖樂,翹翹板,組合遊具,組合遊具,組合遊具,組合遊具,鞦韆,攀爬組,磨石滑梯,攀爬組,組合遊具,鞦韆,磨石滑梯,蹺蹺板,攀爬設施,搖搖樂,磨石滑梯,磨石滑梯,蹺蹺板,搖搖樂,組合遊具,搖搖樂,組合遊具,翹翹板,搖搖樂,組合遊具,鞦韆,組合遊具", "ObjectId": 612}}, {"type": "Feature", "id": 614, "geometry": {"type": "Point", "coordinates": [121.54777527, 25.034879684]}, "properties": {"SeqNo": 254, "pm_name": "德安公園", "pm_overview": "德安公園(Dean Park)位於四維路52巷，面積有1,617平方公尺，形狀成東西走向長方形。老樹、公共藝術、階梯廣場、花木寫意，是居民喜愛的地方。", "pm_unit": "大安區公所", "pm_const_year": "1989", "pm_location": "四維路52巷", "pm_LandPublicArea": 1617, "pm_opening_s": "00:00:00", "pm_opening_e": "24:00", "pm_libie": "德安里", "pm_phone": "02-23511711#9302", "pm_sports": "大轉輪、腰背按摩器、單槓", "pm_recreation": "鞦韆、組合遊具", "pm_service": null, "pm_other": null, "pm_transit": "公車路線搭0東、41、939至信義敦化路口", "pm_name_eng": "Dean Park", "pm_ecology": null, "pm_type": "公園", "pm_playtype": "一般", "pm_playarea": 350, "pm_description": "全景", "pm_playeq": "彈跳床,搖滾盤,攀爬組,磨石滑梯,搖搖樂,翹翹板,搖搖樂,組合遊具,搖搖樂,組合遊具,鞦韆,攀爬組,磨石滑梯,翹翹板,組合遊具,翹翹板,木樁區,盪鞦韆,平衡木,彈跳床,搖搖樂,組合遊具,翹翹板,旋轉台,戲沙坑遊戲桌,搖搖樂,攀爬組,旋轉飛輪,組合遊具,翹翹板,磨石滑梯,攀爬組,磨石子滑梯,翹翹板,彈跳床,鳥巢鞦韆,戲沙坑,攀爬組,組合遊具,攀爬組,站立式搖動設備,組合遊具,翹翹板,小石搬運,搖搖馬,組合遊具,數字造型跳樁及水管隧道,搖滾盤,X型翹翹板,組合遊具,搖搖樂,組合遊具,旋轉桶椅,大旋轉組,組合遊具,搖搖樂,磨石滑梯,鳥巢鞦韆,旋轉桶椅,組合遊具,組合遊具,組合遊具,搖搖馬,組合遊具,翹翹板,搖搖樂,組合遊具,組合遊具,磨石滑梯,鞦韆及鳥巢鞦韆,彈跳床,攀爬組,木隧道,組合遊具,仿古代程沈船遊具,攀爬繩網組,攀爬組,鳥巢鞦韆,輪胎鞦韆,尿布鞦韆,沙坑,磨石子滑梯,旋轉台,彈跳床,雙滑軌溜索,搖搖馬,翹翹板,組合遊具,搖搖馬,組合遊具,攀爬組,組合遊具,組合遊具,攀爬組,搖搖馬,磨石子滑梯,旋轉杯,組合遊具,組合遊具,組合遊具,大轉轉杯,搖搖樂,組合遊具,翹翹板,滑梯,彈跳床,戲沙坑,擺盪船索,攀爬組,旋轉組,磨石滑梯,組合遊具,特色溜滑梯,攀爬組,旋轉棒,叢林攀爬組,4人旋轉器,搖搖樂,磨石滑梯,翹翹板,搖搖樂,組合遊具,組合遊具,組合遊具,爬繩,組合遊具(叢林攀爬組),獨木橋,組合遊具,遊戲板,組合遊具,攀爬組,盪鞦韆,搖搖樂,組合遊具,組合遊具,旋轉盤,鞦韆,攀爬組,旋轉盤,搖搖樂,組合遊具,特色溜滑梯,攀爬組,跳樁,鞦韆,搖搖馬,組合遊具,蹺蹺板,組合遊具,搖搖樂,組合遊具,組合遊具2,翹翹板及搖搖馬,組合遊具,天空樹溜滑梯,戲沙坑,搖搖樂,旋轉拉環,組合遊具, X型翹翹板,鞦韆,攀爬組,搖搖樂,組合遊具(村莊高塔),鞦韆,攀爬遊戲組,彈跳床,投籃機,擺盪船索,攀爬組,旋轉台,組合遊具,組合遊具,旋轉陀螺,旋轉台,組合遊具,攀爬組,搖搖樂,翹翹板,磨石滑梯,搖搖樂,跳樁,搖搖樂,攀爬組,組合遊具(滑梯小屋),旋轉盤,組合遊具,鳥巢盪鞦韆及一般坐式盪鞦韆,蝴蝶翹翹板,特色旋轉盤,金字塔滑梯組,機車搖搖樂,遊戲板,造型攀爬牆,攀爬網,組合遊具(環繞競技場遊具組),鞦韆,體能訓練平衡組,礫石坑,獨木樁,蜻蜓點水,木橋,平衡木,平衡木,跳樁,遊戲板,隧道,組合遊具(叢林攀爬組),搖晃板,組合遊具,遊戲板,隧道,組合遊具(遊戲城堡),旋轉座椅,競技攀爬遊具組,龍舟特色遊具組,滑梯,擊鼓,搖搖樂,組合遊具,翹翹板,組合遊具,翹翹板,木作組合遊具,搖搖樂,城堡遊戲組,大轉轉杯,搖搖樂,磨石滑梯,攀爬組,鞦韆,搖搖樂,組合遊具,組合遊具,搖滾盤,旋轉球椅,愛的搖籃,組合遊具,搖搖樂,旋轉杯,翹翹板,組合遊具,搖搖樂,組合遊具,搖搖樂,組合遊具,搖搖樂,組合遊具,攀爬組,搖搖樂,組合遊具,搖搖樂,組合遊具,組合遊具,彩虹琴,旋轉音樂盒,遊戲礫石坑,彈跳節拍,搖搖樂,組合遊具,翹翹板,組合遊具,組合遊具,搖搖樂,組合遊具,組合遊具,搖搖樂,組合遊具,攀爬組合滑梯,搖搖樂,組合遊具,組合遊具,翹翹板,組合遊具,搖搖樂,組合遊具,翹翹板,組合遊具,搖搖樂,翹翹板,旋轉杯,旋轉棒,搖搖樂,磨石滑梯,組合遊具,搖搖樂,攀爬組,旋轉台,磨石滑梯,組合遊具,跳樁,組合遊具,組合遊具,組合遊具,音樂球、叮噹管、歡樂鼓,無障礙旋轉盤,無障礙鞦韆,遊戲牆,滾輪滑梯,鳥巢鞦韆,旋轉杯,旋轉棒,鞦韆,小木屋,山丘滑梯,戲沙坑,搖搖樂,攀爬組,5人轉轉盤,彈跳床,戲沙坑,組合遊具,旋轉台,旋轉杯,旋轉棒, 磨石滑梯,翹翹板,遊戲板,鞦韆,組合遊具,攀爬組,磨石滑梯,磨石滑梯,組合遊具,火車特色滑梯,鞦韆,樹蛙籃球框,組合遊具,組合遊具,組合遊具,翹翹板,組合遊具,組合遊具,組合遊具,組合遊具,組合遊具,沙坑遊戲板,環型天梯無障礙上肢設施,旋轉杯,戲沙坑,攀爬組,磨石滑梯,跳樁,遊戲板,組合遊具,磨石滑梯,組合遊具,搖搖樂,組合遊具,組合遊具,組合遊具,磨石滑梯,翹翹板,搖搖樂,組合遊具,搖搖樂,組合遊具,組合遊具,搖搖樂,組合遊具-1,攀爬組,鞦韆,大港墘公園-沙坑,大港墘公園-磨石滑梯,大港墘公園-魔力飛盤鞦韆,大港墘公園-管型山丘,攀爬組,翹翹板,遊戲體能組,搖搖樂,組合遊具,搖搖樂,組合遊具,搖搖樂,組合遊具,搖搖樂,組合遊具,組合遊具,磨石滑梯,組合遊具,搖搖樂,組合遊具,搖搖樂,組合遊具,翹翹板,搖搖樂,搖搖樂,組合遊具,搖搖樂,組合遊具,搖搖樂,組合遊具,彈跳床,戲沙坑,攀爬組,磨石滑梯,組合遊具,鞦韆,搖搖樂,組合遊具,磨石滑梯,搖搖樂,磨石滑梯,鞦韆,組合遊具,鞦韆,戲沙坑,擺盪船索,組合遊具,搖搖樂,組合遊具,組合遊具,組合遊具,組合遊具,搖搖樂,組合遊具,戲沙坑,旋轉台,組合遊具,鞦韆,組合遊具,組合遊具,磨石滑梯,鞦韆,搖搖樂,組合遊具,攀爬架,搖搖樂,組合遊具,搖搖樂,搖搖樂,組合遊具,組合遊具,磨石滑梯,翹翹板,攀爬架,戲沙坑,船型遊具組,鞦韆,組合遊具,天旋地轉,組合遊具,組合遊具,搖搖樂,大轉轉杯,組合遊具,平衡木,搖搖樂,磨石滑梯,翹翹板,鞦韆,溜滑梯組合遊具,搖搖樂,翹翹板,木製攀爬架,搖搖樂,磨石滑梯,組合遊具,翹翹板,鞦韆,組合遊具,搖搖樂,組合遊具,組合遊具,組合遊具,擺盪螺旋跳跳樂,搖搖樂,攀爬組,磨石滑梯,鞦韆,組合遊具,鞦韆,組合遊具,搖搖樂,組合遊具,鞦韆,旋轉台,滾輪滑梯,組合遊具,翹翹板,遊戲板,搖搖樂,組合遊具,攀爬組,旋轉棒,磨石滑梯,搖搖樂,鞦韆,MONKEY BAR,宇宙穿梭機,時空訊息牆,景化小飛碟,黃金光束坡,搖搖樂,組合遊具,拉鍊響板,搖擺沙鈴,獅吼鼻頭,獅背攀爬網,獅眼滾珠迷宮,鈕扣獅,組合遊具,組合遊具,搖搖樂,組合遊具,搖搖樂,組合遊具,搖搖樂,組合遊具,鞦韆,翹翹板,組合遊具,搖搖樂,搖搖樂,組合遊具,組合遊具,戲沙坑,組合遊具,滑索(軌),鞦韆,搖搖馬,組合遊具,組合遊具,組合遊具,攀爬組,組合遊具,組合遊具,組合遊具,組合遊具,翹翹板,組合遊具, 磨石滑梯,組合遊具,攀爬組,磨石滑梯,搖搖樂,組合遊具,組合遊具,搖搖樂,戲沙坑,攀爬組,組合遊具,攀爬組,磨石滑梯,鞦韆,組合遊具,組合遊具,搖搖樂,磨石滑梯,組合遊具,搖搖樂,鞦韆,旋轉杯,組合遊具,翹翹板,組合遊具,搖搖樂,組合遊具,組合遊具,藤蔓綠森林組合遊具組,曲型單槓,搖搖樂,共融式旋轉碗碟,組合遊具,翹翹板,鞦韆,鞦韆,搖搖樂,組合遊具,組合遊具,探索年輪之環,板根網架,老松樹塔,組合遊具,組合遊具,鞦韆,原木擺盪攀爬遊具,旋轉擺盪座椅,擺盪船索,組合遊具,組合遊具,鞦韆,攀爬組,遊戲小屋,組合遊具,搖搖樂,翹翹板,組合遊具,旋轉木馬,搖搖樂,組合遊具,翹翹板,搖滾盤,攀爬組,組合遊具,組合遊具,組合遊具,無障礙旋轉盤\t,共融式恐龍造型遊具組,造型恐龍蛋休憩椅\t,磨石滑梯,鞦韆,磨石子溜滑梯,戲沙坑,組合遊具,翹翹板,跳樁,大坡面磨石溜滑梯,沙坑,鳥巢鞦韆,滑索(軌),組合遊具,鞦韆,組合遊具,組合遊具,磨石子滑梯,樹屋攀爬網,組合遊具,組合遊具,多元攀爬遊具,側向爬網,平衡獨木橋,磨石子滑梯,原木攀爬遊具,大轉轉椅,組合遊具,共融式綜合鞦韆組,曲型單槓,磨石滑梯,遊戲板,攀爬組,磨石滑梯,鞦韆,組合遊具,戲沙坑,攀爬組,鳥巢鞦韆,大海怪遊戲組,地面遊戲組,攀爬組,組合遊具,鞦韆,戲沙坑,恐龍磨石子滑梯,旋轉台,磨石滑梯,組合遊具,組合遊具,磨石滑梯,組合遊具,搖搖樂,組合遊具,搖搖樂,組合遊具,翹翹板,搖搖樂,吊床,組合遊具,組合遊具,搖搖樂,磨石滑梯,攀爬遊具,搖搖樂,搖搖樂,組合遊具,搖搖樂,組合遊具,翹翹板,組合遊具,搖搖樂,組合遊具,搖搖樂,組合遊具,組合遊具,鞦韆,組合遊具,組合遊具,5人轉轉椅,組合遊具,搖搖樂,磨石滑梯,攀爬網,幸運餅乾滑梯及吊床,鳥巢鞦韆,旋轉設施,組合遊具,搖搖樂,翹翹板,組合遊具,組合遊具,組合遊具,組合遊具,鞦韆,攀爬組,磨石滑梯,攀爬組,組合遊具,鞦韆,磨石滑梯,蹺蹺板,攀爬設施,搖搖樂,磨石滑梯,磨石滑梯,蹺蹺板,搖搖樂,組合遊具,搖搖樂,組合遊具,翹翹板,搖搖樂,組合遊具,鞦韆,組合遊具,鞦韆,組合遊具", "ObjectId": 614}}, {"type": "Feature", "id": 617, "geometry": {"type": "Point", "coordinates": [121.52794647, 25.027980804]}, "properties": {"SeqNo": 73, "pm_name": "錦安公園", "pm_overview": "錦安公園(Jinan Park)位於國立臺灣師範大學旁，高大黑板樹圍繞著公園，環境優雅，與周遭日式宿舍群融為一片，是都市中難得綠色歷史人文環境。", "pm_unit": "大安區公所", "pm_const_year": "1983", "pm_location": "金山南路2段203巷及麗水街口", "pm_LandPublicArea": 1246, "pm_opening_s": "00:00:00", "pm_opening_e": "24:00", "pm_libie": "錦安里", "pm_phone": "02-23511711#9302", "pm_sports": "單槓", "pm_recreation": "組合遊具、搖搖馬", "pm_service": null, "pm_other": null, "pm_transit": "公車路線搭0南、18、235、237、254、278、295、568、662、663、907、復興幹線、和平幹線至師大", "pm_name_eng": "Jinan Park", "pm_ecology": null, "pm_type": "公園", "pm_playtype": "共融", "pm_playarea": 120, "pm_description": "錦安公園遊戲場", "pm_playeq": "彈跳床,搖滾盤,攀爬組,磨石滑梯,搖搖樂,翹翹板,搖搖樂,組合遊具,搖搖樂,組合遊具,鞦韆,攀爬組,磨石滑梯,翹翹板,組合遊具,翹翹板,木樁區,盪鞦韆,平衡木,彈跳床,搖搖樂,組合遊具,翹翹板,旋轉台,戲沙坑遊戲桌,搖搖樂,攀爬組,旋轉飛輪,組合遊具,翹翹板,磨石滑梯,攀爬組,磨石子滑梯,翹翹板,彈跳床,鳥巢鞦韆,戲沙坑,攀爬組,組合遊具,攀爬組,站立式搖動設備,組合遊具,翹翹板,小石搬運,搖搖馬,組合遊具,數字造型跳樁及水管隧道,搖滾盤,X型翹翹板,組合遊具,搖搖樂,組合遊具,旋轉桶椅,大旋轉組,組合遊具,搖搖樂,磨石滑梯,鳥巢鞦韆,旋轉桶椅,組合遊具,組合遊具,組合遊具,搖搖馬,組合遊具,翹翹板,搖搖樂,組合遊具,組合遊具,磨石滑梯,鞦韆及鳥巢鞦韆,彈跳床,攀爬組,木隧道,組合遊具,仿古代程沈船遊具,攀爬繩網組,攀爬組,鳥巢鞦韆,輪胎鞦韆,尿布鞦韆,沙坑,磨石子滑梯,旋轉台,彈跳床,雙滑軌溜索,搖搖馬,翹翹板,組合遊具,搖搖馬,組合遊具,攀爬組,組合遊具,組合遊具,攀爬組,搖搖馬,磨石子滑梯,旋轉杯,組合遊具,組合遊具,組合遊具,大轉轉杯,搖搖樂,組合遊具,翹翹板,滑梯,彈跳床,戲沙坑,擺盪船索,攀爬組,旋轉組,磨石滑梯,組合遊具,特色溜滑梯,攀爬組,旋轉棒,叢林攀爬組,4人旋轉器,搖搖樂,磨石滑梯,翹翹板,搖搖樂,組合遊具,組合遊具,組合遊具,爬繩,組合遊具(叢林攀爬組),獨木橋,組合遊具,遊戲板,組合遊具,攀爬組,盪鞦韆,搖搖樂,組合遊具,組合遊具,旋轉盤,鞦韆,攀爬組,旋轉盤,搖搖樂,組合遊具,特色溜滑梯,攀爬組,跳樁,鞦韆,搖搖馬,組合遊具,蹺蹺板,組合遊具,搖搖樂,組合遊具,組合遊具2,翹翹板及搖搖馬,組合遊具,天空樹溜滑梯,戲沙坑,搖搖樂,旋轉拉環,組合遊具, X型翹翹板,鞦韆,攀爬組,搖搖樂,組合遊具(村莊高塔),鞦韆,攀爬遊戲組,彈跳床,投籃機,擺盪船索,攀爬組,旋轉台,組合遊具,組合遊具,旋轉陀螺,旋轉台,組合遊具,攀爬組,搖搖樂,翹翹板,磨石滑梯,搖搖樂,跳樁,搖搖樂,攀爬組,組合遊具(滑梯小屋),旋轉盤,組合遊具,鳥巢盪鞦韆及一般坐式盪鞦韆,蝴蝶翹翹板,特色旋轉盤,金字塔滑梯組,機車搖搖樂,遊戲板,造型攀爬牆,攀爬網,組合遊具(環繞競技場遊具組),鞦韆,體能訓練平衡組,礫石坑,獨木樁,蜻蜓點水,木橋,平衡木,平衡木,跳樁,遊戲板,隧道,組合遊具(叢林攀爬組),搖晃板,組合遊具,遊戲板,隧道,組合遊具(遊戲城堡),旋轉座椅,競技攀爬遊具組,龍舟特色遊具組,滑梯,擊鼓,搖搖樂,組合遊具,翹翹板,組合遊具,翹翹板,木作組合遊具,搖搖樂,城堡遊戲組,大轉轉杯,搖搖樂,磨石滑梯,攀爬組,鞦韆,搖搖樂,組合遊具,組合遊具,搖滾盤,旋轉球椅,愛的搖籃,組合遊具,搖搖樂,旋轉杯,翹翹板,組合遊具,搖搖樂,組合遊具,搖搖樂,組合遊具,搖搖樂,組合遊具,攀爬組,搖搖樂,組合遊具,搖搖樂,組合遊具,組合遊具,彩虹琴,旋轉音樂盒,遊戲礫石坑,彈跳節拍,搖搖樂,組合遊具,翹翹板,組合遊具,組合遊具,搖搖樂,組合遊具,組合遊具,搖搖樂,組合遊具,攀爬組合滑梯,搖搖樂,組合遊具,組合遊具,翹翹板,組合遊具,搖搖樂,組合遊具,翹翹板,組合遊具,搖搖樂,翹翹板,旋轉杯,旋轉棒,搖搖樂,磨石滑梯,組合遊具,搖搖樂,攀爬組,旋轉台,磨石滑梯,組合遊具,跳樁,組合遊具,組合遊具,組合遊具,音樂球、叮噹管、歡樂鼓,無障礙旋轉盤,無障礙鞦韆,遊戲牆,滾輪滑梯,鳥巢鞦韆,旋轉杯,旋轉棒,鞦韆,小木屋,山丘滑梯,戲沙坑,搖搖樂,攀爬組,5人轉轉盤,彈跳床,戲沙坑,組合遊具,旋轉台,旋轉杯,旋轉棒, 磨石滑梯,翹翹板,遊戲板,鞦韆,組合遊具,攀爬組,磨石滑梯,磨石滑梯,組合遊具,火車特色滑梯,鞦韆,樹蛙籃球框,組合遊具,組合遊具,組合遊具,翹翹板,組合遊具,組合遊具,組合遊具,組合遊具,組合遊具,沙坑遊戲板,環型天梯無障礙上肢設施,旋轉杯,戲沙坑,攀爬組,磨石滑梯,跳樁,遊戲板,組合遊具,磨石滑梯,組合遊具,搖搖樂,組合遊具,組合遊具,組合遊具,磨石滑梯,翹翹板,搖搖樂,組合遊具,搖搖樂,組合遊具,組合遊具,搖搖樂,組合遊具-1,攀爬組,鞦韆,大港墘公園-沙坑,大港墘公園-磨石滑梯,大港墘公園-魔力飛盤鞦韆,大港墘公園-管型山丘,攀爬組,翹翹板,遊戲體能組,搖搖樂,組合遊具,搖搖樂,組合遊具,搖搖樂,組合遊具,搖搖樂,組合遊具,組合遊具,磨石滑梯,組合遊具,搖搖樂,組合遊具,搖搖樂,組合遊具,翹翹板,搖搖樂,搖搖樂,組合遊具,搖搖樂,組合遊具,搖搖樂,組合遊具,彈跳床,戲沙坑,攀爬組,磨石滑梯,組合遊具,鞦韆,搖搖樂,組合遊具,磨石滑梯,搖搖樂,磨石滑梯,鞦韆,組合遊具,鞦韆,戲沙坑,擺盪船索,組合遊具,搖搖樂,組合遊具,組合遊具,組合遊具,組合遊具,搖搖樂,組合遊具,戲沙坑,旋轉台,組合遊具,鞦韆,組合遊具,組合遊具,磨石滑梯,鞦韆,搖搖樂,組合遊具,攀爬架,搖搖樂,組合遊具,搖搖樂,搖搖樂,組合遊具,組合遊具,磨石滑梯,翹翹板,攀爬架,戲沙坑,船型遊具組,鞦韆,組合遊具,天旋地轉,組合遊具,組合遊具,搖搖樂,大轉轉杯,組合遊具,平衡木,搖搖樂,磨石滑梯,翹翹板,鞦韆,溜滑梯組合遊具,搖搖樂,翹翹板,木製攀爬架,搖搖樂,磨石滑梯,組合遊具,翹翹板,鞦韆,組合遊具,搖搖樂,組合遊具,組合遊具,組合遊具,擺盪螺旋跳跳樂,搖搖樂,攀爬組,磨石滑梯,鞦韆,組合遊具,鞦韆,組合遊具,搖搖樂,組合遊具,鞦韆,旋轉台,滾輪滑梯,組合遊具,翹翹板,遊戲板,搖搖樂,組合遊具,攀爬組,旋轉棒,磨石滑梯,搖搖樂,鞦韆,MONKEY BAR,宇宙穿梭機,時空訊息牆,景化小飛碟,黃金光束坡,搖搖樂,組合遊具,拉鍊響板,搖擺沙鈴,獅吼鼻頭,獅背攀爬網,獅眼滾珠迷宮,鈕扣獅,組合遊具,組合遊具,搖搖樂,組合遊具,搖搖樂,組合遊具,搖搖樂,組合遊具,鞦韆,翹翹板,組合遊具,搖搖樂,搖搖樂,組合遊具,組合遊具,戲沙坑,組合遊具,滑索(軌),鞦韆,搖搖馬,組合遊具,組合遊具,組合遊具,攀爬組,組合遊具,組合遊具,組合遊具,組合遊具,翹翹板,組合遊具, 磨石滑梯,組合遊具,攀爬組,磨石滑梯,搖搖樂,組合遊具,組合遊具,搖搖樂,戲沙坑,攀爬組,組合遊具,攀爬組,磨石滑梯,鞦韆,組合遊具,組合遊具,搖搖樂,磨石滑梯,組合遊具,搖搖樂,鞦韆,旋轉杯,組合遊具,翹翹板,組合遊具,搖搖樂,組合遊具,組合遊具,藤蔓綠森林組合遊具組,曲型單槓,搖搖樂,共融式旋轉碗碟,組合遊具,翹翹板,鞦韆,鞦韆,搖搖樂,組合遊具,組合遊具,探索年輪之環,板根網架,老松樹塔,組合遊具,組合遊具,鞦韆,原木擺盪攀爬遊具,旋轉擺盪座椅,擺盪船索,組合遊具,組合遊具,鞦韆,攀爬組,遊戲小屋,組合遊具,搖搖樂,翹翹板,組合遊具,旋轉木馬,搖搖樂,組合遊具,翹翹板,搖滾盤,攀爬組,組合遊具,組合遊具,組合遊具,無障礙旋轉盤\t,共融式恐龍造型遊具組,造型恐龍蛋休憩椅\t,磨石滑梯,鞦韆,磨石子溜滑梯,戲沙坑,組合遊具,翹翹板,跳樁,大坡面磨石溜滑梯,沙坑,鳥巢鞦韆,滑索(軌),組合遊具,鞦韆,組合遊具,組合遊具,磨石子滑梯,樹屋攀爬網,組合遊具,組合遊具,多元攀爬遊具,側向爬網,平衡獨木橋,磨石子滑梯,原木攀爬遊具,大轉轉椅,組合遊具,共融式綜合鞦韆組,曲型單槓,磨石滑梯,遊戲板,攀爬組,磨石滑梯,鞦韆,組合遊具,戲沙坑,攀爬組,鳥巢鞦韆,大海怪遊戲組,地面遊戲組,攀爬組,組合遊具,鞦韆,戲沙坑,恐龍磨石子滑梯,旋轉台,磨石滑梯,組合遊具,組合遊具,磨石滑梯,組合遊具,搖搖樂,組合遊具,搖搖樂,組合遊具,翹翹板,搖搖樂,吊床,組合遊具,組合遊具,搖搖樂,磨石滑梯,攀爬遊具,搖搖樂,搖搖樂,組合遊具,搖搖樂,組合遊具,翹翹板,組合遊具,搖搖樂,組合遊具,搖搖樂,組合遊具,組合遊具,鞦韆,組合遊具,組合遊具,5人轉轉椅,組合遊具,搖搖樂,磨石滑梯,攀爬網,幸運餅乾滑梯及吊床,鳥巢鞦韆,旋轉設施,組合遊具,搖搖樂,翹翹板,組合遊具,組合遊具,組合遊具,組合遊具,鞦韆,攀爬組,磨石滑梯,攀爬組,組合遊具,鞦韆,磨石滑梯,蹺蹺板,攀爬設施,搖搖樂,磨石滑梯,磨石滑梯,蹺蹺板,搖搖樂,組合遊具,搖搖樂,組合遊具,翹翹板,搖搖樂,組合遊具,鞦韆,組合遊具,鞦韆,組合遊具,組合遊具,翹翹板,鳥巢鞦韆,鞦韆,磨石子滑梯,搖搖樂,組合遊具", "ObjectId": 617}}, {"type": "Feature", "id": 620, "geometry": {"type": "Point", "coordinates": [121.5425415, 25.027589798]}, "properties": {"SeqNo": 24, "pm_name": "龍陣一號公園", "pm_overview": "龍陣一號公園(Longzhen Park No.1 )內兒童遊樂設施，滑梯、沙坑是大家的最愛，使用率極高。尤其園內設置雕塑家余燈銓的作品，讓鄰里公園更添藝術品味。", "pm_unit": "大安區公所", "pm_const_year": "1982", "pm_location": "復興南路2段180巷15弄", "pm_LandPublicArea": 1451, "pm_opening_s": "00:00:00", "pm_opening_e": "24:00", "pm_libie": "龍陣里", "pm_phone": "02-23511711#9302", "pm_sports": "仰臥起坐(木)、垂直梯 、太空漫步機、扭腰器", "pm_recreation": "滑梯、翹翹板、沙坑、搖搖樂", "pm_service": null, "pm_other": null, "pm_transit": "捷運路線:搭文湖線至科技大樓捷運站，公車路線搭278、685、1915、1916、1917、復興幹線、S33至捷運科技大樓站", "pm_name_eng": "Longzhen Park No.1", "pm_ecology": null, "pm_type": "公園", "pm_playtype": "一般", "pm_playarea": 95, "pm_description": null, "pm_playeq": "彈跳床,搖滾盤,攀爬組,磨石滑梯,搖搖樂,翹翹板,搖搖樂,組合遊具,搖搖樂,組合遊具,鞦韆,攀爬組,磨石滑梯,翹翹板,組合遊具,翹翹板,木樁區,盪鞦韆,平衡木,彈跳床,搖搖樂,組合遊具,翹翹板,旋轉台,戲沙坑遊戲桌,搖搖樂,攀爬組,旋轉飛輪,組合遊具,翹翹板,磨石滑梯,攀爬組,磨石子滑梯,翹翹板,彈跳床,鳥巢鞦韆,戲沙坑,攀爬組,組合遊具,攀爬組,站立式搖動設備,組合遊具,翹翹板,小石搬運,搖搖馬,組合遊具,數字造型跳樁及水管隧道,搖滾盤,X型翹翹板,組合遊具,搖搖樂,組合遊具,旋轉桶椅,大旋轉組,組合遊具,搖搖樂,磨石滑梯,鳥巢鞦韆,旋轉桶椅,組合遊具,組合遊具,組合遊具,搖搖馬,組合遊具,翹翹板,搖搖樂,組合遊具,組合遊具,磨石滑梯,鞦韆及鳥巢鞦韆,彈跳床,攀爬組,木隧道,組合遊具,仿古代程沈船遊具,攀爬繩網組,攀爬組,鳥巢鞦韆,輪胎鞦韆,尿布鞦韆,沙坑,磨石子滑梯,旋轉台,彈跳床,雙滑軌溜索,搖搖馬,翹翹板,組合遊具,搖搖馬,組合遊具,攀爬組,組合遊具,組合遊具,攀爬組,搖搖馬,磨石子滑梯,旋轉杯,組合遊具,組合遊具,組合遊具,大轉轉杯,搖搖樂,組合遊具,翹翹板,滑梯,彈跳床,戲沙坑,擺盪船索,攀爬組,旋轉組,磨石滑梯,組合遊具,特色溜滑梯,攀爬組,旋轉棒,叢林攀爬組,4人旋轉器,搖搖樂,磨石滑梯,翹翹板,搖搖樂,組合遊具,組合遊具,組合遊具,爬繩,組合遊具(叢林攀爬組),獨木橋,組合遊具,遊戲板,組合遊具,攀爬組,盪鞦韆,搖搖樂,組合遊具,組合遊具,旋轉盤,鞦韆,攀爬組,旋轉盤,搖搖樂,組合遊具,特色溜滑梯,攀爬組,跳樁,鞦韆,搖搖馬,組合遊具,蹺蹺板,組合遊具,搖搖樂,組合遊具,組合遊具2,翹翹板及搖搖馬,組合遊具,天空樹溜滑梯,戲沙坑,搖搖樂,旋轉拉環,組合遊具, X型翹翹板,鞦韆,攀爬組,搖搖樂,組合遊具(村莊高塔),鞦韆,攀爬遊戲組,彈跳床,投籃機,擺盪船索,攀爬組,旋轉台,組合遊具,組合遊具,旋轉陀螺,旋轉台,組合遊具,攀爬組,搖搖樂,翹翹板,磨石滑梯,搖搖樂,跳樁,搖搖樂,攀爬組,組合遊具(滑梯小屋),旋轉盤,組合遊具,鳥巢盪鞦韆及一般坐式盪鞦韆,蝴蝶翹翹板,特色旋轉盤,金字塔滑梯組,機車搖搖樂,遊戲板,造型攀爬牆,攀爬網,組合遊具(環繞競技場遊具組),鞦韆,體能訓練平衡組,礫石坑,獨木樁,蜻蜓點水,木橋,平衡木,平衡木,跳樁,遊戲板,隧道,組合遊具(叢林攀爬組),搖晃板,組合遊具,遊戲板,隧道,組合遊具(遊戲城堡),旋轉座椅,競技攀爬遊具組,龍舟特色遊具組,滑梯,擊鼓,搖搖樂,組合遊具,翹翹板,組合遊具,翹翹板,木作組合遊具,搖搖樂,城堡遊戲組,大轉轉杯,搖搖樂,磨石滑梯,攀爬組,鞦韆,搖搖樂,組合遊具,組合遊具,搖滾盤,旋轉球椅,愛的搖籃,組合遊具,搖搖樂,旋轉杯,翹翹板,組合遊具,搖搖樂,組合遊具,搖搖樂,組合遊具,搖搖樂,組合遊具,攀爬組,搖搖樂,組合遊具,搖搖樂,組合遊具,組合遊具,彩虹琴,旋轉音樂盒,遊戲礫石坑,彈跳節拍,搖搖樂,組合遊具,翹翹板,組合遊具,組合遊具,搖搖樂,組合遊具,組合遊具,搖搖樂,組合遊具,攀爬組合滑梯,搖搖樂,組合遊具,組合遊具,翹翹板,組合遊具,搖搖樂,組合遊具,翹翹板,組合遊具,搖搖樂,翹翹板,旋轉杯,旋轉棒,搖搖樂,磨石滑梯,組合遊具,搖搖樂,攀爬組,旋轉台,磨石滑梯,組合遊具,跳樁,組合遊具,組合遊具,組合遊具,音樂球、叮噹管、歡樂鼓,無障礙旋轉盤,無障礙鞦韆,遊戲牆,滾輪滑梯,鳥巢鞦韆,旋轉杯,旋轉棒,鞦韆,小木屋,山丘滑梯,戲沙坑,搖搖樂,攀爬組,5人轉轉盤,彈跳床,戲沙坑,組合遊具,旋轉台,旋轉杯,旋轉棒, 磨石滑梯,翹翹板,遊戲板,鞦韆,組合遊具,攀爬組,磨石滑梯,磨石滑梯,組合遊具,火車特色滑梯,鞦韆,樹蛙籃球框,組合遊具,組合遊具,組合遊具,翹翹板,組合遊具,組合遊具,組合遊具,組合遊具,組合遊具,沙坑遊戲板,環型天梯無障礙上肢設施,旋轉杯,戲沙坑,攀爬組,磨石滑梯,跳樁,遊戲板,組合遊具,磨石滑梯,組合遊具,搖搖樂,組合遊具,組合遊具,組合遊具,磨石滑梯,翹翹板,搖搖樂,組合遊具,搖搖樂,組合遊具,組合遊具,搖搖樂,組合遊具-1,攀爬組,鞦韆,大港墘公園-沙坑,大港墘公園-磨石滑梯,大港墘公園-魔力飛盤鞦韆,大港墘公園-管型山丘,攀爬組,翹翹板,遊戲體能組,搖搖樂,組合遊具,搖搖樂,組合遊具,搖搖樂,組合遊具,搖搖樂,組合遊具,組合遊具,磨石滑梯,組合遊具,搖搖樂,組合遊具,搖搖樂,組合遊具,翹翹板,搖搖樂,搖搖樂,組合遊具,搖搖樂,組合遊具,搖搖樂,組合遊具,彈跳床,戲沙坑,攀爬組,磨石滑梯,組合遊具,鞦韆,搖搖樂,組合遊具,磨石滑梯,搖搖樂,磨石滑梯,鞦韆,組合遊具,鞦韆,戲沙坑,擺盪船索,組合遊具,搖搖樂,組合遊具,組合遊具,組合遊具,組合遊具,搖搖樂,組合遊具,戲沙坑,旋轉台,組合遊具,鞦韆,組合遊具,組合遊具,磨石滑梯,鞦韆,搖搖樂,組合遊具,攀爬架,搖搖樂,組合遊具,搖搖樂,搖搖樂,組合遊具,組合遊具,磨石滑梯,翹翹板,攀爬架,戲沙坑,船型遊具組,鞦韆,組合遊具,天旋地轉,組合遊具,組合遊具,搖搖樂,大轉轉杯,組合遊具,平衡木,搖搖樂,磨石滑梯,翹翹板,鞦韆,溜滑梯組合遊具,搖搖樂,翹翹板,木製攀爬架,搖搖樂,磨石滑梯,組合遊具,翹翹板,鞦韆,組合遊具,搖搖樂,組合遊具,組合遊具,組合遊具,擺盪螺旋跳跳樂,搖搖樂,攀爬組,磨石滑梯,鞦韆,組合遊具,鞦韆,組合遊具,搖搖樂,組合遊具,鞦韆,旋轉台,滾輪滑梯,組合遊具,翹翹板,遊戲板,搖搖樂,組合遊具,攀爬組,旋轉棒,磨石滑梯,搖搖樂,鞦韆,MONKEY BAR,宇宙穿梭機,時空訊息牆,景化小飛碟,黃金光束坡,搖搖樂,組合遊具,拉鍊響板,搖擺沙鈴,獅吼鼻頭,獅背攀爬網,獅眼滾珠迷宮,鈕扣獅,組合遊具,組合遊具,搖搖樂,組合遊具,搖搖樂,組合遊具,搖搖樂,組合遊具,鞦韆,翹翹板,組合遊具,搖搖樂,搖搖樂,組合遊具,組合遊具,戲沙坑,組合遊具,滑索(軌),鞦韆,搖搖馬,組合遊具,組合遊具,組合遊具,攀爬組,組合遊具,組合遊具,組合遊具,組合遊具,翹翹板,組合遊具, 磨石滑梯,組合遊具,攀爬組,磨石滑梯,搖搖樂,組合遊具,組合遊具,搖搖樂,戲沙坑,攀爬組,組合遊具,攀爬組,磨石滑梯,鞦韆,組合遊具,組合遊具,搖搖樂,磨石滑梯,組合遊具,搖搖樂,鞦韆,旋轉杯,組合遊具,翹翹板,組合遊具,搖搖樂,組合遊具,組合遊具,藤蔓綠森林組合遊具組,曲型單槓,搖搖樂,共融式旋轉碗碟,組合遊具,翹翹板,鞦韆,鞦韆,搖搖樂,組合遊具,組合遊具,探索年輪之環,板根網架,老松樹塔,組合遊具,組合遊具,鞦韆,原木擺盪攀爬遊具,旋轉擺盪座椅,擺盪船索,組合遊具,組合遊具,鞦韆,攀爬組,遊戲小屋,組合遊具,搖搖樂,翹翹板,組合遊具,旋轉木馬,搖搖樂,組合遊具,翹翹板,搖滾盤,攀爬組,組合遊具,組合遊具,組合遊具,無障礙旋轉盤\t,共融式恐龍造型遊具組,造型恐龍蛋休憩椅\t,磨石滑梯,鞦韆,磨石子溜滑梯,戲沙坑,組合遊具,翹翹板,跳樁,大坡面磨石溜滑梯,沙坑,鳥巢鞦韆,滑索(軌),組合遊具,鞦韆,組合遊具,組合遊具,磨石子滑梯,樹屋攀爬網,組合遊具,組合遊具,多元攀爬遊具,側向爬網,平衡獨木橋,磨石子滑梯,原木攀爬遊具,大轉轉椅,組合遊具,共融式綜合鞦韆組,曲型單槓,磨石滑梯,遊戲板,攀爬組,磨石滑梯,鞦韆,組合遊具,戲沙坑,攀爬組,鳥巢鞦韆,大海怪遊戲組,地面遊戲組,攀爬組,組合遊具,鞦韆,戲沙坑,恐龍磨石子滑梯,旋轉台,磨石滑梯,組合遊具,組合遊具,磨石滑梯,組合遊具,搖搖樂,組合遊具,搖搖樂,組合遊具,翹翹板,搖搖樂,吊床,組合遊具,組合遊具,搖搖樂,磨石滑梯,攀爬遊具,搖搖樂,搖搖樂,組合遊具,搖搖樂,組合遊具,翹翹板,組合遊具,搖搖樂,組合遊具,搖搖樂,組合遊具,組合遊具,鞦韆,組合遊具,組合遊具,5人轉轉椅,組合遊具,搖搖樂,磨石滑梯,攀爬網,幸運餅乾滑梯及吊床,鳥巢鞦韆,旋轉設施,組合遊具,搖搖樂,翹翹板,組合遊具,組合遊具,組合遊具,組合遊具,鞦韆,攀爬組,磨石滑梯,攀爬組,組合遊具,鞦韆,磨石滑梯,蹺蹺板,攀爬設施,搖搖樂,磨石滑梯,磨石滑梯,蹺蹺板,搖搖樂,組合遊具,搖搖樂,組合遊具,翹翹板,搖搖樂,組合遊具,鞦韆,組合遊具,鞦韆,組合遊具,組合遊具,翹翹板,鳥巢鞦韆,鞦韆,磨石子滑梯,搖搖樂,組合遊具,組合遊具,翹翹板,組合遊具,搖搖樂,搖搖樂,磨石滑梯,翹翹板", "ObjectId": 620}}, {"type": "Feature", "id": 621, "geometry": {"type": "Point", "coordinates": [121.5424881, 25.029239655]}, "properties": {"SeqNo": 270, "pm_name": "龍陣二號公園 A", "pm_overview": "龍陣二號公園(Longzhen  Park No.2)面積2,056平方公尺，園內花木扶疏，滿園綠意，環境幽雅，並設有石椅、木椅及遊樂設施。", "pm_unit": "大安區公所", "pm_const_year": "1985", "pm_location": "瑞安街61號", "pm_LandPublicArea": 2056, "pm_opening_s": "00:00:00", "pm_opening_e": "24:00", "pm_libie": "龍陣里", "pm_phone": "02-23511711#9302", "pm_sports": "太空漫步機、肩關節訓練器、單槓", "pm_recreation": "滑梯、搖搖樂", "pm_service": null, "pm_other": null, "pm_transit": "捷運路線:搭文湖線至科技大樓捷運站，公車路線搭278、685、復興幹線至開平餐飲學校", "pm_name_eng": "Longzhen  Park No.2", "pm_ecology": null, "pm_type": "公園", "pm_playtype": "一般", "pm_playarea": 230, "pm_description": null, "pm_playeq": "彈跳床,搖滾盤,攀爬組,磨石滑梯,搖搖樂,翹翹板,搖搖樂,組合遊具,搖搖樂,組合遊具,鞦韆,攀爬組,磨石滑梯,翹翹板,組合遊具,翹翹板,木樁區,盪鞦韆,平衡木,彈跳床,搖搖樂,組合遊具,翹翹板,旋轉台,戲沙坑遊戲桌,搖搖樂,攀爬組,旋轉飛輪,組合遊具,翹翹板,磨石滑梯,攀爬組,磨石子滑梯,翹翹板,彈跳床,鳥巢鞦韆,戲沙坑,攀爬組,組合遊具,攀爬組,站立式搖動設備,組合遊具,翹翹板,小石搬運,搖搖馬,組合遊具,數字造型跳樁及水管隧道,搖滾盤,X型翹翹板,組合遊具,搖搖樂,組合遊具,旋轉桶椅,大旋轉組,組合遊具,搖搖樂,磨石滑梯,鳥巢鞦韆,旋轉桶椅,組合遊具,組合遊具,組合遊具,搖搖馬,組合遊具,翹翹板,搖搖樂,組合遊具,組合遊具,磨石滑梯,鞦韆及鳥巢鞦韆,彈跳床,攀爬組,木隧道,組合遊具,仿古代程沈船遊具,攀爬繩網組,攀爬組,鳥巢鞦韆,輪胎鞦韆,尿布鞦韆,沙坑,磨石子滑梯,旋轉台,彈跳床,雙滑軌溜索,搖搖馬,翹翹板,組合遊具,搖搖馬,組合遊具,攀爬組,組合遊具,組合遊具,攀爬組,搖搖馬,磨石子滑梯,旋轉杯,組合遊具,組合遊具,組合遊具,大轉轉杯,搖搖樂,組合遊具,翹翹板,滑梯,彈跳床,戲沙坑,擺盪船索,攀爬組,旋轉組,磨石滑梯,組合遊具,特色溜滑梯,攀爬組,旋轉棒,叢林攀爬組,4人旋轉器,搖搖樂,磨石滑梯,翹翹板,搖搖樂,組合遊具,組合遊具,組合遊具,爬繩,組合遊具(叢林攀爬組),獨木橋,組合遊具,遊戲板,組合遊具,攀爬組,盪鞦韆,搖搖樂,組合遊具,組合遊具,旋轉盤,鞦韆,攀爬組,旋轉盤,搖搖樂,組合遊具,特色溜滑梯,攀爬組,跳樁,鞦韆,搖搖馬,組合遊具,蹺蹺板,組合遊具,搖搖樂,組合遊具,組合遊具2,翹翹板及搖搖馬,組合遊具,天空樹溜滑梯,戲沙坑,搖搖樂,旋轉拉環,組合遊具, X型翹翹板,鞦韆,攀爬組,搖搖樂,組合遊具(村莊高塔),鞦韆,攀爬遊戲組,彈跳床,投籃機,擺盪船索,攀爬組,旋轉台,組合遊具,組合遊具,旋轉陀螺,旋轉台,組合遊具,攀爬組,搖搖樂,翹翹板,磨石滑梯,搖搖樂,跳樁,搖搖樂,攀爬組,組合遊具(滑梯小屋),旋轉盤,組合遊具,鳥巢盪鞦韆及一般坐式盪鞦韆,蝴蝶翹翹板,特色旋轉盤,金字塔滑梯組,機車搖搖樂,遊戲板,造型攀爬牆,攀爬網,組合遊具(環繞競技場遊具組),鞦韆,體能訓練平衡組,礫石坑,獨木樁,蜻蜓點水,木橋,平衡木,平衡木,跳樁,遊戲板,隧道,組合遊具(叢林攀爬組),搖晃板,組合遊具,遊戲板,隧道,組合遊具(遊戲城堡),旋轉座椅,競技攀爬遊具組,龍舟特色遊具組,滑梯,擊鼓,搖搖樂,組合遊具,翹翹板,組合遊具,翹翹板,木作組合遊具,搖搖樂,城堡遊戲組,大轉轉杯,搖搖樂,磨石滑梯,攀爬組,鞦韆,搖搖樂,組合遊具,組合遊具,搖滾盤,旋轉球椅,愛的搖籃,組合遊具,搖搖樂,旋轉杯,翹翹板,組合遊具,搖搖樂,組合遊具,搖搖樂,組合遊具,搖搖樂,組合遊具,攀爬組,搖搖樂,組合遊具,搖搖樂,組合遊具,組合遊具,彩虹琴,旋轉音樂盒,遊戲礫石坑,彈跳節拍,搖搖樂,組合遊具,翹翹板,組合遊具,組合遊具,搖搖樂,組合遊具,組合遊具,搖搖樂,組合遊具,攀爬組合滑梯,搖搖樂,組合遊具,組合遊具,翹翹板,組合遊具,搖搖樂,組合遊具,翹翹板,組合遊具,搖搖樂,翹翹板,旋轉杯,旋轉棒,搖搖樂,磨石滑梯,組合遊具,搖搖樂,攀爬組,旋轉台,磨石滑梯,組合遊具,跳樁,組合遊具,組合遊具,組合遊具,音樂球、叮噹管、歡樂鼓,無障礙旋轉盤,無障礙鞦韆,遊戲牆,滾輪滑梯,鳥巢鞦韆,旋轉杯,旋轉棒,鞦韆,小木屋,山丘滑梯,戲沙坑,搖搖樂,攀爬組,5人轉轉盤,彈跳床,戲沙坑,組合遊具,旋轉台,旋轉杯,旋轉棒, 磨石滑梯,翹翹板,遊戲板,鞦韆,組合遊具,攀爬組,磨石滑梯,磨石滑梯,組合遊具,火車特色滑梯,鞦韆,樹蛙籃球框,組合遊具,組合遊具,組合遊具,翹翹板,組合遊具,組合遊具,組合遊具,組合遊具,組合遊具,沙坑遊戲板,環型天梯無障礙上肢設施,旋轉杯,戲沙坑,攀爬組,磨石滑梯,跳樁,遊戲板,組合遊具,磨石滑梯,組合遊具,搖搖樂,組合遊具,組合遊具,組合遊具,磨石滑梯,翹翹板,搖搖樂,組合遊具,搖搖樂,組合遊具,組合遊具,搖搖樂,組合遊具-1,攀爬組,鞦韆,大港墘公園-沙坑,大港墘公園-磨石滑梯,大港墘公園-魔力飛盤鞦韆,大港墘公園-管型山丘,攀爬組,翹翹板,遊戲體能組,搖搖樂,組合遊具,搖搖樂,組合遊具,搖搖樂,組合遊具,搖搖樂,組合遊具,組合遊具,磨石滑梯,組合遊具,搖搖樂,組合遊具,搖搖樂,組合遊具,翹翹板,搖搖樂,搖搖樂,組合遊具,搖搖樂,組合遊具,搖搖樂,組合遊具,彈跳床,戲沙坑,攀爬組,磨石滑梯,組合遊具,鞦韆,搖搖樂,組合遊具,磨石滑梯,搖搖樂,磨石滑梯,鞦韆,組合遊具,鞦韆,戲沙坑,擺盪船索,組合遊具,搖搖樂,組合遊具,組合遊具,組合遊具,組合遊具,搖搖樂,組合遊具,戲沙坑,旋轉台,組合遊具,鞦韆,組合遊具,組合遊具,磨石滑梯,鞦韆,搖搖樂,組合遊具,攀爬架,搖搖樂,組合遊具,搖搖樂,搖搖樂,組合遊具,組合遊具,磨石滑梯,翹翹板,攀爬架,戲沙坑,船型遊具組,鞦韆,組合遊具,天旋地轉,組合遊具,組合遊具,搖搖樂,大轉轉杯,組合遊具,平衡木,搖搖樂,磨石滑梯,翹翹板,鞦韆,溜滑梯組合遊具,搖搖樂,翹翹板,木製攀爬架,搖搖樂,磨石滑梯,組合遊具,翹翹板,鞦韆,組合遊具,搖搖樂,組合遊具,組合遊具,組合遊具,擺盪螺旋跳跳樂,搖搖樂,攀爬組,磨石滑梯,鞦韆,組合遊具,鞦韆,組合遊具,搖搖樂,組合遊具,鞦韆,旋轉台,滾輪滑梯,組合遊具,翹翹板,遊戲板,搖搖樂,組合遊具,攀爬組,旋轉棒,磨石滑梯,搖搖樂,鞦韆,MONKEY BAR,宇宙穿梭機,時空訊息牆,景化小飛碟,黃金光束坡,搖搖樂,組合遊具,拉鍊響板,搖擺沙鈴,獅吼鼻頭,獅背攀爬網,獅眼滾珠迷宮,鈕扣獅,組合遊具,組合遊具,搖搖樂,組合遊具,搖搖樂,組合遊具,搖搖樂,組合遊具,鞦韆,翹翹板,組合遊具,搖搖樂,搖搖樂,組合遊具,組合遊具,戲沙坑,組合遊具,滑索(軌),鞦韆,搖搖馬,組合遊具,組合遊具,組合遊具,攀爬組,組合遊具,組合遊具,組合遊具,組合遊具,翹翹板,組合遊具, 磨石滑梯,組合遊具,攀爬組,磨石滑梯,搖搖樂,組合遊具,組合遊具,搖搖樂,戲沙坑,攀爬組,組合遊具,攀爬組,磨石滑梯,鞦韆,組合遊具,組合遊具,搖搖樂,磨石滑梯,組合遊具,搖搖樂,鞦韆,旋轉杯,組合遊具,翹翹板,組合遊具,搖搖樂,組合遊具,組合遊具,藤蔓綠森林組合遊具組,曲型單槓,搖搖樂,共融式旋轉碗碟,組合遊具,翹翹板,鞦韆,鞦韆,搖搖樂,組合遊具,組合遊具,探索年輪之環,板根網架,老松樹塔,組合遊具,組合遊具,鞦韆,原木擺盪攀爬遊具,旋轉擺盪座椅,擺盪船索,組合遊具,組合遊具,鞦韆,攀爬組,遊戲小屋,組合遊具,搖搖樂,翹翹板,組合遊具,旋轉木馬,搖搖樂,組合遊具,翹翹板,搖滾盤,攀爬組,組合遊具,組合遊具,組合遊具,無障礙旋轉盤\t,共融式恐龍造型遊具組,造型恐龍蛋休憩椅\t,磨石滑梯,鞦韆,磨石子溜滑梯,戲沙坑,組合遊具,翹翹板,跳樁,大坡面磨石溜滑梯,沙坑,鳥巢鞦韆,滑索(軌),組合遊具,鞦韆,組合遊具,組合遊具,磨石子滑梯,樹屋攀爬網,組合遊具,組合遊具,多元攀爬遊具,側向爬網,平衡獨木橋,磨石子滑梯,原木攀爬遊具,大轉轉椅,組合遊具,共融式綜合鞦韆組,曲型單槓,磨石滑梯,遊戲板,攀爬組,磨石滑梯,鞦韆,組合遊具,戲沙坑,攀爬組,鳥巢鞦韆,大海怪遊戲組,地面遊戲組,攀爬組,組合遊具,鞦韆,戲沙坑,恐龍磨石子滑梯,旋轉台,磨石滑梯,組合遊具,組合遊具,磨石滑梯,組合遊具,搖搖樂,組合遊具,搖搖樂,組合遊具,翹翹板,搖搖樂,吊床,組合遊具,組合遊具,搖搖樂,磨石滑梯,攀爬遊具,搖搖樂,搖搖樂,組合遊具,搖搖樂,組合遊具,翹翹板,組合遊具,搖搖樂,組合遊具,搖搖樂,組合遊具,組合遊具,鞦韆,組合遊具,組合遊具,5人轉轉椅,組合遊具,搖搖樂,磨石滑梯,攀爬網,幸運餅乾滑梯及吊床,鳥巢鞦韆,旋轉設施,組合遊具,搖搖樂,翹翹板,組合遊具,組合遊具,組合遊具,組合遊具,鞦韆,攀爬組,磨石滑梯,攀爬組,組合遊具,鞦韆,磨石滑梯,蹺蹺板,攀爬設施,搖搖樂,磨石滑梯,磨石滑梯,蹺蹺板,搖搖樂,組合遊具,搖搖樂,組合遊具,翹翹板,搖搖樂,組合遊具,鞦韆,組合遊具,鞦韆,組合遊具,組合遊具,翹翹板,鳥巢鞦韆,鞦韆,磨石子滑梯,搖搖樂,組合遊具,組合遊具,翹翹板,組合遊具,搖搖樂,搖搖樂,磨石滑梯,翹翹板,組合遊具", "ObjectId": 621}}, {"type": "Feature", "id": 622, "geometry": {"type": "Point", "coordinates": [121.5424881, 25.029239655]}, "properties": {"SeqNo": 982, "pm_name": "龍陣二號公園 B", "pm_overview": "龍陣二號公園(Longzhen  Park No.2)面積2,056平方公尺，園內花木扶疏，滿園綠意，環境幽雅，並設有石椅、木椅及遊樂設施。", "pm_unit": "大安區公所", "pm_const_year": "1985", "pm_location": "瑞安街61號", "pm_LandPublicArea": 2056, "pm_opening_s": "00:00:00", "pm_opening_e": "24:00", "pm_libie": "龍陣里", "pm_phone": "02-23511711#9302", "pm_sports": null, "pm_recreation": null, "pm_service": null, "pm_other": null, "pm_transit": "捷運路線:搭文湖線至科技大樓捷運站，公車路線搭278、685、復興幹線至開平餐飲學校", "pm_name_eng": "Longzhen  Park No.2", "pm_ecology": null, "pm_type": "公園", "pm_playtype": null, "pm_playarea": null, "pm_description": null, "pm_playeq": "彈跳床,搖滾盤,攀爬組,磨石滑梯,搖搖樂,翹翹板,搖搖樂,組合遊具,搖搖樂,組合遊具,鞦韆,攀爬組,磨石滑梯,翹翹板,組合遊具,翹翹板,木樁區,盪鞦韆,平衡木,彈跳床,搖搖樂,組合遊具,翹翹板,旋轉台,戲沙坑遊戲桌,搖搖樂,攀爬組,旋轉飛輪,組合遊具,翹翹板,磨石滑梯,攀爬組,磨石子滑梯,翹翹板,彈跳床,鳥巢鞦韆,戲沙坑,攀爬組,組合遊具,攀爬組,站立式搖動設備,組合遊具,翹翹板,小石搬運,搖搖馬,組合遊具,數字造型跳樁及水管隧道,搖滾盤,X型翹翹板,組合遊具,搖搖樂,組合遊具,旋轉桶椅,大旋轉組,組合遊具,搖搖樂,磨石滑梯,鳥巢鞦韆,旋轉桶椅,組合遊具,組合遊具,組合遊具,搖搖馬,組合遊具,翹翹板,搖搖樂,組合遊具,組合遊具,磨石滑梯,鞦韆及鳥巢鞦韆,彈跳床,攀爬組,木隧道,組合遊具,仿古代程沈船遊具,攀爬繩網組,攀爬組,鳥巢鞦韆,輪胎鞦韆,尿布鞦韆,沙坑,磨石子滑梯,旋轉台,彈跳床,雙滑軌溜索,搖搖馬,翹翹板,組合遊具,搖搖馬,組合遊具,攀爬組,組合遊具,組合遊具,攀爬組,搖搖馬,磨石子滑梯,旋轉杯,組合遊具,組合遊具,組合遊具,大轉轉杯,搖搖樂,組合遊具,翹翹板,滑梯,彈跳床,戲沙坑,擺盪船索,攀爬組,旋轉組,磨石滑梯,組合遊具,特色溜滑梯,攀爬組,旋轉棒,叢林攀爬組,4人旋轉器,搖搖樂,磨石滑梯,翹翹板,搖搖樂,組合遊具,組合遊具,組合遊具,爬繩,組合遊具(叢林攀爬組),獨木橋,組合遊具,遊戲板,組合遊具,攀爬組,盪鞦韆,搖搖樂,組合遊具,組合遊具,旋轉盤,鞦韆,攀爬組,旋轉盤,搖搖樂,組合遊具,特色溜滑梯,攀爬組,跳樁,鞦韆,搖搖馬,組合遊具,蹺蹺板,組合遊具,搖搖樂,組合遊具,組合遊具2,翹翹板及搖搖馬,組合遊具,天空樹溜滑梯,戲沙坑,搖搖樂,旋轉拉環,組合遊具, X型翹翹板,鞦韆,攀爬組,搖搖樂,組合遊具(村莊高塔),鞦韆,攀爬遊戲組,彈跳床,投籃機,擺盪船索,攀爬組,旋轉台,組合遊具,組合遊具,旋轉陀螺,旋轉台,組合遊具,攀爬組,搖搖樂,翹翹板,磨石滑梯,搖搖樂,跳樁,搖搖樂,攀爬組,組合遊具(滑梯小屋),旋轉盤,組合遊具,鳥巢盪鞦韆及一般坐式盪鞦韆,蝴蝶翹翹板,特色旋轉盤,金字塔滑梯組,機車搖搖樂,遊戲板,造型攀爬牆,攀爬網,組合遊具(環繞競技場遊具組),鞦韆,體能訓練平衡組,礫石坑,獨木樁,蜻蜓點水,木橋,平衡木,平衡木,跳樁,遊戲板,隧道,組合遊具(叢林攀爬組),搖晃板,組合遊具,遊戲板,隧道,組合遊具(遊戲城堡),旋轉座椅,競技攀爬遊具組,龍舟特色遊具組,滑梯,擊鼓,搖搖樂,組合遊具,翹翹板,組合遊具,翹翹板,木作組合遊具,搖搖樂,城堡遊戲組,大轉轉杯,搖搖樂,磨石滑梯,攀爬組,鞦韆,搖搖樂,組合遊具,組合遊具,搖滾盤,旋轉球椅,愛的搖籃,組合遊具,搖搖樂,旋轉杯,翹翹板,組合遊具,搖搖樂,組合遊具,搖搖樂,組合遊具,搖搖樂,組合遊具,攀爬組,搖搖樂,組合遊具,搖搖樂,組合遊具,組合遊具,彩虹琴,旋轉音樂盒,遊戲礫石坑,彈跳節拍,搖搖樂,組合遊具,翹翹板,組合遊具,組合遊具,搖搖樂,組合遊具,組合遊具,搖搖樂,組合遊具,攀爬組合滑梯,搖搖樂,組合遊具,組合遊具,翹翹板,組合遊具,搖搖樂,組合遊具,翹翹板,組合遊具,搖搖樂,翹翹板,旋轉杯,旋轉棒,搖搖樂,磨石滑梯,組合遊具,搖搖樂,攀爬組,旋轉台,磨石滑梯,組合遊具,跳樁,組合遊具,組合遊具,組合遊具,音樂球、叮噹管、歡樂鼓,無障礙旋轉盤,無障礙鞦韆,遊戲牆,滾輪滑梯,鳥巢鞦韆,旋轉杯,旋轉棒,鞦韆,小木屋,山丘滑梯,戲沙坑,搖搖樂,攀爬組,5人轉轉盤,彈跳床,戲沙坑,組合遊具,旋轉台,旋轉杯,旋轉棒, 磨石滑梯,翹翹板,遊戲板,鞦韆,組合遊具,攀爬組,磨石滑梯,磨石滑梯,組合遊具,火車特色滑梯,鞦韆,樹蛙籃球框,組合遊具,組合遊具,組合遊具,翹翹板,組合遊具,組合遊具,組合遊具,組合遊具,組合遊具,沙坑遊戲板,環型天梯無障礙上肢設施,旋轉杯,戲沙坑,攀爬組,磨石滑梯,跳樁,遊戲板,組合遊具,磨石滑梯,組合遊具,搖搖樂,組合遊具,組合遊具,組合遊具,磨石滑梯,翹翹板,搖搖樂,組合遊具,搖搖樂,組合遊具,組合遊具,搖搖樂,組合遊具-1,攀爬組,鞦韆,大港墘公園-沙坑,大港墘公園-磨石滑梯,大港墘公園-魔力飛盤鞦韆,大港墘公園-管型山丘,攀爬組,翹翹板,遊戲體能組,搖搖樂,組合遊具,搖搖樂,組合遊具,搖搖樂,組合遊具,搖搖樂,組合遊具,組合遊具,磨石滑梯,組合遊具,搖搖樂,組合遊具,搖搖樂,組合遊具,翹翹板,搖搖樂,搖搖樂,組合遊具,搖搖樂,組合遊具,搖搖樂,組合遊具,彈跳床,戲沙坑,攀爬組,磨石滑梯,組合遊具,鞦韆,搖搖樂,組合遊具,磨石滑梯,搖搖樂,磨石滑梯,鞦韆,組合遊具,鞦韆,戲沙坑,擺盪船索,組合遊具,搖搖樂,組合遊具,組合遊具,組合遊具,組合遊具,搖搖樂,組合遊具,戲沙坑,旋轉台,組合遊具,鞦韆,組合遊具,組合遊具,磨石滑梯,鞦韆,搖搖樂,組合遊具,攀爬架,搖搖樂,組合遊具,搖搖樂,搖搖樂,組合遊具,組合遊具,磨石滑梯,翹翹板,攀爬架,戲沙坑,船型遊具組,鞦韆,組合遊具,天旋地轉,組合遊具,組合遊具,搖搖樂,大轉轉杯,組合遊具,平衡木,搖搖樂,磨石滑梯,翹翹板,鞦韆,溜滑梯組合遊具,搖搖樂,翹翹板,木製攀爬架,搖搖樂,磨石滑梯,組合遊具,翹翹板,鞦韆,組合遊具,搖搖樂,組合遊具,組合遊具,組合遊具,擺盪螺旋跳跳樂,搖搖樂,攀爬組,磨石滑梯,鞦韆,組合遊具,鞦韆,組合遊具,搖搖樂,組合遊具,鞦韆,旋轉台,滾輪滑梯,組合遊具,翹翹板,遊戲板,搖搖樂,組合遊具,攀爬組,旋轉棒,磨石滑梯,搖搖樂,鞦韆,MONKEY BAR,宇宙穿梭機,時空訊息牆,景化小飛碟,黃金光束坡,搖搖樂,組合遊具,拉鍊響板,搖擺沙鈴,獅吼鼻頭,獅背攀爬網,獅眼滾珠迷宮,鈕扣獅,組合遊具,組合遊具,搖搖樂,組合遊具,搖搖樂,組合遊具,搖搖樂,組合遊具,鞦韆,翹翹板,組合遊具,搖搖樂,搖搖樂,組合遊具,組合遊具,戲沙坑,組合遊具,滑索(軌),鞦韆,搖搖馬,組合遊具,組合遊具,組合遊具,攀爬組,組合遊具,組合遊具,組合遊具,組合遊具,翹翹板,組合遊具, 磨石滑梯,組合遊具,攀爬組,磨石滑梯,搖搖樂,組合遊具,組合遊具,搖搖樂,戲沙坑,攀爬組,組合遊具,攀爬組,磨石滑梯,鞦韆,組合遊具,組合遊具,搖搖樂,磨石滑梯,組合遊具,搖搖樂,鞦韆,旋轉杯,組合遊具,翹翹板,組合遊具,搖搖樂,組合遊具,組合遊具,藤蔓綠森林組合遊具組,曲型單槓,搖搖樂,共融式旋轉碗碟,組合遊具,翹翹板,鞦韆,鞦韆,搖搖樂,組合遊具,組合遊具,探索年輪之環,板根網架,老松樹塔,組合遊具,組合遊具,鞦韆,原木擺盪攀爬遊具,旋轉擺盪座椅,擺盪船索,組合遊具,組合遊具,鞦韆,攀爬組,遊戲小屋,組合遊具,搖搖樂,翹翹板,組合遊具,旋轉木馬,搖搖樂,組合遊具,翹翹板,搖滾盤,攀爬組,組合遊具,組合遊具,組合遊具,無障礙旋轉盤\t,共融式恐龍造型遊具組,造型恐龍蛋休憩椅\t,磨石滑梯,鞦韆,磨石子溜滑梯,戲沙坑,組合遊具,翹翹板,跳樁,大坡面磨石溜滑梯,沙坑,鳥巢鞦韆,滑索(軌),組合遊具,鞦韆,組合遊具,組合遊具,磨石子滑梯,樹屋攀爬網,組合遊具,組合遊具,多元攀爬遊具,側向爬網,平衡獨木橋,磨石子滑梯,原木攀爬遊具,大轉轉椅,組合遊具,共融式綜合鞦韆組,曲型單槓,磨石滑梯,遊戲板,攀爬組,磨石滑梯,鞦韆,組合遊具,戲沙坑,攀爬組,鳥巢鞦韆,大海怪遊戲組,地面遊戲組,攀爬組,組合遊具,鞦韆,戲沙坑,恐龍磨石子滑梯,旋轉台,磨石滑梯,組合遊具,組合遊具,磨石滑梯,組合遊具,搖搖樂,組合遊具,搖搖樂,組合遊具,翹翹板,搖搖樂,吊床,組合遊具,組合遊具,搖搖樂,磨石滑梯,攀爬遊具,搖搖樂,搖搖樂,組合遊具,搖搖樂,組合遊具,翹翹板,組合遊具,搖搖樂,組合遊具,搖搖樂,組合遊具,組合遊具,鞦韆,組合遊具,組合遊具,5人轉轉椅,組合遊具,搖搖樂,磨石滑梯,攀爬網,幸運餅乾滑梯及吊床,鳥巢鞦韆,旋轉設施,組合遊具,搖搖樂,翹翹板,組合遊具,組合遊具,組合遊具,組合遊具,鞦韆,攀爬組,磨石滑梯,攀爬組,組合遊具,鞦韆,磨石滑梯,蹺蹺板,攀爬設施,搖搖樂,磨石滑梯,磨石滑梯,蹺蹺板,搖搖樂,組合遊具,搖搖樂,組合遊具,翹翹板,搖搖樂,組合遊具,鞦韆,組合遊具,鞦韆,組合遊具,組合遊具,翹翹板,鳥巢鞦韆,鞦韆,磨石子滑梯,搖搖樂,組合遊具,組合遊具,翹翹板,組合遊具,搖搖樂,搖搖樂,磨石滑梯,翹翹板,組合遊具,磨石子溜滑梯,搖搖馬,蹺蹺板", "ObjectId": 622}}, {"type": "Feature", "id": 623, "geometry": {"type": "Point", "coordinates": [121.54160309, 25.030490875]}, "properties": {"SeqNo": 237, "pm_name": "龍圖公園", "pm_overview": "龍圖公園(Longtu Park)命名緣起北宋包拯因曾任龍圖閣學士，人稱「包龍圖」，並以清廉公正、不攀附權貴人稱「包青天」傳頌於世，故公園以此主題設計。", "pm_unit": "大安區公所", "pm_const_year": "1982", "pm_location": "復興南路2段78巷42弄", "pm_LandPublicArea": 1234, "pm_opening_s": "00:00:00", "pm_opening_e": "24:00", "pm_libie": "龍圖里", "pm_phone": "02-23511711#9302", "pm_sports": "三人扭腰器、雙人漫步機、單槓、肩關節康復器", "pm_recreation": "翹翹板、搖搖樂、組合遊具", "pm_service": null, "pm_other": null, "pm_transit": "捷運路線:搭文湖線或淡水信義線至大安捷運站5號出口，公車路線搭278、685、復興幹線至開平餐飲學校", "pm_name_eng": "Longtu Park", "pm_ecology": null, "pm_type": "公園", "pm_playtype": "一般", "pm_playarea": 155, "pm_description": null, "pm_playeq": "彈跳床,搖滾盤,攀爬組,磨石滑梯,搖搖樂,翹翹板,搖搖樂,組合遊具,搖搖樂,組合遊具,鞦韆,攀爬組,磨石滑梯,翹翹板,組合遊具,翹翹板,木樁區,盪鞦韆,平衡木,彈跳床,搖搖樂,組合遊具,翹翹板,旋轉台,戲沙坑遊戲桌,搖搖樂,攀爬組,旋轉飛輪,組合遊具,翹翹板,磨石滑梯,攀爬組,磨石子滑梯,翹翹板,彈跳床,鳥巢鞦韆,戲沙坑,攀爬組,組合遊具,攀爬組,站立式搖動設備,組合遊具,翹翹板,小石搬運,搖搖馬,組合遊具,數字造型跳樁及水管隧道,搖滾盤,X型翹翹板,組合遊具,搖搖樂,組合遊具,旋轉桶椅,大旋轉組,組合遊具,搖搖樂,磨石滑梯,鳥巢鞦韆,旋轉桶椅,組合遊具,組合遊具,組合遊具,搖搖馬,組合遊具,翹翹板,搖搖樂,組合遊具,組合遊具,磨石滑梯,鞦韆及鳥巢鞦韆,彈跳床,攀爬組,木隧道,組合遊具,仿古代程沈船遊具,攀爬繩網組,攀爬組,鳥巢鞦韆,輪胎鞦韆,尿布鞦韆,沙坑,磨石子滑梯,旋轉台,彈跳床,雙滑軌溜索,搖搖馬,翹翹板,組合遊具,搖搖馬,組合遊具,攀爬組,組合遊具,組合遊具,攀爬組,搖搖馬,磨石子滑梯,旋轉杯,組合遊具,組合遊具,組合遊具,大轉轉杯,搖搖樂,組合遊具,翹翹板,滑梯,彈跳床,戲沙坑,擺盪船索,攀爬組,旋轉組,磨石滑梯,組合遊具,特色溜滑梯,攀爬組,旋轉棒,叢林攀爬組,4人旋轉器,搖搖樂,磨石滑梯,翹翹板,搖搖樂,組合遊具,組合遊具,組合遊具,爬繩,組合遊具(叢林攀爬組),獨木橋,組合遊具,遊戲板,組合遊具,攀爬組,盪鞦韆,搖搖樂,組合遊具,組合遊具,旋轉盤,鞦韆,攀爬組,旋轉盤,搖搖樂,組合遊具,特色溜滑梯,攀爬組,跳樁,鞦韆,搖搖馬,組合遊具,蹺蹺板,組合遊具,搖搖樂,組合遊具,組合遊具2,翹翹板及搖搖馬,組合遊具,天空樹溜滑梯,戲沙坑,搖搖樂,旋轉拉環,組合遊具, X型翹翹板,鞦韆,攀爬組,搖搖樂,組合遊具(村莊高塔),鞦韆,攀爬遊戲組,彈跳床,投籃機,擺盪船索,攀爬組,旋轉台,組合遊具,組合遊具,旋轉陀螺,旋轉台,組合遊具,攀爬組,搖搖樂,翹翹板,磨石滑梯,搖搖樂,跳樁,搖搖樂,攀爬組,組合遊具(滑梯小屋),旋轉盤,組合遊具,鳥巢盪鞦韆及一般坐式盪鞦韆,蝴蝶翹翹板,特色旋轉盤,金字塔滑梯組,機車搖搖樂,遊戲板,造型攀爬牆,攀爬網,組合遊具(環繞競技場遊具組),鞦韆,體能訓練平衡組,礫石坑,獨木樁,蜻蜓點水,木橋,平衡木,平衡木,跳樁,遊戲板,隧道,組合遊具(叢林攀爬組),搖晃板,組合遊具,遊戲板,隧道,組合遊具(遊戲城堡),旋轉座椅,競技攀爬遊具組,龍舟特色遊具組,滑梯,擊鼓,搖搖樂,組合遊具,翹翹板,組合遊具,翹翹板,木作組合遊具,搖搖樂,城堡遊戲組,大轉轉杯,搖搖樂,磨石滑梯,攀爬組,鞦韆,搖搖樂,組合遊具,組合遊具,搖滾盤,旋轉球椅,愛的搖籃,組合遊具,搖搖樂,旋轉杯,翹翹板,組合遊具,搖搖樂,組合遊具,搖搖樂,組合遊具,搖搖樂,組合遊具,攀爬組,搖搖樂,組合遊具,搖搖樂,組合遊具,組合遊具,彩虹琴,旋轉音樂盒,遊戲礫石坑,彈跳節拍,搖搖樂,組合遊具,翹翹板,組合遊具,組合遊具,搖搖樂,組合遊具,組合遊具,搖搖樂,組合遊具,攀爬組合滑梯,搖搖樂,組合遊具,組合遊具,翹翹板,組合遊具,搖搖樂,組合遊具,翹翹板,組合遊具,搖搖樂,翹翹板,旋轉杯,旋轉棒,搖搖樂,磨石滑梯,組合遊具,搖搖樂,攀爬組,旋轉台,磨石滑梯,組合遊具,跳樁,組合遊具,組合遊具,組合遊具,音樂球、叮噹管、歡樂鼓,無障礙旋轉盤,無障礙鞦韆,遊戲牆,滾輪滑梯,鳥巢鞦韆,旋轉杯,旋轉棒,鞦韆,小木屋,山丘滑梯,戲沙坑,搖搖樂,攀爬組,5人轉轉盤,彈跳床,戲沙坑,組合遊具,旋轉台,旋轉杯,旋轉棒, 磨石滑梯,翹翹板,遊戲板,鞦韆,組合遊具,攀爬組,磨石滑梯,磨石滑梯,組合遊具,火車特色滑梯,鞦韆,樹蛙籃球框,組合遊具,組合遊具,組合遊具,翹翹板,組合遊具,組合遊具,組合遊具,組合遊具,組合遊具,沙坑遊戲板,環型天梯無障礙上肢設施,旋轉杯,戲沙坑,攀爬組,磨石滑梯,跳樁,遊戲板,組合遊具,磨石滑梯,組合遊具,搖搖樂,組合遊具,組合遊具,組合遊具,磨石滑梯,翹翹板,搖搖樂,組合遊具,搖搖樂,組合遊具,組合遊具,搖搖樂,組合遊具-1,攀爬組,鞦韆,大港墘公園-沙坑,大港墘公園-磨石滑梯,大港墘公園-魔力飛盤鞦韆,大港墘公園-管型山丘,攀爬組,翹翹板,遊戲體能組,搖搖樂,組合遊具,搖搖樂,組合遊具,搖搖樂,組合遊具,搖搖樂,組合遊具,組合遊具,磨石滑梯,組合遊具,搖搖樂,組合遊具,搖搖樂,組合遊具,翹翹板,搖搖樂,搖搖樂,組合遊具,搖搖樂,組合遊具,搖搖樂,組合遊具,彈跳床,戲沙坑,攀爬組,磨石滑梯,組合遊具,鞦韆,搖搖樂,組合遊具,磨石滑梯,搖搖樂,磨石滑梯,鞦韆,組合遊具,鞦韆,戲沙坑,擺盪船索,組合遊具,搖搖樂,組合遊具,組合遊具,組合遊具,組合遊具,搖搖樂,組合遊具,戲沙坑,旋轉台,組合遊具,鞦韆,組合遊具,組合遊具,磨石滑梯,鞦韆,搖搖樂,組合遊具,攀爬架,搖搖樂,組合遊具,搖搖樂,搖搖樂,組合遊具,組合遊具,磨石滑梯,翹翹板,攀爬架,戲沙坑,船型遊具組,鞦韆,組合遊具,天旋地轉,組合遊具,組合遊具,搖搖樂,大轉轉杯,組合遊具,平衡木,搖搖樂,磨石滑梯,翹翹板,鞦韆,溜滑梯組合遊具,搖搖樂,翹翹板,木製攀爬架,搖搖樂,磨石滑梯,組合遊具,翹翹板,鞦韆,組合遊具,搖搖樂,組合遊具,組合遊具,組合遊具,擺盪螺旋跳跳樂,搖搖樂,攀爬組,磨石滑梯,鞦韆,組合遊具,鞦韆,組合遊具,搖搖樂,組合遊具,鞦韆,旋轉台,滾輪滑梯,組合遊具,翹翹板,遊戲板,搖搖樂,組合遊具,攀爬組,旋轉棒,磨石滑梯,搖搖樂,鞦韆,MONKEY BAR,宇宙穿梭機,時空訊息牆,景化小飛碟,黃金光束坡,搖搖樂,組合遊具,拉鍊響板,搖擺沙鈴,獅吼鼻頭,獅背攀爬網,獅眼滾珠迷宮,鈕扣獅,組合遊具,組合遊具,搖搖樂,組合遊具,搖搖樂,組合遊具,搖搖樂,組合遊具,鞦韆,翹翹板,組合遊具,搖搖樂,搖搖樂,組合遊具,組合遊具,戲沙坑,組合遊具,滑索(軌),鞦韆,搖搖馬,組合遊具,組合遊具,組合遊具,攀爬組,組合遊具,組合遊具,組合遊具,組合遊具,翹翹板,組合遊具, 磨石滑梯,組合遊具,攀爬組,磨石滑梯,搖搖樂,組合遊具,組合遊具,搖搖樂,戲沙坑,攀爬組,組合遊具,攀爬組,磨石滑梯,鞦韆,組合遊具,組合遊具,搖搖樂,磨石滑梯,組合遊具,搖搖樂,鞦韆,旋轉杯,組合遊具,翹翹板,組合遊具,搖搖樂,組合遊具,組合遊具,藤蔓綠森林組合遊具組,曲型單槓,搖搖樂,共融式旋轉碗碟,組合遊具,翹翹板,鞦韆,鞦韆,搖搖樂,組合遊具,組合遊具,探索年輪之環,板根網架,老松樹塔,組合遊具,組合遊具,鞦韆,原木擺盪攀爬遊具,旋轉擺盪座椅,擺盪船索,組合遊具,組合遊具,鞦韆,攀爬組,遊戲小屋,組合遊具,搖搖樂,翹翹板,組合遊具,旋轉木馬,搖搖樂,組合遊具,翹翹板,搖滾盤,攀爬組,組合遊具,組合遊具,組合遊具,無障礙旋轉盤\t,共融式恐龍造型遊具組,造型恐龍蛋休憩椅\t,磨石滑梯,鞦韆,磨石子溜滑梯,戲沙坑,組合遊具,翹翹板,跳樁,大坡面磨石溜滑梯,沙坑,鳥巢鞦韆,滑索(軌),組合遊具,鞦韆,組合遊具,組合遊具,磨石子滑梯,樹屋攀爬網,組合遊具,組合遊具,多元攀爬遊具,側向爬網,平衡獨木橋,磨石子滑梯,原木攀爬遊具,大轉轉椅,組合遊具,共融式綜合鞦韆組,曲型單槓,磨石滑梯,遊戲板,攀爬組,磨石滑梯,鞦韆,組合遊具,戲沙坑,攀爬組,鳥巢鞦韆,大海怪遊戲組,地面遊戲組,攀爬組,組合遊具,鞦韆,戲沙坑,恐龍磨石子滑梯,旋轉台,磨石滑梯,組合遊具,組合遊具,磨石滑梯,組合遊具,搖搖樂,組合遊具,搖搖樂,組合遊具,翹翹板,搖搖樂,吊床,組合遊具,組合遊具,搖搖樂,磨石滑梯,攀爬遊具,搖搖樂,搖搖樂,組合遊具,搖搖樂,組合遊具,翹翹板,組合遊具,搖搖樂,組合遊具,搖搖樂,組合遊具,組合遊具,鞦韆,組合遊具,組合遊具,5人轉轉椅,組合遊具,搖搖樂,磨石滑梯,攀爬網,幸運餅乾滑梯及吊床,鳥巢鞦韆,旋轉設施,組合遊具,搖搖樂,翹翹板,組合遊具,組合遊具,組合遊具,組合遊具,鞦韆,攀爬組,磨石滑梯,攀爬組,組合遊具,鞦韆,磨石滑梯,蹺蹺板,攀爬設施,搖搖樂,磨石滑梯,磨石滑梯,蹺蹺板,搖搖樂,組合遊具,搖搖樂,組合遊具,翹翹板,搖搖樂,組合遊具,鞦韆,組合遊具,鞦韆,組合遊具,組合遊具,翹翹板,鳥巢鞦韆,鞦韆,磨石子滑梯,搖搖樂,組合遊具,組合遊具,翹翹板,組合遊具,搖搖樂,搖搖樂,磨石滑梯,翹翹板,組合遊具,磨石子溜滑梯,搖搖馬,蹺蹺板,組合遊具,鞦韆", "ObjectId": 623}}, {"type": "Feature", "id": 626, "geometry": {"type": "Point", "coordinates": [121.5280876, 25.03191447]}, "properties": {"SeqNo": 964, "pm_name": "麗水公園", "pm_overview": "麗水公園屬於永康里獨一無二的休憩空間，111年重新將既有綠化植栽、基地鋪面及排水等設施重新整合配置，成為市民心中一塊「麗、水」後花園，共同記載美好的回憶。", "pm_unit": "大安區公所", "pm_const_year": "2022", "pm_location": "金華街199巷9弄", "pm_LandPublicArea": 901, "pm_opening_s": "00:00:00", "pm_opening_e": "24:00", "pm_libie": "永康里", "pm_phone": "02-23511711#9302", "pm_sports": null, "pm_recreation": null, "pm_service": null, "pm_other": null, "pm_transit": "捷運路線:搭中和新蘆線至東門站5號出口，公車路線搭0南、0東、20、22、38、88、88區、204、758、信義幹線、臺北觀光巴士紅線至信義永康街口(捷運東門站)", "pm_name_eng": "Lishui Park", "pm_ecology": null, "pm_type": "公園", "pm_playtype": null, "pm_playarea": null, "pm_description": null, "pm_playeq": null, "ObjectId": 626}}, {"type": "Feature", "id": 627, "geometry": {"type": "Point", "coordinates": [121.53368378, 25.044420242]}, "properties": {"SeqNo": 550, "pm_name": "大安125號綠地", "pm_overview": "　　位於八德路一段，綠地緊鄰台北科技大學，位於台北科技、資訊匯集的區域，留下了一塊狹長的帶狀綠地，綠地上栽植鳳凰木、火焰樹、扶桑、紫背竹芋等樹木。讓往來的學子與資訊客們有一個翠綠與悠閒的風景，看看活生生的植物，在冷冰冰與便利的科技之下，也可以看看這些經過萬年演化美麗的植物，啟發不凡的智慧。", "pm_unit": "園藝工程隊(南區分隊)", "pm_const_year": "70", "pm_location": "八德路，中央圖書館台灣分館(國立台北工專前)", "pm_LandPublicArea": 1397, "pm_opening_s": "00:00:00", "pm_opening_e": "24:00", "pm_libie": "民輝里", "pm_phone": "02-27262075", "pm_sports": null, "pm_recreation": null, "pm_service": null, "pm_other": null, "pm_transit": "【板南線】忠孝新生站，4號出口台北科技大學。‧台北科技大學站--212、212直達車、232、262、299及605。\n‧搭火車：\n    由台北火車站直接轉捷運【板南線】至忠孝新生站，4號出口台北科技大學。\n‧搭高鐵：\n    由高鐵台北站直接轉捷運【板南線】至忠孝新生站，4號出口台北科技大學。", "pm_name_eng": "Daan Green No.125", "pm_ecology": null, "pm_type": "綠地", "pm_playtype": null, "pm_playarea": null, "pm_description": null, "pm_playeq": null, "ObjectId": 627}}, {"type": "Feature", "id": 630, "geometry": {"type": "Point", "coordinates": [121.52957916, 25.029579163]}, "properties": {"SeqNo": 164, "pm_name": "錦華綠地", "pm_overview": "　　錦華綠地座落於金華街150號與永康街的交叉路口，面積約365平方公尺，附近即是充滿人文氣息的師大校園，再過去一點即是日本觀光客駐足的永康圈，南方還有瑠公圳遺址，在這個人文薈萃的環境下，錦華綠地上栽培了樟樹、玉蘭與茄冬等樹木，在夏秋之際玉蘭開花時芬芳馥郁，香味隨秋風拂來令來往之旅人與居民心曠神怡，市府更設置公佈欄，時時提供市民資訊，是一個兼具功能與遊憩的綠地。", "pm_unit": "園藝工程隊(南區分隊)", "pm_const_year": "87", "pm_location": "金華街，永康街55巷交叉口", "pm_LandPublicArea": 365, "pm_opening_s": "00:00:00", "pm_opening_e": "24:00", "pm_libie": "錦安里", "pm_phone": "02-27262075", "pm_sports": null, "pm_recreation": null, "pm_service": null, "pm_other": null, "pm_transit": "公車: 金華國中站-> 253右\n金華新生路口站-> 0南,72,109,211,254左,280中山,280承德,290,311藍,505往金華街方向步行約3分鐘", "pm_name_eng": "Jinhua Green", "pm_ecology": null, "pm_type": "綠地", "pm_playtype": null, "pm_playarea": null, "pm_description": null, "pm_playeq": null, "ObjectId": 630}}]}